CH1,CH3,CH4,Ts
-1.339765625e+2,2.799843750e+1,-9.131106250e+0,2.000000000e-9
-1.360390625e+2,2.820000000e+1,-9.130400000e+0,
-1.370156250e+2,2.800000000e+1,-9.403012500e+0,
-1.380000000e+2,2.820156250e+1,-9.312612500e+0,
-1.380156250e+2,2.838593750e+1,-9.130400000e+0,
-1.390234375e+2,2.899843750e+1,-9.312612500e+0,
-1.360234375e+2,2.878906250e+1,-9.401600000e+0,
-1.369843750e+2,2.800156250e+1,-9.401600000e+0,
-1.370078125e+2,2.920625000e+1,-9.311906250e+0,
-1.379765625e+2,2.920312500e+1,-9.493412500e+0,
-1.399921875e+2,2.960000000e+1,-9.583106250e+0,
-1.389843750e+2,2.840781250e+1,-9.491293750e+0,
-1.390078125e+2,2.840156250e+1,-9.401600000e+0,
-1.390000000e+2,2.900156250e+1,-9.492000000e+0,
-1.390078125e+2,2.920000000e+1,-9.582400000e+0,
-1.390000000e+2,2.940156250e+1,-9.492706250e+0,
-1.380000000e+2,2.940000000e+1,-9.672800000e+0,
-1.410078125e+2,2.920312500e+1,-9.583812500e+0,
-1.399921875e+2,2.900000000e+1,-9.401600000e+0,
-1.390156250e+2,2.900000000e+1,-9.489175000e+0,
-1.370000000e+2,2.999531250e+1,-9.852893750e+0,
-1.400234375e+2,2.999531250e+1,-9.761787500e+0,
-1.429921875e+2,3.000000000e+1,-9.492000000e+0,
-1.420000000e+2,3.000156250e+1,-9.852187500e+0,
-1.440156250e+2,2.998437500e+1,-9.676331250e+0,
-1.400000000e+2,3.040000000e+1,-9.763200000e+0,
-1.420000000e+2,2.999531250e+1,-9.672800000e+0,
-1.420000000e+2,2.980000000e+1,-9.679156250e+0,
-1.430078125e+2,2.979843750e+1,-1.003369375e+1,
-1.430000000e+2,2.980000000e+1,-9.672800000e+0,
-1.430000000e+2,3.019375000e+1,-9.944706250e+0,
-1.420000000e+2,3.039687500e+1,-9.763200000e+0,
-1.430000000e+2,3.019843750e+1,-9.944000000e+0,
-1.440000000e+2,3.060000000e+1,-9.761081250e+0,
-1.450078125e+2,3.019375000e+1,-9.582400000e+0,
-1.430390625e+2,3.020156250e+1,-9.580987500e+0,
-1.419765625e+2,3.079687500e+1,-9.944000000e+0,
-1.450000000e+2,3.060625000e+1,-9.942587500e+0,
-1.440234375e+2,3.040000000e+1,-1.039529375e+1,
-1.470000000e+2,3.039843750e+1,-1.021308125e+1,
-1.439609375e+2,3.079687500e+1,-9.763200000e+0,
-1.450234375e+2,3.040000000e+1,-1.021520000e+1,
-1.450156250e+2,3.100000000e+1,-9.853600000e+0,
-1.459765625e+2,3.080156250e+1,-9.762493750e+0,
-1.430000000e+2,3.060000000e+1,-9.852893750e+0,
-1.459687500e+2,3.079843750e+1,-1.003440000e+1,
-1.450000000e+2,3.080000000e+1,-1.012621250e+1,
-1.460000000e+2,3.100312500e+1,-1.021449375e+1,
-1.469765625e+2,3.099843750e+1,-9.944000000e+0,
-1.500078125e+2,3.060000000e+1,-1.012480000e+1,
-1.470468750e+2,3.118906250e+1,-1.021449375e+1,
-1.469843750e+2,3.120000000e+1,-1.030560000e+1,
-1.449765625e+2,3.080000000e+1,-1.021308125e+1,
-1.460468750e+2,3.161093750e+1,-1.003510625e+1,
-1.490000000e+2,3.179843750e+1,-1.030418750e+1,
-1.480000000e+2,3.140000000e+1,-1.039458750e+1,
-1.490000000e+2,3.180156250e+1,-1.039670625e+1,
-1.480000000e+2,3.180937500e+1,-1.057750625e+1,
-1.500000000e+2,3.160156250e+1,-1.039600000e+1,
-1.480000000e+2,3.180468750e+1,-1.057680000e+1,
-1.500000000e+2,3.219687500e+1,-1.066931875e+1,
-1.490000000e+2,3.180000000e+1,-1.039600000e+1,
-1.500000000e+2,3.220156250e+1,-1.030560000e+1,
-1.500234375e+2,3.219843750e+1,-1.057609375e+1,
-1.490078125e+2,3.240000000e+1,-1.039600000e+1,
-1.520234375e+2,3.199531250e+1,-1.039741250e+1,
-1.499296875e+2,3.200625000e+1,-1.048640000e+1,
-1.470390625e+2,3.239843750e+1,-1.039529375e+1,
-1.520468750e+2,3.220156250e+1,-1.048922500e+1,
-1.499921875e+2,3.260156250e+1,-1.057680000e+1,
-1.500000000e+2,3.240781250e+1,-1.048640000e+1,
-1.490156250e+2,3.240000000e+1,-1.066790625e+1,
-1.529921875e+2,3.239843750e+1,-1.066790625e+1,
-1.510390625e+2,3.239843750e+1,-1.075689375e+1,
-1.509921875e+2,3.259843750e+1,-1.084729375e+1,
-1.539609375e+2,3.280000000e+1,-1.048710625e+1,
-1.540234375e+2,3.260468750e+1,-1.075477500e+1,
-1.530000000e+2,3.258906250e+1,-1.075477500e+1,
-1.530000000e+2,3.319687500e+1,-1.057680000e+1,
-1.519921875e+2,3.320000000e+1,-1.084235000e+1,
-1.510000000e+2,3.320000000e+1,-1.102880000e+1,
-1.520468750e+2,3.320000000e+1,-1.066931875e+1,
-1.540000000e+2,3.320000000e+1,-1.057468125e+1,
-1.529921875e+2,3.299375000e+1,-1.084446875e+1,
-1.539843750e+2,3.340156250e+1,-1.093840000e+1,
-1.540312500e+2,3.340000000e+1,-1.075830625e+1,
-1.520000000e+2,3.359687500e+1,-1.085223750e+1,
-1.539843750e+2,3.279375000e+1,-1.111990625e+1,
-1.570000000e+2,3.320156250e+1,-1.102880000e+1,
-1.560078125e+2,3.319687500e+1,-1.093840000e+1,
-1.570078125e+2,3.398593750e+1,-1.084729375e+1,
-1.549843750e+2,3.380000000e+1,-1.093769375e+1,
-1.549843750e+2,3.380000000e+1,-1.084800000e+1,
-1.540234375e+2,3.359843750e+1,-1.075901250e+1,
-1.580078125e+2,3.360625000e+1,-1.102809375e+1,
-1.550000000e+2,3.459687500e+1,-1.102880000e+1,
-1.570078125e+2,3.401718750e+1,-1.111990625e+1,
-1.570000000e+2,3.359531250e+1,-1.112061250e+1,
-1.560000000e+2,3.400000000e+1,-1.102880000e+1,
-1.570000000e+2,3.359843750e+1,-1.120960000e+1,
-1.560000000e+2,3.421093750e+1,-1.120960000e+1,
-1.580000000e+2,3.460000000e+1,-1.120960000e+1,
-1.590078125e+2,3.420000000e+1,-1.120960000e+1,
-1.590078125e+2,3.378750000e+1,-1.112131875e+1,
-1.570000000e+2,3.439843750e+1,-1.111849375e+1,
-1.590000000e+2,3.399843750e+1,-1.130070625e+1,
-1.549921875e+2,3.460000000e+1,-1.129929375e+1,
-1.580312500e+2,3.399218750e+1,-1.130000000e+1,
-1.579843750e+2,3.420156250e+1,-1.138898750e+1,
-1.569843750e+2,3.440000000e+1,-1.111920000e+1,
-1.569531250e+2,3.459843750e+1,-1.130000000e+1,
-1.609453125e+2,3.480000000e+1,-1.121171875e+1,
-1.610468750e+2,3.520156250e+1,-1.120960000e+1,
-1.580078125e+2,3.419531250e+1,-1.130141250e+1,
-1.599531250e+2,3.480312500e+1,-1.157120000e+1,
-1.590781250e+2,3.499531250e+1,-1.148080000e+1,
-1.570156250e+2,3.539843750e+1,-1.148150625e+1,
-1.590390625e+2,3.500312500e+1,-1.130070625e+1,
-1.609921875e+2,3.519218750e+1,-1.139040000e+1,
-1.570000000e+2,3.539218750e+1,-1.138969375e+1,
-1.610078125e+2,3.440000000e+1,-1.139040000e+1,
-1.589687500e+2,3.520000000e+1,-1.148080000e+1,
-1.580000000e+2,3.479843750e+1,-1.139040000e+1,
-1.590000000e+2,3.558906250e+1,-1.130070625e+1,
-1.599921875e+2,3.500312500e+1,-1.130000000e+1,
-1.600078125e+2,3.480156250e+1,-1.139393125e+1,
-1.600000000e+2,3.500468750e+1,-1.166160000e+1,
-1.599921875e+2,3.520625000e+1,-1.148080000e+1,
-1.600312500e+2,3.560312500e+1,-1.157120000e+1,
-1.570000000e+2,3.560000000e+1,-1.130000000e+1,
-1.590078125e+2,3.539843750e+1,-1.130000000e+1,
-1.570000000e+2,3.520000000e+1,-1.130353125e+1,
-1.590078125e+2,3.520937500e+1,-1.166018750e+1,
-1.579687500e+2,3.580000000e+1,-1.120960000e+1,
-1.570156250e+2,3.540000000e+1,-1.148715625e+1,
-1.609921875e+2,3.540156250e+1,-1.184028125e+1,
-1.600000000e+2,3.539843750e+1,-1.139393125e+1,
-1.620000000e+2,3.540156250e+1,-1.148080000e+1,
-1.600156250e+2,3.520156250e+1,-1.157190625e+1,
-1.590078125e+2,3.560000000e+1,-1.157120000e+1,
-1.590000000e+2,3.540000000e+1,-1.166160000e+1,
-1.599921875e+2,3.579843750e+1,-1.157120000e+1,
-1.619843750e+2,3.520000000e+1,-1.166230625e+1,
-1.620000000e+2,3.560781250e+1,-1.157190625e+1,
-1.610078125e+2,3.460156250e+1,-1.175341250e+1,
-1.599921875e+2,3.601406250e+1,-1.166089375e+1,
-1.589921875e+2,3.559531250e+1,-1.157120000e+1,
-1.590078125e+2,3.600156250e+1,-1.175694375e+1,
-1.610078125e+2,3.559375000e+1,-1.193209375e+1,
-1.570000000e+2,3.540000000e+1,-1.193421250e+1,
-1.600234375e+2,3.540000000e+1,-1.166018750e+1,
-1.620000000e+2,3.560000000e+1,-1.157120000e+1,
-1.600156250e+2,3.580156250e+1,-1.148080000e+1,
-1.590078125e+2,3.600000000e+1,-1.166160000e+1,
-1.579921875e+2,3.600000000e+1,-1.148080000e+1,
-1.599765625e+2,3.600000000e+1,-1.184240000e+1,
-1.600234375e+2,3.577343750e+1,-1.184381250e+1,
-1.579765625e+2,3.680000000e+1,-1.175129375e+1,
-1.580234375e+2,3.579218750e+1,-1.157190625e+1,
-1.600156250e+2,3.559687500e+1,-1.166442500e+1,
-1.600000000e+2,3.520156250e+1,-1.193350625e+1,
-1.610312500e+2,3.600937500e+1,-1.175200000e+1,
-1.619843750e+2,3.660000000e+1,-1.193280000e+1,
-1.590156250e+2,3.600000000e+1,-1.175200000e+1,
-1.599921875e+2,3.580312500e+1,-1.202390625e+1,
-1.590078125e+2,3.599843750e+1,-1.193209375e+1,
-1.590078125e+2,3.560781250e+1,-1.193280000e+1,
-1.580078125e+2,3.640000000e+1,-1.175129375e+1,
-1.579921875e+2,3.580000000e+1,-1.166160000e+1,
-1.580234375e+2,3.620312500e+1,-1.193350625e+1,
-1.570000000e+2,3.539687500e+1,-1.175200000e+1,
-1.590156250e+2,3.620468750e+1,-1.193350625e+1,
-1.609921875e+2,3.660000000e+1,-1.193350625e+1,
-1.590000000e+2,3.660000000e+1,-1.211360000e+1,
-1.599921875e+2,3.680000000e+1,-1.202320000e+1,
-1.610000000e+2,3.640468750e+1,-1.211360000e+1,
-1.580000000e+2,3.639062500e+1,-1.184240000e+1,
-1.590000000e+2,3.699843750e+1,-1.183957500e+1,
-1.589921875e+2,3.640312500e+1,-1.220400000e+1,
-1.609921875e+2,3.620468750e+1,-1.211360000e+1,
-1.610312500e+2,3.680000000e+1,-1.220329375e+1,
-1.580078125e+2,3.659843750e+1,-1.211430625e+1,
-1.599765625e+2,3.699218750e+1,-1.202673125e+1,
-1.600078125e+2,3.679843750e+1,-1.184240000e+1,
-1.590000000e+2,3.680000000e+1,-1.193350625e+1,
-1.580078125e+2,3.699531250e+1,-1.203026250e+1,
-1.579921875e+2,3.680625000e+1,-1.238550625e+1,
-1.570078125e+2,3.719687500e+1,-1.210865625e+1,
-1.590078125e+2,3.659843750e+1,-1.202531875e+1,
-1.589921875e+2,3.717343750e+1,-1.220470625e+1,
-1.610078125e+2,3.720625000e+1,-1.202320000e+1,
-1.570156250e+2,3.680000000e+1,-1.229440000e+1,
-1.579765625e+2,3.740312500e+1,-1.211289375e+1,
-1.580234375e+2,3.760156250e+1,-1.247449375e+1,
-1.569843750e+2,3.680000000e+1,-1.220400000e+1,
-1.589843750e+2,3.739687500e+1,-1.220611875e+1,
-1.580000000e+2,3.681250000e+1,-1.193280000e+1,
-1.600546875e+2,3.700156250e+1,-1.220541250e+1,
-1.609687500e+2,3.719843750e+1,-1.220541250e+1,
-1.570000000e+2,3.700000000e+1,-1.193280000e+1,
-1.600312500e+2,3.700000000e+1,-1.220753125e+1,
-1.579609375e+2,3.719843750e+1,-1.238480000e+1,
-1.570156250e+2,3.681406250e+1,-1.220541250e+1,
-1.590000000e+2,3.679687500e+1,-1.229440000e+1,
-1.579921875e+2,3.739843750e+1,-1.220400000e+1,
-1.609687500e+2,3.720156250e+1,-1.247520000e+1,
-1.610234375e+2,3.779531250e+1,-1.228945625e+1,
-1.590156250e+2,3.720468750e+1,-1.211430625e+1,
-1.590156250e+2,3.839531250e+1,-1.247449375e+1,
-1.580156250e+2,3.781093750e+1,-1.220329375e+1,
-1.600156250e+2,3.719843750e+1,-1.220400000e+1,
-1.579609375e+2,3.760781250e+1,-1.238480000e+1,
-1.560234375e+2,3.840000000e+1,-1.220329375e+1,
-1.600078125e+2,3.799531250e+1,-1.220470625e+1,
-1.580000000e+2,3.800000000e+1,-1.238480000e+1,
-1.560078125e+2,3.759843750e+1,-1.220400000e+1,
-1.590546875e+2,3.800000000e+1,-1.238550625e+1,
-1.610156250e+2,3.740000000e+1,-1.229510625e+1,
-1.550156250e+2,3.739843750e+1,-1.247449375e+1,
-1.580156250e+2,3.759843750e+1,-1.247520000e+1,
-1.579921875e+2,3.760468750e+1,-1.238480000e+1,
-1.610000000e+2,3.819687500e+1,-1.256701250e+1,
-1.580234375e+2,3.783593750e+1,-1.220541250e+1,
-1.590000000e+2,3.719843750e+1,-1.247449375e+1,
-1.590000000e+2,3.740312500e+1,-1.238550625e+1,
-1.570078125e+2,3.739531250e+1,-1.256771875e+1,
-1.600234375e+2,3.720937500e+1,-1.238338750e+1,
-1.599921875e+2,3.759687500e+1,-1.229440000e+1,
-1.590000000e+2,3.719531250e+1,-1.229369375e+1,
-1.590000000e+2,3.800000000e+1,-1.211360000e+1,
-1.580000000e+2,3.740000000e+1,-1.256489375e+1,
-1.580000000e+2,3.800000000e+1,-1.229298750e+1,
-1.599921875e+2,3.719687500e+1,-1.247520000e+1,
-1.610468750e+2,3.780156250e+1,-1.229440000e+1,
-1.570156250e+2,3.760312500e+1,-1.256560000e+1,
-1.599765625e+2,3.759843750e+1,-1.229440000e+1,
-1.599843750e+2,3.759843750e+1,-1.256418750e+1,
-1.600234375e+2,3.780000000e+1,-1.265458750e+1,
-1.609687500e+2,3.739687500e+1,-1.220400000e+1,
-1.569375000e+2,3.780468750e+1,-1.256560000e+1,
-1.570625000e+2,3.820000000e+1,-1.229440000e+1,
-1.610078125e+2,3.800000000e+1,-1.256348125e+1,
-1.580468750e+2,3.819843750e+1,-1.256560000e+1,
-1.589609375e+2,3.820468750e+1,-1.256560000e+1,
-1.600000000e+2,3.760000000e+1,-1.265670625e+1,
-1.590078125e+2,3.821093750e+1,-1.274710625e+1,
-1.590000000e+2,3.819687500e+1,-1.274640000e+1,
-1.589921875e+2,3.760156250e+1,-1.274640000e+1,
-1.600078125e+2,3.859218750e+1,-1.247520000e+1,
-1.589843750e+2,3.800000000e+1,-1.265600000e+1,
-1.579609375e+2,3.800000000e+1,-1.247449375e+1,
-1.560078125e+2,3.779687500e+1,-1.247449375e+1,
-1.590390625e+2,3.780156250e+1,-1.229510625e+1,
-1.599921875e+2,3.820000000e+1,-1.238621250e+1,
-1.560000000e+2,3.799687500e+1,-1.247590625e+1,
-1.600000000e+2,3.760000000e+1,-1.247661250e+1,
-1.600000000e+2,3.799375000e+1,-1.229440000e+1,
-1.610000000e+2,3.819375000e+1,-1.220400000e+1,
-1.590000000e+2,3.780000000e+1,-1.247096250e+1,
-1.600078125e+2,3.860000000e+1,-1.265600000e+1,
-1.600000000e+2,3.819531250e+1,-1.247520000e+1,
-1.580234375e+2,3.819531250e+1,-1.220400000e+1,
-1.580078125e+2,3.800312500e+1,-1.238480000e+1,
-1.599921875e+2,3.759843750e+1,-1.247590625e+1,
-1.580000000e+2,3.780625000e+1,-1.256560000e+1,
-1.600234375e+2,3.799843750e+1,-1.247449375e+1,
-1.589687500e+2,3.779375000e+1,-1.247449375e+1,
-1.580000000e+2,3.780312500e+1,-1.238550625e+1,
-1.590000000e+2,3.782968750e+1,-1.238409375e+1,
-1.570078125e+2,3.700000000e+1,-1.256630625e+1,
-1.600000000e+2,3.780625000e+1,-1.247661250e+1,
-1.580156250e+2,3.760156250e+1,-1.247520000e+1,
-1.590000000e+2,3.740156250e+1,-1.256701250e+1,
-1.580234375e+2,3.700156250e+1,-1.274640000e+1,
-1.580000000e+2,3.779062500e+1,-1.247661250e+1,
-1.590625000e+2,3.760468750e+1,-1.238338750e+1,
-1.609843750e+2,3.760156250e+1,-1.211360000e+1,
-1.579843750e+2,3.720000000e+1,-1.246955000e+1,
-1.590312500e+2,3.740000000e+1,-1.265600000e+1,
-1.589609375e+2,3.720312500e+1,-1.256630625e+1,
-1.570156250e+2,3.779843750e+1,-1.247449375e+1,
-1.600312500e+2,3.741406250e+1,-1.256701250e+1,
-1.590156250e+2,3.719843750e+1,-1.238480000e+1,
-1.580234375e+2,3.720000000e+1,-1.265670625e+1,
-1.570000000e+2,3.780312500e+1,-1.220188125e+1,
-1.589843750e+2,3.799531250e+1,-1.247731875e+1,
-1.610234375e+2,3.759687500e+1,-1.238480000e+1,
-1.570546875e+2,3.740000000e+1,-1.247520000e+1,
-1.559687500e+2,3.741406250e+1,-1.247590625e+1,
-1.580000000e+2,3.700000000e+1,-1.229581250e+1,
-1.559921875e+2,3.759531250e+1,-1.220400000e+1,
-1.580156250e+2,3.799843750e+1,-1.229298750e+1,
-1.580000000e+2,3.739531250e+1,-1.220188125e+1,
-1.580000000e+2,3.719687500e+1,-1.274640000e+1,
-1.580156250e+2,3.720312500e+1,-1.256489375e+1,
-1.610078125e+2,3.699843750e+1,-1.247378750e+1,
-1.599921875e+2,3.739687500e+1,-1.256560000e+1,
-1.580000000e+2,3.759843750e+1,-1.238480000e+1,
-1.580000000e+2,3.780312500e+1,-1.229440000e+1,
-1.590000000e+2,3.779687500e+1,-1.238338750e+1,
-1.579921875e+2,3.720000000e+1,-1.247520000e+1,
-1.560000000e+2,3.798750000e+1,-1.229651875e+1,
-1.579921875e+2,3.760156250e+1,-1.238268125e+1,
-1.580000000e+2,3.740000000e+1,-1.247378750e+1,
-1.599921875e+2,3.739375000e+1,-1.229369375e+1,
-1.559687500e+2,3.700312500e+1,-1.247520000e+1,
-1.560390625e+2,3.760000000e+1,-1.256277500e+1,
-1.590000000e+2,3.720000000e+1,-1.220400000e+1,
-1.570234375e+2,3.739843750e+1,-1.247520000e+1,
-1.579765625e+2,3.760000000e+1,-1.238621250e+1,
-1.580156250e+2,3.759843750e+1,-1.247520000e+1,
-1.570078125e+2,3.780312500e+1,-1.247520000e+1,
-1.579375000e+2,3.799843750e+1,-1.247520000e+1,
-1.590546875e+2,3.759843750e+1,-1.238480000e+1,
-1.569687500e+2,3.799687500e+1,-1.220329375e+1,
-1.600078125e+2,3.740625000e+1,-1.238268125e+1,
-1.569921875e+2,3.719531250e+1,-1.229581250e+1,
-1.580156250e+2,3.780156250e+1,-1.211501250e+1,
-1.600000000e+2,3.759843750e+1,-1.238409375e+1,
-1.580000000e+2,3.780000000e+1,-1.229440000e+1,
-1.600078125e+2,3.740468750e+1,-1.229440000e+1,
-1.590000000e+2,3.718125000e+1,-1.219835000e+1,
-1.579609375e+2,3.779843750e+1,-1.247520000e+1,
-1.619843750e+2,3.759843750e+1,-1.220470625e+1,
-1.610078125e+2,3.779218750e+1,-1.256771875e+1,
-1.600000000e+2,3.740625000e+1,-1.238480000e+1,
-1.600000000e+2,3.820156250e+1,-1.247661250e+1,
-1.599843750e+2,3.740312500e+1,-1.247520000e+1,
-1.599609375e+2,3.720000000e+1,-1.238480000e+1,
-1.559765625e+2,3.740000000e+1,-1.229369375e+1,
-1.580234375e+2,3.779843750e+1,-1.229581250e+1,
-1.609843750e+2,3.760156250e+1,-1.247520000e+1,
-1.559843750e+2,3.820000000e+1,-1.238480000e+1,
-1.569843750e+2,3.759531250e+1,-1.238197500e+1,
-1.600000000e+2,3.779218750e+1,-1.211360000e+1,
-1.580000000e+2,3.760312500e+1,-1.238480000e+1,
-1.590078125e+2,3.740312500e+1,-1.229298750e+1,
-1.560078125e+2,3.779843750e+1,-1.202320000e+1,
-1.580000000e+2,3.740000000e+1,-1.238409375e+1,
-1.570000000e+2,3.800312500e+1,-1.229440000e+1,
-1.579843750e+2,3.760156250e+1,-1.229793125e+1,
-1.590000000e+2,3.739687500e+1,-1.211430625e+1,
-1.590000000e+2,3.760000000e+1,-1.248085000e+1,
-1.590000000e+2,3.739531250e+1,-1.256489375e+1,
-1.580156250e+2,3.740156250e+1,-1.229369375e+1,
-1.600000000e+2,3.759843750e+1,-1.247943750e+1,
-1.580078125e+2,3.739687500e+1,-1.256560000e+1,
-1.580000000e+2,3.759062500e+1,-1.256701250e+1,
-1.580078125e+2,3.800156250e+1,-1.238409375e+1,
-1.590000000e+2,3.819531250e+1,-1.238480000e+1,
-1.590000000e+2,3.739687500e+1,-1.247520000e+1,
-1.600000000e+2,3.760000000e+1,-1.238409375e+1,
-1.590234375e+2,3.800468750e+1,-1.229440000e+1,
-1.580000000e+2,3.800156250e+1,-1.229440000e+1,
-1.580078125e+2,3.758593750e+1,-1.256489375e+1,
-1.569843750e+2,3.820000000e+1,-1.229298750e+1,
-1.570312500e+2,3.739687500e+1,-1.211289375e+1,
-1.600312500e+2,3.759843750e+1,-1.256842500e+1,
-1.599765625e+2,3.700468750e+1,-1.238338750e+1,
-1.590078125e+2,3.800156250e+1,-1.220400000e+1,
-1.600000000e+2,3.740156250e+1,-1.238409375e+1,
-1.589843750e+2,3.780000000e+1,-1.247449375e+1,
-1.600625000e+2,3.740000000e+1,-1.238480000e+1,
-1.550078125e+2,3.779843750e+1,-1.238621250e+1,
-1.589921875e+2,3.720781250e+1,-1.247378750e+1,
-1.580312500e+2,3.820156250e+1,-1.238550625e+1,
-1.570000000e+2,3.740000000e+1,-1.265600000e+1,
-1.579921875e+2,3.800000000e+1,-1.256489375e+1,
-1.580000000e+2,3.719843750e+1,-1.247520000e+1,
-1.590078125e+2,3.800156250e+1,-1.238550625e+1,
-1.599687500e+2,3.780000000e+1,-1.256560000e+1,
-1.560000000e+2,3.780156250e+1,-1.238480000e+1,
-1.599843750e+2,3.760000000e+1,-1.256630625e+1,
-1.610000000e+2,3.720000000e+1,-1.229228125e+1,
-1.550000000e+2,3.739687500e+1,-1.229440000e+1,
-1.569843750e+2,3.740000000e+1,-1.247661250e+1,
-1.600000000e+2,3.740000000e+1,-1.229440000e+1,
-1.580078125e+2,3.740000000e+1,-1.265529375e+1,
-1.590156250e+2,3.760000000e+1,-1.247943750e+1,
-1.569921875e+2,3.779843750e+1,-1.229440000e+1,
-1.620000000e+2,3.780781250e+1,-1.256348125e+1,
-1.570156250e+2,3.740000000e+1,-1.238480000e+1,
-1.590000000e+2,3.780000000e+1,-1.229298750e+1,
-1.590156250e+2,3.759531250e+1,-1.230005000e+1,
-1.599765625e+2,3.760156250e+1,-1.265741250e+1,
-1.549843750e+2,3.760000000e+1,-1.247166875e+1,
-1.580390625e+2,3.800468750e+1,-1.229298750e+1,
-1.590000000e+2,3.841093750e+1,-1.211289375e+1,
-1.590156250e+2,3.780312500e+1,-1.229369375e+1,
-1.560000000e+2,3.779843750e+1,-1.229440000e+1,
-1.589453125e+2,3.760156250e+1,-1.238480000e+1,
-1.600390625e+2,3.840000000e+1,-1.229581250e+1,
-1.569921875e+2,3.760000000e+1,-1.238480000e+1,
-1.600234375e+2,3.800781250e+1,-1.256560000e+1,
-1.570390625e+2,3.661093750e+1,-1.238762500e+1,
-1.630468750e+2,3.760312500e+1,-1.229510625e+1,
-1.599765625e+2,3.759531250e+1,-1.247520000e+1,
-1.599843750e+2,3.740000000e+1,-1.238480000e+1,
-1.580312500e+2,3.740156250e+1,-1.247590625e+1,
-1.610000000e+2,3.800000000e+1,-1.238550625e+1,
-1.569687500e+2,3.760312500e+1,-1.229510625e+1,
-1.569765625e+2,3.780000000e+1,-1.238621250e+1,
-1.589687500e+2,3.739687500e+1,-1.256560000e+1,
-1.600234375e+2,3.760781250e+1,-1.247520000e+1,
-1.580156250e+2,3.799531250e+1,-1.229369375e+1,
-1.589609375e+2,3.699375000e+1,-1.229440000e+1,
-1.600625000e+2,3.739687500e+1,-1.229440000e+1,
-1.549687500e+2,3.740156250e+1,-1.238550625e+1,
-1.580546875e+2,3.760156250e+1,-1.247520000e+1,
-1.609921875e+2,3.779843750e+1,-1.229440000e+1,
-1.589843750e+2,3.760000000e+1,-1.247590625e+1,
-1.600078125e+2,3.759687500e+1,-1.247449375e+1,
-1.600000000e+2,3.740000000e+1,-1.220400000e+1,
-1.560078125e+2,3.780312500e+1,-1.211360000e+1,
-1.610234375e+2,3.720000000e+1,-1.220541250e+1,
-1.599921875e+2,3.760000000e+1,-1.238338750e+1,
-1.630078125e+2,3.779687500e+1,-1.256560000e+1,
-1.589843750e+2,3.819843750e+1,-1.238480000e+1,
-1.590000000e+2,3.738593750e+1,-1.247520000e+1,
-1.600000000e+2,3.719062500e+1,-1.247731875e+1,
-1.599921875e+2,3.820156250e+1,-1.229228125e+1,
-1.600000000e+2,3.739218750e+1,-1.247520000e+1,
-1.570000000e+2,3.760312500e+1,-1.229510625e+1,
-1.580234375e+2,3.739531250e+1,-1.266023750e+1,
-1.580000000e+2,3.742031250e+1,-1.247166875e+1,
-1.580078125e+2,3.799531250e+1,-1.229440000e+1,
-1.580000000e+2,3.719843750e+1,-1.256560000e+1,
-1.570000000e+2,3.820625000e+1,-1.229440000e+1,
-1.610000000e+2,3.780312500e+1,-1.265529375e+1,
-1.600000000e+2,3.740000000e+1,-1.247237500e+1,
-1.610000000e+2,3.720781250e+1,-1.238480000e+1,
-1.600078125e+2,3.820000000e+1,-1.247449375e+1,
-1.600234375e+2,3.740156250e+1,-1.256560000e+1,
-1.579921875e+2,3.799218750e+1,-1.229510625e+1,
-1.610312500e+2,3.740156250e+1,-1.247378750e+1,
-1.599921875e+2,3.740000000e+1,-1.265600000e+1,
-1.599765625e+2,3.740468750e+1,-1.238409375e+1,
-1.569921875e+2,3.759375000e+1,-1.247520000e+1,
-1.590234375e+2,3.680000000e+1,-1.247520000e+1,
-1.579765625e+2,3.759687500e+1,-1.238550625e+1,
-1.579609375e+2,3.759843750e+1,-1.238480000e+1,
-1.609687500e+2,3.779843750e+1,-1.238480000e+1,
-1.600156250e+2,3.779531250e+1,-1.238409375e+1,
-1.580078125e+2,3.760781250e+1,-1.229440000e+1,
-1.560234375e+2,3.819843750e+1,-1.238480000e+1,
-1.549687500e+2,3.719687500e+1,-1.211360000e+1,
-1.589531250e+2,3.759218750e+1,-1.229369375e+1,
-1.579687500e+2,3.760000000e+1,-1.220400000e+1,
-1.580390625e+2,3.780000000e+1,-1.238480000e+1,
-1.600000000e+2,3.799218750e+1,-1.229510625e+1,
-1.579921875e+2,3.719843750e+1,-1.256560000e+1,
-1.590000000e+2,3.760000000e+1,-1.229228125e+1,
-1.580078125e+2,3.779843750e+1,-1.229440000e+1,
-1.600000000e+2,3.740156250e+1,-1.229651875e+1,
-1.600078125e+2,3.779531250e+1,-1.211360000e+1,
-1.600000000e+2,3.800000000e+1,-1.229440000e+1,
-1.560000000e+2,3.779687500e+1,-1.247308125e+1,
-1.600234375e+2,3.740000000e+1,-1.256560000e+1,
-1.610000000e+2,3.780156250e+1,-1.229440000e+1,
-1.600390625e+2,3.741406250e+1,-1.247096250e+1,
-1.580000000e+2,3.719687500e+1,-1.238480000e+1,
-1.600078125e+2,3.760156250e+1,-1.229651875e+1,
-1.589921875e+2,3.760156250e+1,-1.256630625e+1,
-1.600312500e+2,3.779843750e+1,-1.237915000e+1,
-1.609921875e+2,3.739375000e+1,-1.230005000e+1,
-1.600000000e+2,3.740000000e+1,-1.265670625e+1,
-1.610000000e+2,3.738593750e+1,-1.220470625e+1,
-1.580000000e+2,3.780000000e+1,-1.247590625e+1,
-1.600078125e+2,3.739843750e+1,-1.238550625e+1,
-1.570156250e+2,3.760000000e+1,-1.256489375e+1,
-1.580000000e+2,3.720000000e+1,-1.256630625e+1,
-1.580156250e+2,3.760000000e+1,-1.265529375e+1,
-1.579921875e+2,3.741093750e+1,-1.256701250e+1,
-1.600390625e+2,3.698593750e+1,-1.229298750e+1,
-1.610156250e+2,3.780000000e+1,-1.220400000e+1,
-1.609843750e+2,3.700000000e+1,-1.238126875e+1,
-1.579609375e+2,3.760000000e+1,-1.256560000e+1,
-1.580390625e+2,3.739687500e+1,-1.247590625e+1,
-1.600156250e+2,3.759843750e+1,-1.238550625e+1,
-1.589765625e+2,3.781718750e+1,-1.238409375e+1,
-1.580078125e+2,3.699843750e+1,-1.247520000e+1,
-1.579843750e+2,3.740000000e+1,-1.247520000e+1,
-1.590078125e+2,3.760000000e+1,-1.247520000e+1,
-1.570000000e+2,3.760625000e+1,-1.247590625e+1,
-1.599843750e+2,3.799687500e+1,-1.247520000e+1,
-1.580468750e+2,3.740000000e+1,-1.229440000e+1,
-1.569531250e+2,3.801406250e+1,-1.238480000e+1,
-1.600000000e+2,3.700000000e+1,-1.229510625e+1,
-1.559375000e+2,3.799531250e+1,-1.238480000e+1,
-1.550312500e+2,3.800000000e+1,-1.238338750e+1,
-1.580078125e+2,3.800000000e+1,-1.220541250e+1,
-1.570000000e+2,3.780156250e+1,-1.238480000e+1,
-1.570078125e+2,3.740625000e+1,-1.265600000e+1,
-1.580156250e+2,3.719843750e+1,-1.238550625e+1,
-1.600000000e+2,3.740000000e+1,-1.256489375e+1,
-1.580000000e+2,3.739687500e+1,-1.238480000e+1,
-1.590000000e+2,3.800000000e+1,-1.247590625e+1,
-1.610000000e+2,3.739687500e+1,-1.229369375e+1,
-1.609843750e+2,3.740000000e+1,-1.247520000e+1,
-1.560078125e+2,3.759531250e+1,-1.220965000e+1,
-1.589921875e+2,3.779843750e+1,-1.220046875e+1,
-1.580000000e+2,3.800000000e+1,-1.256630625e+1,
-1.600156250e+2,3.760312500e+1,-1.229086875e+1,
-1.579687500e+2,3.820156250e+1,-1.220400000e+1,
-1.560156250e+2,3.759687500e+1,-1.238621250e+1,
-1.590156250e+2,3.740000000e+1,-1.247520000e+1,
-1.580156250e+2,3.779687500e+1,-1.256560000e+1,
-1.589687500e+2,3.800000000e+1,-1.220400000e+1,
-1.600156250e+2,3.760312500e+1,-1.247520000e+1,
-1.580390625e+2,3.720625000e+1,-1.211360000e+1,
-1.579765625e+2,3.820156250e+1,-1.238268125e+1,
-1.580312500e+2,3.760781250e+1,-1.229440000e+1,
-1.570000000e+2,3.760000000e+1,-1.229440000e+1,
-1.590312500e+2,3.739687500e+1,-1.220400000e+1,
-1.599921875e+2,3.819062500e+1,-1.220541250e+1,
-1.559921875e+2,3.818593750e+1,-1.193491875e+1,
-1.580078125e+2,3.680156250e+1,-1.247378750e+1,
-1.579921875e+2,3.820000000e+1,-1.229440000e+1,
-1.580000000e+2,3.760625000e+1,-1.238480000e+1,
-1.580000000e+2,3.779218750e+1,-1.220400000e+1,
-1.600000000e+2,3.760000000e+1,-1.238480000e+1,
-1.580312500e+2,3.759687500e+1,-1.238762500e+1,
-1.570000000e+2,3.720156250e+1,-1.265529375e+1,
-1.589687500e+2,3.760312500e+1,-1.229369375e+1,
-1.610234375e+2,3.760468750e+1,-1.238691875e+1,
-1.570703125e+2,3.819843750e+1,-1.247520000e+1,
-1.560546875e+2,3.779687500e+1,-1.247520000e+1,
-1.610234375e+2,3.760000000e+1,-1.238621250e+1,
-1.590000000e+2,3.720156250e+1,-1.247449375e+1,
-1.600000000e+2,3.760000000e+1,-1.220400000e+1,
-1.580000000e+2,3.740000000e+1,-1.229934375e+1,
-1.590000000e+2,3.780156250e+1,-1.265458750e+1,
-1.580000000e+2,3.760468750e+1,-1.220753125e+1,
-1.580078125e+2,3.760000000e+1,-1.229440000e+1,
-1.600000000e+2,3.760156250e+1,-1.247590625e+1,
-1.580078125e+2,3.779375000e+1,-1.238480000e+1,
-1.580000000e+2,3.740156250e+1,-1.247449375e+1,
-1.599921875e+2,3.840312500e+1,-1.256560000e+1,
-1.599843750e+2,3.760468750e+1,-1.239045000e+1,
-1.620000000e+2,3.719687500e+1,-1.220400000e+1,
-1.600156250e+2,3.760156250e+1,-1.238833125e+1,
-1.590000000e+2,3.759843750e+1,-1.247520000e+1,
-1.600078125e+2,3.780468750e+1,-1.238409375e+1,
-1.600078125e+2,3.819687500e+1,-1.238550625e+1,
-1.610000000e+2,3.759218750e+1,-1.238550625e+1,
-1.610000000e+2,3.758906250e+1,-1.229510625e+1,
-1.589921875e+2,3.800156250e+1,-1.229440000e+1,
-1.590000000e+2,3.799531250e+1,-1.229440000e+1,
-1.600312500e+2,3.760000000e+1,-1.229440000e+1,
-1.569921875e+2,3.800000000e+1,-1.247449375e+1,
-1.619765625e+2,3.799375000e+1,-1.211360000e+1,
-1.580781250e+2,3.760156250e+1,-1.247520000e+1,
-1.559687500e+2,3.761093750e+1,-1.256630625e+1,
-1.590000000e+2,3.720000000e+1,-1.247449375e+1,
-1.570234375e+2,3.760468750e+1,-1.229510625e+1,
-1.609921875e+2,3.759843750e+1,-1.238550625e+1,
-1.559765625e+2,3.720468750e+1,-1.229440000e+1,
-1.590234375e+2,3.800000000e+1,-1.238480000e+1,
-1.569921875e+2,3.740312500e+1,-1.229510625e+1,
-1.589687500e+2,3.800000000e+1,-1.220470625e+1,
-1.590625000e+2,3.819843750e+1,-1.238621250e+1,
-1.560000000e+2,3.799687500e+1,-1.247449375e+1,
-1.599921875e+2,3.759843750e+1,-1.238268125e+1,
-1.580468750e+2,3.780156250e+1,-1.238550625e+1,
-1.559921875e+2,3.760000000e+1,-1.247520000e+1,
-1.589453125e+2,3.740000000e+1,-1.247520000e+1,
-1.599921875e+2,3.760312500e+1,-1.238480000e+1,
-1.590000000e+2,3.779843750e+1,-1.238550625e+1,
-1.590000000e+2,3.740000000e+1,-1.247449375e+1,
-1.580000000e+2,3.780312500e+1,-1.220470625e+1,
-1.590078125e+2,3.760000000e+1,-1.229369375e+1,
-1.560000000e+2,3.740156250e+1,-1.238409375e+1,
-1.580000000e+2,3.739531250e+1,-1.229440000e+1,
-1.569921875e+2,3.780000000e+1,-1.238409375e+1,
-1.609921875e+2,3.760000000e+1,-1.238480000e+1,
-1.590078125e+2,3.780156250e+1,-1.229440000e+1,
-1.600156250e+2,3.760000000e+1,-1.247308125e+1,
-1.560078125e+2,3.719843750e+1,-1.256630625e+1,
-1.579765625e+2,3.799218750e+1,-1.238550625e+1,
-1.580078125e+2,3.759687500e+1,-1.256560000e+1,
-1.570000000e+2,3.740000000e+1,-1.256277500e+1,
-1.590078125e+2,3.740000000e+1,-1.238550625e+1,
-1.579843750e+2,3.761093750e+1,-1.256771875e+1,
-1.580234375e+2,3.799843750e+1,-1.247166875e+1,
-1.589843750e+2,3.800468750e+1,-1.229581250e+1,
-1.560000000e+2,3.861093750e+1,-1.256418750e+1,
-1.590000000e+2,3.760625000e+1,-1.238762500e+1,
-1.569921875e+2,3.780625000e+1,-1.229581250e+1,
-1.619687500e+2,3.820156250e+1,-1.238550625e+1,
-1.600546875e+2,3.820000000e+1,-1.220400000e+1,
-1.589687500e+2,3.820000000e+1,-1.247520000e+1,
-1.610234375e+2,3.740000000e+1,-1.238903750e+1,
-1.579531250e+2,3.798906250e+1,-1.220329375e+1,
-1.569765625e+2,3.779843750e+1,-1.247590625e+1,
-1.560234375e+2,3.760000000e+1,-1.238550625e+1,
-1.600078125e+2,3.780000000e+1,-1.238480000e+1,
-1.580078125e+2,3.800156250e+1,-1.247520000e+1,
-1.610234375e+2,3.819531250e+1,-1.247520000e+1,
-1.589687500e+2,3.760625000e+1,-1.256842500e+1,
-1.570000000e+2,3.780000000e+1,-1.229369375e+1,
-1.589765625e+2,3.759531250e+1,-1.238480000e+1,
-1.599843750e+2,3.740468750e+1,-1.220400000e+1,
-1.610078125e+2,3.800000000e+1,-1.238691875e+1,
-1.590156250e+2,3.739531250e+1,-1.238550625e+1,
-1.590078125e+2,3.759687500e+1,-1.247449375e+1,
-1.580078125e+2,3.740156250e+1,-1.256560000e+1,
-1.589843750e+2,3.740000000e+1,-1.247520000e+1,
-1.570156250e+2,3.760781250e+1,-1.247520000e+1,
-1.620390625e+2,3.840000000e+1,-1.229440000e+1,
-1.609843750e+2,3.738750000e+1,-1.238550625e+1,
-1.580000000e+2,3.760000000e+1,-1.247520000e+1,
-1.590000000e+2,3.839687500e+1,-1.247661250e+1,
-1.579921875e+2,3.800312500e+1,-1.220400000e+1,
-1.570078125e+2,3.760000000e+1,-1.247308125e+1,
-1.569921875e+2,3.720000000e+1,-1.238621250e+1,
-1.590156250e+2,3.740156250e+1,-1.220400000e+1,
-1.610000000e+2,3.760312500e+1,-1.229440000e+1,
-1.600078125e+2,3.780000000e+1,-1.238691875e+1,
-1.589921875e+2,3.761406250e+1,-1.211430625e+1,
-1.600000000e+2,3.740156250e+1,-1.229369375e+1,
-1.580000000e+2,3.760156250e+1,-1.229581250e+1,
-1.590156250e+2,3.739375000e+1,-1.257195625e+1,
-1.590000000e+2,3.721406250e+1,-1.265388125e+1,
-1.600078125e+2,3.779687500e+1,-1.238480000e+1,
-1.610000000e+2,3.720000000e+1,-1.256560000e+1,
-1.590000000e+2,3.800468750e+1,-1.238480000e+1,
-1.580000000e+2,3.780000000e+1,-1.256560000e+1,
-1.600000000e+2,3.780000000e+1,-1.247237500e+1,
-1.600000000e+2,3.800000000e+1,-1.211360000e+1,
-1.609921875e+2,3.800000000e+1,-1.229298750e+1,
-1.600390625e+2,3.820312500e+1,-1.256560000e+1,
-1.580000000e+2,3.760156250e+1,-1.229440000e+1,
-1.600312500e+2,3.800000000e+1,-1.256489375e+1,
-1.600078125e+2,3.740156250e+1,-1.247449375e+1,
-1.610000000e+2,3.740625000e+1,-1.229440000e+1,
-1.589687500e+2,3.780156250e+1,-1.247449375e+1,
-1.590234375e+2,3.760000000e+1,-1.247520000e+1,
-1.600078125e+2,3.739687500e+1,-1.229581250e+1,
-1.590312500e+2,3.820000000e+1,-1.220400000e+1,
-1.580156250e+2,3.740937500e+1,-1.229440000e+1,
-1.580000000e+2,3.680000000e+1,-1.238409375e+1,
-1.590156250e+2,3.721250000e+1,-1.229440000e+1,
-1.579921875e+2,3.760000000e+1,-1.238480000e+1,
-1.609843750e+2,3.740000000e+1,-1.229440000e+1,
-1.600390625e+2,3.758906250e+1,-1.265529375e+1,
-1.600156250e+2,3.800000000e+1,-1.238550625e+1,
-1.599843750e+2,3.740000000e+1,-1.247520000e+1,
-1.579609375e+2,3.760156250e+1,-1.238550625e+1,
-1.570312500e+2,3.740000000e+1,-1.265600000e+1,
-1.610078125e+2,3.760000000e+1,-1.238126875e+1,
-1.580000000e+2,3.780000000e+1,-1.211289375e+1,
-1.600000000e+2,3.761875000e+1,-1.219976250e+1,
-1.600000000e+2,3.719843750e+1,-1.256560000e+1,
-1.610000000e+2,3.780468750e+1,-1.256560000e+1,
-1.600000000e+2,3.779375000e+1,-1.220753125e+1,
-1.580000000e+2,3.740000000e+1,-1.220400000e+1,
-1.590000000e+2,3.840468750e+1,-1.229440000e+1,
-1.589921875e+2,3.801562500e+1,-1.247520000e+1,
-1.600000000e+2,3.779687500e+1,-1.238480000e+1,
-1.579921875e+2,3.800312500e+1,-1.238409375e+1,
-1.600234375e+2,3.778593750e+1,-1.220400000e+1,
-1.610390625e+2,3.720312500e+1,-1.238550625e+1,
-1.629921875e+2,3.800468750e+1,-1.229722500e+1,
-1.599843750e+2,3.759687500e+1,-1.256560000e+1,
-1.580000000e+2,3.779687500e+1,-1.229510625e+1,
-1.590156250e+2,3.740000000e+1,-1.238480000e+1,
-1.610000000e+2,3.720312500e+1,-1.229581250e+1,
-1.600000000e+2,3.759843750e+1,-1.229369375e+1,
-1.610078125e+2,3.740156250e+1,-1.247590625e+1,
-1.580156250e+2,3.720156250e+1,-1.238621250e+1,
-1.599765625e+2,3.779062500e+1,-1.229369375e+1,
-1.599843750e+2,3.780625000e+1,-1.247661250e+1,
-1.599921875e+2,3.740156250e+1,-1.247520000e+1,
-1.590000000e+2,3.719843750e+1,-1.247731875e+1,
-1.579765625e+2,3.780000000e+1,-1.229440000e+1,
-1.570000000e+2,3.798906250e+1,-1.238480000e+1,
-1.580234375e+2,3.719843750e+1,-1.238409375e+1,
-1.590000000e+2,3.818125000e+1,-1.247661250e+1,
-1.580156250e+2,3.779687500e+1,-1.238480000e+1,
-1.579921875e+2,3.760000000e+1,-1.265670625e+1,
-1.589921875e+2,3.720000000e+1,-1.229369375e+1,
-1.600000000e+2,3.760625000e+1,-1.256842500e+1,
-1.600468750e+2,3.759531250e+1,-1.238480000e+1,
-1.570000000e+2,3.739843750e+1,-1.220400000e+1,
-1.609140625e+2,3.778593750e+1,-1.247308125e+1,
-1.619453125e+2,3.780000000e+1,-1.256630625e+1,
-1.569687500e+2,3.760000000e+1,-1.247520000e+1,
-1.590546875e+2,3.779843750e+1,-1.229298750e+1,
-1.609921875e+2,3.739687500e+1,-1.220400000e+1,
-1.570000000e+2,3.759375000e+1,-1.238480000e+1,
-1.570156250e+2,3.780937500e+1,-1.256560000e+1,
-1.600156250e+2,3.700468750e+1,-1.238621250e+1,
-1.610000000e+2,3.739375000e+1,-1.229510625e+1,
-1.600000000e+2,3.760000000e+1,-1.220400000e+1,
-1.590000000e+2,3.740156250e+1,-1.238338750e+1,
-1.600000000e+2,3.780000000e+1,-1.256771875e+1,
-1.620000000e+2,3.760000000e+1,-1.220400000e+1,
-1.590078125e+2,3.820937500e+1,-1.228945625e+1,
-1.600078125e+2,3.740000000e+1,-1.247590625e+1,
-1.570000000e+2,3.820000000e+1,-1.229228125e+1,
-1.570625000e+2,3.718281250e+1,-1.229651875e+1,
-1.630078125e+2,3.742343750e+1,-1.247520000e+1,
-1.569453125e+2,3.860000000e+1,-1.238197500e+1,
-1.560000000e+2,3.760000000e+1,-1.220400000e+1,
-1.568984375e+2,3.759843750e+1,-1.247520000e+1,
-1.629765625e+2,3.780000000e+1,-1.247590625e+1,
-1.590625000e+2,3.800000000e+1,-1.247520000e+1,
-1.579921875e+2,3.759375000e+1,-1.238409375e+1,
-1.579765625e+2,3.699843750e+1,-1.220400000e+1,
-1.599843750e+2,3.718750000e+1,-1.238480000e+1,
-1.590390625e+2,3.800156250e+1,-1.247802500e+1,
-1.579921875e+2,3.740312500e+1,-1.202673125e+1,
-1.580078125e+2,3.799218750e+1,-1.211289375e+1,
-1.600078125e+2,3.819531250e+1,-1.220541250e+1,
-1.590000000e+2,3.759531250e+1,-1.247449375e+1,
-1.599843750e+2,3.760000000e+1,-1.238480000e+1,
-1.570000000e+2,3.779843750e+1,-1.265600000e+1,
-1.600000000e+2,3.761718750e+1,-1.239256875e+1,
-1.590781250e+2,3.739843750e+1,-1.238480000e+1,
-1.559843750e+2,3.779843750e+1,-1.247590625e+1,
-1.609843750e+2,3.698593750e+1,-1.238126875e+1,
-1.600234375e+2,3.720625000e+1,-1.220470625e+1,
-1.590156250e+2,3.740625000e+1,-1.247802500e+1,
-1.580078125e+2,3.780000000e+1,-1.247520000e+1,
-1.580156250e+2,3.719687500e+1,-1.220400000e+1,
-1.579687500e+2,3.700000000e+1,-1.220611875e+1,
-1.560078125e+2,3.800625000e+1,-1.238480000e+1,
-1.600078125e+2,3.759531250e+1,-1.229440000e+1,
-1.570000000e+2,3.780000000e+1,-1.247731875e+1,
-1.589921875e+2,3.780000000e+1,-1.256489375e+1,
-1.600000000e+2,3.780625000e+1,-1.238621250e+1,
-1.580000000e+2,3.740156250e+1,-1.229440000e+1,
-1.590000000e+2,3.760625000e+1,-1.229510625e+1,
-1.580000000e+2,3.799687500e+1,-1.238409375e+1,
-1.590000000e+2,3.739843750e+1,-1.247590625e+1,
-1.580000000e+2,3.760156250e+1,-1.229369375e+1,
-1.589843750e+2,3.740000000e+1,-1.229581250e+1,
-1.600000000e+2,3.760000000e+1,-1.220470625e+1,
-1.600000000e+2,3.760312500e+1,-1.247590625e+1,
-1.600000000e+2,3.820156250e+1,-1.229440000e+1,
-1.590000000e+2,3.759218750e+1,-1.247731875e+1,
-1.600078125e+2,3.719687500e+1,-1.247166875e+1,
-1.610000000e+2,3.741250000e+1,-1.229440000e+1,
-1.600000000e+2,3.820625000e+1,-1.247308125e+1,
-1.559921875e+2,3.739687500e+1,-1.238338750e+1,
-1.579921875e+2,3.760156250e+1,-1.211360000e+1,
-1.580234375e+2,3.740000000e+1,-1.238480000e+1,
-1.569921875e+2,3.760000000e+1,-1.229440000e+1,
-1.599609375e+2,3.799062500e+1,-1.229440000e+1,
-1.610234375e+2,3.719843750e+1,-1.238480000e+1,
-1.590156250e+2,3.818281250e+1,-1.256418750e+1,
-1.590000000e+2,3.760000000e+1,-1.247378750e+1,
-1.580000000e+2,3.740468750e+1,-1.211430625e+1,
-1.590156250e+2,3.759843750e+1,-1.238833125e+1,
-1.590000000e+2,3.700156250e+1,-1.247520000e+1,
-1.590000000e+2,3.780625000e+1,-1.229581250e+1,
-1.590000000e+2,3.761406250e+1,-1.220470625e+1,
-1.590000000e+2,3.720000000e+1,-1.220400000e+1,
-1.590078125e+2,3.780312500e+1,-1.229581250e+1,
-1.590000000e+2,3.780000000e+1,-1.256630625e+1,
-1.600078125e+2,3.780781250e+1,-1.247166875e+1,
-1.570234375e+2,3.778281250e+1,-1.238409375e+1,
-1.579531250e+2,3.700000000e+1,-1.229440000e+1,
-1.600312500e+2,3.778750000e+1,-1.238480000e+1,
-1.570078125e+2,3.759843750e+1,-1.220400000e+1,
-1.610156250e+2,3.779843750e+1,-1.256630625e+1,
-1.599765625e+2,3.740000000e+1,-1.238338750e+1,
-1.579921875e+2,3.740312500e+1,-1.247520000e+1,
-1.579921875e+2,3.780000000e+1,-1.247520000e+1,
-1.600000000e+2,3.760312500e+1,-1.247308125e+1,
-1.570000000e+2,3.759531250e+1,-1.220400000e+1,
-1.589843750e+2,3.780000000e+1,-1.247449375e+1,
-1.610000000e+2,3.740156250e+1,-1.229440000e+1,
-1.590078125e+2,3.720468750e+1,-1.238550625e+1,
-1.600000000e+2,3.800000000e+1,-1.220541250e+1,
-1.570156250e+2,3.760000000e+1,-1.229369375e+1,
-1.559765625e+2,3.798125000e+1,-1.247308125e+1,
-1.599921875e+2,3.819687500e+1,-1.247520000e+1,
-1.590000000e+2,3.720000000e+1,-1.238126875e+1,
-1.570156250e+2,3.741875000e+1,-1.220894375e+1,
-1.610234375e+2,3.799843750e+1,-1.265811875e+1,
-1.610078125e+2,3.759531250e+1,-1.237844375e+1,
-1.619843750e+2,3.780156250e+1,-1.220611875e+1,
-1.570234375e+2,3.799062500e+1,-1.247378750e+1,
-1.570078125e+2,3.820000000e+1,-1.238550625e+1,
-1.549843750e+2,3.799687500e+1,-1.256842500e+1,
-1.609609375e+2,3.800000000e+1,-1.247731875e+1,
-1.590546875e+2,3.820312500e+1,-1.202602500e+1,
-1.579843750e+2,3.700000000e+1,-1.211360000e+1,
-1.590234375e+2,3.779218750e+1,-1.256277500e+1,
-1.569843750e+2,3.741875000e+1,-1.247873125e+1,
-1.580156250e+2,3.740156250e+1,-1.229440000e+1,
-1.579921875e+2,3.799687500e+1,-1.238480000e+1,
-1.590312500e+2,3.720000000e+1,-1.229440000e+1,
-1.610078125e+2,3.780156250e+1,-1.256771875e+1,
-1.589453125e+2,3.780000000e+1,-1.247661250e+1,
-1.560078125e+2,3.800312500e+1,-1.220400000e+1,
-1.579921875e+2,3.780000000e+1,-1.238480000e+1,
-1.569921875e+2,3.799375000e+1,-1.220400000e+1,
-1.599687500e+2,3.700000000e+1,-1.256560000e+1,
-1.600156250e+2,3.780625000e+1,-1.211360000e+1,
-1.590156250e+2,3.739062500e+1,-1.256630625e+1,
-1.580000000e+2,3.719843750e+1,-1.229722500e+1,
-1.579687500e+2,3.739687500e+1,-1.238550625e+1,
-1.560234375e+2,3.760000000e+1,-1.247520000e+1,
-1.620312500e+2,3.759687500e+1,-1.247520000e+1,
-1.599609375e+2,3.740000000e+1,-1.247520000e+1,
-1.590000000e+2,3.760312500e+1,-1.247520000e+1,
-1.600000000e+2,3.780000000e+1,-1.238480000e+1,
-1.610000000e+2,3.781093750e+1,-1.265600000e+1,
-1.600000000e+2,3.720000000e+1,-1.238338750e+1,
-1.600078125e+2,3.760000000e+1,-1.229510625e+1,
-1.580000000e+2,3.800000000e+1,-1.229369375e+1,
-1.600078125e+2,3.759375000e+1,-1.256630625e+1,
-1.590078125e+2,3.740312500e+1,-1.238480000e+1,
-1.580000000e+2,3.779687500e+1,-1.229440000e+1,
-1.589765625e+2,3.780156250e+1,-1.238056250e+1,
-1.620000000e+2,3.779687500e+1,-1.247590625e+1,
-1.610000000e+2,3.760312500e+1,-1.220400000e+1,
-1.560156250e+2,3.779375000e+1,-1.238762500e+1,
-1.620468750e+2,3.698906250e+1,-1.229298750e+1,
-1.609765625e+2,3.740468750e+1,-1.229440000e+1,
-1.589921875e+2,3.779531250e+1,-1.247590625e+1,
-1.590000000e+2,3.799687500e+1,-1.238480000e+1,
-1.590000000e+2,3.760000000e+1,-1.256560000e+1,
-1.570000000e+2,3.780000000e+1,-1.247520000e+1,
-1.590000000e+2,3.780156250e+1,-1.247520000e+1,
-1.580312500e+2,3.820000000e+1,-1.229510625e+1,
-1.569921875e+2,3.800156250e+1,-1.238480000e+1,
-1.589843750e+2,3.761406250e+1,-1.238338750e+1,
-1.589687500e+2,3.719843750e+1,-1.274640000e+1,
-1.580312500e+2,3.799843750e+1,-1.247308125e+1,
-1.620312500e+2,3.759218750e+1,-1.211430625e+1,
-1.599609375e+2,3.739843750e+1,-1.256489375e+1,
-1.589687500e+2,3.740000000e+1,-1.229440000e+1,
-1.570312500e+2,3.799843750e+1,-1.211430625e+1,
-1.609843750e+2,3.760312500e+1,-1.229228125e+1,
-1.580468750e+2,3.719843750e+1,-1.274640000e+1,
-1.589921875e+2,3.760312500e+1,-1.247308125e+1,
-1.600156250e+2,3.760000000e+1,-1.256560000e+1,
-1.580156250e+2,3.759843750e+1,-1.247520000e+1,
-1.589531250e+2,3.720000000e+1,-1.247520000e+1,
-1.610312500e+2,3.779375000e+1,-1.265600000e+1,
-1.569375000e+2,3.760000000e+1,-1.247661250e+1,
-1.570625000e+2,3.760000000e+1,-1.238550625e+1,
-1.599921875e+2,3.699843750e+1,-1.247590625e+1,
-1.569921875e+2,3.740000000e+1,-1.256560000e+1,
-1.600078125e+2,3.720000000e+1,-1.256277500e+1,
-1.589843750e+2,3.800468750e+1,-1.229510625e+1,
-1.560000000e+2,3.840312500e+1,-1.265458750e+1,
-1.600156250e+2,3.800468750e+1,-1.238480000e+1,
-1.580000000e+2,3.760000000e+1,-1.238480000e+1,
-1.590000000e+2,3.780312500e+1,-1.247802500e+1,
-1.600078125e+2,3.800000000e+1,-1.220400000e+1,
-1.610000000e+2,3.740000000e+1,-1.256560000e+1,
-1.610234375e+2,3.799531250e+1,-1.229581250e+1,
-1.589921875e+2,3.760156250e+1,-1.247520000e+1,
-1.590078125e+2,3.780312500e+1,-1.220470625e+1,
-1.579843750e+2,3.759062500e+1,-1.265741250e+1,
-1.580546875e+2,3.719843750e+1,-1.247096250e+1,
-1.610000000e+2,3.740781250e+1,-1.238268125e+1,
-1.579921875e+2,3.759843750e+1,-1.220470625e+1,
-1.590000000e+2,3.739843750e+1,-1.220400000e+1,
-1.570000000e+2,3.760000000e+1,-1.220400000e+1,
-1.590000000e+2,3.739687500e+1,-1.220258750e+1,
-1.570234375e+2,3.739843750e+1,-1.256489375e+1,
-1.579843750e+2,3.759687500e+1,-1.247520000e+1,
-1.609687500e+2,3.819843750e+1,-1.247449375e+1,
-1.600625000e+2,3.720781250e+1,-1.256560000e+1,
-1.570468750e+2,3.778281250e+1,-1.247378750e+1,
-1.620625000e+2,3.799843750e+1,-1.238480000e+1,
-1.599687500e+2,3.800156250e+1,-1.247378750e+1,
-1.569375000e+2,3.760000000e+1,-1.247520000e+1,
-1.561015625e+2,3.799687500e+1,-1.238480000e+1,
-1.630156250e+2,3.739843750e+1,-1.247449375e+1,
-1.579375000e+2,3.818593750e+1,-1.247590625e+1,
-1.589687500e+2,3.759531250e+1,-1.247520000e+1,
-1.600156250e+2,3.720000000e+1,-1.256630625e+1,
-1.580078125e+2,3.780156250e+1,-1.238762500e+1,
-1.589921875e+2,3.779531250e+1,-1.274781250e+1,
-1.600156250e+2,3.759687500e+1,-1.238480000e+1,
-1.580234375e+2,3.740000000e+1,-1.229440000e+1,
-1.579921875e+2,3.760468750e+1,-1.247378750e+1,
-1.590312500e+2,3.740000000e+1,-1.247590625e+1,
-1.609921875e+2,3.799843750e+1,-1.229440000e+1,
-1.590000000e+2,3.779843750e+1,-1.211501250e+1,
-1.600000000e+2,3.780468750e+1,-1.238409375e+1,
-1.580000000e+2,3.820000000e+1,-1.229440000e+1,
-1.600078125e+2,3.760625000e+1,-1.247590625e+1,
-1.599921875e+2,3.760468750e+1,-1.238338750e+1,
-1.570000000e+2,3.699843750e+1,-1.256771875e+1,
-1.600000000e+2,3.759843750e+1,-1.211360000e+1,
-1.590000000e+2,3.740000000e+1,-1.238409375e+1,
-1.600000000e+2,3.780000000e+1,-1.229510625e+1,
-1.610000000e+2,3.760000000e+1,-1.229440000e+1,
-1.600078125e+2,3.778906250e+1,-1.211289375e+1,
-1.600078125e+2,3.800000000e+1,-1.238268125e+1,
-1.590000000e+2,3.760312500e+1,-1.247520000e+1,
-1.620000000e+2,3.700156250e+1,-1.247449375e+1,
-1.589921875e+2,3.782031250e+1,-1.238480000e+1,
-1.600078125e+2,3.819687500e+1,-1.247378750e+1,
-1.569687500e+2,3.720000000e+1,-1.220400000e+1,
-1.559687500e+2,3.779687500e+1,-1.247520000e+1,
-1.589453125e+2,3.780000000e+1,-1.238833125e+1,
-1.600312500e+2,3.779843750e+1,-1.220400000e+1,
-1.579843750e+2,3.800312500e+1,-1.229581250e+1,
-1.599843750e+2,3.799687500e+1,-1.256630625e+1,
-1.589921875e+2,3.719843750e+1,-1.238480000e+1,
-1.600390625e+2,3.798437500e+1,-1.256630625e+1,
-1.569921875e+2,3.780625000e+1,-1.220682500e+1,
-1.600156250e+2,3.739843750e+1,-1.229440000e+1,
-1.610000000e+2,3.760156250e+1,-1.229651875e+1,
-1.589921875e+2,3.739687500e+1,-1.265529375e+1,
-1.580078125e+2,3.740000000e+1,-1.247520000e+1,
-1.600156250e+2,3.779687500e+1,-1.238480000e+1,
-1.620000000e+2,3.799687500e+1,-1.238480000e+1,
-1.570390625e+2,3.780312500e+1,-1.238480000e+1,
-1.589765625e+2,3.720000000e+1,-1.238691875e+1,
-1.580078125e+2,3.781250000e+1,-1.247308125e+1,
-1.580000000e+2,3.779375000e+1,-1.220400000e+1,
-1.589765625e+2,3.780156250e+1,-1.247731875e+1,
-1.609843750e+2,3.780156250e+1,-1.247520000e+1,
-1.599531250e+2,3.740000000e+1,-1.247520000e+1,
-1.559687500e+2,3.780000000e+1,-1.229440000e+1,
-1.570156250e+2,3.739375000e+1,-1.238550625e+1,
-1.600078125e+2,3.760468750e+1,-1.229440000e+1,
-1.589921875e+2,3.800000000e+1,-1.229651875e+1,
-1.580000000e+2,3.759375000e+1,-1.247449375e+1,
-1.600000000e+2,3.740312500e+1,-1.229440000e+1,
-1.589921875e+2,3.739687500e+1,-1.247520000e+1,
-1.580078125e+2,3.780156250e+1,-1.220329375e+1,
-1.580000000e+2,3.759375000e+1,-1.229369375e+1,
-1.590000000e+2,3.740000000e+1,-1.247590625e+1,
-1.609921875e+2,3.780312500e+1,-1.220329375e+1,
-1.610000000e+2,3.799843750e+1,-1.220682500e+1,
-1.610000000e+2,3.800468750e+1,-1.211571875e+1,
-1.590000000e+2,3.759843750e+1,-1.274993125e+1,
-1.610000000e+2,3.780156250e+1,-1.238268125e+1,
-1.589843750e+2,3.780312500e+1,-1.220470625e+1,
-1.590000000e+2,3.819531250e+1,-1.220611875e+1,
-1.590000000e+2,3.760156250e+1,-1.229440000e+1,
-1.600000000e+2,3.820937500e+1,-1.220329375e+1,
-1.589921875e+2,3.719843750e+1,-1.238480000e+1,
-1.580156250e+2,3.780468750e+1,-1.220400000e+1,
-1.560000000e+2,3.739843750e+1,-1.238480000e+1,
-1.579921875e+2,3.740000000e+1,-1.220400000e+1,
-1.580156250e+2,3.779687500e+1,-1.238480000e+1,
-1.570078125e+2,3.720156250e+1,-1.238480000e+1,
-1.570078125e+2,3.738906250e+1,-1.238480000e+1,
-1.560000000e+2,3.740000000e+1,-1.220258750e+1,
-1.570000000e+2,3.719687500e+1,-1.202390625e+1,
-1.570234375e+2,3.720156250e+1,-1.202531875e+1,
-1.600390625e+2,3.780781250e+1,-1.229581250e+1,
-1.599609375e+2,3.779218750e+1,-1.229510625e+1,
-1.559765625e+2,3.700468750e+1,-1.220400000e+1,
-1.559765625e+2,3.740000000e+1,-1.229651875e+1,
-1.579453125e+2,3.739843750e+1,-1.247520000e+1,
-1.600000000e+2,3.719843750e+1,-1.229157500e+1,
-1.580078125e+2,3.701562500e+1,-1.211501250e+1,
-1.590234375e+2,3.758593750e+1,-1.229510625e+1,
-1.550000000e+2,3.640000000e+1,-1.229440000e+1,
-1.589453125e+2,3.737187500e+1,-1.220400000e+1,
-1.579609375e+2,3.739531250e+1,-1.220400000e+1,
-1.559921875e+2,3.719843750e+1,-1.247520000e+1,
-1.560156250e+2,3.720000000e+1,-1.211148125e+1,
-1.580078125e+2,3.739687500e+1,-1.229298750e+1,
-1.580000000e+2,3.680000000e+1,-1.247520000e+1,
-1.580000000e+2,3.699531250e+1,-1.229228125e+1,
-1.570000000e+2,3.720000000e+1,-1.220400000e+1,
-1.579921875e+2,3.700156250e+1,-1.229440000e+1,
-1.600078125e+2,3.699843750e+1,-1.220400000e+1,
-1.570078125e+2,3.720156250e+1,-1.229440000e+1,
-1.580000000e+2,3.740000000e+1,-1.220400000e+1,
-1.560078125e+2,3.720156250e+1,-1.238409375e+1,
-1.570078125e+2,3.699843750e+1,-1.238621250e+1,
-1.550000000e+2,3.720156250e+1,-1.229440000e+1,
-1.570000000e+2,3.740000000e+1,-1.220400000e+1,
-1.559921875e+2,3.739218750e+1,-1.230005000e+1,
-1.570156250e+2,3.700156250e+1,-1.247449375e+1,
-1.580156250e+2,3.740156250e+1,-1.220258750e+1,
-1.579765625e+2,3.740000000e+1,-1.229440000e+1,
-1.550078125e+2,3.760468750e+1,-1.211360000e+1,
-1.570078125e+2,3.720156250e+1,-1.229369375e+1,
-1.530078125e+2,3.719843750e+1,-1.211218750e+1,
-1.549531250e+2,3.720156250e+1,-1.211360000e+1,
-1.569921875e+2,3.780156250e+1,-1.211430625e+1,
-1.570078125e+2,3.660000000e+1,-1.211360000e+1,
-1.570078125e+2,3.739843750e+1,-1.220541250e+1,
-1.570312500e+2,3.641250000e+1,-1.202320000e+1,
-1.590078125e+2,3.700156250e+1,-1.220470625e+1,
-1.580078125e+2,3.679687500e+1,-1.211360000e+1,
-1.589765625e+2,3.680000000e+1,-1.220400000e+1,
-1.549843750e+2,3.680156250e+1,-1.211501250e+1,
-1.570156250e+2,3.719687500e+1,-1.229510625e+1,
-1.549843750e+2,3.661250000e+1,-1.193774375e+1,
-1.559765625e+2,3.679843750e+1,-1.202461250e+1,
-1.570000000e+2,3.699375000e+1,-1.220400000e+1,
-1.570000000e+2,3.660468750e+1,-1.211360000e+1,
-1.579921875e+2,3.759843750e+1,-1.220541250e+1,
-1.580234375e+2,3.659531250e+1,-1.220400000e+1,
-1.560312500e+2,3.719687500e+1,-1.220329375e+1,
-1.560390625e+2,3.660156250e+1,-1.229440000e+1,
-1.579921875e+2,3.679843750e+1,-1.220400000e+1,
-1.549921875e+2,3.640156250e+1,-1.193280000e+1,
-1.570234375e+2,3.700000000e+1,-1.211501250e+1,
-1.570000000e+2,3.659531250e+1,-1.229369375e+1,
-1.570000000e+2,3.680000000e+1,-1.193280000e+1,
-1.560000000e+2,3.679687500e+1,-1.229369375e+1,
-1.560312500e+2,3.700000000e+1,-1.211289375e+1,
-1.590078125e+2,3.660000000e+1,-1.211218750e+1,
-1.550078125e+2,3.660156250e+1,-1.220400000e+1,
-1.570078125e+2,3.620156250e+1,-1.211289375e+1,
-1.560078125e+2,3.680000000e+1,-1.193280000e+1,
-1.550000000e+2,3.639843750e+1,-1.220188125e+1,
-1.560078125e+2,3.718593750e+1,-1.212136875e+1,
-1.540000000e+2,3.679375000e+1,-1.193280000e+1,
-1.560000000e+2,3.680156250e+1,-1.211360000e+1,
-1.539765625e+2,3.659531250e+1,-1.184310625e+1,
-1.540156250e+2,3.640312500e+1,-1.220541250e+1,
-1.549921875e+2,3.680312500e+1,-1.202320000e+1,
-1.550078125e+2,3.699843750e+1,-1.220400000e+1,
-1.570000000e+2,3.679531250e+1,-1.202320000e+1,
-1.540000000e+2,3.600312500e+1,-1.211430625e+1,
-1.560000000e+2,3.580000000e+1,-1.193209375e+1,
-1.520156250e+2,3.560312500e+1,-1.202320000e+1,
-1.529921875e+2,3.660312500e+1,-1.211360000e+1,
-1.520000000e+2,3.660312500e+1,-1.211360000e+1,
-1.539843750e+2,3.640156250e+1,-1.220400000e+1,
-1.550000000e+2,3.620000000e+1,-1.211501250e+1,
-1.550156250e+2,3.619843750e+1,-1.193138750e+1,
-1.559921875e+2,3.639843750e+1,-1.175341250e+1,
-1.539765625e+2,3.640625000e+1,-1.220329375e+1,
-1.550468750e+2,3.700000000e+1,-1.193280000e+1,
-1.569921875e+2,3.580312500e+1,-1.202320000e+1,
-1.540546875e+2,3.599531250e+1,-1.193280000e+1,
-1.530078125e+2,3.680312500e+1,-1.211360000e+1,
-1.530000000e+2,3.599687500e+1,-1.183957500e+1,
-1.540078125e+2,3.680937500e+1,-1.175270625e+1,
-1.530078125e+2,3.659843750e+1,-1.193280000e+1,
-1.549609375e+2,3.660000000e+1,-1.202320000e+1,
-1.560546875e+2,3.660625000e+1,-1.202390625e+1,
-1.529843750e+2,3.600000000e+1,-1.193421250e+1,
-1.540078125e+2,3.600000000e+1,-1.175200000e+1,
-1.519687500e+2,3.620156250e+1,-1.184310625e+1,
-1.499843750e+2,3.640156250e+1,-1.184240000e+1,
-1.500234375e+2,3.680000000e+1,-1.184240000e+1,
-1.550156250e+2,3.599843750e+1,-1.184240000e+1,
-1.530000000e+2,3.659218750e+1,-1.183957500e+1,
-1.540078125e+2,3.600468750e+1,-1.211360000e+1,
-1.530000000e+2,3.620312500e+1,-1.184240000e+1,
-1.540000000e+2,3.640156250e+1,-1.211077500e+1,
-1.540078125e+2,3.640000000e+1,-1.202320000e+1,
-1.560000000e+2,3.580000000e+1,-1.193280000e+1,
-1.540156250e+2,3.620156250e+1,-1.166230625e+1,
-1.550000000e+2,3.579843750e+1,-1.184240000e+1,
-1.539609375e+2,3.640156250e+1,-1.184381250e+1,
-1.510312500e+2,3.599531250e+1,-1.211360000e+1,
-1.560468750e+2,3.620312500e+1,-1.183745625e+1,
-1.529140625e+2,3.618906250e+1,-1.175058750e+1,
-1.510000000e+2,3.580000000e+1,-1.166160000e+1,
-1.530000000e+2,3.600468750e+1,-1.175129375e+1,
-1.510000000e+2,3.560000000e+1,-1.184240000e+1,
-1.530078125e+2,3.580000000e+1,-1.175341250e+1,
-1.490546875e+2,3.559843750e+1,-1.175129375e+1,
-1.489765625e+2,3.599843750e+1,-1.193421250e+1,
-1.559609375e+2,3.599843750e+1,-1.202320000e+1,
-1.520781250e+2,3.560312500e+1,-1.184522500e+1,
-1.510859375e+2,3.579218750e+1,-1.166371875e+1,
-1.540156250e+2,3.600000000e+1,-1.184310625e+1,
-1.519843750e+2,3.580156250e+1,-1.157261250e+1,
-1.519921875e+2,3.560000000e+1,-1.175200000e+1,
-1.510234375e+2,3.579843750e+1,-1.166089375e+1,
-1.530078125e+2,3.559843750e+1,-1.193068125e+1,
-1.509687500e+2,3.601562500e+1,-1.193350625e+1,
-1.500000000e+2,3.499843750e+1,-1.193280000e+1,
-1.500000000e+2,3.560000000e+1,-1.184310625e+1,
-1.500000000e+2,3.579843750e+1,-1.175129375e+1,
-1.509921875e+2,3.537968750e+1,-1.175411875e+1,
-1.530312500e+2,3.460468750e+1,-1.184240000e+1,
-1.480546875e+2,3.579687500e+1,-1.157120000e+1,
-1.489062500e+2,3.541875000e+1,-1.184028125e+1,
-1.530000000e+2,3.560000000e+1,-1.184381250e+1,
-1.489375000e+2,3.580000000e+1,-1.175200000e+1,
-1.490468750e+2,3.559843750e+1,-1.166089375e+1,
-1.540156250e+2,3.539843750e+1,-1.166018750e+1,
-1.520000000e+2,3.539375000e+1,-1.184240000e+1,
-1.520000000e+2,3.580625000e+1,-1.166089375e+1,
-1.510000000e+2,3.500156250e+1,-1.166089375e+1,
-1.510078125e+2,3.539687500e+1,-1.166301250e+1,
-1.530000000e+2,3.480156250e+1,-1.157120000e+1,
-1.490000000e+2,3.481250000e+1,-1.184240000e+1,
-1.490000000e+2,3.580156250e+1,-1.166371875e+1,
-1.500000000e+2,3.520000000e+1,-1.148080000e+1,
-1.480000000e+2,3.579687500e+1,-1.139322500e+1,
-1.500000000e+2,3.539843750e+1,-1.129788125e+1,
-1.480000000e+2,3.600312500e+1,-1.166230625e+1,
-1.490156250e+2,3.458437500e+1,-1.147938750e+1,
-1.489921875e+2,3.501562500e+1,-1.157120000e+1,
-1.480078125e+2,3.540000000e+1,-1.156978750e+1,
-1.479921875e+2,3.520000000e+1,-1.130000000e+1,
-1.460156250e+2,3.520000000e+1,-1.139040000e+1,
-1.479218750e+2,3.520000000e+1,-1.129788125e+1,
-1.510156250e+2,3.520156250e+1,-1.166160000e+1,
-1.470859375e+2,3.480468750e+1,-1.157120000e+1,
-1.469218750e+2,3.580000000e+1,-1.157190625e+1,
-1.490234375e+2,3.500781250e+1,-1.139040000e+1,
-1.470234375e+2,3.519062500e+1,-1.148080000e+1,
-1.490312500e+2,3.500312500e+1,-1.130070625e+1,
-1.489921875e+2,3.479843750e+1,-1.139110625e+1,
-1.459921875e+2,3.500000000e+1,-1.120960000e+1,
-1.470156250e+2,3.500156250e+1,-1.130000000e+1,
-1.490000000e+2,3.540000000e+1,-1.120960000e+1,
-1.480000000e+2,3.500625000e+1,-1.139040000e+1,
-1.490000000e+2,3.458906250e+1,-1.120818750e+1,
-1.479765625e+2,3.500000000e+1,-1.148080000e+1,
-1.509921875e+2,3.459687500e+1,-1.129788125e+1,
-1.490078125e+2,3.480625000e+1,-1.130000000e+1,
-1.490000000e+2,3.479687500e+1,-1.130070625e+1,
-1.480000000e+2,3.500468750e+1,-1.148221250e+1,
-1.480156250e+2,3.500312500e+1,-1.139040000e+1,
-1.459765625e+2,3.419687500e+1,-1.120960000e+1,
-1.460312500e+2,3.420000000e+1,-1.139251875e+1,
-1.480078125e+2,3.460937500e+1,-1.138898750e+1,
-1.470000000e+2,3.479375000e+1,-1.130000000e+1,
-1.469921875e+2,3.420000000e+1,-1.139181250e+1,
-1.440000000e+2,3.480468750e+1,-1.138828125e+1,
-1.470000000e+2,3.461093750e+1,-1.121101250e+1,
-1.490078125e+2,3.459687500e+1,-1.130000000e+1,
-1.490078125e+2,3.480000000e+1,-1.147938750e+1,
-1.470078125e+2,3.439375000e+1,-1.093910625e+1,
-1.470000000e+2,3.420000000e+1,-1.139040000e+1,
-1.480156250e+2,3.440000000e+1,-1.093769375e+1,
-1.439921875e+2,3.420000000e+1,-1.111355000e+1,
-1.490000000e+2,3.419843750e+1,-1.130070625e+1,
-1.480078125e+2,3.440000000e+1,-1.129858750e+1,
-1.470000000e+2,3.460625000e+1,-1.120960000e+1,
-1.470000000e+2,3.479687500e+1,-1.130070625e+1,
-1.449921875e+2,3.419375000e+1,-1.120748125e+1,
-1.449921875e+2,3.440468750e+1,-1.111990625e+1,
-1.470000000e+2,3.440937500e+1,-1.111849375e+1,
-1.440000000e+2,3.420000000e+1,-1.130070625e+1,
-1.460000000e+2,3.439843750e+1,-1.130000000e+1,
-1.449921875e+2,3.400000000e+1,-1.139040000e+1,
-1.470078125e+2,3.440000000e+1,-1.120818750e+1,
-1.440625000e+2,3.419687500e+1,-1.102880000e+1,
-1.419687500e+2,3.420156250e+1,-1.139040000e+1,
-1.459609375e+2,3.380625000e+1,-1.112131875e+1,
-1.449609375e+2,3.400000000e+1,-1.111920000e+1,
-1.430000000e+2,3.399843750e+1,-1.102950625e+1,
-1.440000000e+2,3.379843750e+1,-1.102950625e+1,
-1.430078125e+2,3.360000000e+1,-1.111990625e+1,
-1.460546875e+2,3.380312500e+1,-1.120960000e+1,
-1.469765625e+2,3.400000000e+1,-1.111990625e+1,
-1.430312500e+2,3.380000000e+1,-1.111920000e+1,
-1.430312500e+2,3.400468750e+1,-1.111990625e+1,
-1.409921875e+2,3.419843750e+1,-1.121171875e+1,
-1.459843750e+2,3.359062500e+1,-1.120465625e+1,
-1.450390625e+2,3.381250000e+1,-1.084729375e+1,
-1.430000000e+2,3.400000000e+1,-1.102880000e+1,
-1.449687500e+2,3.340625000e+1,-1.111990625e+1,
-1.449843750e+2,3.360156250e+1,-1.111920000e+1,
-1.440000000e+2,3.360000000e+1,-1.111920000e+1,
-1.449921875e+2,3.380000000e+1,-1.102880000e+1,
-1.419921875e+2,3.380312500e+1,-1.102880000e+1,
-1.430000000e+2,3.400000000e+1,-1.102880000e+1,
-1.430000000e+2,3.320468750e+1,-1.111990625e+1,
-1.430000000e+2,3.339062500e+1,-1.111920000e+1,
-1.430000000e+2,3.380156250e+1,-1.103021250e+1,
-1.440000000e+2,3.340000000e+1,-1.093840000e+1,
-1.429921875e+2,3.359531250e+1,-1.111990625e+1,
-1.459843750e+2,3.300000000e+1,-1.085082500e+1,
-1.450156250e+2,3.419843750e+1,-1.093698750e+1,
-1.430156250e+2,3.341406250e+1,-1.120960000e+1,
-1.420000000e+2,3.359843750e+1,-1.093840000e+1,
-1.430000000e+2,3.300000000e+1,-1.084800000e+1,
-1.420234375e+2,3.301093750e+1,-1.085223750e+1,
-1.449921875e+2,3.360937500e+1,-1.102738750e+1,
-1.409843750e+2,3.359375000e+1,-1.075760000e+1,
-1.430312500e+2,3.320156250e+1,-1.103091875e+1,
-1.430078125e+2,3.360781250e+1,-1.094122500e+1,
-1.410156250e+2,3.300000000e+1,-1.084729375e+1,
-1.399921875e+2,3.339843750e+1,-1.084800000e+1,
-1.429765625e+2,3.300156250e+1,-1.066861250e+1,
-1.420468750e+2,3.379843750e+1,-1.057750625e+1,
-1.400000000e+2,3.320000000e+1,-1.057680000e+1,
-1.419531250e+2,3.340156250e+1,-1.084800000e+1,
-1.430078125e+2,3.280625000e+1,-1.075689375e+1,
-1.430000000e+2,3.320000000e+1,-1.102880000e+1,
-1.430000000e+2,3.299687500e+1,-1.075830625e+1,
-1.419921875e+2,3.280000000e+1,-1.093840000e+1,
-1.420156250e+2,3.260000000e+1,-1.093840000e+1,
-1.419843750e+2,3.299843750e+1,-1.084941250e+1,
-1.399921875e+2,3.260000000e+1,-1.066931875e+1,
-1.399921875e+2,3.299843750e+1,-1.066790625e+1,
-1.400078125e+2,3.279687500e+1,-1.075760000e+1,
-1.390156250e+2,3.280000000e+1,-1.066720000e+1,
-1.389843750e+2,3.300000000e+1,-1.066720000e+1,
-1.410000000e+2,3.320312500e+1,-1.066790625e+1,
-1.390390625e+2,3.339843750e+1,-1.075830625e+1,
-1.390156250e+2,3.320156250e+1,-1.066720000e+1,
-1.410390625e+2,3.279687500e+1,-1.075760000e+1,
-1.439765625e+2,3.240156250e+1,-1.066720000e+1,
-1.389765625e+2,3.300000000e+1,-1.066790625e+1,
-1.410078125e+2,3.299062500e+1,-1.084870625e+1,
-1.410000000e+2,3.220000000e+1,-1.075760000e+1,
-1.400000000e+2,3.219062500e+1,-1.066790625e+1,
-1.409921875e+2,3.259843750e+1,-1.057750625e+1,
-1.390000000e+2,3.240000000e+1,-1.075901250e+1,
-1.420078125e+2,3.159843750e+1,-1.048640000e+1,
-1.379843750e+2,3.280468750e+1,-1.075830625e+1,
-1.380000000e+2,3.218906250e+1,-1.066720000e+1,
-1.389843750e+2,3.219375000e+1,-1.067002500e+1,
-1.429765625e+2,3.260937500e+1,-1.030630625e+1,
-1.430000000e+2,3.220000000e+1,-1.066578750e+1,
-1.390000000e+2,3.260000000e+1,-1.066720000e+1,
-1.379843750e+2,3.199375000e+1,-1.066790625e+1,
-1.349765625e+2,3.200312500e+1,-1.057538750e+1,
-1.360156250e+2,3.200000000e+1,-1.057680000e+1,
-1.410156250e+2,3.219687500e+1,-1.093769375e+1,
-1.400000000e+2,3.240156250e+1,-1.030560000e+1,
-1.390000000e+2,3.240156250e+1,-1.048640000e+1,
-1.380000000e+2,3.200000000e+1,-1.030418750e+1,
-1.380000000e+2,3.180000000e+1,-1.039600000e+1,
-1.380000000e+2,3.200156250e+1,-1.057609375e+1,
-1.380156250e+2,3.240625000e+1,-1.057680000e+1,
-1.370078125e+2,3.121250000e+1,-1.057750625e+1,
-1.390703125e+2,3.179687500e+1,-1.048710625e+1,
-1.409687500e+2,3.200000000e+1,-1.039600000e+1,
-1.369921875e+2,3.159531250e+1,-1.048640000e+1,
-1.389921875e+2,3.160156250e+1,-1.030701250e+1,
-1.359921875e+2,3.180000000e+1,-1.012480000e+1,
-1.390546875e+2,3.180000000e+1,-1.048569375e+1,
-1.400390625e+2,3.160000000e+1,-1.039529375e+1,
-1.370312500e+2,3.159843750e+1,-1.066720000e+1,
-1.380000000e+2,3.159687500e+1,-1.039317500e+1,
-1.380234375e+2,3.140312500e+1,-1.030630625e+1,
-1.360078125e+2,3.180000000e+1,-1.048640000e+1,
-1.379609375e+2,3.160000000e+1,-1.021520000e+1,
-1.390312500e+2,3.200312500e+1,-1.021449375e+1,
-1.359296875e+2,3.120000000e+1,-1.030489375e+1,
-1.340312500e+2,3.100000000e+1,-1.048569375e+1,
-1.370312500e+2,3.160468750e+1,-1.030560000e+1,
-1.359921875e+2,3.160000000e+1,-1.039600000e+1,
-1.349921875e+2,3.180000000e+1,-1.039317500e+1,
-1.329921875e+2,3.159687500e+1,-9.852187500e+0,
-1.330000000e+2,3.120937500e+1,-1.002945625e+1,
-1.350156250e+2,3.119687500e+1,-1.021520000e+1,
-1.360000000e+2,3.160312500e+1,-1.021520000e+1,
-1.350000000e+2,3.159687500e+1,-1.039317500e+1,
-1.350000000e+2,3.100000000e+1,-1.048640000e+1,
-1.350000000e+2,3.120625000e+1,-1.021520000e+1,
-1.370078125e+2,3.161093750e+1,-1.039529375e+1,
-1.339921875e+2,3.099843750e+1,-1.012480000e+1,
-1.339843750e+2,3.160156250e+1,-1.012691875e+1,
-1.310078125e+2,3.099218750e+1,-1.030630625e+1,
-1.350625000e+2,3.099843750e+1,-1.030206875e+1,
-1.349765625e+2,3.059687500e+1,-1.012621250e+1,
-1.339921875e+2,3.100468750e+1,-1.030630625e+1,
-1.330000000e+2,3.100937500e+1,-9.944706250e+0,
-1.330000000e+2,3.080000000e+1,-1.021520000e+1,
-1.330000000e+2,3.080156250e+1,-9.944000000e+0,
-1.329921875e+2,3.100000000e+1,-1.030489375e+1,
-1.340000000e+2,3.080156250e+1,-1.012409375e+1,
-1.329921875e+2,3.059843750e+1,-1.012480000e+1,
-1.340390625e+2,3.060468750e+1,-9.944000000e+0,
-1.299921875e+2,3.038750000e+1,-1.012480000e+1,
-1.340625000e+2,3.119843750e+1,-1.003369375e+1,
-1.329609375e+2,3.079843750e+1,-1.039741250e+1,
-1.310234375e+2,3.140000000e+1,-9.944000000e+0,
-1.340312500e+2,3.099062500e+1,-1.021520000e+1,
-1.329921875e+2,3.060000000e+1,-9.945412500e+0,
-1.329843750e+2,3.078906250e+1,-1.012480000e+1,
-1.310078125e+2,3.079687500e+1,-9.944000000e+0,
-1.319843750e+2,3.020000000e+1,-1.021520000e+1,
-1.320000000e+2,3.040000000e+1,-9.940468750e+0,
-1.320000000e+2,3.040156250e+1,-9.946118750e+0,
-1.330234375e+2,3.060000000e+1,-1.012480000e+1,
-1.300312500e+2,3.060000000e+1,-1.012480000e+1,
-1.309375000e+2,3.060156250e+1,-1.012621250e+1,
-1.329843750e+2,3.040000000e+1,-9.853600000e+0,
-1.289375000e+2,3.039687500e+1,-9.944000000e+0,
-1.290703125e+2,3.099843750e+1,-9.761787500e+0,
-1.360000000e+2,3.000000000e+1,-9.763200000e+0,
-1.290000000e+2,3.099218750e+1,-9.853600000e+0,
-1.320000000e+2,3.041406250e+1,-1.003440000e+1,
-1.280000000e+2,3.000468750e+1,-9.855718750e+0,
-1.310156250e+2,2.979531250e+1,-9.852187500e+0,
-1.310000000e+2,3.039843750e+1,-9.944000000e+0,
-1.300000000e+2,2.999687500e+1,-9.763200000e+0,
-1.300000000e+2,3.019843750e+1,-9.942587500e+0,
-1.300078125e+2,2.980000000e+1,-9.763200000e+0,
-1.320078125e+2,3.038125000e+1,-9.492706250e+0,
-1.290234375e+2,3.040156250e+1,-9.670681250e+0,
-1.270000000e+2,3.000000000e+1,-9.762493750e+0,
-1.330390625e+2,3.019531250e+1,-9.763200000e+0,
-1.319609375e+2,2.959687500e+1,-9.853600000e+0,
-1.290156250e+2,3.000000000e+1,-9.944000000e+0,
-1.299843750e+2,2.980000000e+1,-9.763200000e+0,
-1.260156250e+2,2.999843750e+1,-9.582400000e+0,
-1.299140625e+2,3.000000000e+1,-9.851481250e+0,
-1.320000000e+2,3.000156250e+1,-9.672800000e+0,
-1.310234375e+2,2.960156250e+1,-9.492706250e+0,
-1.290703125e+2,2.999843750e+1,-9.762493750e+0,
-1.270156250e+2,2.939843750e+1,-9.672800000e+0,
-1.289218750e+2,2.999062500e+1,-9.763906250e+0,
-1.299765625e+2,2.940937500e+1,-9.405131250e+0,
-1.259921875e+2,2.899531250e+1,-9.401600000e+0,
-1.280078125e+2,2.980312500e+1,-9.494825000e+0,
-1.270000000e+2,2.959687500e+1,-9.853600000e+0,
-1.280078125e+2,2.980000000e+1,-9.582400000e+0,
-1.270000000e+2,2.960000000e+1,-9.672800000e+0,
-1.270000000e+2,2.979375000e+1,-9.493412500e+0,
-1.250000000e+2,2.960156250e+1,-9.582400000e+0,
-1.269843750e+2,2.920000000e+1,-9.403012500e+0,
-1.270000000e+2,2.940156250e+1,-9.674212500e+0,
-1.269843750e+2,2.919062500e+1,-9.492000000e+0,
-1.280234375e+2,2.920625000e+1,-9.586637500e+0,
-1.250000000e+2,2.960000000e+1,-9.763200000e+0,
-1.269921875e+2,2.899687500e+1,-9.220800000e+0,
-1.239921875e+2,2.880000000e+1,-9.407956250e+0,
-1.270156250e+2,2.880312500e+1,-9.669975000e+0,
-1.269609375e+2,2.899843750e+1,-9.130400000e+0,
-1.240078125e+2,2.880000000e+1,-9.406543750e+0,
-1.280000000e+2,2.899531250e+1,-9.580987500e+0,
-1.250000000e+2,2.859531250e+1,-9.314025000e+0,
-1.270156250e+2,2.939375000e+1,-9.220800000e+0,
-1.280234375e+2,2.919218750e+1,-9.402306250e+0,
-1.220078125e+2,2.859531250e+1,-9.402306250e+0,
-1.260000000e+2,2.880156250e+1,-9.311200000e+0,
-1.240078125e+2,2.920156250e+1,-9.400893750e+0,
-1.249843750e+2,2.900312500e+1,-9.138168750e+0,
-1.250000000e+2,2.840625000e+1,-8.951012500e+0,
-1.240000000e+2,2.840625000e+1,-9.496237500e+0,
-1.250078125e+2,2.899843750e+1,-9.401600000e+0,
-1.249921875e+2,2.839531250e+1,-9.401600000e+0,
-1.250078125e+2,2.860781250e+1,-9.311906250e+0,
-1.270078125e+2,2.879843750e+1,-9.401600000e+0,
-1.240000000e+2,2.860937500e+1,-9.312612500e+0,
-1.259921875e+2,2.860156250e+1,-9.311906250e+0,
-1.219921875e+2,2.919531250e+1,-9.492000000e+0,
-1.279765625e+2,2.819843750e+1,-9.401600000e+0,
-1.250078125e+2,2.880000000e+1,-9.220093750e+0,
-1.260390625e+2,2.839218750e+1,-9.220800000e+0,
-1.200390625e+2,2.839843750e+1,-9.311200000e+0,
-1.229375000e+2,2.860781250e+1,-9.309081250e+0,
-1.250000000e+2,2.820000000e+1,-9.399481250e+0,
-1.240000000e+2,2.840312500e+1,-8.769506250e+0,
-1.239687500e+2,2.819687500e+1,-9.225037500e+0,
-1.210078125e+2,2.759843750e+1,-9.220800000e+0,
-1.240312500e+2,2.800468750e+1,-9.221506250e+0,
-1.229843750e+2,2.820312500e+1,-9.131812500e+0,
-1.229843750e+2,2.800000000e+1,-8.948187500e+0,
-1.240234375e+2,2.820156250e+1,-9.042118750e+0,
-1.220000000e+2,2.799687500e+1,-9.401600000e+0,
-1.240078125e+2,2.759218750e+1,-9.031525000e+0,
-1.200078125e+2,2.740156250e+1,-8.950306250e+0,
-1.229765625e+2,2.780000000e+1,-9.130400000e+0,
-1.219843750e+2,2.838125000e+1,-9.130400000e+0,
-1.239843750e+2,2.859375000e+1,-9.040000000e+0,
-1.199921875e+2,2.739531250e+1,-9.402306250e+0,
-1.210234375e+2,2.740000000e+1,-9.126162500e+0,
-1.210000000e+2,2.800156250e+1,-8.859200000e+0,
-1.200000000e+2,2.780000000e+1,-9.130400000e+0,
-1.220000000e+2,2.780468750e+1,-8.946775000e+0,
-1.180000000e+2,2.719687500e+1,-8.859200000e+0,
-1.220000000e+2,2.799531250e+1,-9.131106250e+0,
-1.190156250e+2,2.760156250e+1,-8.859200000e+0,
-1.190000000e+2,2.739843750e+1,-9.130400000e+0,
-1.199843750e+2,2.740000000e+1,-8.862731250e+0,
-1.210078125e+2,2.799843750e+1,-8.858493750e+0,
-1.190156250e+2,2.760781250e+1,-9.131812500e+0,
-1.190000000e+2,2.759843750e+1,-8.768800000e+0,
-1.190000000e+2,2.740000000e+1,-8.859200000e+0,
-1.220000000e+2,2.720468750e+1,-8.773037500e+0,
-1.189687500e+2,2.739062500e+1,-9.130400000e+0,
-1.190468750e+2,2.679843750e+1,-8.765268750e+0,
-1.219843750e+2,2.740468750e+1,-8.862025000e+0,
-1.160156250e+2,2.740625000e+1,-8.951718750e+0,
-1.179921875e+2,2.740000000e+1,-8.768093750e+0,
-1.189921875e+2,2.740312500e+1,-8.948893750e+0,
-1.199765625e+2,2.759843750e+1,-8.588706250e+0,
-1.210234375e+2,2.700156250e+1,-8.765975000e+0,
-1.170781250e+2,2.720000000e+1,-8.768800000e+0,
-1.159609375e+2,2.720312500e+1,-8.590825000e+0,
-1.190468750e+2,2.700156250e+1,-8.585881250e+0,
-1.189687500e+2,2.719843750e+1,-8.951012500e+0,
-1.170000000e+2,2.678750000e+1,-8.860612500e+0,
-1.169765625e+2,2.580000000e+1,-8.678400000e+0,
-1.161015625e+2,2.720312500e+1,-8.768800000e+0,
-1.229921875e+2,2.658750000e+1,-8.678400000e+0,
-1.149453125e+2,2.639218750e+1,-8.862025000e+0,
-1.159609375e+2,2.659843750e+1,-8.496893750e+0,
-1.160156250e+2,2.679531250e+1,-8.678400000e+0,
-1.159687500e+2,2.620000000e+1,-8.678400000e+0,
-1.190078125e+2,2.680156250e+1,-8.681931250e+0,
-1.160390625e+2,2.640156250e+1,-8.949600000e+0,
-1.169218750e+2,2.680312500e+1,-8.588706250e+0,
-1.199765625e+2,2.579843750e+1,-8.768800000e+0,
-1.149921875e+2,2.700156250e+1,-8.497600000e+0,
-1.170000000e+2,2.639375000e+1,-8.407200000e+0,
-1.140078125e+2,2.640000000e+1,-8.860612500e+0,
-1.180078125e+2,2.619687500e+1,-8.677693750e+0,
-1.160000000e+2,2.620000000e+1,-8.588000000e+0,
-1.150078125e+2,2.640781250e+1,-8.588000000e+0,
-1.180078125e+2,2.580156250e+1,-8.586587500e+0,
-1.150156250e+2,2.600000000e+1,-8.226400000e+0,
-1.139921875e+2,2.639843750e+1,-8.586587500e+0,
-1.170156250e+2,2.639687500e+1,-8.587293750e+0,
-1.170078125e+2,2.579062500e+1,-8.316800000e+0,
-1.150000000e+2,2.559375000e+1,-8.496187500e+0,
-1.169921875e+2,2.639687500e+1,-8.494068750e+0,
-1.160000000e+2,2.600000000e+1,-8.589412500e+0,
-1.160000000e+2,2.660468750e+1,-8.136706250e+0,
-1.139843750e+2,2.618750000e+1,-8.775862500e+0,
-1.140078125e+2,2.560156250e+1,-8.494068750e+0,
-1.140000000e+2,2.600156250e+1,-8.407200000e+0,
-1.150078125e+2,2.599375000e+1,-8.406493750e+0,
-1.150000000e+2,2.659687500e+1,-8.136000000e+0,
-1.130000000e+2,2.580156250e+1,-8.587293750e+0,
-1.130000000e+2,2.620000000e+1,-8.314681250e+0,
-1.130000000e+2,2.559218750e+1,-8.316800000e+0,
-1.130390625e+2,2.520000000e+1,-8.227812500e+0,
-1.099921875e+2,2.579687500e+1,-8.045600000e+0,
-1.139687500e+2,2.560781250e+1,-8.042775000e+0,
-1.139609375e+2,2.560000000e+1,-8.768093750e+0,
-1.119921875e+2,2.540156250e+1,-8.314681250e+0,
-1.119843750e+2,2.500000000e+1,-8.227106250e+0,
-1.110468750e+2,2.520000000e+1,-8.407906250e+0,
-1.150312500e+2,2.500000000e+1,-8.136000000e+0,
-1.129609375e+2,2.519843750e+1,-8.315387500e+0,
-1.110546875e+2,2.520000000e+1,-8.316800000e+0,
-1.089843750e+2,2.520156250e+1,-8.316800000e+0,
-1.129765625e+2,2.479687500e+1,-8.135293750e+0,
-1.160468750e+2,2.501093750e+1,-8.136706250e+0,
-1.100156250e+2,2.539843750e+1,-8.226400000e+0,
-1.149296875e+2,2.459843750e+1,-8.226400000e+0,
-1.141328125e+2,2.519062500e+1,-7.957318750e+0,
-1.099765625e+2,2.520000000e+1,-8.044893750e+0,
-1.110078125e+2,2.540000000e+1,-8.225693750e+0,
-1.089687500e+2,2.459531250e+1,-8.136706250e+0,
-1.090312500e+2,2.500156250e+1,-8.318212500e+0,
-1.120078125e+2,2.500000000e+1,-7.862681250e+0,
-1.099921875e+2,2.479843750e+1,-7.955906250e+0,
-1.100000000e+2,2.459843750e+1,-8.045600000e+0,
-1.100000000e+2,2.460156250e+1,-8.045600000e+0,
-1.100000000e+2,2.440312500e+1,-8.136000000e+0,
-1.100000000e+2,2.500000000e+1,-8.045600000e+0,
-1.110156250e+2,2.460000000e+1,-8.136000000e+0,
-1.130000000e+2,2.480000000e+1,-8.045600000e+0,
-1.090390625e+2,2.440468750e+1,-8.134587500e+0,
-1.100078125e+2,2.440156250e+1,-8.045600000e+0,
-1.110078125e+2,2.399843750e+1,-7.956612500e+0,
-1.099687500e+2,2.461562500e+1,-8.045600000e+0,
-1.080078125e+2,2.499843750e+1,-7.864093750e+0,
-1.100312500e+2,2.438437500e+1,-7.956612500e+0,
-1.089921875e+2,2.400000000e+1,-7.865506250e+0,
-1.070000000e+2,2.419218750e+1,-7.774400000e+0,
-1.080078125e+2,2.420000000e+1,-7.955906250e+0,
-1.089921875e+2,2.399687500e+1,-7.864800000e+0,
-1.110078125e+2,2.399843750e+1,-7.955906250e+0,
-1.070234375e+2,2.439843750e+1,-7.774400000e+0,
-1.060000000e+2,2.419843750e+1,-7.863387500e+0,
-1.060000000e+2,2.420937500e+1,-7.866212500e+0,
-1.060078125e+2,2.359375000e+1,-7.684000000e+0,
-1.070390625e+2,2.440000000e+1,-7.774400000e+0,
-1.090234375e+2,2.360312500e+1,-7.772281250e+0,
-1.089375000e+2,2.360000000e+1,-7.955200000e+0,
-1.049843750e+2,2.420000000e+1,-7.684000000e+0,
-1.070156250e+2,2.360156250e+1,-7.953787500e+0,
-1.060156250e+2,2.360937500e+1,-7.777931250e+0,
-1.090000000e+2,2.320000000e+1,-7.774400000e+0,
-1.070234375e+2,2.380000000e+1,-7.955906250e+0,
-1.080000000e+2,2.380000000e+1,-7.683293750e+0,
-1.080000000e+2,2.379843750e+1,-7.866918750e+0,
-1.090390625e+2,2.359843750e+1,-7.684000000e+0,
-1.050078125e+2,2.340000000e+1,-7.412800000e+0,
-1.079609375e+2,2.339843750e+1,-7.774400000e+0,
-1.069843750e+2,2.340000000e+1,-7.414212500e+0,
-1.059687500e+2,2.339843750e+1,-7.684000000e+0,
-1.040234375e+2,2.360000000e+1,-7.590068750e+0,
-1.080078125e+2,2.359687500e+1,-7.323812500e+0,
-1.060000000e+2,2.319843750e+1,-7.593600000e+0,
-1.040000000e+2,2.340312500e+1,-7.955906250e+0,
-1.050078125e+2,2.280625000e+1,-7.777225000e+0,
-1.050000000e+2,2.299218750e+1,-7.682587500e+0,
-1.040000000e+2,2.360000000e+1,-7.684000000e+0,
-1.060000000e+2,2.299843750e+1,-7.323106250e+0,
-1.070000000e+2,2.360156250e+1,-7.500375000e+0,
-1.050000000e+2,2.340000000e+1,-7.503200000e+0,
-1.060078125e+2,2.320625000e+1,-7.234118750e+0,
-1.030156250e+2,2.300000000e+1,-7.409975000e+0,
-1.030000000e+2,2.300000000e+1,-7.594306250e+0,
-1.029921875e+2,2.279687500e+1,-7.500375000e+0,
-1.020000000e+2,2.280156250e+1,-7.322400000e+0,
-1.030156250e+2,2.300156250e+1,-7.593600000e+0,
-1.030000000e+2,2.320000000e+1,-7.232000000e+0,
-1.020234375e+2,2.300156250e+1,-7.412800000e+0,
-1.010078125e+2,2.280000000e+1,-7.144425000e+0,
-1.010078125e+2,2.259843750e+1,-7.232000000e+0,
-1.000390625e+2,2.300468750e+1,-7.322400000e+0,
-9.992187500e+1,2.319843750e+1,-7.235531250e+0,
-1.039375000e+2,2.260156250e+1,-6.960800000e+0,
-1.030781250e+2,2.279843750e+1,-7.320987500e+0,
-1.010000000e+2,2.240312500e+1,-7.144425000e+0,
-1.010000000e+2,2.220000000e+1,-7.231293750e+0,
-1.000078125e+2,2.220000000e+1,-7.323106250e+0,
-1.020078125e+2,2.240312500e+1,-7.323106250e+0,
-1.020000000e+2,2.260000000e+1,-7.232000000e+0,
-1.020000000e+2,2.219843750e+1,-7.322400000e+0,
-1.010000000e+2,2.260156250e+1,-6.962918750e+0,
-9.896875000e+1,2.200156250e+1,-7.232000000e+0,
-1.020156250e+2,2.200312500e+1,-7.139481250e+0,
-9.700781250e+1,2.219843750e+1,-7.143012500e+0,
-1.009609375e+2,2.220468750e+1,-7.232000000e+0,
-1.010234375e+2,2.239531250e+1,-7.143012500e+0,
-1.000078125e+2,2.180156250e+1,-7.232000000e+0,
-1.000078125e+2,2.200000000e+1,-6.870400000e+0,
-9.897656250e+1,2.200000000e+1,-6.693131250e+0,
-9.700000000e+1,2.220000000e+1,-7.050493750e+0,
-9.802343750e+1,2.199687500e+1,-6.689600000e+0,
-9.900000000e+1,2.180000000e+1,-7.055437500e+0,
-9.700000000e+1,2.200156250e+1,-7.046962500e+0,
-9.900000000e+1,2.200000000e+1,-6.780706250e+0,
-9.900000000e+1,2.200000000e+1,-6.960800000e+0,
-9.800781250e+1,2.180000000e+1,-6.960093750e+0,
-9.800000000e+1,2.179843750e+1,-6.780706250e+0,
-9.800000000e+1,2.160000000e+1,-6.870400000e+0,
-9.600000000e+1,2.179687500e+1,-6.780706250e+0,
-9.800000000e+1,2.100156250e+1,-6.961506250e+0,
-9.600000000e+1,2.119531250e+1,-6.780000000e+0,
-9.699218750e+1,2.120000000e+1,-6.963625000e+0,
-9.800000000e+1,2.140156250e+1,-6.960093750e+0,
-9.701562500e+1,2.140000000e+1,-6.780706250e+0,
-9.900000000e+1,2.139218750e+1,-6.960800000e+0,
-9.600781250e+1,2.100625000e+1,-6.780000000e+0,
-9.700000000e+1,2.180468750e+1,-6.960093750e+0,
-9.500000000e+1,2.099843750e+1,-6.779293750e+0,
-9.600000000e+1,2.140156250e+1,-6.689600000e+0,
-9.500781250e+1,2.079843750e+1,-6.689600000e+0,
-9.500781250e+1,2.100000000e+1,-6.689600000e+0,
-9.401562500e+1,2.098750000e+1,-6.599200000e+0,
-9.302343750e+1,2.039843750e+1,-6.780000000e+0,
-9.199218750e+1,2.138281250e+1,-6.691012500e+0,
-9.505468750e+1,2.100000000e+1,-6.598493750e+0,
-9.697656250e+1,2.079843750e+1,-6.509506250e+0,
-9.400000000e+1,2.060000000e+1,-6.510918750e+0,
-9.600000000e+1,2.100000000e+1,-6.689600000e+0,
-9.297656250e+1,2.059843750e+1,-6.509506250e+0,
-9.400781250e+1,2.079843750e+1,-6.508800000e+0,
-9.396875000e+1,2.060000000e+1,-6.510918750e+0,
-9.700781250e+1,2.039531250e+1,-6.780000000e+0,
-9.400781250e+1,2.020156250e+1,-6.505268750e+0,
-9.500781250e+1,2.101562500e+1,-6.329412500e+0,
-9.202343750e+1,2.098281250e+1,-6.510212500e+0,
-9.197656250e+1,2.020000000e+1,-6.689600000e+0,
-9.300781250e+1,2.020000000e+1,-6.688893750e+0,
-9.096875000e+1,1.999843750e+1,-6.418400000e+0,
-9.000781250e+1,2.020156250e+1,-6.689600000e+0,
-9.198437500e+1,2.040000000e+1,-6.416987500e+0,
-8.900781250e+1,2.000000000e+1,-6.419106250e+0,
-9.399218750e+1,2.040000000e+1,-6.328706250e+0,
-9.200000000e+1,2.020468750e+1,-6.328706250e+0,
-9.300000000e+1,1.999531250e+1,-6.418400000e+0,
-9.200000000e+1,2.039843750e+1,-6.419812500e+0,
-9.400781250e+1,2.000156250e+1,-6.237600000e+0,
-9.000781250e+1,1.999687500e+1,-6.328706250e+0,
-9.199218750e+1,1.940000000e+1,-6.149318750e+0,
-9.000000000e+1,1.979531250e+1,-6.056800000e+0,
-9.199218750e+1,2.060468750e+1,-6.238306250e+0,
-9.001562500e+1,1.959375000e+1,-6.056800000e+0,
-8.900000000e+1,1.920000000e+1,-6.237600000e+0,
-8.902343750e+1,1.919843750e+1,-6.154262500e+0,
-9.200781250e+1,1.919843750e+1,-6.599200000e+0,
-9.100000000e+1,1.920000000e+1,-6.052562500e+0,
-9.099218750e+1,1.940312500e+1,-6.147906250e+0,
-8.801562500e+1,1.961406250e+1,-5.965693750e+0,
-8.800000000e+1,1.919687500e+1,-6.236893750e+0,
-8.798437500e+1,1.980156250e+1,-6.054681250e+0,
-9.198437500e+1,1.919687500e+1,-6.056093750e+0,
-8.907031250e+1,1.920000000e+1,-6.236893750e+0,
-8.601562500e+1,1.900000000e+1,-6.147200000e+0,
-8.700000000e+1,1.940000000e+1,-6.056800000e+0,
-8.703125000e+1,1.880781250e+1,-6.058212500e+0,
-9.003906250e+1,1.879843750e+1,-5.967106250e+0,
-8.999218750e+1,1.840156250e+1,-6.238306250e+0,
-8.896875000e+1,1.900000000e+1,-5.876000000e+0,
-8.700781250e+1,1.879843750e+1,-5.967812500e+0,
-8.902343750e+1,1.879687500e+1,-5.876706250e+0,
-8.799218750e+1,1.840156250e+1,-5.876000000e+0,
-8.702343750e+1,1.860000000e+1,-5.876000000e+0,
-8.598437500e+1,1.840000000e+1,-5.876000000e+0,
-8.896875000e+1,1.839687500e+1,-5.966400000e+0,
-8.901562500e+1,1.800000000e+1,-5.692375000e+0,
-8.703125000e+1,1.860781250e+1,-5.695906250e+0,
-8.599218750e+1,1.860000000e+1,-5.876000000e+0,
-8.701562500e+1,1.800625000e+1,-5.785600000e+0,
-8.699218750e+1,1.740000000e+1,-5.876000000e+0,
-8.600000000e+1,1.800781250e+1,-5.695200000e+0,
-8.600781250e+1,1.840000000e+1,-5.787012500e+0,
-8.499218750e+1,1.799531250e+1,-5.966400000e+0,
-8.400000000e+1,1.800000000e+1,-5.785600000e+0,
-8.400000000e+1,1.801875000e+1,-5.876706250e+0,
-8.301562500e+1,1.720000000e+1,-5.694493750e+0,
-8.600000000e+1,1.780000000e+1,-5.693787500e+0,
-8.400000000e+1,1.800156250e+1,-5.876000000e+0,
-8.700781250e+1,1.739843750e+1,-5.784187500e+0,
-8.601562500e+1,1.780468750e+1,-5.514400000e+0,
-8.300000000e+1,1.780000000e+1,-5.515106250e+0,
-8.599218750e+1,1.798593750e+1,-5.330775000e+0,
-8.400000000e+1,1.799218750e+1,-5.604800000e+0,
-8.500000000e+1,1.719531250e+1,-5.334306250e+0,
-8.199218750e+1,1.720625000e+1,-5.790543750e+0,
-8.402343750e+1,1.760312500e+1,-5.510162500e+0,
-8.299218750e+1,1.739531250e+1,-5.333600000e+0,
-8.100000000e+1,1.719375000e+1,-5.604800000e+0,
-8.200000000e+1,1.759531250e+1,-5.333600000e+0,
-8.100000000e+1,1.680000000e+1,-5.514400000e+0,
-8.100000000e+1,1.760000000e+1,-5.422587500e+0,
-8.099218750e+1,1.699218750e+1,-5.424000000e+0,
-8.301562500e+1,1.680000000e+1,-5.515106250e+0,
-8.002343750e+1,1.720156250e+1,-5.333600000e+0,
-8.098437500e+1,1.621718750e+1,-5.332893750e+0,
-8.098437500e+1,1.639843750e+1,-5.513693750e+0,
-8.000781250e+1,1.660000000e+1,-5.512987500e+0,
-8.098437500e+1,1.619843750e+1,-5.152800000e+0,
-7.900000000e+1,1.660468750e+1,-5.514400000e+0,
-8.103125000e+1,1.660000000e+1,-5.152800000e+0,
-8.099218750e+1,1.620000000e+1,-5.152093750e+0,
-8.001562500e+1,1.659843750e+1,-5.242493750e+0,
-7.903125000e+1,1.660312500e+1,-5.424000000e+0,
-7.700781250e+1,1.620000000e+1,-5.151387500e+0,
-7.698437500e+1,1.640312500e+1,-5.243906250e+0,
-7.800781250e+1,1.619687500e+1,-5.243200000e+0,
-7.700000000e+1,1.579843750e+1,-4.972000000e+0,
-7.801562500e+1,1.579843750e+1,-5.153506250e+0,
-7.599218750e+1,1.580000000e+1,-4.881600000e+0,
-7.700000000e+1,1.580000000e+1,-5.154212500e+0,
-7.602343750e+1,1.580000000e+1,-5.062400000e+0,
-7.900781250e+1,1.580000000e+1,-5.152800000e+0,
-7.699218750e+1,1.580000000e+1,-5.062400000e+0,
-7.700000000e+1,1.620156250e+1,-5.061693750e+0,
-7.700000000e+1,1.622343750e+1,-4.883718750e+0,
-7.800781250e+1,1.540156250e+1,-4.881600000e+0,
-7.700000000e+1,1.560468750e+1,-5.062400000e+0,
-7.600000000e+1,1.560000000e+1,-4.975531250e+0,
-7.499218750e+1,1.520000000e+1,-4.791200000e+0,
-7.400000000e+1,1.480312500e+1,-4.972000000e+0,
-7.397656250e+1,1.558593750e+1,-4.883012500e+0,
-7.600781250e+1,1.560468750e+1,-4.972000000e+0,
-7.499218750e+1,1.519843750e+1,-4.789081250e+0,
-7.499218750e+1,1.520156250e+1,-4.701506250e+0,
-7.400000000e+1,1.519843750e+1,-4.884425000e+0,
-7.502343750e+1,1.520312500e+1,-4.882306250e+0,
-7.500000000e+1,1.539843750e+1,-4.883012500e+0,
-7.400000000e+1,1.501875000e+1,-4.610400000e+0,
-6.999218750e+1,1.480000000e+1,-4.972000000e+0,
-7.099218750e+1,1.499843750e+1,-4.613225000e+0,
-7.200000000e+1,1.460000000e+1,-4.700800000e+0,
-7.200000000e+1,1.500000000e+1,-4.700800000e+0,
-7.197656250e+1,1.459687500e+1,-4.700093750e+0,
-7.398437500e+1,1.440468750e+1,-4.702212500e+0,
-7.292968750e+1,1.418906250e+1,-4.428187500e+0,
-7.100781250e+1,1.480000000e+1,-4.429600000e+0,
-7.200000000e+1,1.400156250e+1,-4.517175000e+0,
-6.894531250e+1,1.440000000e+1,-4.700800000e+0,
-6.907812500e+1,1.499843750e+1,-4.430306250e+0,
-7.403125000e+1,1.440156250e+1,-4.606162500e+0,
-7.195312500e+1,1.440937500e+1,-4.791906250e+0,
-7.002343750e+1,1.400000000e+1,-4.610400000e+0,
-6.895312500e+1,1.440000000e+1,-4.611106250e+0,
-7.399218750e+1,1.379843750e+1,-4.430306250e+0,
-7.100781250e+1,1.420156250e+1,-4.611812500e+0,
-7.301562500e+1,1.379687500e+1,-4.429600000e+0,
-6.805468750e+1,1.380000000e+1,-4.248800000e+0,
-6.794531250e+1,1.380312500e+1,-4.428893750e+0,
-6.998437500e+1,1.360000000e+1,-4.339200000e+0,
-6.700000000e+1,1.339843750e+1,-4.339200000e+0,
-7.003125000e+1,1.400000000e+1,-3.976187500e+0,
-6.898437500e+1,1.339687500e+1,-4.065881250e+0,
-6.600000000e+1,1.399531250e+1,-4.158400000e+0,
-6.801562500e+1,1.399843750e+1,-4.068706250e+0,
-7.000000000e+1,1.400625000e+1,-4.248093750e+0,
-6.698437500e+1,1.320312500e+1,-4.159106250e+0,
-6.500000000e+1,1.320000000e+1,-4.158400000e+0,
-6.600000000e+1,1.319843750e+1,-4.068706250e+0,
-6.900000000e+1,1.299843750e+1,-4.065175000e+0,
-6.898437500e+1,1.280000000e+1,-4.339200000e+0,
-6.500781250e+1,1.319687500e+1,-3.893556250e+0,
-6.700000000e+1,1.300000000e+1,-3.974068750e+0,
-6.600000000e+1,1.300156250e+1,-4.159812500e+0,
-6.500781250e+1,1.259062500e+1,-3.973362500e+0,
-6.499218750e+1,1.240781250e+1,-3.616000000e+0,
-6.300000000e+1,1.300000000e+1,-4.070118750e+0,
-6.502343750e+1,1.260000000e+1,-3.706400000e+0,
-6.500781250e+1,1.300000000e+1,-3.706400000e+0,
-6.404687500e+1,1.260000000e+1,-3.793975000e+0,
-6.103906250e+1,1.280000000e+1,-3.977600000e+0,
-6.092187500e+1,1.260000000e+1,-3.796093750e+0,
-6.592187500e+1,1.259687500e+1,-3.798212500e+0,
-6.511718750e+1,1.199843750e+1,-3.525600000e+0,
-6.199218750e+1,1.240312500e+1,-3.704987500e+0,
-6.299218750e+1,1.160468750e+1,-3.707812500e+0,
-5.899218750e+1,1.179218750e+1,-3.706400000e+0,
-6.101562500e+1,1.219843750e+1,-3.798212500e+0,
-6.200781250e+1,1.179687500e+1,-3.797506250e+0,
-6.300000000e+1,1.200000000e+1,-3.616000000e+0,
-6.199218750e+1,1.220156250e+1,-3.796800000e+0,
-6.100000000e+1,1.180000000e+1,-3.441556250e+0,
-6.103125000e+1,1.200000000e+1,-3.616000000e+0,
-5.900781250e+1,1.159843750e+1,-3.797506250e+0,
-6.098437500e+1,1.180781250e+1,-3.704987500e+0,
-6.301562500e+1,1.178906250e+1,-3.524187500e+0,
-6.002343750e+1,1.139843750e+1,-3.257931250e+0,
-6.002343750e+1,1.140156250e+1,-3.706400000e+0,
-5.699218750e+1,1.099843750e+1,-3.164000000e+0,
-5.903125000e+1,1.100000000e+1,-3.618825000e+0,
-5.900000000e+1,1.099843750e+1,-3.250868750e+0,
-5.899218750e+1,1.100000000e+1,-3.254400000e+0,
-5.800000000e+1,1.140000000e+1,-3.346918750e+0,
-5.899218750e+1,1.159687500e+1,-3.524187500e+0,
-6.100000000e+1,1.101875000e+1,-3.253693750e+0,
-5.899218750e+1,1.059843750e+1,-3.435200000e+0,
-5.801562500e+1,1.059843750e+1,-2.982493750e+0,
-5.600781250e+1,1.040156250e+1,-3.254400000e+0,
-5.700000000e+1,1.080156250e+1,-2.984612500e+0,
-5.900000000e+1,1.080000000e+1,-2.985318750e+0,
-5.799218750e+1,1.080156250e+1,-3.434493750e+0,
-6.000000000e+1,1.020000000e+1,-3.072893750e+0,
-5.701562500e+1,1.080468750e+1,-3.164706250e+0,
-5.600000000e+1,1.079375000e+1,-2.983200000e+0,
-5.601562500e+1,1.060156250e+1,-3.075012500e+0,
-5.700000000e+1,1.079531250e+1,-3.072187500e+0,
-5.500781250e+1,1.019843750e+1,-3.072893750e+0,
-5.600000000e+1,1.040781250e+1,-3.344093750e+0,
-5.599218750e+1,9.798437500e+0,-3.162587500e+0,
-5.301562500e+1,1.020312500e+1,-2.983200000e+0,
-5.297656250e+1,9.998437500e+0,-3.164000000e+0,
-5.500000000e+1,1.000000000e+1,-2.982493750e+0,
-5.403906250e+1,9.592187500e+0,-2.892800000e+0,
-5.201562500e+1,9.596875000e+0,-2.983200000e+0,
-5.296093750e+1,1.020468750e+1,-3.162587500e+0,
-5.498437500e+1,9.600000000e+0,-3.163293750e+0,
-5.301562500e+1,1.000625000e+1,-2.894918750e+0,
-5.601562500e+1,9.996875000e+0,-2.713412500e+0,
-5.296875000e+1,9.195312500e+0,-2.802400000e+0,
-5.198437500e+1,9.606250000e+0,-2.712706250e+0,
-5.000781250e+1,9.800000000e+0,-2.621600000e+0,
-5.196875000e+1,9.600000000e+0,-2.713412500e+0,
-5.203125000e+1,9.201562500e+0,-2.711293750e+0,
-5.000781250e+1,9.600000000e+0,-2.531200000e+0,
-5.000781250e+1,9.190625000e+0,-2.625837500e+0,
-4.902343750e+1,8.989062500e+0,-2.621600000e+0,
-4.796093750e+1,8.600000000e+0,-2.531200000e+0,
-5.199218750e+1,9.200000000e+0,-2.892800000e+0,
-4.898437500e+1,8.800000000e+0,-2.440800000e+0,
-5.100000000e+1,9.198437500e+0,-2.623012500e+0,
-4.898437500e+1,8.400000000e+0,-2.802400000e+0,
-4.900000000e+1,9.203125000e+0,-2.623012500e+0,
-4.900000000e+1,8.600000000e+0,-2.531906250e+0,
-4.900000000e+1,8.798437500e+0,-2.442918750e+0,
-4.900000000e+1,8.596875000e+0,-2.621600000e+0,
-5.000000000e+1,9.001562500e+0,-2.353225000e+0,
-5.000781250e+1,8.400000000e+0,-2.350400000e+0,
-4.901562500e+1,9.006250000e+0,-2.621600000e+0,
-4.599218750e+1,8.800000000e+0,-2.352518750e+0,
-4.899218750e+1,8.201562500e+0,-2.440800000e+0,
-4.800781250e+1,8.396875000e+0,-2.439387500e+0,
-4.701562500e+1,8.196875000e+0,-2.531200000e+0,
-4.400000000e+1,7.800000000e+0,-2.347575000e+0,
-4.600781250e+1,7.801562500e+0,-2.263531250e+0,
-4.398437500e+1,7.795312500e+0,-2.440800000e+0,
-4.603906250e+1,7.598437500e+0,-2.259293750e+0,
-4.798437500e+1,7.804687500e+0,-2.350400000e+0,
-4.401562500e+1,8.206250000e+0,-2.168187500e+0,
-4.400781250e+1,7.604687500e+0,-2.352518750e+0,
-4.200000000e+1,7.403125000e+0,-1.807293750e+0,
-4.496093750e+1,7.600000000e+0,-2.168893750e+0,
-4.503125000e+1,7.401562500e+0,-2.080612500e+0,
-4.303125000e+1,7.200000000e+0,-2.169600000e+0,
-4.299218750e+1,7.804687500e+0,-2.079200000e+0,
-4.402343750e+1,6.615625000e+0,-2.169600000e+0,
-4.395312500e+1,7.001562500e+0,-1.988093750e+0,
-4.100781250e+1,7.198437500e+0,-1.988800000e+0,
-4.402343750e+1,7.200000000e+0,-2.079200000e+0,
-4.196875000e+1,7.196875000e+0,-2.168893750e+0,
-4.200000000e+1,6.598437500e+0,-1.899812500e+0,
-4.100000000e+1,6.989062500e+0,-1.803762500e+0,
-4.100781250e+1,7.000000000e+0,-2.079200000e+0,
-4.002343750e+1,6.995312500e+0,-1.808000000e+0,
-3.995312500e+1,6.398437500e+0,-1.898400000e+0,
-4.302343750e+1,6.806250000e+0,-1.807293750e+0,
-3.801562500e+1,6.793750000e+0,-1.899106250e+0,
-4.195312500e+1,6.200000000e+0,-1.987387500e+0,
-4.100000000e+1,6.196875000e+0,-2.078493750e+0,
-4.199218750e+1,6.198437500e+0,-1.717600000e+0,
-3.899218750e+1,6.006250000e+0,-1.988800000e+0,
-4.001562500e+1,6.800000000e+0,-1.626493750e+0,
-4.000000000e+1,5.589062500e+0,-1.808706250e+0,
-4.000000000e+1,5.800000000e+0,-1.808000000e+0,
-3.900000000e+1,5.806250000e+0,-1.536800000e+0,
-3.900781250e+1,5.798437500e+0,-1.808706250e+0,
-3.900781250e+1,6.200000000e+0,-1.719718750e+0,
-3.800000000e+1,6.203125000e+0,-1.537506250e+0,
-4.000781250e+1,5.201562500e+0,-1.536800000e+0,
-4.000781250e+1,5.798437500e+0,-1.536800000e+0,
-3.800781250e+1,4.803125000e+0,-1.447812500e+0,
-3.898437500e+1,5.385937500e+0,-1.352468750e+0,
-3.800000000e+1,5.201562500e+0,-1.537506250e+0,
-3.500000000e+1,5.598437500e+0,-1.265600000e+0,
-3.605468750e+1,4.793750000e+0,-1.451343750e+0,
-3.797656250e+1,5.010937500e+0,-1.536800000e+0,
-3.400781250e+1,4.996875000e+0,-1.536800000e+0,
-3.700000000e+1,4.992187500e+0,-1.445693750e+0,
-3.400000000e+1,5.598437500e+0,-1.265600000e+0,
-3.900000000e+1,4.801562500e+0,-1.447106250e+0,
-3.700000000e+1,5.000000000e+0,-1.084093750e+0,
-3.500781250e+1,4.396875000e+0,-1.265600000e+0,
-3.499218750e+1,4.600000000e+0,-1.085506250e+0,
-3.500000000e+1,4.596875000e+0,-1.175200000e+0,
-3.500000000e+1,4.809375000e+0,-9.944000000e-1,
-3.397656250e+1,4.001562500e+0,-1.265600000e+0,
-3.299218750e+1,4.198437500e+0,-9.944000000e-1,
-3.303125000e+1,4.203125000e+0,-1.175906250e+0,
-3.500781250e+1,4.396875000e+0,-1.175906250e+0,
-3.295312500e+1,3.800000000e+0,-9.944000000e-1,
-3.103125000e+1,4.201562500e+0,-1.175906250e+0,
-3.400000000e+1,3.401562500e+0,-9.944000000e-1,
-3.102343750e+1,3.793750000e+0,-1.265600000e+0,
-3.299218750e+1,4.198437500e+0,-9.929875000e-1,
-3.302343750e+1,4.203125000e+0,-9.032937500e-1,
-3.099218750e+1,4.396875000e+0,-7.232000000e-1,
-3.299218750e+1,3.596875000e+0,-9.040000000e-1,
-3.104687500e+1,3.596875000e+0,-6.328000000e-1,
-2.996875000e+1,3.600000000e+0,-9.929875000e-1,
-2.800781250e+1,3.600000000e+0,-9.901625000e-1,
-3.001562500e+1,3.404687500e+0,-6.328000000e-1,
-2.898437500e+1,3.798437500e+0,-9.936937500e-1,
-2.900781250e+1,3.000000000e+0,-8.121875000e-1,
-3.100781250e+1,3.601562500e+0,-8.128937500e-1,
-3.100000000e+1,3.409375000e+0,-6.349187500e-1,
-3.000781250e+1,3.204687500e+0,-6.328000000e-1,
-3.000000000e+1,2.806250000e+0,-7.232000000e-1,
-2.800000000e+1,3.801562500e+0,-7.239062500e-1,
-3.000781250e+1,2.800000000e+0,-7.232000000e-1,
-2.900000000e+1,2.607812500e+0,-8.136000000e-1,
-2.900781250e+1,3.203125000e+0,-6.342125000e-1,
-2.800000000e+1,2.407812500e+0,-7.232000000e-1,
-2.900781250e+1,2.610937500e+0,-6.320937500e-1,
-2.697656250e+1,3.395312500e+0,-6.335062500e-1,
-2.598437500e+1,2.395312500e+0,-7.246125000e-1,
-2.499218750e+1,2.598437500e+0,-6.285625000e-1,
-2.500000000e+1,2.201562500e+0,-3.630125000e-1,
-2.500000000e+1,2.610937500e+0,-3.616000000e-1,
-2.599218750e+1,1.800000000e+0,-3.616000000e-1,
-2.300781250e+1,2.204687500e+0,-3.608937500e-1,
-2.496093750e+1,2.200000000e+0,-4.527062500e-1,
-2.700781250e+1,2.000000000e+0,-2.704937500e-1,
-2.401562500e+1,2.198437500e+0,-2.697875000e-1,
-2.599218750e+1,1.804687500e+0,-4.534125000e-1,
-2.500781250e+1,1.795312500e+0,-1.793875000e-1,
-2.699218750e+1,1.800000000e+0,-3.608937500e-1,
-2.398437500e+1,1.600000000e+0,-4.534125000e-1,
-2.400000000e+1,1.800000000e+0,-2.712000000e-1,
-2.300781250e+1,1.795312500e+0,-1.800937500e-1,
-2.400781250e+1,1.598437500e+0,-4.498812500e-1,
-2.194531250e+1,2.025000000e+0,-3.637187500e-1,
-1.996875000e+1,7.984375000e-1,-1.808000000e-1,
-2.498437500e+1,1.600000000e+0,8.969375000e-2,
-2.200781250e+1,1.198437500e+0,-4.237500000e-3,
-2.300781250e+1,1.203125000e+0,-2.719062500e-1,
-2.003125000e+1,1.195312500e+0,-1.808000000e-1,
-1.999218750e+1,7.984375000e-1,-9.040000000e-2,
-2.094531250e+1,1.606250000e+0,8.969375000e-2,
-2.296875000e+1,6.000000000e-1,2.118750000e-3,
-1.796093750e+1,7.984375000e-1,-9.040000000e-2,
-1.903125000e+1,9.984375000e-1,1.829187500e-1,
-2.000000000e+1,5.968750000e-1,2.726125000e-1,
-1.900000000e+1,5.968750000e-1,9.040000000e-2,
-1.900781250e+1,6.062500000e-1,9.040000000e-2,
-2.101562500e+1,1.984375000e-1,9.040000000e-2,
-2.300000000e+1,6.000000000e-1,9.040000000e-2,
-2.000000000e+1,2.000000000e-1,1.808000000e-1,
-2.000000000e+1,6.015625000e-1,3.616000000e-1,
-2.100000000e+1,1.968750000e-1,9.181250000e-2,
-1.899218750e+1,0.000000000e+0,2.712000000e-1,
-1.800000000e+1,3.937500000e-1,3.616000000e-1,
-1.900000000e+1,4.000000000e-1,2.726125000e-1,
-1.800000000e+1,4.015625000e-1,1.808000000e-1,
-1.703125000e+1,-1.953125000e-1,2.719062500e-1,
-1.898437500e+1,6.031250000e-1,3.616000000e-1,
-1.399218750e+1,-1.562500000e-3,3.608937500e-1,
-1.702343750e+1,4.000000000e-1,4.520000000e-1,
-1.503125000e+1,-5.984375000e-1,5.424000000e-1,
-1.596875000e+1,0.000000000e+0,5.452250000e-1,
-1.699218750e+1,1.562500000e-3,3.616000000e-1,
-1.610937500e+1,-3.953125000e-1,6.335062500e-1,
-1.198437500e+1,1.984375000e-1,5.424000000e-1,
-1.596875000e+1,-7.921875000e-1,6.328000000e-1,
-1.308593750e+1,-6.125000000e-1,4.520000000e-1,
-1.300781250e+1,-5.968750000e-1,6.313875000e-1,
-1.300781250e+1,-1.198437500e+0,6.320937500e-1,
-1.400781250e+1,-1.201562500e+0,8.128937500e-1,
-1.399218750e+1,-1.193750000e+0,7.224937500e-1,
-1.201562500e+1,-2.000000000e-1,9.040000000e-1,
-1.400000000e+1,-9.906250000e-1,8.136000000e-1,
-1.100000000e+1,-1.412500000e+0,7.246125000e-1,
-1.294531250e+1,-1.001562500e+0,7.232000000e-1,
-1.402343750e+1,-1.203125000e+0,8.128937500e-1,
-1.100781250e+1,-1.407812500e+0,7.239062500e-1,
-1.198437500e+1,-1.598437500e+0,9.040000000e-1,
-1.103125000e+1,-1.195312500e+0,7.224937500e-1,
-9.976562500e+0,-1.200000000e+0,9.040000000e-1,
-1.200000000e+1,-1.401562500e+0,9.040000000e-1,
-8.960937500e+0,-1.600000000e+0,9.032937500e-1,
-9.007812500e+0,-1.993750000e+0,9.040000000e-1,
-1.100781250e+1,-1.195312500e+0,9.944000000e-1,
-1.000000000e+1,-1.600000000e+0,9.936937500e-1,
-9.992187500e+0,-2.004687500e+0,9.011750000e-1,
-1.200000000e+1,-2.201562500e+0,8.114812500e-1,
-8.992187500e+0,-1.804687500e+0,1.084800000e+0,
-9.015625000e+0,-1.601562500e+0,9.040000000e-1,
-6.000000000e+0,-2.007812500e+0,1.173787500e+0,
-9.000000000e+0,-2.401562500e+0,1.174493750e+0,
-7.015625000e+0,-2.200000000e+0,1.265600000e+0,
-5.953125000e+0,-2.400000000e+0,1.175200000e+0,
-1.100000000e+1,-2.200000000e+0,1.265600000e+0,
-8.000000000e+0,-2.398437500e+0,1.173787500e+0,
-1.100781250e+1,-2.204687500e+0,1.175200000e+0,
-8.968750000e+0,-2.801562500e+0,1.267012500e+0,
-7.000000000e+0,-2.600000000e+0,1.447812500e+0,
-8.000000000e+0,-3.004687500e+0,1.357412500e+0,
-7.000000000e+0,-3.004687500e+0,1.085506250e+0,
-3.992187500e+0,-2.798437500e+0,1.175906250e+0,
-4.992187500e+0,-2.601562500e+0,1.265600000e+0,
-6.007812500e+0,-3.003125000e+0,1.356000000e+0,
-4.015625000e+0,-3.200000000e+0,1.084800000e+0,
-3.015625000e+0,-2.803125000e+0,1.446400000e+0,
-2.000000000e+0,-3.398437500e+0,1.356000000e+0,
-3.960937500e+0,-3.200000000e+0,1.356000000e+0,
-5.984375000e+0,-3.400000000e+0,1.538918750e+0,
-4.015625000e+0,-2.996875000e+0,1.898400000e+0,
-6.992187500e+0,-3.203125000e+0,1.532562500e+0,
-2.984375000e+0,-3.803125000e+0,1.355293750e+0,
-6.046875000e+0,-3.596875000e+0,1.444281250e+0,
-4.976562500e+0,-3.595312500e+0,1.807293750e+0,
-2.039062500e+0,-3.800000000e+0,1.625081250e+0,
-9.765625000e-1,-3.800000000e+0,1.626493750e+0,
-2.992187500e+0,-3.800000000e+0,1.536093750e+0,
-3.015625000e+0,-3.804687500e+0,1.630731250e+0,
-2.343750000e-2,-4.001562500e+0,1.716893750e+0,
-9.453125000e-1,-3.800000000e+0,1.536800000e+0,
-4.000000000e+0,-3.795312500e+0,1.537506250e+0,
-9.531250000e-1,-4.001562500e+0,1.717600000e+0,
-7.812500000e-3,-4.201562500e+0,1.898400000e+0,
-2.000000000e+0,-4.400000000e+0,1.716187500e+0,
2.015625000e+0,-4.800000000e+0,1.807293750e+0,
2.000000000e+0,-4.200000000e+0,1.896987500e+0,
1.000000000e+0,-4.000000000e+0,2.077081250e+0,
-1.000000000e+0,-3.998437500e+0,1.717600000e+0,
-1.015625000e+0,-4.395312500e+0,1.896281250e+0,
2.992187500e+0,-4.800000000e+0,1.898400000e+0,
7.812500000e-3,-4.398437500e+0,1.988093750e+0,
9.921875000e-1,-4.600000000e+0,2.077787500e+0,
9.921875000e-1,-4.400000000e+0,2.259293750e+0,
2.968750000e+0,-4.793750000e+0,2.174543750e+0,
4.007812500e+0,-4.801562500e+0,1.988800000e+0,
0.000000000e+0,-5.000000000e+0,2.353225000e+0,
4.023437500e+0,-4.798437500e+0,2.161125000e+0,
2.984375000e+0,-5.009375000e+0,1.896987500e+0,
2.992187500e+0,-5.200000000e+0,1.993037500e+0,
2.007812500e+0,-5.201562500e+0,2.260000000e+0,
3.000000000e+0,-5.400000000e+0,2.171012500e+0,
9.921875000e-1,-5.201562500e+0,2.169600000e+0,
3.992187500e+0,-5.201562500e+0,2.170306250e+0,
3.007812500e+0,-5.200000000e+0,2.349693750e+0,
4.976562500e+0,-5.200000000e+0,2.262825000e+0,
5.968750000e+0,-5.400000000e+0,2.079200000e+0,
7.023437500e+0,-5.801562500e+0,2.349693750e+0,
3.953125000e+0,-5.598437500e+0,2.081318750e+0,
4.023437500e+0,-6.001562500e+0,2.170306250e+0,
5.000000000e+0,-6.000000000e+0,2.260000000e+0,
5.007812500e+0,-6.000000000e+0,2.169600000e+0,
5.960937500e+0,-5.801562500e+0,2.262118750e+0,
4.046875000e+0,-6.201562500e+0,2.440800000e+0,
9.992187500e+0,-6.007812500e+0,2.168187500e+0,
4.054687500e+0,-6.198437500e+0,2.531200000e+0,
6.929687500e+0,-6.398437500e+0,2.260000000e+0,
9.023437500e+0,-5.798437500e+0,2.440800000e+0,
6.984375000e+0,-5.800000000e+0,2.623012500e+0,
1.000000000e+1,-5.398437500e+0,2.712000000e+0,
6.062500000e+0,-5.798437500e+0,2.623718750e+0,
6.031250000e+0,-6.400000000e+0,2.349693750e+0,
6.984375000e+0,-6.400000000e+0,2.440800000e+0,
5.007812500e+0,-6.401562500e+0,2.621600000e+0,
8.007812500e+0,-6.800000000e+0,2.620893750e+0,
5.992187500e+0,-6.801562500e+0,2.531200000e+0,
7.000000000e+0,-7.000000000e+0,2.621600000e+0,
9.000000000e+0,-6.617187500e+0,2.621600000e+0,
6.984375000e+0,-6.398437500e+0,2.531906250e+0,
8.984375000e+0,-7.000000000e+0,2.892800000e+0,
9.992187500e+0,-6.398437500e+0,2.621600000e+0,
1.000000000e+1,-7.607812500e+0,2.800987500e+0,
1.100000000e+1,-7.392187500e+0,2.350400000e+0,
1.000000000e+1,-7.201562500e+0,2.707762500e+0,
1.000781250e+1,-7.192187500e+0,2.806637500e+0,
8.000000000e+0,-7.401562500e+0,2.711293750e+0,
1.000000000e+1,-7.400000000e+0,2.892800000e+0,
9.007812500e+0,-7.604687500e+0,2.707762500e+0,
1.201562500e+1,-7.790625000e+0,2.713412500e+0,
1.199218750e+1,-7.403125000e+0,2.983200000e+0,
1.099218750e+1,-7.804687500e+0,2.983200000e+0,
1.000000000e+1,-6.998437500e+0,2.983200000e+0,
1.000000000e+1,-7.598437500e+0,2.620893750e+0,
1.300000000e+1,-7.600000000e+0,3.166825000e+0,
1.199218750e+1,-7.600000000e+0,2.892800000e+0,
1.494531250e+1,-7.803125000e+0,2.802400000e+0,
1.603906250e+1,-8.201562500e+0,2.892800000e+0,
1.103125000e+1,-8.001562500e+0,3.163293750e+0,
1.104687500e+1,-8.198437500e+0,3.074306250e+0,
1.300000000e+1,-8.400000000e+0,2.983200000e+0,
1.198437500e+1,-8.403125000e+0,3.072893750e+0,
1.304687500e+1,-8.803125000e+0,2.891387500e+0,
1.498437500e+1,-8.800000000e+0,3.435200000e+0,
1.196093750e+1,-8.601562500e+0,3.257225000e+0,
1.292187500e+1,-8.601562500e+0,3.164000000e+0,
1.602343750e+1,-8.398437500e+0,3.164000000e+0,
1.200781250e+1,-8.801562500e+0,2.801693750e+0,
1.395312500e+1,-8.389062500e+0,3.165412500e+0,
1.700000000e+1,-8.201562500e+0,3.254400000e+0,
1.503906250e+1,-8.801562500e+0,3.164000000e+0,
1.493750000e+1,-8.596875000e+0,3.435200000e+0,
1.803906250e+1,-9.200000000e+0,3.164706250e+0,
1.797656250e+1,-8.800000000e+0,3.256518750e+0,
1.699218750e+1,-9.006250000e+0,3.435906250e+0,
1.700781250e+1,-9.200000000e+0,3.435906250e+0,
1.699218750e+1,-9.000000000e+0,3.254400000e+0,
1.600000000e+1,-9.203125000e+0,3.344800000e+0,
1.700000000e+1,-9.795312500e+0,3.255812500e+0,
1.898437500e+1,-9.601562500e+0,3.254400000e+0,
1.600000000e+1,-9.595312500e+0,3.344800000e+0,
1.700000000e+1,-8.998437500e+0,3.525600000e+0,
1.700781250e+1,-1.000000000e+1,3.435200000e+0,
1.900000000e+1,-1.039218750e+1,3.525600000e+0,
2.100000000e+1,-9.404687500e+0,3.527012500e+0,
1.898437500e+1,-9.993750000e+0,3.435200000e+0,
1.800781250e+1,-1.020000000e+1,3.435200000e+0,
1.898437500e+1,-1.019531250e+1,3.526306250e+0,
1.803125000e+1,-1.000000000e+1,3.708518750e+0,
2.204687500e+1,-1.041250000e+1,3.798212500e+0,
2.200000000e+1,-1.080312500e+1,3.886493750e+0,
2.300000000e+1,-1.099375000e+1,3.888612500e+0,
2.100000000e+1,-1.100000000e+1,3.524893750e+0,
2.298437500e+1,-1.059843750e+1,3.793268750e+0,
2.401562500e+1,-1.079843750e+1,3.976893750e+0,
2.200000000e+1,-1.099843750e+1,3.976893750e+0,
2.298437500e+1,-1.120000000e+1,3.887200000e+0,
2.299218750e+1,-1.099218750e+1,3.977600000e+0,
2.398437500e+1,-1.179375000e+1,3.978306250e+0,
2.302343750e+1,-1.140156250e+1,4.248093750e+0,
2.599218750e+1,-1.140156250e+1,4.160518750e+0,
2.402343750e+1,-1.100000000e+1,4.158400000e+0,
2.800781250e+1,-1.181093750e+1,4.248093750e+0,
2.499218750e+1,-1.200000000e+1,4.334962500e+0,
2.801562500e+1,-1.180000000e+1,4.611812500e+0,
2.601562500e+1,-1.200312500e+1,4.158400000e+0,
2.699218750e+1,-1.240000000e+1,4.156987500e+0,
2.699218750e+1,-1.260156250e+1,4.519293750e+0,
2.900000000e+1,-1.279843750e+1,4.155575000e+0,
2.704687500e+1,-1.260000000e+1,4.339200000e+0,
2.595312500e+1,-1.280000000e+1,4.520000000e+0,
3.096875000e+1,-1.259375000e+1,4.338493750e+0,
2.899218750e+1,-1.300000000e+1,4.699387500e+0,
3.201562500e+1,-1.280000000e+1,4.610400000e+0,
3.098437500e+1,-1.300156250e+1,4.701506250e+0,
3.200000000e+1,-1.299687500e+1,4.611812500e+0,
3.200000000e+1,-1.280000000e+1,4.520000000e+0,
3.499218750e+1,-1.319375000e+1,4.611106250e+0,
3.099218750e+1,-1.320625000e+1,4.699387500e+0,
3.300781250e+1,-1.280312500e+1,4.881600000e+0,
3.400000000e+1,-1.299843750e+1,4.791200000e+0,
3.500000000e+1,-1.339687500e+1,4.790493750e+0,
3.200000000e+1,-1.300156250e+1,4.882306250e+0,
3.201562500e+1,-1.360000000e+1,4.881600000e+0,
3.698437500e+1,-1.280156250e+1,5.238962500e+0,
3.500000000e+1,-1.360000000e+1,5.155625000e+0,
3.600000000e+1,-1.300156250e+1,4.971293750e+0,
3.799218750e+1,-1.321250000e+1,5.155625000e+0,
3.699218750e+1,-1.359531250e+1,5.333600000e+0,
3.798437500e+1,-1.300000000e+1,5.062400000e+0,
3.702343750e+1,-1.360000000e+1,5.424000000e+0,
4.198437500e+1,-1.400000000e+1,5.243200000e+0,
3.805468750e+1,-1.380000000e+1,5.242493750e+0,
3.896875000e+1,-1.399843750e+1,5.243200000e+0,
3.904687500e+1,-1.439687500e+1,5.243200000e+0,
3.701562500e+1,-1.380000000e+1,5.243200000e+0,
3.793750000e+1,-1.439843750e+1,5.333600000e+0,
3.995312500e+1,-1.401093750e+1,5.512281250e+0,
4.100000000e+1,-1.439218750e+1,5.695200000e+0,
4.099218750e+1,-1.500468750e+1,5.515812500e+0,
4.000000000e+1,-1.419687500e+1,5.331481250e+0,
4.100000000e+1,-1.460312500e+1,5.241787500e+0,
3.998437500e+1,-1.440000000e+1,5.695200000e+0,
3.900000000e+1,-1.460156250e+1,5.514400000e+0,
4.000000000e+1,-1.440000000e+1,5.691668750e+0,
4.099218750e+1,-1.479687500e+1,5.514400000e+0,
4.001562500e+1,-1.520000000e+1,5.332893750e+0,
3.800000000e+1,-1.520312500e+1,5.426825000e+0,
3.898437500e+1,-1.540625000e+1,5.604800000e+0,
3.999218750e+1,-1.539843750e+1,5.516518750e+0,
4.099218750e+1,-1.520156250e+1,5.966400000e+0,
4.200781250e+1,-1.520156250e+1,5.604800000e+0,
4.301562500e+1,-1.540000000e+1,5.515812500e+0,
4.298437500e+1,-1.599843750e+1,5.606212500e+0,
3.998437500e+1,-1.539687500e+1,5.604800000e+0,
4.201562500e+1,-1.560000000e+1,5.422587500e+0,
4.400781250e+1,-1.540156250e+1,5.516518750e+0,
4.000000000e+1,-1.579375000e+1,5.694493750e+0,
4.300000000e+1,-1.560312500e+1,5.876000000e+0,
4.000000000e+1,-1.580468750e+1,5.966400000e+0,
4.299218750e+1,-1.620312500e+1,5.967106250e+0,
4.100000000e+1,-1.599843750e+1,5.786306250e+0,
3.900000000e+1,-1.560000000e+1,5.695200000e+0,
4.097656250e+1,-1.599843750e+1,5.871762500e+0,
4.100000000e+1,-1.620156250e+1,5.874587500e+0,
4.098437500e+1,-1.600000000e+1,5.513693750e+0,
4.400781250e+1,-1.599375000e+1,5.694493750e+0,
4.296875000e+1,-1.560000000e+1,5.419762500e+0,
4.200000000e+1,-1.621250000e+1,5.432475000e+0,
4.399218750e+1,-1.639531250e+1,5.964987500e+0,
4.300000000e+1,-1.599531250e+1,5.697318750e+0,
4.200781250e+1,-1.640000000e+1,5.876706250e+0,
4.498437500e+1,-1.599531250e+1,5.876000000e+0,
4.501562500e+1,-1.620312500e+1,5.785600000e+0,
4.400000000e+1,-1.680000000e+1,5.695906250e+0,
4.396875000e+1,-1.660312500e+1,6.056800000e+0,
4.696875000e+1,-1.700156250e+1,5.876000000e+0,
4.701562500e+1,-1.641406250e+1,5.785600000e+0,
4.598437500e+1,-1.680000000e+1,5.876706250e+0,
4.499218750e+1,-1.719531250e+1,6.056093750e+0,
4.500000000e+1,-1.640000000e+1,6.056093750e+0,
4.499218750e+1,-1.700937500e+1,6.056800000e+0,
4.500781250e+1,-1.719687500e+1,6.056800000e+0,
4.701562500e+1,-1.719375000e+1,5.966400000e+0,
4.802343750e+1,-1.760000000e+1,5.966400000e+0,
4.600000000e+1,-1.759687500e+1,5.966400000e+0,
4.799218750e+1,-1.720000000e+1,6.056800000e+0,
4.799218750e+1,-1.739218750e+1,6.148612500e+0,
4.896875000e+1,-1.700937500e+1,6.328706250e+0,
5.200781250e+1,-1.820000000e+1,6.328000000e+0,
4.806250000e+1,-1.763906250e+1,6.145787500e+0,
4.803125000e+1,-1.680468750e+1,6.056800000e+0,
4.899218750e+1,-1.780312500e+1,6.147906250e+0,
4.700781250e+1,-1.740000000e+1,6.328706250e+0,
5.100781250e+1,-1.820625000e+1,6.418400000e+0,
4.999218750e+1,-1.820000000e+1,6.327293750e+0,
5.200000000e+1,-1.780156250e+1,6.509506250e+0,
5.000000000e+1,-1.780156250e+1,6.508800000e+0,
4.799218750e+1,-1.779687500e+1,6.599906250e+0,
5.098437500e+1,-1.839843750e+1,6.418400000e+0,
5.200000000e+1,-1.819843750e+1,6.598493750e+0,
5.000000000e+1,-1.820000000e+1,6.508093750e+0,
5.298437500e+1,-1.800000000e+1,6.689600000e+0,
5.300000000e+1,-1.839375000e+1,6.511625000e+0,
5.400000000e+1,-1.840000000e+1,6.508800000e+0,
5.300000000e+1,-1.840000000e+1,6.597081250e+0,
5.501562500e+1,-1.841250000e+1,6.418400000e+0,
5.497656250e+1,-1.900156250e+1,6.691718750e+0,
5.400000000e+1,-1.859843750e+1,6.778587500e+0,
5.603125000e+1,-1.880156250e+1,6.688187500e+0,
5.700781250e+1,-1.860156250e+1,6.686068750e+0,
5.301562500e+1,-1.879843750e+1,6.871812500e+0,
5.199218750e+1,-1.859687500e+1,6.507387500e+0,
5.396875000e+1,-1.840000000e+1,6.778587500e+0,
5.597656250e+1,-1.860000000e+1,6.871106250e+0,
5.702343750e+1,-1.860000000e+1,6.870400000e+0,
5.498437500e+1,-1.939531250e+1,6.869693750e+0,
5.699218750e+1,-1.920937500e+1,6.873225000e+0,
5.394531250e+1,-1.900000000e+1,6.691012500e+0,
5.401562500e+1,-1.900000000e+1,7.321693750e+0,
5.602343750e+1,-1.920000000e+1,6.870400000e+0,
5.699218750e+1,-1.979843750e+1,7.052612500e+0,
5.598437500e+1,-1.879687500e+1,6.871106250e+0,
5.600000000e+1,-1.939218750e+1,6.870400000e+0,
5.600781250e+1,-1.900000000e+1,6.871106250e+0,
5.597656250e+1,-1.940000000e+1,7.051200000e+0,
5.800000000e+1,-1.920312500e+1,7.322400000e+0,
5.601562500e+1,-2.000156250e+1,7.049787500e+0,
5.598437500e+1,-1.939218750e+1,7.232000000e+0,
5.600781250e+1,-1.959531250e+1,7.054025000e+0,
5.497656250e+1,-2.000312500e+1,6.870400000e+0,
5.501562500e+1,-1.919687500e+1,7.141600000e+0,
5.800781250e+1,-1.920468750e+1,6.960800000e+0,
5.697656250e+1,-1.960000000e+1,6.961506250e+0,
5.700781250e+1,-1.980000000e+1,7.140893750e+0,
5.900000000e+1,-1.980000000e+1,6.780000000e+0,
5.699218750e+1,-2.000000000e+1,7.140187500e+0,
5.800781250e+1,-1.999843750e+1,7.140893750e+0,
5.700000000e+1,-2.040000000e+1,6.960800000e+0,
5.699218750e+1,-1.980312500e+1,7.050493750e+0,
5.799218750e+1,-1.960312500e+1,7.051200000e+0,
5.599218750e+1,-2.020937500e+1,7.141600000e+0,
5.999218750e+1,-2.040468750e+1,7.049081250e+0,
5.703906250e+1,-1.982031250e+1,7.412093750e+0,
5.700000000e+1,-1.980625000e+1,7.051906250e+0,
6.000000000e+1,-2.040468750e+1,7.232706250e+0,
5.697656250e+1,-2.060000000e+1,7.317456250e+0,
5.900781250e+1,-2.038750000e+1,7.051200000e+0,
5.901562500e+1,-2.000156250e+1,7.232000000e+0,
6.198437500e+1,-2.000625000e+1,7.050493750e+0,
5.600000000e+1,-1.940000000e+1,7.051200000e+0,
6.100000000e+1,-1.999843750e+1,7.141600000e+0,
6.000000000e+1,-2.000000000e+1,7.051200000e+0,
6.001562500e+1,-2.020000000e+1,7.232000000e+0,
5.600781250e+1,-2.020156250e+1,7.140893750e+0,
5.895312500e+1,-2.060156250e+1,7.322400000e+0,
5.901562500e+1,-2.040000000e+1,7.323106250e+0,
5.798437500e+1,-2.079843750e+1,7.052612500e+0,
5.799218750e+1,-2.080156250e+1,6.960800000e+0,
5.803906250e+1,-2.039062500e+1,7.142306250e+0,
6.099218750e+1,-2.000468750e+1,7.140893750e+0,
5.797656250e+1,-2.080000000e+1,7.232000000e+0,
5.899218750e+1,-2.060156250e+1,7.321693750e+0,
5.700000000e+1,-2.060156250e+1,7.232706250e+0,
5.897656250e+1,-2.040156250e+1,7.051200000e+0,
5.800000000e+1,-2.020156250e+1,7.053318750e+0,
5.799218750e+1,-2.019687500e+1,7.323106250e+0,
5.897656250e+1,-2.000156250e+1,7.232000000e+0,
6.003906250e+1,-2.060312500e+1,7.232000000e+0,
5.596875000e+1,-2.079062500e+1,7.232706250e+0,
6.000000000e+1,-2.120000000e+1,7.141600000e+0,
5.596093750e+1,-2.000000000e+1,7.142306250e+0,
5.905468750e+1,-2.040468750e+1,7.232000000e+0,
6.099218750e+1,-2.020156250e+1,7.230587500e+0,
5.999218750e+1,-2.060000000e+1,7.504612500e+0,
5.899218750e+1,-2.020000000e+1,7.411387500e+0,
5.900000000e+1,-2.037968750e+1,7.231293750e+0,
5.901562500e+1,-2.099687500e+1,7.322400000e+0,
6.100000000e+1,-2.119687500e+1,7.141600000e+0,
5.900000000e+1,-2.080156250e+1,7.412093750e+0,
5.800000000e+1,-2.080000000e+1,7.141600000e+0,
6.000000000e+1,-2.039687500e+1,7.232000000e+0,
6.100781250e+1,-2.020156250e+1,7.414212500e+0,
5.898437500e+1,-2.039531250e+1,7.322400000e+0,
5.802343750e+1,-2.100156250e+1,7.504612500e+0,
6.201562500e+1,-2.079687500e+1,7.320281250e+0,
5.996875000e+1,-2.080156250e+1,7.051200000e+0,
6.100781250e+1,-2.059062500e+1,7.329462500e+0,
6.100781250e+1,-2.040468750e+1,7.503200000e+0,
6.300000000e+1,-2.099218750e+1,7.321693750e+0,
5.898437500e+1,-2.080000000e+1,7.593600000e+0,
5.899218750e+1,-2.100468750e+1,7.416331250e+0,
6.097656250e+1,-2.120156250e+1,7.231293750e+0,
6.200000000e+1,-2.060312500e+1,7.593600000e+0,
6.000000000e+1,-2.040156250e+1,7.232706250e+0,
6.101562500e+1,-2.078906250e+1,7.411387500e+0,
5.798437500e+1,-2.120000000e+1,7.321693750e+0,
6.105468750e+1,-2.100000000e+1,7.501787500e+0,
6.199218750e+1,-2.120000000e+1,7.595718750e+0,
6.200781250e+1,-2.120000000e+1,7.322400000e+0,
6.192968750e+1,-2.099687500e+1,7.321693750e+0,
5.800781250e+1,-2.080000000e+1,7.412800000e+0,
6.304687500e+1,-2.101250000e+1,7.236237500e+0,
6.203125000e+1,-2.060156250e+1,7.141600000e+0,
6.099218750e+1,-2.140000000e+1,7.592893750e+0,
6.200000000e+1,-2.119843750e+1,7.315337500e+0,
6.100781250e+1,-2.100937500e+1,7.143718750e+0,
5.999218750e+1,-2.159843750e+1,7.593600000e+0,
6.098437500e+1,-2.060312500e+1,7.503200000e+0,
6.100781250e+1,-2.077812500e+1,7.503200000e+0,
6.100781250e+1,-2.100000000e+1,7.412093750e+0,
6.200781250e+1,-2.080156250e+1,7.412800000e+0,
6.198437500e+1,-2.080156250e+1,7.232706250e+0,
6.100000000e+1,-2.119843750e+1,7.502493750e+0,
6.200000000e+1,-2.060468750e+1,7.322400000e+0,
5.999218750e+1,-2.079062500e+1,7.413506250e+0,
6.100000000e+1,-2.119687500e+1,7.593600000e+0,
6.000000000e+1,-2.100625000e+1,7.503906250e+0,
6.100000000e+1,-2.040156250e+1,7.503200000e+0,
6.100000000e+1,-2.081093750e+1,7.502493750e+0,
6.100000000e+1,-2.140312500e+1,7.592893750e+0,
6.200000000e+1,-2.140000000e+1,7.593600000e+0,
6.099218750e+1,-2.140781250e+1,7.596425000e+0,
6.300000000e+1,-2.100156250e+1,7.323812500e+0,
6.100000000e+1,-2.119843750e+1,7.323106250e+0,
6.100781250e+1,-2.139843750e+1,7.505318750e+0,
6.200000000e+1,-2.120312500e+1,7.684000000e+0,
6.200000000e+1,-2.160000000e+1,7.412093750e+0,
6.300781250e+1,-2.120000000e+1,7.684000000e+0,
6.301562500e+1,-2.099843750e+1,7.593600000e+0,
6.198437500e+1,-2.160000000e+1,7.410681250e+0,
6.302343750e+1,-2.160156250e+1,7.684000000e+0,
5.998437500e+1,-2.119843750e+1,7.501787500e+0,
6.298437500e+1,-2.120000000e+1,7.320987500e+0,
6.099218750e+1,-2.119843750e+1,7.593600000e+0,
6.396093750e+1,-2.120781250e+1,7.594306250e+0,
6.096093750e+1,-2.080000000e+1,7.681881250e+0,
6.000781250e+1,-2.139687500e+1,7.774400000e+0,
6.300781250e+1,-2.160312500e+1,7.591481250e+0,
6.199218750e+1,-2.179375000e+1,7.323812500e+0,
6.100781250e+1,-2.100000000e+1,7.232000000e+0,
6.300000000e+1,-2.179531250e+1,7.503200000e+0,
6.200000000e+1,-2.141875000e+1,7.861975000e+0,
6.299218750e+1,-2.120312500e+1,7.774400000e+0,
6.200781250e+1,-2.080156250e+1,7.863387500e+0,
6.100000000e+1,-2.142031250e+1,7.590775000e+0,
6.099218750e+1,-2.159218750e+1,7.593600000e+0,
6.296093750e+1,-2.120000000e+1,7.685412500e+0,
6.403906250e+1,-2.159843750e+1,7.774400000e+0,
5.998437500e+1,-2.160000000e+1,7.593600000e+0,
6.306250000e+1,-2.160000000e+1,7.503906250e+0,
6.398437500e+1,-2.120312500e+1,7.593600000e+0,
6.000000000e+1,-2.159687500e+1,7.593600000e+0,
6.300000000e+1,-2.100000000e+1,7.684706250e+0,
6.100000000e+1,-2.200781250e+1,7.775106250e+0,
6.300000000e+1,-2.142812500e+1,7.687531250e+0,
6.099218750e+1,-2.099687500e+1,7.322400000e+0,
6.099218750e+1,-2.160312500e+1,7.684706250e+0,
6.298437500e+1,-2.160156250e+1,7.593600000e+0,
6.400000000e+1,-2.180000000e+1,7.593600000e+0,
6.200000000e+1,-2.139687500e+1,7.503906250e+0,
6.400781250e+1,-2.140000000e+1,7.771575000e+0,
6.100000000e+1,-2.159375000e+1,7.683293750e+0,
6.399218750e+1,-2.179531250e+1,7.591481250e+0,
6.300000000e+1,-2.099843750e+1,7.503200000e+0,
6.500000000e+1,-2.160312500e+1,7.684000000e+0,
6.299218750e+1,-2.119843750e+1,7.501081250e+0,
6.400781250e+1,-2.160781250e+1,7.592893750e+0,
6.000000000e+1,-2.161093750e+1,7.591481250e+0,
6.400781250e+1,-2.099687500e+1,7.773693750e+0,
6.200781250e+1,-2.060156250e+1,7.412800000e+0,
6.197656250e+1,-2.140625000e+1,7.684000000e+0,
6.300781250e+1,-2.200000000e+1,7.683293750e+0,
6.000781250e+1,-2.158593750e+1,7.593600000e+0,
6.293750000e+1,-2.100156250e+1,7.503200000e+0,
6.500781250e+1,-2.119687500e+1,7.412093750e+0,
6.298437500e+1,-2.120000000e+1,7.594306250e+0,
6.298437500e+1,-2.160468750e+1,7.683293750e+0,
6.100781250e+1,-2.180000000e+1,7.774400000e+0,
6.299218750e+1,-2.139687500e+1,7.774400000e+0,
5.996875000e+1,-2.160312500e+1,7.774400000e+0,
6.101562500e+1,-2.179843750e+1,7.685412500e+0,
6.200000000e+1,-2.180000000e+1,7.413506250e+0,
6.197656250e+1,-2.159843750e+1,7.684000000e+0,
6.300781250e+1,-2.140000000e+1,7.503200000e+0,
6.000000000e+1,-2.158906250e+1,7.777225000e+0,
6.196093750e+1,-2.100156250e+1,7.592187500e+0,
6.500000000e+1,-2.180000000e+1,7.503200000e+0,
6.302343750e+1,-2.142031250e+1,7.503906250e+0,
6.402343750e+1,-2.099843750e+1,7.684000000e+0,
6.399218750e+1,-2.120312500e+1,7.593600000e+0,
6.202343750e+1,-2.180000000e+1,7.776518750e+0,
6.600000000e+1,-2.119531250e+1,7.865506250e+0,
6.200000000e+1,-2.120000000e+1,7.594306250e+0,
6.500000000e+1,-2.119843750e+1,7.594306250e+0,
6.200000000e+1,-2.140625000e+1,7.503200000e+0,
6.100000000e+1,-2.099218750e+1,7.501787500e+0,
6.199218750e+1,-2.220156250e+1,7.684000000e+0,
6.300781250e+1,-2.078906250e+1,7.684000000e+0,
6.000000000e+1,-2.120000000e+1,7.590775000e+0,
6.398437500e+1,-2.180000000e+1,7.865506250e+0,
6.400781250e+1,-2.121093750e+1,7.417037500e+0,
6.201562500e+1,-2.120156250e+1,7.593600000e+0,
5.900000000e+1,-2.140000000e+1,7.595012500e+0,
6.503125000e+1,-2.160625000e+1,7.678350000e+0,
6.296093750e+1,-2.138125000e+1,7.322400000e+0,
6.200000000e+1,-2.060156250e+1,7.687531250e+0,
6.200781250e+1,-2.140781250e+1,7.591481250e+0,
6.200000000e+1,-2.143125000e+1,7.593600000e+0,
6.099218750e+1,-2.099531250e+1,7.591481250e+0,
6.299218750e+1,-2.180000000e+1,7.771575000e+0,
6.203906250e+1,-2.079843750e+1,7.412093750e+0,
5.997656250e+1,-2.120000000e+1,7.861268750e+0,
6.298437500e+1,-2.080000000e+1,7.774400000e+0,
6.100000000e+1,-2.159531250e+1,7.688237500e+0,
6.300000000e+1,-2.140625000e+1,7.322400000e+0,
6.203906250e+1,-2.160156250e+1,7.595012500e+0,
6.600000000e+1,-2.159531250e+1,7.683293750e+0,
6.196875000e+1,-2.120000000e+1,7.774400000e+0,
6.296875000e+1,-2.180156250e+1,7.411387500e+0,
6.001562500e+1,-2.159218750e+1,7.682587500e+0,
6.502343750e+1,-2.119375000e+1,7.779343750e+0,
6.303906250e+1,-2.140156250e+1,7.412093750e+0,
6.296875000e+1,-2.100156250e+1,7.684000000e+0,
6.401562500e+1,-2.160312500e+1,7.503200000e+0,
6.100781250e+1,-2.119531250e+1,7.594306250e+0,
6.100000000e+1,-2.120156250e+1,7.502493750e+0,
6.000000000e+1,-2.139843750e+1,7.502493750e+0,
6.100781250e+1,-2.180156250e+1,7.502493750e+0,
6.099218750e+1,-2.119687500e+1,7.412800000e+0,
6.099218750e+1,-2.099843750e+1,7.503200000e+0,
6.201562500e+1,-2.100000000e+1,7.594306250e+0,
6.500781250e+1,-2.180156250e+1,7.684000000e+0,
6.400000000e+1,-2.140000000e+1,7.593600000e+0,
6.097656250e+1,-2.199375000e+1,7.412800000e+0,
5.800781250e+1,-2.160156250e+1,7.503906250e+0,
6.197656250e+1,-2.180000000e+1,7.683293750e+0,
6.400781250e+1,-2.140156250e+1,7.684000000e+0,
5.998437500e+1,-2.160312500e+1,7.593600000e+0,
5.998437500e+1,-2.159843750e+1,7.684000000e+0,
6.299218750e+1,-2.140312500e+1,7.682587500e+0,
6.103125000e+1,-2.119375000e+1,7.691062500e+0,
5.900000000e+1,-2.160625000e+1,7.322400000e+0,
6.000000000e+1,-2.179843750e+1,7.684706250e+0,
6.302343750e+1,-2.160156250e+1,7.589362500e+0,
6.196093750e+1,-2.158281250e+1,7.595012500e+0,
5.899218750e+1,-2.080000000e+1,7.593600000e+0,
6.101562500e+1,-2.119843750e+1,7.322400000e+0,
6.300000000e+1,-2.079687500e+1,7.593600000e+0,
6.000000000e+1,-2.099843750e+1,7.232000000e+0,
6.300000000e+1,-2.120000000e+1,7.503200000e+0,
6.200781250e+1,-2.159843750e+1,7.322400000e+0,
5.995312500e+1,-2.099843750e+1,7.773693750e+0,
6.400781250e+1,-2.119531250e+1,7.412800000e+0,
5.803125000e+1,-2.160000000e+1,7.503200000e+0,
5.903125000e+1,-2.140156250e+1,7.321693750e+0,
5.899218750e+1,-2.140000000e+1,7.685412500e+0,
6.004687500e+1,-2.160156250e+1,7.682587500e+0,
6.199218750e+1,-2.139687500e+1,7.413506250e+0,
5.997656250e+1,-2.100000000e+1,7.412800000e+0,
5.997656250e+1,-2.099843750e+1,7.684000000e+0,
5.893750000e+1,-2.139843750e+1,7.323812500e+0,
6.396875000e+1,-2.159843750e+1,7.232000000e+0,
6.100781250e+1,-2.139375000e+1,7.413506250e+0,
6.099218750e+1,-2.060000000e+1,7.412800000e+0,
5.999218750e+1,-2.120156250e+1,7.412800000e+0,
6.101562500e+1,-2.100000000e+1,7.412800000e+0,
5.898437500e+1,-2.119843750e+1,7.500375000e+0,
6.202343750e+1,-2.120000000e+1,7.594306250e+0,
6.100000000e+1,-2.140000000e+1,7.322400000e+0,
6.198437500e+1,-2.119531250e+1,7.593600000e+0,
5.897656250e+1,-2.100000000e+1,7.412800000e+0,
6.001562500e+1,-2.120000000e+1,7.595012500e+0,
6.300781250e+1,-2.080000000e+1,7.592893750e+0,
6.200000000e+1,-2.119218750e+1,7.501787500e+0,
5.999218750e+1,-2.100156250e+1,7.593600000e+0,
6.000000000e+1,-2.100000000e+1,7.232000000e+0,
6.000000000e+1,-2.080000000e+1,7.410681250e+0,
5.900000000e+1,-2.080000000e+1,7.322400000e+0,
6.000000000e+1,-2.080000000e+1,7.322400000e+0,
6.000781250e+1,-2.099375000e+1,7.140893750e+0,
5.899218750e+1,-2.120156250e+1,7.322400000e+0,
5.900000000e+1,-2.100156250e+1,7.322400000e+0,
6.003906250e+1,-2.098906250e+1,7.503906250e+0,
6.196875000e+1,-2.019843750e+1,7.501081250e+0,
5.794531250e+1,-2.102812500e+1,7.412800000e+0,
5.900781250e+1,-2.159687500e+1,7.502493750e+0,
6.100000000e+1,-2.082968750e+1,7.503200000e+0,
5.599218750e+1,-2.060000000e+1,7.412800000e+0,
5.898437500e+1,-2.079531250e+1,7.592893750e+0,
5.900781250e+1,-2.019843750e+1,7.413506250e+0,
5.999218750e+1,-2.119687500e+1,7.321693750e+0,
6.102343750e+1,-2.099843750e+1,7.322400000e+0,
5.801562500e+1,-2.059843750e+1,7.321693750e+0,
5.795312500e+1,-2.099843750e+1,7.503906250e+0,
5.604687500e+1,-2.080000000e+1,7.503200000e+0,
6.100000000e+1,-2.100000000e+1,7.414918750e+0,
5.799218750e+1,-2.080000000e+1,7.232000000e+0,
6.100000000e+1,-2.060156250e+1,7.321693750e+0,
5.797656250e+1,-2.080000000e+1,7.323106250e+0,
6.003125000e+1,-2.061718750e+1,7.233412500e+0,
6.000781250e+1,-2.040156250e+1,7.141600000e+0,
5.902343750e+1,-2.080000000e+1,7.141600000e+0,
5.799218750e+1,-2.020312500e+1,7.140893750e+0,
6.100000000e+1,-2.141093750e+1,7.143012500e+0,
5.699218750e+1,-2.079375000e+1,7.322400000e+0,
6.099218750e+1,-2.060312500e+1,7.141600000e+0,
5.702343750e+1,-2.022656250e+1,7.412093750e+0,
5.899218750e+1,-2.000000000e+1,7.232706250e+0,
5.600000000e+1,-2.099843750e+1,7.412800000e+0,
5.901562500e+1,-2.039687500e+1,7.412093750e+0,
5.699218750e+1,-2.020468750e+1,7.234118750e+0,
5.700000000e+1,-2.079687500e+1,7.051200000e+0,
6.000000000e+1,-2.060625000e+1,7.232000000e+0,
5.698437500e+1,-2.040468750e+1,7.141600000e+0,
5.600000000e+1,-2.019687500e+1,7.321693750e+0,
5.800000000e+1,-2.060000000e+1,7.232000000e+0,
5.700000000e+1,-2.019687500e+1,7.232000000e+0,
5.500000000e+1,-2.040156250e+1,7.232706250e+0,
5.701562500e+1,-2.060000000e+1,7.141600000e+0,
5.898437500e+1,-2.000625000e+1,7.316043750e+0,
6.000781250e+1,-2.039843750e+1,7.506025000e+0,
5.700000000e+1,-2.060000000e+1,7.050493750e+0,
5.700000000e+1,-2.060156250e+1,7.416331250e+0,
5.802343750e+1,-2.038437500e+1,7.322400000e+0,
6.098437500e+1,-1.939843750e+1,7.140893750e+0,
5.799218750e+1,-1.980000000e+1,7.051200000e+0,
5.998437500e+1,-1.940000000e+1,6.960800000e+0,
5.804687500e+1,-1.980000000e+1,7.049787500e+0,
5.698437500e+1,-1.979687500e+1,7.141600000e+0,
5.800000000e+1,-2.060625000e+1,7.232000000e+0,
5.703906250e+1,-2.059843750e+1,7.141600000e+0,
5.602343750e+1,-2.000468750e+1,7.141600000e+0,
5.595312500e+1,-1.981406250e+1,7.051200000e+0,
5.800000000e+1,-1.939375000e+1,7.229175000e+0,
5.699218750e+1,-2.040000000e+1,7.322400000e+0,
5.700781250e+1,-1.959687500e+1,7.228468750e+0,
5.899218750e+1,-2.020312500e+1,6.960093750e+0,
5.600000000e+1,-1.980000000e+1,7.322400000e+0,
5.900000000e+1,-2.000000000e+1,7.051200000e+0,
5.700000000e+1,-1.980468750e+1,7.228468750e+0,
5.896875000e+1,-1.999843750e+1,7.141600000e+0,
5.803125000e+1,-2.020000000e+1,7.139481250e+0,
5.500000000e+1,-1.999687500e+1,6.961506250e+0,
5.700781250e+1,-1.979062500e+1,7.140893750e+0,
5.300781250e+1,-1.960781250e+1,6.868281250e+0,
5.693750000e+1,-2.040000000e+1,6.960800000e+0,
5.799218750e+1,-1.979687500e+1,7.051200000e+0,
5.696093750e+1,-1.940000000e+1,7.050493750e+0,
5.500000000e+1,-1.960937500e+1,7.142306250e+0,
5.702343750e+1,-2.000312500e+1,7.232000000e+0,
5.799218750e+1,-1.980000000e+1,7.230587500e+0,
5.600781250e+1,-1.919375000e+1,7.049787500e+0,
5.600000000e+1,-1.919062500e+1,7.139481250e+0,
5.400000000e+1,-1.979531250e+1,7.232000000e+0,
5.599218750e+1,-1.999375000e+1,7.051200000e+0,
5.599218750e+1,-1.940156250e+1,7.232706250e+0,
5.700000000e+1,-2.000000000e+1,6.871812500e+0,
5.700781250e+1,-1.939531250e+1,6.780706250e+0,
5.402343750e+1,-1.940000000e+1,7.046256250e+0,
5.400000000e+1,-1.940000000e+1,7.141600000e+0,
5.399218750e+1,-1.939843750e+1,7.049787500e+0,
5.600000000e+1,-1.920156250e+1,6.959387500e+0,
5.500781250e+1,-1.940000000e+1,6.778587500e+0,
5.699218750e+1,-1.899531250e+1,6.783531250e+0,
5.300781250e+1,-1.900156250e+1,6.960800000e+0,
5.500000000e+1,-1.900156250e+1,6.779293750e+0,
5.599218750e+1,-1.900000000e+1,6.960093750e+0,
5.400781250e+1,-1.899843750e+1,6.689600000e+0,
5.297656250e+1,-1.900156250e+1,6.689600000e+0,
5.400781250e+1,-1.940000000e+1,6.870400000e+0,
5.100781250e+1,-1.899687500e+1,6.780000000e+0,
5.393750000e+1,-1.920000000e+1,6.689600000e+0,
5.602343750e+1,-1.900625000e+1,6.689600000e+0,
5.298437500e+1,-1.900000000e+1,6.781412500e+0,
5.400781250e+1,-1.900156250e+1,7.050493750e+0,
5.196875000e+1,-1.920156250e+1,6.957268750e+0,
5.099218750e+1,-1.920781250e+1,6.689600000e+0,
5.204687500e+1,-1.979843750e+1,6.960800000e+0,
5.600781250e+1,-1.901093750e+1,6.689600000e+0,
5.404687500e+1,-1.920000000e+1,6.961506250e+0,
5.296875000e+1,-1.919843750e+1,6.597081250e+0,
5.500000000e+1,-1.900000000e+1,6.508093750e+0,
5.300781250e+1,-1.919687500e+1,6.512331250e+0,
5.298437500e+1,-1.879375000e+1,6.871812500e+0,
5.300781250e+1,-1.900000000e+1,6.960800000e+0,
5.200000000e+1,-1.901875000e+1,6.689600000e+0,
5.199218750e+1,-1.840156250e+1,6.960800000e+0,
4.998437500e+1,-1.900156250e+1,6.778587500e+0,
4.902343750e+1,-1.860000000e+1,6.688893750e+0,
5.401562500e+1,-1.880156250e+1,6.688187500e+0,
5.300781250e+1,-1.860000000e+1,6.960093750e+0,
5.200000000e+1,-1.859687500e+1,6.868281250e+0,
4.800000000e+1,-1.880312500e+1,6.689600000e+0,
4.898437500e+1,-1.840000000e+1,6.595668750e+0,
5.198437500e+1,-1.880000000e+1,7.051200000e+0,
5.301562500e+1,-1.839687500e+1,6.691012500e+0,
4.800000000e+1,-1.860000000e+1,6.597081250e+0,
5.199218750e+1,-1.900156250e+1,6.779293750e+0,
5.001562500e+1,-1.820156250e+1,6.693131250e+0,
5.198437500e+1,-1.859843750e+1,6.599200000e+0,
5.300000000e+1,-1.780000000e+1,6.780000000e+0,
5.099218750e+1,-1.861406250e+1,6.498912500e+0,
5.100000000e+1,-1.839062500e+1,6.329412500e+0,
5.000000000e+1,-1.840156250e+1,6.601318750e+0,
5.100781250e+1,-1.840156250e+1,6.506681250e+0,
5.000781250e+1,-1.841250000e+1,6.505975000e+0,
4.900781250e+1,-1.800156250e+1,6.689600000e+0,
4.700000000e+1,-1.800000000e+1,6.507387500e+0,
4.897656250e+1,-1.780156250e+1,6.508800000e+0,
4.997656250e+1,-1.819687500e+1,6.418400000e+0,
5.200000000e+1,-1.860000000e+1,6.508800000e+0,
5.003125000e+1,-1.820468750e+1,6.508800000e+0,
4.896875000e+1,-1.820000000e+1,6.509506250e+0,
4.805468750e+1,-1.820000000e+1,6.418400000e+0,
5.199218750e+1,-1.819687500e+1,6.598493750e+0,
4.693750000e+1,-1.760000000e+1,6.599200000e+0,
4.805468750e+1,-1.800156250e+1,6.419812500e+0,
5.104687500e+1,-1.780156250e+1,6.779293750e+0,
5.297656250e+1,-1.819687500e+1,6.515862500e+0,
4.903125000e+1,-1.780156250e+1,6.327293750e+0,
4.996093750e+1,-1.780625000e+1,6.418400000e+0,
5.005468750e+1,-1.819843750e+1,6.418400000e+0,
4.599218750e+1,-1.759531250e+1,6.505268750e+0,
5.095312500e+1,-1.780937500e+1,6.147200000e+0,
5.000781250e+1,-1.820312500e+1,6.506681250e+0,
5.097656250e+1,-1.760156250e+1,6.418400000e+0,
4.800781250e+1,-1.800156250e+1,6.508800000e+0,
5.000000000e+1,-1.779375000e+1,6.599200000e+0,
4.596875000e+1,-1.740000000e+1,6.326587500e+0,
4.701562500e+1,-1.820312500e+1,6.236893750e+0,
5.000000000e+1,-1.760000000e+1,6.237600000e+0,
4.798437500e+1,-1.779062500e+1,6.327293750e+0,
4.700000000e+1,-1.780000000e+1,6.327293750e+0,
4.799218750e+1,-1.780000000e+1,6.238306250e+0,
4.900000000e+1,-1.780312500e+1,6.236893750e+0,
4.798437500e+1,-1.720000000e+1,6.418400000e+0,
4.500000000e+1,-1.801250000e+1,6.328000000e+0,
4.799218750e+1,-1.820468750e+1,6.505975000e+0,
4.702343750e+1,-1.762187500e+1,6.517981250e+0,
4.500000000e+1,-1.760937500e+1,6.057506250e+0,
4.600000000e+1,-1.799687500e+1,6.328706250e+0,
4.599218750e+1,-1.719843750e+1,6.233362500e+0,
4.498437500e+1,-1.780625000e+1,6.238306250e+0,
4.399218750e+1,-1.739843750e+1,6.328000000e+0,
4.501562500e+1,-1.721093750e+1,6.237600000e+0,
4.800000000e+1,-1.640312500e+1,6.418400000e+0,
4.600000000e+1,-1.759687500e+1,5.967812500e+0,
4.700000000e+1,-1.740000000e+1,5.969225000e+0,
4.700000000e+1,-1.700312500e+1,6.147200000e+0,
4.599218750e+1,-1.760156250e+1,6.056093750e+0,
4.796093750e+1,-1.720000000e+1,6.328000000e+0,
4.803125000e+1,-1.779687500e+1,6.238306250e+0,
4.397656250e+1,-1.720312500e+1,6.057506250e+0,
4.601562500e+1,-1.720156250e+1,5.967106250e+0,
4.497656250e+1,-1.700468750e+1,6.328000000e+0,
4.600781250e+1,-1.760156250e+1,5.967106250e+0,
4.603125000e+1,-1.720000000e+1,6.147200000e+0,
4.796875000e+1,-1.740156250e+1,5.875293750e+0,
4.305468750e+1,-1.700156250e+1,6.236893750e+0,
4.396093750e+1,-1.719531250e+1,5.966400000e+0,
4.498437500e+1,-1.719531250e+1,5.966400000e+0,
4.699218750e+1,-1.639218750e+1,5.876000000e+0,
4.602343750e+1,-1.660312500e+1,6.056800000e+0,
4.400781250e+1,-1.700156250e+1,5.966400000e+0,
4.496093750e+1,-1.679687500e+1,5.694493750e+0,
4.702343750e+1,-1.720000000e+1,5.964987500e+0,
4.592968750e+1,-1.640000000e+1,5.965693750e+0,
4.196093750e+1,-1.660937500e+1,6.056800000e+0,
4.203125000e+1,-1.700000000e+1,5.965693750e+0,
4.399218750e+1,-1.660000000e+1,6.147200000e+0,
4.100000000e+1,-1.640000000e+1,6.056800000e+0,
4.400000000e+1,-1.659375000e+1,6.238306250e+0,
4.499218750e+1,-1.660156250e+1,5.876000000e+0,
4.400000000e+1,-1.619531250e+1,5.876000000e+0,
4.300000000e+1,-1.600156250e+1,5.698025000e+0,
4.200000000e+1,-1.660000000e+1,5.604800000e+0,
4.400000000e+1,-1.659843750e+1,5.876000000e+0,
4.298437500e+1,-1.640000000e+1,5.791250000e+0,
4.499218750e+1,-1.620468750e+1,5.695200000e+0,
4.198437500e+1,-1.560000000e+1,5.965693750e+0,
4.199218750e+1,-1.600937500e+1,5.785600000e+0,
4.100000000e+1,-1.620000000e+1,6.057506250e+0,
4.306250000e+1,-1.620000000e+1,5.779950000e+0,
4.499218750e+1,-1.599687500e+1,5.784187500e+0,
4.200000000e+1,-1.598750000e+1,6.057506250e+0,
4.100000000e+1,-1.640000000e+1,5.513693750e+0,
4.300000000e+1,-1.619843750e+1,5.873881250e+0,
4.100000000e+1,-1.580312500e+1,5.604800000e+0,
4.200781250e+1,-1.540000000e+1,5.784893750e+0,
3.900000000e+1,-1.600312500e+1,5.425412500e+0,
4.196875000e+1,-1.620625000e+1,5.511575000e+0,
4.093750000e+1,-1.561562500e+1,5.695200000e+0,
4.103906250e+1,-1.539843750e+1,5.694493750e+0,
4.297656250e+1,-1.619843750e+1,5.784893750e+0,
3.900781250e+1,-1.580000000e+1,5.695200000e+0,
4.300781250e+1,-1.600000000e+1,5.514400000e+0,
3.897656250e+1,-1.560156250e+1,5.692375000e+0,
4.099218750e+1,-1.560000000e+1,5.696612500e+0,
3.799218750e+1,-1.560156250e+1,5.514400000e+0,
4.196875000e+1,-1.580000000e+1,5.424000000e+0,
4.000781250e+1,-1.580000000e+1,5.512281250e+0,
3.899218750e+1,-1.580625000e+1,5.241787500e+0,
4.101562500e+1,-1.620312500e+1,5.514400000e+0,
3.799218750e+1,-1.580468750e+1,5.785600000e+0,
4.100000000e+1,-1.518750000e+1,5.605506250e+0,
3.800000000e+1,-1.580000000e+1,5.606212500e+0,
4.203125000e+1,-1.520156250e+1,5.333600000e+0,
3.998437500e+1,-1.560312500e+1,5.608331250e+0,
3.898437500e+1,-1.579531250e+1,5.608331250e+0,
3.600000000e+1,-1.500312500e+1,5.243200000e+0,
3.999218750e+1,-1.519531250e+1,5.604800000e+0,
3.499218750e+1,-1.519843750e+1,5.332893750e+0,
3.900781250e+1,-1.540000000e+1,5.694493750e+0,
3.800000000e+1,-1.520156250e+1,5.243200000e+0,
4.000000000e+1,-1.499531250e+1,5.332893750e+0,
3.900000000e+1,-1.480312500e+1,5.424706250e+0,
3.700000000e+1,-1.560000000e+1,5.424000000e+0,
3.899218750e+1,-1.521093750e+1,5.609743750e+0,
3.800000000e+1,-1.540000000e+1,5.063106250e+0,
3.800000000e+1,-1.520312500e+1,5.333600000e+0,
3.598437500e+1,-1.459843750e+1,5.154212500e+0,
3.600781250e+1,-1.501250000e+1,5.695200000e+0,
3.800781250e+1,-1.519843750e+1,5.332893750e+0,
3.900781250e+1,-1.460000000e+1,5.604800000e+0,
3.903906250e+1,-1.440156250e+1,5.152800000e+0,
3.603906250e+1,-1.440000000e+1,5.329362500e+0,
3.596875000e+1,-1.419843750e+1,5.424000000e+0,
3.796093750e+1,-1.480000000e+1,5.424000000e+0,
3.808593750e+1,-1.399843750e+1,5.514400000e+0,
3.403906250e+1,-1.419062500e+1,5.424000000e+0,
3.497656250e+1,-1.461250000e+1,5.423293750e+0,
3.500781250e+1,-1.400000000e+1,5.424000000e+0,
3.700000000e+1,-1.460156250e+1,5.334306250e+0,
3.600000000e+1,-1.400312500e+1,5.241081250e+0,
3.699218750e+1,-1.500000000e+1,5.061693750e+0,
3.500000000e+1,-1.400000000e+1,5.424000000e+0,
3.700000000e+1,-1.459375000e+1,5.152800000e+0,
3.500000000e+1,-1.442812500e+1,5.332893750e+0,
3.501562500e+1,-1.400000000e+1,5.062400000e+0,
3.300781250e+1,-1.440312500e+1,5.154212500e+0,
3.399218750e+1,-1.419531250e+1,5.245318750e+0,
3.500781250e+1,-1.420000000e+1,5.424000000e+0,
3.400781250e+1,-1.420468750e+1,5.331481250e+0,
3.496093750e+1,-1.460000000e+1,5.152800000e+0,
3.700000000e+1,-1.419843750e+1,5.152800000e+0,
3.496875000e+1,-1.400000000e+1,5.152800000e+0,
3.399218750e+1,-1.399531250e+1,5.243200000e+0,
3.301562500e+1,-1.359843750e+1,5.243200000e+0,
3.600781250e+1,-1.400000000e+1,5.332893750e+0,
3.500781250e+1,-1.439531250e+1,5.243906250e+0,
3.300000000e+1,-1.361718750e+1,5.334306250e+0,
3.300781250e+1,-1.379062500e+1,4.972000000e+0,
3.599218750e+1,-1.439687500e+1,5.062400000e+0,
3.500000000e+1,-1.359531250e+1,5.062400000e+0,
3.500000000e+1,-1.400156250e+1,4.972706250e+0,
3.400781250e+1,-1.380156250e+1,4.880893750e+0,
3.300000000e+1,-1.400156250e+1,4.786256250e+0,
3.300000000e+1,-1.340312500e+1,5.152800000e+0,
3.200000000e+1,-1.359843750e+1,4.791200000e+0,
3.300781250e+1,-1.320625000e+1,5.243906250e+0,
3.398437500e+1,-1.400156250e+1,4.969881250e+0,
2.998437500e+1,-1.360000000e+1,4.968468750e+0,
2.998437500e+1,-1.399843750e+1,4.700093750e+0,
3.300000000e+1,-1.340468750e+1,5.059575000e+0,
2.999218750e+1,-1.380000000e+1,4.971293750e+0,
3.099218750e+1,-1.339531250e+1,4.881600000e+0,
3.198437500e+1,-1.300000000e+1,4.700800000e+0,
3.300781250e+1,-1.320000000e+1,4.791906250e+0,
2.997656250e+1,-1.319687500e+1,4.972000000e+0,
3.399218750e+1,-1.300156250e+1,4.610400000e+0,
3.003125000e+1,-1.299531250e+1,4.700093750e+0,
3.101562500e+1,-1.300000000e+1,4.701506250e+0,
2.998437500e+1,-1.280156250e+1,4.971293750e+0,
3.000000000e+1,-1.340312500e+1,4.789081250e+0,
3.000000000e+1,-1.340000000e+1,4.700093750e+0,
3.103125000e+1,-1.339687500e+1,4.608987500e+0,
3.300000000e+1,-1.300156250e+1,4.971293750e+0,
3.005468750e+1,-1.340000000e+1,4.789787500e+0,
2.798437500e+1,-1.299375000e+1,4.790493750e+0,
2.999218750e+1,-1.240000000e+1,4.608987500e+0,
2.999218750e+1,-1.280468750e+1,4.612518750e+0,
3.097656250e+1,-1.280156250e+1,4.700800000e+0,
3.300781250e+1,-1.300000000e+1,4.700800000e+0,
3.003906250e+1,-1.260468750e+1,4.700093750e+0,
3.000781250e+1,-1.280312500e+1,4.520000000e+0,
2.898437500e+1,-1.259843750e+1,4.520706250e+0,
2.701562500e+1,-1.240000000e+1,4.700800000e+0,
3.100781250e+1,-1.240000000e+1,4.520706250e+0,
3.000781250e+1,-1.220000000e+1,4.519293750e+0,
2.900000000e+1,-1.220625000e+1,4.702918750e+0,
2.900000000e+1,-1.159687500e+1,4.791200000e+0,
2.899218750e+1,-1.259062500e+1,4.523531250e+0,
3.000000000e+1,-1.260312500e+1,4.339200000e+0,
2.900781250e+1,-1.180000000e+1,4.791200000e+0,
2.699218750e+1,-1.220000000e+1,4.340612500e+0,
2.899218750e+1,-1.200156250e+1,4.520000000e+0,
2.800781250e+1,-1.200312500e+1,4.248800000e+0,
2.800000000e+1,-1.180000000e+1,4.520000000e+0,
2.800000000e+1,-1.200000000e+1,4.431012500e+0,
2.899218750e+1,-1.180156250e+1,4.703625000e+0,
2.700000000e+1,-1.199843750e+1,4.426068750e+0,
2.798437500e+1,-1.180312500e+1,4.157693750e+0,
2.500000000e+1,-1.219843750e+1,4.249506250e+0,
2.799218750e+1,-1.161093750e+1,4.337081250e+0,
2.699218750e+1,-1.199375000e+1,4.519293750e+0,
3.000000000e+1,-1.219843750e+1,4.427481250e+0,
2.703125000e+1,-1.159687500e+1,4.248800000e+0,
2.700000000e+1,-1.140156250e+1,4.337081250e+0,
2.598437500e+1,-1.140000000e+1,4.429600000e+0,
2.701562500e+1,-1.199843750e+1,4.340612500e+0,
2.394531250e+1,-1.161406250e+1,4.248800000e+0,
2.404687500e+1,-1.160312500e+1,4.248800000e+0,
2.701562500e+1,-1.219843750e+1,4.338493750e+0,
2.699218750e+1,-1.140000000e+1,4.339200000e+0,
2.593750000e+1,-1.160000000e+1,4.158400000e+0,
2.301562500e+1,-1.140625000e+1,4.338493750e+0,
2.703125000e+1,-1.219531250e+1,4.338493750e+0,
2.604687500e+1,-1.160312500e+1,4.337787500e+0,
2.396875000e+1,-1.140156250e+1,3.977600000e+0,
2.700781250e+1,-1.140312500e+1,4.339200000e+0,
2.300781250e+1,-1.160156250e+1,4.156281250e+0,
2.597656250e+1,-1.139375000e+1,4.248800000e+0,
2.401562500e+1,-1.099843750e+1,4.159812500e+0,
2.500781250e+1,-1.119843750e+1,3.976893750e+0,
2.398437500e+1,-1.100000000e+1,4.068000000e+0,
2.298437500e+1,-1.099843750e+1,4.339200000e+0,
2.302343750e+1,-1.080000000e+1,4.428187500e+0,
2.600000000e+1,-1.140312500e+1,3.976187500e+0,
2.300000000e+1,-1.120000000e+1,4.158400000e+0,
2.299218750e+1,-1.139687500e+1,3.977600000e+0,
2.197656250e+1,-1.120156250e+1,4.159106250e+0,
2.099218750e+1,-1.120000000e+1,4.159812500e+0,
2.399218750e+1,-1.120156250e+1,3.978306250e+0,
2.300000000e+1,-1.080156250e+1,3.978306250e+0,
2.400781250e+1,-1.140937500e+1,4.158400000e+0,
2.100781250e+1,-1.140468750e+1,4.068000000e+0,
2.198437500e+1,-1.081718750e+1,4.070825000e+0,
2.000000000e+1,-1.080625000e+1,3.887200000e+0,
1.900000000e+1,-1.120312500e+1,3.976893750e+0,
2.300781250e+1,-1.120156250e+1,3.798212500e+0,
1.998437500e+1,-1.097343750e+1,4.160518750e+0,
1.999218750e+1,-1.000312500e+1,4.068000000e+0,
1.600000000e+1,-1.079687500e+1,3.887200000e+0,
2.000000000e+1,-1.019843750e+1,4.068000000e+0,
2.000000000e+1,-1.079843750e+1,3.707106250e+0,
2.100000000e+1,-1.060000000e+1,3.890731250e+0,
1.900000000e+1,-1.060000000e+1,4.068000000e+0,
2.095312500e+1,-1.019843750e+1,3.887906250e+0,
2.300000000e+1,-1.019687500e+1,3.887200000e+0,
2.102343750e+1,-1.079375000e+1,3.977600000e+0,
2.001562500e+1,-1.080156250e+1,3.797506250e+0,
2.100781250e+1,-1.060312500e+1,3.707106250e+0,
1.892187500e+1,-1.019375000e+1,3.977600000e+0,
1.600000000e+1,-1.000625000e+1,3.706400000e+0,
1.905468750e+1,-1.080000000e+1,3.887200000e+0,
1.995312500e+1,-1.040312500e+1,3.706400000e+0,
1.696875000e+1,-1.000000000e+1,3.796800000e+0,
2.100000000e+1,-1.039375000e+1,3.616000000e+0,
1.601562500e+1,-1.039531250e+1,3.616000000e+0,
1.596875000e+1,-9.589062500e+0,3.707106250e+0,
1.897656250e+1,-9.603125000e+0,3.887200000e+0,
2.000781250e+1,-1.020000000e+1,3.706400000e+0,
1.903906250e+1,-9.595312500e+0,3.706400000e+0,
1.803125000e+1,-1.060000000e+1,3.616000000e+0,
2.100781250e+1,-9.800000000e+0,3.707106250e+0,
1.897656250e+1,-9.809375000e+0,3.705693750e+0,
2.003125000e+1,-1.019843750e+1,3.616000000e+0,
1.997656250e+1,-9.400000000e+0,3.614587500e+0,
1.499218750e+1,-9.803125000e+0,3.526306250e+0,
1.800000000e+1,-1.002187500e+1,3.884375000e+0,
1.796875000e+1,-9.400000000e+0,3.706400000e+0,
1.500000000e+1,-1.000156250e+1,3.435200000e+0,
1.700000000e+1,-9.600000000e+0,3.703575000e+0,
1.599218750e+1,-1.000000000e+1,3.616000000e+0,
1.600000000e+1,-9.598437500e+0,3.616000000e+0,
1.900000000e+1,-9.800000000e+0,3.440850000e+0,
1.598437500e+1,-9.600000000e+0,3.344800000e+0,
1.601562500e+1,-9.801562500e+0,3.617412500e+0,
1.700781250e+1,-9.390625000e+0,3.615293750e+0,
1.698437500e+1,-9.000000000e+0,3.524893750e+0,
1.702343750e+1,-9.003125000e+0,3.523481250e+0,
1.900000000e+1,-9.203125000e+0,3.434493750e+0,
1.800000000e+1,-9.389062500e+0,3.705693750e+0,
1.599218750e+1,-9.600000000e+0,3.524187500e+0,
1.600000000e+1,-9.200000000e+0,3.345506250e+0,
1.600000000e+1,-9.201562500e+0,3.343387500e+0,
1.600000000e+1,-8.800000000e+0,3.616000000e+0,
1.597656250e+1,-9.201562500e+0,3.346212500e+0,
1.700781250e+1,-9.010937500e+0,3.253693750e+0,
1.496875000e+1,-8.598437500e+0,3.346212500e+0,
1.500000000e+1,-9.196875000e+0,3.435200000e+0,
1.502343750e+1,-9.403125000e+0,3.343387500e+0,
1.696875000e+1,-8.600000000e+0,3.525600000e+0,
1.297656250e+1,-8.406250000e+0,3.345506250e+0,
1.500000000e+1,-8.800000000e+0,3.343387500e+0,
1.196875000e+1,-8.576562500e+0,3.346212500e+0,
1.296875000e+1,-9.601562500e+0,3.164000000e+0,
1.401562500e+1,-8.800000000e+0,3.254400000e+0,
1.200000000e+1,-9.201562500e+0,3.161881250e+0,
1.299218750e+1,-9.192187500e+0,3.073600000e+0,
1.298437500e+1,-8.596875000e+0,3.164000000e+0,
1.497656250e+1,-8.600000000e+0,3.254400000e+0,
1.408593750e+1,-8.778125000e+0,3.344800000e+0,
1.001562500e+1,-9.200000000e+0,3.166118750e+0,
1.504687500e+1,-8.203125000e+0,3.073600000e+0,
1.398437500e+1,-8.600000000e+0,3.346918750e+0,
1.398437500e+1,-8.196875000e+0,3.346918750e+0,
1.100000000e+1,-8.396875000e+0,3.073600000e+0,
1.501562500e+1,-8.601562500e+0,3.072893750e+0,
1.499218750e+1,-8.403125000e+0,2.891387500e+0,
1.299218750e+1,-8.398437500e+0,3.074306250e+0,
1.400000000e+1,-8.600000000e+0,2.802400000e+0,
1.300000000e+1,-8.392187500e+0,3.162587500e+0,
1.000000000e+1,-8.001562500e+0,3.075012500e+0,
1.301562500e+1,-8.600000000e+0,3.164000000e+0,
1.401562500e+1,-8.426562500e+0,3.164000000e+0,
9.000000000e+0,-7.800000000e+0,3.164000000e+0,
1.400000000e+1,-8.400000000e+0,3.164706250e+0,
8.953125000e+0,-7.990625000e+0,3.255106250e+0,
1.104687500e+1,-7.803125000e+0,3.164000000e+0,
1.398437500e+1,-8.000000000e+0,2.894918750e+0,
1.098437500e+1,-7.800000000e+0,3.254400000e+0,
1.200781250e+1,-7.401562500e+0,2.802400000e+0,
1.000000000e+1,-7.600000000e+0,3.160468750e+0,
1.198437500e+1,-7.600000000e+0,3.073600000e+0,
1.101562500e+1,-7.601562500e+0,3.254400000e+0,
1.196875000e+1,-7.600000000e+0,3.073600000e+0,
1.108593750e+1,-7.392187500e+0,3.254400000e+0,
8.945312500e+0,-8.207812500e+0,3.073600000e+0,
1.199218750e+1,-7.201562500e+0,3.164706250e+0,
9.000000000e+0,-8.193750000e+0,2.983200000e+0,
1.300781250e+1,-7.793750000e+0,3.164000000e+0,
1.097656250e+1,-7.600000000e+0,2.983200000e+0,
8.007812500e+0,-7.600000000e+0,3.073600000e+0,
1.100781250e+1,-7.801562500e+0,2.983200000e+0,
1.100000000e+1,-7.601562500e+0,3.072187500e+0,
1.001562500e+1,-7.800000000e+0,2.892800000e+0,
9.968750000e+0,-7.596875000e+0,2.621600000e+0,
1.101562500e+1,-7.195312500e+0,2.897743750e+0,
6.031250000e+0,-7.409375000e+0,2.982493750e+0,
7.921875000e+0,-7.803125000e+0,2.712706250e+0,
1.200781250e+1,-7.603125000e+0,2.983200000e+0,
8.992187500e+0,-6.998437500e+0,2.712000000e+0,
1.201562500e+1,-7.200000000e+0,2.713412500e+0,
8.984375000e+0,-6.800000000e+0,2.893506250e+0,
7.992187500e+0,-7.201562500e+0,2.892800000e+0,
7.007812500e+0,-7.000000000e+0,2.800987500e+0,
9.992187500e+0,-7.404687500e+0,2.897037500e+0,
9.000000000e+0,-7.215625000e+0,3.164000000e+0,
8.000000000e+0,-6.800000000e+0,2.892800000e+0,
9.992187500e+0,-6.798437500e+0,2.892800000e+0,
9.015625000e+0,-6.603125000e+0,2.983200000e+0,
6.000000000e+0,-7.203125000e+0,2.803812500e+0,
6.992187500e+0,-7.200000000e+0,2.620893750e+0,
8.023437500e+0,-7.201562500e+0,2.707762500e+0,
5.000000000e+0,-6.800000000e+0,2.893506250e+0,
6.984375000e+0,-7.000000000e+0,2.892800000e+0,
8.007812500e+0,-6.390625000e+0,2.891387500e+0,
8.968750000e+0,-6.404687500e+0,2.621600000e+0,
5.000000000e+0,-7.007812500e+0,2.805225000e+0,
8.984375000e+0,-6.996875000e+0,2.712706250e+0,
8.000000000e+0,-6.801562500e+0,2.530493750e+0,
6.992187500e+0,-6.598437500e+0,2.712000000e+0,
5.992187500e+0,-6.404687500e+0,2.621600000e+0,
7.992187500e+0,-7.000000000e+0,2.621600000e+0,
7.000000000e+0,-6.400000000e+0,2.892800000e+0,
6.984375000e+0,-6.609375000e+0,2.712000000e+0,
7.976562500e+0,-6.801562500e+0,2.531200000e+0,
8.031250000e+0,-6.401562500e+0,2.712706250e+0,
4.984375000e+0,-6.800000000e+0,2.440800000e+0,
6.023437500e+0,-6.798437500e+0,2.709881250e+0,
5.984375000e+0,-6.600000000e+0,2.892093750e+0,
5.000000000e+0,-6.606250000e+0,2.710587500e+0,
6.007812500e+0,-7.000000000e+0,2.621600000e+0,
6.000000000e+0,-6.412500000e+0,2.620893750e+0,
6.992187500e+0,-6.400000000e+0,2.710587500e+0,
6.984375000e+0,-6.596875000e+0,2.348987500e+0,
8.000000000e+0,-6.000000000e+0,2.444331250e+0,
6.007812500e+0,-6.595312500e+0,2.618775000e+0,
5.992187500e+0,-5.800000000e+0,2.349693750e+0,
6.000000000e+0,-6.800000000e+0,2.440800000e+0,
5.992187500e+0,-6.420312500e+0,2.350400000e+0,
5.976562500e+0,-6.203125000e+0,2.531200000e+0,
4.000000000e+0,-6.400000000e+0,2.439387500e+0,
6.039062500e+0,-6.200000000e+0,2.260706250e+0,
7.984375000e+0,-6.204687500e+0,2.440093750e+0,
3.007812500e+0,-6.400000000e+0,2.349693750e+0,
5.000000000e+0,-5.803125000e+0,2.620893750e+0,
6.000000000e+0,-5.801562500e+0,2.350400000e+0,
3.007812500e+0,-5.600000000e+0,2.618775000e+0,
2.984375000e+0,-5.998437500e+0,2.531200000e+0,
6.992187500e+0,-6.198437500e+0,2.260000000e+0,
4.031250000e+0,-6.000000000e+0,2.437268750e+0,
4.984375000e+0,-6.003125000e+0,2.621600000e+0,
7.023437500e+0,-5.401562500e+0,2.441506250e+0,
2.007812500e+0,-6.001562500e+0,2.531200000e+0,
4.000000000e+0,-5.800000000e+0,2.348281250e+0,
4.984375000e+0,-5.601562500e+0,2.352518750e+0,
4.007812500e+0,-5.806250000e+0,2.348987500e+0,
4.984375000e+0,-6.000000000e+0,2.169600000e+0,
9.843750000e-1,-5.798437500e+0,2.351106250e+0,
2.992187500e+0,-5.606250000e+0,2.350400000e+0,
2.992187500e+0,-5.596875000e+0,2.438681250e+0,
4.000000000e+0,-5.800000000e+0,2.529081250e+0,
2.015625000e+0,-5.398437500e+0,2.170306250e+0,
2.960937500e+0,-5.198437500e+0,2.257881250e+0,
4.992187500e+0,-6.000000000e+0,2.440800000e+0,
4.023437500e+0,-5.406250000e+0,2.531906250e+0,
4.007812500e+0,-5.598437500e+0,2.352518750e+0,
3.968750000e+0,-5.401562500e+0,2.168893750e+0,
2.007812500e+0,-5.796875000e+0,2.260000000e+0,
2.976562500e+0,-5.200000000e+0,2.169600000e+0,
-1.039062500e+0,-6.000000000e+0,2.259293750e+0,
1.046875000e+0,-4.987500000e+0,2.079200000e+0,
3.000000000e+0,-4.979687500e+0,2.257881250e+0,
2.023437500e+0,-5.398437500e+0,2.168893750e+0,
9.765625000e-1,-5.398437500e+0,2.169600000e+0,
2.046875000e+0,-5.400000000e+0,2.350400000e+0,
-3.007812500e+0,-5.403125000e+0,2.166775000e+0,
1.960937500e+0,-5.600000000e+0,2.261412500e+0,
3.125000000e-2,-5.203125000e+0,2.530493750e+0,
1.015625000e+0,-4.995312500e+0,2.166775000e+0,
9.843750000e-1,-5.398437500e+0,1.898400000e+0,
0.000000000e+0,-4.600000000e+0,2.350400000e+0,
2.015625000e+0,-5.400000000e+0,2.348987500e+0,
1.992187500e+0,-5.200000000e+0,2.078493750e+0,
1.000000000e+0,-5.400000000e+0,2.169600000e+0,
1.992187500e+0,-4.795312500e+0,1.898400000e+0,
-1.015625000e+0,-5.600000000e+0,2.080612500e+0,
-7.812500000e-3,-5.000000000e+0,2.260000000e+0,
9.921875000e-1,-5.000000000e+0,2.080612500e+0,
1.000000000e+0,-5.200000000e+0,1.898400000e+0,
1.000000000e+0,-5.203125000e+0,2.079200000e+0,
1.000000000e+0,-5.401562500e+0,1.989506250e+0,
0.000000000e+0,-5.015625000e+0,1.990918750e+0,
-1.000000000e+0,-5.004687500e+0,1.897693750e+0,
-2.000000000e+0,-5.200000000e+0,2.169600000e+0,
2.023437500e+0,-5.001562500e+0,1.896281250e+0,
-3.125000000e-2,-5.189062500e+0,2.080612500e+0,
-9.921875000e-1,-4.601562500e+0,1.988800000e+0,
0.000000000e+0,-5.198437500e+0,1.989506250e+0,
-1.000000000e+0,-4.593750000e+0,2.260000000e+0,
-1.000000000e+0,-4.598437500e+0,1.808000000e+0,
0.000000000e+0,-5.200000000e+0,2.263531250e+0,
-1.000000000e+0,-4.995312500e+0,2.079200000e+0,
-3.906250000e-2,-4.600000000e+0,1.899106250e+0,
1.984375000e+0,-4.800000000e+0,1.808000000e+0,
3.906250000e-2,-4.795312500e+0,2.168893750e+0,
-4.015625000e+0,-5.201562500e+0,1.899106250e+0,
-1.968750000e+0,-4.603125000e+0,1.899106250e+0,
-2.023437500e+0,-4.404687500e+0,2.169600000e+0,
-2.000000000e+0,-5.004687500e+0,1.899106250e+0,
-2.007812500e+0,-5.200000000e+0,1.988800000e+0,
-1.984375000e+0,-5.001562500e+0,1.807293750e+0,
-1.562500000e-2,-4.800000000e+0,1.988800000e+0,
-9.765625000e-1,-5.000000000e+0,1.808000000e+0,
-1.992187500e+0,-4.596875000e+0,1.899106250e+0,
-4.007812500e+0,-4.398437500e+0,1.898400000e+0,
-2.023437500e+0,-4.401562500e+0,1.988800000e+0,
-1.984375000e+0,-4.801562500e+0,2.079200000e+0,
-3.007812500e+0,-4.789062500e+0,1.993037500e+0,
-1.976562500e+0,-5.400000000e+0,1.717600000e+0,
-9.843750000e-1,-4.000000000e+0,1.990212500e+0,
-1.031250000e+0,-4.210937500e+0,1.897693750e+0,
-4.015625000e+0,-4.400000000e+0,1.898400000e+0,
-4.000000000e+0,-4.000000000e+0,1.808000000e+0,
-2.992187500e+0,-4.601562500e+0,1.989506250e+0,
-2.000000000e+0,-4.206250000e+0,1.990212500e+0,
-2.343750000e-2,-4.596875000e+0,1.808000000e+0,
-4.000000000e+0,-4.396875000e+0,1.627200000e+0,
-2.000000000e+0,-4.203125000e+0,1.714775000e+0,
-5.007812500e+0,-4.400000000e+0,1.808000000e+0,
-3.000000000e+0,-3.996875000e+0,1.717600000e+0,
-4.007812500e+0,-3.996875000e+0,1.538212500e+0,
-2.000000000e+0,-4.196875000e+0,1.717600000e+0,
-3.007812500e+0,-4.400000000e+0,1.987387500e+0,
-1.976562500e+0,-3.987500000e+0,1.625787500e+0,
-2.054687500e+0,-3.807812500e+0,1.721837500e+0,
-5.007812500e+0,-5.010937500e+0,1.901225000e+0,
-1.984375000e+0,-4.595312500e+0,1.899812500e+0,
-1.000000000e+0,-4.787500000e+0,1.536800000e+0,
-5.007812500e+0,-4.600000000e+0,1.808706250e+0,
-2.000000000e+0,-4.000000000e+0,1.809412500e+0,
-5.976562500e+0,-4.200000000e+0,1.717600000e+0,
-4.015625000e+0,-4.201562500e+0,1.717600000e+0,
-3.015625000e+0,-3.800000000e+0,1.717600000e+0,
-2.984375000e+0,-3.992187500e+0,1.627906250e+0,
-5.046875000e+0,-4.215625000e+0,1.720425000e+0,
-6.000000000e+0,-3.600000000e+0,1.899106250e+0,
-5.007812500e+0,-4.400000000e+0,1.449931250e+0,
-3.921875000e+0,-3.600000000e+0,1.536800000e+0,
-6.250000000e-2,-4.012500000e+0,1.626493750e+0,
-7.031250000e+0,-4.401562500e+0,1.717600000e+0,
-1.937500000e+0,-3.796875000e+0,1.627906250e+0,
-2.976562500e+0,-4.400000000e+0,1.627200000e+0,
-3.992187500e+0,-3.800000000e+0,1.536800000e+0,
-4.007812500e+0,-3.601562500e+0,1.627200000e+0,
-2.992187500e+0,-4.209375000e+0,1.535387500e+0,
-7.023437500e+0,-4.195312500e+0,1.627200000e+0,
-1.046875000e+0,-3.800000000e+0,1.808000000e+0,
-3.914062500e+0,-4.201562500e+0,1.627200000e+0,
-5.992187500e+0,-3.600000000e+0,1.718306250e+0,
-3.968750000e+0,-3.400000000e+0,1.446400000e+0,
-4.023437500e+0,-3.801562500e+0,1.719012500e+0,
-6.000000000e+0,-3.595312500e+0,1.628612500e+0,
-4.000000000e+0,-3.595312500e+0,1.627200000e+0,
-6.007812500e+0,-4.196875000e+0,1.626493750e+0,
-5.992187500e+0,-3.809375000e+0,1.447106250e+0,
-3.000000000e+0,-3.598437500e+0,1.357412500e+0,
-5.000000000e+0,-3.998437500e+0,1.265600000e+0,
-6.000000000e+0,-4.000000000e+0,1.625081250e+0,
-6.000000000e+0,-3.796875000e+0,1.719718750e+0,
-3.992187500e+0,-3.200000000e+0,1.536800000e+0,
-3.992187500e+0,-3.600000000e+0,1.624375000e+0,
-7.000000000e+0,-3.398437500e+0,1.628612500e+0,
-5.000000000e+0,-4.200000000e+0,1.445693750e+0,
-5.023437500e+0,-3.593750000e+0,1.536800000e+0,
-5.984375000e+0,-3.798437500e+0,1.536800000e+0,
-2.992187500e+0,-3.400000000e+0,1.809412500e+0,
-5.015625000e+0,-3.800000000e+0,1.808000000e+0,
-4.992187500e+0,-3.403125000e+0,1.627200000e+0,
-6.000000000e+0,-3.200000000e+0,1.446400000e+0,
-5.023437500e+0,-3.598437500e+0,1.627200000e+0,
-4.007812500e+0,-3.590625000e+0,1.808000000e+0,
-4.953125000e+0,-2.400000000e+0,1.629318750e+0,
-6.031250000e+0,-3.387500000e+0,1.356000000e+0,
-4.023437500e+0,-3.409375000e+0,1.353175000e+0,
-3.992187500e+0,-3.400000000e+0,1.625787500e+0,
-3.015625000e+0,-3.596875000e+0,1.536800000e+0,
-7.015625000e+0,-3.798437500e+0,1.625787500e+0,
-6.000000000e+0,-3.396875000e+0,1.445693750e+0,
-5.984375000e+0,-3.400000000e+0,1.808000000e+0,
-4.007812500e+0,-3.603125000e+0,1.446400000e+0,
-7.000000000e+0,-3.003125000e+0,1.626493750e+0,
-7.031250000e+0,-3.400000000e+0,1.356000000e+0,
-5.023437500e+0,-3.198437500e+0,1.447106250e+0,
-4.000000000e+0,-3.401562500e+0,1.449931250e+0,
-5.992187500e+0,-3.412500000e+0,1.716893750e+0,
-5.031250000e+0,-3.998437500e+0,1.263481250e+0,
-4.000000000e+0,-3.203125000e+0,1.536800000e+0,
-5.023437500e+0,-3.398437500e+0,1.536800000e+0,
-6.007812500e+0,-2.800000000e+0,1.447812500e+0,
-6.000000000e+0,-2.807812500e+0,1.809412500e+0,
-6.000000000e+0,-3.200000000e+0,1.627200000e+0,
-4.992187500e+0,-3.000000000e+0,1.536093750e+0,
-4.000000000e+0,-3.406250000e+0,1.539625000e+0,
-5.000000000e+0,-3.407812500e+0,1.718306250e+0,
-7.000000000e+0,-3.004687500e+0,1.446400000e+0,
-4.023437500e+0,-2.803125000e+0,1.627906250e+0,
-1.992187500e+0,-3.206250000e+0,1.717600000e+0,
-6.000000000e+0,-3.198437500e+0,1.626493750e+0,
-7.000000000e+0,-2.800000000e+0,1.808000000e+0,
-6.007812500e+0,-2.801562500e+0,1.719012500e+0,
-7.000000000e+0,-2.598437500e+0,1.625081250e+0,
-7.007812500e+0,-3.000000000e+0,1.262775000e+0,
-5.984375000e+0,-2.800000000e+0,1.356706250e+0,
-3.015625000e+0,-3.203125000e+0,1.534681250e+0,
-8.015625000e+0,-3.401562500e+0,1.357412500e+0,
-7.015625000e+0,-3.400000000e+0,1.716187500e+0,
-4.000000000e+0,-3.401562500e+0,1.629318750e+0,
-7.023437500e+0,-3.198437500e+0,1.445693750e+0,
-1.000781250e+1,-3.003125000e+0,1.446400000e+0,
-6.039062500e+0,-3.400000000e+0,1.446400000e+0,
-4.007812500e+0,-3.000000000e+0,1.356000000e+0,
-4.945312500e+0,-3.209375000e+0,1.446400000e+0,
-8.023437500e+0,-3.401562500e+0,1.175200000e+0,
-4.023437500e+0,-2.809375000e+0,1.173081250e+0,
-6.007812500e+0,-3.200000000e+0,1.447812500e+0,
-5.023437500e+0,-3.395312500e+0,1.536093750e+0,
-9.031250000e+0,-2.800000000e+0,1.536800000e+0,
-7.976562500e+0,-3.406250000e+0,1.444987500e+0,
-8.015625000e+0,-3.195312500e+0,1.264893750e+0,
-7.992187500e+0,-3.001562500e+0,1.535387500e+0,
-6.015625000e+0,-3.200000000e+0,1.624375000e+0,
-6.000000000e+0,-3.396875000e+0,1.355293750e+0,
-6.000000000e+0,-2.598437500e+0,1.538918750e+0,
-7.007812500e+0,-2.809375000e+0,1.626493750e+0,
-5.031250000e+0,-3.003125000e+0,1.535387500e+0,
-2.992187500e+0,-3.200000000e+0,1.356000000e+0,
-5.945312500e+0,-3.009375000e+0,1.356000000e+0,
-7.000000000e+0,-2.801562500e+0,1.356000000e+0,
-7.000000000e+0,-3.000000000e+0,1.446400000e+0,
-7.007812500e+0,-2.800000000e+0,1.354587500e+0,
-6.992187500e+0,-3.003125000e+0,1.355293750e+0,
-5.007812500e+0,-3.200000000e+0,1.536800000e+0,
-6.000000000e+0,-3.001562500e+0,1.355293750e+0,
-7.000000000e+0,-2.804687500e+0,1.446400000e+0,
-1.000000000e+1,-2.595312500e+0,1.353881250e+0,
-7.015625000e+0,-3.200000000e+0,1.627200000e+0,
-7.000000000e+0,-2.595312500e+0,1.267012500e+0,
-6.992187500e+0,-2.600000000e+0,1.262068750e+0,
-7.015625000e+0,-2.800000000e+0,1.447106250e+0,
-3.992187500e+0,-2.600000000e+0,1.089037500e+0,
-7.992187500e+0,-3.003125000e+0,1.175200000e+0,
-7.000000000e+0,-3.200000000e+0,1.355293750e+0,
-7.007812500e+0,-2.790625000e+0,1.174493750e+0,
-9.023437500e+0,-2.604687500e+0,1.265600000e+0,
-9.992187500e+0,-3.003125000e+0,1.267718750e+0,
-7.976562500e+0,-2.996875000e+0,1.536800000e+0,
-7.000000000e+0,-2.793750000e+0,1.357412500e+0,
-9.000000000e+0,-3.196875000e+0,1.444987500e+0,
-7.000000000e+0,-3.200000000e+0,1.354587500e+0,
-8.992187500e+0,-2.795312500e+0,1.265600000e+0,
-7.039062500e+0,-2.000000000e+0,1.264187500e+0,
-5.984375000e+0,-3.000000000e+0,1.446400000e+0,
-7.945312500e+0,-2.804687500e+0,1.356706250e+0,
-8.976562500e+0,-2.989062500e+0,1.445693750e+0,
-7.007812500e+0,-2.998437500e+0,1.446400000e+0,
-9.007812500e+0,-2.600000000e+0,1.537506250e+0,
-5.945312500e+0,-3.000000000e+0,1.265600000e+0,
-5.062500000e+0,-3.200000000e+0,1.267012500e+0,
-9.000000000e+0,-3.001562500e+0,1.445693750e+0,
-4.968750000e+0,-3.203125000e+0,1.448518750e+0,
-6.945312500e+0,-2.801562500e+0,1.264187500e+0,
-9.023437500e+0,-2.803125000e+0,1.175200000e+0,
-6.984375000e+0,-3.000000000e+0,1.446400000e+0,
-1.099218750e+1,-2.801562500e+0,1.261362500e+0,
-8.039062500e+0,-2.792187500e+0,1.175200000e+0,
-8.937500000e+0,-2.198437500e+0,1.354587500e+0,
-1.097656250e+1,-3.198437500e+0,1.264893750e+0,
-6.992187500e+0,-2.801562500e+0,1.175200000e+0,
-9.023437500e+0,-3.400000000e+0,1.356000000e+0,
-8.000000000e+0,-2.600000000e+0,1.265600000e+0,
-7.992187500e+0,-3.004687500e+0,1.447106250e+0,
-6.000000000e+0,-2.800000000e+0,1.446400000e+0,
-8.007812500e+0,-2.996875000e+0,1.355293750e+0,
-6.992187500e+0,-3.000000000e+0,1.535387500e+0,
-7.000000000e+0,-3.000000000e+0,1.086918750e+0,
-7.000000000e+0,-2.400000000e+0,1.353881250e+0,
-8.007812500e+0,-3.206250000e+0,1.536800000e+0,
-9.007812500e+0,-3.196875000e+0,1.356000000e+0,
-6.000000000e+0,-3.001562500e+0,1.262775000e+0,
-8.945312500e+0,-2.804687500e+0,1.539625000e+0,
-1.300000000e+1,-2.801562500e+0,1.175906250e+0,
-9.000000000e+0,-3.006250000e+0,1.356000000e+0,
-7.000000000e+0,-3.392187500e+0,1.166725000e+0,
-7.007812500e+0,-2.389062500e+0,9.972250000e-1,
-8.015625000e+0,-3.009375000e+0,1.536800000e+0,
-1.000000000e+1,-3.207812500e+0,1.355293750e+0,
-7.000000000e+0,-2.600000000e+0,1.446400000e+0,
-8.000000000e+0,-3.000000000e+0,1.265600000e+0,
-9.000000000e+0,-2.600000000e+0,1.446400000e+0,
-8.015625000e+0,-2.803125000e+0,1.265600000e+0,
-6.039062500e+0,-3.001562500e+0,1.446400000e+0,
-3.984375000e+0,-3.001562500e+0,1.265600000e+0,
-6.984375000e+0,-3.000000000e+0,1.266306250e+0,
-7.007812500e+0,-3.000000000e+0,1.084800000e+0,
-8.000000000e+0,-3.000000000e+0,1.176612500e+0,
-7.000000000e+0,-3.009375000e+0,1.536800000e+0,
-8.031250000e+0,-3.595312500e+0,1.175906250e+0,
-7.953125000e+0,-2.600000000e+0,1.356000000e+0,
-4.000000000e+0,-3.398437500e+0,1.356000000e+0,
-7.937500000e+0,-3.001562500e+0,1.266306250e+0,
-8.039062500e+0,-2.996875000e+0,1.084800000e+0,
-7.000000000e+0,-3.201562500e+0,1.267012500e+0,
-8.984375000e+0,-2.789062500e+0,1.356000000e+0,
-9.023437500e+0,-2.400000000e+0,1.356000000e+0,
-6.992187500e+0,-2.803125000e+0,1.356000000e+0,
-9.023437500e+0,-2.996875000e+0,1.447106250e+0,
-5.984375000e+0,-3.200000000e+0,1.266306250e+0,
-8.023437500e+0,-3.000000000e+0,1.267012500e+0,
-6.984375000e+0,-2.401562500e+0,1.446400000e+0,
-7.007812500e+0,-3.003125000e+0,1.354587500e+0,
-7.000000000e+0,-3.000000000e+0,1.719718750e+0,
-7.000000000e+0,-3.400000000e+0,1.534681250e+0,
-6.000000000e+0,-3.003125000e+0,1.174493750e+0,
-6.015625000e+0,-3.201562500e+0,1.446400000e+0,
-8.000000000e+0,-2.598437500e+0,1.265600000e+0,
-8.000000000e+0,-2.801562500e+0,1.264187500e+0,
-8.992187500e+0,-2.600000000e+0,1.265600000e+0,
-5.000000000e+0,-3.001562500e+0,1.084800000e+0,
-6.945312500e+0,-2.807812500e+0,1.080562500e+0,
-9.000000000e+0,-2.993750000e+0,1.265600000e+0,
-6.976562500e+0,-3.600000000e+0,1.356706250e+0,
-7.046875000e+0,-2.784375000e+0,1.536800000e+0,
-1.000000000e+1,-2.603125000e+0,1.353175000e+0,
-6.968750000e+0,-3.009375000e+0,1.356000000e+0,
-8.000000000e+0,-3.198437500e+0,1.355293750e+0,
-7.000000000e+0,-3.001562500e+0,1.445693750e+0,
-6.992187500e+0,-3.200000000e+0,1.536800000e+0,
-5.000000000e+0,-3.403125000e+0,1.537506250e+0,
-6.992187500e+0,-3.403125000e+0,1.356706250e+0,
-6.000000000e+0,-2.800000000e+0,1.264893750e+0,
-6.992187500e+0,-3.400000000e+0,1.175906250e+0,
-6.992187500e+0,-2.806250000e+0,1.353175000e+0,
-8.015625000e+0,-3.003125000e+0,1.627200000e+0,
-6.968750000e+0,-2.600000000e+0,1.537506250e+0,
-6.007812500e+0,-3.200000000e+0,1.446400000e+0,
-7.015625000e+0,-2.800000000e+0,1.446400000e+0,
-7.007812500e+0,-3.406250000e+0,1.446400000e+0,
-8.023437500e+0,-3.201562500e+0,1.357412500e+0,
-8.992187500e+0,-2.996875000e+0,1.265600000e+0,
-7.007812500e+0,-3.201562500e+0,1.265600000e+0,
-7.007812500e+0,-3.200000000e+0,1.265600000e+0,
-6.000000000e+0,-3.400000000e+0,1.264893750e+0,
-7.992187500e+0,-3.201562500e+0,1.264893750e+0,
-9.046875000e+0,-3.401562500e+0,1.356000000e+0,
-5.015625000e+0,-3.003125000e+0,1.627200000e+0,
-7.937500000e+0,-2.795312500e+0,1.631437500e+0,
-7.968750000e+0,-3.000000000e+0,1.085506250e+0,
-4.984375000e+0,-3.000000000e+0,1.446400000e+0,
-5.000000000e+0,-3.003125000e+0,1.535387500e+0,
-4.007812500e+0,-3.600000000e+0,1.357412500e+0,
-6.000000000e+0,-3.201562500e+0,1.265600000e+0,
-6.007812500e+0,-3.595312500e+0,1.266306250e+0,
-7.007812500e+0,-3.406250000e+0,1.535387500e+0,
-7.000000000e+0,-3.200000000e+0,1.449225000e+0,
-6.000000000e+0,-3.398437500e+0,1.265600000e+0,
-6.000000000e+0,-3.593750000e+0,1.445693750e+0,
-7.000000000e+0,-2.798437500e+0,1.357412500e+0,
-7.000000000e+0,-3.000000000e+0,1.356000000e+0,
-7.015625000e+0,-3.195312500e+0,1.445693750e+0,
-3.000000000e+0,-3.400000000e+0,1.445693750e+0,
-7.000000000e+0,-3.400000000e+0,1.536093750e+0,
-5.992187500e+0,-3.392187500e+0,1.447106250e+0,
-7.007812500e+0,-2.798437500e+0,1.536800000e+0,
-6.000000000e+0,-3.201562500e+0,1.266306250e+0,
-5.976562500e+0,-3.200000000e+0,1.627200000e+0,
-3.945312500e+0,-3.001562500e+0,1.356000000e+0,
-9.000000000e+0,-3.000000000e+0,1.625787500e+0,
-4.046875000e+0,-3.198437500e+0,1.446400000e+0,
-5.921875000e+0,-3.398437500e+0,1.536800000e+0,
-6.062500000e+0,-3.000000000e+0,1.536093750e+0,
-4.046875000e+0,-3.193750000e+0,1.627200000e+0,
-3.960937500e+0,-3.596875000e+0,1.537506250e+0,
-4.992187500e+0,-3.404687500e+0,1.447812500e+0,
-3.000000000e+0,-3.198437500e+0,1.444987500e+0,
-4.007812500e+0,-3.603125000e+0,1.716187500e+0,
-4.015625000e+0,-3.598437500e+0,1.445693750e+0,
-6.984375000e+0,-3.400000000e+0,1.808000000e+0,
-1.992187500e+0,-3.198437500e+0,1.536800000e+0,
-4.000000000e+0,-3.403125000e+0,1.622256250e+0,
-6.000000000e+0,-3.200000000e+0,1.627200000e+0,
-5.015625000e+0,-3.398437500e+0,1.444281250e+0,
-5.992187500e+0,-3.207812500e+0,1.447812500e+0,
-7.000000000e+0,-4.017187500e+0,1.536800000e+0,
-6.023437500e+0,-3.992187500e+0,1.536093750e+0,
-5.000000000e+0,-3.403125000e+0,1.446400000e+0,
-4.984375000e+0,-3.400000000e+0,1.446400000e+0,
-4.031250000e+0,-3.400000000e+0,1.628612500e+0,
-7.000000000e+0,-3.009375000e+0,1.808000000e+0,
-3.976562500e+0,-4.004687500e+0,1.717600000e+0,
-3.000000000e+0,-3.400000000e+0,1.537506250e+0,
-3.007812500e+0,-3.196875000e+0,1.718306250e+0,
-2.000000000e+0,-2.990625000e+0,1.627906250e+0,
-5.007812500e+0,-3.796875000e+0,1.808000000e+0,
-3.015625000e+0,-3.593750000e+0,1.897693750e+0,
-1.000000000e+0,-3.406250000e+0,1.718306250e+0,
-3.000000000e+0,-4.001562500e+0,1.718306250e+0,
-5.000000000e+0,-3.593750000e+0,1.536800000e+0,
-4.000000000e+0,-3.200000000e+0,1.715481250e+0,
-5.000000000e+0,-3.587500000e+0,1.626493750e+0,
-3.000000000e+0,-4.196875000e+0,1.536093750e+0,
-5.000000000e+0,-3.395312500e+0,1.536800000e+0,
-2.007812500e+0,-3.800000000e+0,1.630025000e+0,
-6.007812500e+0,-3.406250000e+0,1.896281250e+0,
-4.007812500e+0,-4.204687500e+0,1.537506250e+0,
-5.000000000e+0,-3.612500000e+0,1.716187500e+0,
-4.992187500e+0,-3.398437500e+0,1.627200000e+0,
-3.007812500e+0,-3.004687500e+0,1.717600000e+0,
-4.000000000e+0,-4.003125000e+0,1.717600000e+0,
-3.992187500e+0,-3.600000000e+0,1.626493750e+0,
-6.015625000e+0,-3.009375000e+0,1.536800000e+0,
-2.039062500e+0,-3.998437500e+0,1.536800000e+0,
-1.992187500e+0,-3.418750000e+0,1.356706250e+0,
-2.007812500e+0,-3.600000000e+0,1.629318750e+0,
-4.046875000e+0,-4.000000000e+0,1.896987500e+0,
-5.984375000e+0,-4.001562500e+0,1.896281250e+0,
-2.984375000e+0,-4.201562500e+0,1.808000000e+0,
-4.007812500e+0,-4.201562500e+0,1.898400000e+0,
-1.976562500e+0,-4.204687500e+0,1.718306250e+0,
-9.765625000e-1,-3.800000000e+0,1.718306250e+0,
-3.953125000e+0,-3.801562500e+0,1.626493750e+0,
-4.007812500e+0,-4.003125000e+0,1.538212500e+0,
-2.015625000e+0,-4.398437500e+0,1.716893750e+0,
-2.343750000e-2,-3.996875000e+0,1.536800000e+0,
5.468750000e-2,-4.200000000e+0,1.717600000e+0,
-4.960937500e+0,-4.015625000e+0,1.627906250e+0,
-2.945312500e+0,-3.806250000e+0,1.898400000e+0,
-1.000000000e+0,-4.601562500e+0,1.536093750e+0,
-3.015625000e+0,-4.000000000e+0,1.722543750e+0,
-2.000000000e+0,-4.200000000e+0,1.989506250e+0,
-2.000000000e+0,-3.800000000e+0,1.536800000e+0,
-2.000000000e+0,-4.200000000e+0,1.901931250e+0,
-3.000000000e+0,-3.801562500e+0,1.898400000e+0,
-4.000000000e+0,-4.196875000e+0,1.808000000e+0,
-3.023437500e+0,-4.003125000e+0,1.898400000e+0,
1.007812500e+0,-3.603125000e+0,1.899106250e+0,
-4.960937500e+0,-4.000000000e+0,1.720425000e+0,
-3.015625000e+0,-3.600000000e+0,1.446400000e+0,
-1.023437500e+0,-3.989062500e+0,1.716187500e+0,
1.000000000e+0,-4.000000000e+0,1.536800000e+0,
-2.000000000e+0,-4.000000000e+0,1.815062500e+0,
2.343750000e-2,-4.400000000e+0,2.165362500e+0,
0.000000000e+0,-4.206250000e+0,1.715481250e+0,
-1.031250000e+0,-4.598437500e+0,1.808706250e+0,
-3.976562500e+0,-3.998437500e+0,1.625787500e+0,
0.000000000e+0,-4.393750000e+0,1.714775000e+0,
-5.007812500e+0,-4.200000000e+0,1.897693750e+0,
1.992187500e+0,-4.398437500e+0,1.988093750e+0,
-3.945312500e+0,-4.000000000e+0,1.988800000e+0,
-1.062500000e+0,-4.398437500e+0,1.988800000e+0,
1.562500000e-2,-4.400000000e+0,1.898400000e+0,
-1.031250000e+0,-3.801562500e+0,1.807293750e+0,
-2.343750000e-2,-4.379687500e+0,1.898400000e+0,
-1.968750000e+0,-4.800000000e+0,1.808000000e+0,
2.000000000e+0,-4.196875000e+0,1.988093750e+0,
-2.023437500e+0,-4.400000000e+0,1.898400000e+0,
0.000000000e+0,-4.601562500e+0,1.899106250e+0,
-2.000000000e+0,-4.598437500e+0,1.988800000e+0,
1.023437500e+0,-4.589062500e+0,1.898400000e+0,
1.031250000e+0,-5.000000000e+0,2.080612500e+0,
-1.007812500e+0,-4.800000000e+0,2.260000000e+0,
2.343750000e-2,-4.798437500e+0,1.808000000e+0,
-3.007812500e+0,-4.196875000e+0,1.901931250e+0,
9.609375000e-1,-4.407812500e+0,2.079906250e+0,
3.906250000e-2,-4.800000000e+0,2.081318750e+0,
-1.000000000e+0,-4.804687500e+0,1.807293750e+0,
7.812500000e-3,-4.400000000e+0,1.898400000e+0,
-2.343750000e-2,-4.604687500e+0,2.079200000e+0,
-9.843750000e-1,-4.800000000e+0,1.896987500e+0,
3.007812500e+0,-4.590625000e+0,1.808000000e+0,
1.000000000e+0,-4.200000000e+0,1.898400000e+0,
-7.812500000e-3,-5.185937500e+0,1.897693750e+0,
-9.921875000e-1,-5.000000000e+0,2.080612500e+0,
-9.921875000e-1,-5.200000000e+0,2.352518750e+0,
-2.992187500e+0,-4.801562500e+0,1.809412500e+0,
-2.992187500e+0,-5.004687500e+0,1.989506250e+0,
-1.000000000e+0,-5.407812500e+0,2.079200000e+0,
-3.000000000e+0,-5.407812500e+0,1.898400000e+0,
-2.000000000e+0,-4.228125000e+0,1.901931250e+0,
-2.000000000e+0,-4.617187500e+0,1.716893750e+0,
2.000000000e+0,-5.604687500e+0,2.079906250e+0,
1.984375000e+0,-5.389062500e+0,1.983150000e+0,
1.992187500e+0,-4.798437500e+0,1.901225000e+0,
9.921875000e-1,-5.207812500e+0,2.260000000e+0,
1.007812500e+0,-5.210937500e+0,1.806587500e+0,
3.000000000e+0,-4.400000000e+0,1.988800000e+0,
2.000000000e+0,-4.998437500e+0,1.808000000e+0,
-1.000000000e+0,-5.000000000e+0,1.990918750e+0,
9.921875000e-1,-5.001562500e+0,2.169600000e+0,
9.765625000e-1,-5.000000000e+0,2.170306250e+0,
3.007812500e+0,-4.798437500e+0,1.988800000e+0,
1.562500000e-2,-5.204687500e+0,2.168893750e+0,
-7.812500000e-3,-4.996875000e+0,2.079200000e+0,
-1.000000000e+0,-6.198437500e+0,2.079906250e+0,
1.054687500e+0,-5.389062500e+0,2.259293750e+0,
3.007812500e+0,-5.403125000e+0,1.988093750e+0,
1.968750000e+0,-5.400000000e+0,2.350400000e+0,
9.921875000e-1,-5.401562500e+0,1.811531250e+0,
1.953125000e+0,-5.201562500e+0,2.077081250e+0,
4.000000000e+0,-5.198437500e+0,2.350400000e+0,
2.007812500e+0,-5.401562500e+0,2.166068750e+0,
9.921875000e-1,-5.395312500e+0,2.079906250e+0,
9.843750000e-1,-5.201562500e+0,2.350400000e+0,
1.031250000e+0,-5.600000000e+0,2.169600000e+0,
-1.031250000e+0,-4.998437500e+0,2.169600000e+0,
3.054687500e+0,-5.800000000e+0,2.168187500e+0,
3.000000000e+0,-5.400000000e+0,2.441506250e+0,
2.953125000e+0,-5.804687500e+0,2.258587500e+0,
-1.023437500e+0,-5.598437500e+0,2.169600000e+0,
2.023437500e+0,-5.400000000e+0,2.260706250e+0,
6.000000000e+0,-5.401562500e+0,2.259293750e+0,
2.000000000e+0,-5.606250000e+0,2.168893750e+0,
5.000000000e+0,-5.398437500e+0,2.260000000e+0,
1.000000000e+0,-5.798437500e+0,2.079200000e+0,
3.000000000e+0,-5.196875000e+0,2.257175000e+0,
3.992187500e+0,-5.600000000e+0,2.350400000e+0,
2.000000000e+0,-5.995312500e+0,2.350400000e+0,
1.984375000e+0,-5.403125000e+0,2.174543750e+0,
3.007812500e+0,-6.189062500e+0,2.079200000e+0,
4.007812500e+0,-6.592187500e+0,2.260000000e+0,
4.976562500e+0,-5.392187500e+0,2.169600000e+0,
2.992187500e+0,-6.006250000e+0,2.350400000e+0,
5.046875000e+0,-5.784375000e+0,2.167481250e+0,
5.992187500e+0,-5.809375000e+0,2.259293750e+0,
4.000000000e+0,-6.410937500e+0,2.349693750e+0,
4.000000000e+0,-5.600000000e+0,2.440800000e+0,
4.976562500e+0,-5.804687500e+0,2.441506250e+0,
9.015625000e+0,-5.800000000e+0,2.260706250e+0,
4.007812500e+0,-5.798437500e+0,2.169600000e+0,
5.992187500e+0,-6.201562500e+0,2.259293750e+0,
3.039062500e+0,-6.003125000e+0,2.440093750e+0,
3.046875000e+0,-6.004687500e+0,2.348281250e+0,
5.015625000e+0,-5.798437500e+0,2.169600000e+0,
3.976562500e+0,-6.400000000e+0,2.255762500e+0,
3.007812500e+0,-6.000000000e+0,2.531200000e+0,
5.039062500e+0,-6.206250000e+0,2.441506250e+0,
5.992187500e+0,-6.203125000e+0,2.351106250e+0,
4.968750000e+0,-5.593750000e+0,2.348987500e+0,
3.992187500e+0,-6.403125000e+0,2.440800000e+0,
5.976562500e+0,-6.200000000e+0,2.349693750e+0,
6.000000000e+0,-6.201562500e+0,2.529081250e+0,
6.007812500e+0,-6.398437500e+0,2.168187500e+0,
3.992187500e+0,-5.996875000e+0,2.440800000e+0,
5.984375000e+0,-5.998437500e+0,2.440800000e+0,
5.000000000e+0,-6.390625000e+0,2.350400000e+0,
6.000000000e+0,-6.400000000e+0,2.440093750e+0,
4.984375000e+0,-6.200000000e+0,2.531200000e+0,
6.031250000e+0,-6.401562500e+0,2.620893750e+0,
8.992187500e+0,-6.396875000e+0,2.530493750e+0,
5.000000000e+0,-6.396875000e+0,2.621600000e+0,
6.007812500e+0,-6.996875000e+0,2.349693750e+0,
6.992187500e+0,-6.609375000e+0,2.437975000e+0,
4.984375000e+0,-6.400000000e+0,2.621600000e+0,
4.000000000e+0,-6.796875000e+0,2.531200000e+0,
5.000000000e+0,-7.190625000e+0,2.621600000e+0,
5.000000000e+0,-5.996875000e+0,2.531906250e+0,
6.007812500e+0,-6.400000000e+0,2.621600000e+0,
6.992187500e+0,-6.206250000e+0,2.803106250e+0,
7.000000000e+0,-6.398437500e+0,2.533318750e+0,
7.000000000e+0,-6.598437500e+0,2.440800000e+0,
3.976562500e+0,-6.809375000e+0,2.442212500e+0,
5.031250000e+0,-7.193750000e+0,2.621600000e+0,
9.007812500e+0,-6.398437500e+0,2.438681250e+0,
8.992187500e+0,-6.600000000e+0,2.440800000e+0,
1.002343750e+1,-6.200000000e+0,2.621600000e+0,
7.992187500e+0,-6.800000000e+0,3.074306250e+0,
1.096093750e+1,-6.401562500e+0,2.712000000e+0,
1.104687500e+1,-6.600000000e+0,2.982493750e+0,
9.039062500e+0,-6.401562500e+0,2.624425000e+0,
8.015625000e+0,-6.798437500e+0,2.621600000e+0,
7.960937500e+0,-6.604687500e+0,2.713412500e+0,
1.000000000e+1,-6.796875000e+0,2.530493750e+0,
1.000000000e+1,-7.003125000e+0,2.800987500e+0,
1.100000000e+1,-6.803125000e+0,2.800281250e+0,
9.984375000e+0,-7.200000000e+0,2.712000000e+0,
8.000000000e+0,-6.600000000e+0,2.802400000e+0,
9.000000000e+0,-6.593750000e+0,2.712000000e+0,
9.000000000e+0,-7.201562500e+0,3.070775000e+0,
8.031250000e+0,-6.801562500e+0,2.712000000e+0,
6.992187500e+0,-7.003125000e+0,2.534025000e+0,
8.984375000e+0,-7.000000000e+0,2.803106250e+0,
1.000781250e+1,-6.998437500e+0,2.620893750e+0,
9.000000000e+0,-7.004687500e+0,2.712000000e+0,
1.000781250e+1,-7.400000000e+0,2.621600000e+0,
9.015625000e+0,-7.201562500e+0,2.802400000e+0,
1.200781250e+1,-7.600000000e+0,2.802400000e+0,
9.992187500e+0,-7.193750000e+0,2.984612500e+0,
1.000781250e+1,-7.201562500e+0,2.983200000e+0,
1.100000000e+1,-7.400000000e+0,2.798162500e+0,
1.100000000e+1,-7.600000000e+0,2.626543750e+0,
1.100000000e+1,-7.409375000e+0,3.250162500e+0,
1.000000000e+1,-7.198437500e+0,3.073600000e+0,
1.099218750e+1,-7.400000000e+0,2.710587500e+0,
1.200781250e+1,-7.201562500e+0,2.801693750e+0,
8.000000000e+0,-7.400000000e+0,2.801693750e+0,
9.976562500e+0,-7.001562500e+0,2.893506250e+0,
1.400000000e+1,-7.600000000e+0,2.978962500e+0,
1.000000000e+1,-7.203125000e+0,3.163293750e+0,
7.992187500e+0,-7.604687500e+0,2.799575000e+0,
1.100000000e+1,-7.593750000e+0,2.892800000e+0,
8.976562500e+0,-7.200000000e+0,2.800281250e+0,
9.000000000e+0,-7.407812500e+0,2.713412500e+0,
1.000000000e+1,-7.390625000e+0,2.892093750e+0,
9.000000000e+0,-6.603125000e+0,2.801693750e+0,
1.300781250e+1,-7.204687500e+0,3.165412500e+0,
1.200000000e+1,-7.596875000e+0,3.164000000e+0,
1.199218750e+1,-7.401562500e+0,2.892800000e+0,
1.200000000e+1,-7.800000000e+0,3.164000000e+0,
1.201562500e+1,-7.003125000e+0,2.892800000e+0,
1.096093750e+1,-7.998437500e+0,2.802400000e+0,
1.402343750e+1,-7.618750000e+0,2.798868750e+0,
8.992187500e+0,-7.800000000e+0,3.346212500e+0,
1.300781250e+1,-8.196875000e+0,3.164000000e+0,
9.992187500e+0,-7.398437500e+0,3.255812500e+0,
1.403906250e+1,-7.809375000e+0,3.253693750e+0,
1.295312500e+1,-7.996875000e+0,3.074306250e+0,
1.203125000e+1,-7.792187500e+0,3.073600000e+0,
1.503125000e+1,-8.200000000e+0,2.982493750e+0,
1.000000000e+1,-7.798437500e+0,2.983200000e+0,
1.498437500e+1,-8.203125000e+0,3.072187500e+0,
1.300000000e+1,-8.389062500e+0,2.890681250e+0,
1.399218750e+1,-7.798437500e+0,3.074306250e+0,
1.398437500e+1,-8.200000000e+0,3.164000000e+0,
1.503125000e+1,-8.004687500e+0,2.981787500e+0,
1.200781250e+1,-7.998437500e+0,2.892800000e+0,
1.500000000e+1,-7.801562500e+0,2.983906250e+0,
1.200000000e+1,-8.400000000e+0,3.073600000e+0,
1.600781250e+1,-8.192187500e+0,3.163293750e+0,
1.400000000e+1,-7.600000000e+0,3.163293750e+0,
1.500000000e+1,-8.196875000e+0,3.253693750e+0,
1.300000000e+1,-8.004687500e+0,3.073600000e+0,
1.100000000e+1,-7.998437500e+0,3.161175000e+0,
1.298437500e+1,-8.001562500e+0,3.435200000e+0,
1.499218750e+1,-7.803125000e+0,3.255106250e+0,
1.401562500e+1,-8.400000000e+0,3.252281250e+0,
1.399218750e+1,-8.198437500e+0,3.255106250e+0,
1.598437500e+1,-8.789062500e+0,2.986025000e+0,
1.600000000e+1,-8.398437500e+0,3.073600000e+0,
1.500000000e+1,-8.200000000e+0,3.255812500e+0,
1.397656250e+1,-9.201562500e+0,3.252281250e+0,
1.201562500e+1,-8.385937500e+0,3.164000000e+0,
1.500000000e+1,-8.604687500e+0,3.255812500e+0,
1.300000000e+1,-8.396875000e+0,3.252281250e+0,
1.599218750e+1,-8.195312500e+0,3.163293750e+0,
1.400000000e+1,-8.595312500e+0,3.432375000e+0,
1.498437500e+1,-8.796875000e+0,3.616000000e+0,
1.700000000e+1,-8.400000000e+0,3.526306250e+0,
1.502343750e+1,-8.800000000e+0,3.345506250e+0,
1.498437500e+1,-8.400000000e+0,3.344800000e+0,
1.596093750e+1,-8.401562500e+0,3.436612500e+0,
1.696875000e+1,-8.390625000e+0,3.165412500e+0,
1.396875000e+1,-9.001562500e+0,3.255106250e+0,
1.501562500e+1,-8.595312500e+0,3.344800000e+0,
1.499218750e+1,-8.600000000e+0,3.254400000e+0,
1.501562500e+1,-9.003125000e+0,3.256518750e+0,
1.600000000e+1,-9.195312500e+0,3.525600000e+0,
1.498437500e+1,-8.790625000e+0,3.255106250e+0,
1.496875000e+1,-9.201562500e+0,3.434493750e+0,
1.700000000e+1,-8.396875000e+0,3.164000000e+0,
1.501562500e+1,-8.807812500e+0,3.525600000e+0,
1.598437500e+1,-8.998437500e+0,3.342681250e+0,
1.698437500e+1,-8.593750000e+0,3.435200000e+0,
1.800000000e+1,-8.596875000e+0,3.435906250e+0,
1.696875000e+1,-9.201562500e+0,3.253693750e+0,
1.600781250e+1,-8.800000000e+0,3.254400000e+0,
1.801562500e+1,-9.196875000e+0,3.254400000e+0,
1.797656250e+1,-8.400000000e+0,3.436612500e+0,
1.599218750e+1,-9.210937500e+0,3.616000000e+0,
1.700000000e+1,-9.200000000e+0,3.525600000e+0,
1.299218750e+1,-8.995312500e+0,3.435906250e+0,
1.503906250e+1,-9.400000000e+0,3.253693750e+0,
1.799218750e+1,-9.200000000e+0,3.252987500e+0,
1.700000000e+1,-8.598437500e+0,3.434493750e+0,
1.699218750e+1,-9.606250000e+0,3.435200000e+0,
1.500000000e+1,-9.395312500e+0,3.525600000e+0,
1.599218750e+1,-9.403125000e+0,3.615293750e+0,
1.599218750e+1,-9.179687500e+0,3.618118750e+0,
1.700000000e+1,-9.798437500e+0,3.525600000e+0,
1.600000000e+1,-8.998437500e+0,3.615293750e+0,
1.601562500e+1,-9.401562500e+0,3.436612500e+0,
1.802343750e+1,-8.992187500e+0,3.707106250e+0,
1.898437500e+1,-9.610937500e+0,3.435200000e+0,
1.499218750e+1,-1.001250000e+1,3.346212500e+0,
1.700000000e+1,-8.593750000e+0,3.887200000e+0,
1.700000000e+1,-9.195312500e+0,3.344800000e+0,
1.800000000e+1,-9.800000000e+0,3.797506250e+0,
1.798437500e+1,-9.400000000e+0,3.435200000e+0,
2.099218750e+1,-9.598437500e+0,3.796800000e+0,
1.901562500e+1,-8.995312500e+0,3.435200000e+0,
1.900000000e+1,-1.019843750e+1,3.977600000e+0,
1.696875000e+1,-9.201562500e+0,3.346212500e+0,
1.702343750e+1,-9.800000000e+0,3.526306250e+0,
1.796875000e+1,-9.400000000e+0,3.524893750e+0,
1.600781250e+1,-1.000312500e+1,3.433787500e+0,
1.903906250e+1,-1.000000000e+1,3.796800000e+0,
1.895312500e+1,-1.020156250e+1,3.527718750e+0,
1.601562500e+1,-9.800000000e+0,3.615293750e+0,
1.793750000e+1,-1.020156250e+1,3.616000000e+0,
1.900781250e+1,-9.398437500e+0,3.614587500e+0,
1.500000000e+1,-9.806250000e+0,3.435200000e+0,
1.896093750e+1,-9.600000000e+0,3.616000000e+0,
1.903906250e+1,-9.601562500e+0,3.706400000e+0,
1.790625000e+1,-9.796875000e+0,3.976893750e+0,
2.302343750e+1,-9.800000000e+0,3.707812500e+0,
1.995312500e+1,-9.600000000e+0,3.527012500e+0,
2.103125000e+1,-9.604687500e+0,3.797506250e+0,
2.199218750e+1,-1.000156250e+1,3.706400000e+0,
1.998437500e+1,-9.800000000e+0,3.796093750e+0,
1.899218750e+1,-9.603125000e+0,3.524893750e+0,
1.900000000e+1,-1.039843750e+1,3.615293750e+0,
2.000781250e+1,-9.803125000e+0,3.525600000e+0,
2.000000000e+1,-9.996875000e+0,3.706400000e+0,
1.900000000e+1,-9.401562500e+0,3.704281250e+0,
2.100781250e+1,-1.040000000e+1,3.977600000e+0,
2.200000000e+1,-9.996875000e+0,3.796800000e+0,
1.799218750e+1,-1.019531250e+1,3.710637500e+0,
2.200781250e+1,-1.000156250e+1,3.435200000e+0,
1.998437500e+1,-9.996875000e+0,3.708518750e+0,
2.201562500e+1,-9.807812500e+0,3.796800000e+0,
2.202343750e+1,-1.060625000e+1,3.794681250e+0,
2.294531250e+1,-1.058906250e+1,3.707106250e+0,
1.798437500e+1,-9.993750000e+0,3.886493750e+0,
1.900000000e+1,-9.976562500e+0,3.887906250e+0,
2.200000000e+1,-1.040000000e+1,3.616000000e+0,
2.000000000e+1,-9.598437500e+0,3.885081250e+0,
2.198437500e+1,-1.019843750e+1,3.796800000e+0,
2.200000000e+1,-1.019687500e+1,3.796093750e+0,
2.203906250e+1,-1.120312500e+1,3.706400000e+0,
1.996093750e+1,-1.081093750e+1,3.886493750e+0,
2.398437500e+1,-1.059843750e+1,3.887200000e+0,
1.895312500e+1,-1.060156250e+1,3.977600000e+0,
2.203906250e+1,-1.040312500e+1,3.887200000e+0,
2.298437500e+1,-1.000000000e+1,3.977600000e+0,
2.199218750e+1,-1.059843750e+1,3.977600000e+0,
2.196875000e+1,-1.000000000e+1,3.887906250e+0,
1.898437500e+1,-1.079062500e+1,3.798212500e+0,
2.096875000e+1,-1.019843750e+1,3.706400000e+0,
2.299218750e+1,-1.040000000e+1,3.886493750e+0,
2.200781250e+1,-1.100312500e+1,3.795387500e+0,
2.000781250e+1,-1.099062500e+1,3.795387500e+0,
1.993750000e+1,-1.060312500e+1,3.796800000e+0,
2.596093750e+1,-1.120000000e+1,4.158400000e+0,
2.502343750e+1,-1.081093750e+1,3.979718750e+0,
2.498437500e+1,-1.080000000e+1,3.977600000e+0,
2.297656250e+1,-1.040000000e+1,3.977600000e+0,
2.301562500e+1,-1.100156250e+1,4.248093750e+0,
2.399218750e+1,-1.060000000e+1,3.977600000e+0,
2.200000000e+1,-1.139531250e+1,4.068000000e+0,
2.200781250e+1,-1.120937500e+1,3.706400000e+0,
2.400781250e+1,-1.080468750e+1,4.066587500e+0,
2.500781250e+1,-1.060156250e+1,3.887200000e+0,
2.600000000e+1,-1.059843750e+1,4.158400000e+0,
2.300000000e+1,-1.119687500e+1,3.887906250e+0,
2.500000000e+1,-1.060156250e+1,3.886493750e+0,
2.300000000e+1,-1.160000000e+1,3.887200000e+0,
2.499218750e+1,-1.061562500e+1,4.065175000e+0,
2.400000000e+1,-1.100000000e+1,4.070825000e+0,
2.500000000e+1,-1.059843750e+1,3.887906250e+0,
2.197656250e+1,-1.140468750e+1,4.251625000e+0,
2.302343750e+1,-1.078437500e+1,4.248800000e+0,
2.500000000e+1,-1.060312500e+1,3.978306250e+0,
2.397656250e+1,-1.160000000e+1,4.248800000e+0,
2.396093750e+1,-1.120312500e+1,3.977600000e+0,
2.600000000e+1,-1.100000000e+1,4.066587500e+0,
2.403125000e+1,-1.119843750e+1,4.068000000e+0,
2.396093750e+1,-1.159375000e+1,4.248800000e+0,
2.594531250e+1,-1.080156250e+1,4.068000000e+0,
2.606250000e+1,-1.179687500e+1,4.248800000e+0,
2.396875000e+1,-1.101875000e+1,4.157693750e+0,
2.701562500e+1,-1.119375000e+1,4.427481250e+0,
2.498437500e+1,-1.160156250e+1,4.339906250e+0,
2.299218750e+1,-1.140000000e+1,4.246681250e+0,
2.400781250e+1,-1.160000000e+1,4.067293750e+0,
2.600000000e+1,-1.120000000e+1,4.429600000e+0,
2.600000000e+1,-1.139687500e+1,4.158400000e+0,
2.600000000e+1,-1.122500000e+1,4.245975000e+0,
2.499218750e+1,-1.079843750e+1,4.158400000e+0,
2.600781250e+1,-1.160468750e+1,4.066587500e+0,
2.400000000e+1,-1.160156250e+1,4.070825000e+0,
2.600000000e+1,-1.158906250e+1,4.248093750e+0,
2.496875000e+1,-1.120937500e+1,3.977600000e+0,
2.899218750e+1,-1.220000000e+1,4.429600000e+0,
2.596875000e+1,-1.119687500e+1,4.339200000e+0,
2.702343750e+1,-1.140000000e+1,4.339906250e+0,
2.699218750e+1,-1.200312500e+1,4.521412500e+0,
2.501562500e+1,-1.159531250e+1,4.520000000e+0,
3.001562500e+1,-1.140000000e+1,4.337787500e+0,
2.901562500e+1,-1.160312500e+1,4.340612500e+0,
2.500000000e+1,-1.179062500e+1,4.429600000e+0,
2.600000000e+1,-1.200312500e+1,4.339200000e+0,
2.499218750e+1,-1.139843750e+1,4.339906250e+0,
2.698437500e+1,-1.160468750e+1,4.610400000e+0,
2.800000000e+1,-1.160000000e+1,4.248800000e+0,
2.500000000e+1,-1.140468750e+1,4.520000000e+0,
2.798437500e+1,-1.200000000e+1,4.247387500e+0,
2.600000000e+1,-1.139531250e+1,4.610400000e+0,
2.800781250e+1,-1.240312500e+1,4.243150000e+0,
2.400781250e+1,-1.137968750e+1,4.158400000e+0,
3.102343750e+1,-1.120625000e+1,4.339200000e+0,
2.698437500e+1,-1.180781250e+1,4.340612500e+0,
2.700000000e+1,-1.179843750e+1,4.519293750e+0,
2.700000000e+1,-1.179531250e+1,4.431718750e+0,
2.800781250e+1,-1.180000000e+1,4.339200000e+0,
2.900000000e+1,-1.180468750e+1,4.520000000e+0,
2.700000000e+1,-1.240000000e+1,4.339200000e+0,
2.800000000e+1,-1.180000000e+1,4.429600000e+0,
2.696875000e+1,-1.200937500e+1,4.339200000e+0,
3.096875000e+1,-1.220156250e+1,4.429600000e+0,
2.903906250e+1,-1.179843750e+1,4.428893750e+0,
2.698437500e+1,-1.220000000e+1,4.520000000e+0,
2.599218750e+1,-1.220156250e+1,4.428893750e+0,
2.601562500e+1,-1.260156250e+1,4.610400000e+0,
2.802343750e+1,-1.240312500e+1,4.520000000e+0,
2.900000000e+1,-1.279687500e+1,4.700800000e+0,
2.900781250e+1,-1.200781250e+1,4.520000000e+0,
2.903906250e+1,-1.260000000e+1,4.609693750e+0,
2.596875000e+1,-1.259062500e+1,4.338493750e+0,
3.098437500e+1,-1.160000000e+1,4.430306250e+0,
3.000781250e+1,-1.241093750e+1,4.524237500e+0,
2.796875000e+1,-1.198750000e+1,4.700093750e+0,
3.298437500e+1,-1.200000000e+1,4.339200000e+0,
2.906250000e+1,-1.199843750e+1,4.520706250e+0,
2.901562500e+1,-1.220156250e+1,4.610400000e+0,
2.900000000e+1,-1.240156250e+1,4.520000000e+0,
2.900781250e+1,-1.240000000e+1,4.608987500e+0,
3.000000000e+1,-1.200625000e+1,4.339200000e+0,
2.898437500e+1,-1.300000000e+1,4.608281250e+0,
3.400000000e+1,-1.220625000e+1,4.790493750e+0,
3.100000000e+1,-1.220312500e+1,4.610400000e+0,
2.800000000e+1,-1.199375000e+1,4.428187500e+0,
3.000000000e+1,-1.300000000e+1,4.700800000e+0,
2.800781250e+1,-1.199687500e+1,4.700800000e+0,
2.696093750e+1,-1.260000000e+1,4.700800000e+0,
3.199218750e+1,-1.200156250e+1,4.520706250e+0,
2.900781250e+1,-1.239375000e+1,4.428893750e+0,
3.199218750e+1,-1.200000000e+1,4.520000000e+0,
3.000000000e+1,-1.220000000e+1,4.611812500e+0,
3.101562500e+1,-1.281250000e+1,4.698681250e+0,
3.098437500e+1,-1.299375000e+1,4.519293750e+0,
2.897656250e+1,-1.239687500e+1,4.611106250e+0,
2.903906250e+1,-1.240312500e+1,4.611106250e+0,
3.300000000e+1,-1.259687500e+1,4.702918750e+0,
2.900000000e+1,-1.260156250e+1,4.429600000e+0,
3.298437500e+1,-1.260312500e+1,4.702212500e+0,
3.204687500e+1,-1.280000000e+1,4.610400000e+0,
2.999218750e+1,-1.240000000e+1,4.700800000e+0,
3.197656250e+1,-1.280000000e+1,4.610400000e+0,
3.102343750e+1,-1.240468750e+1,4.700800000e+0,
2.996093750e+1,-1.259531250e+1,4.522118750e+0,
2.904687500e+1,-1.280312500e+1,4.430306250e+0,
3.300000000e+1,-1.319531250e+1,4.699387500e+0,
2.996875000e+1,-1.240000000e+1,4.791200000e+0,
3.101562500e+1,-1.300312500e+1,4.609693750e+0,
3.101562500e+1,-1.320000000e+1,4.790493750e+0,
3.300781250e+1,-1.301093750e+1,4.791200000e+0,
3.103906250e+1,-1.260156250e+1,4.790493750e+0,
2.900000000e+1,-1.260468750e+1,4.700800000e+0,
2.999218750e+1,-1.300156250e+1,4.610400000e+0,
2.998437500e+1,-1.279687500e+1,4.791906250e+0,
3.299218750e+1,-1.259687500e+1,4.700093750e+0,
3.104687500e+1,-1.259687500e+1,4.700093750e+0,
3.104687500e+1,-1.340000000e+1,4.609693750e+0,
3.501562500e+1,-1.279843750e+1,4.520000000e+0,
3.296093750e+1,-1.300000000e+1,4.520000000e+0,
2.997656250e+1,-1.260000000e+1,4.791906250e+0,
3.001562500e+1,-1.300625000e+1,4.700800000e+0,
3.400000000e+1,-1.320000000e+1,4.881600000e+0,
3.197656250e+1,-1.339062500e+1,4.701506250e+0,
2.799218750e+1,-1.360156250e+1,4.700093750e+0,
2.998437500e+1,-1.300000000e+1,4.520706250e+0,
3.200000000e+1,-1.280000000e+1,4.608987500e+0,
2.999218750e+1,-1.299843750e+1,4.791906250e+0,
3.099218750e+1,-1.280781250e+1,4.881600000e+0,
3.200000000e+1,-1.360156250e+1,4.791200000e+0,
3.000781250e+1,-1.281406250e+1,4.705037500e+0,
3.200000000e+1,-1.320312500e+1,4.520000000e+0,
3.300000000e+1,-1.299687500e+1,4.700800000e+0,
3.096875000e+1,-1.341093750e+1,4.608281250e+0,
3.101562500e+1,-1.399687500e+1,4.701506250e+0,
3.299218750e+1,-1.339687500e+1,4.791200000e+0,
3.200000000e+1,-1.340156250e+1,4.791200000e+0,
3.400000000e+1,-1.299687500e+1,4.791200000e+0,
3.100000000e+1,-1.299843750e+1,4.611106250e+0,
3.400000000e+1,-1.360000000e+1,4.610400000e+0,
3.100000000e+1,-1.339375000e+1,4.610400000e+0,
3.393750000e+1,-1.280000000e+1,4.700093750e+0,
3.503125000e+1,-1.319531250e+1,4.791200000e+0,
3.102343750e+1,-1.360000000e+1,4.881600000e+0,
3.103906250e+1,-1.360000000e+1,4.700800000e+0,
3.299218750e+1,-1.360156250e+1,4.791906250e+0,
3.202343750e+1,-1.320468750e+1,4.971293750e+0,
3.499218750e+1,-1.400468750e+1,4.700800000e+0,
3.199218750e+1,-1.360000000e+1,4.972000000e+0,
3.399218750e+1,-1.340156250e+1,4.793318750e+0,
3.098437500e+1,-1.320000000e+1,4.790493750e+0,
3.403125000e+1,-1.339843750e+1,4.881600000e+0,
2.800781250e+1,-1.319375000e+1,4.791200000e+0,
3.094531250e+1,-1.280781250e+1,4.881600000e+0,
3.399218750e+1,-1.360156250e+1,4.791200000e+0,
3.303906250e+1,-1.319843750e+1,4.972000000e+0,
3.097656250e+1,-1.318906250e+1,4.972706250e+0,
3.302343750e+1,-1.400000000e+1,4.882306250e+0,
3.300781250e+1,-1.380000000e+1,4.700093750e+0,
3.400000000e+1,-1.319218750e+1,4.791906250e+0,
3.298437500e+1,-1.300156250e+1,4.881600000e+0,
3.300781250e+1,-1.360000000e+1,4.787668750e+0,
3.499218750e+1,-1.359843750e+1,4.611106250e+0,
3.200000000e+1,-1.318281250e+1,5.057456250e+0,
3.400000000e+1,-1.399843750e+1,4.972000000e+0,
3.200000000e+1,-1.339687500e+1,4.700800000e+0,
3.400000000e+1,-1.360156250e+1,4.697975000e+0,
3.399218750e+1,-1.320000000e+1,4.881600000e+0,
3.200000000e+1,-1.360000000e+1,4.881600000e+0,
3.299218750e+1,-1.339687500e+1,4.881600000e+0,
3.199218750e+1,-1.399687500e+1,4.881600000e+0,
3.200000000e+1,-1.379843750e+1,4.880187500e+0,
3.301562500e+1,-1.359218750e+1,4.700800000e+0,
3.399218750e+1,-1.320312500e+1,4.886543750e+0,
3.298437500e+1,-1.380468750e+1,5.062400000e+0,
3.300000000e+1,-1.360000000e+1,4.972000000e+0,
3.300000000e+1,-1.398906250e+1,5.062400000e+0,
3.299218750e+1,-1.380000000e+1,4.972000000e+0,
3.199218750e+1,-1.339843750e+1,5.152093750e+0,
3.400000000e+1,-1.340000000e+1,4.972706250e+0,
3.299218750e+1,-1.360000000e+1,4.880893750e+0,
3.498437500e+1,-1.340312500e+1,4.880187500e+0,
3.401562500e+1,-1.419375000e+1,5.152800000e+0,
3.401562500e+1,-1.381406250e+1,4.879481250e+0,
3.503125000e+1,-1.360000000e+1,4.971293750e+0,
3.598437500e+1,-1.380000000e+1,4.970587500e+0,
3.400000000e+1,-1.380000000e+1,5.152800000e+0,
3.600781250e+1,-1.399843750e+1,5.153506250e+0,
3.396093750e+1,-1.360156250e+1,4.883718750e+0,
3.300781250e+1,-1.358750000e+1,4.880893750e+0,
3.400000000e+1,-1.400156250e+1,4.881600000e+0,
3.300000000e+1,-1.380000000e+1,5.062400000e+0,
3.399218750e+1,-1.360156250e+1,4.877362500e+0,
3.399218750e+1,-1.420312500e+1,4.793318750e+0,
3.499218750e+1,-1.379843750e+1,5.062400000e+0,
3.500000000e+1,-1.400000000e+1,4.881600000e+0,
3.500781250e+1,-1.380468750e+1,4.969881250e+0,
3.397656250e+1,-1.400000000e+1,5.152093750e+0,
3.300000000e+1,-1.400312500e+1,5.062400000e+0,
3.502343750e+1,-1.339843750e+1,4.970587500e+0,
3.700000000e+1,-1.340468750e+1,4.879481250e+0,
3.500000000e+1,-1.380156250e+1,5.062400000e+0,
3.500000000e+1,-1.360000000e+1,4.791200000e+0,
3.599218750e+1,-1.399531250e+1,5.149975000e+0,
3.399218750e+1,-1.400312500e+1,5.065225000e+0,
3.400000000e+1,-1.380000000e+1,4.972000000e+0,
3.400000000e+1,-1.400000000e+1,5.152800000e+0,
3.400000000e+1,-1.380156250e+1,4.972706250e+0,
3.500781250e+1,-1.420000000e+1,5.152800000e+0,
3.600000000e+1,-1.401250000e+1,5.155625000e+0,
3.500781250e+1,-1.360312500e+1,4.972706250e+0,
3.400000000e+1,-1.339843750e+1,5.064518750e+0,
3.400000000e+1,-1.420937500e+1,5.243906250e+0,
3.399218750e+1,-1.398906250e+1,5.152800000e+0,
3.400000000e+1,-1.360000000e+1,4.883718750e+0,
3.603125000e+1,-1.400000000e+1,5.333600000e+0,
3.803906250e+1,-1.400000000e+1,5.062400000e+0,
3.403125000e+1,-1.400000000e+1,5.151387500e+0,
3.596093750e+1,-1.359843750e+1,5.062400000e+0,
3.696875000e+1,-1.459843750e+1,5.062400000e+0,
3.806250000e+1,-1.360000000e+1,5.151387500e+0,
3.403125000e+1,-1.439062500e+1,5.243200000e+0,
3.595312500e+1,-1.402656250e+1,5.063106250e+0,
3.498437500e+1,-1.339843750e+1,5.150681250e+0,
3.500000000e+1,-1.419531250e+1,5.242493750e+0,
3.600781250e+1,-1.419843750e+1,5.332187500e+0,
3.800000000e+1,-1.419843750e+1,5.063106250e+0,
3.596875000e+1,-1.400000000e+1,5.062400000e+0,
3.500781250e+1,-1.420000000e+1,4.972000000e+0,
3.800000000e+1,-1.400781250e+1,5.419056250e+0,
3.704687500e+1,-1.400000000e+1,5.243200000e+0,
3.500000000e+1,-1.399843750e+1,5.240375000e+0,
3.599218750e+1,-1.380312500e+1,4.972706250e+0,
3.701562500e+1,-1.400000000e+1,5.243200000e+0,
3.403125000e+1,-1.380000000e+1,5.058868750e+0,
3.495312500e+1,-1.419843750e+1,4.972000000e+0,
3.800781250e+1,-1.440000000e+1,5.243200000e+0,
3.700000000e+1,-1.400000000e+1,5.150681250e+0,
3.799218750e+1,-1.420156250e+1,5.063106250e+0,
3.501562500e+1,-1.399843750e+1,5.152800000e+0,
4.000781250e+1,-1.400000000e+1,4.972000000e+0,
3.701562500e+1,-1.420156250e+1,5.337131250e+0,
3.500000000e+1,-1.401562500e+1,5.335012500e+0,
3.500000000e+1,-1.379375000e+1,5.333600000e+0,
3.600000000e+1,-1.480156250e+1,5.424000000e+0,
3.499218750e+1,-1.419687500e+1,5.424706250e+0,
3.700000000e+1,-1.460000000e+1,5.243906250e+0,
3.599218750e+1,-1.399687500e+1,5.153506250e+0,
3.897656250e+1,-1.420000000e+1,5.512281250e+0,
3.700000000e+1,-1.419531250e+1,5.241081250e+0,
3.400000000e+1,-1.459843750e+1,5.063812500e+0,
3.600000000e+1,-1.399687500e+1,5.243200000e+0,
3.498437500e+1,-1.440156250e+1,5.060281250e+0,
3.701562500e+1,-1.441093750e+1,5.157037500e+0,
3.900000000e+1,-1.520000000e+1,5.332893750e+0,
3.700000000e+1,-1.441406250e+1,5.244612500e+0,
3.599218750e+1,-1.440000000e+1,5.243200000e+0,
3.499218750e+1,-1.420156250e+1,5.333600000e+0,
3.795312500e+1,-1.440000000e+1,5.152800000e+0,
3.901562500e+1,-1.420000000e+1,5.333600000e+0,
3.300000000e+1,-1.420156250e+1,5.243200000e+0,
3.892968750e+1,-1.420156250e+1,5.243200000e+0,
3.900000000e+1,-1.400468750e+1,5.152093750e+0,
3.893750000e+1,-1.420000000e+1,5.424706250e+0,
3.297656250e+1,-1.459687500e+1,5.424000000e+0,
3.707812500e+1,-1.420156250e+1,5.424706250e+0,
3.896875000e+1,-1.501562500e+1,5.423293750e+0,
3.597656250e+1,-1.539375000e+1,5.243200000e+0,
3.700781250e+1,-1.440781250e+1,5.424000000e+0,
3.601562500e+1,-1.460000000e+1,5.238962500e+0,
3.598437500e+1,-1.460312500e+1,4.972706250e+0,
3.699218750e+1,-1.500000000e+1,5.424706250e+0,
3.697656250e+1,-1.459687500e+1,5.241081250e+0,
4.200000000e+1,-1.480468750e+1,5.515106250e+0,
3.803125000e+1,-1.480000000e+1,5.424000000e+0,
3.900000000e+1,-1.500468750e+1,5.423293750e+0,
3.699218750e+1,-1.459843750e+1,5.333600000e+0,
3.900781250e+1,-1.480156250e+1,5.424000000e+0,
4.000000000e+1,-1.480000000e+1,5.331481250e+0,
4.100000000e+1,-1.540000000e+1,5.242493750e+0,
4.000000000e+1,-1.460000000e+1,5.423293750e+0,
4.100000000e+1,-1.459843750e+1,5.332893750e+0,
4.000000000e+1,-1.440156250e+1,5.333600000e+0,
3.801562500e+1,-1.459531250e+1,5.150681250e+0,
3.598437500e+1,-1.480156250e+1,5.514400000e+0,
4.099218750e+1,-1.419687500e+1,5.242493750e+0,
3.701562500e+1,-1.480000000e+1,5.601268750e+0,
4.098437500e+1,-1.540000000e+1,5.515812500e+0,
4.001562500e+1,-1.480937500e+1,5.152093750e+0,
3.900781250e+1,-1.480156250e+1,5.514400000e+0,
3.800000000e+1,-1.500000000e+1,5.420468750e+0,
3.900781250e+1,-1.520000000e+1,5.242493750e+0,
4.000781250e+1,-1.499687500e+1,5.243200000e+0,
4.098437500e+1,-1.500156250e+1,5.335718750e+0,
3.899218750e+1,-1.520625000e+1,5.515106250e+0,
4.098437500e+1,-1.542812500e+1,5.515812500e+0,
4.200781250e+1,-1.440312500e+1,5.424000000e+0,
3.900781250e+1,-1.480468750e+1,5.423293750e+0,
3.998437500e+1,-1.460000000e+1,5.332893750e+0,
3.902343750e+1,-1.479843750e+1,5.512987500e+0,
3.798437500e+1,-1.500000000e+1,5.604800000e+0,
3.996875000e+1,-1.500000000e+1,5.696612500e+0,
3.998437500e+1,-1.500468750e+1,5.425412500e+0,
3.896875000e+1,-1.480156250e+1,5.424000000e+0,
3.800000000e+1,-1.520312500e+1,5.424000000e+0,
3.900000000e+1,-1.500000000e+1,5.333600000e+0,
3.901562500e+1,-1.480000000e+1,5.426825000e+0,
4.102343750e+1,-1.500781250e+1,5.874587500e+0,
4.200000000e+1,-1.540625000e+1,5.698731250e+0,
4.200000000e+1,-1.500156250e+1,5.603387500e+0,
4.102343750e+1,-1.520156250e+1,5.333600000e+0,
3.900000000e+1,-1.499843750e+1,5.514400000e+0,
3.999218750e+1,-1.500312500e+1,5.695200000e+0,
3.900781250e+1,-1.519843750e+1,5.512281250e+0,
3.900781250e+1,-1.499843750e+1,5.243906250e+0,
3.800000000e+1,-1.560000000e+1,5.334306250e+0,
3.901562500e+1,-1.499843750e+1,5.514400000e+0,
3.898437500e+1,-1.499843750e+1,5.514400000e+0,
3.697656250e+1,-1.460000000e+1,5.423293750e+0,
3.701562500e+1,-1.521250000e+1,5.333600000e+0,
4.100000000e+1,-1.560000000e+1,5.424000000e+0,
3.899218750e+1,-1.500468750e+1,5.333600000e+0,
3.900000000e+1,-1.539843750e+1,5.423293750e+0,
3.800000000e+1,-1.540000000e+1,5.243906250e+0,
3.799218750e+1,-1.520000000e+1,5.332893750e+0,
4.000000000e+1,-1.560000000e+1,5.425412500e+0,
3.900000000e+1,-1.519843750e+1,5.695200000e+0,
3.900781250e+1,-1.540156250e+1,5.424706250e+0,
3.700781250e+1,-1.500000000e+1,5.516518750e+0,
3.800000000e+1,-1.540312500e+1,5.242493750e+0,
3.900000000e+1,-1.519843750e+1,5.605506250e+0,
4.000781250e+1,-1.520156250e+1,5.510162500e+0,
3.997656250e+1,-1.519218750e+1,5.516518750e+0,
3.800781250e+1,-1.500312500e+1,5.695200000e+0,
4.000000000e+1,-1.520625000e+1,5.332893750e+0,
3.800000000e+1,-1.460156250e+1,5.514400000e+0,
4.000000000e+1,-1.559687500e+1,5.152800000e+0,
3.800000000e+1,-1.540000000e+1,5.517225000e+0,
3.999218750e+1,-1.480000000e+1,5.514400000e+0,
3.900000000e+1,-1.520156250e+1,5.424000000e+0,
4.097656250e+1,-1.520156250e+1,5.514400000e+0,
4.100781250e+1,-1.558750000e+1,5.786306250e+0,
3.997656250e+1,-1.580156250e+1,5.335012500e+0,
3.899218750e+1,-1.540156250e+1,5.425412500e+0,
3.796875000e+1,-1.539843750e+1,5.694493750e+0,
3.699218750e+1,-1.520312500e+1,5.243906250e+0,
3.804687500e+1,-1.580000000e+1,5.424000000e+0,
3.996093750e+1,-1.540312500e+1,5.243906250e+0,
3.503125000e+1,-1.520000000e+1,5.423293750e+0,
3.792968750e+1,-1.539687500e+1,5.424000000e+0,
3.899218750e+1,-1.539687500e+1,5.332893750e+0,
3.900000000e+1,-1.478906250e+1,5.424706250e+0,
3.900000000e+1,-1.480468750e+1,5.514400000e+0,
3.899218750e+1,-1.580468750e+1,5.514400000e+0,
3.903906250e+1,-1.581250000e+1,5.602681250e+0,
3.700000000e+1,-1.520000000e+1,5.605506250e+0,
3.901562500e+1,-1.540000000e+1,5.333600000e+0,
3.797656250e+1,-1.499687500e+1,5.514400000e+0,
3.800781250e+1,-1.520156250e+1,5.424000000e+0,
3.900000000e+1,-1.540000000e+1,5.515106250e+0,
3.799218750e+1,-1.499843750e+1,5.513693750e+0,
3.700000000e+1,-1.498437500e+1,5.423293750e+0,
3.800000000e+1,-1.520468750e+1,5.514400000e+0,
3.800000000e+1,-1.459843750e+1,5.333600000e+0,
3.900000000e+1,-1.520312500e+1,5.149975000e+0,
3.900000000e+1,-1.540000000e+1,5.514400000e+0,
3.900000000e+1,-1.539531250e+1,5.333600000e+0,
3.798437500e+1,-1.479687500e+1,5.330068750e+0,
3.899218750e+1,-1.539843750e+1,5.424000000e+0,
3.601562500e+1,-1.479687500e+1,5.422587500e+0,
4.000000000e+1,-1.500781250e+1,5.424706250e+0,
3.595312500e+1,-1.499531250e+1,5.695200000e+0,
3.803906250e+1,-1.439687500e+1,5.418350000e+0,
3.900781250e+1,-1.501250000e+1,5.422587500e+0,
4.100000000e+1,-1.542031250e+1,5.694493750e+0,
3.899218750e+1,-1.480000000e+1,5.602681250e+0,
3.999218750e+1,-1.540468750e+1,5.243200000e+0,
4.000000000e+1,-1.520156250e+1,5.512987500e+0,
3.900781250e+1,-1.519843750e+1,5.604093750e+0,
3.798437500e+1,-1.560156250e+1,5.424706250e+0,
3.900781250e+1,-1.560937500e+1,5.331481250e+0,
3.696093750e+1,-1.481875000e+1,5.514400000e+0,
3.804687500e+1,-1.440000000e+1,5.243906250e+0,
4.000781250e+1,-1.499687500e+1,5.240375000e+0,
3.894531250e+1,-1.540000000e+1,5.424000000e+0,
3.701562500e+1,-1.540156250e+1,5.424000000e+0,
3.899218750e+1,-1.540312500e+1,5.332893750e+0,
3.596875000e+1,-1.481562500e+1,5.424000000e+0,
3.795312500e+1,-1.460000000e+1,5.333600000e+0,
4.100781250e+1,-1.460000000e+1,5.424000000e+0,
3.800781250e+1,-1.540000000e+1,5.331481250e+0,
3.899218750e+1,-1.459843750e+1,5.241787500e+0,
4.000781250e+1,-1.540625000e+1,5.243200000e+0,
3.801562500e+1,-1.500312500e+1,5.514400000e+0,
3.801562500e+1,-1.459687500e+1,5.334306250e+0,
3.702343750e+1,-1.480000000e+1,5.424000000e+0,
4.104687500e+1,-1.440312500e+1,5.333600000e+0,
3.994531250e+1,-1.400156250e+1,5.515106250e+0,
3.499218750e+1,-1.480156250e+1,5.335718750e+0,
3.800000000e+1,-1.440312500e+1,5.152800000e+0,
3.899218750e+1,-1.479687500e+1,5.243200000e+0,
3.599218750e+1,-1.460312500e+1,5.244612500e+0,
3.800781250e+1,-1.479531250e+1,5.241081250e+0,
3.900000000e+1,-1.520156250e+1,5.514400000e+0,
3.800000000e+1,-1.459843750e+1,5.334306250e+0,
3.700000000e+1,-1.500156250e+1,5.332893750e+0,
4.000000000e+1,-1.480000000e+1,5.333600000e+0,
3.701562500e+1,-1.500156250e+1,5.423293750e+0,
3.599218750e+1,-1.480000000e+1,5.335718750e+0,
3.800000000e+1,-1.520156250e+1,5.243906250e+0,
3.396875000e+1,-1.459687500e+1,5.515812500e+0,
3.502343750e+1,-1.500625000e+1,5.514400000e+0,
3.801562500e+1,-1.479843750e+1,5.424706250e+0,
3.899218750e+1,-1.460000000e+1,5.424000000e+0,
3.803125000e+1,-1.459843750e+1,5.152800000e+0,
3.699218750e+1,-1.500000000e+1,5.332187500e+0,
3.799218750e+1,-1.460156250e+1,5.243200000e+0,
3.700781250e+1,-1.460312500e+1,5.424000000e+0,
3.702343750e+1,-1.460000000e+1,5.333600000e+0,
3.596875000e+1,-1.439843750e+1,5.424000000e+0,
3.892968750e+1,-1.479687500e+1,5.241787500e+0,
3.898437500e+1,-1.460156250e+1,5.603387500e+0,
3.799218750e+1,-1.460156250e+1,5.334306250e+0,
3.799218750e+1,-1.440000000e+1,5.424706250e+0,
3.699218750e+1,-1.460156250e+1,5.423293750e+0,
3.701562500e+1,-1.460000000e+1,5.604800000e+0,
3.799218750e+1,-1.480000000e+1,5.243200000e+0,
3.600000000e+1,-1.442968750e+1,5.513693750e+0,
3.797656250e+1,-1.399843750e+1,5.243200000e+0,
3.700781250e+1,-1.480781250e+1,5.424706250e+0,
3.700000000e+1,-1.456875000e+1,5.241787500e+0,
3.699218750e+1,-1.381406250e+1,5.333600000e+0,
3.897656250e+1,-1.521250000e+1,5.241787500e+0,
3.901562500e+1,-1.480312500e+1,5.243200000e+0,
3.799218750e+1,-1.440000000e+1,5.333600000e+0,
3.800781250e+1,-1.480000000e+1,5.241081250e+0,
3.799218750e+1,-1.439531250e+1,5.245318750e+0,
3.700000000e+1,-1.440156250e+1,5.514400000e+0,
3.800000000e+1,-1.420000000e+1,5.238962500e+0,
3.800000000e+1,-1.399687500e+1,5.063812500e+0,
3.800000000e+1,-1.379062500e+1,5.420468750e+0,
3.499218750e+1,-1.420312500e+1,5.604800000e+0,
3.598437500e+1,-1.380156250e+1,5.424000000e+0,
3.899218750e+1,-1.481250000e+1,5.605506250e+0,
3.800000000e+1,-1.479843750e+1,5.154918750e+0,
3.600781250e+1,-1.420156250e+1,5.063106250e+0,
3.498437500e+1,-1.440312500e+1,5.328656250e+0,
3.600000000e+1,-1.360468750e+1,5.332187500e+0,
3.399218750e+1,-1.400468750e+1,4.970587500e+0,
3.800781250e+1,-1.400156250e+1,5.244612500e+0,
3.697656250e+1,-1.420156250e+1,5.330775000e+0,
3.498437500e+1,-1.419687500e+1,5.062400000e+0,
3.397656250e+1,-1.400156250e+1,5.332893750e+0,
4.000000000e+1,-1.420156250e+1,5.245318750e+0,
3.497656250e+1,-1.400000000e+1,5.152800000e+0,
3.497656250e+1,-1.420000000e+1,5.243200000e+0,
3.999218750e+1,-1.400000000e+1,5.243200000e+0,
3.601562500e+1,-1.420000000e+1,5.243200000e+0,
3.596875000e+1,-1.440000000e+1,5.243200000e+0,
3.795312500e+1,-1.420156250e+1,5.243200000e+0,
3.906250000e+1,-1.399687500e+1,5.064518750e+0,
3.298437500e+1,-1.420000000e+1,5.063812500e+0,
3.703906250e+1,-1.399531250e+1,5.422587500e+0,
3.495312500e+1,-1.400312500e+1,5.331481250e+0,
3.400781250e+1,-1.480156250e+1,5.151387500e+0,
3.604687500e+1,-1.419687500e+1,4.972000000e+0,
3.798437500e+1,-1.420312500e+1,5.060987500e+0,
3.503125000e+1,-1.380000000e+1,5.332187500e+0,
3.498437500e+1,-1.380468750e+1,5.061693750e+0,
3.500000000e+1,-1.400000000e+1,5.243906250e+0,
3.499218750e+1,-1.360312500e+1,5.060987500e+0,
3.600000000e+1,-1.420781250e+1,5.152093750e+0,
3.500781250e+1,-1.380000000e+1,4.972000000e+0,
3.501562500e+1,-1.359531250e+1,5.152800000e+0,
3.401562500e+1,-1.380156250e+1,5.062400000e+0,
3.600000000e+1,-1.360000000e+1,4.971293750e+0,
3.399218750e+1,-1.360000000e+1,4.972706250e+0,
3.600000000e+1,-1.400468750e+1,4.972706250e+0,
3.500000000e+1,-1.420000000e+1,4.789081250e+0,
3.600000000e+1,-1.380468750e+1,5.514400000e+0,
3.500000000e+1,-1.340312500e+1,4.791200000e+0,
3.300000000e+1,-1.339843750e+1,4.967762500e+0,
3.398437500e+1,-1.360000000e+1,4.972000000e+0,
3.600781250e+1,-1.360000000e+1,4.880893750e+0,
3.200000000e+1,-1.340000000e+1,5.150681250e+0,
3.697656250e+1,-1.320000000e+1,5.063106250e+0,
3.702343750e+1,-1.339218750e+1,4.883012500e+0,
3.401562500e+1,-1.380156250e+1,4.881600000e+0,
3.300000000e+1,-1.380000000e+1,4.885131250e+0,
3.598437500e+1,-1.359218750e+1,5.247437500e+0,
3.097656250e+1,-1.340625000e+1,5.058868750e+0,
3.402343750e+1,-1.380156250e+1,4.789081250e+0,
3.502343750e+1,-1.339531250e+1,4.884425000e+0,
3.800781250e+1,-1.337968750e+1,5.152800000e+0,
3.201562500e+1,-1.380156250e+1,4.972706250e+0,
3.298437500e+1,-1.319843750e+1,5.063106250e+0,
3.500781250e+1,-1.340000000e+1,4.972706250e+0,
3.300000000e+1,-1.300000000e+1,4.880893750e+0,
3.402343750e+1,-1.340000000e+1,4.972000000e+0,
3.101562500e+1,-1.359843750e+1,4.976237500e+0,
3.302343750e+1,-1.360781250e+1,4.611106250e+0,
3.304687500e+1,-1.320000000e+1,4.883012500e+0,
3.598437500e+1,-1.340312500e+1,5.062400000e+0,
2.993750000e+1,-1.320000000e+1,4.881600000e+0,
3.105468750e+1,-1.300000000e+1,4.612518750e+0,
3.301562500e+1,-1.300312500e+1,4.971293750e+0,
3.298437500e+1,-1.338906250e+1,4.700800000e+0,
3.101562500e+1,-1.360000000e+1,5.063106250e+0,
3.097656250e+1,-1.339531250e+1,4.972000000e+0,
3.201562500e+1,-1.299843750e+1,5.424000000e+0,
3.000000000e+1,-1.340781250e+1,5.695906250e+0,
3.196875000e+1,-1.420156250e+1,6.243250000e+0,
3.108593750e+1,-1.400468750e+1,7.142306250e+0,
2.701562500e+1,-1.459843750e+1,8.054781250e+0,
3.303906250e+1,-1.480312500e+1,9.492000000e+0,
3.397656250e+1,-1.520156250e+1,1.084800000e+1,
3.400000000e+1,-1.620000000e+1,1.184805000e+1,
3.500000000e+1,-1.720468750e+1,1.238762500e+1,
3.500000000e+1,-1.780000000e+1,1.256560000e+1,
3.700000000e+1,-1.895625000e+1,1.220753125e+1,
3.498437500e+1,-1.979687500e+1,1.156272500e+1,
3.896875000e+1,-2.000000000e+1,1.012691875e+1,
4.198437500e+1,-2.099062500e+1,8.959487500e+0,
4.300781250e+1,-2.240000000e+1,7.585125000e+0,
4.500000000e+1,-2.320937500e+1,6.780000000e+0,
4.200781250e+1,-2.460000000e+1,6.416281250e+0,
4.300781250e+1,-2.534687500e+1,5.808906250e+0,
3.900000000e+1,-2.660468750e+1,5.064518750e+0,
4.200000000e+1,-2.679531250e+1,5.152800000e+0,
3.593750000e+1,-2.761093750e+1,5.151387500e+0,
3.500000000e+1,-2.862656250e+1,5.333600000e+0,
3.300000000e+1,-2.920156250e+1,5.333600000e+0,
3.500781250e+1,-2.960781250e+1,5.426118750e+0,
3.600000000e+1,-2.920156250e+1,5.966400000e+0,
3.800000000e+1,-3.059375000e+1,6.412043750e+0,
4.600000000e+1,-3.080000000e+1,7.594306250e+0,
5.294531250e+1,-3.140468750e+1,8.226400000e+0,
5.892968750e+1,-3.180156250e+1,9.302018750e+0,
6.891406250e+1,-3.159687500e+1,1.057680000e+1,
7.600781250e+1,-3.317187500e+1,1.192432500e+1,
8.310937500e+1,-3.319843750e+1,1.273933750e+1,
9.007812500e+1,-3.359531250e+1,1.365816875e+1,
9.707812500e+1,-3.439375000e+1,1.474367500e+1,
9.800781250e+1,-3.379843750e+1,1.581435000e+1,
1.010390625e+2,-3.540000000e+1,1.618160000e+1,
1.039843750e+2,-3.599687500e+1,1.699308125e+1,
1.039453125e+2,-3.639843750e+1,1.735397500e+1,
1.099140625e+2,-3.640156250e+1,1.771840000e+1,
1.119843750e+2,-3.740781250e+1,1.753760000e+1,
1.139765625e+2,-3.840468750e+1,1.771698750e+1,
1.189843750e+2,-3.860625000e+1,1.726640000e+1,
1.180468750e+2,-4.000156250e+1,1.708560000e+1,
1.159921875e+2,-3.901406250e+1,1.681793125e+1,
1.170312500e+2,-3.960000000e+1,1.600786250e+1,
1.180156250e+2,-4.060000000e+1,1.491458750e+1,
1.179843750e+2,-4.120000000e+1,1.409604375e+1,
1.149531250e+2,-4.120156250e+1,1.338485000e+1,
1.110000000e+2,-4.160000000e+1,1.265670625e+1,
1.150078125e+2,-4.160312500e+1,1.210865625e+1,
1.140000000e+2,-4.221250000e+1,1.139605000e+1,
1.099609375e+2,-4.159531250e+1,1.084800000e+1,
1.080000000e+2,-4.279843750e+1,1.039600000e+1,
1.130000000e+2,-4.159687500e+1,9.766731250e+0,
1.109921875e+2,-4.260000000e+1,9.672800000e+0,
1.120000000e+2,-4.219843750e+1,9.582400000e+0,
1.090312500e+2,-4.259218750e+1,9.576750000e+0,
1.090000000e+2,-4.220625000e+1,9.944000000e+0,
1.099765625e+2,-4.220625000e+1,1.048498750e+1,
1.059843750e+2,-4.280156250e+1,1.094334375e+1,
1.090781250e+2,-4.219531250e+1,1.185158125e+1,
1.099296875e+2,-4.200000000e+1,1.211854375e+1,
1.060000000e+2,-4.200312500e+1,1.283115000e+1,
1.110000000e+2,-4.201718750e+1,1.355505625e+1,
1.130000000e+2,-4.140000000e+1,1.401623750e+1,
1.120000000e+2,-4.140156250e+1,1.464338750e+1,
1.130156250e+2,-4.140000000e+1,1.518296250e+1,
1.109921875e+2,-4.160156250e+1,1.564202500e+1,
1.149453125e+2,-4.099843750e+1,1.591251875e+1,
1.150156250e+2,-4.099375000e+1,1.645068125e+1,
1.150234375e+2,-4.121250000e+1,1.654037500e+1,
1.160234375e+2,-4.060156250e+1,1.645280000e+1,
1.169765625e+2,-4.100156250e+1,1.654178750e+1,
1.160390625e+2,-4.040000000e+1,1.645280000e+1,
1.200234375e+2,-4.119843750e+1,1.618371875e+1,
1.179687500e+2,-4.000468750e+1,1.582070625e+1,
1.180000000e+2,-4.019218750e+1,1.546616875e+1,
1.179843750e+2,-4.020156250e+1,1.455440000e+1,
1.190156250e+2,-4.060000000e+1,1.437713125e+1,
1.169921875e+2,-4.019843750e+1,1.355223125e+1,
1.199921875e+2,-4.000468750e+1,1.311082500e+1,
1.180156250e+2,-4.040000000e+1,1.274640000e+1,
1.179921875e+2,-4.020000000e+1,1.193280000e+1,
1.160703125e+2,-4.060156250e+1,1.165948125e+1,
1.130234375e+2,-4.020000000e+1,1.130070625e+1,
1.159843750e+2,-4.040000000e+1,1.102880000e+1,
1.120000000e+2,-4.019843750e+1,1.094263750e+1,
1.160000000e+2,-4.000156250e+1,1.130000000e+1,
1.130000000e+2,-4.000000000e+1,1.075760000e+1,
1.130000000e+2,-3.961093750e+1,1.075971875e+1,
1.130000000e+2,-3.919843750e+1,1.129858750e+1,
1.130000000e+2,-3.959375000e+1,1.148362500e+1,
1.140000000e+2,-3.960312500e+1,1.184240000e+1,
1.120000000e+2,-3.879687500e+1,1.256136250e+1,
1.120000000e+2,-3.900000000e+1,1.292931875e+1,
1.120078125e+2,-3.880000000e+1,1.328880000e+1,
1.149843750e+2,-3.822031250e+1,1.392018750e+1,
1.150000000e+2,-3.799843750e+1,1.382978750e+1,
1.150000000e+2,-3.859843750e+1,1.482913125e+1,
1.150000000e+2,-3.839218750e+1,1.482136250e+1,
1.149843750e+2,-3.799218750e+1,1.491600000e+1,
1.150156250e+2,-3.780156250e+1,1.509891875e+1,
1.180156250e+2,-3.840000000e+1,1.536800000e+1,
1.170390625e+2,-3.780156250e+1,1.518720000e+1,
1.150625000e+2,-3.820000000e+1,1.536729375e+1,
1.129531250e+2,-3.819687500e+1,1.509680000e+1,
1.189062500e+2,-3.920312500e+1,1.500569375e+1,
1.180937500e+2,-3.859687500e+1,1.500851875e+1,
1.159921875e+2,-3.839531250e+1,1.428320000e+1,
1.169687500e+2,-3.880312500e+1,1.418997500e+1,
1.169921875e+2,-3.859843750e+1,1.383543750e+1,
1.159921875e+2,-3.920156250e+1,1.347171875e+1,
1.160000000e+2,-3.860312500e+1,1.328809375e+1,
1.159921875e+2,-3.919843750e+1,1.265953125e+1,
1.150156250e+2,-3.800000000e+1,1.238480000e+1,
1.180000000e+2,-3.859375000e+1,1.238480000e+1,
1.160000000e+2,-3.860937500e+1,1.221388750e+1,
1.150234375e+2,-3.860000000e+1,1.193280000e+1,
1.130234375e+2,-3.860312500e+1,1.183957500e+1,
1.119843750e+2,-3.879062500e+1,1.166371875e+1,
1.159765625e+2,-3.819531250e+1,1.202390625e+1,
1.140468750e+2,-3.860781250e+1,1.184098750e+1,
1.120078125e+2,-3.860156250e+1,1.211360000e+1,
1.130546875e+2,-3.820156250e+1,1.211360000e+1,
1.159843750e+2,-3.880000000e+1,1.238338750e+1,
1.119843750e+2,-3.839531250e+1,1.238621250e+1,
1.120312500e+2,-3.840000000e+1,1.292720000e+1,
1.150078125e+2,-3.800000000e+1,1.283609375e+1,
1.140000000e+2,-3.801093750e+1,1.347525000e+1,
1.150000000e+2,-3.879843750e+1,1.356423750e+1,
1.149921875e+2,-3.820625000e+1,1.356000000e+1,
1.130000000e+2,-3.840312500e+1,1.410451875e+1,
1.140000000e+2,-3.860781250e+1,1.419209375e+1,
1.120000000e+2,-3.899843750e+1,1.428249375e+1,
1.119921875e+2,-3.819531250e+1,1.437360000e+1,
1.140078125e+2,-3.820000000e+1,1.437077500e+1,
1.110000000e+2,-3.839531250e+1,1.455369375e+1,
1.120000000e+2,-3.839375000e+1,1.428461250e+1,
1.110078125e+2,-3.759843750e+1,1.464480000e+1,
1.140234375e+2,-3.820468750e+1,1.427966875e+1,
1.139843750e+2,-3.820468750e+1,1.400917500e+1,
1.110078125e+2,-3.859843750e+1,1.392160000e+1,
1.110000000e+2,-3.801093750e+1,1.392371875e+1,
1.120078125e+2,-3.800000000e+1,1.319486875e+1,
1.139843750e+2,-3.800156250e+1,1.310800000e+1,
1.149921875e+2,-3.820000000e+1,1.274640000e+1,
1.150078125e+2,-3.800000000e+1,1.265600000e+1,
1.119921875e+2,-3.821093750e+1,1.283680000e+1,
1.149687500e+2,-3.879843750e+1,1.220400000e+1,
1.130468750e+2,-3.861718750e+1,1.247378750e+1,
1.110078125e+2,-3.840000000e+1,1.220400000e+1,
1.119765625e+2,-3.880312500e+1,1.256418750e+1,
1.090000000e+2,-3.819531250e+1,1.247166875e+1,
1.130468750e+2,-3.760312500e+1,1.229440000e+1,
1.129765625e+2,-3.800000000e+1,1.256348125e+1,
1.119921875e+2,-3.740312500e+1,1.274569375e+1,
1.119843750e+2,-3.800000000e+1,1.274428125e+1,
1.120546875e+2,-3.779375000e+1,1.265670625e+1,
1.089921875e+2,-3.740000000e+1,1.292861250e+1,
1.139921875e+2,-3.780312500e+1,1.311011875e+1,
1.100156250e+2,-3.759375000e+1,1.328950625e+1,
1.129843750e+2,-3.760000000e+1,1.328880000e+1,
1.109843750e+2,-3.741093750e+1,1.329021250e+1,
1.140000000e+2,-3.720156250e+1,1.365040000e+1,
1.109921875e+2,-3.760156250e+1,1.392160000e+1,
1.120078125e+2,-3.760000000e+1,1.364686875e+1,
1.099921875e+2,-3.699843750e+1,1.364898750e+1,
1.099921875e+2,-3.760000000e+1,1.392018750e+1,
1.110000000e+2,-3.820000000e+1,1.391665625e+1,
1.110000000e+2,-3.781250000e+1,1.337920000e+1,
1.100078125e+2,-3.720000000e+1,1.373656250e+1,
1.089921875e+2,-3.759843750e+1,1.383120000e+1,
1.109765625e+2,-3.759687500e+1,1.383190625e+1,
1.149921875e+2,-3.720000000e+1,1.365181250e+1,
1.140000000e+2,-3.720000000e+1,1.337990625e+1,
1.140234375e+2,-3.740312500e+1,1.337990625e+1,
1.109921875e+2,-3.740156250e+1,1.319840000e+1,
1.150000000e+2,-3.780000000e+1,1.310800000e+1,
1.119531250e+2,-3.719218750e+1,1.291801875e+1,
1.120312500e+2,-3.740781250e+1,1.256489375e+1,
1.160078125e+2,-3.740000000e+1,1.265953125e+1,
1.139843750e+2,-3.740156250e+1,1.274428125e+1,
1.130156250e+2,-3.741875000e+1,1.247520000e+1,
1.099921875e+2,-3.699687500e+1,1.274428125e+1,
1.139921875e+2,-3.780468750e+1,1.265388125e+1,
1.110000000e+2,-3.739687500e+1,1.256560000e+1,
1.139843750e+2,-3.699843750e+1,1.256560000e+1,
1.110625000e+2,-3.800000000e+1,1.256560000e+1,
1.099609375e+2,-3.741562500e+1,1.265176250e+1,
1.109921875e+2,-3.698593750e+1,1.292861250e+1,
1.100234375e+2,-3.780156250e+1,1.265600000e+1,
1.129921875e+2,-3.739375000e+1,1.292578750e+1,
1.110078125e+2,-3.740000000e+1,1.301760000e+1,
1.140000000e+2,-3.780156250e+1,1.310941250e+1,
1.109687500e+2,-3.759843750e+1,1.346818750e+1,
1.120078125e+2,-3.779218750e+1,1.347242500e+1,
1.119921875e+2,-3.780156250e+1,1.337920000e+1,
1.129765625e+2,-3.759843750e+1,1.356000000e+1,
1.130390625e+2,-3.760312500e+1,1.346960000e+1,
1.099843750e+2,-3.780312500e+1,1.374150625e+1,
1.139765625e+2,-3.759062500e+1,1.355929375e+1,
1.110468750e+2,-3.699843750e+1,1.355929375e+1,
1.109921875e+2,-3.779687500e+1,1.346889375e+1,
1.100000000e+2,-3.760156250e+1,1.337920000e+1,
1.120156250e+2,-3.799531250e+1,1.356000000e+1,
1.119765625e+2,-3.720000000e+1,1.328738750e+1,
1.110078125e+2,-3.820625000e+1,1.328738750e+1,
1.140000000e+2,-3.780000000e+1,1.301760000e+1,
1.149843750e+2,-3.818906250e+1,1.301689375e+1,
1.099765625e+2,-3.780468750e+1,1.319910625e+1,
1.109921875e+2,-3.720000000e+1,1.320051875e+1,
1.110000000e+2,-3.799687500e+1,1.283821250e+1,
1.110078125e+2,-3.799687500e+1,1.283750625e+1,
1.139921875e+2,-3.800156250e+1,1.301760000e+1,
1.130000000e+2,-3.820000000e+1,1.283750625e+1,
1.130234375e+2,-3.820000000e+1,1.292790625e+1,
1.090000000e+2,-3.819843750e+1,1.283609375e+1,
1.130000000e+2,-3.800312500e+1,1.310729375e+1,
1.109531250e+2,-3.819687500e+1,1.274569375e+1,
1.100078125e+2,-3.759687500e+1,1.311153125e+1,
1.120000000e+2,-3.800312500e+1,1.292720000e+1,
1.130000000e+2,-3.780156250e+1,1.256630625e+1,
1.130000000e+2,-3.800312500e+1,1.319840000e+1,
1.130000000e+2,-3.800156250e+1,1.283609375e+1,
1.130000000e+2,-3.780000000e+1,1.329233125e+1,
1.109921875e+2,-3.800000000e+1,1.346960000e+1,
1.139687500e+2,-3.780156250e+1,1.347101250e+1,
1.130312500e+2,-3.820000000e+1,1.310800000e+1,
1.110078125e+2,-3.799843750e+1,1.346960000e+1,
1.110546875e+2,-3.840000000e+1,1.310800000e+1,
1.129531250e+2,-3.820000000e+1,1.338061250e+1,
1.069453125e+2,-3.840000000e+1,1.356000000e+1,
1.100781250e+2,-3.799531250e+1,1.346889375e+1,
1.120078125e+2,-3.800000000e+1,1.365040000e+1,
1.130000000e+2,-3.859843750e+1,1.356141250e+1,
1.130234375e+2,-3.840156250e+1,1.355929375e+1,
1.119687500e+2,-3.820156250e+1,1.365040000e+1,
1.140078125e+2,-3.800156250e+1,1.346818750e+1,
1.100156250e+2,-3.820156250e+1,1.337849375e+1,
1.119687500e+2,-3.800000000e+1,1.328880000e+1,
1.120312500e+2,-3.800156250e+1,1.310800000e+1,
1.099843750e+2,-3.820000000e+1,1.319628125e+1,
1.120234375e+2,-3.800000000e+1,1.319840000e+1,
1.120000000e+2,-3.800000000e+1,1.310588125e+1,
1.130078125e+2,-3.820312500e+1,1.292720000e+1,
1.129843750e+2,-3.840156250e+1,1.319628125e+1,
1.120000000e+2,-3.840000000e+1,1.337778750e+1,
1.130078125e+2,-3.819843750e+1,1.310658750e+1,
1.140000000e+2,-3.779375000e+1,1.310517500e+1,
1.089687500e+2,-3.839687500e+1,1.319840000e+1,
1.100000000e+2,-3.819687500e+1,1.292720000e+1,
1.130000000e+2,-3.799843750e+1,1.328738750e+1,
1.100000000e+2,-3.780000000e+1,1.292720000e+1,
1.130000000e+2,-3.840468750e+1,1.292720000e+1,
1.140234375e+2,-3.841718750e+1,1.319628125e+1,
1.120000000e+2,-3.799531250e+1,1.310800000e+1,
1.139921875e+2,-3.880156250e+1,1.310870625e+1,
1.099765625e+2,-3.778125000e+1,1.319840000e+1,
1.120156250e+2,-3.781093750e+1,1.310446875e+1,
1.110156250e+2,-3.879687500e+1,1.311294375e+1,
1.129921875e+2,-3.820000000e+1,1.355788125e+1,
1.100000000e+2,-3.862187500e+1,1.365181250e+1,
1.110078125e+2,-3.740000000e+1,1.319698750e+1,
1.130000000e+2,-3.820625000e+1,1.328385625e+1,
1.110312500e+2,-3.800000000e+1,1.356070625e+1,
1.090000000e+2,-3.840000000e+1,1.310658750e+1,
1.109218750e+2,-3.800000000e+1,1.328738750e+1,
1.139765625e+2,-3.819843750e+1,1.328809375e+1,
1.118750000e+2,-3.800937500e+1,1.347030625e+1,
1.069765625e+2,-3.780156250e+1,1.337990625e+1,
1.100312500e+2,-3.780156250e+1,1.328880000e+1,
1.110156250e+2,-3.760000000e+1,1.328880000e+1,
1.109062500e+2,-3.780625000e+1,1.319840000e+1,
1.060468750e+2,-3.820000000e+1,1.319557500e+1,
1.140234375e+2,-3.801093750e+1,1.329162500e+1,
1.080546875e+2,-3.800156250e+1,1.292720000e+1,
1.099296875e+2,-3.840000000e+1,1.310800000e+1,
1.129921875e+2,-3.779843750e+1,1.292366875e+1,
1.110078125e+2,-3.780000000e+1,1.283750625e+1,
1.100000000e+2,-3.780625000e+1,1.301760000e+1,
1.099921875e+2,-3.840156250e+1,1.301760000e+1,
1.100156250e+2,-3.761718750e+1,1.292649375e+1,
1.090000000e+2,-3.780000000e+1,1.310729375e+1,
1.110468750e+2,-3.780000000e+1,1.301760000e+1,
1.129843750e+2,-3.800312500e+1,1.301689375e+1,
1.099843750e+2,-3.839687500e+1,1.301689375e+1,
1.100000000e+2,-3.799843750e+1,1.319840000e+1,
1.119921875e+2,-3.859843750e+1,1.328738750e+1,
1.089843750e+2,-3.800625000e+1,1.292861250e+1,
1.080000000e+2,-3.800312500e+1,1.310588125e+1,
1.090000000e+2,-3.759843750e+1,1.319840000e+1,
1.090000000e+2,-3.839687500e+1,1.328809375e+1,
1.100000000e+2,-3.719843750e+1,1.329091875e+1,
1.130000000e+2,-3.780000000e+1,1.310800000e+1,
1.110078125e+2,-3.800000000e+1,1.346606875e+1,
1.109921875e+2,-3.820000000e+1,1.329303750e+1,
1.120000000e+2,-3.820156250e+1,1.311011875e+1,
1.089843750e+2,-3.780937500e+1,1.356211875e+1,
1.110234375e+2,-3.860000000e+1,1.337920000e+1,
1.119921875e+2,-3.759531250e+1,1.319981250e+1,
1.120000000e+2,-3.740000000e+1,1.346960000e+1,
1.120078125e+2,-3.759687500e+1,1.328880000e+1,
1.110234375e+2,-3.840000000e+1,1.319557500e+1,
1.099921875e+2,-3.780156250e+1,1.346960000e+1,
1.110000000e+2,-3.800156250e+1,1.328738750e+1,
1.100156250e+2,-3.800156250e+1,1.310870625e+1,
1.109453125e+2,-3.840000000e+1,1.310800000e+1,
1.120078125e+2,-3.801718750e+1,1.328880000e+1,
1.109921875e+2,-3.779375000e+1,1.311011875e+1,
1.120078125e+2,-3.860312500e+1,1.310800000e+1,
1.130000000e+2,-3.779843750e+1,1.310729375e+1,
1.119921875e+2,-3.860781250e+1,1.310729375e+1,
1.120078125e+2,-3.840000000e+1,1.319840000e+1,
1.130000000e+2,-3.800156250e+1,1.319840000e+1,
1.120000000e+2,-3.800468750e+1,1.310658750e+1,
1.110156250e+2,-3.799843750e+1,1.328880000e+1,
1.100000000e+2,-3.860000000e+1,1.328597500e+1,
1.100000000e+2,-3.799062500e+1,1.310941250e+1,
1.099843750e+2,-3.820625000e+1,1.328809375e+1,
1.120078125e+2,-3.820156250e+1,1.292508125e+1,
1.099843750e+2,-3.820312500e+1,1.319840000e+1,
1.129843750e+2,-3.760000000e+1,1.337920000e+1,
1.089843750e+2,-3.820000000e+1,1.328880000e+1,
1.120078125e+2,-3.799531250e+1,1.328597500e+1,
1.109765625e+2,-3.800000000e+1,1.301760000e+1,
1.110078125e+2,-3.820000000e+1,1.347101250e+1,
1.129921875e+2,-3.859843750e+1,1.337849375e+1,
1.130000000e+2,-3.800781250e+1,1.355929375e+1,
1.099843750e+2,-3.800312500e+1,1.337920000e+1,
1.089921875e+2,-3.760156250e+1,1.337849375e+1,
1.120000000e+2,-3.840937500e+1,1.328950625e+1,
1.090000000e+2,-3.839843750e+1,1.310800000e+1,
1.099921875e+2,-3.799687500e+1,1.328950625e+1,
1.109921875e+2,-3.780000000e+1,1.337778750e+1,
1.110000000e+2,-3.799375000e+1,1.337778750e+1,
1.100000000e+2,-3.819843750e+1,1.310517500e+1,
1.110156250e+2,-3.759218750e+1,1.310800000e+1,
1.139921875e+2,-3.760000000e+1,1.320051875e+1,
1.099765625e+2,-3.761093750e+1,1.337778750e+1,
1.089765625e+2,-3.840625000e+1,1.310941250e+1,
1.150000000e+2,-3.820781250e+1,1.301689375e+1,
1.129765625e+2,-3.799843750e+1,1.301760000e+1,
1.089921875e+2,-3.760156250e+1,1.301760000e+1,
1.139687500e+2,-3.800156250e+1,1.301760000e+1,
1.120078125e+2,-3.780000000e+1,1.319910625e+1,
1.109609375e+2,-3.780781250e+1,1.328880000e+1,
1.140078125e+2,-3.820156250e+1,1.328880000e+1,
1.100312500e+2,-3.760781250e+1,1.310941250e+1,
1.110234375e+2,-3.820000000e+1,1.301760000e+1,
1.109843750e+2,-3.859687500e+1,1.310729375e+1,
1.099921875e+2,-3.779687500e+1,1.310800000e+1,
1.100000000e+2,-3.760625000e+1,1.319840000e+1,
1.099921875e+2,-3.800156250e+1,1.310658750e+1,
1.110234375e+2,-3.780156250e+1,1.346889375e+1,
1.140078125e+2,-3.800000000e+1,1.319628125e+1,
1.110312500e+2,-3.800000000e+1,1.319769375e+1,
1.119921875e+2,-3.800000000e+1,1.310517500e+1,
1.119921875e+2,-3.799218750e+1,1.302536875e+1,
1.140000000e+2,-3.760000000e+1,1.356000000e+1,
1.120234375e+2,-3.800000000e+1,1.310800000e+1,
1.119765625e+2,-3.781250000e+1,1.310870625e+1,
1.130000000e+2,-3.760156250e+1,1.328880000e+1,
1.119921875e+2,-3.800156250e+1,1.310800000e+1,
1.110078125e+2,-3.800000000e+1,1.328880000e+1,
1.120000000e+2,-3.740156250e+1,1.310800000e+1,
1.110000000e+2,-3.800000000e+1,1.328809375e+1,
1.110000000e+2,-3.780000000e+1,1.319698750e+1,
1.120000000e+2,-3.820000000e+1,1.319840000e+1,
1.100000000e+2,-3.780625000e+1,1.329091875e+1,
1.119843750e+2,-3.779843750e+1,1.292720000e+1,
1.140000000e+2,-3.839843750e+1,1.319628125e+1,
1.120000000e+2,-3.740000000e+1,1.337920000e+1,
1.130000000e+2,-3.740000000e+1,1.328950625e+1,
1.109921875e+2,-3.759843750e+1,1.320122500e+1,
1.130000000e+2,-3.780156250e+1,1.310800000e+1,
1.110000000e+2,-3.800000000e+1,1.347030625e+1,
1.130078125e+2,-3.820781250e+1,1.310093750e+1,
1.119921875e+2,-3.860781250e+1,1.301689375e+1,
1.130078125e+2,-3.839375000e+1,1.293073125e+1,
1.129921875e+2,-3.760000000e+1,1.328809375e+1,
1.120000000e+2,-3.798281250e+1,1.301901250e+1,
1.120000000e+2,-3.800312500e+1,1.328526875e+1,
1.109921875e+2,-3.779843750e+1,1.337849375e+1,
1.129921875e+2,-3.800312500e+1,1.311011875e+1,
1.110234375e+2,-3.840156250e+1,1.283468125e+1,
1.109843750e+2,-3.780000000e+1,1.319840000e+1,
1.119609375e+2,-3.839687500e+1,1.311153125e+1,
1.129765625e+2,-3.801093750e+1,1.301618750e+1,
1.109843750e+2,-3.820156250e+1,1.319840000e+1,
1.120156250e+2,-3.839687500e+1,1.310800000e+1,
1.119765625e+2,-3.800000000e+1,1.319840000e+1,
1.099687500e+2,-3.840000000e+1,1.328950625e+1,
1.110546875e+2,-3.779843750e+1,1.337920000e+1,
1.150000000e+2,-3.837812500e+1,1.329021250e+1,
1.120390625e+2,-3.840312500e+1,1.328880000e+1,
1.119921875e+2,-3.779687500e+1,1.328880000e+1,
1.119843750e+2,-3.780312500e+1,1.337920000e+1,
1.129843750e+2,-3.800468750e+1,1.310588125e+1,
1.120390625e+2,-3.798906250e+1,1.319910625e+1,
1.090156250e+2,-3.720156250e+1,1.329021250e+1,
1.110390625e+2,-3.838906250e+1,1.301689375e+1,
1.130000000e+2,-3.859843750e+1,1.310800000e+1,
1.140000000e+2,-3.799218750e+1,1.337920000e+1,
1.139921875e+2,-3.720000000e+1,1.310588125e+1,
1.129921875e+2,-3.781562500e+1,1.292790625e+1,
1.120000000e+2,-3.860000000e+1,1.337920000e+1,
1.139921875e+2,-3.820937500e+1,1.319981250e+1,
1.109921875e+2,-3.820156250e+1,1.301689375e+1,
1.129921875e+2,-3.800000000e+1,1.301689375e+1,
1.120000000e+2,-3.780312500e+1,1.319628125e+1,
1.120000000e+2,-3.720625000e+1,1.346960000e+1,
1.130000000e+2,-3.881406250e+1,1.328880000e+1,
1.110156250e+2,-3.841093750e+1,1.310658750e+1,
1.090000000e+2,-3.779687500e+1,1.329091875e+1,
1.100000000e+2,-3.800000000e+1,1.310729375e+1,
1.110000000e+2,-3.780312500e+1,1.347030625e+1,
1.120078125e+2,-3.840312500e+1,1.328456250e+1,
1.120000000e+2,-3.798437500e+1,1.328950625e+1,
1.110000000e+2,-3.800625000e+1,1.328880000e+1,
1.089921875e+2,-3.820937500e+1,1.328880000e+1,
1.090000000e+2,-3.719687500e+1,1.337920000e+1,
1.110000000e+2,-3.779687500e+1,1.283680000e+1,
1.100000000e+2,-3.820000000e+1,1.329162500e+1,
1.119921875e+2,-3.759843750e+1,1.319840000e+1,
1.119921875e+2,-3.800156250e+1,1.329021250e+1,
1.130078125e+2,-3.800000000e+1,1.283680000e+1,
1.110000000e+2,-3.800625000e+1,1.346818750e+1,
1.119843750e+2,-3.760000000e+1,1.311011875e+1,
1.100078125e+2,-3.819687500e+1,1.292720000e+1,
1.130156250e+2,-3.859375000e+1,1.319910625e+1,
1.109765625e+2,-3.779687500e+1,1.319769375e+1,
1.120156250e+2,-3.820000000e+1,1.337920000e+1,
1.120000000e+2,-3.840156250e+1,1.301830625e+1,
1.120156250e+2,-3.800000000e+1,1.328809375e+1,
1.109921875e+2,-3.840000000e+1,1.319840000e+1,
1.120000000e+2,-3.759375000e+1,1.328880000e+1,
1.099921875e+2,-3.760468750e+1,1.310729375e+1,
1.129765625e+2,-3.800468750e+1,1.310800000e+1,
1.110546875e+2,-3.879843750e+1,1.310800000e+1,
1.089687500e+2,-3.760781250e+1,1.319769375e+1,
1.120468750e+2,-3.820000000e+1,1.319769375e+1,
1.119531250e+2,-3.760000000e+1,1.328738750e+1,
1.100078125e+2,-3.840781250e+1,1.301689375e+1,
1.120000000e+2,-3.799687500e+1,1.310658750e+1,
1.099921875e+2,-3.760000000e+1,1.337920000e+1,
1.110000000e+2,-3.760156250e+1,1.328880000e+1,
1.110000000e+2,-3.778437500e+1,1.337920000e+1,
1.089609375e+2,-3.820156250e+1,1.319840000e+1,
1.070000000e+2,-3.779531250e+1,1.310800000e+1,
1.120000000e+2,-3.780312500e+1,1.319769375e+1,
1.119921875e+2,-3.840000000e+1,1.319840000e+1,
1.100000000e+2,-3.819375000e+1,1.328880000e+1,
1.099843750e+2,-3.779375000e+1,1.311011875e+1,
1.110078125e+2,-3.839687500e+1,1.310800000e+1,
1.119843750e+2,-3.820000000e+1,1.301760000e+1,
1.100000000e+2,-3.819062500e+1,1.310800000e+1,
1.120078125e+2,-3.739687500e+1,1.310658750e+1,
1.110156250e+2,-3.761250000e+1,1.311011875e+1,
1.129921875e+2,-3.779843750e+1,1.337708125e+1,
1.090000000e+2,-3.778593750e+1,1.356141250e+1,
1.130078125e+2,-3.840000000e+1,1.301548125e+1,
1.109921875e+2,-3.839687500e+1,1.310446875e+1,
1.139921875e+2,-3.800156250e+1,1.337778750e+1,
1.120000000e+2,-3.800000000e+1,1.337849375e+1,
1.129609375e+2,-3.800156250e+1,1.328809375e+1,
1.139921875e+2,-3.840156250e+1,1.328880000e+1,
1.118828125e+2,-3.782187500e+1,1.319840000e+1,
1.080078125e+2,-3.740000000e+1,1.328880000e+1,
1.120156250e+2,-3.800000000e+1,1.320051875e+1,
1.110078125e+2,-3.760000000e+1,1.301760000e+1,
1.129765625e+2,-3.780468750e+1,1.301618750e+1,
1.100000000e+2,-3.799843750e+1,1.328526875e+1,
1.140312500e+2,-3.818750000e+1,1.338061250e+1,
1.130078125e+2,-3.819843750e+1,1.328880000e+1,
1.130234375e+2,-3.760000000e+1,1.337990625e+1,
1.109921875e+2,-3.860468750e+1,1.301477500e+1,
1.149921875e+2,-3.858593750e+1,1.310941250e+1,
1.120312500e+2,-3.780156250e+1,1.319840000e+1,
1.129687500e+2,-3.820156250e+1,1.328880000e+1,
1.130468750e+2,-3.762500000e+1,1.319981250e+1,
1.100078125e+2,-3.760000000e+1,1.310800000e+1,
1.130234375e+2,-3.800000000e+1,1.319840000e+1,
1.109687500e+2,-3.780156250e+1,1.337920000e+1,
1.100000000e+2,-3.840000000e+1,1.328880000e+1,
1.110000000e+2,-3.800156250e+1,1.319840000e+1,
1.129921875e+2,-3.839687500e+1,1.292649375e+1,
1.099921875e+2,-3.820312500e+1,1.310376250e+1,
1.120000000e+2,-3.820156250e+1,1.329233125e+1,
1.100000000e+2,-3.800000000e+1,1.292720000e+1,
1.110000000e+2,-3.819843750e+1,1.346677500e+1,
1.110000000e+2,-3.780000000e+1,1.365322500e+1,
1.110000000e+2,-3.800000000e+1,1.328880000e+1,
1.109921875e+2,-3.842187500e+1,1.337849375e+1,
1.129921875e+2,-3.740000000e+1,1.328738750e+1,
1.130000000e+2,-3.839687500e+1,1.346818750e+1,
1.099921875e+2,-3.819531250e+1,1.319840000e+1,
1.120234375e+2,-3.819531250e+1,1.346960000e+1,
1.129921875e+2,-3.780000000e+1,1.319486875e+1,
1.130156250e+2,-3.800000000e+1,1.310800000e+1,
1.140468750e+2,-3.760156250e+1,1.328880000e+1,
1.100156250e+2,-3.780000000e+1,1.338202500e+1,
1.129531250e+2,-3.779843750e+1,1.310800000e+1,
1.139687500e+2,-3.840156250e+1,1.328880000e+1,
1.150546875e+2,-3.820000000e+1,1.319910625e+1,
1.119843750e+2,-3.820312500e+1,1.328880000e+1,
1.149921875e+2,-3.780625000e+1,1.337920000e+1,
1.109609375e+2,-3.799687500e+1,1.320122500e+1,
1.110078125e+2,-3.800468750e+1,1.310729375e+1,
1.130078125e+2,-3.760312500e+1,1.328880000e+1,
1.129921875e+2,-3.820156250e+1,1.310800000e+1,
1.120000000e+2,-3.780000000e+1,1.319840000e+1,
1.130000000e+2,-3.799843750e+1,1.346960000e+1,
1.130000000e+2,-3.799062500e+1,1.338767500e+1,
1.090312500e+2,-3.820156250e+1,1.310800000e+1,
1.109609375e+2,-3.759843750e+1,1.319769375e+1,
1.129921875e+2,-3.821718750e+1,1.311011875e+1,
1.120156250e+2,-3.840312500e+1,1.347030625e+1,
1.129609375e+2,-3.839375000e+1,1.328597500e+1,
1.150000000e+2,-3.780156250e+1,1.328880000e+1,
1.129609375e+2,-3.820312500e+1,1.337920000e+1,
1.120156250e+2,-3.840000000e+1,1.328880000e+1,
1.140000000e+2,-3.799531250e+1,1.328809375e+1,
1.129765625e+2,-3.800000000e+1,1.310800000e+1,
1.109921875e+2,-3.780000000e+1,1.319840000e+1,
1.119921875e+2,-3.800625000e+1,1.310729375e+1,
1.130000000e+2,-3.820781250e+1,1.319769375e+1,
1.130000000e+2,-3.780000000e+1,1.319840000e+1,
1.130078125e+2,-3.820000000e+1,1.319769375e+1,
1.110000000e+2,-3.800625000e+1,1.310800000e+1,
1.130000000e+2,-3.859843750e+1,1.310729375e+1,
1.119921875e+2,-3.759843750e+1,1.328950625e+1,
1.139921875e+2,-3.820000000e+1,1.337566875e+1,
1.120000000e+2,-3.779687500e+1,1.346818750e+1,
1.110078125e+2,-3.840000000e+1,1.301689375e+1,
1.099921875e+2,-3.738750000e+1,1.337990625e+1,
1.100000000e+2,-3.760312500e+1,1.319698750e+1,
1.110078125e+2,-3.780937500e+1,1.328950625e+1,
1.119921875e+2,-3.840312500e+1,1.319910625e+1,
1.120000000e+2,-3.820312500e+1,1.310588125e+1,
1.099921875e+2,-3.799687500e+1,1.337920000e+1,
1.099843750e+2,-3.740625000e+1,1.319840000e+1,
1.129765625e+2,-3.840156250e+1,1.337920000e+1,
1.120156250e+2,-3.760000000e+1,1.328880000e+1,
1.079375000e+2,-3.760468750e+1,1.337920000e+1,
1.159765625e+2,-3.779843750e+1,1.328880000e+1,
1.100625000e+2,-3.821093750e+1,1.310658750e+1,
1.120703125e+2,-3.760000000e+1,1.337990625e+1,
1.129375000e+2,-3.800156250e+1,1.328880000e+1,
1.069765625e+2,-3.760000000e+1,1.337778750e+1,
1.110625000e+2,-3.800468750e+1,1.301689375e+1,
1.119765625e+2,-3.800000000e+1,1.319698750e+1,
1.110000000e+2,-3.819687500e+1,1.328950625e+1,
1.120078125e+2,-3.820000000e+1,1.301971875e+1,
1.100156250e+2,-3.819843750e+1,1.346960000e+1,
1.109921875e+2,-3.800000000e+1,1.301477500e+1,
1.109921875e+2,-3.820937500e+1,1.329656875e+1,
1.129921875e+2,-3.839531250e+1,1.337849375e+1,
1.120156250e+2,-3.820000000e+1,1.310800000e+1,
1.119921875e+2,-3.841250000e+1,1.292790625e+1,
1.119921875e+2,-3.780312500e+1,1.337920000e+1,
1.109921875e+2,-3.860156250e+1,1.328809375e+1,
1.110234375e+2,-3.800000000e+1,1.328738750e+1,
1.140000000e+2,-3.840156250e+1,1.301760000e+1,
1.110156250e+2,-3.780000000e+1,1.319769375e+1,
1.100000000e+2,-3.779687500e+1,1.319769375e+1,
1.100000000e+2,-3.800156250e+1,1.319840000e+1,
1.100000000e+2,-3.780000000e+1,1.319910625e+1,
1.089921875e+2,-3.800000000e+1,1.301760000e+1,
1.109921875e+2,-3.780468750e+1,1.310729375e+1,
1.110156250e+2,-3.840000000e+1,1.319769375e+1,
1.109843750e+2,-3.760312500e+1,1.319910625e+1,
1.139921875e+2,-3.758906250e+1,1.301689375e+1,
1.120078125e+2,-3.800156250e+1,1.319840000e+1,
1.120000000e+2,-3.780000000e+1,1.301689375e+1,
1.109765625e+2,-3.740156250e+1,1.320051875e+1,
1.090156250e+2,-3.802031250e+1,1.310729375e+1,
1.109765625e+2,-3.839531250e+1,1.319981250e+1,
1.080156250e+2,-3.779687500e+1,1.319698750e+1,
1.139843750e+2,-3.818281250e+1,1.310800000e+1,
1.110078125e+2,-3.839843750e+1,1.319769375e+1,
1.120000000e+2,-3.839687500e+1,1.319840000e+1,
1.100234375e+2,-3.759687500e+1,1.319840000e+1,
1.119218750e+2,-3.739843750e+1,1.310729375e+1,
1.169921875e+2,-3.800000000e+1,1.319840000e+1,
1.130625000e+2,-3.800312500e+1,1.310870625e+1,
1.129843750e+2,-3.780312500e+1,1.310800000e+1,
1.109921875e+2,-3.760000000e+1,1.310800000e+1,
1.120000000e+2,-3.780468750e+1,1.319769375e+1,
1.110156250e+2,-3.840000000e+1,1.319840000e+1,
1.129687500e+2,-3.819843750e+1,1.319910625e+1,
1.089687500e+2,-3.799843750e+1,1.337849375e+1,
1.110312500e+2,-3.781093750e+1,1.329162500e+1,
1.129921875e+2,-3.760000000e+1,1.319840000e+1,
1.130000000e+2,-3.800468750e+1,1.328880000e+1,
1.130234375e+2,-3.799687500e+1,1.310800000e+1,
1.109843750e+2,-3.760000000e+1,1.346889375e+1,
1.130078125e+2,-3.780312500e+1,1.301618750e+1,
1.100156250e+2,-3.780000000e+1,1.310588125e+1,
1.130546875e+2,-3.800000000e+1,1.301689375e+1,
1.149921875e+2,-3.780000000e+1,1.292720000e+1,
1.139921875e+2,-3.780156250e+1,1.301760000e+1,
1.129765625e+2,-3.780000000e+1,1.319910625e+1,
1.110078125e+2,-3.780156250e+1,1.328738750e+1,
1.150000000e+2,-3.800000000e+1,1.292720000e+1,
1.149921875e+2,-3.820312500e+1,1.328668125e+1,
1.129843750e+2,-3.780156250e+1,1.337778750e+1,
1.120000000e+2,-3.780000000e+1,1.301901250e+1,
1.119921875e+2,-3.840000000e+1,1.319698750e+1,
1.129921875e+2,-3.778750000e+1,1.328950625e+1,
1.110078125e+2,-3.721093750e+1,1.337920000e+1,
1.110000000e+2,-3.859687500e+1,1.337708125e+1,
1.109921875e+2,-3.801250000e+1,1.347878125e+1,
1.120000000e+2,-3.840156250e+1,1.292720000e+1,
1.120000000e+2,-3.800156250e+1,1.337990625e+1,
1.130156250e+2,-3.839687500e+1,1.310093750e+1,
1.129843750e+2,-3.759218750e+1,1.320122500e+1,
1.109921875e+2,-3.820625000e+1,1.337920000e+1,
1.110000000e+2,-3.801093750e+1,1.319698750e+1,
1.120000000e+2,-3.760625000e+1,1.310800000e+1,
1.100000000e+2,-3.859843750e+1,1.274569375e+1,
1.130000000e+2,-3.800000000e+1,1.320193125e+1,
1.119921875e+2,-3.740000000e+1,1.328880000e+1,
1.149609375e+2,-3.760156250e+1,1.319910625e+1,
1.150390625e+2,-3.779687500e+1,1.301760000e+1,
1.119921875e+2,-3.820312500e+1,1.337920000e+1,
1.140156250e+2,-3.780000000e+1,1.292861250e+1,
1.119453125e+2,-3.820000000e+1,1.301971875e+1,
1.100468750e+2,-3.799531250e+1,1.356070625e+1,
1.140156250e+2,-3.800312500e+1,1.319910625e+1,
1.109687500e+2,-3.840000000e+1,1.328880000e+1,
1.120156250e+2,-3.820156250e+1,1.319769375e+1,
1.120000000e+2,-3.820000000e+1,1.328880000e+1,
1.119921875e+2,-3.820312500e+1,1.310800000e+1,
1.120000000e+2,-3.780312500e+1,1.328950625e+1,
1.110000000e+2,-3.819531250e+1,1.310729375e+1,
1.129687500e+2,-3.760156250e+1,1.310800000e+1,
1.140234375e+2,-3.860156250e+1,1.310800000e+1,
1.110156250e+2,-3.800625000e+1,1.310588125e+1,
1.120000000e+2,-3.840000000e+1,1.337778750e+1,
1.099609375e+2,-3.820000000e+1,1.337637500e+1,
1.100156250e+2,-3.799843750e+1,1.319840000e+1,
1.120000000e+2,-3.800156250e+1,1.337920000e+1,
1.130078125e+2,-3.820000000e+1,1.319698750e+1,
1.149921875e+2,-3.760000000e+1,1.319840000e+1,
1.110000000e+2,-3.799531250e+1,1.319981250e+1,
1.120156250e+2,-3.780000000e+1,1.301760000e+1,
1.110000000e+2,-3.820000000e+1,1.310800000e+1,
1.110000000e+2,-3.780000000e+1,1.319769375e+1,
1.140156250e+2,-3.820000000e+1,1.319840000e+1,
1.160000000e+2,-3.799843750e+1,1.319840000e+1,
1.120390625e+2,-3.819218750e+1,1.302113125e+1,
1.120000000e+2,-3.820468750e+1,1.301760000e+1,
1.120000000e+2,-3.759843750e+1,1.319910625e+1,
1.130078125e+2,-3.780625000e+1,1.319840000e+1,
1.129921875e+2,-3.779531250e+1,1.319557500e+1,
1.119453125e+2,-3.740625000e+1,1.301548125e+1,
1.100078125e+2,-3.800468750e+1,1.310658750e+1,
1.150000000e+2,-3.780312500e+1,1.337920000e+1,
1.119921875e+2,-3.800000000e+1,1.310729375e+1,
1.140078125e+2,-3.759531250e+1,1.319486875e+1,
1.100390625e+2,-3.759843750e+1,1.346960000e+1,
1.089921875e+2,-3.819843750e+1,1.319628125e+1,
1.119609375e+2,-3.820000000e+1,1.301548125e+1,
1.119843750e+2,-3.821406250e+1,1.328809375e+1,
1.129531250e+2,-3.720468750e+1,1.310517500e+1,
1.089843750e+2,-3.779843750e+1,1.319628125e+1,
1.120234375e+2,-3.779843750e+1,1.356282500e+1,
1.120078125e+2,-3.820000000e+1,1.301760000e+1,
1.129453125e+2,-3.799687500e+1,1.328880000e+1,
1.100468750e+2,-3.800000000e+1,1.301830625e+1,
1.170234375e+2,-3.800312500e+1,1.319628125e+1,
1.120390625e+2,-3.780000000e+1,1.301760000e+1,
1.129687500e+2,-3.780000000e+1,1.283609375e+1,
1.120078125e+2,-3.840000000e+1,1.310870625e+1,
1.100000000e+2,-3.779531250e+1,1.301760000e+1,
1.109843750e+2,-3.799843750e+1,1.328880000e+1,
1.110000000e+2,-3.759843750e+1,1.310800000e+1,
1.110078125e+2,-3.859375000e+1,1.310870625e+1,
1.110078125e+2,-3.780000000e+1,1.283750625e+1,
1.130312500e+2,-3.780000000e+1,1.301760000e+1,
1.139921875e+2,-3.800156250e+1,1.319840000e+1,
1.119843750e+2,-3.820000000e+1,1.319840000e+1,
1.100000000e+2,-3.800156250e+1,1.319840000e+1,
1.119921875e+2,-3.780468750e+1,1.310729375e+1,
1.090000000e+2,-3.760000000e+1,1.301406875e+1,
1.120156250e+2,-3.779843750e+1,1.355858750e+1,
1.140000000e+2,-3.799843750e+1,1.319840000e+1,
1.120000000e+2,-3.820000000e+1,1.319769375e+1,
1.110000000e+2,-3.800000000e+1,1.338131875e+1,
1.140000000e+2,-3.800000000e+1,1.310800000e+1,
1.120078125e+2,-3.800468750e+1,1.364686875e+1,
1.110000000e+2,-3.780000000e+1,1.329303750e+1,
1.120000000e+2,-3.799843750e+1,1.320051875e+1,
1.119921875e+2,-3.840625000e+1,1.338061250e+1,
1.109921875e+2,-3.839218750e+1,1.328880000e+1,
1.110000000e+2,-3.779687500e+1,1.310800000e+1,
1.120156250e+2,-3.760000000e+1,1.319840000e+1,
1.130312500e+2,-3.779843750e+1,1.319840000e+1,
1.100156250e+2,-3.800000000e+1,1.328597500e+1,
1.119687500e+2,-3.740156250e+1,1.346960000e+1,
1.120000000e+2,-3.780468750e+1,1.328668125e+1,
1.120390625e+2,-3.800156250e+1,1.301830625e+1,
1.100000000e+2,-3.820156250e+1,1.310800000e+1,
1.119375000e+2,-3.781406250e+1,1.337849375e+1,
1.119765625e+2,-3.739843750e+1,1.320334375e+1,
1.110078125e+2,-3.799687500e+1,1.301689375e+1,
1.140078125e+2,-3.820000000e+1,1.337990625e+1,
1.139843750e+2,-3.840000000e+1,1.310870625e+1,
1.099765625e+2,-3.820000000e+1,1.310800000e+1,
1.110156250e+2,-3.820000000e+1,1.301760000e+1,
1.140000000e+2,-3.781875000e+1,1.319769375e+1,
1.120859375e+2,-3.760000000e+1,1.301760000e+1,
1.089765625e+2,-3.800625000e+1,1.320263750e+1,
1.129921875e+2,-3.819218750e+1,1.337778750e+1,
1.109843750e+2,-3.759062500e+1,1.319840000e+1,
1.159843750e+2,-3.781093750e+1,1.338061250e+1,
1.120468750e+2,-3.840000000e+1,1.328880000e+1,
1.130390625e+2,-3.780000000e+1,1.310800000e+1,
1.139843750e+2,-3.820000000e+1,1.337990625e+1,
1.119921875e+2,-3.799375000e+1,1.310517500e+1,
1.120390625e+2,-3.780156250e+1,1.310800000e+1,
1.160000000e+2,-3.800000000e+1,1.328880000e+1,
1.120234375e+2,-3.779687500e+1,1.319698750e+1,
1.100000000e+2,-3.779218750e+1,1.319840000e+1,
1.120078125e+2,-3.819843750e+1,1.310800000e+1,
1.129921875e+2,-3.819531250e+1,1.319910625e+1,
1.129921875e+2,-3.800781250e+1,1.337990625e+1,
1.150000000e+2,-3.859843750e+1,1.301760000e+1,
1.120078125e+2,-3.759531250e+1,1.329021250e+1,
1.130156250e+2,-3.799843750e+1,1.337778750e+1,
1.090000000e+2,-3.800312500e+1,1.337778750e+1,
1.099843750e+2,-3.779843750e+1,1.310870625e+1,
1.120078125e+2,-3.759687500e+1,1.337920000e+1,
1.129843750e+2,-3.760312500e+1,1.319698750e+1,
1.099843750e+2,-3.800468750e+1,1.310517500e+1,
1.090000000e+2,-3.799687500e+1,1.292720000e+1,
1.100000000e+2,-3.799062500e+1,1.301406875e+1,
1.120000000e+2,-3.840000000e+1,1.328880000e+1,
1.109921875e+2,-3.799531250e+1,1.301760000e+1,
1.130156250e+2,-3.780000000e+1,1.310800000e+1,
1.090000000e+2,-3.800000000e+1,1.319910625e+1,
1.119218750e+2,-3.740781250e+1,1.328880000e+1,
1.150234375e+2,-3.859687500e+1,1.328880000e+1,
1.110234375e+2,-3.843437500e+1,1.301901250e+1,
1.130312500e+2,-3.760000000e+1,1.319981250e+1,
1.129921875e+2,-3.800312500e+1,1.346818750e+1,
1.130000000e+2,-3.780000000e+1,1.355858750e+1,
1.129843750e+2,-3.800937500e+1,1.319628125e+1,
1.119921875e+2,-3.860156250e+1,1.301618750e+1,
1.130156250e+2,-3.801875000e+1,1.346889375e+1,
1.140000000e+2,-3.760000000e+1,1.319486875e+1,
1.130078125e+2,-3.820312500e+1,1.310729375e+1,
1.130000000e+2,-3.800000000e+1,1.311011875e+1,
1.119921875e+2,-3.800781250e+1,1.337849375e+1,
1.139843750e+2,-3.840625000e+1,1.310729375e+1,
1.140078125e+2,-3.820000000e+1,1.319840000e+1,
1.130156250e+2,-3.759843750e+1,1.319910625e+1,
1.120000000e+2,-3.800156250e+1,1.337920000e+1,
1.109843750e+2,-3.760000000e+1,1.337849375e+1,
1.080234375e+2,-3.800000000e+1,1.319910625e+1,
1.130078125e+2,-3.779843750e+1,1.337920000e+1,
1.100000000e+2,-3.780000000e+1,1.319910625e+1,
1.130000000e+2,-3.760156250e+1,1.319769375e+1,
1.150000000e+2,-3.779375000e+1,1.301760000e+1,
1.110000000e+2,-3.820000000e+1,1.310517500e+1,
1.139843750e+2,-3.800156250e+1,1.319840000e+1,
1.150156250e+2,-3.800156250e+1,1.292720000e+1,
1.100078125e+2,-3.780000000e+1,1.319486875e+1,
1.119921875e+2,-3.760156250e+1,1.337920000e+1,
1.110078125e+2,-3.759375000e+1,1.320193125e+1,
1.129843750e+2,-3.800156250e+1,1.310800000e+1,
1.140000000e+2,-3.780000000e+1,1.311011875e+1,
1.119765625e+2,-3.760937500e+1,1.319063125e+1,
1.110156250e+2,-3.820937500e+1,1.283821250e+1,
1.129921875e+2,-3.819843750e+1,1.338131875e+1,
1.109843750e+2,-3.820468750e+1,1.310658750e+1,
1.129843750e+2,-3.823750000e+1,1.337920000e+1,
1.140000000e+2,-3.719843750e+1,1.310729375e+1,
1.130000000e+2,-3.841093750e+1,1.347030625e+1,
1.139921875e+2,-3.819687500e+1,1.310941250e+1,
1.130156250e+2,-3.740156250e+1,1.310446875e+1,
1.120078125e+2,-3.800000000e+1,1.337920000e+1,
1.120000000e+2,-3.820312500e+1,1.320263750e+1,
1.130390625e+2,-3.800156250e+1,1.310658750e+1,
1.149921875e+2,-3.820156250e+1,1.338061250e+1,
1.129921875e+2,-3.819531250e+1,1.346960000e+1,
1.140000000e+2,-3.760000000e+1,1.328880000e+1,
1.119609375e+2,-3.800312500e+1,1.337990625e+1,
1.120312500e+2,-3.820312500e+1,1.328880000e+1,
1.150000000e+2,-3.821093750e+1,1.328668125e+1,
1.140000000e+2,-3.760312500e+1,1.337920000e+1,
1.149843750e+2,-3.740468750e+1,1.328880000e+1,
1.130703125e+2,-3.800312500e+1,1.310800000e+1,
1.079921875e+2,-3.779687500e+1,1.337990625e+1,
1.119531250e+2,-3.779843750e+1,1.319769375e+1,
1.110234375e+2,-3.779843750e+1,1.328809375e+1,
1.109843750e+2,-3.839843750e+1,1.319769375e+1,
1.110312500e+2,-3.799843750e+1,1.319840000e+1,
1.160156250e+2,-3.779687500e+1,1.346960000e+1,
1.119296875e+2,-3.740000000e+1,1.319698750e+1,
1.080000000e+2,-3.821093750e+1,1.319769375e+1,
1.120000000e+2,-3.840000000e+1,1.310800000e+1,
1.139921875e+2,-3.820937500e+1,1.319840000e+1,
1.099765625e+2,-3.800000000e+1,1.301689375e+1,
1.109921875e+2,-3.820000000e+1,1.310588125e+1,
1.119843750e+2,-3.760312500e+1,1.328809375e+1,
1.140000000e+2,-3.760312500e+1,1.319769375e+1,
1.120078125e+2,-3.820937500e+1,1.310800000e+1,
1.110000000e+2,-3.860000000e+1,1.328597500e+1,
1.119921875e+2,-3.824062500e+1,1.338696875e+1,
1.120000000e+2,-3.740000000e+1,1.301760000e+1,
1.120000000e+2,-3.800781250e+1,1.337920000e+1,
1.129843750e+2,-3.819843750e+1,1.301406875e+1,
1.110156250e+2,-3.799687500e+1,1.329091875e+1,
1.129921875e+2,-3.800312500e+1,1.319840000e+1,
1.069921875e+2,-3.820000000e+1,1.319840000e+1,
1.110000000e+2,-3.799687500e+1,1.328880000e+1,
1.130000000e+2,-3.780000000e+1,1.292720000e+1,
1.110000000e+2,-3.800000000e+1,1.329374375e+1,
1.139843750e+2,-3.800156250e+1,1.346960000e+1,
1.150312500e+2,-3.820000000e+1,1.310870625e+1,
1.110625000e+2,-3.800156250e+1,1.319840000e+1,
1.099453125e+2,-3.780937500e+1,1.319840000e+1,
1.149921875e+2,-3.759687500e+1,1.310800000e+1,
1.099609375e+2,-3.859687500e+1,1.310870625e+1,
1.130703125e+2,-3.839218750e+1,1.337920000e+1,
1.130156250e+2,-3.820312500e+1,1.319840000e+1,
1.139687500e+2,-3.860000000e+1,1.337920000e+1,
1.099609375e+2,-3.820156250e+1,1.328880000e+1,
1.109453125e+2,-3.840156250e+1,1.337920000e+1,
1.129843750e+2,-3.799687500e+1,1.319840000e+1,
1.120078125e+2,-3.839843750e+1,1.319981250e+1,
1.109609375e+2,-3.738750000e+1,1.328880000e+1,
1.150000000e+2,-3.760312500e+1,1.319840000e+1,
1.100468750e+2,-3.820468750e+1,1.328880000e+1,
1.109218750e+2,-3.860156250e+1,1.328809375e+1,
1.120000000e+2,-3.820000000e+1,1.337849375e+1,
1.120312500e+2,-3.800000000e+1,1.337708125e+1,
1.139843750e+2,-3.839843750e+1,1.310729375e+1,
1.109921875e+2,-3.800156250e+1,1.328809375e+1,
1.130000000e+2,-3.860000000e+1,1.328668125e+1,
1.110000000e+2,-3.799531250e+1,1.301618750e+1,
1.130000000e+2,-3.740468750e+1,1.301406875e+1,
1.119765625e+2,-3.759687500e+1,1.319840000e+1,
1.100000000e+2,-3.800000000e+1,1.292720000e+1,
1.110000000e+2,-3.820468750e+1,1.354870000e+1,
1.100078125e+2,-3.860000000e+1,1.383120000e+1,
1.130000000e+2,-3.719531250e+1,1.301760000e+1,
1.100156250e+2,-3.758593750e+1,1.283256250e+1,
1.109921875e+2,-3.760312500e+1,1.301760000e+1,
1.090078125e+2,-3.780625000e+1,1.329021250e+1,
1.130234375e+2,-3.839531250e+1,1.346960000e+1,
1.119843750e+2,-3.759531250e+1,1.337849375e+1,
1.129921875e+2,-3.822031250e+1,1.337496250e+1,
1.120000000e+2,-3.860000000e+1,1.301830625e+1,
1.140000000e+2,-3.823281250e+1,1.310870625e+1,
1.109843750e+2,-3.760000000e+1,1.274640000e+1,
1.110000000e+2,-3.820156250e+1,1.319204375e+1,
1.109765625e+2,-3.780000000e+1,1.364969375e+1,
1.159843750e+2,-3.840000000e+1,1.337708125e+1,
1.150390625e+2,-3.799843750e+1,1.310870625e+1,
1.139921875e+2,-3.799375000e+1,1.283538750e+1,
1.139609375e+2,-3.821250000e+1,1.329374375e+1,
1.119765625e+2,-3.740156250e+1,1.347030625e+1,
1.119921875e+2,-3.799687500e+1,1.311223750e+1,
1.110234375e+2,-3.820000000e+1,1.301760000e+1,
1.140234375e+2,-3.780468750e+1,1.310658750e+1,
1.129843750e+2,-3.840156250e+1,1.328809375e+1,
1.140234375e+2,-3.761250000e+1,1.320051875e+1,
1.140234375e+2,-3.820312500e+1,1.310800000e+1,
1.110078125e+2,-3.840000000e+1,1.310800000e+1,
1.129921875e+2,-3.779843750e+1,1.301618750e+1,
1.130000000e+2,-3.801406250e+1,1.310941250e+1,
1.119921875e+2,-3.860000000e+1,1.337920000e+1,
1.139765625e+2,-3.800312500e+1,1.337920000e+1,
1.140078125e+2,-3.799218750e+1,1.338202500e+1,
1.140078125e+2,-3.800000000e+1,1.275063750e+1,
1.139765625e+2,-3.780156250e+1,1.283680000e+1,
1.120000000e+2,-3.760156250e+1,1.347242500e+1,
1.130000000e+2,-3.800312500e+1,1.347242500e+1,
1.120000000e+2,-3.800312500e+1,1.328880000e+1,
1.139921875e+2,-3.799687500e+1,1.319698750e+1,
1.109765625e+2,-3.820000000e+1,1.301689375e+1,
1.090000000e+2,-3.800156250e+1,1.310870625e+1,
1.110000000e+2,-3.780312500e+1,1.292720000e+1,
1.140000000e+2,-3.740000000e+1,1.319698750e+1,
1.110000000e+2,-3.780312500e+1,1.328950625e+1,
1.130000000e+2,-3.800000000e+1,1.328880000e+1,
1.109921875e+2,-3.801406250e+1,1.329021250e+1,
1.149921875e+2,-3.740000000e+1,1.311011875e+1,
1.120000000e+2,-3.799687500e+1,1.292720000e+1,
1.130078125e+2,-3.840937500e+1,1.320193125e+1,
1.130156250e+2,-3.858750000e+1,1.346960000e+1,
1.139765625e+2,-3.759843750e+1,1.328880000e+1,
1.100078125e+2,-3.820000000e+1,1.328880000e+1,
1.130078125e+2,-3.700312500e+1,1.283680000e+1,
1.090078125e+2,-3.760000000e+1,1.328738750e+1,
1.129609375e+2,-3.759843750e+1,1.292720000e+1,
1.129765625e+2,-3.800156250e+1,1.319910625e+1,
1.150156250e+2,-3.779843750e+1,1.310729375e+1,
1.110937500e+2,-3.759531250e+1,1.337920000e+1,
1.118671875e+2,-3.819531250e+1,1.319840000e+1,
1.139531250e+2,-3.800312500e+1,1.337920000e+1,
1.080000000e+2,-3.800156250e+1,1.310870625e+1,
1.150078125e+2,-3.780156250e+1,1.319840000e+1,
1.099843750e+2,-3.820312500e+1,1.319698750e+1,
1.120312500e+2,-3.800000000e+1,1.356000000e+1,
1.140078125e+2,-3.780000000e+1,1.319840000e+1,
1.150000000e+2,-3.761562500e+1,1.337849375e+1,
1.110781250e+2,-3.739843750e+1,1.310800000e+1,
1.099453125e+2,-3.800156250e+1,1.319981250e+1,
1.150000000e+2,-3.759062500e+1,1.319698750e+1,
1.100390625e+2,-3.781250000e+1,1.319910625e+1,
1.129140625e+2,-3.799843750e+1,1.337849375e+1,
1.160234375e+2,-3.760156250e+1,1.319840000e+1,
1.119687500e+2,-3.760468750e+1,1.328880000e+1,
1.140390625e+2,-3.860000000e+1,1.319557500e+1,
1.139921875e+2,-3.799687500e+1,1.292720000e+1,
1.120078125e+2,-3.840156250e+1,1.310800000e+1,
1.150078125e+2,-3.780000000e+1,1.310800000e+1,
1.140000000e+2,-3.800937500e+1,1.310305625e+1,
1.140000000e+2,-3.840312500e+1,1.283326875e+1,
1.129843750e+2,-3.800312500e+1,1.346960000e+1,
1.110000000e+2,-3.800156250e+1,1.292578750e+1,
1.119843750e+2,-3.800312500e+1,1.319698750e+1,
1.150000000e+2,-3.820000000e+1,1.319698750e+1,
1.100000000e+2,-3.780000000e+1,1.346960000e+1,
1.149609375e+2,-3.819843750e+1,1.320122500e+1,
1.120000000e+2,-3.820156250e+1,1.328880000e+1,
1.120000000e+2,-3.799687500e+1,1.319840000e+1,
1.119921875e+2,-3.759843750e+1,1.328880000e+1,
1.109843750e+2,-3.780156250e+1,1.319628125e+1,
1.100000000e+2,-3.780312500e+1,1.301830625e+1,
1.119921875e+2,-3.800156250e+1,1.319769375e+1,
1.120000000e+2,-3.761406250e+1,1.310800000e+1,
1.120000000e+2,-3.699843750e+1,1.319840000e+1,
1.129921875e+2,-3.700937500e+1,1.310800000e+1,
1.130078125e+2,-3.840468750e+1,1.319840000e+1,
1.129921875e+2,-3.800000000e+1,1.319840000e+1,
1.139765625e+2,-3.800000000e+1,1.319840000e+1,
1.150000000e+2,-3.780156250e+1,1.310800000e+1,
1.130468750e+2,-3.780625000e+1,1.319981250e+1,
1.099843750e+2,-3.760000000e+1,1.301830625e+1,
1.110234375e+2,-3.780000000e+1,1.337849375e+1,
1.120234375e+2,-3.760000000e+1,1.310517500e+1,
1.129531250e+2,-3.780312500e+1,1.310800000e+1,
1.089921875e+2,-3.780000000e+1,1.319840000e+1,
1.130390625e+2,-3.779687500e+1,1.310800000e+1,
1.130468750e+2,-3.780000000e+1,1.319981250e+1,
1.099921875e+2,-3.760312500e+1,1.319769375e+1,
1.129921875e+2,-3.800000000e+1,1.301477500e+1,
1.110078125e+2,-3.759687500e+1,1.283962500e+1,
1.099843750e+2,-3.800781250e+1,1.310800000e+1,
1.110078125e+2,-3.780000000e+1,1.292720000e+1,
1.090156250e+2,-3.741406250e+1,1.283750625e+1,
1.100234375e+2,-3.720468750e+1,1.319840000e+1,
1.110000000e+2,-3.780156250e+1,1.283468125e+1,
1.110000000e+2,-3.740000000e+1,1.274781250e+1,
1.109921875e+2,-3.760312500e+1,1.283609375e+1,
1.090000000e+2,-3.740000000e+1,1.283609375e+1,
1.100000000e+2,-3.720312500e+1,1.301618750e+1,
1.090000000e+2,-3.660625000e+1,1.265600000e+1,
1.079921875e+2,-3.679218750e+1,1.274286875e+1,
1.099921875e+2,-3.759843750e+1,1.292720000e+1,
1.100156250e+2,-3.719375000e+1,1.265600000e+1,
1.049921875e+2,-3.680000000e+1,1.283538750e+1,
1.089921875e+2,-3.700156250e+1,1.265670625e+1,
1.070000000e+2,-3.661718750e+1,1.256489375e+1,
1.090078125e+2,-3.640156250e+1,1.265600000e+1,
1.050000000e+2,-3.700000000e+1,1.265811875e+1,
1.060078125e+2,-3.618125000e+1,1.274216250e+1,
1.050000000e+2,-3.621250000e+1,1.229086875e+1,
1.059921875e+2,-3.639843750e+1,1.239115625e+1,
1.050078125e+2,-3.579843750e+1,1.274569375e+1,
1.070000000e+2,-3.600000000e+1,1.238833125e+1,
1.040000000e+2,-3.579843750e+1,1.247308125e+1,
1.059921875e+2,-3.600000000e+1,1.247590625e+1,
1.050156250e+2,-3.539843750e+1,1.238621250e+1,
1.049921875e+2,-3.539843750e+1,1.202108125e+1,
1.050156250e+2,-3.580000000e+1,1.247520000e+1,
1.039765625e+2,-3.521250000e+1,1.220894375e+1,
1.049609375e+2,-3.460312500e+1,1.211077500e+1,
1.009765625e+2,-3.480156250e+1,1.229369375e+1,
1.019921875e+2,-3.500000000e+1,1.202320000e+1,
9.798437500e+1,-3.500000000e+1,1.220400000e+1,
9.999218750e+1,-3.500156250e+1,1.184240000e+1,
9.803125000e+1,-3.519375000e+1,1.202390625e+1,
1.030156250e+2,-3.440468750e+1,1.157967500e+1,
9.904687500e+1,-3.480156250e+1,1.148150625e+1,
9.800781250e+1,-3.419531250e+1,1.184240000e+1,
9.601562500e+1,-3.380156250e+1,1.184240000e+1,
9.597656250e+1,-3.380468750e+1,1.166018750e+1,
9.799218750e+1,-3.379375000e+1,1.156978750e+1,
9.603906250e+1,-3.319843750e+1,1.138898750e+1,
9.499218750e+1,-3.379687500e+1,1.157049375e+1,
9.399218750e+1,-3.319687500e+1,1.130000000e+1,
9.300000000e+1,-3.299531250e+1,1.130000000e+1,
9.300781250e+1,-3.200000000e+1,1.129858750e+1,
9.299218750e+1,-3.260156250e+1,1.093698750e+1,
9.200000000e+1,-3.180000000e+1,1.093840000e+1,
9.298437500e+1,-3.220000000e+1,1.075901250e+1,
8.900000000e+1,-3.160312500e+1,1.057538750e+1,
9.000781250e+1,-3.160000000e+1,1.039600000e+1,
8.601562500e+1,-3.140156250e+1,1.030630625e+1,
8.599218750e+1,-3.120156250e+1,1.021308125e+1,
8.401562500e+1,-3.079375000e+1,9.853600000e+0,
8.100781250e+1,-3.000468750e+1,9.849362500e+0,
8.200000000e+1,-2.958906250e+1,1.004287500e+1,
7.700000000e+1,-3.000000000e+1,9.493412500e+0,
7.600000000e+1,-2.919687500e+1,9.581693750e+0,
7.292968750e+1,-2.900000000e+1,9.302018750e+0,
6.801562500e+1,-2.836718750e+1,9.041412500e+0,
7.002343750e+1,-2.760312500e+1,9.130400000e+0,
6.597656250e+1,-2.760312500e+1,8.766681250e+0,
6.400000000e+1,-2.680000000e+1,8.678400000e+0,
6.100000000e+1,-2.680312500e+1,8.317506250e+0,
5.900000000e+1,-2.620000000e+1,8.499012500e+0,
5.601562500e+1,-2.539843750e+1,8.136000000e+0,
5.400781250e+1,-2.479687500e+1,7.956612500e+0,
5.105468750e+1,-2.460312500e+1,7.684000000e+0,
4.697656250e+1,-2.361718750e+1,7.595718750e+0,
4.899218750e+1,-2.360312500e+1,7.143012500e+0,
4.495312500e+1,-2.300468750e+1,7.232000000e+0,
4.401562500e+1,-2.239062500e+1,7.139481250e+0,
4.293750000e+1,-2.140000000e+1,6.691718750e+0,
3.899218750e+1,-2.120000000e+1,6.508800000e+0,
3.999218750e+1,-2.060468750e+1,6.327293750e+0,
3.700000000e+1,-2.020625000e+1,6.328706250e+0,
3.900781250e+1,-1.920156250e+1,6.147200000e+0,
3.501562500e+1,-1.880156250e+1,5.967106250e+0,
3.495312500e+1,-1.819218750e+1,6.056093750e+0,
3.700000000e+1,-1.779687500e+1,5.876000000e+0,
3.207031250e+1,-1.739687500e+1,5.966400000e+0,
2.992968750e+1,-1.700468750e+1,5.789131250e+0,
3.297656250e+1,-1.660000000e+1,5.604800000e+0,
2.794531250e+1,-1.560000000e+1,5.696612500e+0,
2.900781250e+1,-1.499843750e+1,5.603387500e+0,
2.698437500e+1,-1.479843750e+1,5.332893750e+0,
2.800781250e+1,-1.460000000e+1,5.696612500e+0,
2.897656250e+1,-1.419843750e+1,5.331481250e+0,
2.300000000e+1,-1.421093750e+1,5.154212500e+0,
2.402343750e+1,-1.360156250e+1,4.972000000e+0,
2.200000000e+1,-1.299531250e+1,4.972000000e+0,
2.100000000e+1,-1.220468750e+1,4.881600000e+0,
1.699218750e+1,-1.280000000e+1,4.881600000e+0,
1.900000000e+1,-1.219375000e+1,4.700800000e+0,
1.902343750e+1,-1.161250000e+1,4.342731250e+0,
1.597656250e+1,-1.139375000e+1,4.429600000e+0,
1.400781250e+1,-1.119375000e+1,4.246681250e+0,
1.501562500e+1,-9.789062500e+0,4.067293750e+0,
1.396093750e+1,-1.000312500e+1,4.065175000e+0,
1.196875000e+1,-9.385937500e+0,3.793975000e+0,
1.099218750e+1,-9.604687500e+0,3.796800000e+0,
1.100000000e+1,-9.232812500e+0,3.707812500e+0,
9.976562500e+0,-8.400000000e+0,3.343387500e+0,
5.023437500e+0,-8.003125000e+0,3.344093750e+0,
3.984375000e+0,-8.001562500e+0,3.074306250e+0,
3.000000000e+0,-7.603125000e+0,3.072893750e+0,
3.015625000e+0,-7.400000000e+0,2.892800000e+0,
1.000000000e+0,-7.414062500e+0,2.712000000e+0,
-1.015625000e-1,-6.223437500e+0,2.713412500e+0,
-5.039062500e+0,-6.200000000e+0,2.712706250e+0,
-3.992187500e+0,-6.403125000e+0,2.445037500e+0,
-5.992187500e+0,-5.600000000e+0,2.260000000e+0,
-5.062500000e+0,-5.804687500e+0,2.440800000e+0,
-1.207031250e+1,-5.404687500e+0,2.262118750e+0,
-1.193750000e+1,-4.601562500e+0,2.171012500e+0,
-9.984375000e+0,-4.998437500e+0,1.988800000e+0,
-1.496875000e+1,-4.200000000e+0,1.988800000e+0,
-1.400000000e+1,-4.000000000e+0,1.897693750e+0,
-1.597656250e+1,-4.192187500e+0,1.716187500e+0,
-2.099218750e+1,-3.403125000e+0,1.356000000e+0,
-1.902343750e+1,-4.003125000e+0,1.265600000e+0,
-2.096093750e+1,-2.856250000e+0,1.174493750e+0,
-2.200781250e+1,-2.200000000e+0,1.175200000e+0,
-2.300781250e+1,-2.401562500e+0,9.944000000e-1,
-2.400781250e+1,-1.998437500e+0,9.965187500e-1,
-2.600781250e+1,-1.798437500e+0,9.054125000e-1,
-2.600000000e+1,-1.198437500e+0,4.520000000e-1,
-2.802343750e+1,-1.403125000e+0,2.704937500e-1,
-3.102343750e+1,-8.046875000e-1,3.601875000e-1,
-3.301562500e+1,-7.968750000e-1,2.719062500e-1,
-3.400000000e+1,-4.046875000e-1,9.040000000e-2,
-3.400000000e+1,2.093750000e-1,-8.969375000e-2,
-3.800000000e+1,5.984375000e-1,-8.969375000e-2,
-3.500000000e+1,-2.000000000e-1,-2.712000000e-1,
-3.799218750e+1,5.890625000e-1,-7.062500000e-4,
-3.800000000e+1,1.562500000e-3,-3.573625000e-1,
-3.900000000e+1,1.968750000e-1,-6.320937500e-1,
-4.002343750e+1,6.062500000e-1,-4.491750000e-1,
-4.501562500e+1,7.968750000e-1,-3.616000000e-1,
-4.397656250e+1,6.000000000e-1,-5.416937500e-1,
-4.400781250e+1,8.000000000e-1,-3.616000000e-1,
-4.500000000e+1,4.000000000e-1,-6.328000000e-1,
-4.498437500e+1,6.000000000e-1,-6.335062500e-1,
-4.697656250e+1,9.984375000e-1,-6.328000000e-1,
-4.708593750e+1,8.031250000e-1,-5.431062500e-1,
-4.392968750e+1,1.196875000e+0,-8.114812500e-1,
-4.990625000e+1,7.812500000e-3,-9.040000000e-1,
-4.810156250e+1,5.687500000e-1,-8.157187500e-1,
-4.803125000e+1,1.206250000e+0,-7.210812500e-1,
-4.999218750e+1,2.046875000e-1,-9.936937500e-1,
-4.599218750e+1,8.062500000e-1,-9.025875000e-1,
-4.801562500e+1,1.000000000e+0,-9.040000000e-1,
-4.900000000e+1,1.200000000e+0,-9.040000000e-1,
-4.900000000e+1,8.031250000e-1,-1.084800000e+0,
-4.900000000e+1,9.734375000e-1,-6.370375000e-1,
-4.799218750e+1,1.400000000e+0,-9.040000000e-1,
-4.900000000e+1,7.984375000e-1,-9.054125000e-1,
-4.701562500e+1,1.415625000e+0,-9.908687500e-1,
-4.598437500e+1,1.396875000e+0,-6.328000000e-1,
-4.701562500e+1,1.603125000e+0,-9.958125000e-1,
-4.402343750e+1,1.800000000e+0,-7.232000000e-1,
-4.399218750e+1,1.601562500e+0,-8.136000000e-1,
-4.200000000e+1,2.200000000e+0,-4.491750000e-1,
-4.401562500e+1,2.004687500e+0,-2.719062500e-1,
-4.496093750e+1,2.801562500e+0,-4.520000000e-1,
-3.899218750e+1,2.800000000e+0,-6.328000000e-1,
-4.299218750e+1,3.403125000e+0,-5.402812500e-1,
-4.100000000e+1,3.210937500e+0,-4.512937500e-1,
-4.000781250e+1,2.998437500e+0,-5.424000000e-1,
-4.200781250e+1,3.401562500e+0,-4.512937500e-1,
-3.800781250e+1,3.400000000e+0,-3.616000000e-1,
-4.000000000e+1,3.600000000e+0,-4.512937500e-1,
-4.001562500e+1,3.596875000e+0,-5.424000000e-1,
-3.599218750e+1,3.398437500e+0,-3.665437500e-1,
-4.000000000e+1,3.800000000e+0,-2.726125000e-1,
-3.801562500e+1,3.396875000e+0,-6.342125000e-1,
-3.700781250e+1,3.603125000e+0,-4.520000000e-1,
-4.001562500e+1,3.598437500e+0,-5.452250000e-1,
-3.900000000e+1,3.598437500e+0,-7.217875000e-1,
-3.900000000e+1,3.601562500e+0,-4.527062500e-1,
-3.900000000e+1,3.992187500e+0,-5.416937500e-1,
-4.100781250e+1,4.201562500e+0,-4.520000000e-1,
-4.101562500e+1,4.396875000e+0,-5.424000000e-1,
-3.802343750e+1,4.000000000e+0,-6.328000000e-1,
-3.799218750e+1,4.400000000e+0,-6.328000000e-1,
-3.999218750e+1,4.398437500e+0,-6.328000000e-1,
-4.000781250e+1,4.400000000e+0,-8.136000000e-1,
-4.195312500e+1,4.201562500e+0,-9.032937500e-1,
-4.499218750e+1,4.200000000e+0,-8.121875000e-1,
-4.196875000e+1,4.003125000e+0,-4.527062500e-1,
-4.302343750e+1,4.398437500e+0,-6.349187500e-1,
-4.401562500e+1,3.798437500e+0,-7.239062500e-1,
-4.501562500e+1,4.606250000e+0,-8.136000000e-1,
-4.498437500e+1,4.804687500e+0,-8.136000000e-1,
-4.299218750e+1,4.600000000e+0,-8.136000000e-1,
-4.501562500e+1,4.596875000e+0,-9.965187500e-1,
-4.299218750e+1,3.998437500e+0,-1.267012500e+0,
-4.798437500e+1,4.412500000e+0,-1.261362500e+0,
-4.703125000e+1,4.598437500e+0,-1.084800000e+0,
-4.698437500e+1,4.600000000e+0,-1.265600000e+0,
-4.897656250e+1,4.982812500e+0,-1.446400000e+0,
-5.002343750e+1,5.195312500e+0,-1.265600000e+0,
-5.200781250e+1,4.800000000e+0,-1.447812500e+0,
-5.097656250e+1,5.400000000e+0,-1.533975000e+0,
-5.000781250e+1,4.393750000e+0,-1.264893750e+0,
-5.199218750e+1,4.800000000e+0,-1.717600000e+0,
-5.200000000e+1,5.000000000e+0,-1.355293750e+0,
-5.200000000e+1,5.001562500e+0,-1.627200000e+0,
-5.300000000e+1,5.000000000e+0,-1.359531250e+0,
-5.300781250e+1,5.196875000e+0,-1.356000000e+0,
-5.099218750e+1,5.595312500e+0,-1.716893750e+0,
-5.499218750e+1,4.600000000e+0,-1.630731250e+0,
-5.200781250e+1,4.995312500e+0,-1.446400000e+0,
-5.299218750e+1,5.587500000e+0,-1.712656250e+0,
-5.200781250e+1,6.000000000e+0,-1.808000000e+0,
-5.200000000e+1,5.600000000e+0,-1.714775000e+0,
-5.402343750e+1,5.806250000e+0,-1.632143750e+0,
-5.499218750e+1,5.796875000e+0,-1.990918750e+0,
-5.298437500e+1,5.800000000e+0,-1.894162500e+0,
-5.300000000e+1,6.001562500e+0,-1.718306250e+0,
-5.398437500e+1,6.189062500e+0,-1.896987500e+0,
-5.700000000e+1,6.206250000e+0,-1.809412500e+0,
-5.500781250e+1,5.803125000e+0,-1.808706250e+0,
-5.597656250e+1,6.801562500e+0,-1.898400000e+0,
-5.602343750e+1,6.401562500e+0,-1.898400000e+0,
-5.403125000e+1,6.200000000e+0,-1.988800000e+0,
-5.398437500e+1,6.996875000e+0,-1.901225000e+0,
-5.503906250e+1,6.603125000e+0,-1.807293750e+0,
-5.702343750e+1,6.798437500e+0,-1.989506250e+0,
-5.698437500e+1,6.398437500e+0,-1.898400000e+0,
-5.701562500e+1,6.800000000e+0,-1.988800000e+0,
-5.905468750e+1,7.001562500e+0,-2.079906250e+0,
-5.996093750e+1,7.203125000e+0,-1.990212500e+0,
-5.498437500e+1,7.584375000e+0,-1.806587500e+0,
-5.501562500e+1,7.800000000e+0,-2.080612500e+0,
-5.396093750e+1,7.395312500e+0,-2.079200000e+0,
-5.995312500e+1,7.403125000e+0,-1.988800000e+0,
-5.903125000e+1,7.800000000e+0,-1.899106250e+0,
-5.703125000e+1,7.598437500e+0,-2.080612500e+0,
-5.598437500e+1,7.798437500e+0,-2.169600000e+0,
-5.803125000e+1,7.801562500e+0,-2.351106250e+0,
-5.798437500e+1,7.800000000e+0,-2.350400000e+0,
-5.598437500e+1,8.000000000e+0,-2.079200000e+0,
-5.703125000e+1,7.800000000e+0,-2.079906250e+0,
-6.000781250e+1,7.798437500e+0,-2.260706250e+0,
-5.900000000e+1,7.600000000e+0,-2.169600000e+0,
-6.000781250e+1,7.598437500e+0,-2.350400000e+0,
-6.000000000e+1,7.796875000e+0,-2.169600000e+0,
-6.000000000e+1,8.400000000e+0,-2.348281250e+0,
-6.000000000e+1,8.001562500e+0,-2.441506250e+0,
-6.000781250e+1,8.000000000e+0,-2.259293750e+0,
-6.200000000e+1,8.003125000e+0,-2.260000000e+0,
-6.000781250e+1,8.398437500e+0,-2.441506250e+0,
-6.098437500e+1,8.401562500e+0,-2.437268750e+0,
-6.200000000e+1,8.398437500e+0,-2.712000000e+0,
-6.100000000e+1,8.195312500e+0,-2.529787500e+0,
-6.102343750e+1,8.001562500e+0,-2.353931250e+0,
-6.198437500e+1,8.626562500e+0,-2.622306250e+0,
-5.998437500e+1,9.195312500e+0,-2.440800000e+0,
-6.303125000e+1,8.604687500e+0,-2.530493750e+0,
-6.700000000e+1,9.007812500e+0,-2.260000000e+0,
-6.300000000e+1,9.401562500e+0,-2.710587500e+0,
-6.500000000e+1,8.600000000e+0,-2.620893750e+0,
-6.300781250e+1,9.207812500e+0,-2.802400000e+0,
-6.400000000e+1,9.398437500e+0,-2.712000000e+0,
-6.299218750e+1,9.000000000e+0,-2.802400000e+0,
-6.499218750e+1,9.198437500e+0,-2.529787500e+0,
-6.397656250e+1,9.000000000e+0,-3.161881250e+0,
-6.403125000e+1,9.200000000e+0,-3.072187500e+0,
-6.599218750e+1,9.000000000e+0,-2.711293750e+0,
-6.398437500e+1,9.404687500e+0,-2.893506250e+0,
-6.603125000e+1,9.600000000e+0,-2.621600000e+0,
-6.803125000e+1,9.201562500e+0,-2.800987500e+0,
-6.999218750e+1,9.196875000e+0,-2.892093750e+0,
-6.905468750e+1,9.996875000e+0,-2.983200000e+0,
-6.700000000e+1,9.996875000e+0,-3.072893750e+0,
-7.001562500e+1,1.000000000e+1,-2.983906250e+0,
-6.601562500e+1,1.000000000e+1,-3.164000000e+0,
-6.994531250e+1,1.000000000e+1,-3.073600000e+0,
-7.005468750e+1,1.020468750e+1,-3.076425000e+0,
-6.796875000e+1,9.800000000e+0,-2.892093750e+0,
-6.803125000e+1,1.040000000e+1,-3.257225000e+0,
-7.003125000e+1,1.000312500e+1,-3.345506250e+0,
-6.996093750e+1,1.080000000e+1,-3.345506250e+0,
-6.701562500e+1,1.000000000e+1,-3.252987500e+0,
-7.301562500e+1,1.060312500e+1,-3.073600000e+0,
-7.100000000e+1,1.100781250e+1,-3.160468750e+0,
-7.301562500e+1,1.060312500e+1,-3.435200000e+0,
-7.200000000e+1,1.080312500e+1,-3.435200000e+0,
-7.200000000e+1,1.120000000e+1,-3.435200000e+0,
-7.200000000e+1,1.140000000e+1,-3.435200000e+0,
-7.100000000e+1,1.099843750e+1,-3.435200000e+0,
-7.100781250e+1,1.100156250e+1,-3.433081250e+0,
-7.101562500e+1,1.080000000e+1,-3.525600000e+0,
-7.400000000e+1,1.120468750e+1,-3.528425000e+0,
-7.199218750e+1,1.139375000e+1,-3.796093750e+0,
-7.299218750e+1,1.099843750e+1,-3.339150000e+0,
-7.097656250e+1,1.141406250e+1,-3.440850000e+0,
-7.201562500e+1,1.159531250e+1,-3.616000000e+0,
-7.500000000e+1,1.119218750e+1,-3.436612500e+0,
-7.400000000e+1,1.160000000e+1,-3.345506250e+0,
-7.400000000e+1,1.120000000e+1,-3.522775000e+0,
-7.500781250e+1,1.199687500e+1,-3.796800000e+0,
-7.300781250e+1,1.199843750e+1,-3.616706250e+0,
-7.397656250e+1,1.239843750e+1,-3.887200000e+0,
-7.499218750e+1,1.160312500e+1,-3.618118750e+0,
-7.603906250e+1,1.218437500e+1,-3.707106250e+0,
-7.595312500e+1,1.220000000e+1,-3.705693750e+0,
-7.300000000e+1,1.200000000e+1,-3.885787500e+0,
-7.501562500e+1,1.220000000e+1,-3.887200000e+0,
-7.401562500e+1,1.259843750e+1,-3.796800000e+0,
-7.703125000e+1,1.239843750e+1,-3.976893750e+0,
-7.698437500e+1,1.279531250e+1,-3.887906250e+0,
-7.698437500e+1,1.239843750e+1,-3.977600000e+0,
-7.802343750e+1,1.240000000e+1,-3.887906250e+0,
-7.500781250e+1,1.280156250e+1,-3.890025000e+0,
-7.699218750e+1,1.279218750e+1,-4.159812500e+0,
-7.702343750e+1,1.239687500e+1,-4.068000000e+0,
-7.502343750e+1,1.259687500e+1,-3.887200000e+0,
-7.496875000e+1,1.319218750e+1,-3.976187500e+0,
-7.700781250e+1,1.300000000e+1,-4.068706250e+0,
-7.597656250e+1,1.319531250e+1,-3.977600000e+0,
-7.602343750e+1,1.420000000e+1,-3.978306250e+0,
-7.900781250e+1,1.319531250e+1,-4.157693750e+0,
-7.800000000e+1,1.359531250e+1,-4.248800000e+0,
-7.800781250e+1,1.320625000e+1,-4.249506250e+0,
-8.000781250e+1,1.319843750e+1,-4.430306250e+0,
-8.000000000e+1,1.339687500e+1,-4.249506250e+0,
-7.900000000e+1,1.379843750e+1,-4.339200000e+0,
-7.800000000e+1,1.359687500e+1,-4.159106250e+0,
-8.000000000e+1,1.360000000e+1,-4.246681250e+0,
-7.800781250e+1,1.360000000e+1,-4.339200000e+0,
-8.099218750e+1,1.418125000e+1,-4.159812500e+0,
-8.100000000e+1,1.440000000e+1,-4.335668750e+0,
-8.200000000e+1,1.420156250e+1,-4.610400000e+0,
-8.001562500e+1,1.400468750e+1,-4.335668750e+0,
-8.400781250e+1,1.460937500e+1,-4.248800000e+0,
-8.098437500e+1,1.459687500e+1,-4.520000000e+0,
-8.199218750e+1,1.400000000e+1,-4.429600000e+0,
-7.996875000e+1,1.439687500e+1,-4.791200000e+0,
-8.400000000e+1,1.460000000e+1,-4.433131250e+0,
-8.100000000e+1,1.479843750e+1,-4.520000000e+0,
-8.496093750e+1,1.480312500e+1,-4.430306250e+0,
-8.302343750e+1,1.519843750e+1,-4.699387500e+0,
-8.403125000e+1,1.460156250e+1,-4.610400000e+0,
-8.100000000e+1,1.499218750e+1,-4.431718750e+0,
-8.503906250e+1,1.480312500e+1,-4.425362500e+0,
-8.499218750e+1,1.479843750e+1,-4.791200000e+0,
-8.300781250e+1,1.499843750e+1,-4.517881250e+0,
-8.601562500e+1,1.520156250e+1,-4.700093750e+0,
-8.597656250e+1,1.580000000e+1,-4.791200000e+0,
-8.500781250e+1,1.579687500e+1,-4.972000000e+0,
-8.700000000e+1,1.602187500e+1,-4.711393750e+0,
-8.600781250e+1,1.500156250e+1,-4.520000000e+0,
-8.700000000e+1,1.540625000e+1,-4.887250000e+0,
-8.600000000e+1,1.558906250e+1,-4.967056250e+0,
-8.699218750e+1,1.541406250e+1,-4.611106250e+0,
-8.701562500e+1,1.640468750e+1,-5.066637500e+0,
-8.697656250e+1,1.600156250e+1,-5.062400000e+0,
-9.003125000e+1,1.599843750e+1,-4.881600000e+0,
-8.893750000e+1,1.560000000e+1,-4.974118750e+0,
-8.500000000e+1,1.621250000e+1,-5.060987500e+0,
-8.803125000e+1,1.639531250e+1,-4.881600000e+0,
-8.900781250e+1,1.600000000e+1,-5.063106250e+0,
-9.000000000e+1,1.640625000e+1,-4.971293750e+0,
-8.900000000e+1,1.660000000e+1,-5.060987500e+0,
-8.900000000e+1,1.640312500e+1,-5.152800000e+0,
-8.799218750e+1,1.620312500e+1,-5.063106250e+0,
-9.099218750e+1,1.659843750e+1,-5.242493750e+0,
-9.000000000e+1,1.620000000e+1,-5.243906250e+0,
-9.200000000e+1,1.679843750e+1,-5.062400000e+0,
-9.096875000e+1,1.639843750e+1,-5.152093750e+0,
-9.500000000e+1,1.719687500e+1,-5.154212500e+0,
-9.102343750e+1,1.679843750e+1,-5.421881250e+0,
-8.900000000e+1,1.740156250e+1,-5.063106250e+0,
-9.003125000e+1,1.699687500e+1,-5.517931250e+0,
-9.401562500e+1,1.740625000e+1,-5.418350000e+0,
-9.300000000e+1,1.739843750e+1,-5.243200000e+0,
-9.400000000e+1,1.740625000e+1,-5.422587500e+0,
-9.300781250e+1,1.720000000e+1,-5.332893750e+0,
-9.500000000e+1,1.759531250e+1,-5.243200000e+0,
-9.400000000e+1,1.680000000e+1,-5.785600000e+0,
-9.600000000e+1,1.780000000e+1,-5.513693750e+0,
-9.402343750e+1,1.759062500e+1,-5.604800000e+0,
-9.400000000e+1,1.740000000e+1,-5.424000000e+0,
-9.399218750e+1,1.760000000e+1,-5.695906250e+0,
-9.603906250e+1,1.740000000e+1,-5.332893750e+0,
-9.799218750e+1,1.760312500e+1,-5.513693750e+0,
-9.598437500e+1,1.800156250e+1,-5.604093750e+0,
-9.702343750e+1,1.799218750e+1,-5.514400000e+0,
-9.800781250e+1,1.760468750e+1,-5.604800000e+0,
-9.800000000e+1,1.840000000e+1,-5.605506250e+0,
-9.703906250e+1,1.760000000e+1,-5.515812500e+0,
-9.497656250e+1,1.800625000e+1,-5.877412500e+0,
-9.800000000e+1,1.840156250e+1,-5.783481250e+0,
-9.600781250e+1,1.840468750e+1,-5.785600000e+0,
-9.700781250e+1,1.839218750e+1,-5.877412500e+0,
-9.500000000e+1,1.780000000e+1,-6.147200000e+0,
-9.796093750e+1,1.836875000e+1,-5.965693750e+0,
-9.798437500e+1,1.899375000e+1,-5.966400000e+0,
-9.901562500e+1,1.819843750e+1,-5.876000000e+0,
-1.020000000e+2,1.880000000e+1,-5.966400000e+0,
-1.010000000e+2,1.879531250e+1,-5.876000000e+0,
-1.020156250e+2,1.880000000e+1,-5.967106250e+0,
-9.800000000e+1,1.940468750e+1,-5.782775000e+0,
-1.000000000e+2,1.859687500e+1,-5.785600000e+0,
-1.039921875e+2,1.959843750e+1,-6.235481250e+0,
-1.020156250e+2,1.880000000e+1,-6.237600000e+0,
-1.000078125e+2,1.960781250e+1,-6.148612500e+0,
-1.009921875e+2,1.980000000e+1,-5.965693750e+0,
-1.010000000e+2,1.940000000e+1,-6.236893750e+0,
-1.019921875e+2,1.957968750e+1,-6.150025000e+0,
-1.030000000e+2,2.020000000e+1,-6.147200000e+0,
-1.030000000e+2,1.960000000e+1,-6.328000000e+0,
-9.900000000e+1,2.019375000e+1,-6.145081250e+0,
-1.020156250e+2,1.919375000e+1,-6.239012500e+0,
-1.010000000e+2,2.000468750e+1,-6.236187500e+0,
-1.040156250e+2,1.959531250e+1,-6.147906250e+0,
-1.040000000e+2,1.979375000e+1,-6.326587500e+0,
-1.050078125e+2,1.979687500e+1,-6.328706250e+0,
-1.030078125e+2,2.039843750e+1,-6.419812500e+0,
-1.039765625e+2,2.020156250e+1,-6.419106250e+0,
-1.050078125e+2,2.079843750e+1,-6.237600000e+0,
-1.040234375e+2,2.040000000e+1,-6.418400000e+0,
-1.039765625e+2,1.999687500e+1,-6.420518750e+0,
-1.050234375e+2,2.039687500e+1,-6.416987500e+0,
-1.060234375e+2,2.020000000e+1,-6.690306250e+0,
-1.070078125e+2,2.040156250e+1,-6.509506250e+0,
-1.069765625e+2,2.060000000e+1,-6.508800000e+0,
-1.060390625e+2,2.080000000e+1,-6.689600000e+0,
-1.089921875e+2,2.059687500e+1,-6.509506250e+0,
-1.049765625e+2,2.059531250e+1,-6.597081250e+0,
-1.059687500e+2,2.060000000e+1,-6.691012500e+0,
-1.070156250e+2,2.060156250e+1,-6.870400000e+0,
-1.059843750e+2,2.100000000e+1,-6.508800000e+0,
-1.089765625e+2,2.079375000e+1,-6.691012500e+0,
-1.080781250e+2,2.080937500e+1,-6.508093750e+0,
-1.039531250e+2,2.160000000e+1,-6.507387500e+0,
-1.110546875e+2,2.100468750e+1,-6.872518750e+0,
-1.089687500e+2,2.120156250e+1,-6.960800000e+0,
-1.089921875e+2,2.140000000e+1,-6.689600000e+0,
-1.090390625e+2,2.140000000e+1,-6.962918750e+0,
-1.140000000e+2,2.139843750e+1,-7.141600000e+0,
-1.090000000e+2,2.140000000e+1,-6.870400000e+0,
-1.120156250e+2,2.179843750e+1,-7.051906250e+0,
-1.129843750e+2,2.140156250e+1,-6.689600000e+0,
-1.110078125e+2,2.140000000e+1,-6.957268750e+0,
-1.119921875e+2,2.159687500e+1,-7.051906250e+0,
-1.130078125e+2,2.199531250e+1,-6.781412500e+0,
-1.130078125e+2,2.140000000e+1,-7.322400000e+0,
-1.120000000e+2,2.219531250e+1,-7.054731250e+0,
-1.139843750e+2,2.201562500e+1,-7.044843750e+0,
-1.140000000e+2,2.220937500e+1,-7.142306250e+0,
-1.120000000e+2,2.279687500e+1,-6.961506250e+0,
-1.130234375e+2,2.199218750e+1,-7.327343750e+0,
-1.140000000e+2,2.220468750e+1,-7.230587500e+0,
-1.140078125e+2,2.220312500e+1,-7.141600000e+0,
-1.150000000e+2,2.279843750e+1,-6.961506250e+0,
-1.130000000e+2,2.239531250e+1,-7.322400000e+0,
-1.160000000e+2,2.259843750e+1,-7.503200000e+0,
-1.150000000e+2,2.280000000e+1,-7.321693750e+0,
-1.130078125e+2,2.260156250e+1,-7.412800000e+0,
-1.130000000e+2,2.300000000e+1,-7.323106250e+0,
-1.130078125e+2,2.260468750e+1,-7.232000000e+0,
-1.139921875e+2,2.239375000e+1,-7.231293750e+0,
-1.170625000e+2,2.279687500e+1,-7.412800000e+0,
-1.179609375e+2,2.299843750e+1,-7.322400000e+0,
-1.139843750e+2,2.319687500e+1,-7.323106250e+0,
-1.160468750e+2,2.300000000e+1,-7.503200000e+0,
-1.170234375e+2,2.340000000e+1,-7.412800000e+0,
-1.190000000e+2,2.320156250e+1,-7.504612500e+0,
-1.179921875e+2,2.300000000e+1,-7.322400000e+0,
-1.199843750e+2,2.320000000e+1,-7.593600000e+0,
-1.190078125e+2,2.299687500e+1,-7.501081250e+0,
-1.190156250e+2,2.341718750e+1,-7.412800000e+0,
-1.160156250e+2,2.420000000e+1,-7.503200000e+0,
-1.169765625e+2,2.339843750e+1,-7.774400000e+0,
-1.180234375e+2,2.379218750e+1,-7.325931250e+0,
-1.180390625e+2,2.380000000e+1,-7.502493750e+0,
-1.210156250e+2,2.400000000e+1,-7.503200000e+0,
-1.189687500e+2,2.319843750e+1,-7.775812500e+0,
-1.180000000e+2,2.380156250e+1,-7.865506250e+0,
-1.180078125e+2,2.360000000e+1,-7.592893750e+0,
-1.190078125e+2,2.400312500e+1,-7.775106250e+0,
-1.190000000e+2,2.439687500e+1,-7.775106250e+0,
-1.210156250e+2,2.420468750e+1,-7.864800000e+0,
-1.220000000e+2,2.420625000e+1,-8.045600000e+0,
-1.210000000e+2,2.480000000e+1,-8.045600000e+0,
-1.220000000e+2,2.400000000e+1,-8.045600000e+0,
-1.210000000e+2,2.380312500e+1,-7.864800000e+0,
-1.209843750e+2,2.438750000e+1,-7.950256250e+0,
-1.220000000e+2,2.460312500e+1,-8.045600000e+0,
-1.199921875e+2,2.460000000e+1,-7.865506250e+0,
-1.220312500e+2,2.500468750e+1,-8.045600000e+0,
-1.230156250e+2,2.499687500e+1,-7.864093750e+0,
-1.240234375e+2,2.480312500e+1,-8.050543750e+0,
-1.250078125e+2,2.500000000e+1,-8.136706250e+0,
-1.250000000e+2,2.480156250e+1,-7.955200000e+0,
-1.210000000e+2,2.500000000e+1,-8.135293750e+0,
-1.240000000e+2,2.499843750e+1,-7.773693750e+0,
-1.220000000e+2,2.499843750e+1,-8.315387500e+0,
-1.240078125e+2,2.519843750e+1,-8.136000000e+0,
-1.210000000e+2,2.540000000e+1,-8.315387500e+0,
-1.249453125e+2,2.519687500e+1,-8.318212500e+0,
-1.259765625e+2,2.559531250e+1,-8.042775000e+0,
-1.239687500e+2,2.540000000e+1,-7.954493750e+0,
-1.250546875e+2,2.540000000e+1,-8.314681250e+0,
-1.299687500e+2,2.540000000e+1,-8.316800000e+0,
-1.239765625e+2,2.561093750e+1,-8.497600000e+0,
-1.290546875e+2,2.640000000e+1,-8.321743750e+0,
-1.279921875e+2,2.561093750e+1,-8.222868750e+0,
-1.290156250e+2,2.600000000e+1,-8.678400000e+0,
-1.260078125e+2,2.580000000e+1,-8.588706250e+0,
-1.280000000e+2,2.560000000e+1,-8.496893750e+0,
-1.269921875e+2,2.601250000e+1,-8.499718750e+0,
-1.310156250e+2,2.639687500e+1,-8.588000000e+0,
-1.260312500e+2,2.580156250e+1,-8.316800000e+0,
-1.289609375e+2,2.596250000e+1,-8.405081250e+0,
-1.280000000e+2,2.680000000e+1,-8.588000000e+0,
-1.289843750e+2,2.620156250e+1,-8.497600000e+0,
-1.270156250e+2,2.620156250e+1,-8.407200000e+0,
-1.310078125e+2,2.660000000e+1,-8.585881250e+0,
-1.290000000e+2,2.640156250e+1,-8.768800000e+0,
-1.290000000e+2,2.639843750e+1,-8.678400000e+0,
-1.280078125e+2,2.640468750e+1,-8.768093750e+0,
-1.310234375e+2,2.619531250e+1,-8.769506250e+0,
-1.330000000e+2,2.719687500e+1,-8.768800000e+0,
-1.320000000e+2,2.679843750e+1,-8.859906250e+0,
-1.290000000e+2,2.719843750e+1,-8.679106250e+0,
-1.320156250e+2,2.660000000e+1,-8.678400000e+0,
-1.320000000e+2,2.718437500e+1,-8.585881250e+0,
-1.320000000e+2,2.719843750e+1,-8.857787500e+0,
-1.320000000e+2,2.740156250e+1,-8.858493750e+0,
-1.340078125e+2,2.679218750e+1,-8.858493750e+0,
-1.340000000e+2,2.701093750e+1,-8.859200000e+0,
-1.339843750e+2,2.760156250e+1,-9.131106250e+0,
-1.320078125e+2,2.760000000e+1,-8.949600000e+0,
-1.340000000e+2,2.779843750e+1,-8.859200000e+0,
-1.320234375e+2,2.800000000e+1,-8.768800000e+0,
-1.329765625e+2,2.720156250e+1,-8.859200000e+0,
-1.330703125e+2,2.740937500e+1,-8.860612500e+0,
-1.309453125e+2,2.820000000e+1,-9.129693750e+0,
-1.349609375e+2,2.760468750e+1,-9.040000000e+0,
-1.330234375e+2,2.779375000e+1,-9.040000000e+0,
-1.350156250e+2,2.760156250e+1,-9.040000000e+0,
-1.350078125e+2,2.779687500e+1,-9.040706250e+0,
-1.360000000e+2,2.799687500e+1,-8.949600000e+0,
-1.340000000e+2,2.780312500e+1,-9.040000000e+0,
-1.350078125e+2,2.840000000e+1,-9.040000000e+0,
-1.360156250e+2,2.779843750e+1,-9.130400000e+0,
-1.390000000e+2,2.896562500e+1,-8.855668750e+0,
-1.370546875e+2,2.880156250e+1,-9.311200000e+0,
-1.359921875e+2,2.840000000e+1,-9.219387500e+0,
-1.370000000e+2,2.860625000e+1,-9.311906250e+0,
-1.369921875e+2,2.838281250e+1,-9.311906250e+0,
-1.380156250e+2,2.780156250e+1,-9.403718750e+0,
-1.350468750e+2,2.879375000e+1,-9.492000000e+0,
-1.340156250e+2,2.919843750e+1,-9.220800000e+0,
-1.360390625e+2,2.860000000e+1,-9.132518750e+0,
-1.380078125e+2,2.900312500e+1,-9.403012500e+0,
-1.380000000e+2,2.880000000e+1,-9.311200000e+0,
-1.380000000e+2,2.920000000e+1,-9.311200000e+0,
-1.369921875e+2,2.879843750e+1,-9.312612500e+0,
-1.410000000e+2,2.900000000e+1,-9.489881250e+0,
-1.379921875e+2,2.860312500e+1,-9.582400000e+0,
-1.379921875e+2,2.900625000e+1,-9.220093750e+0,
-1.399921875e+2,2.959843750e+1,-9.400187500e+0,
-1.400000000e+2,2.919843750e+1,-9.580987500e+0,
-1.400156250e+2,2.940312500e+1,-9.762493750e+0,
-1.360078125e+2,2.960000000e+1,-9.406543750e+0,
-1.400000000e+2,2.940468750e+1,-9.493412500e+0,
-1.410000000e+2,2.940625000e+1,-9.673506250e+0,
-1.409921875e+2,2.999218750e+1,-9.673506250e+0,
-1.389843750e+2,2.899843750e+1,-9.855012500e+0,
-1.390078125e+2,2.980625000e+1,-9.850068750e+0,
-1.410078125e+2,2.940000000e+1,-9.672800000e+0,
-1.370000000e+2,3.000000000e+1,-9.852187500e+0,
-1.410234375e+2,2.960156250e+1,-9.762493750e+0,
-1.420000000e+2,3.060156250e+1,-9.672800000e+0,
-1.420156250e+2,2.999843750e+1,-9.763200000e+0,
-1.400078125e+2,3.020000000e+1,-9.944000000e+0,
-1.399765625e+2,3.000312500e+1,-9.672800000e+0,
-1.420000000e+2,3.059687500e+1,-9.853600000e+0,
-1.410156250e+2,3.081718750e+1,-9.852893750e+0,
-1.420234375e+2,3.000000000e+1,-1.003440000e+1,
-1.430156250e+2,3.020468750e+1,-9.855012500e+0,
-1.429687500e+2,3.040000000e+1,-9.674212500e+0,
-1.410234375e+2,3.019687500e+1,-9.853600000e+0,
-1.450234375e+2,3.020000000e+1,-9.672800000e+0,
-1.440000000e+2,3.038750000e+1,-9.853600000e+0,
-1.459921875e+2,3.080000000e+1,-9.763906250e+0,
-1.440625000e+2,3.019687500e+1,-1.012621250e+1,
-1.429843750e+2,3.060156250e+1,-1.012268125e+1,
-1.480000000e+2,3.060625000e+1,-9.942587500e+0,
-1.440468750e+2,3.120625000e+1,-9.944000000e+0,
-1.439531250e+2,3.080000000e+1,-9.944000000e+0,
-1.469843750e+2,3.078437500e+1,-1.012621250e+1,
-1.449453125e+2,3.119843750e+1,-1.021520000e+1,
-1.430078125e+2,3.100156250e+1,-1.021590625e+1,
-1.470234375e+2,3.160000000e+1,-1.030560000e+1,
-1.470000000e+2,3.119687500e+1,-1.012550625e+1,
-1.470078125e+2,3.160000000e+1,-1.012409375e+1,
-1.450000000e+2,3.160156250e+1,-1.030560000e+1,
-1.460000000e+2,3.159843750e+1,-1.012480000e+1,
-1.479921875e+2,3.160156250e+1,-1.021520000e+1,
-1.480000000e+2,3.139843750e+1,-1.021520000e+1,
-1.480000000e+2,3.180468750e+1,-1.039600000e+1,
-1.490078125e+2,3.200000000e+1,-1.030771875e+1,
-1.470078125e+2,3.159843750e+1,-1.030489375e+1,
-1.480000000e+2,3.219687500e+1,-1.057609375e+1,
-1.460078125e+2,3.180000000e+1,-1.030560000e+1,
-1.470000000e+2,3.220000000e+1,-1.003440000e+1,
-1.489921875e+2,3.180156250e+1,-1.031336875e+1,
-1.479921875e+2,3.219843750e+1,-1.057750625e+1,
-1.500234375e+2,3.159687500e+1,-1.057397500e+1,
-1.509921875e+2,3.241093750e+1,-1.039600000e+1,
-1.500078125e+2,3.302031250e+1,-1.048498750e+1,
-1.500078125e+2,3.220312500e+1,-1.048710625e+1,
-1.480000000e+2,3.260312500e+1,-1.048640000e+1,
-1.499765625e+2,3.240000000e+1,-1.057609375e+1,
-1.490468750e+2,3.259843750e+1,-1.066790625e+1,
-1.469687500e+2,3.280000000e+1,-1.057680000e+1,
-1.509609375e+2,3.280000000e+1,-1.066720000e+1,
-1.489687500e+2,3.279531250e+1,-1.057821250e+1,
-1.500468750e+2,3.279843750e+1,-1.057750625e+1,
-1.520000000e+2,3.260312500e+1,-1.075830625e+1,
-1.509843750e+2,3.320000000e+1,-1.039600000e+1,
-1.510156250e+2,3.279843750e+1,-1.094193125e+1,
-1.509765625e+2,3.280000000e+1,-1.075901250e+1,
-1.490156250e+2,3.279375000e+1,-1.057962500e+1,
-1.520000000e+2,3.319687500e+1,-1.057821250e+1,
-1.500078125e+2,3.339843750e+1,-1.093840000e+1,
-1.529765625e+2,3.319843750e+1,-1.066720000e+1,
-1.530156250e+2,3.299843750e+1,-1.076042500e+1,
-1.539687500e+2,3.280000000e+1,-1.093981250e+1,
-1.559921875e+2,3.300000000e+1,-1.102880000e+1,
-1.539375000e+2,3.319531250e+1,-1.102880000e+1,
-1.510156250e+2,3.359843750e+1,-1.093840000e+1,
-1.550234375e+2,3.300312500e+1,-1.084800000e+1,
-1.539843750e+2,3.380000000e+1,-1.075830625e+1,
-1.550078125e+2,3.279375000e+1,-1.093981250e+1,
-1.560000000e+2,3.340000000e+1,-1.102880000e+1,
-1.559921875e+2,3.320312500e+1,-1.093910625e+1,
-1.540000000e+2,3.339843750e+1,-1.093910625e+1,
-1.559921875e+2,3.340000000e+1,-1.111778750e+1,
-1.560078125e+2,3.419843750e+1,-1.111990625e+1,
-1.550000000e+2,3.379218750e+1,-1.093769375e+1,
-1.549921875e+2,3.340000000e+1,-1.084800000e+1,
-1.569921875e+2,3.379531250e+1,-1.084658750e+1,
-1.579843750e+2,3.419375000e+1,-1.111355000e+1,
-1.610000000e+2,3.419843750e+1,-1.111990625e+1,
-1.580000000e+2,3.420156250e+1,-1.093910625e+1,
-1.600078125e+2,3.419375000e+1,-1.121525000e+1,
-1.579921875e+2,3.380625000e+1,-1.129858750e+1,
-1.590078125e+2,3.440000000e+1,-1.120960000e+1,
-1.590078125e+2,3.400156250e+1,-1.139040000e+1,
-1.600000000e+2,3.440312500e+1,-1.111920000e+1,
-1.590000000e+2,3.440000000e+1,-1.148080000e+1,
-1.580000000e+2,3.420000000e+1,-1.111708125e+1,
-1.579921875e+2,3.460000000e+1,-1.120960000e+1,
-1.600234375e+2,3.419843750e+1,-1.120960000e+1,
-1.570078125e+2,3.419843750e+1,-1.130000000e+1,
-1.599843750e+2,3.420000000e+1,-1.120889375e+1,
-1.600000000e+2,3.439687500e+1,-1.157120000e+1,
-1.610312500e+2,3.479843750e+1,-1.129858750e+1,
-1.619687500e+2,3.480156250e+1,-1.121030625e+1,
-1.589921875e+2,3.499687500e+1,-1.148009375e+1,
-1.610078125e+2,3.460000000e+1,-1.139040000e+1,
-1.589843750e+2,3.499843750e+1,-1.147868125e+1,
-1.599765625e+2,3.479843750e+1,-1.157190625e+1,
-1.609765625e+2,3.520000000e+1,-1.130000000e+1,
-1.620000000e+2,3.479687500e+1,-1.139393125e+1,
-1.610078125e+2,3.520937500e+1,-1.166160000e+1,
-1.590312500e+2,3.540000000e+1,-1.139040000e+1,
-1.569531250e+2,3.519843750e+1,-1.139040000e+1,
-1.619921875e+2,3.500468750e+1,-1.139040000e+1,
-1.579531250e+2,3.480000000e+1,-1.139040000e+1,
-1.590078125e+2,3.520000000e+1,-1.139110625e+1,
-1.579921875e+2,3.500156250e+1,-1.157190625e+1,
-1.600468750e+2,3.560156250e+1,-1.157120000e+1,
-1.629921875e+2,3.560000000e+1,-1.156978750e+1,
-1.579843750e+2,3.540000000e+1,-1.139110625e+1,
-1.590000000e+2,3.581093750e+1,-1.165948125e+1,
-1.609843750e+2,3.500156250e+1,-1.157120000e+1,
-1.570000000e+2,3.540312500e+1,-1.148080000e+1,
-1.590000000e+2,3.519687500e+1,-1.157049375e+1,
-1.610000000e+2,3.520000000e+1,-1.166160000e+1,
-1.590000000e+2,3.560000000e+1,-1.184240000e+1,
-1.609921875e+2,3.521250000e+1,-1.166583750e+1,
-1.600078125e+2,3.519375000e+1,-1.157120000e+1,
-1.620000000e+2,3.579687500e+1,-1.157261250e+1,
-1.589765625e+2,3.520156250e+1,-1.166160000e+1,
-1.600312500e+2,3.600156250e+1,-1.148080000e+1,
-1.599843750e+2,3.538906250e+1,-1.176118125e+1,
-1.590000000e+2,3.580625000e+1,-1.202461250e+1,
-1.600000000e+2,3.581875000e+1,-1.148150625e+1,
-1.609921875e+2,3.540000000e+1,-1.184310625e+1,
-1.580000000e+2,3.580312500e+1,-1.166160000e+1,
-1.610156250e+2,3.599843750e+1,-1.184310625e+1,
-1.560000000e+2,3.600000000e+1,-1.148080000e+1,
-1.609140625e+2,3.579843750e+1,-1.175058750e+1,
-1.610390625e+2,3.560312500e+1,-1.175270625e+1,
-1.590156250e+2,3.559218750e+1,-1.175129375e+1,
-1.600156250e+2,3.599843750e+1,-1.166160000e+1,
-1.600234375e+2,3.580000000e+1,-1.174988125e+1,
-1.619687500e+2,3.600000000e+1,-1.193280000e+1,
-1.579843750e+2,3.579843750e+1,-1.193350625e+1,
-1.610312500e+2,3.599843750e+1,-1.175411875e+1,
-1.599843750e+2,3.600468750e+1,-1.175058750e+1,
-1.600078125e+2,3.579843750e+1,-1.193280000e+1,
-1.589921875e+2,3.580000000e+1,-1.202390625e+1,
-1.609921875e+2,3.600000000e+1,-1.175129375e+1,
-1.610078125e+2,3.600312500e+1,-1.193491875e+1,
-1.590156250e+2,3.619687500e+1,-1.184240000e+1,
-1.589921875e+2,3.579843750e+1,-1.175200000e+1,
-1.590234375e+2,3.640468750e+1,-1.193209375e+1,
-1.580078125e+2,3.580000000e+1,-1.193350625e+1,
-1.600234375e+2,3.640000000e+1,-1.193280000e+1,
-1.599921875e+2,3.580000000e+1,-1.184451875e+1,
-1.600000000e+2,3.640625000e+1,-1.220329375e+1,
-1.600000000e+2,3.640781250e+1,-1.202320000e+1,
-1.590000000e+2,3.579843750e+1,-1.211360000e+1,
-1.589921875e+2,3.658750000e+1,-1.193350625e+1,
-1.570000000e+2,3.680468750e+1,-1.193350625e+1,
-1.590000000e+2,3.620156250e+1,-1.184240000e+1,
-1.630000000e+2,3.620000000e+1,-1.202249375e+1,
-1.610000000e+2,3.600000000e+1,-1.202178750e+1,
-1.600000000e+2,3.620000000e+1,-1.211360000e+1,
-1.610078125e+2,3.658593750e+1,-1.166230625e+1,
-1.580078125e+2,3.680000000e+1,-1.210865625e+1,
-1.590000000e+2,3.640156250e+1,-1.220046875e+1,
-1.600078125e+2,3.641250000e+1,-1.184169375e+1,
-1.600000000e+2,3.720625000e+1,-1.202320000e+1,
-1.589921875e+2,3.679687500e+1,-1.202037500e+1,
-1.580000000e+2,3.640000000e+1,-1.184240000e+1,
-1.579921875e+2,3.679843750e+1,-1.229440000e+1,
-1.589531250e+2,3.660000000e+1,-1.211925000e+1,
-1.610156250e+2,3.680000000e+1,-1.193280000e+1,
-1.580468750e+2,3.640000000e+1,-1.211430625e+1,
-1.579765625e+2,3.700156250e+1,-1.211360000e+1,
-1.589531250e+2,3.680312500e+1,-1.220400000e+1,
-1.609921875e+2,3.679375000e+1,-1.211430625e+1,
-1.599921875e+2,3.680312500e+1,-1.211501250e+1,
-1.589921875e+2,3.679531250e+1,-1.202320000e+1,
-1.570000000e+2,3.760312500e+1,-1.220470625e+1,
-1.590156250e+2,3.719375000e+1,-1.220400000e+1,
-1.599921875e+2,3.680000000e+1,-1.229440000e+1,
-1.590000000e+2,3.679218750e+1,-1.220400000e+1,
-1.600000000e+2,3.741406250e+1,-1.211077500e+1,
-1.580156250e+2,3.660000000e+1,-1.229440000e+1,
-1.589921875e+2,3.720312500e+1,-1.220258750e+1,
-1.590000000e+2,3.700000000e+1,-1.220470625e+1,
-1.590078125e+2,3.740312500e+1,-1.229510625e+1,
-1.589765625e+2,3.740625000e+1,-1.238268125e+1,
-1.600468750e+2,3.800156250e+1,-1.202320000e+1,
-1.550000000e+2,3.699531250e+1,-1.229440000e+1,
-1.590234375e+2,3.700000000e+1,-1.211360000e+1,
-1.570078125e+2,3.780468750e+1,-1.229369375e+1,
-1.600468750e+2,3.739375000e+1,-1.202320000e+1,
-1.609843750e+2,3.720000000e+1,-1.229651875e+1,
-1.550078125e+2,3.739687500e+1,-1.229369375e+1,
-1.600000000e+2,3.700468750e+1,-1.229440000e+1,
-1.609921875e+2,3.739375000e+1,-1.229440000e+1,
-1.580078125e+2,3.800000000e+1,-1.229440000e+1,
-1.590078125e+2,3.779218750e+1,-1.220329375e+1,
-1.570000000e+2,3.760156250e+1,-1.247590625e+1,
-1.580000000e+2,3.819843750e+1,-1.211289375e+1,
-1.580000000e+2,3.760000000e+1,-1.220117500e+1,
-1.590000000e+2,3.799062500e+1,-1.229581250e+1,
-1.590078125e+2,3.819687500e+1,-1.247590625e+1,
-1.580000000e+2,3.779843750e+1,-1.247590625e+1,
-1.590234375e+2,3.799843750e+1,-1.256560000e+1,
-1.600000000e+2,3.759843750e+1,-1.247449375e+1,
-1.580078125e+2,3.800781250e+1,-1.247590625e+1,
-1.590000000e+2,3.820937500e+1,-1.238691875e+1,
-1.579921875e+2,3.779843750e+1,-1.220470625e+1,
-1.560000000e+2,3.800000000e+1,-1.247520000e+1,
-1.580000000e+2,3.780000000e+1,-1.265600000e+1,
-1.579921875e+2,3.820000000e+1,-1.229369375e+1,
-1.610156250e+2,3.719062500e+1,-1.247520000e+1,
-1.579921875e+2,3.759687500e+1,-1.247520000e+1,
-1.619843750e+2,3.782500000e+1,-1.265600000e+1,
-1.589765625e+2,3.700000000e+1,-1.229228125e+1,
-1.589687500e+2,3.760468750e+1,-1.202390625e+1,
-1.560234375e+2,3.739843750e+1,-1.211501250e+1,
-1.610546875e+2,3.720468750e+1,-1.229581250e+1,
-1.599609375e+2,3.780312500e+1,-1.247590625e+1,
-1.579843750e+2,3.761093750e+1,-1.220470625e+1,
-1.569765625e+2,3.720000000e+1,-1.229581250e+1,
-1.590078125e+2,3.780625000e+1,-1.256771875e+1,
-1.570000000e+2,3.820000000e+1,-1.283468125e+1,
-1.590078125e+2,3.780312500e+1,-1.228875000e+1,
-1.560078125e+2,3.799062500e+1,-1.238480000e+1,
-1.589609375e+2,3.740000000e+1,-1.229440000e+1,
-1.590234375e+2,3.839218750e+1,-1.265670625e+1,
-1.579687500e+2,3.800156250e+1,-1.238480000e+1,
-1.570156250e+2,3.859687500e+1,-1.238480000e+1,
-1.610000000e+2,3.740000000e+1,-1.238480000e+1,
-1.569921875e+2,3.860625000e+1,-1.238480000e+1,
-1.580000000e+2,3.820000000e+1,-1.247520000e+1,
-1.580000000e+2,3.839687500e+1,-1.247661250e+1,
-1.580000000e+2,3.820312500e+1,-1.265600000e+1,
-1.590000000e+2,3.800000000e+1,-1.238833125e+1,
-1.590078125e+2,3.800000000e+1,-1.229440000e+1,
-1.569921875e+2,3.800312500e+1,-1.256560000e+1,
-1.619843750e+2,3.860000000e+1,-1.238833125e+1,
-1.580234375e+2,3.820156250e+1,-1.220400000e+1,
-1.569921875e+2,3.819531250e+1,-1.247378750e+1,
-1.570000000e+2,3.820000000e+1,-1.229440000e+1,
-1.580000000e+2,3.820000000e+1,-1.238480000e+1,
-1.580156250e+2,3.838906250e+1,-1.229581250e+1,
-1.589843750e+2,3.780312500e+1,-1.247590625e+1,
-1.560000000e+2,3.840000000e+1,-1.238409375e+1,
-1.580156250e+2,3.779687500e+1,-1.247802500e+1,
-1.570000000e+2,3.818593750e+1,-1.248014375e+1,
-1.580000000e+2,3.800468750e+1,-1.202390625e+1,
-1.570078125e+2,3.800468750e+1,-1.229722500e+1,
-1.559609375e+2,3.860000000e+1,-1.229440000e+1,
-1.609765625e+2,3.820156250e+1,-1.229298750e+1,
-1.590312500e+2,3.820000000e+1,-1.247520000e+1,
-1.599765625e+2,3.820625000e+1,-1.229651875e+1,
-1.600156250e+2,3.741250000e+1,-1.238197500e+1,
-1.599218750e+2,3.760156250e+1,-1.256489375e+1,
-1.550234375e+2,3.779531250e+1,-1.220470625e+1,
-1.610234375e+2,3.700000000e+1,-1.238480000e+1,
-1.569765625e+2,3.740312500e+1,-1.238409375e+1,
-1.600156250e+2,3.779843750e+1,-1.238480000e+1,
-1.579921875e+2,3.741406250e+1,-1.247731875e+1,
-1.599843750e+2,3.739843750e+1,-1.229440000e+1,
-1.590312500e+2,3.779687500e+1,-1.247520000e+1,
-1.579921875e+2,3.720000000e+1,-1.256560000e+1,
-1.599921875e+2,3.759531250e+1,-1.247378750e+1,
-1.609843750e+2,3.680468750e+1,-1.238480000e+1,
-1.620312500e+2,3.799687500e+1,-1.238338750e+1,
-1.589843750e+2,3.720781250e+1,-1.256630625e+1,
-1.600078125e+2,3.720000000e+1,-1.247520000e+1,
-1.590156250e+2,3.740468750e+1,-1.229440000e+1,
-1.609921875e+2,3.820000000e+1,-1.229581250e+1,
-1.580000000e+2,3.799531250e+1,-1.256630625e+1,
-1.610000000e+2,3.780000000e+1,-1.238480000e+1,
-1.619921875e+2,3.741250000e+1,-1.238550625e+1,
-1.589843750e+2,3.720000000e+1,-1.229440000e+1,
-1.599921875e+2,3.740000000e+1,-1.238268125e+1,
-1.610078125e+2,3.739843750e+1,-1.247661250e+1,
-1.589921875e+2,3.780156250e+1,-1.211360000e+1,
-1.590000000e+2,3.759218750e+1,-1.238480000e+1,
-1.600000000e+2,3.720000000e+1,-1.220541250e+1,
-1.589921875e+2,3.738437500e+1,-1.237844375e+1,
-1.610000000e+2,3.759843750e+1,-1.247520000e+1,
-1.580000000e+2,3.739843750e+1,-1.238480000e+1,
-1.580234375e+2,3.740156250e+1,-1.247731875e+1,
-1.600156250e+2,3.739843750e+1,-1.247449375e+1,
-1.610000000e+2,3.719531250e+1,-1.238480000e+1,
-1.599921875e+2,3.699218750e+1,-1.247590625e+1,
-1.590000000e+2,3.780156250e+1,-1.247520000e+1,
-1.570000000e+2,3.740000000e+1,-1.256560000e+1,
-1.580000000e+2,3.760000000e+1,-1.247449375e+1,
-1.569921875e+2,3.759687500e+1,-1.247520000e+1,
-1.600078125e+2,3.719843750e+1,-1.256701250e+1,
-1.560390625e+2,3.739687500e+1,-1.211360000e+1,
-1.569843750e+2,3.740781250e+1,-1.211218750e+1,
-1.580390625e+2,3.739687500e+1,-1.256418750e+1,
-1.599921875e+2,3.800000000e+1,-1.256489375e+1,
-1.579765625e+2,3.719218750e+1,-1.229440000e+1,
-1.590468750e+2,3.760781250e+1,-1.247520000e+1,
-1.610156250e+2,3.820000000e+1,-1.238480000e+1,
-1.599609375e+2,3.780312500e+1,-1.238550625e+1,
-1.570390625e+2,3.740156250e+1,-1.220470625e+1,
-1.579062500e+2,3.740156250e+1,-1.229440000e+1,
-1.629921875e+2,3.740781250e+1,-1.247661250e+1,
-1.600625000e+2,3.840000000e+1,-1.256560000e+1,
-1.550078125e+2,3.739531250e+1,-1.247520000e+1,
-1.569531250e+2,3.740312500e+1,-1.247520000e+1,
-1.589687500e+2,3.840468750e+1,-1.229298750e+1,
-1.589375000e+2,3.720000000e+1,-1.256560000e+1,
-1.549843750e+2,3.800000000e+1,-1.238409375e+1,
-1.580546875e+2,3.840156250e+1,-1.247520000e+1,
-1.600234375e+2,3.819531250e+1,-1.229510625e+1,
-1.609843750e+2,3.740000000e+1,-1.229651875e+1,
-1.560000000e+2,3.840156250e+1,-1.256701250e+1,
-1.610000000e+2,3.782187500e+1,-1.256842500e+1,
-1.579843750e+2,3.799531250e+1,-1.238480000e+1,
-1.600000000e+2,3.820312500e+1,-1.247520000e+1,
-1.580000000e+2,3.819687500e+1,-1.256701250e+1,
-1.580000000e+2,3.740000000e+1,-1.238480000e+1,
-1.580000000e+2,3.780937500e+1,-1.247520000e+1,
-1.599843750e+2,3.820937500e+1,-1.247378750e+1,
-1.600000000e+2,3.740468750e+1,-1.256560000e+1,
-1.589765625e+2,3.740156250e+1,-1.238480000e+1,
-1.570234375e+2,3.761093750e+1,-1.247520000e+1,
-1.610703125e+2,3.820000000e+1,-1.238338750e+1,
-1.609531250e+2,3.778750000e+1,-1.238550625e+1,
-1.579921875e+2,3.780625000e+1,-1.238480000e+1,
-1.580000000e+2,3.801562500e+1,-1.238480000e+1,
-1.580156250e+2,3.720000000e+1,-1.238480000e+1,
-1.609921875e+2,3.720625000e+1,-1.229581250e+1,
-1.610234375e+2,3.799687500e+1,-1.238338750e+1,
-1.590078125e+2,3.780156250e+1,-1.265670625e+1,
-1.599765625e+2,3.759843750e+1,-1.256701250e+1,
-1.600078125e+2,3.739218750e+1,-1.238480000e+1,
-1.589765625e+2,3.799375000e+1,-1.247661250e+1,
-1.579921875e+2,3.760156250e+1,-1.238621250e+1,
-1.580000000e+2,3.759687500e+1,-1.220258750e+1,
-1.580156250e+2,3.820000000e+1,-1.247520000e+1,
-1.600625000e+2,3.819062500e+1,-1.229510625e+1,
-1.619843750e+2,3.740156250e+1,-1.229228125e+1,
-1.579375000e+2,3.760625000e+1,-1.256277500e+1,
-1.569531250e+2,3.699843750e+1,-1.265600000e+1,
-1.610078125e+2,3.720000000e+1,-1.256771875e+1,
-1.560156250e+2,3.740156250e+1,-1.220611875e+1,
-1.569687500e+2,3.760000000e+1,-1.265811875e+1,
-1.650390625e+2,3.739375000e+1,-1.247520000e+1,
-1.550859375e+2,3.699843750e+1,-1.256560000e+1,
-1.588671875e+2,3.778750000e+1,-1.229722500e+1,
-1.609453125e+2,3.760000000e+1,-1.220188125e+1,
-1.549453125e+2,3.799843750e+1,-1.238480000e+1,
-1.570625000e+2,3.779687500e+1,-1.220329375e+1,
-1.620156250e+2,3.740156250e+1,-1.247308125e+1,
-1.600000000e+2,3.799375000e+1,-1.256560000e+1,
-1.589921875e+2,3.800781250e+1,-1.256489375e+1,
-1.579921875e+2,3.740781250e+1,-1.238621250e+1,
-1.570156250e+2,3.719375000e+1,-1.238338750e+1,
-1.610000000e+2,3.780000000e+1,-1.247520000e+1,
-1.550000000e+2,3.719843750e+1,-1.229510625e+1,
-1.570000000e+2,3.780156250e+1,-1.229157500e+1,
-1.610078125e+2,3.760000000e+1,-1.256560000e+1,
-1.580234375e+2,3.799218750e+1,-1.229510625e+1,
-1.559921875e+2,3.780156250e+1,-1.256418750e+1,
-1.610000000e+2,3.760156250e+1,-1.238268125e+1,
-1.599843750e+2,3.719531250e+1,-1.229440000e+1,
-1.599921875e+2,3.741406250e+1,-1.229440000e+1,
-1.580078125e+2,3.820156250e+1,-1.247378750e+1,
-1.600078125e+2,3.780000000e+1,-1.229440000e+1,
-1.580156250e+2,3.800000000e+1,-1.265600000e+1,
-1.589843750e+2,3.780000000e+1,-1.229651875e+1,
-1.580312500e+2,3.799843750e+1,-1.247520000e+1,
-1.560000000e+2,3.800000000e+1,-1.220470625e+1,
-1.569765625e+2,3.779687500e+1,-1.265529375e+1,
-1.579296875e+2,3.739843750e+1,-1.229440000e+1,
-1.609765625e+2,3.798593750e+1,-1.247449375e+1,
-1.589765625e+2,3.820156250e+1,-1.220541250e+1,
-1.580000000e+2,3.820000000e+1,-1.229510625e+1,
-1.580000000e+2,3.820156250e+1,-1.211571875e+1,
-1.580000000e+2,3.819843750e+1,-1.256489375e+1,
-1.570000000e+2,3.780000000e+1,-1.229440000e+1,
-1.580078125e+2,3.779531250e+1,-1.238480000e+1,
-1.590000000e+2,3.800468750e+1,-1.229157500e+1,
-1.579921875e+2,3.760156250e+1,-1.256560000e+1,
-1.600000000e+2,3.740312500e+1,-1.247520000e+1,
-1.590000000e+2,3.780156250e+1,-1.256560000e+1,
-1.600000000e+2,3.738750000e+1,-1.238409375e+1,
-1.599765625e+2,3.720156250e+1,-1.238550625e+1,
-1.620156250e+2,3.759687500e+1,-1.229440000e+1,
-1.579453125e+2,3.780000000e+1,-1.229440000e+1,
-1.570234375e+2,3.780000000e+1,-1.220470625e+1,
-1.590156250e+2,3.779843750e+1,-1.229369375e+1,
-1.599765625e+2,3.780312500e+1,-1.220400000e+1,
-1.570000000e+2,3.820000000e+1,-1.247520000e+1,
-1.590000000e+2,3.759843750e+1,-1.220188125e+1,
-1.570000000e+2,3.800000000e+1,-1.229298750e+1,
-1.590156250e+2,3.759843750e+1,-1.229440000e+1,
-1.600078125e+2,3.800000000e+1,-1.229440000e+1,
-1.580156250e+2,3.739375000e+1,-1.220400000e+1,
-1.570000000e+2,3.760156250e+1,-1.229510625e+1,
-1.620000000e+2,3.800312500e+1,-1.211360000e+1,
-1.580312500e+2,3.800156250e+1,-1.229510625e+1,
-1.600000000e+2,3.740468750e+1,-1.211430625e+1,
-1.590000000e+2,3.760468750e+1,-1.238833125e+1,
-1.600078125e+2,3.800468750e+1,-1.247590625e+1,
-1.610078125e+2,3.799531250e+1,-1.256630625e+1,
-1.609921875e+2,3.759843750e+1,-1.256489375e+1,
-1.590156250e+2,3.779843750e+1,-1.247590625e+1,
-1.580000000e+2,3.759375000e+1,-1.238338750e+1,
-1.590000000e+2,3.820000000e+1,-1.247449375e+1,
-1.570000000e+2,3.779062500e+1,-1.211360000e+1,
-1.599765625e+2,3.740156250e+1,-1.256560000e+1,
-1.600078125e+2,3.820000000e+1,-1.247378750e+1,
-1.579843750e+2,3.719218750e+1,-1.220400000e+1,
-1.600234375e+2,3.779687500e+1,-1.229440000e+1,
-1.560156250e+2,3.779375000e+1,-1.229510625e+1,
-1.590390625e+2,3.800000000e+1,-1.229440000e+1,
-1.589921875e+2,3.720000000e+1,-1.229440000e+1,
-1.600234375e+2,3.759843750e+1,-1.229298750e+1,
-1.609843750e+2,3.700156250e+1,-1.211360000e+1,
-1.589921875e+2,3.780468750e+1,-1.229369375e+1,
-1.600234375e+2,3.742187500e+1,-1.238480000e+1,
-1.590390625e+2,3.700000000e+1,-1.229440000e+1,
-1.560312500e+2,3.820468750e+1,-1.238550625e+1,
-1.569921875e+2,3.759531250e+1,-1.238480000e+1,
-1.590000000e+2,3.721562500e+1,-1.229157500e+1,
-1.580312500e+2,3.821406250e+1,-1.220400000e+1,
-1.569765625e+2,3.800000000e+1,-1.229440000e+1,
-1.599765625e+2,3.759843750e+1,-1.220400000e+1,
-1.589843750e+2,3.780156250e+1,-1.229440000e+1,
-1.590000000e+2,3.780000000e+1,-1.229440000e+1,
-1.589843750e+2,3.800000000e+1,-1.229298750e+1,
-1.580078125e+2,3.759375000e+1,-1.211360000e+1,
-1.610000000e+2,3.720000000e+1,-1.238338750e+1,
-1.580000000e+2,3.759687500e+1,-1.247520000e+1,
-1.570000000e+2,3.779687500e+1,-1.256560000e+1,
-1.630000000e+2,3.800156250e+1,-1.256842500e+1,
-1.580312500e+2,3.760000000e+1,-1.229440000e+1,
-1.560000000e+2,3.780000000e+1,-1.265600000e+1,
-1.590078125e+2,3.760000000e+1,-1.238903750e+1,
-1.560000000e+2,3.800000000e+1,-1.229369375e+1,
-1.589687500e+2,3.759843750e+1,-1.256065625e+1,
-1.590078125e+2,3.799843750e+1,-1.256560000e+1,
-1.570000000e+2,3.740000000e+1,-1.219835000e+1,
-1.580156250e+2,3.781562500e+1,-1.212419375e+1,
-1.590000000e+2,3.840937500e+1,-1.265670625e+1,
-1.600312500e+2,3.818906250e+1,-1.219976250e+1,
-1.619687500e+2,3.720156250e+1,-1.229510625e+1,
-1.570078125e+2,3.798906250e+1,-1.220329375e+1,
-1.610000000e+2,3.760156250e+1,-1.247308125e+1,
-1.570078125e+2,3.800156250e+1,-1.247237500e+1,
-1.599609375e+2,3.780000000e+1,-1.220470625e+1,
-1.590468750e+2,3.799843750e+1,-1.238268125e+1,
-1.560234375e+2,3.800000000e+1,-1.238480000e+1,
-1.569921875e+2,3.740312500e+1,-1.229298750e+1,
-1.570312500e+2,3.759375000e+1,-1.247590625e+1,
-1.600390625e+2,3.759843750e+1,-1.220400000e+1,
-1.600000000e+2,3.740000000e+1,-1.238409375e+1,
-1.599921875e+2,3.740000000e+1,-1.238480000e+1,
-1.579687500e+2,3.720312500e+1,-1.229369375e+1,
-1.570000000e+2,3.820156250e+1,-1.229369375e+1,
-1.570156250e+2,3.760312500e+1,-1.247449375e+1,
-1.580078125e+2,3.819843750e+1,-1.238480000e+1,
-1.570078125e+2,3.779375000e+1,-1.247520000e+1,
-1.589531250e+2,3.760000000e+1,-1.274640000e+1,
-1.610312500e+2,3.800625000e+1,-1.229157500e+1,
-1.570156250e+2,3.839531250e+1,-1.238480000e+1,
-1.599687500e+2,3.780156250e+1,-1.220470625e+1,
-1.589921875e+2,3.799531250e+1,-1.238550625e+1,
-1.600078125e+2,3.799843750e+1,-1.238480000e+1,
-1.589921875e+2,3.780156250e+1,-1.238480000e+1,
-1.590078125e+2,3.800000000e+1,-1.247520000e+1,
-1.590000000e+2,3.759375000e+1,-1.238409375e+1,
-1.590000000e+2,3.760000000e+1,-1.229440000e+1,
-1.580000000e+2,3.819375000e+1,-1.247449375e+1,
-1.579921875e+2,3.780312500e+1,-1.247520000e+1,
-1.569921875e+2,3.740000000e+1,-1.247661250e+1,
-1.599921875e+2,3.800000000e+1,-1.229510625e+1,
-1.600078125e+2,3.739843750e+1,-1.238480000e+1,
-1.620078125e+2,3.780312500e+1,-1.229440000e+1,
-1.580156250e+2,3.740625000e+1,-1.247378750e+1,
-1.589765625e+2,3.700000000e+1,-1.256560000e+1,
-1.590000000e+2,3.741093750e+1,-1.247661250e+1,
-1.570000000e+2,3.800000000e+1,-1.229440000e+1,
-1.600625000e+2,3.759062500e+1,-1.238833125e+1,
-1.619765625e+2,3.740937500e+1,-1.256560000e+1,
-1.590078125e+2,3.780000000e+1,-1.256560000e+1,
-1.609921875e+2,3.779531250e+1,-1.265600000e+1,
-1.570000000e+2,3.819843750e+1,-1.247520000e+1,
-1.580000000e+2,3.760156250e+1,-1.256630625e+1,
-1.570000000e+2,3.760000000e+1,-1.238409375e+1,
-1.580000000e+2,3.759843750e+1,-1.229440000e+1,
-1.570078125e+2,3.760000000e+1,-1.220329375e+1,
-1.589531250e+2,3.779843750e+1,-1.256560000e+1,
-1.610234375e+2,3.761250000e+1,-1.247590625e+1,
-1.579843750e+2,3.739843750e+1,-1.247590625e+1,
-1.600156250e+2,3.800000000e+1,-1.229369375e+1,
-1.589843750e+2,3.719843750e+1,-1.220470625e+1,
-1.600000000e+2,3.800468750e+1,-1.247449375e+1,
-1.590078125e+2,3.780000000e+1,-1.247520000e+1,
-1.599921875e+2,3.780156250e+1,-1.247590625e+1,
-1.580234375e+2,3.740000000e+1,-1.238550625e+1,
-1.589687500e+2,3.759687500e+1,-1.238480000e+1,
-1.600000000e+2,3.739687500e+1,-1.238621250e+1,
-1.600078125e+2,3.719843750e+1,-1.238338750e+1,
-1.590156250e+2,3.740156250e+1,-1.202320000e+1,
-1.589687500e+2,3.780156250e+1,-1.229440000e+1,
-1.610156250e+2,3.780625000e+1,-1.229086875e+1,
-1.579531250e+2,3.740000000e+1,-1.265670625e+1,
-1.580312500e+2,3.740000000e+1,-1.220329375e+1,
-1.589921875e+2,3.800781250e+1,-1.256630625e+1,
-1.580156250e+2,3.799687500e+1,-1.238621250e+1,
-1.600000000e+2,3.720000000e+1,-1.220470625e+1,
-1.570000000e+2,3.800156250e+1,-1.238621250e+1,
-1.590000000e+2,3.761875000e+1,-1.247731875e+1,
-1.589921875e+2,3.759843750e+1,-1.238480000e+1,
-1.580000000e+2,3.760000000e+1,-1.265600000e+1,
-1.570000000e+2,3.759843750e+1,-1.238833125e+1,
-1.590156250e+2,3.740000000e+1,-1.238480000e+1,
-1.600000000e+2,3.780937500e+1,-1.247520000e+1,
-1.600312500e+2,3.822031250e+1,-1.238409375e+1,
-1.580078125e+2,3.680468750e+1,-1.247520000e+1,
-1.610156250e+2,3.760781250e+1,-1.238550625e+1,
-1.589765625e+2,3.780156250e+1,-1.265670625e+1,
-1.590000000e+2,3.799843750e+1,-1.255995000e+1,
-1.579843750e+2,3.779843750e+1,-1.229298750e+1,
-1.569921875e+2,3.779687500e+1,-1.238480000e+1,
-1.560000000e+2,3.740000000e+1,-1.229369375e+1,
-1.560156250e+2,3.760000000e+1,-1.265670625e+1,
-1.589921875e+2,3.719531250e+1,-1.238762500e+1,
-1.589921875e+2,3.739687500e+1,-1.238480000e+1,
-1.610078125e+2,3.799687500e+1,-1.238480000e+1,
-1.580390625e+2,3.820000000e+1,-1.229510625e+1,
-1.589609375e+2,3.820312500e+1,-1.220400000e+1,
-1.610000000e+2,3.799843750e+1,-1.229440000e+1,
-1.589531250e+2,3.820000000e+1,-1.229369375e+1,
-1.590546875e+2,3.780156250e+1,-1.247661250e+1,
-1.629453125e+2,3.760000000e+1,-1.229440000e+1,
-1.559609375e+2,3.719218750e+1,-1.256489375e+1,
-1.610859375e+2,3.719531250e+1,-1.256771875e+1,
-1.609375000e+2,3.838906250e+1,-1.247590625e+1,
-1.570000000e+2,3.779687500e+1,-1.247520000e+1,
-1.599765625e+2,3.780000000e+1,-1.247661250e+1,
-1.590000000e+2,3.740000000e+1,-1.220258750e+1,
-1.610000000e+2,3.801250000e+1,-1.229510625e+1,
-1.600234375e+2,3.819375000e+1,-1.229440000e+1,
-1.580468750e+2,3.760000000e+1,-1.256560000e+1,
-1.549921875e+2,3.798750000e+1,-1.229581250e+1,
-1.580234375e+2,3.780000000e+1,-1.247308125e+1,
-1.569843750e+2,3.740156250e+1,-1.238480000e+1,
-1.580078125e+2,3.739843750e+1,-1.220400000e+1,
-1.590078125e+2,3.719843750e+1,-1.238338750e+1,
-1.600000000e+2,3.779062500e+1,-1.247520000e+1,
-1.569921875e+2,3.840468750e+1,-1.247520000e+1,
-1.570000000e+2,3.760781250e+1,-1.238621250e+1,
-1.560156250e+2,3.760000000e+1,-1.229298750e+1,
-1.600000000e+2,3.739843750e+1,-1.247520000e+1,
-1.600000000e+2,3.800625000e+1,-1.229510625e+1,
-1.560000000e+2,3.799843750e+1,-1.238197500e+1,
-1.580156250e+2,3.780000000e+1,-1.256560000e+1,
-1.590000000e+2,3.759687500e+1,-1.229793125e+1,
-1.590000000e+2,3.799843750e+1,-1.238338750e+1,
-1.600000000e+2,3.800156250e+1,-1.247590625e+1,
-1.599921875e+2,3.738750000e+1,-1.247308125e+1,
-1.559609375e+2,3.720937500e+1,-1.229440000e+1,
-1.540234375e+2,3.800156250e+1,-1.256489375e+1,
-1.580234375e+2,3.780000000e+1,-1.238480000e+1,
-1.589765625e+2,3.800000000e+1,-1.283680000e+1,
-1.610078125e+2,3.760000000e+1,-1.230075625e+1,
-1.590078125e+2,3.760000000e+1,-1.229440000e+1,
-1.600000000e+2,3.740468750e+1,-1.229440000e+1,
-1.571093750e+2,3.820000000e+1,-1.229440000e+1,
-1.559296875e+2,3.741093750e+1,-1.229440000e+1,
-1.590078125e+2,3.739062500e+1,-1.229440000e+1,
-1.570000000e+2,3.779531250e+1,-1.229440000e+1,
-1.590000000e+2,3.780625000e+1,-1.229440000e+1,
-1.570000000e+2,3.699531250e+1,-1.229510625e+1,
-1.590078125e+2,3.740781250e+1,-1.238480000e+1,
-1.590078125e+2,3.820000000e+1,-1.238480000e+1,
-1.610000000e+2,3.820781250e+1,-1.256560000e+1,
-1.590000000e+2,3.740156250e+1,-1.211571875e+1,
-1.580312500e+2,3.799687500e+1,-1.247520000e+1,
-1.569765625e+2,3.820000000e+1,-1.229157500e+1,
-1.600000000e+2,3.777500000e+1,-1.229581250e+1,
-1.570000000e+2,3.699843750e+1,-1.238550625e+1,
-1.609687500e+2,3.781250000e+1,-1.238691875e+1,
-1.590625000e+2,3.800156250e+1,-1.265600000e+1,
-1.570234375e+2,3.740000000e+1,-1.229440000e+1,
-1.600234375e+2,3.800000000e+1,-1.220470625e+1,
-1.590000000e+2,3.759843750e+1,-1.220470625e+1,
-1.589921875e+2,3.800156250e+1,-1.229440000e+1,
-1.570000000e+2,3.780000000e+1,-1.238691875e+1,
-1.579921875e+2,3.779375000e+1,-1.256277500e+1,
-1.600000000e+2,3.720312500e+1,-1.220470625e+1,
-1.579921875e+2,3.759687500e+1,-1.247520000e+1,
-1.570078125e+2,3.739687500e+1,-1.229440000e+1,
-1.559921875e+2,3.740000000e+1,-1.238480000e+1,
-1.600000000e+2,3.760156250e+1,-1.229510625e+1,
-1.600000000e+2,3.799843750e+1,-1.229369375e+1,
-1.599843750e+2,3.760156250e+1,-1.211430625e+1,
-1.610000000e+2,3.759531250e+1,-1.229581250e+1,
-1.590078125e+2,3.800000000e+1,-1.238480000e+1,
-1.589921875e+2,3.800468750e+1,-1.238550625e+1,
-1.560000000e+2,3.840000000e+1,-1.247520000e+1,
-1.590156250e+2,3.778593750e+1,-1.238338750e+1,
-1.590000000e+2,3.740000000e+1,-1.238480000e+1,
-1.590000000e+2,3.759531250e+1,-1.247449375e+1,
-1.600078125e+2,3.780000000e+1,-1.247449375e+1,
-1.610000000e+2,3.779531250e+1,-1.229440000e+1,
-1.600312500e+2,3.740000000e+1,-1.229440000e+1,
-1.580000000e+2,3.800000000e+1,-1.247449375e+1,
-1.610000000e+2,3.819687500e+1,-1.211360000e+1,
-1.570546875e+2,3.800000000e+1,-1.238480000e+1,
-1.569531250e+2,3.800781250e+1,-1.247449375e+1,
-1.600000000e+2,3.740000000e+1,-1.256489375e+1,
-1.579843750e+2,3.720468750e+1,-1.220470625e+1,
-1.610781250e+2,3.780156250e+1,-1.238691875e+1,
-1.639765625e+2,3.758437500e+1,-1.238480000e+1,
-1.589531250e+2,3.680625000e+1,-1.238550625e+1,
-1.590156250e+2,3.800156250e+1,-1.220400000e+1,
-1.580000000e+2,3.700000000e+1,-1.238762500e+1,
-1.590078125e+2,3.780625000e+1,-1.247520000e+1,
-1.580000000e+2,3.759843750e+1,-1.229298750e+1,
-1.600078125e+2,3.761250000e+1,-1.229722500e+1,
-1.569921875e+2,3.799687500e+1,-1.247661250e+1,
-1.610078125e+2,3.720000000e+1,-1.256560000e+1,
-1.570078125e+2,3.697343750e+1,-1.238480000e+1,
-1.610234375e+2,3.799843750e+1,-1.256560000e+1,
-1.590000000e+2,3.699687500e+1,-1.238409375e+1,
-1.609843750e+2,3.740000000e+1,-1.229440000e+1,
-1.549921875e+2,3.760156250e+1,-1.229369375e+1,
-1.579843750e+2,3.800000000e+1,-1.247520000e+1,
-1.590000000e+2,3.780625000e+1,-1.238268125e+1,
-1.580000000e+2,3.719687500e+1,-1.211360000e+1,
-1.600000000e+2,3.779531250e+1,-1.220329375e+1,
-1.590078125e+2,3.740156250e+1,-1.220400000e+1,
-1.579921875e+2,3.720312500e+1,-1.229369375e+1,
-1.610000000e+2,3.760000000e+1,-1.247731875e+1,
-1.580078125e+2,3.739843750e+1,-1.229369375e+1,
-1.589843750e+2,3.798906250e+1,-1.265529375e+1,
-1.590078125e+2,3.779843750e+1,-1.229440000e+1,
-1.580000000e+2,3.760000000e+1,-1.220258750e+1,
-1.580234375e+2,3.779531250e+1,-1.211925000e+1,
-1.600000000e+2,3.718906250e+1,-1.247449375e+1,
-1.579921875e+2,3.740468750e+1,-1.220400000e+1,
-1.590078125e+2,3.800156250e+1,-1.256842500e+1,
-1.589921875e+2,3.801093750e+1,-1.239045000e+1,
-1.610078125e+2,3.780000000e+1,-1.220258750e+1,
-1.580078125e+2,3.800000000e+1,-1.247731875e+1,
-1.589921875e+2,3.800000000e+1,-1.238550625e+1,
-1.589765625e+2,3.820156250e+1,-1.229369375e+1,
-1.610156250e+2,3.760000000e+1,-1.247520000e+1,
-1.580390625e+2,3.759843750e+1,-1.238762500e+1,
-1.590234375e+2,3.740625000e+1,-1.229369375e+1,
-1.590078125e+2,3.740000000e+1,-1.247590625e+1,
-1.600078125e+2,3.760000000e+1,-1.238621250e+1,
-1.599843750e+2,3.760000000e+1,-1.211360000e+1,
-1.590078125e+2,3.759843750e+1,-1.238762500e+1,
-1.600000000e+2,3.739687500e+1,-1.247520000e+1,
-1.579921875e+2,3.738750000e+1,-1.238762500e+1,
-1.579921875e+2,3.779843750e+1,-1.238621250e+1,
-1.580156250e+2,3.759843750e+1,-1.265600000e+1,
-1.579609375e+2,3.759843750e+1,-1.238480000e+1,
-1.619921875e+2,3.740000000e+1,-1.247802500e+1,
-1.600312500e+2,3.780468750e+1,-1.247449375e+1,
-1.590546875e+2,3.780156250e+1,-1.229510625e+1,
-1.560000000e+2,3.740156250e+1,-1.238550625e+1,
-1.590468750e+2,3.760156250e+1,-1.247520000e+1,
-1.609765625e+2,3.800156250e+1,-1.238480000e+1,
-1.579921875e+2,3.780000000e+1,-1.229440000e+1,
-1.600078125e+2,3.740937500e+1,-1.238480000e+1,
-1.600000000e+2,3.840000000e+1,-1.229440000e+1,
-1.609921875e+2,3.721875000e+1,-1.211430625e+1,
-1.569921875e+2,3.759843750e+1,-1.220541250e+1,
-1.580000000e+2,3.760000000e+1,-1.238338750e+1,
-1.570000000e+2,3.799687500e+1,-1.256560000e+1,
-1.580156250e+2,3.839531250e+1,-1.247520000e+1,
-1.609843750e+2,3.738906250e+1,-1.247520000e+1,
-1.620078125e+2,3.759062500e+1,-1.265670625e+1,
-1.600078125e+2,3.821093750e+1,-1.238833125e+1,
-1.600000000e+2,3.759687500e+1,-1.238550625e+1,
-1.590000000e+2,3.779687500e+1,-1.229510625e+1,
-1.580234375e+2,3.720312500e+1,-1.256983750e+1,
-1.599843750e+2,3.801250000e+1,-1.256348125e+1,
-1.570078125e+2,3.738906250e+1,-1.238480000e+1,
-1.620078125e+2,3.699375000e+1,-1.247449375e+1,
-1.580000000e+2,3.800625000e+1,-1.220400000e+1,
-1.600000000e+2,3.820000000e+1,-1.247378750e+1,
-1.600000000e+2,3.800000000e+1,-1.265458750e+1,
-1.600156250e+2,3.779843750e+1,-1.247520000e+1,
-1.570390625e+2,3.780000000e+1,-1.256489375e+1,
-1.569609375e+2,3.800312500e+1,-1.265600000e+1,
-1.600000000e+2,3.740156250e+1,-1.229510625e+1,
-1.589921875e+2,3.799843750e+1,-1.247378750e+1,
-1.610625000e+2,3.780156250e+1,-1.274640000e+1,
-1.629375000e+2,3.739843750e+1,-1.247449375e+1,
-1.569375000e+2,3.760468750e+1,-1.256630625e+1,
-1.590625000e+2,3.760000000e+1,-1.238480000e+1,
-1.610000000e+2,3.680000000e+1,-1.256348125e+1,
-1.590468750e+2,3.739687500e+1,-1.256630625e+1,
-1.580078125e+2,3.760312500e+1,-1.238480000e+1,
-1.580000000e+2,3.740156250e+1,-1.220470625e+1,
-1.590078125e+2,3.780000000e+1,-1.247731875e+1,
-1.589843750e+2,3.739843750e+1,-1.265600000e+1,
-1.610156250e+2,3.740312500e+1,-1.220400000e+1,
-1.580468750e+2,3.819843750e+1,-1.229228125e+1,
-1.590312500e+2,3.760000000e+1,-1.238409375e+1,
-1.589843750e+2,3.780000000e+1,-1.256701250e+1,
-1.580000000e+2,3.739531250e+1,-1.247378750e+1,
-1.590156250e+2,3.760312500e+1,-1.220470625e+1,
-1.600078125e+2,3.820000000e+1,-1.229722500e+1,
-1.600000000e+2,3.819843750e+1,-1.247590625e+1,
-1.600000000e+2,3.800468750e+1,-1.238480000e+1,
-1.569921875e+2,3.780156250e+1,-1.256560000e+1,
-1.590000000e+2,3.760156250e+1,-1.247520000e+1,
-1.610000000e+2,3.780000000e+1,-1.229369375e+1,
-1.599921875e+2,3.740000000e+1,-1.247520000e+1,
-1.590000000e+2,3.760312500e+1,-1.229440000e+1,
-1.580234375e+2,3.741718750e+1,-1.256065625e+1,
-1.570078125e+2,3.679843750e+1,-1.238480000e+1,
-1.590000000e+2,3.740312500e+1,-1.220611875e+1,
-1.580078125e+2,3.739843750e+1,-1.256701250e+1,
-1.600234375e+2,3.760156250e+1,-1.246955000e+1,
-1.589531250e+2,3.800625000e+1,-1.229651875e+1,
-1.580156250e+2,3.799531250e+1,-1.256560000e+1,
-1.630000000e+2,3.779843750e+1,-1.238480000e+1,
-1.559843750e+2,3.800000000e+1,-1.265600000e+1,
-1.579843750e+2,3.799687500e+1,-1.238833125e+1,
-1.600156250e+2,3.760156250e+1,-1.238409375e+1,
-1.580000000e+2,3.759843750e+1,-1.265670625e+1,
-1.599921875e+2,3.800156250e+1,-1.247661250e+1,
-1.580390625e+2,3.801250000e+1,-1.220400000e+1,
-1.570156250e+2,3.720468750e+1,-1.229581250e+1,
-1.590625000e+2,3.779531250e+1,-1.229440000e+1,
-1.609921875e+2,3.820000000e+1,-1.238268125e+1,
-1.589609375e+2,3.780000000e+1,-1.256560000e+1,
-1.590390625e+2,3.799531250e+1,-1.247520000e+1,
-1.610078125e+2,3.740000000e+1,-1.256418750e+1,
-1.599921875e+2,3.800937500e+1,-1.256630625e+1,
-1.600078125e+2,3.720000000e+1,-1.247520000e+1,
-1.580234375e+2,3.800000000e+1,-1.238550625e+1,
-1.580000000e+2,3.759843750e+1,-1.229722500e+1,
-1.589921875e+2,3.779843750e+1,-1.256560000e+1,
-1.610234375e+2,3.760312500e+1,-1.229440000e+1,
-1.570390625e+2,3.839843750e+1,-1.247520000e+1,
-1.579609375e+2,3.803125000e+1,-1.256701250e+1,
-1.590000000e+2,3.740000000e+1,-1.238550625e+1,
-1.579843750e+2,3.739843750e+1,-1.238480000e+1,
-1.580000000e+2,3.780000000e+1,-1.220470625e+1,
-1.590156250e+2,3.759531250e+1,-1.247449375e+1,
-1.620000000e+2,3.739843750e+1,-1.238480000e+1,
-1.589921875e+2,3.760156250e+1,-1.247520000e+1,
-1.590156250e+2,3.739687500e+1,-1.238409375e+1,
-1.630000000e+2,3.799531250e+1,-1.247661250e+1,
-1.590000000e+2,3.800156250e+1,-1.220400000e+1,
-1.610000000e+2,3.759531250e+1,-1.247449375e+1,
-1.590000000e+2,3.739843750e+1,-1.238480000e+1,
-1.590000000e+2,3.740000000e+1,-1.256560000e+1,
-1.590000000e+2,3.798593750e+1,-1.229651875e+1,
-1.590078125e+2,3.800156250e+1,-1.247308125e+1,
-1.580000000e+2,3.760312500e+1,-1.247590625e+1,
-1.600156250e+2,3.720000000e+1,-1.238126875e+1,
-1.599921875e+2,3.760937500e+1,-1.202320000e+1,
-1.600156250e+2,3.779843750e+1,-1.247731875e+1,
-1.599765625e+2,3.740000000e+1,-1.238480000e+1,
-1.569843750e+2,3.779531250e+1,-1.256560000e+1,
-1.609531250e+2,3.840000000e+1,-1.247731875e+1,
-1.600234375e+2,3.760312500e+1,-1.238480000e+1,
-1.590468750e+2,3.760468750e+1,-1.229510625e+1,
-1.560000000e+2,3.800000000e+1,-1.247449375e+1,
-1.598671875e+2,3.780312500e+1,-1.238480000e+1,
-1.629843750e+2,3.779062500e+1,-1.229581250e+1,
-1.619843750e+2,3.800312500e+1,-1.211430625e+1,
-1.589843750e+2,3.740000000e+1,-1.229298750e+1,
-1.570078125e+2,3.780312500e+1,-1.247661250e+1,
-1.610156250e+2,3.759687500e+1,-1.256630625e+1,
-1.599531250e+2,3.760000000e+1,-1.238480000e+1,
-1.570078125e+2,3.760156250e+1,-1.247520000e+1,
-1.620000000e+2,3.739062500e+1,-1.247378750e+1,
-1.580312500e+2,3.779843750e+1,-1.256560000e+1,
-1.609609375e+2,3.760000000e+1,-1.238409375e+1,
-1.610156250e+2,3.800312500e+1,-1.247802500e+1,
-1.580000000e+2,3.758906250e+1,-1.247449375e+1,
-1.599687500e+2,3.760468750e+1,-1.220470625e+1,
-1.590468750e+2,3.780000000e+1,-1.247520000e+1,
-1.560078125e+2,3.739843750e+1,-1.238480000e+1,
-1.580000000e+2,3.760000000e+1,-1.211501250e+1,
-1.560078125e+2,3.779843750e+1,-1.238621250e+1,
-1.590234375e+2,3.759687500e+1,-1.220400000e+1,
-1.579921875e+2,3.760000000e+1,-1.220682500e+1,
-1.569921875e+2,3.780000000e+1,-1.238268125e+1,
-1.600000000e+2,3.779843750e+1,-1.211289375e+1,
-1.590000000e+2,3.799687500e+1,-1.256560000e+1,
-1.600078125e+2,3.819843750e+1,-1.229298750e+1,
-1.580078125e+2,3.799843750e+1,-1.220400000e+1,
-1.590000000e+2,3.799843750e+1,-1.238409375e+1,
-1.610000000e+2,3.779531250e+1,-1.238480000e+1,
-1.590078125e+2,3.720156250e+1,-1.238691875e+1,
-1.610000000e+2,3.739531250e+1,-1.229510625e+1,
-1.600078125e+2,3.759843750e+1,-1.256842500e+1,
-1.599921875e+2,3.780937500e+1,-1.256560000e+1,
-1.579843750e+2,3.819531250e+1,-1.247590625e+1,
-1.590234375e+2,3.739218750e+1,-1.265811875e+1,
-1.630000000e+2,3.780937500e+1,-1.256630625e+1,
-1.590000000e+2,3.820781250e+1,-1.247590625e+1,
-1.570078125e+2,3.800000000e+1,-1.238480000e+1,
-1.600000000e+2,3.839687500e+1,-1.238480000e+1,
-1.570000000e+2,3.719531250e+1,-1.238480000e+1,
-1.609921875e+2,3.740000000e+1,-1.247449375e+1,
-1.590468750e+2,3.820468750e+1,-1.220400000e+1,
-1.579843750e+2,3.780156250e+1,-1.247520000e+1,
-1.599843750e+2,3.760156250e+1,-1.247520000e+1,
-1.600000000e+2,3.760000000e+1,-1.256560000e+1,
-1.599843750e+2,3.780000000e+1,-1.238621250e+1,
-1.590234375e+2,3.780000000e+1,-1.229581250e+1,
-1.620234375e+2,3.800312500e+1,-1.238480000e+1,
-1.609765625e+2,3.799687500e+1,-1.229369375e+1,
-1.599843750e+2,3.740781250e+1,-1.256560000e+1,
-1.589687500e+2,3.740000000e+1,-1.229298750e+1,
-1.620234375e+2,3.760312500e+1,-1.247661250e+1,
-1.580078125e+2,3.800000000e+1,-1.256560000e+1,
-1.610078125e+2,3.779531250e+1,-1.247237500e+1,
-1.570312500e+2,3.780156250e+1,-1.238550625e+1,
-1.579687500e+2,3.780000000e+1,-1.256560000e+1,
-1.590234375e+2,3.760937500e+1,-1.265529375e+1,
-1.580390625e+2,3.740156250e+1,-1.238480000e+1,
-1.620000000e+2,3.780156250e+1,-1.247520000e+1,
-1.569687500e+2,3.780000000e+1,-1.238409375e+1,
-1.570000000e+2,3.740156250e+1,-1.238480000e+1,
-1.570000000e+2,3.780000000e+1,-1.238409375e+1,
-1.580000000e+2,3.740000000e+1,-1.256560000e+1,
-1.610000000e+2,3.779531250e+1,-1.256560000e+1,
-1.600078125e+2,3.760312500e+1,-1.283821250e+1,
-1.590078125e+2,3.740000000e+1,-1.238480000e+1,
-1.589921875e+2,3.740000000e+1,-1.247449375e+1,
-1.610078125e+2,3.780000000e+1,-1.256630625e+1,
-1.590000000e+2,3.820000000e+1,-1.238550625e+1,
-1.610078125e+2,3.780312500e+1,-1.238550625e+1,
-1.570156250e+2,3.779843750e+1,-1.229440000e+1,
-1.580000000e+2,3.760000000e+1,-1.238409375e+1,
-1.620000000e+2,3.800781250e+1,-1.229863750e+1,
-1.579609375e+2,3.778437500e+1,-1.256560000e+1,
-1.580390625e+2,3.740156250e+1,-1.229228125e+1,
-1.610000000e+2,3.800312500e+1,-1.247873125e+1,
-1.580078125e+2,3.781875000e+1,-1.256842500e+1,
-1.590000000e+2,3.759843750e+1,-1.229581250e+1,
-1.579921875e+2,3.800312500e+1,-1.238550625e+1,
-1.609687500e+2,3.799843750e+1,-1.238409375e+1,
-1.610234375e+2,3.780156250e+1,-1.256701250e+1,
-1.590703125e+2,3.760000000e+1,-1.220400000e+1,
-1.569140625e+2,3.780000000e+1,-1.229086875e+1,
-1.620000000e+2,3.759687500e+1,-1.238621250e+1,
-1.580000000e+2,3.800000000e+1,-1.220400000e+1,
-1.630390625e+2,3.759687500e+1,-1.238409375e+1,
-1.619531250e+2,3.740000000e+1,-1.238480000e+1,
-1.599921875e+2,3.720156250e+1,-1.256630625e+1,
-1.610390625e+2,3.780468750e+1,-1.247590625e+1,
-1.619921875e+2,3.781093750e+1,-1.247590625e+1,
-1.590312500e+2,3.779843750e+1,-1.238480000e+1,
-1.589921875e+2,3.819843750e+1,-1.238480000e+1,
-1.599609375e+2,3.739375000e+1,-1.238480000e+1,
-1.620156250e+2,3.740312500e+1,-1.229440000e+1,
-1.580234375e+2,3.760468750e+1,-1.238550625e+1,
-1.590000000e+2,3.780156250e+1,-1.247590625e+1,
-1.569843750e+2,3.720312500e+1,-1.247590625e+1,
-1.580234375e+2,3.740156250e+1,-1.256560000e+1,
-1.600078125e+2,3.780312500e+1,-1.247520000e+1,
-1.589765625e+2,3.800000000e+1,-1.238550625e+1,
-1.570000000e+2,3.759843750e+1,-1.256701250e+1,
-1.580000000e+2,3.800000000e+1,-1.274640000e+1,
-1.570078125e+2,3.801562500e+1,-1.256842500e+1,
-1.600156250e+2,3.740156250e+1,-1.211289375e+1,
-1.600000000e+2,3.740000000e+1,-1.238197500e+1,
-1.600000000e+2,3.720000000e+1,-1.238480000e+1,
-1.600156250e+2,3.740468750e+1,-1.238480000e+1,
-1.630078125e+2,3.779531250e+1,-1.229440000e+1,
-1.590078125e+2,3.720000000e+1,-1.238409375e+1,
-1.620000000e+2,3.779062500e+1,-1.238762500e+1,
-1.590000000e+2,3.739531250e+1,-1.229440000e+1,
-1.620000000e+2,3.760468750e+1,-1.247590625e+1,
-1.610000000e+2,3.779687500e+1,-1.247308125e+1,
-1.609687500e+2,3.739843750e+1,-1.229228125e+1,
-1.570156250e+2,3.760000000e+1,-1.211360000e+1,
-1.620078125e+2,3.740000000e+1,-1.238691875e+1,
-1.580000000e+2,3.780468750e+1,-1.256560000e+1,
-1.600000000e+2,3.800000000e+1,-1.274640000e+1,
-1.620000000e+2,3.760000000e+1,-1.265458750e+1,
-1.590078125e+2,3.760156250e+1,-1.247520000e+1,
-1.600156250e+2,3.759843750e+1,-1.247520000e+1,
-1.579921875e+2,3.740312500e+1,-1.256560000e+1,
-1.619687500e+2,3.680468750e+1,-1.247590625e+1,
-1.619609375e+2,3.699687500e+1,-1.238480000e+1,
-1.599843750e+2,3.739687500e+1,-1.256560000e+1,
-1.610625000e+2,3.779531250e+1,-1.229440000e+1,
-1.629687500e+2,3.719843750e+1,-1.256560000e+1,
-1.589843750e+2,3.760000000e+1,-1.229440000e+1,
-1.610078125e+2,3.720000000e+1,-1.247308125e+1,
-1.599687500e+2,3.759687500e+1,-1.247590625e+1,
-1.639531250e+2,3.780000000e+1,-1.238480000e+1,
-1.630156250e+2,3.779687500e+1,-1.238621250e+1,
-1.610000000e+2,3.760312500e+1,-1.247520000e+1,
-1.610078125e+2,3.800000000e+1,-1.229440000e+1,
-1.590078125e+2,3.779843750e+1,-1.238480000e+1,
-1.599765625e+2,3.780937500e+1,-1.238691875e+1,
-1.589609375e+2,3.720000000e+1,-1.229369375e+1,
-1.580312500e+2,3.800000000e+1,-1.256489375e+1,
-1.610234375e+2,3.739375000e+1,-1.229440000e+1,
-1.599765625e+2,3.780312500e+1,-1.256630625e+1,
-1.590000000e+2,3.820000000e+1,-1.211289375e+1,
-1.600078125e+2,3.799843750e+1,-1.247661250e+1,
-1.610000000e+2,3.781250000e+1,-1.238480000e+1,
-1.620156250e+2,3.740000000e+1,-1.256560000e+1,
-1.610000000e+2,3.780625000e+1,-1.238480000e+1,
-1.570000000e+2,3.819843750e+1,-1.247308125e+1,
-1.590078125e+2,3.760000000e+1,-1.247520000e+1,
-1.580000000e+2,3.760156250e+1,-1.229440000e+1,
-1.600000000e+2,3.759687500e+1,-1.238409375e+1,
-1.590078125e+2,3.760468750e+1,-1.238480000e+1,
-1.610156250e+2,3.700000000e+1,-1.256489375e+1,
-1.589609375e+2,3.781093750e+1,-1.238550625e+1,
-1.570000000e+2,3.779531250e+1,-1.265670625e+1,
-1.580234375e+2,3.780625000e+1,-1.238268125e+1,
-1.580000000e+2,3.800000000e+1,-1.247590625e+1,
-1.580000000e+2,3.780468750e+1,-1.220470625e+1,
-1.560078125e+2,3.780000000e+1,-1.238550625e+1,
-1.589921875e+2,3.759843750e+1,-1.238621250e+1,
-1.579921875e+2,3.760000000e+1,-1.229440000e+1,
-1.620000000e+2,3.760000000e+1,-1.238550625e+1,
-1.590859375e+2,3.740156250e+1,-1.238338750e+1,
-1.569843750e+2,3.820156250e+1,-1.265811875e+1,
-1.600781250e+2,3.740312500e+1,-1.220329375e+1,
-1.609531250e+2,3.800000000e+1,-1.247520000e+1,
-1.569843750e+2,3.720312500e+1,-1.220823750e+1,
-1.580234375e+2,3.720000000e+1,-1.229440000e+1,
-1.580234375e+2,3.740156250e+1,-1.265600000e+1,
-1.600156250e+2,3.759843750e+1,-1.238409375e+1,
-1.589765625e+2,3.780312500e+1,-1.274569375e+1,
-1.580000000e+2,3.739687500e+1,-1.238480000e+1,
-1.589921875e+2,3.720000000e+1,-1.247520000e+1,
-1.590000000e+2,3.720156250e+1,-1.247520000e+1,
-1.589921875e+2,3.780937500e+1,-1.247590625e+1,
-1.610546875e+2,3.779375000e+1,-1.247520000e+1,
-1.550156250e+2,3.720000000e+1,-1.229440000e+1,
-1.599140625e+2,3.760937500e+1,-1.256489375e+1,
-1.599609375e+2,3.680000000e+1,-1.238621250e+1,
-1.579921875e+2,3.719687500e+1,-1.238480000e+1,
-1.590234375e+2,3.739843750e+1,-1.220258750e+1,
-1.589921875e+2,3.699687500e+1,-1.220188125e+1,
-1.560000000e+2,3.739218750e+1,-1.238480000e+1,
-1.580078125e+2,3.780625000e+1,-1.211360000e+1,
-1.579921875e+2,3.700468750e+1,-1.238197500e+1,
-1.560000000e+2,3.719843750e+1,-1.247731875e+1,
-1.580000000e+2,3.699843750e+1,-1.238480000e+1,
-1.590000000e+2,3.760156250e+1,-1.265670625e+1,
-1.570000000e+2,3.719843750e+1,-1.229722500e+1,
-1.590000000e+2,3.720000000e+1,-1.220400000e+1,
-1.570078125e+2,3.760625000e+1,-1.211571875e+1,
-1.570000000e+2,3.719843750e+1,-1.211218750e+1,
-1.580000000e+2,3.780000000e+1,-1.238550625e+1,
-1.610078125e+2,3.719062500e+1,-1.229369375e+1,
-1.579609375e+2,3.741250000e+1,-1.229440000e+1,
-1.560234375e+2,3.779687500e+1,-1.220329375e+1,
-1.580000000e+2,3.680000000e+1,-1.211360000e+1,
-1.550234375e+2,3.739687500e+1,-1.220400000e+1,
-1.569375000e+2,3.740000000e+1,-1.238268125e+1,
-1.580390625e+2,3.700000000e+1,-1.238480000e+1,
-1.540703125e+2,3.740468750e+1,-1.211360000e+1,
-1.548828125e+2,3.739687500e+1,-1.238338750e+1,
-1.589765625e+2,3.679687500e+1,-1.211360000e+1,
-1.570781250e+2,3.758281250e+1,-1.202249375e+1,
-1.560156250e+2,3.740937500e+1,-1.220117500e+1,
-1.570000000e+2,3.679687500e+1,-1.229440000e+1,
-1.560078125e+2,3.760156250e+1,-1.220329375e+1,
-1.580078125e+2,3.719843750e+1,-1.220400000e+1,
-1.579921875e+2,3.760000000e+1,-1.229440000e+1,
-1.569921875e+2,3.720000000e+1,-1.220400000e+1,
-1.560000000e+2,3.740000000e+1,-1.211360000e+1,
-1.569609375e+2,3.700156250e+1,-1.220400000e+1,
-1.580156250e+2,3.680000000e+1,-1.220258750e+1,
-1.550156250e+2,3.680000000e+1,-1.202037500e+1,
-1.549765625e+2,3.679843750e+1,-1.202461250e+1,
-1.589375000e+2,3.680156250e+1,-1.238480000e+1,
-1.600625000e+2,3.699843750e+1,-1.202320000e+1,
-1.539609375e+2,3.699843750e+1,-1.211360000e+1,
-1.550312500e+2,3.680000000e+1,-1.202320000e+1,
-1.550000000e+2,3.741250000e+1,-1.202178750e+1,
-1.550078125e+2,3.759531250e+1,-1.193280000e+1,
-1.570156250e+2,3.700000000e+1,-1.229581250e+1,
-1.580078125e+2,3.719687500e+1,-1.211077500e+1,
-1.560000000e+2,3.660156250e+1,-1.211218750e+1,
-1.590078125e+2,3.719531250e+1,-1.211360000e+1,
-1.580078125e+2,3.699531250e+1,-1.193350625e+1,
-1.580078125e+2,3.700312500e+1,-1.220400000e+1,
-1.570000000e+2,3.719843750e+1,-1.202390625e+1,
-1.590078125e+2,3.679375000e+1,-1.211289375e+1,
-1.550156250e+2,3.659843750e+1,-1.184451875e+1,
-1.570000000e+2,3.719687500e+1,-1.202461250e+1,
-1.550078125e+2,3.679531250e+1,-1.211501250e+1,
-1.550078125e+2,3.680000000e+1,-1.220400000e+1,
-1.570078125e+2,3.680312500e+1,-1.211077500e+1,
-1.560000000e+2,3.699375000e+1,-1.184240000e+1,
-1.560078125e+2,3.639687500e+1,-1.211218750e+1,
-1.540000000e+2,3.678750000e+1,-1.220541250e+1,
-1.570078125e+2,3.700000000e+1,-1.193138750e+1,
-1.560078125e+2,3.699687500e+1,-1.184240000e+1,
-1.550078125e+2,3.680000000e+1,-1.202320000e+1,
-1.540078125e+2,3.700000000e+1,-1.193350625e+1,
-1.540078125e+2,3.679062500e+1,-1.211360000e+1,
-1.530078125e+2,3.640000000e+1,-1.229440000e+1,
-1.539765625e+2,3.680781250e+1,-1.220541250e+1,
-1.549843750e+2,3.620000000e+1,-1.202178750e+1,
-1.540234375e+2,3.660156250e+1,-1.184451875e+1,
-1.570234375e+2,3.640000000e+1,-1.157473125e+1,
-1.549453125e+2,3.660000000e+1,-1.211430625e+1,
-1.530312500e+2,3.660156250e+1,-1.175200000e+1,
-1.560078125e+2,3.699531250e+1,-1.211289375e+1,
-1.530390625e+2,3.680000000e+1,-1.193138750e+1,
-1.529843750e+2,3.680468750e+1,-1.211501250e+1,
-1.539921875e+2,3.699687500e+1,-1.220470625e+1,
-1.550000000e+2,3.618750000e+1,-1.219905625e+1,
-1.540000000e+2,3.641093750e+1,-1.193209375e+1,
-1.549921875e+2,3.660000000e+1,-1.202320000e+1,
-1.540546875e+2,3.640156250e+1,-1.184310625e+1,
-1.520156250e+2,3.639843750e+1,-1.220400000e+1,
-1.550078125e+2,3.640156250e+1,-1.202249375e+1,
-1.539687500e+2,3.700000000e+1,-1.193280000e+1,
-1.530156250e+2,3.679375000e+1,-1.193280000e+1,
-1.569921875e+2,3.640000000e+1,-1.202320000e+1,
-1.550000000e+2,3.680000000e+1,-1.193209375e+1,
-1.550000000e+2,3.620000000e+1,-1.193280000e+1,
-1.570000000e+2,3.660156250e+1,-1.193209375e+1,
-1.550078125e+2,3.599843750e+1,-1.202320000e+1,
-1.550000000e+2,3.680312500e+1,-1.193350625e+1,
-1.560234375e+2,3.620000000e+1,-1.184381250e+1,
-1.520078125e+2,3.619843750e+1,-1.184169375e+1,
-1.539765625e+2,3.639218750e+1,-1.211289375e+1,
-1.540078125e+2,3.659843750e+1,-1.193280000e+1,
-1.530000000e+2,3.600000000e+1,-1.202461250e+1,
-1.539921875e+2,3.640625000e+1,-1.202390625e+1,
-1.520000000e+2,3.619375000e+1,-1.202178750e+1,
-1.540156250e+2,3.620000000e+1,-1.165948125e+1,
-1.529843750e+2,3.620156250e+1,-1.175411875e+1,
-1.520078125e+2,3.640000000e+1,-1.184169375e+1,
-1.520000000e+2,3.620156250e+1,-1.184451875e+1,
-1.530000000e+2,3.599687500e+1,-1.175411875e+1,
-1.519843750e+2,3.580000000e+1,-1.202320000e+1,
-1.549843750e+2,3.619843750e+1,-1.175411875e+1,
-1.530546875e+2,3.620000000e+1,-1.184240000e+1,
-1.519843750e+2,3.620781250e+1,-1.184310625e+1,
-1.530312500e+2,3.539843750e+1,-1.184169375e+1,
-1.540156250e+2,3.600000000e+1,-1.193280000e+1,
-1.539843750e+2,3.559843750e+1,-1.175341250e+1,
-1.519921875e+2,3.620000000e+1,-1.166160000e+1,
-1.530234375e+2,3.600000000e+1,-1.202531875e+1,
-1.529843750e+2,3.619531250e+1,-1.184381250e+1,
-1.520234375e+2,3.560937500e+1,-1.166089375e+1,
-1.540156250e+2,3.599687500e+1,-1.184310625e+1,
-1.500625000e+2,3.640000000e+1,-1.184240000e+1,
-1.499296875e+2,3.599375000e+1,-1.175200000e+1,
-1.550078125e+2,3.560000000e+1,-1.184381250e+1,
-1.510156250e+2,3.601250000e+1,-1.184240000e+1,
-1.539843750e+2,3.640312500e+1,-1.184169375e+1,
-1.509609375e+2,3.520625000e+1,-1.193280000e+1,
-1.510234375e+2,3.560312500e+1,-1.184240000e+1,
-1.530156250e+2,3.619843750e+1,-1.184240000e+1,
-1.519765625e+2,3.580000000e+1,-1.184098750e+1,
-1.500000000e+2,3.579843750e+1,-1.138969375e+1,
-1.510000000e+2,3.540000000e+1,-1.157120000e+1,
-1.540078125e+2,3.518437500e+1,-1.175129375e+1,
-1.519609375e+2,3.599843750e+1,-1.175129375e+1,
-1.499921875e+2,3.540000000e+1,-1.156978750e+1,
-1.540078125e+2,3.539843750e+1,-1.193280000e+1,
-1.490000000e+2,3.560000000e+1,-1.166018750e+1,
-1.540000000e+2,3.519218750e+1,-1.157120000e+1,
-1.500078125e+2,3.499531250e+1,-1.175129375e+1,
-1.529609375e+2,3.559218750e+1,-1.166442500e+1,
-1.540000000e+2,3.519062500e+1,-1.157120000e+1,
-1.510000000e+2,3.500156250e+1,-1.166371875e+1,
-1.510000000e+2,3.540468750e+1,-1.202390625e+1,
-1.499921875e+2,3.538906250e+1,-1.174988125e+1,
-1.510234375e+2,3.499843750e+1,-1.175200000e+1,
-1.540000000e+2,3.539062500e+1,-1.166089375e+1,
-1.500000000e+2,3.580000000e+1,-1.148080000e+1,
-1.490000000e+2,3.540312500e+1,-1.166230625e+1,
-1.490000000e+2,3.480000000e+1,-1.129858750e+1,
-1.520000000e+2,3.520468750e+1,-1.157120000e+1,
-1.490468750e+2,3.540000000e+1,-1.175129375e+1,
-1.479921875e+2,3.520156250e+1,-1.184240000e+1,
-1.489843750e+2,3.481250000e+1,-1.157190625e+1,
-1.499921875e+2,3.459687500e+1,-1.166160000e+1,
-1.490234375e+2,3.559687500e+1,-1.166089375e+1,
-1.509843750e+2,3.539531250e+1,-1.139040000e+1,
-1.469296875e+2,3.539687500e+1,-1.157049375e+1,
-1.470625000e+2,3.500000000e+1,-1.166160000e+1,
-1.510078125e+2,3.540000000e+1,-1.166301250e+1,
-1.480546875e+2,3.500156250e+1,-1.157120000e+1,
-1.479843750e+2,3.499843750e+1,-1.166160000e+1,
-1.489921875e+2,3.500000000e+1,-1.193138750e+1,
-1.500078125e+2,3.499687500e+1,-1.148009375e+1,
-1.480234375e+2,3.480000000e+1,-1.166160000e+1,
-1.479687500e+2,3.500156250e+1,-1.148080000e+1,
-1.509609375e+2,3.540781250e+1,-1.130141250e+1,
-1.499453125e+2,3.460000000e+1,-1.130000000e+1,
-1.480234375e+2,3.520000000e+1,-1.139251875e+1,
-1.510078125e+2,3.479531250e+1,-1.166230625e+1,
-1.490078125e+2,3.479843750e+1,-1.148150625e+1,
-1.509921875e+2,3.460000000e+1,-1.157331875e+1,
-1.470000000e+2,3.520000000e+1,-1.147938750e+1,
-1.500000000e+2,3.461562500e+1,-1.120960000e+1,
-1.499843750e+2,3.479531250e+1,-1.148080000e+1,
-1.490000000e+2,3.500000000e+1,-1.148080000e+1,
-1.500000000e+2,3.500000000e+1,-1.139251875e+1,
-1.489843750e+2,3.500000000e+1,-1.130000000e+1,
-1.450000000e+2,3.480000000e+1,-1.139040000e+1,
-1.479218750e+2,3.480781250e+1,-1.120677500e+1,
-1.510000000e+2,3.439843750e+1,-1.157120000e+1,
-1.469609375e+2,3.480156250e+1,-1.138969375e+1,
-1.450156250e+2,3.459843750e+1,-1.148080000e+1,
-1.470546875e+2,3.480156250e+1,-1.130070625e+1,
-1.479843750e+2,3.480000000e+1,-1.148150625e+1,
-1.459921875e+2,3.479687500e+1,-1.130070625e+1,
-1.450000000e+2,3.441093750e+1,-1.130070625e+1,
-1.490078125e+2,3.440000000e+1,-1.120960000e+1,
-1.470156250e+2,3.460312500e+1,-1.130141250e+1,
-1.450000000e+2,3.460156250e+1,-1.111849375e+1,
-1.469921875e+2,3.400156250e+1,-1.148221250e+1,
-1.480078125e+2,3.420000000e+1,-1.139251875e+1,
-1.470156250e+2,3.419531250e+1,-1.120960000e+1,
-1.459609375e+2,3.459531250e+1,-1.130141250e+1,
-1.450312500e+2,3.440000000e+1,-1.130070625e+1,
-1.480156250e+2,3.439843750e+1,-1.120889375e+1,
-1.469531250e+2,3.460000000e+1,-1.130000000e+1,
-1.460625000e+2,3.399218750e+1,-1.111920000e+1,
-1.500000000e+2,3.380000000e+1,-1.138475000e+1,
-1.449375000e+2,3.400781250e+1,-1.157402500e+1,
-1.449687500e+2,3.380156250e+1,-1.120960000e+1,
-1.470000000e+2,3.440000000e+1,-1.130070625e+1,
-1.460000000e+2,3.399843750e+1,-1.102950625e+1,
-1.479921875e+2,3.400312500e+1,-1.130141250e+1,
-1.490390625e+2,3.420000000e+1,-1.111920000e+1,
-1.460000000e+2,3.419843750e+1,-1.120960000e+1,
-1.489687500e+2,3.440312500e+1,-1.102880000e+1,
-1.469453125e+2,3.420000000e+1,-1.120889375e+1,
-1.450156250e+2,3.440156250e+1,-1.102880000e+1,
-1.480312500e+2,3.379687500e+1,-1.093910625e+1,
-1.479921875e+2,3.380000000e+1,-1.102809375e+1,
-1.450000000e+2,3.399218750e+1,-1.111920000e+1,
-1.430078125e+2,3.460625000e+1,-1.120960000e+1,
-1.460078125e+2,3.360781250e+1,-1.102880000e+1,
-1.450000000e+2,3.379687500e+1,-1.120818750e+1,
-1.460000000e+2,3.360000000e+1,-1.111920000e+1,
-1.450000000e+2,3.379687500e+1,-1.102809375e+1,
-1.450000000e+2,3.340000000e+1,-1.129788125e+1,
-1.460000000e+2,3.400000000e+1,-1.120960000e+1,
-1.440156250e+2,3.421250000e+1,-1.093698750e+1,
-1.430000000e+2,3.360156250e+1,-1.120818750e+1,
-1.440000000e+2,3.360000000e+1,-1.093628125e+1,
-1.470000000e+2,3.360000000e+1,-1.084870625e+1,
-1.439687500e+2,3.381250000e+1,-1.084800000e+1,
-1.430312500e+2,3.439843750e+1,-1.093840000e+1,
-1.449921875e+2,3.360000000e+1,-1.093840000e+1,
-1.420156250e+2,3.300000000e+1,-1.102880000e+1,
-1.439921875e+2,3.360000000e+1,-1.084941250e+1,
-1.420234375e+2,3.359843750e+1,-1.093840000e+1,
-1.419843750e+2,3.380468750e+1,-1.102950625e+1,
-1.420000000e+2,3.419843750e+1,-1.103021250e+1,
-1.420234375e+2,3.360156250e+1,-1.084800000e+1,
-1.419531250e+2,3.399375000e+1,-1.084729375e+1,
-1.440000000e+2,3.360468750e+1,-1.084870625e+1,
-1.409843750e+2,3.319843750e+1,-1.084800000e+1,
-1.400000000e+2,3.319687500e+1,-1.093910625e+1,
-1.410078125e+2,3.280156250e+1,-1.084870625e+1,
-1.420000000e+2,3.360000000e+1,-1.075760000e+1,
-1.410000000e+2,3.340156250e+1,-1.102880000e+1,
-1.410000000e+2,3.359062500e+1,-1.084941250e+1,
-1.409531250e+2,3.340312500e+1,-1.093840000e+1,
-1.440078125e+2,3.279687500e+1,-1.075830625e+1,
-1.410078125e+2,3.301562500e+1,-1.103021250e+1,
-1.420000000e+2,3.339218750e+1,-1.093910625e+1,
-1.409921875e+2,3.279531250e+1,-1.111920000e+1,
-1.429765625e+2,3.300000000e+1,-1.084800000e+1,
-1.419531250e+2,3.279843750e+1,-1.084800000e+1,
-1.390000000e+2,3.260000000e+1,-1.084729375e+1,
-1.420156250e+2,3.301562500e+1,-1.075830625e+1,
-1.429531250e+2,3.359843750e+1,-1.084800000e+1,
-1.359843750e+2,3.280000000e+1,-1.075901250e+1,
-1.389843750e+2,3.259687500e+1,-1.093769375e+1,
-1.400000000e+2,3.239687500e+1,-1.066720000e+1,
-1.410078125e+2,3.299375000e+1,-1.084800000e+1,
-1.420000000e+2,3.299218750e+1,-1.057609375e+1,
-1.410156250e+2,3.240468750e+1,-1.066720000e+1,
-1.390000000e+2,3.320000000e+1,-1.066720000e+1,
-1.410000000e+2,3.239687500e+1,-1.075760000e+1,
-1.390078125e+2,3.299843750e+1,-1.067073125e+1,
-1.410000000e+2,3.260625000e+1,-1.057750625e+1,
-1.410078125e+2,3.260312500e+1,-1.084870625e+1,
-1.390000000e+2,3.279531250e+1,-1.066720000e+1,
-1.410234375e+2,3.240000000e+1,-1.075901250e+1,
-1.420000000e+2,3.280312500e+1,-1.075760000e+1,
-1.410000000e+2,3.259687500e+1,-1.075830625e+1,
-1.420000000e+2,3.260312500e+1,-1.066790625e+1,
-1.379843750e+2,3.240000000e+1,-1.057609375e+1,
-1.380000000e+2,3.260156250e+1,-1.048640000e+1,
-1.390078125e+2,3.239843750e+1,-1.066720000e+1,
-1.389921875e+2,3.220000000e+1,-1.048640000e+1,
-1.410156250e+2,3.260312500e+1,-1.057680000e+1,
-1.370546875e+2,3.240000000e+1,-1.057680000e+1,
-1.359765625e+2,3.239062500e+1,-1.057680000e+1,
-1.380156250e+2,3.260000000e+1,-1.057680000e+1,
-1.379843750e+2,3.219531250e+1,-1.048640000e+1,
-1.390703125e+2,3.179843750e+1,-1.066790625e+1,
-1.440156250e+2,3.179687500e+1,-1.048569375e+1,
-1.389140625e+2,3.180625000e+1,-1.039600000e+1,
-1.349843750e+2,3.279062500e+1,-1.048640000e+1,
-1.349296875e+2,3.220000000e+1,-1.048710625e+1,
-1.400156250e+2,3.180156250e+1,-1.066790625e+1,
-1.350078125e+2,3.220156250e+1,-1.066649375e+1,
-1.390000000e+2,3.218125000e+1,-1.057538750e+1,
-1.360390625e+2,3.140000000e+1,-1.048640000e+1,
-1.359687500e+2,3.220000000e+1,-1.048640000e+1,
-1.379921875e+2,3.240156250e+1,-1.057680000e+1,
-1.369921875e+2,3.219375000e+1,-1.039600000e+1,
-1.369921875e+2,3.159843750e+1,-1.048640000e+1,
-1.349687500e+2,3.200000000e+1,-1.039529375e+1,
-1.330078125e+2,3.199843750e+1,-1.039600000e+1,
-1.369921875e+2,3.180000000e+1,-1.039600000e+1,
-1.360000000e+2,3.159687500e+1,-1.039388125e+1,
-1.360000000e+2,3.199687500e+1,-1.021520000e+1,
-1.370000000e+2,3.180312500e+1,-1.057538750e+1,
-1.360078125e+2,3.179843750e+1,-1.039600000e+1,
-1.360000000e+2,3.200156250e+1,-1.030630625e+1,
-1.370156250e+2,3.180000000e+1,-1.030560000e+1,
-1.340078125e+2,3.139843750e+1,-1.021590625e+1,
-1.359921875e+2,3.220000000e+1,-1.021378750e+1,
-1.359921875e+2,3.139687500e+1,-1.030560000e+1,
-1.380000000e+2,3.160000000e+1,-1.021378750e+1,
-1.369921875e+2,3.159687500e+1,-1.021873125e+1,
-1.349765625e+2,3.180781250e+1,-1.039741250e+1,
-1.330156250e+2,3.199843750e+1,-1.030277500e+1,
-1.360078125e+2,3.159687500e+1,-1.012480000e+1,
-1.350000000e+2,3.159531250e+1,-1.021166875e+1,
-1.370078125e+2,3.160000000e+1,-1.030913125e+1,
-1.340078125e+2,3.139687500e+1,-9.854306250e+0,
-1.360000000e+2,3.120000000e+1,-1.030489375e+1,
-1.340078125e+2,3.159843750e+1,-1.003722500e+1,
-1.359765625e+2,3.160000000e+1,-1.012480000e+1,
-1.350781250e+2,3.099843750e+1,-1.021378750e+1,
-1.330156250e+2,3.159218750e+1,-1.030560000e+1,
-1.350078125e+2,3.119687500e+1,-1.021449375e+1,
-1.329921875e+2,3.100156250e+1,-1.012480000e+1,
-1.340000000e+2,3.120000000e+1,-1.021520000e+1,
-1.330390625e+2,3.119843750e+1,-1.003298750e+1,
-1.359921875e+2,3.099062500e+1,-1.012409375e+1,
-1.319765625e+2,3.039375000e+1,-1.030630625e+1,
-1.329921875e+2,3.099843750e+1,-1.012409375e+1,
-1.329687500e+2,3.079375000e+1,-1.012480000e+1,
-1.360078125e+2,3.080468750e+1,-1.003440000e+1,
-1.320390625e+2,3.140156250e+1,-1.003510625e+1,
-1.319687500e+2,3.099375000e+1,-1.003440000e+1,
-1.339765625e+2,3.079687500e+1,-1.003440000e+1,
-1.340078125e+2,3.040312500e+1,-1.012550625e+1,
-1.339765625e+2,3.020156250e+1,-1.021520000e+1,
-1.300000000e+2,3.080312500e+1,-1.003440000e+1,
-1.330234375e+2,3.060000000e+1,-9.944000000e+0,
-1.330078125e+2,3.039843750e+1,-1.003581250e+1,
-1.350000000e+2,3.040000000e+1,-1.030560000e+1,
-1.309843750e+2,3.039531250e+1,-1.003651875e+1,
-1.300390625e+2,3.060000000e+1,-9.853600000e+0,
-1.339921875e+2,3.040000000e+1,-9.941175000e+0,
-1.320078125e+2,3.039843750e+1,-1.021520000e+1,
-1.330000000e+2,3.080156250e+1,-9.942587500e+0,
-1.320078125e+2,3.038750000e+1,-9.853600000e+0,
-1.310000000e+2,2.979531250e+1,-9.852187500e+0,
-1.319921875e+2,3.058125000e+1,-1.003086875e+1,
-1.330000000e+2,3.018750000e+1,-9.945412500e+0,
-1.330000000e+2,2.980468750e+1,-9.673506250e+0,
-1.299453125e+2,3.060468750e+1,-1.003722500e+1,
-1.280234375e+2,3.018281250e+1,-9.850775000e+0,
-1.320000000e+2,3.000156250e+1,-9.853600000e+0,
-1.310078125e+2,3.019531250e+1,-1.012409375e+1,
-1.330000000e+2,3.019531250e+1,-9.672800000e+0,
-1.300000000e+2,2.980000000e+1,-9.943293750e+0,
-1.280000000e+2,3.020000000e+1,-9.852187500e+0,
-1.309921875e+2,3.059687500e+1,-9.853600000e+0,
-1.310156250e+2,2.999843750e+1,-9.853600000e+0,
-1.300312500e+2,3.019687500e+1,-9.853600000e+0,
-1.280000000e+2,2.982031250e+1,-9.853600000e+0,
-1.290234375e+2,2.939843750e+1,-9.853600000e+0,
-1.290000000e+2,3.019843750e+1,-9.852893750e+0,
-1.290000000e+2,2.978750000e+1,-9.582400000e+0,
-1.290156250e+2,2.940312500e+1,-9.852893750e+0,
-1.300156250e+2,3.020000000e+1,-9.763200000e+0,
-1.289531250e+2,3.000156250e+1,-9.852187500e+0,
-1.259921875e+2,2.960156250e+1,-9.854306250e+0,
-1.299218750e+2,2.939843750e+1,-9.672800000e+0,
-1.310078125e+2,2.940000000e+1,-9.763906250e+0,
-1.280156250e+2,2.940312500e+1,-9.672800000e+0,
-1.280000000e+2,2.960000000e+1,-9.672800000e+0,
-1.279609375e+2,2.940156250e+1,-9.672800000e+0,
-1.310078125e+2,2.999843750e+1,-9.674212500e+0,
-1.269296875e+2,2.960000000e+1,-9.582400000e+0,
-1.260156250e+2,3.000000000e+1,-9.764612500e+0,
-1.270000000e+2,2.939531250e+1,-9.672093750e+0,
-1.270312500e+2,2.939843750e+1,-9.492706250e+0,
-1.299921875e+2,2.900000000e+1,-9.494118750e+0,
-1.249921875e+2,2.940312500e+1,-9.673506250e+0,
-1.270000000e+2,3.001093750e+1,-9.583106250e+0,
-1.290156250e+2,2.920468750e+1,-9.672800000e+0,
-1.290000000e+2,2.940625000e+1,-9.582400000e+0,
-1.260000000e+2,2.939531250e+1,-9.492000000e+0,
-1.280078125e+2,2.860000000e+1,-9.582400000e+0,
-1.280000000e+2,2.940781250e+1,-9.582400000e+0,
-1.270000000e+2,2.960937500e+1,-9.400187500e+0,
-1.280000000e+2,2.920156250e+1,-9.492000000e+0,
-1.269765625e+2,2.920000000e+1,-9.313318750e+0,
-1.250234375e+2,2.899843750e+1,-9.763906250e+0,
-1.280234375e+2,2.899843750e+1,-9.397362500e+0,
-1.259765625e+2,2.880000000e+1,-9.493412500e+0,
-1.259921875e+2,2.900000000e+1,-9.401600000e+0,
-1.230000000e+2,2.898593750e+1,-9.490587500e+0,
-1.240156250e+2,2.940000000e+1,-9.763200000e+0,
-1.259921875e+2,2.879687500e+1,-9.494118750e+0,
-1.270078125e+2,2.900000000e+1,-9.581693750e+0,
-1.250156250e+2,2.880156250e+1,-9.672093750e+0,
-1.240156250e+2,2.860000000e+1,-9.400187500e+0,
-1.239765625e+2,2.900312500e+1,-9.762493750e+0,
-1.260078125e+2,2.840000000e+1,-9.215856250e+0,
-1.250000000e+2,2.899843750e+1,-9.129693750e+0,
-1.260156250e+2,2.860000000e+1,-9.489881250e+0,
-1.249531250e+2,2.880000000e+1,-9.401600000e+0,
-1.230078125e+2,2.899843750e+1,-9.402306250e+0,
-1.250234375e+2,2.860156250e+1,-9.222212500e+0,
-1.239687500e+2,2.839062500e+1,-9.308375000e+0,
-1.230000000e+2,2.859687500e+1,-9.401600000e+0,
-1.249687500e+2,2.780000000e+1,-9.221506250e+0,
-1.260078125e+2,2.800156250e+1,-9.222918750e+0,
-1.240000000e+2,2.840468750e+1,-9.403012500e+0,
-1.260156250e+2,2.839687500e+1,-9.401600000e+0,
-1.220312500e+2,2.820000000e+1,-9.311200000e+0,
-1.229921875e+2,2.821718750e+1,-9.222918750e+0,
-1.220000000e+2,2.780000000e+1,-9.038587500e+0,
-1.230000000e+2,2.859843750e+1,-9.311200000e+0,
-1.230234375e+2,2.819687500e+1,-9.037175000e+0,
-1.270078125e+2,2.780156250e+1,-9.127575000e+0,
-1.250000000e+2,2.839218750e+1,-9.401600000e+0,
-1.199921875e+2,2.841406250e+1,-9.220093750e+0,
-1.220156250e+2,2.759687500e+1,-9.218681250e+0,
-1.239921875e+2,2.839531250e+1,-9.313318750e+0,
-1.200000000e+2,2.780156250e+1,-9.040000000e+0,
-1.220000000e+2,2.780625000e+1,-9.311200000e+0,
-1.230000000e+2,2.820000000e+1,-9.131106250e+0,
-1.230000000e+2,2.780000000e+1,-9.130400000e+0,
-1.220078125e+2,2.799843750e+1,-8.861318750e+0,
-1.220000000e+2,2.780000000e+1,-9.037175000e+0,
-1.230000000e+2,2.800000000e+1,-9.311906250e+0,
-1.230078125e+2,2.759843750e+1,-9.220093750e+0,
-1.229843750e+2,2.800937500e+1,-9.130400000e+0,
-1.200000000e+2,2.820000000e+1,-8.856375000e+0,
-1.210078125e+2,2.800000000e+1,-8.768800000e+0,
-1.199921875e+2,2.740000000e+1,-9.220800000e+0,
-1.219843750e+2,2.800000000e+1,-8.864143750e+0,
-1.210156250e+2,2.740156250e+1,-8.859200000e+0,
-1.210078125e+2,2.740156250e+1,-8.860612500e+0,
-1.200234375e+2,2.760156250e+1,-9.220093750e+0,
-1.209453125e+2,2.779843750e+1,-8.859200000e+0,
-1.220625000e+2,2.761093750e+1,-8.675575000e+0,
-1.190000000e+2,2.719843750e+1,-8.948893750e+0,
-1.200000000e+2,2.739687500e+1,-8.679812500e+0,
-1.180000000e+2,2.719375000e+1,-8.679812500e+0,
-1.200078125e+2,2.700625000e+1,-8.589412500e+0,
-1.189843750e+2,2.800000000e+1,-8.407200000e+0,
-1.180000000e+2,2.721093750e+1,-8.949600000e+0,
-1.180000000e+2,2.677656250e+1,-8.686875000e+0,
-1.189609375e+2,2.759687500e+1,-8.588000000e+0,
-1.210000000e+2,2.739687500e+1,-8.592237500e+0,
-1.190156250e+2,2.718906250e+1,-8.951718750e+0,
-1.169765625e+2,2.680156250e+1,-8.768093750e+0,
-1.209687500e+2,2.720156250e+1,-8.679812500e+0,
-1.190468750e+2,2.680156250e+1,-8.768800000e+0,
-1.169921875e+2,2.680000000e+1,-8.678400000e+0,
-1.170156250e+2,2.680000000e+1,-8.589412500e+0,
-1.180078125e+2,2.699843750e+1,-8.769506250e+0,
-1.189765625e+2,2.679843750e+1,-8.678400000e+0,
-1.149921875e+2,2.700000000e+1,-8.769506250e+0,
-1.169843750e+2,2.699843750e+1,-8.585881250e+0,
-1.200000000e+2,2.680781250e+1,-8.497600000e+0,
-1.179843750e+2,2.640312500e+1,-8.497600000e+0,
-1.160234375e+2,2.640625000e+1,-8.497600000e+0,
-1.130000000e+2,2.700000000e+1,-8.497600000e+0,
-1.160000000e+2,2.639687500e+1,-8.587293750e+0,
-1.160078125e+2,2.640625000e+1,-8.678400000e+0,
-1.139765625e+2,2.680000000e+1,-8.591531250e+0,
-1.190000000e+2,2.620000000e+1,-8.498306250e+0,
-1.180156250e+2,2.659687500e+1,-8.677693750e+0,
-1.150078125e+2,2.600937500e+1,-8.407200000e+0,
-1.190078125e+2,2.720000000e+1,-8.592237500e+0,
-1.139843750e+2,2.598593750e+1,-8.858493750e+0,
-1.149921875e+2,2.640625000e+1,-8.589412500e+0,
-1.170000000e+2,2.621093750e+1,-8.587293750e+0,
-1.179921875e+2,2.620156250e+1,-8.496893750e+0,
-1.140078125e+2,2.660312500e+1,-8.407200000e+0,
-1.169765625e+2,2.639687500e+1,-8.678400000e+0,
-1.160078125e+2,2.580000000e+1,-8.587293750e+0,
-1.150312500e+2,2.580468750e+1,-8.407200000e+0,
-1.130000000e+2,2.619687500e+1,-8.588000000e+0,
-1.159375000e+2,2.659375000e+1,-8.679106250e+0,
-1.179765625e+2,2.620000000e+1,-8.496187500e+0,
-1.139687500e+2,2.540000000e+1,-8.317506250e+0,
-1.140000000e+2,2.580000000e+1,-8.406493750e+0,
-1.120000000e+2,2.559531250e+1,-8.227106250e+0,
-1.129921875e+2,2.560312500e+1,-8.497600000e+0,
-1.120156250e+2,2.599375000e+1,-8.227812500e+0,
-1.159765625e+2,2.580000000e+1,-8.228518750e+0,
-1.140546875e+2,2.540156250e+1,-8.407906250e+0,
-1.130078125e+2,2.600156250e+1,-8.407200000e+0,
-1.130000000e+2,2.579218750e+1,-8.311856250e+0,
-1.140078125e+2,2.580000000e+1,-8.136706250e+0,
-1.110390625e+2,2.560000000e+1,-8.407200000e+0,
-1.109687500e+2,2.540625000e+1,-8.135293750e+0,
-1.130234375e+2,2.540468750e+1,-8.136000000e+0,
-1.130000000e+2,2.559687500e+1,-8.317506250e+0,
-1.119921875e+2,2.480000000e+1,-8.314681250e+0,
-1.120078125e+2,2.540312500e+1,-8.046306250e+0,
-1.130078125e+2,2.540000000e+1,-8.227106250e+0,
-1.110000000e+2,2.580312500e+1,-7.864093750e+0,
-1.100000000e+2,2.500000000e+1,-8.226400000e+0,
-1.140078125e+2,2.560000000e+1,-8.317506250e+0,
-1.090078125e+2,2.480000000e+1,-8.316800000e+0,
-1.119921875e+2,2.540312500e+1,-8.138825000e+0,
-1.110234375e+2,2.480000000e+1,-7.595718750e+0,
-1.110000000e+2,2.479843750e+1,-7.951668750e+0,
-1.120000000e+2,2.499375000e+1,-8.491243750e+0,
-1.110078125e+2,2.519843750e+1,-8.497600000e+0,
-1.100000000e+2,2.480000000e+1,-8.042068750e+0,
-1.100078125e+2,2.500156250e+1,-8.145887500e+0,
-1.110078125e+2,2.479687500e+1,-8.405787500e+0,
-1.109921875e+2,2.500156250e+1,-7.950962500e+0,
-1.100000000e+2,2.500000000e+1,-8.049131250e+0,
-1.109921875e+2,2.500468750e+1,-8.137412500e+0,
-1.120078125e+2,2.480000000e+1,-7.956612500e+0,
-1.100078125e+2,2.459375000e+1,-7.957318750e+0,
-1.099687500e+2,2.420156250e+1,-8.046306250e+0,
-1.110390625e+2,2.519843750e+1,-7.866212500e+0,
-1.060312500e+2,2.460000000e+1,-7.864800000e+0,
-1.080156250e+2,2.520000000e+1,-7.865506250e+0,
-1.060468750e+2,2.440781250e+1,-7.863387500e+0,
-1.110078125e+2,2.459687500e+1,-8.045600000e+0,
-1.069765625e+2,2.379843750e+1,-7.865506250e+0,
-1.100468750e+2,2.440000000e+1,-7.864800000e+0,
-1.099921875e+2,2.440000000e+1,-8.044893750e+0,
-1.089609375e+2,2.439843750e+1,-7.775106250e+0,
-1.059921875e+2,2.421250000e+1,-7.865506250e+0,
-1.079375000e+2,2.399843750e+1,-7.775812500e+0,
-1.110312500e+2,2.440000000e+1,-8.136000000e+0,
-1.070078125e+2,2.420156250e+1,-7.593600000e+0,
-1.099921875e+2,2.460000000e+1,-7.688237500e+0,
-1.070312500e+2,2.399375000e+1,-7.774400000e+0,
-1.079687500e+2,2.399843750e+1,-7.683293750e+0,
-1.079687500e+2,2.399843750e+1,-7.955906250e+0,
-1.060078125e+2,2.420000000e+1,-7.864800000e+0,
-1.090390625e+2,2.420156250e+1,-7.684000000e+0,
-1.089609375e+2,2.440000000e+1,-7.503200000e+0,
-1.039921875e+2,2.379062500e+1,-7.593600000e+0,
-1.070000000e+2,2.360000000e+1,-7.503200000e+0,
-1.070078125e+2,2.400000000e+1,-7.773693750e+0,
-1.080000000e+2,2.360156250e+1,-7.773693750e+0,
-1.060156250e+2,2.360000000e+1,-7.504612500e+0,
-1.050078125e+2,2.399843750e+1,-7.592893750e+0,
-1.040078125e+2,2.379531250e+1,-7.684000000e+0,
-1.069921875e+2,2.340000000e+1,-7.503200000e+0,
-1.070000000e+2,2.359843750e+1,-7.594306250e+0,
-1.080078125e+2,2.341250000e+1,-7.586537500e+0,
-1.060000000e+2,2.340468750e+1,-7.955906250e+0,
-1.070000000e+2,2.380000000e+1,-7.411387500e+0,
-1.040078125e+2,2.359843750e+1,-7.600662500e+0,
-1.070156250e+2,2.359218750e+1,-7.684706250e+0,
-1.049843750e+2,2.320000000e+1,-7.684000000e+0,
-1.050078125e+2,2.359375000e+1,-7.502493750e+0,
-1.060000000e+2,2.359687500e+1,-7.412800000e+0,
-1.040000000e+2,2.320156250e+1,-7.593600000e+0,
-1.040000000e+2,2.320000000e+1,-7.411387500e+0,
-1.069921875e+2,2.320000000e+1,-7.322400000e+0,
-1.060625000e+2,2.340156250e+1,-7.321693750e+0,
-1.020000000e+2,2.359843750e+1,-7.503200000e+0,
-1.040000000e+2,2.302500000e+1,-7.412800000e+0,
-9.993750000e+1,2.220000000e+1,-7.503200000e+0,
-1.010781250e+2,2.279843750e+1,-7.411387500e+0,
-1.060000000e+2,2.239687500e+1,-7.141600000e+0,
-1.029531250e+2,2.280625000e+1,-7.412800000e+0,
-1.040390625e+2,2.280000000e+1,-7.232000000e+0,
-1.049843750e+2,2.200000000e+1,-7.502493750e+0,
-1.020468750e+2,2.279531250e+1,-7.323106250e+0,
-1.019687500e+2,2.320156250e+1,-7.412800000e+0,
-1.039921875e+2,2.279531250e+1,-7.411387500e+0,
-1.050156250e+2,2.259843750e+1,-7.323106250e+0,
-1.030156250e+2,2.260000000e+1,-7.503200000e+0,
-1.029843750e+2,2.260000000e+1,-7.322400000e+0,
-1.039765625e+2,2.281406250e+1,-7.321693750e+0,
-1.039531250e+2,2.180000000e+1,-7.322400000e+0,
-9.995312500e+1,2.300000000e+1,-7.320281250e+0,
-1.000234375e+2,2.239062500e+1,-7.051906250e+0,
-1.010234375e+2,2.240000000e+1,-7.413506250e+0,
-1.009843750e+2,2.240000000e+1,-6.959387500e+0,
-9.700781250e+1,2.220000000e+1,-7.141600000e+0,
-1.020000000e+2,2.240937500e+1,-6.957268750e+0,
-1.009765625e+2,2.180156250e+1,-7.503200000e+0,
-1.000000000e+2,2.200312500e+1,-7.051200000e+0,
-1.000000000e+2,2.199843750e+1,-7.317456250e+0,
-1.029921875e+2,2.180000000e+1,-7.412800000e+0,
-9.800000000e+1,2.180468750e+1,-7.232000000e+0,
-1.019687500e+2,2.220625000e+1,-7.049081250e+0,
-1.010078125e+2,2.160156250e+1,-7.232000000e+0,
-1.030000000e+2,2.200312500e+1,-7.143012500e+0,
-9.894531250e+1,2.179687500e+1,-7.321693750e+0,
-9.803125000e+1,2.179687500e+1,-6.865456250e+0,
-1.000234375e+2,2.161250000e+1,-6.966450000e+0,
-9.899218750e+1,2.219218750e+1,-7.052612500e+0,
-9.800000000e+1,2.101250000e+1,-6.690306250e+0,
-9.800000000e+1,2.180000000e+1,-6.871812500e+0,
-9.800781250e+1,2.179375000e+1,-7.051200000e+0,
-9.699218750e+1,2.140000000e+1,-7.051906250e+0,
-9.900000000e+1,2.179843750e+1,-6.961506250e+0,
-9.696875000e+1,2.159687500e+1,-7.140187500e+0,
-1.010000000e+2,2.121093750e+1,-7.233412500e+0,
-9.692968750e+1,2.079375000e+1,-6.866868750e+0,
-9.803906250e+1,2.159687500e+1,-6.689600000e+0,
-9.901562500e+1,2.160156250e+1,-6.958681250e+0,
-9.996875000e+1,2.120000000e+1,-6.870400000e+0,
-9.697656250e+1,2.179843750e+1,-6.780706250e+0,
-9.803125000e+1,2.100156250e+1,-6.782118750e+0,
-9.797656250e+1,2.137187500e+1,-6.598493750e+0,
-9.600000000e+1,2.159687500e+1,-6.870400000e+0,
-9.796875000e+1,2.060000000e+1,-6.871106250e+0,
-9.800781250e+1,2.060156250e+1,-6.692425000e+0,
-9.600781250e+1,2.120000000e+1,-7.051906250e+0,
-9.696875000e+1,2.059375000e+1,-6.689600000e+0,
-9.803125000e+1,2.059843750e+1,-6.689600000e+0,
-9.500781250e+1,2.100625000e+1,-6.780706250e+0,
-9.700000000e+1,2.040000000e+1,-6.599906250e+0,
-9.397656250e+1,2.039687500e+1,-6.689600000e+0,
-9.502343750e+1,2.099843750e+1,-6.598493750e+0,
-9.600781250e+1,2.019531250e+1,-6.688187500e+0,
-9.600000000e+1,2.059375000e+1,-6.780000000e+0,
-9.300781250e+1,2.060156250e+1,-6.688893750e+0,
-9.700000000e+1,2.040625000e+1,-6.509506250e+0,
-9.299218750e+1,1.999687500e+1,-6.686775000e+0,
-9.500000000e+1,2.059843750e+1,-6.870400000e+0,
-9.400000000e+1,2.040156250e+1,-6.691012500e+0,
-9.000000000e+1,2.079843750e+1,-6.598493750e+0,
-9.500781250e+1,2.020000000e+1,-6.508800000e+0,
-9.202343750e+1,2.059375000e+1,-6.236893750e+0,
-9.000781250e+1,2.020156250e+1,-6.507387500e+0,
-9.100000000e+1,2.000000000e+1,-6.418400000e+0,
-9.399218750e+1,2.019375000e+1,-6.416987500e+0,
-8.996875000e+1,1.960000000e+1,-6.147200000e+0,
-9.002343750e+1,2.020156250e+1,-6.419106250e+0,
-9.200000000e+1,2.000000000e+1,-6.147200000e+0,
-9.198437500e+1,2.040156250e+1,-6.328000000e+0,
-9.398437500e+1,1.960000000e+1,-6.147906250e+0,
-9.303125000e+1,1.960000000e+1,-6.237600000e+0,
-9.105468750e+1,1.960781250e+1,-5.967812500e+0,
-8.996875000e+1,2.039687500e+1,-6.597081250e+0,
-9.200781250e+1,1.900781250e+1,-6.328000000e+0,
-9.004687500e+1,1.939687500e+1,-6.328706250e+0,
-9.000000000e+1,1.880156250e+1,-6.057506250e+0,
-8.900000000e+1,1.939375000e+1,-6.236893750e+0,
-8.999218750e+1,1.939375000e+1,-6.237600000e+0,
-8.599218750e+1,1.900156250e+1,-6.058918750e+0,
-8.802343750e+1,1.940000000e+1,-5.785600000e+0,
-8.900781250e+1,1.900312500e+1,-6.147200000e+0,
-9.000000000e+1,1.899062500e+1,-5.970637500e+0,
-8.701562500e+1,1.900000000e+1,-6.056800000e+0,
-8.897656250e+1,1.880156250e+1,-6.149318750e+0,
-8.900781250e+1,1.941093750e+1,-6.235481250e+0,
-8.798437500e+1,1.918593750e+1,-5.965693750e+0,
-9.097656250e+1,1.879843750e+1,-6.060331250e+0,
-8.906250000e+1,1.899843750e+1,-6.147200000e+0,
-8.498437500e+1,1.899843750e+1,-5.785600000e+0,
-8.601562500e+1,1.860000000e+1,-6.151437500e+0,
-8.601562500e+1,1.859687500e+1,-6.143668750e+0,
-8.899218750e+1,1.840156250e+1,-5.785600000e+0,
-8.499218750e+1,1.900000000e+1,-6.058918750e+0,
-8.599218750e+1,1.899531250e+1,-5.872468750e+0,
-8.800000000e+1,1.860937500e+1,-5.783481250e+0,
-8.699218750e+1,1.839843750e+1,-5.966400000e+0,
-8.500781250e+1,1.860468750e+1,-5.693787500e+0,
-8.499218750e+1,1.858750000e+1,-5.514400000e+0,
-8.800000000e+1,1.780156250e+1,-5.694493750e+0,
-8.801562500e+1,1.901093750e+1,-5.695906250e+0,
-8.402343750e+1,1.880468750e+1,-5.787718750e+0,
-8.600000000e+1,1.760625000e+1,-5.605506250e+0,
-8.700781250e+1,1.780312500e+1,-5.878118750e+0,
-8.399218750e+1,1.780781250e+1,-5.694493750e+0,
-8.401562500e+1,1.840156250e+1,-5.606918750e+0,
-8.400000000e+1,1.798906250e+1,-5.878118750e+0,
-8.400000000e+1,1.780000000e+1,-5.696612500e+0,
-8.400000000e+1,1.799062500e+1,-5.517931250e+0,
-8.400781250e+1,1.840000000e+1,-5.244612500e+0,
-8.500781250e+1,1.799062500e+1,-5.785600000e+0,
-8.300781250e+1,1.740000000e+1,-5.966400000e+0,
-8.400000000e+1,1.820000000e+1,-5.512987500e+0,
-8.402343750e+1,1.798593750e+1,-5.604800000e+0,
-8.201562500e+1,1.740000000e+1,-5.785600000e+0,
-8.296875000e+1,1.779375000e+1,-5.786306250e+0,
-8.500000000e+1,1.780000000e+1,-5.603387500e+0,
-8.401562500e+1,1.800000000e+1,-5.425412500e+0,
-8.495312500e+1,1.719375000e+1,-5.246025000e+0,
-7.899218750e+1,1.659843750e+1,-5.605506250e+0,
-8.303906250e+1,1.680312500e+1,-5.335012500e+0,
-8.097656250e+1,1.699531250e+1,-5.243906250e+0,
-8.097656250e+1,1.720000000e+1,-5.245318750e+0,
-8.203906250e+1,1.720000000e+1,-5.606212500e+0,
-7.900000000e+1,1.740000000e+1,-5.512987500e+0,
-8.200000000e+1,1.741093750e+1,-5.512281250e+0,
-8.003125000e+1,1.778750000e+1,-5.424000000e+0,
-7.897656250e+1,1.680000000e+1,-5.514400000e+0,
-8.100000000e+1,1.738125000e+1,-5.151387500e+0,
-7.899218750e+1,1.719218750e+1,-5.152800000e+0,
-8.000000000e+1,1.639843750e+1,-5.063106250e+0,
-7.897656250e+1,1.680000000e+1,-5.334306250e+0,
-7.700781250e+1,1.699687500e+1,-5.243200000e+0,
-8.000000000e+1,1.660000000e+1,-5.425412500e+0,
-7.800000000e+1,1.659531250e+1,-4.970587500e+0,
-7.900000000e+1,1.680000000e+1,-5.243200000e+0,
-8.100000000e+1,1.640625000e+1,-5.244612500e+0,
-8.001562500e+1,1.599843750e+1,-5.243200000e+0,
-7.699218750e+1,1.660312500e+1,-5.243906250e+0,
-8.198437500e+1,1.640000000e+1,-5.063812500e+0,
-7.802343750e+1,1.640000000e+1,-4.972000000e+0,
-7.699218750e+1,1.640312500e+1,-5.059575000e+0,
-7.700000000e+1,1.619843750e+1,-5.152800000e+0,
-7.700000000e+1,1.620000000e+1,-5.060987500e+0,
-7.699218750e+1,1.619218750e+1,-5.066637500e+0,
-7.499218750e+1,1.579375000e+1,-5.151387500e+0,
-7.603125000e+1,1.580156250e+1,-4.882306250e+0,
-7.799218750e+1,1.580000000e+1,-5.154918750e+0,
-7.600781250e+1,1.580625000e+1,-4.976237500e+0,
-7.700781250e+1,1.560000000e+1,-4.791906250e+0,
-7.500781250e+1,1.559843750e+1,-4.792612500e+0,
-7.500781250e+1,1.540000000e+1,-4.881600000e+0,
-7.398437500e+1,1.579843750e+1,-4.793318750e+0,
-7.600781250e+1,1.560000000e+1,-4.700800000e+0,
-7.401562500e+1,1.540000000e+1,-4.971293750e+0,
-7.602343750e+1,1.540468750e+1,-4.792612500e+0,
-7.496875000e+1,1.520000000e+1,-4.790493750e+0,
-7.401562500e+1,1.540156250e+1,-4.610400000e+0,
-7.497656250e+1,1.520000000e+1,-4.881600000e+0,
-7.306250000e+1,1.499843750e+1,-4.699387500e+0,
-7.798437500e+1,1.479843750e+1,-4.701506250e+0,
-7.096093750e+1,1.479531250e+1,-4.611812500e+0,
-7.294531250e+1,1.499843750e+1,-4.611106250e+0,
-7.401562500e+1,1.499531250e+1,-4.700800000e+0,
-7.298437500e+1,1.460156250e+1,-4.520000000e+0,
-7.500781250e+1,1.499687500e+1,-4.702918750e+0,
-7.103906250e+1,1.440468750e+1,-4.609693750e+0,
-7.196093750e+1,1.539843750e+1,-4.429600000e+0,
-7.300781250e+1,1.440468750e+1,-4.702212500e+0,
-7.299218750e+1,1.480000000e+1,-4.791200000e+0,
-7.301562500e+1,1.459843750e+1,-4.429600000e+0,
-7.399218750e+1,1.460000000e+1,-4.430306250e+0,
-7.099218750e+1,1.439531250e+1,-4.611106250e+0,
-7.200000000e+1,1.400000000e+1,-4.520000000e+0,
-7.000000000e+1,1.400468750e+1,-4.701506250e+0,
-7.100000000e+1,1.380000000e+1,-4.428893750e+0,
-6.800781250e+1,1.400000000e+1,-4.518587500e+0,
-6.899218750e+1,1.360000000e+1,-4.430306250e+0,
-7.102343750e+1,1.399843750e+1,-4.339906250e+0,
-7.500781250e+1,1.339375000e+1,-4.520000000e+0,
-7.002343750e+1,1.379062500e+1,-4.340612500e+0,
-6.999218750e+1,1.459843750e+1,-4.428187500e+0,
-6.900000000e+1,1.398750000e+1,-4.429600000e+0,
-7.000000000e+1,1.360312500e+1,-4.428893750e+0,
-6.700781250e+1,1.379687500e+1,-4.154868750e+0,
-7.000781250e+1,1.318750000e+1,-4.159812500e+0,
-6.800000000e+1,1.340468750e+1,-4.248800000e+0,
-7.000000000e+1,1.379531250e+1,-4.248093750e+0,
-6.700000000e+1,1.379843750e+1,-4.068000000e+0,
-6.800000000e+1,1.320468750e+1,-4.068706250e+0,
-6.600000000e+1,1.260000000e+1,-3.888612500e+0,
-6.900000000e+1,1.280156250e+1,-4.248800000e+0,
-6.704687500e+1,1.300156250e+1,-4.068000000e+0,
-6.500000000e+1,1.340312500e+1,-4.248800000e+0,
-6.600000000e+1,1.260468750e+1,-4.068706250e+0,
-6.603125000e+1,1.300000000e+1,-4.069412500e+0,
-6.800781250e+1,1.260156250e+1,-3.796093750e+0,
-6.592968750e+1,1.259531250e+1,-3.798212500e+0,
-6.403906250e+1,1.220312500e+1,-4.067293750e+0,
-6.802343750e+1,1.300000000e+1,-3.977600000e+0,
-6.600000000e+1,1.240312500e+1,-4.159812500e+0,
-6.705468750e+1,1.199843750e+1,-3.797506250e+0,
-6.200781250e+1,1.279687500e+1,-3.977600000e+0,
-6.599218750e+1,1.219218750e+1,-3.796093750e+0,
-6.402343750e+1,1.200468750e+1,-3.887906250e+0,
-6.300781250e+1,1.240156250e+1,-3.887200000e+0,
-6.198437500e+1,1.239843750e+1,-3.887200000e+0,
-6.400000000e+1,1.219375000e+1,-3.706400000e+0,
-6.197656250e+1,1.280000000e+1,-3.797506250e+0,
-6.304687500e+1,1.260000000e+1,-3.523481250e+0,
-6.396093750e+1,1.219218750e+1,-3.527012500e+0,
-6.000000000e+1,1.180000000e+1,-3.796800000e+0,
-6.300781250e+1,1.220000000e+1,-3.614587500e+0,
-6.099218750e+1,1.219843750e+1,-3.616000000e+0,
-6.000000000e+1,1.183593750e+1,-3.619531250e+0,
-6.201562500e+1,1.099531250e+1,-3.435200000e+0,
-6.200000000e+1,1.200468750e+1,-3.887200000e+0,
-6.100000000e+1,1.139531250e+1,-3.620943750e+0,
-6.200781250e+1,1.120000000e+1,-3.525600000e+0,
-6.200000000e+1,1.120156250e+1,-3.616000000e+0,
-6.000000000e+1,1.140000000e+1,-3.704987500e+0,
-6.099218750e+1,1.120156250e+1,-3.706400000e+0,
-5.800781250e+1,1.099687500e+1,-3.433787500e+0,
-6.203125000e+1,1.080156250e+1,-3.435906250e+0,
-5.994531250e+1,1.120781250e+1,-3.526306250e+0,
-5.902343750e+1,1.158750000e+1,-3.433081250e+0,
-5.999218750e+1,1.059218750e+1,-3.345506250e+0,
-5.600000000e+1,1.079062500e+1,-3.254400000e+0,
-5.600781250e+1,1.080000000e+1,-3.345506250e+0,
-5.700000000e+1,1.120000000e+1,-3.342681250e+0,
-5.701562500e+1,1.060312500e+1,-3.527012500e+0,
-5.500781250e+1,1.020000000e+1,-3.073600000e+0,
-5.596093750e+1,1.060156250e+1,-3.433081250e+0,
-5.704687500e+1,1.060156250e+1,-3.255812500e+0,
-5.406250000e+1,1.059218750e+1,-3.162587500e+0,
-6.004687500e+1,1.080156250e+1,-2.893506250e+0,
-5.696875000e+1,1.020156250e+1,-3.070068750e+0,
-5.700000000e+1,1.040000000e+1,-3.164000000e+0,
-5.601562500e+1,1.038906250e+1,-3.073600000e+0,
-5.698437500e+1,9.598437500e+0,-3.165412500e+0,
-5.399218750e+1,1.057968750e+1,-2.983200000e+0,
-5.596875000e+1,1.019687500e+1,-3.254400000e+0,
-5.603125000e+1,9.800000000e+0,-3.255812500e+0,
-5.301562500e+1,9.598437500e+0,-2.984612500e+0,
-5.299218750e+1,9.404687500e+0,-3.255106250e+0,
-5.600781250e+1,9.798437500e+0,-2.983200000e+0,
-5.303125000e+1,9.400000000e+0,-3.073600000e+0,
-5.395312500e+1,9.798437500e+0,-3.074306250e+0,
-5.497656250e+1,9.600000000e+0,-3.072893750e+0,
-5.096093750e+1,1.020000000e+1,-3.073600000e+0,
-5.000000000e+1,9.398437500e+0,-2.892093750e+0,
-5.001562500e+1,1.000781250e+1,-2.890681250e+0,
-5.400000000e+1,1.000312500e+1,-2.983200000e+0,
-5.299218750e+1,9.409375000e+0,-2.712000000e+0,
-5.200000000e+1,9.200000000e+0,-2.892093750e+0,
-5.300781250e+1,9.196875000e+0,-2.803106250e+0,
-5.300000000e+1,9.400000000e+0,-2.892800000e+0,
-5.200000000e+1,8.998437500e+0,-2.803106250e+0,
-5.000000000e+1,9.198437500e+0,-2.711293750e+0,
-5.200000000e+1,8.800000000e+0,-2.712000000e+0,
-4.901562500e+1,9.003125000e+0,-2.533318750e+0,
-4.799218750e+1,8.600000000e+0,-2.619481250e+0,
-5.100000000e+1,8.798437500e+0,-2.803106250e+0,
-4.897656250e+1,8.790625000e+0,-2.709175000e+0,
-4.903125000e+1,8.406250000e+0,-2.531200000e+0,
-5.100000000e+1,9.200000000e+0,-2.803812500e+0,
-4.695312500e+1,8.600000000e+0,-2.531200000e+0,
-4.592187500e+1,8.600000000e+0,-2.350400000e+0,
-5.100000000e+1,8.600000000e+0,-2.531200000e+0,
-4.605468750e+1,8.401562500e+0,-2.260000000e+0,
-4.598437500e+1,8.001562500e+0,-2.169600000e+0,
-4.500781250e+1,8.198437500e+0,-2.260000000e+0,
-4.600781250e+1,7.800000000e+0,-2.350400000e+0,
-4.499218750e+1,8.193750000e+0,-2.534025000e+0,
-4.701562500e+1,8.003125000e+0,-1.993037500e+0,
-4.599218750e+1,7.800000000e+0,-2.168187500e+0,
-4.500781250e+1,7.803125000e+0,-2.351812500e+0,
-4.700781250e+1,7.796875000e+0,-2.262118750e+0,
-4.602343750e+1,7.200000000e+0,-1.898400000e+0,
-4.798437500e+1,7.200000000e+0,-2.440800000e+0,
-4.100000000e+1,6.990625000e+0,-1.906875000e+0,
-4.489062500e+1,7.596875000e+0,-2.169600000e+0,
-4.702343750e+1,7.596875000e+0,-2.078493750e+0,
-4.400781250e+1,7.393750000e+0,-2.077787500e+0,
-4.497656250e+1,7.193750000e+0,-1.898400000e+0,
-4.404687500e+1,7.204687500e+0,-2.082025000e+0,
-4.100000000e+1,7.203125000e+0,-2.079200000e+0,
-4.301562500e+1,6.196875000e+0,-1.717600000e+0,
-4.097656250e+1,6.400000000e+0,-1.810825000e+0,
-4.100781250e+1,6.795312500e+0,-1.989506250e+0,
-4.198437500e+1,6.400000000e+0,-1.988800000e+0,
-3.900000000e+1,7.200000000e+0,-1.989506250e+0,
-4.198437500e+1,6.995312500e+0,-1.894868750e+0,
-4.300000000e+1,6.809375000e+0,-1.627906250e+0,
-4.200000000e+1,6.398437500e+0,-1.808000000e+0,
-4.301562500e+1,6.804687500e+0,-1.897693750e+0,
-3.900781250e+1,6.792187500e+0,-1.627906250e+0,
-4.100000000e+1,6.198437500e+0,-1.808000000e+0,
-4.200000000e+1,6.606250000e+0,-1.627200000e+0,
-4.103125000e+1,6.601562500e+0,-1.809412500e+0,
-4.000000000e+1,6.006250000e+0,-1.536800000e+0,
-4.300781250e+1,5.801562500e+0,-1.720425000e+0,
-3.798437500e+1,6.006250000e+0,-1.717600000e+0,
-3.903906250e+1,6.198437500e+0,-1.626493750e+0,
-4.100000000e+1,5.789062500e+0,-1.630731250e+0,
-3.901562500e+1,5.604687500e+0,-1.808706250e+0,
-3.700000000e+1,6.192187500e+0,-1.538918750e+0,
-3.801562500e+1,6.200000000e+0,-1.537506250e+0,
-4.000781250e+1,6.200000000e+0,-1.627200000e+0,
-3.704687500e+1,5.996875000e+0,-1.536800000e+0,
-3.300781250e+1,5.600000000e+0,-1.718306250e+0,
-3.596093750e+1,4.995312500e+0,-1.717600000e+0,
-3.600781250e+1,5.198437500e+0,-1.446400000e+0,
-3.601562500e+1,5.401562500e+0,-1.443575000e+0,
-3.500781250e+1,5.200000000e+0,-1.626493750e+0,
-3.703125000e+1,4.998437500e+0,-1.267012500e+0,
-3.697656250e+1,4.800000000e+0,-1.267718750e+0,
-3.498437500e+1,4.996875000e+0,-1.356000000e+0,
-3.503125000e+1,4.600000000e+0,-1.265600000e+0,
-3.598437500e+1,4.995312500e+0,-1.356000000e+0,
-3.300000000e+1,4.800000000e+0,-1.264187500e+0,
-3.599218750e+1,5.006250000e+0,-1.267012500e+0,
-3.400000000e+1,5.398437500e+0,-1.536800000e+0,
-3.700000000e+1,4.581250000e+0,-1.168843750e+0,
-3.403125000e+1,4.404687500e+0,-1.084800000e+0,
-3.397656250e+1,4.600000000e+0,-1.084800000e+0,
-3.500781250e+1,4.406250000e+0,-1.356000000e+0,
-3.296875000e+1,4.401562500e+0,-9.944000000e-1,
-3.200781250e+1,4.600000000e+0,-9.040000000e-1,
-3.400000000e+1,4.400000000e+0,-9.061187500e-1,
-3.099218750e+1,4.198437500e+0,-1.175200000e+0,
-3.199218750e+1,4.000000000e+0,-9.944000000e-1,
-3.300000000e+1,4.196875000e+0,-1.175200000e+0,
-3.100000000e+1,4.201562500e+0,-9.040000000e-1,
-3.200000000e+1,3.998437500e+0,-9.936937500e-1,
-3.100000000e+1,4.001562500e+0,-9.040000000e-1,
-3.200000000e+1,3.598437500e+0,-9.944000000e-1,
-3.201562500e+1,3.600000000e+0,-9.061187500e-1,
-2.901562500e+1,3.598437500e+0,-9.025875000e-1,
-2.796875000e+1,3.795312500e+0,-1.265600000e+0,
-3.000781250e+1,3.596875000e+0,-9.040000000e-1,
-2.600000000e+1,3.000000000e+0,-8.114812500e-1,
-3.002343750e+1,3.612500000e+0,-6.377437500e-1,
-2.797656250e+1,3.587500000e+0,-1.086212500e+0,
-2.800781250e+1,2.995312500e+0,-7.189625000e-1,
-2.800781250e+1,3.004687500e+0,-7.260250000e-1,
-2.900000000e+1,3.585937500e+0,-7.253187500e-1,
-2.901562500e+1,3.406250000e+0,-4.534125000e-1,
-2.601562500e+1,2.596875000e+0,-4.541187500e-1,
-2.496875000e+1,2.801562500e+0,-5.424000000e-1,
-2.797656250e+1,3.200000000e+0,-4.512937500e-1,
-2.704687500e+1,2.800000000e+0,-7.232000000e-1,
-2.503906250e+1,2.800000000e+0,-5.459312500e-1,
-2.505468750e+1,2.606250000e+0,-5.388687500e-1,
-2.801562500e+1,2.600000000e+0,-8.128937500e-1,
-2.597656250e+1,2.798437500e+0,-3.630125000e-1,
-2.500781250e+1,2.400000000e+0,-4.520000000e-1,
-2.602343750e+1,2.598437500e+0,-4.527062500e-1,
-2.599218750e+1,1.992187500e+0,-5.431062500e-1,
-2.499218750e+1,1.990625000e+0,-3.651312500e-1,
-2.497656250e+1,2.396875000e+0,-3.623062500e-1,
-2.603125000e+1,2.590625000e+0,-5.424000000e-1,
-2.300000000e+1,1.598437500e+0,-3.616000000e-1,
-2.596875000e+1,2.610937500e+0,-1.808000000e-1,
-2.505468750e+1,2.587500000e+0,-1.808000000e-1,
-2.199218750e+1,1.600000000e+0,-8.898750000e-2,
-2.503125000e+1,1.795312500e+0,-4.534125000e-1,
-2.295312500e+1,1.800000000e+0,-3.616000000e-1,
-2.001562500e+1,1.800000000e+0,0.000000000e+0,
-2.401562500e+1,1.600000000e+0,-9.181250000e-2,
-2.300781250e+1,1.396875000e+0,-2.719062500e-1,
-2.500000000e+1,1.200000000e+0,-1.808000000e-1,
-2.199218750e+1,1.406250000e+0,-7.062500000e-4,
-2.303125000e+1,1.000000000e+0,-9.110625000e-2,
-2.400781250e+1,1.200000000e+0,-1.815062500e-1,
-2.202343750e+1,8.015625000e-1,-9.110625000e-2,
-1.900000000e+1,7.984375000e-1,-9.040000000e-2,
-2.098437500e+1,6.015625000e-1,0.000000000e+0,
-2.300000000e+1,9.968750000e-1,1.800937500e-1,
-2.100781250e+1,1.014062500e+0,9.675625000e-2,
-2.200000000e+1,8.031250000e-1,-9.110625000e-2,
-2.000000000e+1,9.984375000e-1,1.808000000e-1,
-1.899218750e+1,1.906250000e-1,-5.650000000e-3,
-1.800781250e+1,3.125000000e-3,-8.969375000e-2,
-1.900000000e+1,2.015625000e-1,0.000000000e+0,
-1.900781250e+1,5.937500000e-1,1.412500000e-3,
-2.000000000e+1,1.001562500e+0,3.616000000e-1,
-2.100000000e+1,1.001562500e+0,9.110625000e-2,
-2.000000000e+1,4.000000000e-1,1.815062500e-1,
-2.000781250e+1,6.031250000e-1,1.808000000e-1,
-1.800781250e+1,3.968750000e-1,2.704937500e-1,
-1.802343750e+1,-3.125000000e-3,2.712000000e-1,
-1.500781250e+1,2.046875000e-1,2.712000000e-1,
-1.706250000e+1,-3.984375000e-1,2.712000000e-1,
-1.796875000e+1,-4.015625000e-1,2.719062500e-1,
-1.500000000e+1,-1.984375000e-1,5.424000000e-1,
-1.807812500e+1,-2.015625000e-1,3.623062500e-1,
-1.894531250e+1,-4.000000000e-1,3.616000000e-1,
-1.399218750e+1,-6.000000000e-1,3.587750000e-1,
-1.698437500e+1,-4.000000000e-1,6.328000000e-1,
-1.405468750e+1,-7.968750000e-1,2.712000000e-1,
-1.399218750e+1,-7.968750000e-1,5.424000000e-1,
-1.601562500e+1,-3.968750000e-1,3.623062500e-1,
-1.300781250e+1,-6.031250000e-1,7.232000000e-1,
-1.597656250e+1,-1.001562500e+0,8.136000000e-1,
-1.501562500e+1,-7.937500000e-1,6.370375000e-1,
-1.496093750e+1,-1.400000000e+0,4.512937500e-1,
-1.200000000e+1,-4.000000000e-1,8.143062500e-1,
-1.505468750e+1,-8.109375000e-1,6.320937500e-1,
-1.600781250e+1,-1.000000000e+0,7.217875000e-1,
-1.397656250e+1,-6.000000000e-1,9.025875000e-1,
-9.000000000e+0,-1.001562500e+0,7.232000000e-1,
-1.400000000e+1,-8.015625000e-1,9.944000000e-1,
-1.200781250e+1,-1.196875000e+0,6.328000000e-1,
-1.600000000e+1,-1.400000000e+0,7.232000000e-1,
-1.200000000e+1,-1.398437500e+0,7.210812500e-1,
-1.200000000e+1,-1.400000000e+0,9.040000000e-1,
-1.100000000e+1,-1.800000000e+0,7.232000000e-1,
-8.945312500e+0,-1.410937500e+0,9.018812500e-1,
-1.500000000e+1,-1.395312500e+0,8.136000000e-1,
-8.968750000e+0,-1.798437500e+0,9.032937500e-1,
-1.104687500e+1,-1.398437500e+0,8.136000000e-1,
-9.945312500e+0,-1.803125000e+0,9.972250000e-1,
-6.984375000e+0,-1.800000000e+0,1.085506250e+0,
-8.000000000e+0,-2.003125000e+0,1.173787500e+0,
-7.000000000e+0,-2.195312500e+0,1.356000000e+0,
-1.300781250e+1,-2.200000000e+0,1.084093750e+0,
-8.007812500e+0,-1.998437500e+0,1.173787500e+0,
-1.099218750e+1,-1.998437500e+0,1.175200000e+0,
-7.007812500e+0,-2.400000000e+0,1.173081250e+0,
-8.976562500e+0,-2.200000000e+0,7.232000000e-1,
-8.000000000e+0,-2.185937500e+0,1.081975000e+0,
-9.000000000e+0,-3.007812500e+0,1.175200000e+0,
-6.968750000e+0,-2.001562500e+0,1.355293750e+0,
-7.023437500e+0,-2.796875000e+0,1.269837500e+0,
-7.984375000e+0,-2.800000000e+0,1.084800000e+0,
-5.984375000e+0,-2.996875000e+0,1.445693750e+0,
-7.015625000e+0,-2.401562500e+0,1.268425000e+0,
-6.992187500e+0,-2.582812500e+0,1.175906250e+0,
-6.984375000e+0,-3.001562500e+0,1.084800000e+0,
-9.000000000e+0,-3.000000000e+0,1.173787500e+0,
-7.015625000e+0,-3.000000000e+0,1.356706250e+0,
-6.000000000e+0,-3.001562500e+0,1.262775000e+0,
-7.031250000e+0,-3.203125000e+0,1.175200000e+0,
-3.023437500e+0,-3.401562500e+0,1.536800000e+0,
-4.953125000e+0,-2.992187500e+0,1.358118750e+0,
-4.976562500e+0,-3.600000000e+0,1.356706250e+0,
-2.984375000e+0,-3.400000000e+0,1.446400000e+0,
-4.031250000e+0,-3.601562500e+0,1.898400000e+0,
-6.000000000e+0,-3.598437500e+0,1.540331250e+0,
-4.000000000e+0,-3.600000000e+0,1.446400000e+0,
-3.992187500e+0,-3.798437500e+0,1.537506250e+0,
-1.992187500e+0,-3.801562500e+0,1.626493750e+0,
-1.007812500e+0,-3.801562500e+0,1.629318750e+0,
-3.000000000e+0,-3.800000000e+0,1.536800000e+0,
-3.000000000e+0,-4.003125000e+0,1.896987500e+0,
-2.000000000e+0,-4.000000000e+0,1.812237500e+0,
-3.992187500e+0,-3.800000000e+0,1.536800000e+0,
-1.562500000e-2,-3.993750000e+0,1.892750000e+0,
-1.000000000e+0,-4.000000000e+0,1.812237500e+0,
0.000000000e+0,-4.198437500e+0,1.537506250e+0,
-7.812500000e-3,-4.607812500e+0,1.900518750e+0,
-1.007812500e+0,-4.589062500e+0,1.808000000e+0,
-1.015625000e+0,-3.798437500e+0,1.720425000e+0,
-9.765625000e-1,-4.000000000e+0,2.169600000e+0,
2.976562500e+0,-4.598437500e+0,1.808000000e+0,
1.046875000e+0,-4.400000000e+0,1.988093750e+0,
9.765625000e-1,-4.798437500e+0,1.898400000e+0,
2.968750000e+0,-4.796875000e+0,2.260706250e+0,
3.984375000e+0,-4.803125000e+0,2.171012500e+0,
3.070312500e+0,-5.401562500e+0,2.079200000e+0,
1.562500000e-2,-4.618750000e+0,1.899106250e+0,
2.023437500e+0,-4.593750000e+0,1.985268750e+0,
4.007812500e+0,-5.396875000e+0,2.168893750e+0,
4.000000000e+0,-5.195312500e+0,2.079200000e+0,
5.000000000e+0,-5.000000000e+0,2.259293750e+0,
4.992187500e+0,-5.200000000e+0,2.169600000e+0,
2.984375000e+0,-5.404687500e+0,2.169600000e+0,
2.000000000e+0,-4.993750000e+0,2.346868750e+0,
5.015625000e+0,-5.598437500e+0,2.350400000e+0,
1.015625000e+0,-5.600000000e+0,2.167481250e+0,
3.984375000e+0,-5.795312500e+0,2.078493750e+0,
4.015625000e+0,-5.403125000e+0,2.079906250e+0,
3.000000000e+0,-6.004687500e+0,2.257175000e+0,
4.000000000e+0,-5.801562500e+0,1.898400000e+0,
4.015625000e+0,-5.798437500e+0,2.350400000e+0,
7.023437500e+0,-5.400000000e+0,2.348281250e+0,
7.000000000e+0,-5.204687500e+0,2.442212500e+0,
6.976562500e+0,-5.804687500e+0,2.621600000e+0,
4.000000000e+0,-6.200000000e+0,2.437268750e+0,
6.992187500e+0,-6.195312500e+0,2.261412500e+0,
5.000000000e+0,-5.990625000e+0,2.529787500e+0,
9.000000000e+0,-6.403125000e+0,2.440800000e+0,
5.000000000e+0,-5.596875000e+0,2.440093750e+0,
7.992187500e+0,-6.007812500e+0,2.350400000e+0,
7.000000000e+0,-6.201562500e+0,2.440093750e+0,
7.992187500e+0,-6.198437500e+0,2.441506250e+0,
8.031250000e+0,-6.398437500e+0,2.709175000e+0,
6.000000000e+0,-6.792187500e+0,2.620187500e+0,
9.984375000e+0,-6.993750000e+0,2.440800000e+0,
8.992187500e+0,-5.995312500e+0,2.530493750e+0,
7.992187500e+0,-6.603125000e+0,2.349693750e+0,
8.007812500e+0,-6.403125000e+0,2.534731250e+0,
9.992187500e+0,-7.003125000e+0,2.620893750e+0,
1.000000000e+1,-6.798437500e+0,2.622306250e+0,
8.000000000e+0,-6.998437500e+0,2.712706250e+0,
1.099218750e+1,-6.398437500e+0,2.892800000e+0,
1.002343750e+1,-6.803125000e+0,2.712000000e+0,
8.992187500e+0,-7.000000000e+0,2.712706250e+0,
1.097656250e+1,-6.800000000e+0,2.983200000e+0,
1.101562500e+1,-7.000000000e+0,2.892800000e+0,
1.096875000e+1,-6.807812500e+0,2.532612500e+0,
1.299218750e+1,-7.000000000e+0,2.714118750e+0,
9.968750000e+0,-7.600000000e+0,3.071481250e+0,
1.000781250e+1,-7.200000000e+0,3.160468750e+0,
9.984375000e+0,-7.406250000e+0,2.801693750e+0,
1.001562500e+1,-7.595312500e+0,2.981081250e+0,
1.301562500e+1,-7.190625000e+0,3.253693750e+0,
1.399218750e+1,-8.200000000e+0,3.070068750e+0,
1.401562500e+1,-7.790625000e+0,2.801693750e+0,
1.201562500e+1,-7.401562500e+0,2.894918750e+0,
9.984375000e+0,-8.009375000e+0,3.168237500e+0,
1.496093750e+1,-7.998437500e+0,3.253693750e+0,
1.505468750e+1,-8.000000000e+0,2.983200000e+0,
1.199218750e+1,-7.796875000e+0,2.893506250e+0,
1.503125000e+1,-8.203125000e+0,3.254400000e+0,
1.398437500e+1,-7.998437500e+0,2.982493750e+0,
1.203125000e+1,-7.800000000e+0,3.075012500e+0,
1.800781250e+1,-8.204687500e+0,3.163293750e+0,
1.400000000e+1,-8.600000000e+0,3.163293750e+0,
1.800000000e+1,-8.401562500e+0,3.345506250e+0,
1.700000000e+1,-8.209375000e+0,3.254400000e+0,
1.500781250e+1,-7.596875000e+0,3.164000000e+0,
1.500000000e+1,-8.596875000e+0,3.164000000e+0,
1.399218750e+1,-8.398437500e+0,3.163293750e+0,
1.599218750e+1,-8.600000000e+0,3.252987500e+0,
1.599218750e+1,-8.200000000e+0,3.344800000e+0,
1.698437500e+1,-8.601562500e+0,3.252281250e+0,
1.800000000e+1,-8.403125000e+0,3.525600000e+0,
1.700000000e+1,-9.400000000e+0,3.431668750e+0,
1.597656250e+1,-8.787500000e+0,3.252281250e+0,
1.503906250e+1,-9.015625000e+0,3.255106250e+0,
1.998437500e+1,-9.401562500e+0,3.438731250e+0,
1.497656250e+1,-9.398437500e+0,3.522068750e+0,
1.898437500e+1,-9.398437500e+0,3.164000000e+0,
1.799218750e+1,-9.401562500e+0,3.612468750e+0,
1.999218750e+1,-9.400000000e+0,3.704987500e+0,
1.900000000e+1,-9.601562500e+0,3.706400000e+0,
1.999218750e+1,-9.798437500e+0,3.707106250e+0,
1.901562500e+1,-1.020000000e+1,3.525600000e+0,
1.899218750e+1,-1.020468750e+1,3.618825000e+0,
1.900781250e+1,-9.996875000e+0,3.254400000e+0,
2.000781250e+1,-1.040312500e+1,3.708518750e+0,
1.997656250e+1,-1.059687500e+1,3.796800000e+0,
2.004687500e+1,-1.040000000e+1,3.616000000e+0,
2.397656250e+1,-1.080000000e+1,3.616000000e+0,
2.000000000e+1,-1.019687500e+1,3.615293750e+0,
2.501562500e+1,-1.058906250e+1,3.793268750e+0,
2.202343750e+1,-1.059843750e+1,3.887200000e+0,
2.397656250e+1,-1.100312500e+1,3.887200000e+0,
2.303125000e+1,-1.119843750e+1,3.977600000e+0,
2.198437500e+1,-1.120312500e+1,4.158400000e+0,
2.399218750e+1,-1.139375000e+1,4.067293750e+0,
2.203906250e+1,-1.080156250e+1,4.068000000e+0,
2.202343750e+1,-1.159218750e+1,3.976893750e+0,
2.501562500e+1,-1.180000000e+1,3.977600000e+0,
2.599218750e+1,-1.139375000e+1,4.068000000e+0,
2.497656250e+1,-1.140000000e+1,4.339200000e+0,
2.400781250e+1,-1.240937500e+1,4.156987500e+0,
2.700000000e+1,-1.240000000e+1,4.068000000e+0,
2.500000000e+1,-1.199531250e+1,4.337787500e+0,
2.700781250e+1,-1.239843750e+1,4.429600000e+0,
2.798437500e+1,-1.240000000e+1,4.341318750e+0,
3.000000000e+1,-1.259843750e+1,4.248093750e+0,
2.800000000e+1,-1.300000000e+1,4.520706250e+0,
3.098437500e+1,-1.259687500e+1,4.520000000e+0,
3.100000000e+1,-1.259843750e+1,4.428893750e+0,
2.999218750e+1,-1.241875000e+1,4.608281250e+0,
3.200000000e+1,-1.220468750e+1,4.609693750e+0,
3.100000000e+1,-1.300468750e+1,4.700093750e+0,
3.200781250e+1,-1.320000000e+1,4.431012500e+0,
3.198437500e+1,-1.319062500e+1,4.791906250e+0,
3.200781250e+1,-1.280312500e+1,4.610400000e+0,
3.400000000e+1,-1.320468750e+1,4.792612500e+0,
3.200000000e+1,-1.260156250e+1,4.972000000e+0,
3.300000000e+1,-1.359843750e+1,4.791906250e+0,
3.400000000e+1,-1.320000000e+1,4.791200000e+0,
3.699218750e+1,-1.360625000e+1,4.791200000e+0,
3.503125000e+1,-1.359843750e+1,4.880187500e+0,
3.497656250e+1,-1.300312500e+1,5.152800000e+0,
3.600781250e+1,-1.319375000e+1,5.243906250e+0,
3.502343750e+1,-1.359687500e+1,4.882306250e+0,
3.800781250e+1,-1.420000000e+1,5.063106250e+0,
3.598437500e+1,-1.360156250e+1,5.152800000e+0,
3.696093750e+1,-1.440468750e+1,5.062400000e+0,
3.402343750e+1,-1.400000000e+1,5.152800000e+0,
3.902343750e+1,-1.400000000e+1,5.244612500e+0,
3.605468750e+1,-1.400000000e+1,5.061693750e+0,
3.597656250e+1,-1.400312500e+1,5.333600000e+0,
3.699218750e+1,-1.380156250e+1,5.333600000e+0,
3.800781250e+1,-1.420156250e+1,5.514400000e+0,
3.796875000e+1,-1.400156250e+1,5.424000000e+0,
4.102343750e+1,-1.440156250e+1,5.333600000e+0,
3.602343750e+1,-1.418906250e+1,5.422587500e+0,
3.903125000e+1,-1.520000000e+1,5.424000000e+0,
3.801562500e+1,-1.420000000e+1,5.421881250e+0,
4.103125000e+1,-1.500468750e+1,5.152093750e+0,
3.995312500e+1,-1.440000000e+1,5.332187500e+0,
3.600000000e+1,-1.480000000e+1,5.514400000e+0,
4.000000000e+1,-1.440156250e+1,5.422587500e+0,
3.700000000e+1,-1.516562500e+1,5.241787500e+0,
4.103906250e+1,-1.540625000e+1,5.424000000e+0,
4.200000000e+1,-1.459375000e+1,5.243200000e+0,
4.000000000e+1,-1.480468750e+1,5.422587500e+0,
4.000000000e+1,-1.560000000e+1,5.424000000e+0,
4.100000000e+1,-1.539375000e+1,5.604800000e+0,
4.103906250e+1,-1.499218750e+1,5.608331250e+0,
3.800000000e+1,-1.540156250e+1,5.424000000e+0,
4.100781250e+1,-1.520156250e+1,5.514400000e+0,
3.898437500e+1,-1.600937500e+1,5.515106250e+0,
4.104687500e+1,-1.579218750e+1,5.694493750e+0,
4.199218750e+1,-1.540937500e+1,5.512281250e+0,
4.099218750e+1,-1.600312500e+1,5.604093750e+0,
4.100000000e+1,-1.562187500e+1,5.604800000e+0,
4.100781250e+1,-1.560000000e+1,5.604093750e+0,
4.299218750e+1,-1.599531250e+1,5.515812500e+0,
4.203125000e+1,-1.539843750e+1,5.423293750e+0,
3.900000000e+1,-1.659843750e+1,5.695906250e+0,
4.095312500e+1,-1.599843750e+1,5.695200000e+0,
4.196875000e+1,-1.598906250e+1,5.876000000e+0,
4.292968750e+1,-1.641875000e+1,5.694493750e+0,
3.797656250e+1,-1.520156250e+1,5.785600000e+0,
4.203125000e+1,-1.599843750e+1,5.604093750e+0,
4.301562500e+1,-1.580000000e+1,5.876000000e+0,
4.399218750e+1,-1.640000000e+1,5.785600000e+0,
4.195312500e+1,-1.580156250e+1,5.787012500e+0,
4.001562500e+1,-1.619218750e+1,5.604800000e+0,
4.297656250e+1,-1.600156250e+1,5.785600000e+0,
4.302343750e+1,-1.640000000e+1,5.786306250e+0,
4.298437500e+1,-1.700312500e+1,5.604800000e+0,
4.600000000e+1,-1.699843750e+1,5.786306250e+0,
4.198437500e+1,-1.720625000e+1,5.785600000e+0,
4.794531250e+1,-1.760156250e+1,5.966400000e+0,
4.510156250e+1,-1.682812500e+1,5.967106250e+0,
4.201562500e+1,-1.660000000e+1,5.965693750e+0,
4.501562500e+1,-1.679843750e+1,6.056800000e+0,
4.399218750e+1,-1.700156250e+1,5.966400000e+0,
4.600781250e+1,-1.699687500e+1,6.145787500e+0,
4.600000000e+1,-1.680000000e+1,6.147200000e+0,
4.400781250e+1,-1.719687500e+1,6.056093750e+0,
4.800781250e+1,-1.719531250e+1,6.057506250e+0,
4.600000000e+1,-1.780156250e+1,5.965693750e+0,
4.800000000e+1,-1.740000000e+1,6.237600000e+0,
4.600000000e+1,-1.779375000e+1,6.237600000e+0,
4.600000000e+1,-1.700156250e+1,6.148612500e+0,
5.002343750e+1,-1.820000000e+1,6.056800000e+0,
5.200000000e+1,-1.781562500e+1,6.236893750e+0,
4.901562500e+1,-1.799843750e+1,6.147906250e+0,
4.800000000e+1,-1.840000000e+1,6.330118750e+0,
5.401562500e+1,-1.819062500e+1,6.508093750e+0,
5.095312500e+1,-1.780312500e+1,6.328000000e+0,
5.000000000e+1,-1.820000000e+1,6.329412500e+0,
5.102343750e+1,-1.760000000e+1,6.418400000e+0,
5.302343750e+1,-1.799687500e+1,6.237600000e+0,
5.000781250e+1,-1.860000000e+1,6.416987500e+0,
5.296875000e+1,-1.820156250e+1,6.418400000e+0,
5.296093750e+1,-1.840000000e+1,6.690306250e+0,
5.504687500e+1,-1.800000000e+1,6.599200000e+0,
5.099218750e+1,-1.839531250e+1,6.780000000e+0,
5.494531250e+1,-1.841093750e+1,6.601318750e+0,
5.400781250e+1,-1.819687500e+1,6.508800000e+0,
5.699218750e+1,-1.880000000e+1,6.597787500e+0,
5.297656250e+1,-1.839843750e+1,6.780000000e+0,
5.200000000e+1,-1.880312500e+1,6.779293750e+0,
5.401562500e+1,-1.880000000e+1,6.870400000e+0,
5.500000000e+1,-1.879687500e+1,6.599200000e+0,
5.500000000e+1,-1.901875000e+1,6.962918750e+0,
5.501562500e+1,-1.840000000e+1,6.508800000e+0,
5.399218750e+1,-1.920468750e+1,6.874637500e+0,
5.599218750e+1,-1.898593750e+1,6.775056250e+0,
5.500781250e+1,-1.901875000e+1,6.599200000e+0,
5.696093750e+1,-1.959687500e+1,6.872518750e+0,
5.900000000e+1,-1.880156250e+1,6.960800000e+0,
5.797656250e+1,-1.940156250e+1,6.960800000e+0,
5.801562500e+1,-1.920000000e+1,6.960093750e+0,
5.899218750e+1,-1.900468750e+1,6.960800000e+0,
5.700000000e+1,-1.940312500e+1,7.051200000e+0,
6.000781250e+1,-1.920000000e+1,7.140187500e+0,
5.900781250e+1,-1.900000000e+1,6.868281250e+0,
5.800000000e+1,-1.900468750e+1,6.960800000e+0,
5.498437500e+1,-1.899687500e+1,6.960800000e+0,
5.498437500e+1,-1.959843750e+1,7.323106250e+0,
5.899218750e+1,-1.920468750e+1,7.143012500e+0,
5.700000000e+1,-2.000000000e+1,6.960093750e+0,
5.399218750e+1,-1.899843750e+1,7.232000000e+0,
5.798437500e+1,-1.980000000e+1,7.051906250e+0,
5.500000000e+1,-1.919687500e+1,7.140187500e+0,
5.598437500e+1,-2.020156250e+1,6.777881250e+0,
5.800781250e+1,-1.939531250e+1,7.052612500e+0,
5.896093750e+1,-2.000468750e+1,7.228468750e+0,
5.600781250e+1,-1.979687500e+1,6.776468750e+0,
6.099218750e+1,-1.979687500e+1,7.049787500e+0,
5.800000000e+1,-1.939531250e+1,7.143718750e+0,
5.699218750e+1,-1.980000000e+1,6.960800000e+0,
5.700000000e+1,-1.940156250e+1,7.141600000e+0,
5.698437500e+1,-2.020312500e+1,7.141600000e+0,
5.999218750e+1,-2.000000000e+1,6.960800000e+0,
5.900781250e+1,-1.979531250e+1,7.232000000e+0,
6.096093750e+1,-1.960000000e+1,7.141600000e+0,
6.200781250e+1,-1.978281250e+1,7.233412500e+0,
5.997656250e+1,-2.000000000e+1,7.051906250e+0,
5.897656250e+1,-1.940156250e+1,7.411387500e+0,
5.698437500e+1,-2.040312500e+1,7.321693750e+0,
5.803125000e+1,-2.019843750e+1,7.503200000e+0,
6.000000000e+1,-2.060312500e+1,7.323812500e+0,
5.898437500e+1,-2.041093750e+1,7.050493750e+0,
5.995312500e+1,-2.000000000e+1,7.413506250e+0,
6.203906250e+1,-2.020468750e+1,7.140893750e+0,
5.701562500e+1,-2.019843750e+1,7.232000000e+0,
5.799218750e+1,-1.980000000e+1,7.140187500e+0,
5.800000000e+1,-2.020937500e+1,7.323106250e+0,
5.800781250e+1,-2.040000000e+1,7.412800000e+0,
5.700000000e+1,-2.040781250e+1,7.051200000e+0,
5.802343750e+1,-2.000000000e+1,7.412800000e+0,
5.900000000e+1,-2.040312500e+1,7.321693750e+0,
5.798437500e+1,-2.060000000e+1,7.320987500e+0,
5.800781250e+1,-2.040156250e+1,7.140893750e+0,
5.998437500e+1,-2.080000000e+1,7.412093750e+0,
6.100000000e+1,-2.060312500e+1,7.229175000e+0,
5.900000000e+1,-2.020312500e+1,7.141600000e+0,
6.000000000e+1,-2.000468750e+1,7.320281250e+0,
5.799218750e+1,-1.979687500e+1,7.412800000e+0,
6.199218750e+1,-2.080312500e+1,7.232000000e+0,
6.003125000e+1,-2.060000000e+1,7.319575000e+0,
5.800781250e+1,-2.080156250e+1,7.413506250e+0,
5.796875000e+1,-2.039843750e+1,7.054025000e+0,
6.298437500e+1,-2.080000000e+1,7.232000000e+0,
6.200000000e+1,-2.020000000e+1,7.412800000e+0,
6.197656250e+1,-2.040625000e+1,7.318868750e+0,
5.697656250e+1,-2.039843750e+1,7.232000000e+0,
5.801562500e+1,-2.039843750e+1,7.323106250e+0,
5.902343750e+1,-2.020000000e+1,7.321693750e+0,
6.200000000e+1,-2.038750000e+1,7.320281250e+0,
5.799218750e+1,-2.060156250e+1,7.414212500e+0,
6.300000000e+1,-2.039843750e+1,7.139481250e+0,
5.804687500e+1,-2.040000000e+1,7.320281250e+0,
5.995312500e+1,-2.040000000e+1,7.594306250e+0,
6.100781250e+1,-2.040000000e+1,7.232000000e+0,
6.000000000e+1,-2.099843750e+1,7.138068750e+0,
5.998437500e+1,-2.079843750e+1,7.411387500e+0,
5.902343750e+1,-2.120156250e+1,7.321693750e+0,
6.099218750e+1,-2.099843750e+1,7.322400000e+0,
5.797656250e+1,-2.100000000e+1,7.232000000e+0,
5.901562500e+1,-2.099843750e+1,7.415625000e+0,
5.900781250e+1,-2.060312500e+1,7.593600000e+0,
6.100000000e+1,-2.100937500e+1,7.325931250e+0,
6.098437500e+1,-2.020156250e+1,7.413506250e+0,
6.299218750e+1,-2.061093750e+1,7.593600000e+0,
6.103125000e+1,-2.119687500e+1,7.503200000e+0,
5.998437500e+1,-2.039687500e+1,7.587950000e+0,
6.099218750e+1,-2.060156250e+1,6.959387500e+0,
6.002343750e+1,-2.040000000e+1,7.319575000e+0,
6.002343750e+1,-2.099687500e+1,7.232000000e+0,
6.199218750e+1,-2.079843750e+1,7.412800000e+0,
6.100000000e+1,-2.039687500e+1,7.503200000e+0,
6.299218750e+1,-2.040000000e+1,7.411387500e+0,
6.200781250e+1,-2.120781250e+1,7.232706250e+0,
6.500000000e+1,-2.140000000e+1,7.593600000e+0,
6.098437500e+1,-2.140000000e+1,7.323812500e+0,
6.100000000e+1,-2.120156250e+1,7.231293750e+0,
5.999218750e+1,-2.100000000e+1,7.231293750e+0,
6.299218750e+1,-2.119843750e+1,7.411387500e+0,
6.098437500e+1,-2.139843750e+1,7.592893750e+0,
5.900000000e+1,-2.099687500e+1,7.322400000e+0,
5.999218750e+1,-2.100000000e+1,7.318162500e+0,
6.101562500e+1,-2.099218750e+1,7.772281250e+0,
5.800000000e+1,-2.119843750e+1,7.503906250e+0,
5.900000000e+1,-2.100312500e+1,7.503200000e+0,
6.301562500e+1,-2.139687500e+1,7.496843750e+0,
6.097656250e+1,-2.080312500e+1,7.233412500e+0,
5.998437500e+1,-2.160468750e+1,7.684000000e+0,
5.800781250e+1,-2.100937500e+1,7.502493750e+0,
6.300000000e+1,-2.080156250e+1,7.593600000e+0,
6.000000000e+1,-2.080000000e+1,7.502493750e+0,
6.300000000e+1,-2.100000000e+1,7.684000000e+0,
6.599218750e+1,-2.100156250e+1,7.503200000e+0,
6.403125000e+1,-2.120000000e+1,7.593600000e+0,
6.299218750e+1,-2.079843750e+1,7.503200000e+0,
6.300781250e+1,-2.140000000e+1,7.593600000e+0,
6.099218750e+1,-2.099843750e+1,7.503906250e+0,
6.199218750e+1,-2.199843750e+1,7.414212500e+0,
6.000000000e+1,-2.158906250e+1,7.865506250e+0,
6.198437500e+1,-2.120156250e+1,7.593600000e+0,
5.898437500e+1,-2.140000000e+1,7.774400000e+0,
6.100781250e+1,-2.120312500e+1,7.412800000e+0,
5.997656250e+1,-2.080000000e+1,7.684000000e+0,
6.298437500e+1,-2.140000000e+1,7.412800000e+0,
6.100000000e+1,-2.059218750e+1,7.504612500e+0,
6.199218750e+1,-2.061250000e+1,7.593600000e+0,
6.100000000e+1,-2.140468750e+1,7.593600000e+0,
6.100781250e+1,-2.160000000e+1,7.955200000e+0,
6.000781250e+1,-2.119375000e+1,7.597131250e+0,
6.102343750e+1,-2.200000000e+1,7.594306250e+0,
6.201562500e+1,-2.140000000e+1,7.412800000e+0,
6.195312500e+1,-2.119843750e+1,7.503200000e+0,
5.900781250e+1,-2.100000000e+1,7.412093750e+0,
6.300781250e+1,-2.120000000e+1,7.684000000e+0,
6.200000000e+1,-2.100000000e+1,7.593600000e+0,
6.400000000e+1,-2.097812500e+1,7.775812500e+0,
6.498437500e+1,-2.160156250e+1,7.412800000e+0,
6.200000000e+1,-2.099375000e+1,7.503200000e+0,
6.200000000e+1,-2.120312500e+1,7.503906250e+0,
5.799218750e+1,-2.180000000e+1,7.503200000e+0,
6.000000000e+1,-2.159375000e+1,7.684000000e+0,
6.499218750e+1,-2.100468750e+1,7.328756250e+0,
6.097656250e+1,-2.139218750e+1,7.412800000e+0,
6.002343750e+1,-2.179843750e+1,7.684000000e+0,
6.200781250e+1,-2.119375000e+1,7.593600000e+0,
6.098437500e+1,-2.119687500e+1,7.687531250e+0,
6.097656250e+1,-2.059843750e+1,7.769456250e+0,
6.000781250e+1,-2.141250000e+1,7.412800000e+0,
6.300000000e+1,-2.161250000e+1,7.683293750e+0,
6.299218750e+1,-2.120000000e+1,7.592893750e+0,
6.199218750e+1,-2.100156250e+1,7.503200000e+0,
6.400781250e+1,-2.120000000e+1,7.412800000e+0,
6.199218750e+1,-2.119687500e+1,7.412800000e+0,
6.495312500e+1,-2.200156250e+1,7.503906250e+0,
6.403906250e+1,-2.140312500e+1,7.234118750e+0,
6.095312500e+1,-2.180156250e+1,7.416331250e+0,
6.104687500e+1,-2.120000000e+1,7.772987500e+0,
6.400781250e+1,-2.179843750e+1,7.686118750e+0,
6.298437500e+1,-2.160000000e+1,7.593600000e+0,
6.295312500e+1,-2.100468750e+1,7.502493750e+0,
6.000781250e+1,-2.179843750e+1,7.682587500e+0,
6.301562500e+1,-2.139531250e+1,7.595718750e+0,
6.103125000e+1,-2.200000000e+1,7.593600000e+0,
6.096093750e+1,-2.140000000e+1,7.774400000e+0,
6.399218750e+1,-2.160156250e+1,7.497550000e+0,
6.200781250e+1,-2.160468750e+1,7.323812500e+0,
6.100781250e+1,-2.179687500e+1,7.593600000e+0,
6.096875000e+1,-2.120000000e+1,7.503200000e+0,
6.300781250e+1,-2.178437500e+1,7.594306250e+0,
6.098437500e+1,-2.160000000e+1,7.412800000e+0,
6.303906250e+1,-2.140156250e+1,7.593600000e+0,
6.399218750e+1,-2.140312500e+1,7.594306250e+0,
6.198437500e+1,-2.200312500e+1,7.684000000e+0,
6.100000000e+1,-2.180312500e+1,7.412800000e+0,
6.199218750e+1,-2.160625000e+1,7.232000000e+0,
5.900000000e+1,-2.139687500e+1,7.410681250e+0,
6.201562500e+1,-2.179843750e+1,7.503906250e+0,
6.400000000e+1,-2.160156250e+1,7.503200000e+0,
6.500000000e+1,-2.159687500e+1,7.683293750e+0,
5.900000000e+1,-2.120000000e+1,7.595012500e+0,
6.201562500e+1,-2.160000000e+1,7.593600000e+0,
6.300000000e+1,-2.180000000e+1,7.683293750e+0,
6.100781250e+1,-2.180000000e+1,7.594306250e+0,
6.100000000e+1,-2.200000000e+1,7.502493750e+0,
5.896875000e+1,-2.200312500e+1,7.504612500e+0,
6.004687500e+1,-2.198750000e+1,7.684000000e+0,
6.702343750e+1,-2.099843750e+1,7.592893750e+0,
6.393750000e+1,-2.140000000e+1,7.593600000e+0,
6.000781250e+1,-2.120000000e+1,7.412800000e+0,
6.196875000e+1,-2.160000000e+1,7.592187500e+0,
6.198437500e+1,-2.200000000e+1,7.593600000e+0,
6.397656250e+1,-2.179218750e+1,7.774400000e+0,
6.208593750e+1,-2.100000000e+1,7.684706250e+0,
5.998437500e+1,-2.159687500e+1,7.684000000e+0,
6.192187500e+1,-2.120937500e+1,7.593600000e+0,
6.297656250e+1,-2.159375000e+1,7.681881250e+0,
6.301562500e+1,-2.220000000e+1,7.773693750e+0,
6.700000000e+1,-2.179687500e+1,7.772281250e+0,
6.399218750e+1,-2.159843750e+1,7.682587500e+0,
6.500781250e+1,-2.120000000e+1,8.045600000e+0,
6.298437500e+1,-2.159531250e+1,7.684000000e+0,
6.200000000e+1,-2.180312500e+1,7.684706250e+0,
6.103125000e+1,-2.160156250e+1,7.503200000e+0,
5.997656250e+1,-2.140156250e+1,7.595718750e+0,
6.398437500e+1,-2.159843750e+1,7.682587500e+0,
6.303125000e+1,-2.140000000e+1,7.593600000e+0,
6.100000000e+1,-2.160000000e+1,7.773693750e+0,
6.199218750e+1,-2.120156250e+1,7.503200000e+0,
6.099218750e+1,-2.120000000e+1,7.684000000e+0,
6.201562500e+1,-2.100000000e+1,7.502493750e+0,
6.300781250e+1,-2.140468750e+1,7.686118750e+0,
6.398437500e+1,-2.140000000e+1,7.684000000e+0,
6.300000000e+1,-2.160000000e+1,7.502493750e+0,
6.500000000e+1,-2.140000000e+1,7.595718750e+0,
6.200000000e+1,-2.140781250e+1,7.596425000e+0,
6.000000000e+1,-2.100000000e+1,7.412800000e+0,
6.198437500e+1,-2.140312500e+1,7.865506250e+0,
6.400000000e+1,-2.140000000e+1,7.686118750e+0,
6.100000000e+1,-2.139843750e+1,7.322400000e+0,
6.099218750e+1,-2.100000000e+1,7.685412500e+0,
6.301562500e+1,-2.139843750e+1,7.686118750e+0,
6.000000000e+1,-2.160156250e+1,7.592893750e+0,
6.199218750e+1,-2.140000000e+1,7.592893750e+0,
6.200781250e+1,-2.119218750e+1,7.502493750e+0,
6.399218750e+1,-2.080000000e+1,7.503200000e+0,
6.098437500e+1,-2.120937500e+1,7.502493750e+0,
6.100000000e+1,-2.139687500e+1,7.502493750e+0,
6.100000000e+1,-2.118593750e+1,7.592187500e+0,
6.200000000e+1,-2.180000000e+1,7.592893750e+0,
6.200000000e+1,-2.099843750e+1,7.412800000e+0,
6.199218750e+1,-2.160156250e+1,7.684000000e+0,
6.200000000e+1,-2.140000000e+1,7.592893750e+0,
6.100000000e+1,-2.180468750e+1,7.503200000e+0,
6.197656250e+1,-2.160312500e+1,7.593600000e+0,
6.300000000e+1,-2.120937500e+1,7.413506250e+0,
6.198437500e+1,-2.120000000e+1,7.503200000e+0,
6.098437500e+1,-2.160312500e+1,7.501787500e+0,
6.000781250e+1,-2.180156250e+1,7.771575000e+0,
6.101562500e+1,-2.179843750e+1,7.322400000e+0,
5.994531250e+1,-2.139531250e+1,7.772987500e+0,
5.700781250e+1,-2.100156250e+1,7.684000000e+0,
6.097656250e+1,-2.140000000e+1,7.682587500e+0,
5.998437500e+1,-2.139843750e+1,7.412093750e+0,
6.299218750e+1,-2.119843750e+1,7.504612500e+0,
6.199218750e+1,-2.100000000e+1,7.593600000e+0,
6.397656250e+1,-2.099531250e+1,7.592893750e+0,
6.403125000e+1,-2.100000000e+1,7.503200000e+0,
6.102343750e+1,-2.160156250e+1,7.412093750e+0,
6.098437500e+1,-2.099687500e+1,7.412800000e+0,
5.900000000e+1,-2.120156250e+1,7.684000000e+0,
6.201562500e+1,-2.120000000e+1,7.503200000e+0,
6.300781250e+1,-2.100156250e+1,7.684706250e+0,
6.400000000e+1,-2.120000000e+1,7.323106250e+0,
6.300000000e+1,-2.080312500e+1,7.414212500e+0,
6.200000000e+1,-2.080000000e+1,7.503200000e+0,
6.100000000e+1,-2.079687500e+1,7.684000000e+0,
6.098437500e+1,-2.120000000e+1,7.503200000e+0,
6.400781250e+1,-2.080156250e+1,7.503200000e+0,
5.901562500e+1,-2.140000000e+1,7.502493750e+0,
6.199218750e+1,-2.100156250e+1,7.503906250e+0,
6.097656250e+1,-2.099218750e+1,7.321693750e+0,
6.500781250e+1,-2.120000000e+1,7.503200000e+0,
5.900000000e+1,-2.100000000e+1,7.413506250e+0,
6.200781250e+1,-2.100625000e+1,7.499668750e+0,
5.900781250e+1,-2.119687500e+1,7.139481250e+0,
6.300000000e+1,-2.079843750e+1,7.419156250e+0,
5.898437500e+1,-2.080312500e+1,7.683293750e+0,
6.199218750e+1,-2.080781250e+1,7.506731250e+0,
6.099218750e+1,-2.060156250e+1,7.409975000e+0,
6.400000000e+1,-2.080625000e+1,7.591481250e+0,
6.003125000e+1,-2.119843750e+1,7.232000000e+0,
6.098437500e+1,-2.040156250e+1,7.591481250e+0,
6.001562500e+1,-2.080000000e+1,7.412800000e+0,
5.996093750e+1,-2.100312500e+1,7.413506250e+0,
6.098437500e+1,-2.061093750e+1,7.322400000e+0,
5.898437500e+1,-2.060312500e+1,7.504612500e+0,
6.001562500e+1,-2.140312500e+1,7.684000000e+0,
5.896875000e+1,-2.100000000e+1,7.503200000e+0,
5.697656250e+1,-2.080156250e+1,7.593600000e+0,
5.700000000e+1,-2.120156250e+1,7.503200000e+0,
5.700781250e+1,-2.081406250e+1,7.596425000e+0,
5.899218750e+1,-2.080000000e+1,7.230587500e+0,
5.896875000e+1,-2.079687500e+1,7.322400000e+0,
6.200781250e+1,-2.040156250e+1,7.412800000e+0,
5.900781250e+1,-2.080312500e+1,7.322400000e+0,
6.097656250e+1,-2.059531250e+1,7.412800000e+0,
6.002343750e+1,-2.059843750e+1,7.324518750e+0,
5.896875000e+1,-2.119687500e+1,7.050493750e+0,
5.701562500e+1,-2.099843750e+1,7.232000000e+0,
6.000781250e+1,-2.059687500e+1,7.412800000e+0,
5.797656250e+1,-2.060000000e+1,7.140187500e+0,
5.900781250e+1,-2.140156250e+1,7.051906250e+0,
6.100000000e+1,-2.080000000e+1,7.322400000e+0,
5.898437500e+1,-2.080468750e+1,7.321693750e+0,
5.800781250e+1,-2.040156250e+1,7.412800000e+0,
5.899218750e+1,-2.060000000e+1,7.323106250e+0,
5.900000000e+1,-2.020000000e+1,7.322400000e+0,
5.800000000e+1,-2.080781250e+1,7.322400000e+0,
5.900000000e+1,-2.099062500e+1,7.322400000e+0,
5.700000000e+1,-2.020312500e+1,7.230587500e+0,
5.899218750e+1,-2.075625000e+1,7.325225000e+0,
5.700000000e+1,-2.119218750e+1,7.051200000e+0,
5.700000000e+1,-2.019218750e+1,7.232706250e+0,
5.702343750e+1,-2.041406250e+1,7.227762500e+0,
5.899218750e+1,-2.120000000e+1,7.143718750e+0,
5.598437500e+1,-2.079843750e+1,7.412800000e+0,
5.600000000e+1,-2.100000000e+1,6.961506250e+0,
5.700000000e+1,-2.039375000e+1,7.593600000e+0,
5.800000000e+1,-2.000000000e+1,7.052612500e+0,
5.800000000e+1,-2.040000000e+1,7.236237500e+0,
6.000000000e+1,-2.040000000e+1,7.322400000e+0,
5.702343750e+1,-2.039843750e+1,7.051200000e+0,
5.797656250e+1,-1.999843750e+1,7.232000000e+0,
5.799218750e+1,-2.059062500e+1,7.503906250e+0,
5.796875000e+1,-2.040312500e+1,6.962212500e+0,
5.599218750e+1,-2.000156250e+1,7.143718750e+0,
5.701562500e+1,-2.000468750e+1,7.502493750e+0,
5.699218750e+1,-2.060468750e+1,7.051906250e+0,
5.701562500e+1,-2.100000000e+1,7.232000000e+0,
5.798437500e+1,-2.080468750e+1,7.143012500e+0,
5.600000000e+1,-2.000312500e+1,7.051200000e+0,
5.797656250e+1,-1.999687500e+1,7.051200000e+0,
5.700781250e+1,-2.020156250e+1,7.049787500e+0,
5.598437500e+1,-2.019687500e+1,6.960800000e+0,
5.798437500e+1,-2.020312500e+1,7.141600000e+0,
5.704687500e+1,-2.100000000e+1,7.322400000e+0,
5.492968750e+1,-2.021718750e+1,7.143718750e+0,
6.002343750e+1,-1.980000000e+1,7.141600000e+0,
5.589843750e+1,-1.980000000e+1,7.140187500e+0,
5.402343750e+1,-2.039843750e+1,6.960093750e+0,
5.703125000e+1,-1.980000000e+1,7.050493750e+0,
5.597656250e+1,-2.040000000e+1,7.143718750e+0,
5.199218750e+1,-2.019843750e+1,7.230587500e+0,
5.500000000e+1,-1.980000000e+1,6.782118750e+0,
5.897656250e+1,-1.999843750e+1,6.960800000e+0,
5.400000000e+1,-1.979843750e+1,6.960800000e+0,
5.500000000e+1,-1.980000000e+1,7.052612500e+0,
5.700000000e+1,-2.000000000e+1,6.870400000e+0,
5.600000000e+1,-2.019843750e+1,7.141600000e+0,
5.401562500e+1,-1.980468750e+1,7.056143750e+0,
5.501562500e+1,-1.980000000e+1,6.960800000e+0,
5.800781250e+1,-1.960156250e+1,7.051906250e+0,
5.595312500e+1,-1.980000000e+1,7.051200000e+0,
5.399218750e+1,-1.960156250e+1,7.051200000e+0,
5.503125000e+1,-2.000312500e+1,7.145837500e+0,
5.498437500e+1,-1.959531250e+1,7.322400000e+0,
5.200000000e+1,-1.958593750e+1,7.051906250e+0,
5.599218750e+1,-1.980000000e+1,7.050493750e+0,
5.099218750e+1,-1.939843750e+1,6.871106250e+0,
5.696093750e+1,-1.959843750e+1,6.870400000e+0,
5.500781250e+1,-1.980156250e+1,6.870400000e+0,
5.399218750e+1,-1.919843750e+1,6.871106250e+0,
5.401562500e+1,-1.939218750e+1,6.690306250e+0,
5.195312500e+1,-1.960468750e+1,6.872518750e+0,
5.306250000e+1,-1.940000000e+1,7.050493750e+0,
5.599218750e+1,-1.960000000e+1,6.963625000e+0,
5.296875000e+1,-1.940000000e+1,6.780000000e+0,
5.399218750e+1,-1.940312500e+1,6.869693750e+0,
5.198437500e+1,-1.960000000e+1,6.871812500e+0,
5.300781250e+1,-1.940156250e+1,6.778587500e+0,
5.299218750e+1,-1.960000000e+1,6.960800000e+0,
5.400781250e+1,-1.940000000e+1,6.780706250e+0,
5.200000000e+1,-1.900156250e+1,6.689600000e+0,
5.299218750e+1,-1.961093750e+1,6.781412500e+0,
5.401562500e+1,-1.959687500e+1,6.870400000e+0,
5.200000000e+1,-1.900468750e+1,6.780000000e+0,
5.395312500e+1,-1.858593750e+1,6.780000000e+0,
5.396093750e+1,-1.920000000e+1,6.690306250e+0,
5.099218750e+1,-1.900000000e+1,6.689600000e+0,
5.300781250e+1,-1.920156250e+1,6.872518750e+0,
5.200000000e+1,-1.939843750e+1,7.050493750e+0,
5.300000000e+1,-1.919843750e+1,6.870400000e+0,
5.099218750e+1,-1.960000000e+1,6.597787500e+0,
5.200781250e+1,-1.920312500e+1,6.597081250e+0,
5.299218750e+1,-1.939531250e+1,6.690306250e+0,
5.000000000e+1,-1.940312500e+1,6.599200000e+0,
5.000000000e+1,-1.879843750e+1,6.779293750e+0,
5.400000000e+1,-1.920156250e+1,6.690306250e+0,
5.199218750e+1,-1.920000000e+1,6.780000000e+0,
5.299218750e+1,-1.900937500e+1,6.777881250e+0,
5.298437500e+1,-1.860312500e+1,6.871106250e+0,
5.600000000e+1,-1.839843750e+1,6.597787500e+0,
5.196875000e+1,-1.920781250e+1,6.692425000e+0,
5.100000000e+1,-1.899375000e+1,6.780000000e+0,
5.100781250e+1,-1.900156250e+1,6.508800000e+0,
5.302343750e+1,-1.920000000e+1,6.689600000e+0,
5.403906250e+1,-1.840156250e+1,6.508800000e+0,
5.006250000e+1,-1.880000000e+1,6.597787500e+0,
4.900000000e+1,-1.820156250e+1,6.599200000e+0,
4.992968750e+1,-1.860312500e+1,6.690306250e+0,
5.392968750e+1,-1.840000000e+1,6.780000000e+0,
5.402343750e+1,-1.860468750e+1,6.780000000e+0,
5.396875000e+1,-1.800000000e+1,6.780000000e+0,
5.398437500e+1,-1.859687500e+1,6.691012500e+0,
4.998437500e+1,-1.820625000e+1,6.599200000e+0,
5.001562500e+1,-1.820468750e+1,6.687481250e+0,
5.400000000e+1,-1.880312500e+1,6.417693750e+0,
5.097656250e+1,-1.880000000e+1,6.870400000e+0,
5.099218750e+1,-1.860156250e+1,6.689600000e+0,
5.000000000e+1,-1.820937500e+1,6.693837500e+0,
5.001562500e+1,-1.800156250e+1,6.418400000e+0,
4.898437500e+1,-1.780312500e+1,6.599200000e+0,
5.199218750e+1,-1.841406250e+1,6.418400000e+0,
5.002343750e+1,-1.838906250e+1,6.690306250e+0,
4.900000000e+1,-1.799843750e+1,6.688187500e+0,
4.900000000e+1,-1.800156250e+1,6.599200000e+0,
4.900781250e+1,-1.760000000e+1,6.508800000e+0,
5.001562500e+1,-1.780000000e+1,6.328000000e+0,
4.999218750e+1,-1.799843750e+1,6.510212500e+0,
4.801562500e+1,-1.779843750e+1,6.599200000e+0,
5.100000000e+1,-1.800000000e+1,6.597081250e+0,
4.800000000e+1,-1.840000000e+1,6.419106250e+0,
5.000000000e+1,-1.800937500e+1,6.599200000e+0,
4.899218750e+1,-1.799843750e+1,6.418400000e+0,
4.800000000e+1,-1.820156250e+1,6.690306250e+0,
4.900000000e+1,-1.819687500e+1,6.690306250e+0,
4.800000000e+1,-1.800000000e+1,6.508800000e+0,
4.800000000e+1,-1.819375000e+1,6.688893750e+0,
4.800000000e+1,-1.720000000e+1,6.421931250e+0,
4.800000000e+1,-1.819062500e+1,6.417693750e+0,
4.799218750e+1,-1.779375000e+1,6.330118750e+0,
5.000781250e+1,-1.739218750e+1,6.599200000e+0,
4.996093750e+1,-1.720312500e+1,6.415575000e+0,
4.499218750e+1,-1.780781250e+1,6.235481250e+0,
4.798437500e+1,-1.779687500e+1,6.236893750e+0,
4.900000000e+1,-1.778750000e+1,6.418400000e+0,
4.598437500e+1,-1.799687500e+1,6.236893750e+0,
4.600000000e+1,-1.699843750e+1,6.328000000e+0,
4.597656250e+1,-1.760312500e+1,6.328000000e+0,
4.899218750e+1,-1.760000000e+1,6.418400000e+0,
4.699218750e+1,-1.760156250e+1,6.328000000e+0,
4.999218750e+1,-1.760156250e+1,6.147200000e+0,
4.701562500e+1,-1.742500000e+1,6.056800000e+0,
4.800781250e+1,-1.700000000e+1,6.147906250e+0,
4.596093750e+1,-1.800000000e+1,6.326587500e+0,
4.502343750e+1,-1.720000000e+1,6.416987500e+0,
4.700000000e+1,-1.780625000e+1,6.328000000e+0,
4.496875000e+1,-1.739375000e+1,6.418400000e+0,
4.501562500e+1,-1.719531250e+1,6.328000000e+0,
4.699218750e+1,-1.760000000e+1,6.327293750e+0,
4.600781250e+1,-1.719531250e+1,6.055387500e+0,
4.699218750e+1,-1.679843750e+1,5.967106250e+0,
4.700000000e+1,-1.680781250e+1,6.061037500e+0,
4.599218750e+1,-1.741093750e+1,6.146493750e+0,
4.700781250e+1,-1.740000000e+1,5.966400000e+0,
4.500781250e+1,-1.700312500e+1,6.147906250e+0,
4.599218750e+1,-1.720468750e+1,6.147200000e+0,
4.399218750e+1,-1.719843750e+1,5.965693750e+0,
4.501562500e+1,-1.680000000e+1,6.060331250e+0,
4.600000000e+1,-1.680625000e+1,6.328000000e+0,
4.499218750e+1,-1.740000000e+1,5.967106250e+0,
4.700000000e+1,-1.680312500e+1,6.058918750e+0,
4.600000000e+1,-1.680625000e+1,6.056800000e+0,
4.100000000e+1,-1.620000000e+1,5.966400000e+0,
4.498437500e+1,-1.699687500e+1,5.966400000e+0,
4.499218750e+1,-1.699218750e+1,5.876000000e+0,
4.700000000e+1,-1.640000000e+1,5.872468750e+0,
4.400781250e+1,-1.699843750e+1,6.147906250e+0,
4.396875000e+1,-1.681562500e+1,5.693787500e+0,
4.699218750e+1,-1.640000000e+1,6.237600000e+0,
4.500000000e+1,-1.660000000e+1,5.962868750e+0,
4.199218750e+1,-1.659843750e+1,5.968518750e+0,
4.201562500e+1,-1.660000000e+1,5.782775000e+0,
4.299218750e+1,-1.639843750e+1,5.699437500e+0,
4.300781250e+1,-1.620312500e+1,6.147906250e+0,
4.500000000e+1,-1.640781250e+1,5.879531250e+0,
4.300000000e+1,-1.600156250e+1,5.874587500e+0,
4.400000000e+1,-1.620312500e+1,5.876000000e+0,
4.301562500e+1,-1.620000000e+1,5.876000000e+0,
4.298437500e+1,-1.620156250e+1,5.875293750e+0,
4.398437500e+1,-1.600000000e+1,5.966400000e+0,
4.400781250e+1,-1.620468750e+1,5.965693750e+0,
4.399218750e+1,-1.560312500e+1,5.967812500e+0,
4.296093750e+1,-1.620312500e+1,5.785600000e+0,
4.099218750e+1,-1.619531250e+1,6.056800000e+0,
4.203906250e+1,-1.580000000e+1,5.785600000e+0,
4.397656250e+1,-1.620312500e+1,5.787718750e+0,
4.098437500e+1,-1.640156250e+1,5.965693750e+0,
4.301562500e+1,-1.622343750e+1,5.878118750e+0,
4.201562500e+1,-1.560000000e+1,5.784893750e+0,
4.196875000e+1,-1.620625000e+1,5.695200000e+0,
4.303906250e+1,-1.619687500e+1,5.785600000e+0,
3.898437500e+1,-1.600000000e+1,5.783481250e+0,
4.395312500e+1,-1.600000000e+1,5.604093750e+0,
4.110937500e+1,-1.580156250e+1,5.604093750e+0,
3.700781250e+1,-1.559687500e+1,5.604800000e+0,
4.002343750e+1,-1.600000000e+1,5.695200000e+0,
3.897656250e+1,-1.539375000e+1,5.604800000e+0,
3.900781250e+1,-1.540000000e+1,5.785600000e+0,
4.000000000e+1,-1.600781250e+1,5.694493750e+0,
4.000000000e+1,-1.620000000e+1,5.604800000e+0,
3.900000000e+1,-1.599375000e+1,5.785600000e+0,
4.001562500e+1,-1.600468750e+1,5.603387500e+0,
4.100000000e+1,-1.480000000e+1,5.515106250e+0,
4.000000000e+1,-1.579687500e+1,5.423293750e+0,
3.999218750e+1,-1.579687500e+1,5.695200000e+0,
3.800000000e+1,-1.580000000e+1,5.514400000e+0,
3.899218750e+1,-1.560000000e+1,5.421175000e+0,
4.001562500e+1,-1.541718750e+1,5.696612500e+0,
3.700000000e+1,-1.499843750e+1,5.424000000e+0,
3.900000000e+1,-1.520312500e+1,5.695906250e+0,
3.700000000e+1,-1.540312500e+1,5.598443750e+0,
4.003125000e+1,-1.559687500e+1,5.424706250e+0,
3.997656250e+1,-1.540312500e+1,5.604800000e+0,
3.699218750e+1,-1.560468750e+1,5.515106250e+0,
3.900000000e+1,-1.479687500e+1,5.876000000e+0,
3.700000000e+1,-1.499843750e+1,5.153506250e+0,
4.000000000e+1,-1.520000000e+1,5.698025000e+0,
4.000781250e+1,-1.459687500e+1,5.333600000e+0,
3.801562500e+1,-1.500312500e+1,5.513693750e+0,
3.894531250e+1,-1.540000000e+1,5.514400000e+0,
4.200000000e+1,-1.521250000e+1,5.786306250e+0,
3.894531250e+1,-1.480000000e+1,5.244612500e+0,
3.799218750e+1,-1.520000000e+1,5.424706250e+0,
3.697656250e+1,-1.480312500e+1,5.513693750e+0,
3.700000000e+1,-1.539843750e+1,5.243200000e+0,
3.701562500e+1,-1.460000000e+1,5.514400000e+0,
3.797656250e+1,-1.520000000e+1,5.426825000e+0,
3.502343750e+1,-1.460156250e+1,5.243200000e+0,
3.598437500e+1,-1.500312500e+1,5.424000000e+0,
3.500000000e+1,-1.399843750e+1,5.241081250e+0,
3.500000000e+1,-1.460625000e+1,5.243200000e+0,
3.497656250e+1,-1.440156250e+1,5.333600000e+0,
3.701562500e+1,-1.500000000e+1,5.514400000e+0,
3.403125000e+1,-1.441093750e+1,5.335718750e+0,
3.605468750e+1,-1.440000000e+1,5.332893750e+0,
3.698437500e+1,-1.460000000e+1,5.424706250e+0,
3.495312500e+1,-1.459375000e+1,5.332187500e+0,
3.403906250e+1,-1.400000000e+1,5.062400000e+0,
3.900000000e+1,-1.440000000e+1,5.243906250e+0,
3.397656250e+1,-1.400000000e+1,5.061693750e+0,
3.400000000e+1,-1.439375000e+1,5.151387500e+0,
3.296875000e+1,-1.420000000e+1,5.062400000e+0,
3.200000000e+1,-1.419531250e+1,4.881600000e+0,
3.800000000e+1,-1.360156250e+1,5.151387500e+0,
3.398437500e+1,-1.460000000e+1,4.972000000e+0,
3.400000000e+1,-1.419843750e+1,5.062400000e+0,
3.498437500e+1,-1.440468750e+1,5.068050000e+0,
3.499218750e+1,-1.380000000e+1,4.881600000e+0,
3.400000000e+1,-1.420156250e+1,5.152093750e+0,
3.500781250e+1,-1.359062500e+1,4.881600000e+0,
3.395312500e+1,-1.360468750e+1,5.155625000e+0,
3.198437500e+1,-1.379687500e+1,5.157037500e+0,
3.300781250e+1,-1.360000000e+1,5.514400000e+0,
3.500000000e+1,-1.397968750e+1,5.154918750e+0,
2.798437500e+1,-1.420000000e+1,4.971293750e+0,
3.197656250e+1,-1.359531250e+1,5.063106250e+0,
3.300000000e+1,-1.340000000e+1,4.791200000e+0,
3.400000000e+1,-1.359843750e+1,5.061693750e+0,
3.301562500e+1,-1.380156250e+1,4.701506250e+0,
3.298437500e+1,-1.379843750e+1,4.881600000e+0,
3.296875000e+1,-1.382031250e+1,4.793318750e+0,
3.097656250e+1,-1.299843750e+1,5.332893750e+0,
3.202343750e+1,-1.419843750e+1,4.976943750e+0,
3.400781250e+1,-1.340000000e+1,4.881600000e+0,
3.192187500e+1,-1.340312500e+1,4.790493750e+0,
2.900000000e+1,-1.340000000e+1,4.971293750e+0,
3.205468750e+1,-1.340000000e+1,4.793318750e+0,
3.301562500e+1,-1.340000000e+1,4.791200000e+0,
3.003906250e+1,-1.340000000e+1,4.789787500e+0,
2.998437500e+1,-1.360156250e+1,5.151387500e+0,
3.300000000e+1,-1.380468750e+1,4.698681250e+0,
3.001562500e+1,-1.379687500e+1,4.881600000e+0,
3.197656250e+1,-1.300312500e+1,4.791200000e+0,
3.101562500e+1,-1.299843750e+1,4.881600000e+0,
3.100000000e+1,-1.280000000e+1,4.790493750e+0,
3.100781250e+1,-1.279843750e+1,4.972000000e+0,
3.200781250e+1,-1.320312500e+1,4.789081250e+0,
3.199218750e+1,-1.340156250e+1,4.609693750e+0,
3.000000000e+1,-1.340625000e+1,4.610400000e+0,
3.200000000e+1,-1.279843750e+1,4.429600000e+0,
2.998437500e+1,-1.339531250e+1,4.697268750e+0,
2.800000000e+1,-1.300625000e+1,4.883012500e+0,
3.100000000e+1,-1.260156250e+1,4.700800000e+0,
3.000000000e+1,-1.279843750e+1,4.791200000e+0,
2.800000000e+1,-1.260312500e+1,4.611812500e+0,
2.700000000e+1,-1.340000000e+1,4.610400000e+0,
2.798437500e+1,-1.262500000e+1,4.701506250e+0,
3.099218750e+1,-1.260000000e+1,4.608987500e+0,
2.900000000e+1,-1.280000000e+1,4.789787500e+0,
2.696875000e+1,-1.259843750e+1,4.520706250e+0,
2.502343750e+1,-1.259843750e+1,4.881600000e+0,
3.000781250e+1,-1.240000000e+1,4.609693750e+0,
2.798437500e+1,-1.260000000e+1,4.791200000e+0,
2.998437500e+1,-1.200156250e+1,4.520000000e+0,
2.805468750e+1,-1.220000000e+1,4.520000000e+0,
2.697656250e+1,-1.199843750e+1,4.429600000e+0,
2.995312500e+1,-1.259687500e+1,4.609693750e+0,
3.003906250e+1,-1.200156250e+1,4.339906250e+0,
2.806250000e+1,-1.300000000e+1,4.520000000e+0,
2.599218750e+1,-1.182343750e+1,4.522825000e+0,
2.801562500e+1,-1.199375000e+1,4.248800000e+0,
3.000781250e+1,-1.220000000e+1,4.518587500e+0,
3.099218750e+1,-1.220156250e+1,4.609693750e+0,
2.798437500e+1,-1.219531250e+1,4.520706250e+0,
2.700000000e+1,-1.160000000e+1,4.429600000e+0,
2.700781250e+1,-1.239218750e+1,4.248800000e+0,
2.900000000e+1,-1.224062500e+1,4.608281250e+0,
2.905468750e+1,-1.140156250e+1,4.339200000e+0,
2.598437500e+1,-1.200625000e+1,4.339200000e+0,
2.900000000e+1,-1.178125000e+1,4.340612500e+0,
2.602343750e+1,-1.140625000e+1,4.520706250e+0,
2.598437500e+1,-1.200781250e+1,4.518587500e+0,
2.698437500e+1,-1.200156250e+1,4.339200000e+0,
2.801562500e+1,-1.179843750e+1,4.339200000e+0,
2.797656250e+1,-1.140000000e+1,4.428893750e+0,
2.498437500e+1,-1.180468750e+1,4.248800000e+0,
2.402343750e+1,-1.159843750e+1,4.339200000e+0,
2.800781250e+1,-1.160000000e+1,4.067293750e+0,
2.701562500e+1,-1.140625000e+1,4.249506250e+0,
2.400000000e+1,-1.200468750e+1,4.157693750e+0,
2.499218750e+1,-1.120468750e+1,4.429600000e+0,
2.198437500e+1,-1.140312500e+1,4.337787500e+0,
2.899218750e+1,-1.120000000e+1,4.159106250e+0,
2.400000000e+1,-1.140000000e+1,4.067293750e+0,
2.399218750e+1,-1.119843750e+1,4.248800000e+0,
2.501562500e+1,-1.120000000e+1,4.156281250e+0,
2.200000000e+1,-1.119687500e+1,4.338493750e+0,
2.198437500e+1,-1.139687500e+1,3.976893750e+0,
2.600781250e+1,-1.080156250e+1,4.248800000e+0,
2.396093750e+1,-1.140312500e+1,4.065881250e+0,
2.200000000e+1,-1.099687500e+1,4.070118750e+0,
2.400000000e+1,-1.120000000e+1,4.158400000e+0,
2.200000000e+1,-1.081093750e+1,3.976187500e+0,
2.100000000e+1,-1.080156250e+1,4.339906250e+0,
2.200781250e+1,-1.099843750e+1,4.158400000e+0,
1.900781250e+1,-1.080156250e+1,3.887200000e+0,
2.198437500e+1,-1.120000000e+1,4.158400000e+0,
2.297656250e+1,-1.080000000e+1,3.887200000e+0,
2.500000000e+1,-1.120000000e+1,4.158400000e+0,
2.302343750e+1,-1.082187500e+1,3.619531250e+0,
2.199218750e+1,-1.040000000e+1,3.798212500e+0,
2.100000000e+1,-1.060468750e+1,4.066587500e+0,
2.098437500e+1,-1.100156250e+1,4.156281250e+0,
2.000000000e+1,-1.099843750e+1,3.885787500e+0,
2.203906250e+1,-1.079687500e+1,3.886493750e+0,
2.299218750e+1,-1.040000000e+1,4.067293750e+0,
2.005468750e+1,-1.080000000e+1,4.064468750e+0,
1.796093750e+1,-1.059687500e+1,3.614587500e+0,
2.100000000e+1,-1.040000000e+1,3.799625000e+0,
1.800000000e+1,-1.040000000e+1,3.885081250e+0,
2.096875000e+1,-1.060937500e+1,3.887200000e+0,
2.297656250e+1,-1.100000000e+1,3.977600000e+0,
2.308593750e+1,-1.061406250e+1,3.615293750e+0,
1.801562500e+1,-1.040156250e+1,3.796800000e+0,
2.300000000e+1,-1.040000000e+1,3.887200000e+0,
1.897656250e+1,-1.020000000e+1,3.797506250e+0,
2.100000000e+1,-1.100312500e+1,4.067293750e+0,
1.900000000e+1,-1.040000000e+1,3.887906250e+0,
2.100000000e+1,-1.000156250e+1,3.796800000e+0,
2.100000000e+1,-9.796875000e+0,3.796800000e+0,
1.500000000e+1,-1.019843750e+1,3.795387500e+0,
1.998437500e+1,-1.000156250e+1,3.887200000e+0,
1.900000000e+1,-9.801562500e+0,3.706400000e+0,
1.999218750e+1,-1.000000000e+1,3.885081250e+0,
1.900000000e+1,-1.000468750e+1,3.797506250e+0,
1.899218750e+1,-9.014062500e+0,3.614587500e+0,
1.900000000e+1,-9.203125000e+0,3.796800000e+0,
1.800000000e+1,-9.600000000e+0,3.616000000e+0,
2.098437500e+1,-9.401562500e+0,3.796800000e+0,
1.597656250e+1,-9.601562500e+0,3.523481250e+0,
1.904687500e+1,-9.400000000e+0,3.619531250e+0,
1.996875000e+1,-9.804687500e+0,3.796800000e+0,
1.700000000e+1,-9.814062500e+0,3.708518750e+0,
1.898437500e+1,-9.403125000e+0,3.614587500e+0,
1.999218750e+1,-9.200000000e+0,3.704987500e+0,
2.103125000e+1,-9.201562500e+0,3.524893750e+0,
1.703125000e+1,-9.400000000e+0,3.795387500e+0,
1.796093750e+1,-9.200000000e+0,3.616000000e+0,
1.897656250e+1,-9.400000000e+0,3.614587500e+0,
1.892968750e+1,-9.392187500e+0,3.616706250e+0,
1.396875000e+1,-9.800000000e+0,3.434493750e+0,
1.600781250e+1,-9.198437500e+0,3.524893750e+0,
1.501562500e+1,-9.400000000e+0,3.525600000e+0,
1.800781250e+1,-9.201562500e+0,3.433787500e+0,
1.599218750e+1,-9.606250000e+0,3.434493750e+0,
1.800781250e+1,-9.614062500e+0,3.616706250e+0,
1.700000000e+1,-9.003125000e+0,3.343387500e+0,
1.797656250e+1,-8.804687500e+0,3.344800000e+0,
1.704687500e+1,-9.403125000e+0,3.435200000e+0,
1.301562500e+1,-9.196875000e+0,3.433081250e+0,
1.492187500e+1,-8.995312500e+0,3.344800000e+0,
1.803906250e+1,-8.798437500e+0,3.524187500e+0,
1.296875000e+1,-9.398437500e+0,3.343387500e+0,
1.501562500e+1,-9.200000000e+0,3.164000000e+0,
1.397656250e+1,-9.396875000e+0,3.344800000e+0,
1.503906250e+1,-8.800000000e+0,3.435906250e+0,
1.798437500e+1,-9.404687500e+0,3.524187500e+0,
1.200000000e+1,-9.000000000e+0,3.164000000e+0,
1.400000000e+1,-8.795312500e+0,3.072893750e+0,
1.197656250e+1,-9.198437500e+0,3.344800000e+0,
1.298437500e+1,-9.200000000e+0,3.166825000e+0,
1.500000000e+1,-8.400000000e+0,3.072893750e+0,
1.298437500e+1,-9.203125000e+0,3.345506250e+0,
1.100000000e+1,-8.800000000e+0,3.254400000e+0,
1.197656250e+1,-9.198437500e+0,3.343387500e+0,
1.600000000e+1,-8.621875000e+0,3.435200000e+0,
1.200000000e+1,-8.395312500e+0,3.345506250e+0,
1.100000000e+1,-8.209375000e+0,3.253693750e+0,
1.403906250e+1,-9.403125000e+0,3.252987500e+0,
1.499218750e+1,-8.375000000e+0,3.164706250e+0,
1.299218750e+1,-8.404687500e+0,3.254400000e+0,
1.099218750e+1,-8.400000000e+0,2.983200000e+0,
1.200000000e+1,-8.401562500e+0,3.254400000e+0,
9.000000000e+0,-8.203125000e+0,3.074306250e+0,
1.100000000e+1,-7.800000000e+0,3.075012500e+0,
1.000000000e+1,-8.401562500e+0,3.254400000e+0,
1.099218750e+1,-8.201562500e+0,3.255106250e+0,
1.099218750e+1,-8.595312500e+0,3.073600000e+0,
1.199218750e+1,-8.806250000e+0,3.074306250e+0,
1.096875000e+1,-8.203125000e+0,2.892093750e+0,
1.000000000e+1,-7.998437500e+0,3.164706250e+0,
1.103125000e+1,-8.606250000e+0,3.162587500e+0,
1.198437500e+1,-8.598437500e+0,2.892800000e+0,
9.976562500e+0,-8.400000000e+0,3.073600000e+0,
9.992187500e+0,-8.001562500e+0,2.893506250e+0,
9.953125000e+0,-8.000000000e+0,3.072893750e+0,
1.300781250e+1,-7.996875000e+0,3.073600000e+0,
1.000000000e+1,-8.198437500e+0,2.983200000e+0,
1.296875000e+1,-7.592187500e+0,2.982493750e+0,
1.300781250e+1,-7.804687500e+0,2.892800000e+0,
1.200781250e+1,-8.600000000e+0,2.892800000e+0,
1.101562500e+1,-7.810937500e+0,3.161175000e+0,
9.984375000e+0,-7.800000000e+0,3.075012500e+0,
1.003906250e+1,-7.400000000e+0,2.713412500e+0,
1.197656250e+1,-7.600000000e+0,3.073600000e+0,
9.000000000e+0,-7.401562500e+0,2.711293750e+0,
1.200000000e+1,-8.000000000e+0,3.258637500e+0,
8.992187500e+0,-7.398437500e+0,3.161881250e+0,
1.000000000e+1,-7.409375000e+0,2.801693750e+0,
1.000000000e+1,-7.193750000e+0,2.983200000e+0,
1.000000000e+1,-8.200000000e+0,2.621600000e+0,
8.000000000e+0,-7.198437500e+0,2.889975000e+0,
1.000000000e+1,-7.600000000e+0,2.802400000e+0,
9.000000000e+0,-7.195312500e+0,2.802400000e+0,
6.984375000e+0,-7.187500000e+0,2.713412500e+0,
9.000000000e+0,-7.798437500e+0,2.712000000e+0,
6.984375000e+0,-7.392187500e+0,2.803812500e+0,
8.015625000e+0,-7.006250000e+0,2.983200000e+0,
7.992187500e+0,-7.601562500e+0,2.892800000e+0,
7.984375000e+0,-7.193750000e+0,2.982493750e+0,
8.007812500e+0,-7.403125000e+0,2.803106250e+0,
1.100000000e+1,-7.398437500e+0,2.712706250e+0,
9.984375000e+0,-7.400000000e+0,2.622306250e+0,
7.007812500e+0,-7.001562500e+0,2.892800000e+0,
7.992187500e+0,-7.400000000e+0,2.622306250e+0,
6.000000000e+0,-7.000000000e+0,2.711293750e+0,
6.937500000e+0,-7.400000000e+0,2.441506250e+0,
9.984375000e+0,-7.001562500e+0,2.708468750e+0,
7.929687500e+0,-7.209375000e+0,2.891387500e+0,
5.984375000e+0,-6.600000000e+0,2.712706250e+0,
5.992187500e+0,-7.201562500e+0,2.714118750e+0,
6.046875000e+0,-6.400000000e+0,2.440800000e+0,
8.976562500e+0,-7.206250000e+0,2.710587500e+0,
4.968750000e+0,-6.801562500e+0,2.803812500e+0,
7.046875000e+0,-7.000000000e+0,2.622306250e+0,
8.007812500e+0,-6.598437500e+0,2.621600000e+0,
5.039062500e+0,-6.600000000e+0,2.349693750e+0,
4.000000000e+0,-6.801562500e+0,2.713412500e+0,
5.000000000e+0,-6.803125000e+0,2.529081250e+0,
3.992187500e+0,-7.000000000e+0,2.802400000e+0,
6.960937500e+0,-6.801562500e+0,2.983200000e+0,
8.015625000e+0,-6.821875000e+0,2.261412500e+0,
7.000000000e+0,-6.000000000e+0,2.529081250e+0,
8.007812500e+0,-6.398437500e+0,2.350400000e+0,
6.976562500e+0,-6.600000000e+0,2.623012500e+0,
5.000000000e+0,-6.393750000e+0,2.532612500e+0,
7.000000000e+0,-5.998437500e+0,2.440800000e+0,
7.984375000e+0,-6.789062500e+0,2.440093750e+0,
3.984375000e+0,-6.804687500e+0,2.349693750e+0,
4.023437500e+0,-6.600000000e+0,2.618775000e+0,
1.000000000e+1,-6.403125000e+0,2.621600000e+0,
5.000000000e+0,-6.003125000e+0,2.351106250e+0,
4.000000000e+0,-6.400000000e+0,2.441506250e+0,
2.000000000e+0,-6.000000000e+0,2.260000000e+0,
4.984375000e+0,-6.400000000e+0,2.617362500e+0,
5.000000000e+0,-5.803125000e+0,2.532612500e+0,
5.000000000e+0,-5.798437500e+0,2.439387500e+0,
2.015625000e+0,-6.203125000e+0,2.351812500e+0,
7.007812500e+0,-5.990625000e+0,2.531200000e+0,
3.976562500e+0,-5.803125000e+0,2.260000000e+0,
6.015625000e+0,-6.600000000e+0,2.440800000e+0,
5.015625000e+0,-5.603125000e+0,2.169600000e+0,
5.007812500e+0,-6.000000000e+0,2.346162500e+0,
4.007812500e+0,-5.798437500e+0,2.531200000e+0,
3.992187500e+0,-6.395312500e+0,2.440093750e+0,
4.953125000e+0,-5.401562500e+0,2.440093750e+0,
6.031250000e+0,-6.595312500e+0,2.350400000e+0,
4.007812500e+0,-5.814062500e+0,2.259293750e+0,
3.976562500e+0,-6.196875000e+0,2.437975000e+0,
2.007812500e+0,-6.001562500e+0,2.531200000e+0,
7.007812500e+0,-5.998437500e+0,2.439387500e+0,
3.984375000e+0,-5.600000000e+0,2.529787500e+0,
4.023437500e+0,-5.800000000e+0,2.802400000e+0,
4.992187500e+0,-5.800000000e+0,2.260000000e+0,
3.000000000e+0,-5.995312500e+0,2.443625000e+0,
3.992187500e+0,-6.000000000e+0,1.988800000e+0,
2.992187500e+0,-6.000000000e+0,2.264943750e+0,
4.000000000e+0,-5.793750000e+0,2.349693750e+0,
1.992187500e+0,-5.807812500e+0,2.259293750e+0,
4.968750000e+0,-6.201562500e+0,2.169600000e+0,
4.023437500e+0,-5.803125000e+0,2.260000000e+0,
2.992187500e+0,-5.600000000e+0,2.260000000e+0,
1.984375000e+0,-5.600000000e+0,2.260000000e+0,
1.000000000e+0,-5.406250000e+0,2.351106250e+0,
2.023437500e+0,-6.003125000e+0,2.350400000e+0,
5.000000000e+0,-5.800000000e+0,2.168893750e+0,
3.015625000e+0,-5.596875000e+0,2.262118750e+0,
1.000000000e+0,-5.398437500e+0,2.350400000e+0,
4.007812500e+0,-5.600000000e+0,2.260000000e+0,
4.000000000e+0,-5.398437500e+0,2.260000000e+0,
4.007812500e+0,-5.610937500e+0,2.350400000e+0,
2.000000000e+0,-5.996875000e+0,2.260000000e+0,
9.921875000e-1,-4.795312500e+0,2.349693750e+0,
3.007812500e+0,-5.198437500e+0,2.078493750e+0,
-1.000000000e+0,-5.398437500e+0,2.350400000e+0,
-1.007812500e+0,-5.396875000e+0,2.167481250e+0,
1.000000000e+0,-5.001562500e+0,2.168893750e+0,
7.812500000e-3,-5.403125000e+0,1.988800000e+0,
3.000000000e+0,-5.196875000e+0,2.264237500e+0,
7.812500000e-3,-5.201562500e+0,2.260000000e+0,
0.000000000e+0,-5.207812500e+0,2.171012500e+0,
2.000000000e+0,-5.000000000e+0,2.079906250e+0,
1.000000000e+0,-5.198437500e+0,2.350400000e+0,
1.992187500e+0,-4.600000000e+0,2.079200000e+0,
1.007812500e+0,-5.000000000e+0,2.349693750e+0,
-3.125000000e-2,-4.598437500e+0,1.988800000e+0,
3.953125000e+0,-4.998437500e+0,1.988800000e+0,
4.031250000e+0,-5.020312500e+0,2.078493750e+0,
9.687500000e-1,-4.600000000e+0,2.079200000e+0,
7.812500000e-3,-5.401562500e+0,2.079200000e+0,
0.000000000e+0,-5.001562500e+0,2.077787500e+0,
-1.023437500e+0,-5.601562500e+0,1.898400000e+0,
-2.007812500e+0,-4.995312500e+0,2.078493750e+0,
-9.687500000e-1,-5.003125000e+0,2.079200000e+0,
2.007812500e+0,-5.000000000e+0,2.079200000e+0,
-9.843750000e-1,-5.193750000e+0,1.987387500e+0,
1.000000000e+0,-4.200000000e+0,1.806587500e+0,
-9.921875000e-1,-5.215625000e+0,1.719012500e+0,
-1.015625000e+0,-4.779687500e+0,1.899106250e+0,
-7.812500000e-3,-4.600000000e+0,1.898400000e+0,
7.812500000e-3,-4.809375000e+0,1.626493750e+0,
2.343750000e-2,-4.198437500e+0,1.717600000e+0,
9.843750000e-1,-4.804687500e+0,1.808000000e+0,
-4.015625000e+0,-5.200000000e+0,1.808706250e+0,
-1.992187500e+0,-4.793750000e+0,2.077787500e+0,
-2.007812500e+0,-4.200000000e+0,2.077787500e+0,
0.000000000e+0,-4.595312500e+0,2.348987500e+0,
-1.000000000e+0,-4.606250000e+0,1.808000000e+0,
-3.007812500e+0,-4.395312500e+0,1.895575000e+0,
0.000000000e+0,-5.001562500e+0,1.988800000e+0,
-2.992187500e+0,-4.190625000e+0,2.079200000e+0,
-2.023437500e+0,-4.000000000e+0,1.988093750e+0,
-1.000000000e+0,-4.798437500e+0,1.989506250e+0,
-2.007812500e+0,-4.610937500e+0,1.721837500e+0,
0.000000000e+0,-4.400000000e+0,1.717600000e+0,
-2.000000000e+0,-4.600000000e+0,1.993037500e+0,
-2.000000000e+0,-4.801562500e+0,2.071431250e+0,
-2.000000000e+0,-4.587500000e+0,1.625787500e+0,
-9.921875000e-1,-4.203125000e+0,1.901931250e+0,
-1.015625000e+0,-4.601562500e+0,1.897693750e+0,
-2.000000000e+0,-4.215625000e+0,1.899812500e+0,
-1.007812500e+0,-4.198437500e+0,1.717600000e+0,
-1.007812500e+0,-4.401562500e+0,1.808000000e+0,
3.906250000e-2,-4.400000000e+0,1.716893750e+0,
-4.000000000e+0,-4.200000000e+0,1.898400000e+0,
-5.468750000e-2,-4.400000000e+0,1.808000000e+0,
-9.609375000e-1,-4.203125000e+0,2.077787500e+0,
-1.007812500e+0,-4.200000000e+0,1.901931250e+0,
-2.015625000e+0,-4.403125000e+0,1.808706250e+0,
-1.992187500e+0,-4.796875000e+0,2.169600000e+0,
-9.765625000e-1,-4.000000000e+0,1.808000000e+0,
-1.085937500e+0,-4.201562500e+0,1.810118750e+0,
-5.984375000e+0,-4.198437500e+0,1.988093750e+0,
3.125000000e-2,-4.001562500e+0,1.993037500e+0,
-2.937500000e+0,-4.001562500e+0,1.716893750e+0,
-4.039062500e+0,-3.798437500e+0,1.808000000e+0,
-9.843750000e-1,-3.804687500e+0,1.536800000e+0,
-4.015625000e+0,-4.201562500e+0,1.809412500e+0,
1.953125000e+0,-3.792187500e+0,1.626493750e+0,
-9.062500000e-1,-3.600000000e+0,1.715481250e+0,
-4.007812500e+0,-3.996875000e+0,1.716893750e+0,
-4.007812500e+0,-4.201562500e+0,1.536800000e+0,
-6.007812500e+0,-4.195312500e+0,1.808000000e+0,
-3.984375000e+0,-3.600000000e+0,1.898400000e+0,
-2.992187500e+0,-4.206250000e+0,1.806587500e+0,
-2.000000000e+0,-4.000000000e+0,1.536800000e+0,
-3.015625000e+0,-3.993750000e+0,1.807293750e+0,
-6.007812500e+0,-4.201562500e+0,1.716893750e+0,
-5.007812500e+0,-3.800000000e+0,1.627200000e+0,
-4.015625000e+0,-3.201562500e+0,1.536800000e+0,
-2.007812500e+0,-3.604687500e+0,1.537506250e+0,
-5.984375000e+0,-3.803125000e+0,1.808000000e+0,
-6.007812500e+0,-4.000000000e+0,1.538212500e+0,
-3.984375000e+0,-3.821875000e+0,1.625081250e+0,
-8.000000000e+0,-3.401562500e+0,1.626493750e+0,
-5.000000000e+0,-4.006250000e+0,1.716893750e+0,
-2.007812500e+0,-4.401562500e+0,1.441456250e+0,
-4.015625000e+0,-4.181250000e+0,1.449931250e+0,
-4.000000000e+0,-3.603125000e+0,1.808000000e+0,
-6.007812500e+0,-3.804687500e+0,1.536093750e+0,
-5.000000000e+0,-2.998437500e+0,1.627200000e+0,
-5.000000000e+0,-3.598437500e+0,1.264893750e+0,
-4.000000000e+0,-3.600000000e+0,1.721131250e+0,
-4.000000000e+0,-3.804687500e+0,1.627200000e+0,
-3.992187500e+0,-4.200000000e+0,1.356000000e+0,
-5.000000000e+0,-3.801562500e+0,1.536800000e+0,
-5.000000000e+0,-4.192187500e+0,1.988800000e+0,
-6.000000000e+0,-4.003125000e+0,1.448518750e+0,
-4.992187500e+0,-3.601562500e+0,1.447106250e+0,
-5.000000000e+0,-3.812500000e+0,1.627200000e+0,
-3.992187500e+0,-4.395312500e+0,1.447106250e+0,
-4.000000000e+0,-3.200000000e+0,1.356000000e+0,
-4.015625000e+0,-3.798437500e+0,1.624375000e+0,
-5.960937500e+0,-3.801562500e+0,1.718306250e+0,
-7.007812500e+0,-3.401562500e+0,1.446400000e+0,
-6.007812500e+0,-3.400000000e+0,1.355293750e+0,
-6.015625000e+0,-3.198437500e+0,1.356706250e+0,
-3.007812500e+0,-3.403125000e+0,1.627200000e+0,
-4.960937500e+0,-3.800000000e+0,1.717600000e+0,
-6.031250000e+0,-3.198437500e+0,1.447812500e+0,
-3.968750000e+0,-4.000000000e+0,1.447106250e+0,
-4.015625000e+0,-3.800000000e+0,1.269131250e+0,
-5.023437500e+0,-3.604687500e+0,1.808000000e+0,
-5.992187500e+0,-3.798437500e+0,1.266306250e+0,
-5.000000000e+0,-3.000000000e+0,1.538212500e+0,
-6.000000000e+0,-3.201562500e+0,1.447106250e+0,
-5.000000000e+0,-3.389062500e+0,1.718306250e+0,
-5.000000000e+0,-3.800000000e+0,1.356000000e+0,
-4.000000000e+0,-3.393750000e+0,1.446400000e+0,
-5.000000000e+0,-3.001562500e+0,1.450637500e+0,
-5.007812500e+0,-3.400000000e+0,1.084800000e+0,
-7.000000000e+0,-3.598437500e+0,1.356000000e+0,
-5.015625000e+0,-3.209375000e+0,1.538212500e+0,
-6.000000000e+0,-3.195312500e+0,1.356000000e+0,
-5.000000000e+0,-3.596875000e+0,1.358825000e+0,
-6.000000000e+0,-3.001562500e+0,1.627200000e+0,
-5.015625000e+0,-3.600000000e+0,1.352468750e+0,
-7.015625000e+0,-2.790625000e+0,1.448518750e+0,
-6.000000000e+0,-3.412500000e+0,1.446400000e+0,
-6.000000000e+0,-3.803125000e+0,1.446400000e+0,
-9.000000000e+0,-3.600000000e+0,1.356000000e+0,
-6.015625000e+0,-3.398437500e+0,1.446400000e+0,
-5.976562500e+0,-3.200000000e+0,1.266306250e+0,
-7.007812500e+0,-3.398437500e+0,1.265600000e+0,
-5.031250000e+0,-3.600000000e+0,1.356706250e+0,
-4.992187500e+0,-3.206250000e+0,1.266306250e+0,
-6.046875000e+0,-3.200000000e+0,1.448518750e+0,
-7.992187500e+0,-3.200000000e+0,1.626493750e+0,
-4.976562500e+0,-3.401562500e+0,1.539625000e+0,
-4.007812500e+0,-3.000000000e+0,1.356000000e+0,
-5.046875000e+0,-2.600000000e+0,1.446400000e+0,
-7.007812500e+0,-2.800000000e+0,1.356000000e+0,
-5.992187500e+0,-2.795312500e+0,1.356706250e+0,
-6.007812500e+0,-3.000000000e+0,1.175200000e+0,
-5.007812500e+0,-2.800000000e+0,1.173787500e+0,
-5.992187500e+0,-3.203125000e+0,1.534681250e+0,
-8.000000000e+0,-3.401562500e+0,1.082681250e+0,
-7.015625000e+0,-3.401562500e+0,1.356000000e+0,
-6.992187500e+0,-3.403125000e+0,1.356000000e+0,
-7.007812500e+0,-2.795312500e+0,1.444987500e+0,
-5.968750000e+0,-3.400000000e+0,1.447812500e+0,
-4.015625000e+0,-3.001562500e+0,1.265600000e+0,
-7.015625000e+0,-2.998437500e+0,1.447106250e+0,
-6.000000000e+0,-2.603125000e+0,1.356000000e+0,
-6.000000000e+0,-3.398437500e+0,1.356000000e+0,
-6.007812500e+0,-3.004687500e+0,1.174493750e+0,
-8.007812500e+0,-3.200000000e+0,1.264187500e+0,
-8.007812500e+0,-3.000000000e+0,1.178025000e+0,
-9.000000000e+0,-3.200000000e+0,9.944000000e-1,
-9.000000000e+0,-3.003125000e+0,1.354587500e+0,
-7.000000000e+0,-3.400000000e+0,1.358825000e+0,
-6.992187500e+0,-3.000000000e+0,1.265600000e+0,
-5.007812500e+0,-2.800000000e+0,1.533975000e+0,
-5.000000000e+0,-2.998437500e+0,1.448518750e+0,
-6.000000000e+0,-3.400000000e+0,1.355293750e+0,
-5.984375000e+0,-3.198437500e+0,1.448518750e+0,
-6.023437500e+0,-3.193750000e+0,1.627200000e+0,
-1.002343750e+1,-2.598437500e+0,1.356706250e+0,
-7.953125000e+0,-2.800000000e+0,1.627200000e+0,
-4.000000000e+0,-2.798437500e+0,1.265600000e+0,
-6.960937500e+0,-3.200000000e+0,1.533975000e+0,
-6.015625000e+0,-2.801562500e+0,1.356000000e+0,
-6.000000000e+0,-3.003125000e+0,1.174493750e+0,
-5.007812500e+0,-3.000000000e+0,1.263481250e+0,
-6.906250000e+0,-3.001562500e+0,1.446400000e+0,
-9.054687500e+0,-2.804687500e+0,1.356000000e+0,
-4.976562500e+0,-2.798437500e+0,1.535387500e+0,
-5.000000000e+0,-3.200000000e+0,1.446400000e+0,
-5.000000000e+0,-3.200000000e+0,1.444987500e+0,
-4.007812500e+0,-3.403125000e+0,1.264893750e+0,
-6.992187500e+0,-3.200000000e+0,1.536800000e+0,
-6.015625000e+0,-2.603125000e+0,1.265600000e+0,
-1.100000000e+1,-2.598437500e+0,1.625787500e+0,
-5.117187500e+0,-2.796875000e+0,1.265600000e+0,
-3.960937500e+0,-3.396875000e+0,1.356706250e+0,
-7.992187500e+0,-2.800000000e+0,1.264893750e+0,
-7.007812500e+0,-3.407812500e+0,1.356000000e+0,
-8.007812500e+0,-2.995312500e+0,1.354587500e+0,
-6.015625000e+0,-3.000000000e+0,1.356000000e+0,
-7.031250000e+0,-2.998437500e+0,1.536800000e+0,
-8.000000000e+0,-2.600000000e+0,1.445693750e+0,
-7.000000000e+0,-3.004687500e+0,1.628612500e+0,
-7.000000000e+0,-2.795312500e+0,1.627200000e+0,
-6.000000000e+0,-2.600000000e+0,1.535387500e+0,
-6.992187500e+0,-3.000000000e+0,1.355293750e+0,
-8.000000000e+0,-2.606250000e+0,1.444987500e+0,
-7.992187500e+0,-2.798437500e+0,1.536800000e+0,
-5.015625000e+0,-3.003125000e+0,1.626493750e+0,
-4.992187500e+0,-3.404687500e+0,1.357412500e+0,
-7.000000000e+0,-3.195312500e+0,1.264893750e+0,
-8.007812500e+0,-2.198437500e+0,1.447812500e+0,
-6.023437500e+0,-2.598437500e+0,1.625787500e+0,
-7.000000000e+0,-2.600000000e+0,1.535387500e+0,
-1.000000000e+1,-2.800000000e+0,1.265600000e+0,
-6.984375000e+0,-2.596875000e+0,1.446400000e+0,
-5.015625000e+0,-2.600000000e+0,1.262775000e+0,
-8.015625000e+0,-2.810937500e+0,1.365181250e+0,
-9.007812500e+0,-3.401562500e+0,1.808706250e+0,
-6.000000000e+0,-3.007812500e+0,1.180143750e+0,
-9.007812500e+0,-2.796875000e+0,1.267012500e+0,
-7.015625000e+0,-2.200000000e+0,1.536800000e+0,
-5.023437500e+0,-2.804687500e+0,1.356000000e+0,
-3.992187500e+0,-3.200000000e+0,1.175200000e+0,
-8.000000000e+0,-2.600000000e+0,1.356000000e+0,
-5.015625000e+0,-3.198437500e+0,1.265600000e+0,
-7.960937500e+0,-3.001562500e+0,1.266306250e+0,
-7.968750000e+0,-3.400000000e+0,1.175906250e+0,
-5.984375000e+0,-3.193750000e+0,1.445693750e+0,
-7.039062500e+0,-2.600000000e+0,1.351762500e+0,
-9.000000000e+0,-3.204687500e+0,1.084800000e+0,
-6.992187500e+0,-3.000000000e+0,1.445693750e+0,
-6.984375000e+0,-3.201562500e+0,1.175906250e+0,
-4.000000000e+0,-2.800000000e+0,1.267718750e+0,
-6.953125000e+0,-3.001562500e+0,1.447106250e+0,
-7.000000000e+0,-3.203125000e+0,1.444987500e+0,
-7.007812500e+0,-3.590625000e+0,1.356706250e+0,
-6.023437500e+0,-2.585937500e+0,1.445693750e+0,
-3.992187500e+0,-2.800000000e+0,1.265600000e+0,
-6.953125000e+0,-3.004687500e+0,1.356000000e+0,
-6.976562500e+0,-2.798437500e+0,1.356000000e+0,
-6.000000000e+0,-2.801562500e+0,1.356000000e+0,
-6.976562500e+0,-3.000000000e+0,1.446400000e+0,
-3.000000000e+0,-2.796875000e+0,1.446400000e+0,
-7.000000000e+0,-2.600000000e+0,1.445693750e+0,
-3.000000000e+0,-2.798437500e+0,1.536800000e+0,
-6.000000000e+0,-2.801562500e+0,1.446400000e+0,
-1.200000000e+1,-2.801562500e+0,1.356706250e+0,
-7.023437500e+0,-2.800000000e+0,1.265600000e+0,
-5.992187500e+0,-3.000000000e+0,1.355293750e+0,
-9.984375000e+0,-2.600000000e+0,1.444281250e+0,
-6.031250000e+0,-2.601562500e+0,1.627200000e+0,
-2.984375000e+0,-2.403125000e+0,1.360943750e+0,
-5.000000000e+0,-2.804687500e+0,1.265600000e+0,
-4.000000000e+0,-3.400000000e+0,1.357412500e+0,
-7.023437500e+0,-2.982812500e+0,1.352468750e+0,
-6.984375000e+0,-2.609375000e+0,1.174493750e+0,
-6.015625000e+0,-3.201562500e+0,1.267718750e+0,
-6.992187500e+0,-2.800000000e+0,1.356000000e+0,
-4.007812500e+0,-3.004687500e+0,1.267012500e+0,
-5.992187500e+0,-2.404687500e+0,1.175906250e+0,
-6.992187500e+0,-2.406250000e+0,1.176612500e+0,
-8.015625000e+0,-2.800000000e+0,1.445693750e+0,
-5.031250000e+0,-2.400000000e+0,1.356706250e+0,
-4.039062500e+0,-2.800000000e+0,1.446400000e+0,
-2.914062500e+0,-2.998437500e+0,1.356706250e+0,
-9.031250000e+0,-3.196875000e+0,1.355293750e+0,
-5.968750000e+0,-3.201562500e+0,1.356000000e+0,
-8.023437500e+0,-3.401562500e+0,1.355293750e+0,
-6.953125000e+0,-3.400000000e+0,1.446400000e+0,
-5.054687500e+0,-3.198437500e+0,1.356000000e+0,
-8.968750000e+0,-3.003125000e+0,1.536093750e+0,
-1.976562500e+0,-3.201562500e+0,1.449931250e+0,
-6.921875000e+0,-2.803125000e+0,1.264893750e+0,
-8.015625000e+0,-2.604687500e+0,1.265600000e+0,
-7.015625000e+0,-2.996875000e+0,1.536800000e+0,
-6.007812500e+0,-2.400000000e+0,1.352468750e+0,
-5.000000000e+0,-3.206250000e+0,1.356706250e+0,
-5.968750000e+0,-3.000000000e+0,1.628612500e+0,
-6.992187500e+0,-3.401562500e+0,1.173787500e+0,
-6.007812500e+0,-2.596875000e+0,1.356000000e+0,
-6.984375000e+0,-2.603125000e+0,1.356000000e+0,
-4.007812500e+0,-3.000000000e+0,1.175200000e+0,
-8.007812500e+0,-3.598437500e+0,1.447106250e+0,
-6.000000000e+0,-3.200000000e+0,1.356000000e+0,
-3.000000000e+0,-3.595312500e+0,1.356000000e+0,
-6.015625000e+0,-3.400000000e+0,1.356706250e+0,
-5.000000000e+0,-3.600000000e+0,1.537506250e+0,
-5.984375000e+0,-3.203125000e+0,1.266306250e+0,
-9.000000000e+0,-2.998437500e+0,1.356706250e+0,
-6.007812500e+0,-3.007812500e+0,1.446400000e+0,
-7.000000000e+0,-3.600000000e+0,1.356000000e+0,
-7.007812500e+0,-3.031250000e+0,1.358825000e+0,
-7.000000000e+0,-2.804687500e+0,1.264893750e+0,
-7.000000000e+0,-3.406250000e+0,1.445693750e+0,
-5.000000000e+0,-3.595312500e+0,1.084800000e+0,
-5.992187500e+0,-3.198437500e+0,1.539625000e+0,
-4.007812500e+0,-3.401562500e+0,1.446400000e+0,
-8.007812500e+0,-3.203125000e+0,1.356000000e+0,
-5.000000000e+0,-3.200000000e+0,1.536800000e+0,
-5.000000000e+0,-3.198437500e+0,1.265600000e+0,
-7.000000000e+0,-3.600000000e+0,1.446400000e+0,
-3.000000000e+0,-3.000000000e+0,1.265600000e+0,
-7.968750000e+0,-3.601562500e+0,1.446400000e+0,
-6.023437500e+0,-3.401562500e+0,1.265600000e+0,
-6.992187500e+0,-3.787500000e+0,1.445693750e+0,
-4.953125000e+0,-3.801562500e+0,1.355293750e+0,
-4.023437500e+0,-3.400000000e+0,1.536800000e+0,
-7.062500000e+0,-3.804687500e+0,1.444987500e+0,
-7.945312500e+0,-3.595312500e+0,1.264893750e+0,
-3.976562500e+0,-3.400000000e+0,1.536800000e+0,
-6.062500000e+0,-3.800000000e+0,1.446400000e+0,
-8.039062500e+0,-3.600000000e+0,1.447106250e+0,
-4.031250000e+0,-4.000000000e+0,1.175200000e+0,
-5.992187500e+0,-3.600000000e+0,1.538212500e+0,
-6.015625000e+0,-3.796875000e+0,1.355293750e+0,
-6.000000000e+0,-3.198437500e+0,1.356000000e+0,
-7.960937500e+0,-3.200000000e+0,1.446400000e+0,
-9.031250000e+0,-3.195312500e+0,1.447106250e+0,
-4.898437500e+0,-3.600000000e+0,1.445693750e+0,
-9.843750000e-1,-3.400000000e+0,1.537506250e+0,
-3.054687500e+0,-3.200000000e+0,1.536093750e+0,
-6.007812500e+0,-3.401562500e+0,1.445693750e+0,
-6.000000000e+0,-3.600000000e+0,1.627906250e+0,
-4.992187500e+0,-2.996875000e+0,1.536093750e+0,
-4.000000000e+0,-2.779687500e+0,1.536800000e+0,
-2.015625000e+0,-3.596875000e+0,1.536800000e+0,
-5.000000000e+0,-3.393750000e+0,1.717600000e+0,
-4.000000000e+0,-3.201562500e+0,1.721131250e+0,
-4.000000000e+0,-3.800000000e+0,1.356000000e+0,
-4.000000000e+0,-3.798437500e+0,1.356000000e+0,
-4.000000000e+0,-3.795312500e+0,1.536093750e+0,
-5.007812500e+0,-3.803125000e+0,1.536800000e+0,
-5.984375000e+0,-3.400000000e+0,1.627200000e+0,
-2.984375000e+0,-3.812500000e+0,1.536093750e+0,
-4.015625000e+0,-3.995312500e+0,1.536093750e+0,
-2.968750000e+0,-3.195312500e+0,1.443575000e+0,
-2.007812500e+0,-3.606250000e+0,1.444281250e+0,
-4.000000000e+0,-3.596875000e+0,1.897693750e+0,
-3.000000000e+0,-3.800000000e+0,1.535387500e+0,
-4.000000000e+0,-3.398437500e+0,1.534681250e+0,
-4.007812500e+0,-3.598437500e+0,1.626493750e+0,
-4.000000000e+0,-3.798437500e+0,1.626493750e+0,
-5.015625000e+0,-4.200000000e+0,1.537506250e+0,
-3.031250000e+0,-3.612500000e+0,1.533975000e+0,
-3.062500000e+0,-3.392187500e+0,1.716187500e+0,
-4.992187500e+0,-3.800000000e+0,1.356706250e+0,
-3.015625000e+0,-3.601562500e+0,1.532562500e+0,
-5.984375000e+0,-3.600000000e+0,1.627200000e+0,
-2.007812500e+0,-4.403125000e+0,1.537506250e+0,
-5.992187500e+0,-3.803125000e+0,1.443575000e+0,
-9.921875000e-1,-3.568750000e+0,1.717600000e+0,
-4.992187500e+0,-4.601562500e+0,1.446400000e+0,
-2.015625000e+0,-3.800000000e+0,1.536093750e+0,
-4.992187500e+0,-4.001562500e+0,1.626493750e+0,
-5.000000000e+0,-3.996875000e+0,1.444281250e+0,
-6.015625000e+0,-3.801562500e+0,1.356000000e+0,
-3.039062500e+0,-4.000000000e+0,1.446400000e+0,
-1.992187500e+0,-3.792187500e+0,1.536093750e+0,
-3.007812500e+0,-4.200000000e+0,1.538212500e+0,
-3.007812500e+0,-3.800000000e+0,1.446400000e+0,
-3.992187500e+0,-4.201562500e+0,1.630025000e+0,
-3.007812500e+0,-3.993750000e+0,1.987387500e+0,
-5.000000000e+0,-3.595312500e+0,1.808000000e+0,
-2.007812500e+0,-4.398437500e+0,1.536800000e+0,
-6.007812500e+0,-3.803125000e+0,1.806587500e+0,
-2.992187500e+0,-4.396875000e+0,1.628612500e+0,
-4.000000000e+0,-4.201562500e+0,1.627200000e+0,
-4.000000000e+0,-4.201562500e+0,1.627200000e+0,
-4.000000000e+0,-4.200000000e+0,1.536093750e+0,
-1.992187500e+0,-4.200000000e+0,1.808000000e+0,
-1.000000000e+0,-4.201562500e+0,1.811531250e+0,
-1.992187500e+0,-4.200000000e+0,1.627200000e+0,
-3.000000000e+0,-4.400000000e+0,1.808706250e+0,
-3.984375000e+0,-4.192187500e+0,1.808706250e+0,
-1.000000000e+0,-3.798437500e+0,1.988800000e+0,
-2.000000000e+0,-4.001562500e+0,1.716893750e+0,
1.015625000e+0,-4.200000000e+0,1.898400000e+0,
-9.375000000e-1,-4.401562500e+0,1.717600000e+0,
-3.000000000e+0,-4.000000000e+0,1.715481250e+0,
-2.000000000e+0,-4.401562500e+0,1.898400000e+0,
-3.039062500e+0,-3.795312500e+0,1.898400000e+0,
0.000000000e+0,-4.003125000e+0,1.898400000e+0,
-2.968750000e+0,-4.396875000e+0,1.898400000e+0,
-1.070312500e+0,-4.401562500e+0,1.988093750e+0,
-1.015625000e+0,-4.204687500e+0,1.900518750e+0,
-1.000000000e+0,-3.800000000e+0,1.808000000e+0,
0.000000000e+0,-4.206250000e+0,1.898400000e+0,
-1.562500000e-2,-4.395312500e+0,1.808000000e+0,
-2.984375000e+0,-4.000000000e+0,1.898400000e+0,
1.000000000e+0,-4.600000000e+0,1.898400000e+0,
-3.000000000e+0,-4.010937500e+0,2.079200000e+0,
-3.023437500e+0,-4.398437500e+0,1.898400000e+0,
-2.015625000e+0,-4.600000000e+0,1.805881250e+0,
-7.812500000e-3,-4.601562500e+0,1.627200000e+0,
-1.000000000e+0,-4.596875000e+0,1.716893750e+0,
9.843750000e-1,-4.400000000e+0,1.535387500e+0,
2.343750000e-2,-4.401562500e+0,1.717600000e+0,
-1.007812500e+0,-4.203125000e+0,1.898400000e+0,
5.468750000e-2,-5.000000000e+0,1.808000000e+0,
2.984375000e+0,-4.389062500e+0,2.079906250e+0,
-3.046875000e+0,-4.404687500e+0,1.988800000e+0,
-1.984375000e+0,-4.600000000e+0,2.079906250e+0,
1.992187500e+0,-4.400000000e+0,1.894162500e+0,
0.000000000e+0,-4.592187500e+0,1.716187500e+0,
-1.000000000e+0,-4.603125000e+0,1.988800000e+0,
-1.562500000e-2,-4.401562500e+0,1.897693750e+0,
1.984375000e+0,-4.803125000e+0,1.897693750e+0,
3.000000000e+0,-4.600000000e+0,1.988093750e+0,
1.007812500e+0,-4.603125000e+0,1.988800000e+0,
9.921875000e-1,-5.000000000e+0,1.988093750e+0,
0.000000000e+0,-4.806250000e+0,1.988093750e+0,
-2.007812500e+0,-4.601562500e+0,1.808000000e+0,
1.015625000e+0,-4.800000000e+0,1.989506250e+0,
1.984375000e+0,-4.600000000e+0,1.988800000e+0,
9.921875000e-1,-4.804687500e+0,2.170306250e+0,
1.000000000e+0,-4.796875000e+0,2.079200000e+0,
0.000000000e+0,-4.404687500e+0,2.168187500e+0,
2.007812500e+0,-4.401562500e+0,2.260000000e+0,
3.000000000e+0,-4.604687500e+0,2.169600000e+0,
1.976562500e+0,-5.000000000e+0,1.898400000e+0,
4.007812500e+0,-4.400000000e+0,1.899106250e+0,
-9.843750000e-1,-5.014062500e+0,2.079200000e+0,
2.937500000e+0,-5.201562500e+0,1.898400000e+0,
3.046875000e+0,-4.606250000e+0,1.896987500e+0,
7.812500000e-3,-5.000000000e+0,2.079906250e+0,
1.984375000e+0,-5.198437500e+0,2.168187500e+0,
-2.023437500e+0,-5.000000000e+0,2.439387500e+0,
1.062500000e+0,-5.201562500e+0,2.260000000e+0,
2.984375000e+0,-4.995312500e+0,2.531200000e+0,
9.843750000e-1,-4.796875000e+0,2.170306250e+0,
1.984375000e+0,-5.400000000e+0,2.351106250e+0,
1.992187500e+0,-5.392187500e+0,1.986681250e+0,
2.007812500e+0,-4.600000000e+0,1.899106250e+0,
-1.007812500e+0,-5.406250000e+0,2.084143750e+0,
2.953125000e+0,-4.784375000e+0,2.260000000e+0,
5.015625000e+0,-5.000000000e+0,2.169600000e+0,
3.007812500e+0,-5.212500000e+0,2.079200000e+0,
4.000000000e+0,-4.598437500e+0,2.260000000e+0,
1.992187500e+0,-5.203125000e+0,2.169600000e+0,
1.992187500e+0,-5.400000000e+0,2.261412500e+0,
2.015625000e+0,-5.600000000e+0,2.260706250e+0,
5.984375000e+0,-5.600000000e+0,1.988800000e+0,
5.000000000e+0,-5.800000000e+0,2.260706250e+0,
4.000000000e+0,-5.409375000e+0,2.079200000e+0,
1.007812500e+0,-4.996875000e+0,2.257881250e+0,
1.000000000e+0,-5.400000000e+0,2.260000000e+0,
9.921875000e-1,-4.998437500e+0,2.079200000e+0,
3.000000000e+0,-5.400000000e+0,2.167481250e+0,
2.984375000e+0,-5.403125000e+0,2.260000000e+0,
6.007812500e+0,-4.792187500e+0,2.077787500e+0,
2.007812500e+0,-5.804687500e+0,2.350400000e+0,
3.000000000e+0,-5.800000000e+0,2.260706250e+0,
9.843750000e-1,-5.996875000e+0,2.441506250e+0,
1.007812500e+0,-5.182812500e+0,2.166775000e+0,
2.000000000e+0,-5.207812500e+0,2.079200000e+0,
3.007812500e+0,-5.800000000e+0,2.171012500e+0,
4.992187500e+0,-5.410937500e+0,2.437975000e+0,
5.007812500e+0,-5.596875000e+0,2.532612500e+0,
1.992187500e+0,-5.798437500e+0,2.440093750e+0,
5.968750000e+0,-5.600000000e+0,2.530493750e+0,
4.046875000e+0,-5.800000000e+0,2.530493750e+0,
2.976562500e+0,-5.800000000e+0,2.621600000e+0,
4.953125000e+0,-5.796875000e+0,2.534731250e+0,
4.960937500e+0,-6.004687500e+0,2.260706250e+0,
3.000000000e+0,-5.398437500e+0,2.351106250e+0,
5.015625000e+0,-5.403125000e+0,2.440093750e+0,
3.976562500e+0,-5.800000000e+0,2.440800000e+0,
1.914062500e+0,-6.200000000e+0,2.350400000e+0,
-9.531250000e-1,-5.607812500e+0,2.440800000e+0,
6.023437500e+0,-6.606250000e+0,2.352518750e+0,
4.023437500e+0,-5.204687500e+0,2.351106250e+0,
5.000000000e+0,-5.407812500e+0,2.531200000e+0,
3.031250000e+0,-6.004687500e+0,2.621600000e+0,
2.968750000e+0,-6.195312500e+0,2.259293750e+0,
6.000000000e+0,-5.598437500e+0,2.531906250e+0,
3.046875000e+0,-5.996875000e+0,2.442918750e+0,
3.023437500e+0,-5.806250000e+0,2.259293750e+0,
4.000000000e+0,-5.601562500e+0,2.260000000e+0,
2.976562500e+0,-6.198437500e+0,2.531200000e+0,
2.007812500e+0,-5.600000000e+0,2.621600000e+0,
5.007812500e+0,-6.409375000e+0,2.530493750e+0,
5.000000000e+0,-6.400000000e+0,2.440800000e+0,
6.992187500e+0,-6.185937500e+0,2.531200000e+0,
3.984375000e+0,-6.801562500e+0,2.439387500e+0,
5.992187500e+0,-6.000000000e+0,2.259293750e+0,
6.007812500e+0,-5.996875000e+0,2.440093750e+0,
3.992187500e+0,-6.801562500e+0,2.440800000e+0,
4.000000000e+0,-6.601562500e+0,2.531200000e+0,
4.007812500e+0,-7.003125000e+0,2.529787500e+0,
2.007812500e+0,-6.203125000e+0,2.626543750e+0,
3.000000000e+0,-6.804687500e+0,2.349693750e+0,
5.000000000e+0,-6.395312500e+0,2.712000000e+0,
8.984375000e+0,-6.607812500e+0,2.341218750e+0,
4.976562500e+0,-7.000000000e+0,2.262825000e+0,
6.007812500e+0,-6.595312500e+0,2.621600000e+0,
4.000000000e+0,-6.006250000e+0,2.440800000e+0,
6.000000000e+0,-6.007812500e+0,2.621600000e+0,
8.000000000e+0,-6.798437500e+0,2.440093750e+0,
6.000000000e+0,-6.400000000e+0,2.714118750e+0,
8.000000000e+0,-7.003125000e+0,2.621600000e+0,
6.015625000e+0,-6.800000000e+0,2.349693750e+0,
6.968750000e+0,-6.796875000e+0,2.802400000e+0,
7.031250000e+0,-7.006250000e+0,2.622306250e+0,
4.031250000e+0,-6.600000000e+0,2.531906250e+0,
9.023437500e+0,-6.998437500e+0,2.441506250e+0,
6.976562500e+0,-7.004687500e+0,2.803106250e+0,
9.007812500e+0,-7.398437500e+0,2.621600000e+0,
6.968750000e+0,-6.800000000e+0,2.712000000e+0,
7.015625000e+0,-7.200000000e+0,2.620187500e+0,
7.984375000e+0,-6.804687500e+0,2.802400000e+0,
8.000000000e+0,-6.196875000e+0,2.531200000e+0,
8.000000000e+0,-6.800000000e+0,2.534025000e+0,
7.000000000e+0,-6.403125000e+0,2.893506250e+0,
8.968750000e+0,-7.203125000e+0,2.712000000e+0,
1.003125000e+1,-7.000000000e+0,2.712000000e+0,
6.062500000e+0,-7.006250000e+0,2.801693750e+0,
7.070312500e+0,-6.600000000e+0,2.712706250e+0,
9.976562500e+0,-7.200000000e+0,2.623718750e+0,
7.007812500e+0,-7.195312500e+0,2.983200000e+0,
1.099218750e+1,-7.001562500e+0,2.712706250e+0,
7.000000000e+0,-7.400000000e+0,2.711293750e+0,
1.100000000e+1,-6.598437500e+0,2.622306250e+0,
8.000000000e+0,-6.782812500e+0,2.889975000e+0,
1.001562500e+1,-7.000000000e+0,2.802400000e+0,
8.000000000e+0,-6.996875000e+0,2.621600000e+0,
7.000000000e+0,-7.001562500e+0,2.801693750e+0,
6.007812500e+0,-7.600000000e+0,2.621600000e+0,
9.000000000e+0,-7.192187500e+0,2.712000000e+0,
8.015625000e+0,-6.982812500e+0,2.803812500e+0,
9.007812500e+0,-7.801562500e+0,2.712000000e+0,
1.100000000e+1,-7.200000000e+0,2.802400000e+0,
9.984375000e+0,-7.800000000e+0,2.803106250e+0,
1.000781250e+1,-6.996875000e+0,2.984612500e+0,
9.968750000e+0,-7.203125000e+0,2.887856250e+0,
8.000000000e+0,-7.004687500e+0,2.711293750e+0,
1.000000000e+1,-7.773437500e+0,2.983200000e+0,
9.992187500e+0,-7.800000000e+0,2.620187500e+0,
8.992187500e+0,-7.196875000e+0,2.710587500e+0,
1.101562500e+1,-7.398437500e+0,2.711293750e+0,
7.992187500e+0,-7.801562500e+0,2.892800000e+0,
1.195312500e+1,-7.200000000e+0,2.713412500e+0,
1.100781250e+1,-7.796875000e+0,2.709881250e+0,
1.094531250e+1,-7.409375000e+0,2.983906250e+0,
6.976562500e+0,-7.600000000e+0,2.982493750e+0,
9.015625000e+0,-7.601562500e+0,3.075012500e+0,
9.015625000e+0,-7.400000000e+0,2.802400000e+0,
1.102343750e+1,-7.009375000e+0,2.801693750e+0,
1.100000000e+1,-8.196875000e+0,2.892093750e+0,
1.097656250e+1,-7.812500000e+0,2.891387500e+0,
9.000000000e+0,-7.800000000e+0,2.983200000e+0,
9.984375000e+0,-7.600000000e+0,2.711293750e+0,
9.992187500e+0,-8.003125000e+0,3.076425000e+0,
1.100000000e+1,-8.190625000e+0,2.888562500e+0,
8.968750000e+0,-7.400000000e+0,2.712000000e+0,
1.492968750e+1,-7.800000000e+0,3.073600000e+0,
1.410156250e+1,-7.407812500e+0,2.984612500e+0,
8.968750000e+0,-7.800000000e+0,2.982493750e+0,
1.104687500e+1,-8.000000000e+0,2.983200000e+0,
1.300000000e+1,-7.801562500e+0,2.982493750e+0,
1.299218750e+1,-8.200000000e+0,2.981787500e+0,
1.200000000e+1,-7.604687500e+0,3.073600000e+0,
1.100000000e+1,-7.793750000e+0,2.891387500e+0,
1.300000000e+1,-7.995312500e+0,2.709175000e+0,
1.100000000e+1,-8.204687500e+0,3.162587500e+0,
1.300000000e+1,-7.600000000e+0,2.983200000e+0,
1.400000000e+1,-8.196875000e+0,3.072893750e+0,
1.200000000e+1,-7.200000000e+0,3.074306250e+0,
1.000000000e+1,-8.000000000e+0,3.073600000e+0,
1.297656250e+1,-7.625000000e+0,3.254400000e+0,
1.499218750e+1,-7.396875000e+0,2.986731250e+0,
1.500000000e+1,-8.396875000e+0,2.803106250e+0,
1.699218750e+1,-8.393750000e+0,3.077131250e+0,
1.398437500e+1,-8.200000000e+0,3.254400000e+0,
1.400781250e+1,-8.401562500e+0,2.892093750e+0,
1.300000000e+1,-8.400000000e+0,3.164000000e+0,
1.303125000e+1,-8.201562500e+0,2.983200000e+0,
1.097656250e+1,-8.000000000e+0,3.158350000e+0,
1.400000000e+1,-8.198437500e+0,3.525600000e+0,
1.199218750e+1,-8.598437500e+0,3.343387500e+0,
1.589843750e+1,-8.200000000e+0,3.254400000e+0,
1.510937500e+1,-8.590625000e+0,3.164000000e+0,
1.292187500e+1,-8.818750000e+0,3.162587500e+0,
1.700781250e+1,-7.998437500e+0,3.344093750e+0,
1.399218750e+1,-8.995312500e+0,3.254400000e+0,
1.500000000e+1,-8.393750000e+0,3.255812500e+0,
1.399218750e+1,-8.404687500e+0,3.435200000e+0,
1.401562500e+1,-8.600000000e+0,3.254400000e+0,
1.600000000e+1,-8.401562500e+0,3.344800000e+0,
1.500000000e+1,-8.404687500e+0,3.439437500e+0,
1.502343750e+1,-8.200000000e+0,3.164000000e+0,
1.300781250e+1,-8.400000000e+0,3.256518750e+0,
1.498437500e+1,-8.407812500e+0,3.346212500e+0,
1.700781250e+1,-8.803125000e+0,3.434493750e+0,
1.600000000e+1,-8.598437500e+0,3.252281250e+0,
1.699218750e+1,-8.800000000e+0,3.254400000e+0,
1.599218750e+1,-8.801562500e+0,3.435200000e+0,
1.600781250e+1,-9.000000000e+0,3.252987500e+0,
1.497656250e+1,-8.796875000e+0,3.346212500e+0,
1.102343750e+1,-8.803125000e+0,3.435200000e+0,
1.902343750e+1,-9.000000000e+0,3.433787500e+0,
1.800781250e+1,-8.806250000e+0,3.345506250e+0,
1.700000000e+1,-9.401562500e+0,3.435906250e+0,
1.600000000e+1,-8.607812500e+0,3.254400000e+0,
1.698437500e+1,-8.807812500e+0,3.435906250e+0,
1.900781250e+1,-9.403125000e+0,3.525600000e+0,
1.500000000e+1,-9.198437500e+0,3.344800000e+0,
1.499218750e+1,-9.003125000e+0,3.435200000e+0,
1.701562500e+1,-9.400000000e+0,3.435200000e+0,
1.400000000e+1,-9.003125000e+0,3.435200000e+0,
1.697656250e+1,-8.998437500e+0,3.434493750e+0,
1.999218750e+1,-8.604687500e+0,3.435200000e+0,
1.595312500e+1,-9.200000000e+0,3.524893750e+0,
1.400000000e+1,-8.804687500e+0,3.435906250e+0,
1.699218750e+1,-9.606250000e+0,3.615293750e+0,
1.500000000e+1,-9.212500000e+0,3.527012500e+0,
1.600781250e+1,-8.796875000e+0,3.525600000e+0,
1.700000000e+1,-8.203125000e+0,3.616000000e+0,
1.600781250e+1,-9.204687500e+0,3.435200000e+0,
1.600000000e+1,-9.400000000e+0,3.345506250e+0,
1.598437500e+1,-9.804687500e+0,3.706400000e+0,
1.796875000e+1,-9.603125000e+0,3.435200000e+0,
1.900781250e+1,-9.006250000e+0,3.525600000e+0,
1.799218750e+1,-9.200000000e+0,3.344800000e+0,
1.800781250e+1,-9.203125000e+0,3.613881250e+0,
1.695312500e+1,-9.600000000e+0,3.793975000e+0,
1.400000000e+1,-9.195312500e+0,3.434493750e+0,
1.703125000e+1,-9.201562500e+0,3.705693750e+0,
1.800781250e+1,-9.203125000e+0,3.616000000e+0,
2.002343750e+1,-9.400000000e+0,3.613881250e+0,
1.697656250e+1,-1.000156250e+1,3.253693750e+0,
2.100000000e+1,-9.598437500e+0,3.438025000e+0,
1.700781250e+1,-9.407812500e+0,3.618118750e+0,
1.797656250e+1,-9.800000000e+0,3.615293750e+0,
1.899218750e+1,-9.600000000e+0,3.435200000e+0,
1.901562500e+1,-9.610937500e+0,3.617412500e+0,
1.798437500e+1,-9.000000000e+0,3.796800000e+0,
1.800000000e+1,-9.401562500e+0,3.795387500e+0,
1.902343750e+1,-9.400000000e+0,3.525600000e+0,
1.998437500e+1,-1.020468750e+1,3.705693750e+0,
1.600781250e+1,-9.800000000e+0,3.616000000e+0,
1.800000000e+1,-9.198437500e+0,3.706400000e+0,
1.900000000e+1,-9.992187500e+0,3.616000000e+0,
1.500781250e+1,-1.000000000e+1,3.704281250e+0,
1.697656250e+1,-1.020156250e+1,3.796800000e+0,
2.099218750e+1,-9.601562500e+0,3.525600000e+0,
1.801562500e+1,-1.020000000e+1,3.793975000e+0,
2.098437500e+1,-9.601562500e+0,3.797506250e+0,
2.100781250e+1,-9.798437500e+0,3.619531250e+0,
2.100000000e+1,-9.601562500e+0,3.525600000e+0,
2.100000000e+1,-1.000000000e+1,3.621650000e+0,
1.899218750e+1,-9.793750000e+0,3.973362500e+0,
2.000000000e+1,-9.598437500e+0,3.431668750e+0,
2.000781250e+1,-9.601562500e+0,3.712756250e+0,
2.200000000e+1,-1.000468750e+1,3.885081250e+0,
2.100000000e+1,-1.022656250e+1,3.704987500e+0,
2.199218750e+1,-9.596875000e+0,3.977600000e+0,
2.298437500e+1,-1.060312500e+1,3.704987500e+0,
2.500781250e+1,-9.796875000e+0,3.886493750e+0,
2.203125000e+1,-9.801562500e+0,3.796800000e+0,
2.101562500e+1,-9.600000000e+0,3.887200000e+0,
1.996093750e+1,-9.995312500e+0,3.797506250e+0,
2.196875000e+1,-1.020000000e+1,3.796800000e+0,
1.797656250e+1,-1.020156250e+1,3.797506250e+0,
2.102343750e+1,-1.040312500e+1,3.978306250e+0,
2.100000000e+1,-1.060000000e+1,3.525600000e+0,
2.093750000e+1,-1.040000000e+1,3.800331250e+0,
1.803125000e+1,-1.040156250e+1,3.887200000e+0,
2.401562500e+1,-1.039843750e+1,3.706400000e+0,
2.102343750e+1,-1.040156250e+1,3.887906250e+0,
2.297656250e+1,-1.020156250e+1,3.887200000e+0,
2.203125000e+1,-1.039687500e+1,3.977600000e+0,
2.096875000e+1,-1.000468750e+1,3.886493750e+0,
2.400781250e+1,-1.100156250e+1,3.886493750e+0,
2.004687500e+1,-1.020468750e+1,3.796093750e+0,
2.103125000e+1,-1.079375000e+1,3.887200000e+0,
2.200000000e+1,-1.079843750e+1,3.796800000e+0,
2.199218750e+1,-1.039531250e+1,3.887200000e+0,
2.200781250e+1,-1.020000000e+1,3.887200000e+0,
2.300000000e+1,-1.080937500e+1,3.887200000e+0,
2.200000000e+1,-1.100000000e+1,3.887200000e+0,
2.399218750e+1,-1.058750000e+1,3.706400000e+0,
2.096875000e+1,-1.120312500e+1,3.797506250e+0,
2.099218750e+1,-1.000000000e+1,3.977600000e+0,
2.300000000e+1,-1.059531250e+1,3.976893750e+0,
2.098437500e+1,-1.119687500e+1,4.066587500e+0,
1.999218750e+1,-1.079843750e+1,3.616000000e+0,
2.199218750e+1,-1.119531250e+1,3.972656250e+0,
2.101562500e+1,-1.105000000e+1,4.165462500e+0,
2.200000000e+1,-1.020937500e+1,3.886493750e+0,
2.500000000e+1,-1.160625000e+1,4.248800000e+0,
1.998437500e+1,-1.078750000e+1,3.879431250e+0,
2.402343750e+1,-1.081250000e+1,3.890025000e+0,
2.197656250e+1,-1.100156250e+1,4.068000000e+0,
2.300781250e+1,-1.080781250e+1,3.796800000e+0,
2.400000000e+1,-1.060468750e+1,4.068000000e+0,
2.200000000e+1,-1.139843750e+1,3.887200000e+0,
2.100000000e+1,-1.100000000e+1,3.979012500e+0,
2.697656250e+1,-1.120312500e+1,4.158400000e+0,
2.604687500e+1,-1.120000000e+1,4.158400000e+0,
2.398437500e+1,-1.120000000e+1,4.158400000e+0,
2.502343750e+1,-1.120312500e+1,4.340612500e+0,
2.000000000e+1,-1.120000000e+1,3.707106250e+0,
2.503906250e+1,-1.140156250e+1,4.070118750e+0,
2.293750000e+1,-1.100000000e+1,4.249506250e+0,
2.299218750e+1,-1.140468750e+1,4.248800000e+0,
2.303125000e+1,-1.140000000e+1,4.158400000e+0,
2.600000000e+1,-1.120000000e+1,3.978306250e+0,
2.306250000e+1,-1.140000000e+1,3.976893750e+0,
2.196875000e+1,-1.120000000e+1,4.158400000e+0,
2.400000000e+1,-1.119843750e+1,4.154162500e+0,
2.201562500e+1,-1.079843750e+1,3.797506250e+0,
2.298437500e+1,-1.120312500e+1,4.339200000e+0,
2.398437500e+1,-1.160156250e+1,4.429600000e+0,
2.500781250e+1,-1.140312500e+1,4.342025000e+0,
2.400000000e+1,-1.140000000e+1,4.068706250e+0,
2.499218750e+1,-1.100000000e+1,4.070118750e+0,
2.296093750e+1,-1.100781250e+1,4.339906250e+0,
2.302343750e+1,-1.160156250e+1,4.248093750e+0,
2.700781250e+1,-1.140000000e+1,4.431718750e+0,
2.600000000e+1,-1.160156250e+1,4.428187500e+0,
2.700000000e+1,-1.179375000e+1,4.161931250e+0,
2.596875000e+1,-1.180312500e+1,3.977600000e+0,
2.400000000e+1,-1.119218750e+1,4.068000000e+0,
2.700000000e+1,-1.100312500e+1,4.158400000e+0,
2.700000000e+1,-1.220000000e+1,4.158400000e+0,
2.700000000e+1,-1.199687500e+1,4.248800000e+0,
2.600000000e+1,-1.219843750e+1,4.072237500e+0,
2.700781250e+1,-1.180312500e+1,4.068000000e+0,
2.801562500e+1,-1.160156250e+1,4.340612500e+0,
2.795312500e+1,-1.139375000e+1,4.338493750e+0,
2.397656250e+1,-1.120312500e+1,4.248093750e+0,
2.601562500e+1,-1.180781250e+1,4.342025000e+0,
2.500000000e+1,-1.180000000e+1,4.429600000e+0,
2.700000000e+1,-1.199843750e+1,4.249506250e+0,
2.500000000e+1,-1.180000000e+1,4.157693750e+0,
2.798437500e+1,-1.180468750e+1,4.156987500e+0,
2.802343750e+1,-1.200156250e+1,4.338493750e+0,
2.699218750e+1,-1.140000000e+1,4.337787500e+0,
2.898437500e+1,-1.200312500e+1,4.067293750e+0,
2.703906250e+1,-1.221093750e+1,4.337787500e+0,
2.497656250e+1,-1.141093750e+1,4.248093750e+0,
2.605468750e+1,-1.179531250e+1,4.428893750e+0,
2.797656250e+1,-1.260000000e+1,4.432425000e+0,
2.501562500e+1,-1.200000000e+1,4.248800000e+0,
2.900000000e+1,-1.180000000e+1,4.519293750e+0,
2.496875000e+1,-1.160156250e+1,4.340612500e+0,
2.702343750e+1,-1.159843750e+1,4.341318750e+0,
2.700000000e+1,-1.180156250e+1,4.068000000e+0,
2.798437500e+1,-1.200000000e+1,4.248093750e+0,
2.800000000e+1,-1.180156250e+1,4.247387500e+0,
2.701562500e+1,-1.220312500e+1,4.248800000e+0,
2.396875000e+1,-1.199843750e+1,4.339200000e+0,
2.896875000e+1,-1.200000000e+1,4.339200000e+0,
2.703906250e+1,-1.199062500e+1,4.338493750e+0,
2.804687500e+1,-1.200000000e+1,4.341318750e+0,
3.100781250e+1,-1.120000000e+1,4.248800000e+0,
2.896093750e+1,-1.220468750e+1,4.702212500e+0,
2.700000000e+1,-1.220000000e+1,4.611106250e+0,
3.000000000e+1,-1.240468750e+1,4.610400000e+0,
2.999218750e+1,-1.179687500e+1,4.247387500e+0,
2.799218750e+1,-1.259687500e+1,4.336375000e+0,
2.800000000e+1,-1.200468750e+1,4.520000000e+0,
2.900000000e+1,-1.220000000e+1,4.429600000e+0,
2.800000000e+1,-1.219843750e+1,4.519293750e+0,
2.700000000e+1,-1.200000000e+1,4.522825000e+0,
3.000000000e+1,-1.200000000e+1,4.339200000e+0,
2.800000000e+1,-1.199843750e+1,4.790493750e+0,
2.999218750e+1,-1.200000000e+1,4.343437500e+0,
3.000000000e+1,-1.199687500e+1,4.341318750e+0,
2.898437500e+1,-1.280468750e+1,4.613225000e+0,
2.902343750e+1,-1.218125000e+1,4.791200000e+0,
3.097656250e+1,-1.160000000e+1,4.521412500e+0,
2.699218750e+1,-1.200000000e+1,4.881600000e+0,
3.094531250e+1,-1.219687500e+1,4.429600000e+0,
3.003906250e+1,-1.280000000e+1,4.877362500e+0,
2.899218750e+1,-1.200156250e+1,4.700800000e+0,
2.997656250e+1,-1.240468750e+1,4.608987500e+0,
3.003906250e+1,-1.240000000e+1,4.430306250e+0,
2.897656250e+1,-1.239687500e+1,4.520000000e+0,
3.001562500e+1,-1.280000000e+1,4.698681250e+0,
2.798437500e+1,-1.260000000e+1,4.794731250e+0,
3.001562500e+1,-1.300000000e+1,4.519293750e+0,
3.199218750e+1,-1.259843750e+1,4.973412500e+0,
2.898437500e+1,-1.280000000e+1,4.611812500e+0,
2.901562500e+1,-1.260000000e+1,4.610400000e+0,
3.000000000e+1,-1.299531250e+1,4.429600000e+0,
3.000000000e+1,-1.283125000e+1,4.876656250e+0,
2.900000000e+1,-1.200156250e+1,4.700800000e+0,
2.999218750e+1,-1.241093750e+1,4.789787500e+0,
3.000000000e+1,-1.319375000e+1,4.612518750e+0,
2.999218750e+1,-1.239218750e+1,4.880893750e+0,
3.098437500e+1,-1.260156250e+1,4.428187500e+0,
3.100781250e+1,-1.240000000e+1,4.700800000e+0,
2.999218750e+1,-1.280312500e+1,4.610400000e+0,
3.000000000e+1,-1.320000000e+1,4.794025000e+0,
3.000000000e+1,-1.299687500e+1,4.969881250e+0,
2.999218750e+1,-1.279375000e+1,4.700800000e+0,
3.100781250e+1,-1.200000000e+1,4.882306250e+0,
3.300781250e+1,-1.301093750e+1,4.791906250e+0,
2.900000000e+1,-1.300000000e+1,4.971293750e+0,
3.300781250e+1,-1.300781250e+1,4.791200000e+0,
3.100000000e+1,-1.200156250e+1,4.791200000e+0,
3.300781250e+1,-1.301093750e+1,4.791200000e+0,
2.900000000e+1,-1.280000000e+1,4.700800000e+0,
2.898437500e+1,-1.280156250e+1,4.700800000e+0,
3.196093750e+1,-1.300000000e+1,4.785550000e+0,
3.300000000e+1,-1.299843750e+1,5.061693750e+0,
3.100000000e+1,-1.320156250e+1,4.696562500e+0,
3.200781250e+1,-1.299218750e+1,4.700800000e+0,
3.396875000e+1,-1.259687500e+1,4.700093750e+0,
2.798437500e+1,-1.260937500e+1,4.701506250e+0,
3.098437500e+1,-1.320468750e+1,4.790493750e+0,
3.100000000e+1,-1.300781250e+1,4.793318750e+0,
3.199218750e+1,-1.279843750e+1,4.520000000e+0,
3.000000000e+1,-1.260312500e+1,4.791200000e+0,
3.096093750e+1,-1.300000000e+1,4.610400000e+0,
3.499218750e+1,-1.260000000e+1,4.791906250e+0,
3.202343750e+1,-1.301250000e+1,4.881600000e+0,
3.300000000e+1,-1.340000000e+1,4.791200000e+0,
3.101562500e+1,-1.300468750e+1,4.701506250e+0,
3.203125000e+1,-1.320000000e+1,4.792612500e+0,
3.296875000e+1,-1.320000000e+1,5.061693750e+0,
2.997656250e+1,-1.320000000e+1,4.879481250e+0,
3.203906250e+1,-1.319843750e+1,4.881600000e+0,
3.402343750e+1,-1.299843750e+1,4.880893750e+0,
3.498437500e+1,-1.300156250e+1,4.971293750e+0,
3.300781250e+1,-1.320000000e+1,4.969881250e+0,
3.396875000e+1,-1.380156250e+1,4.608987500e+0,
3.400781250e+1,-1.319687500e+1,4.702212500e+0,
3.200781250e+1,-1.279531250e+1,4.793318750e+0,
3.198437500e+1,-1.301718750e+1,4.972000000e+0,
3.396875000e+1,-1.380000000e+1,4.881600000e+0,
3.500781250e+1,-1.302031250e+1,4.700093750e+0,
3.295312500e+1,-1.280000000e+1,4.700800000e+0,
3.100000000e+1,-1.280312500e+1,4.881600000e+0,
3.302343750e+1,-1.340000000e+1,4.789081250e+0,
3.500781250e+1,-1.280000000e+1,4.789787500e+0,
3.500781250e+1,-1.380000000e+1,5.060987500e+0,
3.300000000e+1,-1.360781250e+1,5.061693750e+0,
3.200000000e+1,-1.300312500e+1,4.972000000e+0,
3.400000000e+1,-1.319687500e+1,4.790493750e+0,
3.199218750e+1,-1.339843750e+1,4.972000000e+0,
3.600000000e+1,-1.359687500e+1,4.881600000e+0,
3.102343750e+1,-1.300000000e+1,4.879481250e+0,
3.299218750e+1,-1.340156250e+1,4.972706250e+0,
3.199218750e+1,-1.260625000e+1,4.704331250e+0,
3.400000000e+1,-1.340312500e+1,4.791200000e+0,
3.200000000e+1,-1.340000000e+1,5.065225000e+0,
3.402343750e+1,-1.300156250e+1,5.053925000e+0,
3.396093750e+1,-1.320312500e+1,4.700800000e+0,
3.100000000e+1,-1.320156250e+1,5.065931250e+0,
3.503125000e+1,-1.339843750e+1,4.970587500e+0,
3.500781250e+1,-1.318906250e+1,4.973412500e+0,
3.300781250e+1,-1.379687500e+1,4.880187500e+0,
3.199218750e+1,-1.359687500e+1,5.154212500e+0,
3.500000000e+1,-1.340000000e+1,5.063106250e+0,
3.299218750e+1,-1.340000000e+1,4.879481250e+0,
3.597656250e+1,-1.340000000e+1,5.243200000e+0,
3.406250000e+1,-1.339687500e+1,4.975531250e+0,
3.402343750e+1,-1.379531250e+1,4.970587500e+0,
3.497656250e+1,-1.359843750e+1,4.972000000e+0,
3.300000000e+1,-1.319843750e+1,4.972706250e+0,
3.604687500e+1,-1.320000000e+1,4.791200000e+0,
3.591406250e+1,-1.360312500e+1,4.883012500e+0,
3.099218750e+1,-1.380000000e+1,5.061693750e+0,
3.400781250e+1,-1.361093750e+1,5.062400000e+0,
3.102343750e+1,-1.340000000e+1,5.061693750e+0,
3.296093750e+1,-1.380468750e+1,4.881600000e+0,
3.401562500e+1,-1.399843750e+1,4.881600000e+0,
3.396093750e+1,-1.359843750e+1,4.974118750e+0,
3.899218750e+1,-1.339531250e+1,5.061693750e+0,
3.410937500e+1,-1.319687500e+1,4.883012500e+0,
3.202343750e+1,-1.400156250e+1,4.881600000e+0,
3.503125000e+1,-1.340000000e+1,4.972000000e+0,
3.596875000e+1,-1.400468750e+1,4.972000000e+0,
3.300000000e+1,-1.380000000e+1,5.061693750e+0,
3.600000000e+1,-1.360156250e+1,4.791200000e+0,
3.400000000e+1,-1.360000000e+1,5.062400000e+0,
3.499218750e+1,-1.319375000e+1,5.152800000e+0,
3.297656250e+1,-1.399687500e+1,5.061693750e+0,
3.299218750e+1,-1.400000000e+1,5.060987500e+0,
3.499218750e+1,-1.380156250e+1,5.063106250e+0,
3.499218750e+1,-1.360156250e+1,4.882306250e+0,
3.400781250e+1,-1.400468750e+1,5.243200000e+0,
3.200000000e+1,-1.400312500e+1,5.062400000e+0,
3.399218750e+1,-1.379218750e+1,5.159156250e+0,
3.300000000e+1,-1.399687500e+1,4.700093750e+0,
3.400000000e+1,-1.360156250e+1,5.244612500e+0,
3.300000000e+1,-1.420468750e+1,5.055337500e+0,
3.502343750e+1,-1.399375000e+1,4.972706250e+0,
3.599218750e+1,-1.420468750e+1,4.972000000e+0,
3.399218750e+1,-1.440468750e+1,4.791906250e+0,
3.400000000e+1,-1.379531250e+1,5.152800000e+0,
3.300000000e+1,-1.379843750e+1,4.972000000e+0,
3.600000000e+1,-1.420000000e+1,5.063106250e+0,
3.600781250e+1,-1.439531250e+1,5.062400000e+0,
3.400000000e+1,-1.380000000e+1,5.062400000e+0,
3.596093750e+1,-1.419843750e+1,5.062400000e+0,
3.699218750e+1,-1.400156250e+1,5.243906250e+0,
3.594531250e+1,-1.439843750e+1,4.791906250e+0,
3.298437500e+1,-1.440000000e+1,4.974825000e+0,
3.402343750e+1,-1.440312500e+1,5.513693750e+0,
3.396875000e+1,-1.439687500e+1,4.882306250e+0,
3.303906250e+1,-1.380000000e+1,5.243200000e+0,
3.699218750e+1,-1.399843750e+1,4.973412500e+0,
3.302343750e+1,-1.440000000e+1,5.152093750e+0,
3.596093750e+1,-1.399843750e+1,5.152800000e+0,
3.500000000e+1,-1.439687500e+1,5.061693750e+0,
3.496875000e+1,-1.339375000e+1,5.062400000e+0,
3.898437500e+1,-1.420625000e+1,5.152800000e+0,
3.606250000e+1,-1.500156250e+1,5.243200000e+0,
3.397656250e+1,-1.441250000e+1,5.244612500e+0,
3.603906250e+1,-1.420000000e+1,5.063106250e+0,
3.596093750e+1,-1.400000000e+1,4.972000000e+0,
3.399218750e+1,-1.420156250e+1,4.972000000e+0,
3.500781250e+1,-1.420156250e+1,5.060987500e+0,
3.500000000e+1,-1.440000000e+1,5.242493750e+0,
3.600000000e+1,-1.379843750e+1,5.152800000e+0,
3.500000000e+1,-1.400625000e+1,5.243906250e+0,
3.599218750e+1,-1.340312500e+1,4.972000000e+0,
3.300000000e+1,-1.380312500e+1,4.972000000e+0,
3.400000000e+1,-1.399843750e+1,5.331481250e+0,
3.300781250e+1,-1.440000000e+1,5.152800000e+0,
3.600000000e+1,-1.439531250e+1,5.062400000e+0,
3.504687500e+1,-1.399843750e+1,5.154918750e+0,
3.300781250e+1,-1.439843750e+1,5.062400000e+0,
3.701562500e+1,-1.419843750e+1,5.241787500e+0,
3.599218750e+1,-1.420156250e+1,4.880893750e+0,
3.699218750e+1,-1.419843750e+1,5.065931250e+0,
3.496875000e+1,-1.400000000e+1,5.157037500e+0,
3.500000000e+1,-1.420468750e+1,5.424000000e+0,
3.500000000e+1,-1.440000000e+1,5.153506250e+0,
3.600000000e+1,-1.440000000e+1,5.242493750e+0,
3.499218750e+1,-1.460000000e+1,5.062400000e+0,
3.798437500e+1,-1.440156250e+1,5.152800000e+0,
3.700781250e+1,-1.440156250e+1,5.062400000e+0,
3.596093750e+1,-1.420156250e+1,5.243200000e+0,
3.803125000e+1,-1.479375000e+1,5.063812500e+0,
3.295312500e+1,-1.461875000e+1,5.246025000e+0,
3.605468750e+1,-1.419843750e+1,5.424000000e+0,
3.599218750e+1,-1.500000000e+1,5.243200000e+0,
3.596875000e+1,-1.440000000e+1,5.333600000e+0,
3.398437500e+1,-1.460625000e+1,5.062400000e+0,
3.501562500e+1,-1.460312500e+1,5.329362500e+0,
3.600781250e+1,-1.400468750e+1,5.336425000e+0,
3.698437500e+1,-1.440156250e+1,5.152800000e+0,
3.703125000e+1,-1.440000000e+1,5.243200000e+0,
3.400000000e+1,-1.440156250e+1,5.149975000e+0,
3.598437500e+1,-1.480468750e+1,5.063812500e+0,
3.799218750e+1,-1.479843750e+1,5.333600000e+0,
3.800000000e+1,-1.480000000e+1,5.152800000e+0,
3.800781250e+1,-1.479687500e+1,5.601975000e+0,
3.700000000e+1,-1.460000000e+1,5.426825000e+0,
3.697656250e+1,-1.399843750e+1,5.243200000e+0,
3.500000000e+1,-1.500312500e+1,5.246025000e+0,
3.801562500e+1,-1.479375000e+1,5.602681250e+0,
3.900000000e+1,-1.460000000e+1,5.424000000e+0,
3.898437500e+1,-1.479375000e+1,5.152093750e+0,
3.598437500e+1,-1.499843750e+1,5.241081250e+0,
3.499218750e+1,-1.480781250e+1,5.243906250e+0,
3.500000000e+1,-1.420000000e+1,5.152800000e+0,
3.900000000e+1,-1.500468750e+1,5.242493750e+0,
3.700000000e+1,-1.460000000e+1,5.335012500e+0,
3.700000000e+1,-1.480000000e+1,5.333600000e+0,
3.799218750e+1,-1.459531250e+1,5.695200000e+0,
3.900000000e+1,-1.500000000e+1,5.336425000e+0,
3.800000000e+1,-1.460000000e+1,5.334306250e+0,
3.498437500e+1,-1.500156250e+1,5.334306250e+0,
3.602343750e+1,-1.459531250e+1,5.424000000e+0,
3.900000000e+1,-1.480156250e+1,5.242493750e+0,
3.900000000e+1,-1.500000000e+1,5.243200000e+0,
4.100781250e+1,-1.440156250e+1,5.062400000e+0,
3.900000000e+1,-1.460000000e+1,5.601975000e+0,
4.098437500e+1,-1.459843750e+1,5.424000000e+0,
3.998437500e+1,-1.500156250e+1,5.605506250e+0,
4.107812500e+1,-1.480000000e+1,5.607625000e+0,
3.603125000e+1,-1.479531250e+1,5.333600000e+0,
3.892968750e+1,-1.520468750e+1,5.602681250e+0,
3.900000000e+1,-1.480000000e+1,5.427531250e+0,
4.200781250e+1,-1.520156250e+1,5.332893750e+0,
4.099218750e+1,-1.460156250e+1,5.515106250e+0,
3.998437500e+1,-1.520156250e+1,5.513693750e+0,
3.800781250e+1,-1.440000000e+1,5.604800000e+0,
4.100781250e+1,-1.458593750e+1,5.514400000e+0,
4.000000000e+1,-1.600781250e+1,5.691668750e+0,
3.902343750e+1,-1.480468750e+1,5.604800000e+0,
3.798437500e+1,-1.500312500e+1,5.422587500e+0,
4.000000000e+1,-1.480468750e+1,5.424706250e+0,
3.801562500e+1,-1.519218750e+1,5.515106250e+0,
3.896875000e+1,-1.460468750e+1,5.694493750e+0,
4.097656250e+1,-1.559843750e+1,5.514400000e+0,
4.096093750e+1,-1.499687500e+1,5.604800000e+0,
3.903125000e+1,-1.480000000e+1,5.331481250e+0,
4.299218750e+1,-1.559687500e+1,5.334306250e+0,
3.800781250e+1,-1.459375000e+1,5.424000000e+0,
4.500781250e+1,-1.500000000e+1,5.604093750e+0,
4.101562500e+1,-1.540468750e+1,5.512281250e+0,
4.000000000e+1,-1.541718750e+1,5.601975000e+0,
3.899218750e+1,-1.460156250e+1,5.876000000e+0,
3.900000000e+1,-1.500468750e+1,5.604093750e+0,
3.799218750e+1,-1.500156250e+1,5.785600000e+0,
4.000000000e+1,-1.520000000e+1,5.605506250e+0,
3.698437500e+1,-1.500468750e+1,5.514400000e+0,
4.296875000e+1,-1.560156250e+1,5.596325000e+0,
4.000000000e+1,-1.480312500e+1,5.964987500e+0,
4.099218750e+1,-1.519843750e+1,5.329362500e+0,
4.199218750e+1,-1.439843750e+1,5.605506250e+0,
3.996875000e+1,-1.520625000e+1,5.513693750e+0,
3.800000000e+1,-1.519843750e+1,5.510162500e+0,
4.098437500e+1,-1.519687500e+1,5.243200000e+0,
4.100000000e+1,-1.480312500e+1,5.511575000e+0,
4.100000000e+1,-1.500156250e+1,5.513693750e+0,
4.200000000e+1,-1.520156250e+1,5.424000000e+0,
4.000000000e+1,-1.519843750e+1,5.424000000e+0,
4.199218750e+1,-1.480000000e+1,5.695200000e+0,
4.106250000e+1,-1.460625000e+1,5.514400000e+0,
3.793750000e+1,-1.519843750e+1,5.333600000e+0,
4.499218750e+1,-1.520937500e+1,5.424000000e+0,
3.792968750e+1,-1.480000000e+1,5.333600000e+0,
3.902343750e+1,-1.460156250e+1,5.513693750e+0,
3.797656250e+1,-1.500312500e+1,5.513693750e+0,
3.801562500e+1,-1.540468750e+1,5.513693750e+0,
4.000781250e+1,-1.539531250e+1,5.424000000e+0,
4.000000000e+1,-1.480625000e+1,5.423293750e+0,
4.100000000e+1,-1.500000000e+1,5.601975000e+0,
4.000000000e+1,-1.520000000e+1,5.060987500e+0,
4.099218750e+1,-1.520156250e+1,5.336425000e+0,
4.099218750e+1,-1.540156250e+1,5.517931250e+0,
4.299218750e+1,-1.519218750e+1,5.785600000e+0,
4.103125000e+1,-1.500000000e+1,5.514400000e+0,
4.000781250e+1,-1.501250000e+1,5.424000000e+0,
4.003125000e+1,-1.460312500e+1,5.604800000e+0,
4.199218750e+1,-1.540156250e+1,5.513693750e+0,
3.798437500e+1,-1.500000000e+1,5.421175000e+0,
4.000000000e+1,-1.500156250e+1,5.241787500e+0,
3.899218750e+1,-1.480000000e+1,5.693081250e+0,
4.100000000e+1,-1.459843750e+1,5.782068750e+0,
4.100000000e+1,-1.519375000e+1,5.424000000e+0,
3.900781250e+1,-1.520156250e+1,5.512281250e+0,
3.900000000e+1,-1.500312500e+1,5.424000000e+0,
3.898437500e+1,-1.460625000e+1,5.332893750e+0,
4.200000000e+1,-1.540000000e+1,5.602681250e+0,
3.900781250e+1,-1.440312500e+1,5.515812500e+0,
3.899218750e+1,-1.479375000e+1,5.245318750e+0,
3.899218750e+1,-1.440000000e+1,5.424000000e+0,
4.100000000e+1,-1.480000000e+1,5.784893750e+0,
4.097656250e+1,-1.501093750e+1,5.415525000e+0,
3.900781250e+1,-1.518750000e+1,5.335012500e+0,
4.099218750e+1,-1.460468750e+1,5.331481250e+0,
3.799218750e+1,-1.580468750e+1,5.246025000e+0,
4.099218750e+1,-1.504218750e+1,5.695200000e+0,
3.999218750e+1,-1.479375000e+1,5.335012500e+0,
4.199218750e+1,-1.540156250e+1,5.606918750e+0,
4.103125000e+1,-1.500000000e+1,5.515106250e+0,
3.997656250e+1,-1.520156250e+1,5.422587500e+0,
4.199218750e+1,-1.480000000e+1,5.695200000e+0,
4.006250000e+1,-1.479375000e+1,5.608331250e+0,
3.900781250e+1,-1.520312500e+1,5.334306250e+0,
3.999218750e+1,-1.480000000e+1,5.333600000e+0,
3.900781250e+1,-1.500156250e+1,5.423293750e+0,
4.100000000e+1,-1.480000000e+1,5.424000000e+0,
3.791406250e+1,-1.500156250e+1,5.332893750e+0,
3.602343750e+1,-1.500156250e+1,5.512987500e+0,
4.001562500e+1,-1.519843750e+1,5.693787500e+0,
4.098437500e+1,-1.500156250e+1,5.603387500e+0,
4.297656250e+1,-1.480156250e+1,5.424000000e+0,
4.205468750e+1,-1.500312500e+1,5.695200000e+0,
3.800000000e+1,-1.500000000e+1,5.603387500e+0,
4.094531250e+1,-1.479531250e+1,5.604093750e+0,
4.105468750e+1,-1.460000000e+1,5.515812500e+0,
3.696093750e+1,-1.499531250e+1,5.332893750e+0,
3.703125000e+1,-1.519843750e+1,5.424000000e+0,
3.899218750e+1,-1.460000000e+1,5.333600000e+0,
3.699218750e+1,-1.500000000e+1,5.334306250e+0,
3.900781250e+1,-1.479843750e+1,5.513693750e+0,
3.900000000e+1,-1.500000000e+1,5.152800000e+0,
3.999218750e+1,-1.520156250e+1,5.513693750e+0,
3.700000000e+1,-1.520000000e+1,5.242493750e+0,
3.999218750e+1,-1.540000000e+1,5.330068750e+0,
3.900781250e+1,-1.460156250e+1,5.514400000e+0,
3.799218750e+1,-1.500312500e+1,5.241787500e+0,
3.800781250e+1,-1.480000000e+1,5.243200000e+0,
3.598437500e+1,-1.500312500e+1,5.419056250e+0,
4.100000000e+1,-1.459062500e+1,5.793368750e+0,
3.500000000e+1,-1.520156250e+1,5.153506250e+0,
3.700000000e+1,-1.479843750e+1,5.514400000e+0,
4.200781250e+1,-1.520312500e+1,5.144325000e+0,
3.896875000e+1,-1.499687500e+1,5.153506250e+0,
3.800781250e+1,-1.520312500e+1,5.152800000e+0,
3.599218750e+1,-1.500781250e+1,5.335012500e+0,
3.700000000e+1,-1.460312500e+1,5.514400000e+0,
3.800000000e+1,-1.500000000e+1,5.153506250e+0,
3.700000000e+1,-1.460000000e+1,5.337131250e+0,
3.798437500e+1,-1.480156250e+1,5.514400000e+0,
3.996875000e+1,-1.460000000e+1,5.333600000e+0,
4.100781250e+1,-1.459531250e+1,5.424000000e+0,
3.901562500e+1,-1.539531250e+1,5.424706250e+0,
3.696875000e+1,-1.500156250e+1,5.153506250e+0,
3.600781250e+1,-1.500000000e+1,5.154212500e+0,
3.698437500e+1,-1.500156250e+1,5.513693750e+0,
3.600781250e+1,-1.500000000e+1,5.063106250e+0,
3.802343750e+1,-1.480000000e+1,5.333600000e+0,
3.796875000e+1,-1.480000000e+1,5.332893750e+0,
3.598437500e+1,-1.500000000e+1,5.514400000e+0,
3.801562500e+1,-1.500156250e+1,5.243200000e+0,
3.500000000e+1,-1.479843750e+1,5.426118750e+0,
3.798437500e+1,-1.459531250e+1,5.423293750e+0,
3.600781250e+1,-1.460468750e+1,5.243200000e+0,
3.700000000e+1,-1.560312500e+1,5.333600000e+0,
3.597656250e+1,-1.520625000e+1,5.336425000e+0,
3.799218750e+1,-1.520000000e+1,5.152093750e+0,
3.600781250e+1,-1.440000000e+1,5.424706250e+0,
3.901562500e+1,-1.440625000e+1,5.151387500e+0,
3.696875000e+1,-1.460000000e+1,5.152093750e+0,
3.700781250e+1,-1.440000000e+1,5.332893750e+0,
3.999218750e+1,-1.400000000e+1,5.243200000e+0,
3.500000000e+1,-1.437812500e+1,5.424706250e+0,
3.401562500e+1,-1.460468750e+1,5.062400000e+0,
3.600000000e+1,-1.399375000e+1,5.062400000e+0,
3.700000000e+1,-1.420625000e+1,5.149975000e+0,
3.600000000e+1,-1.520000000e+1,5.333600000e+0,
3.700000000e+1,-1.438750000e+1,5.243200000e+0,
3.502343750e+1,-1.398281250e+1,5.428237500e+0,
3.500000000e+1,-1.519218750e+1,5.062400000e+0,
3.600000000e+1,-1.479062500e+1,5.424706250e+0,
3.498437500e+1,-1.378593750e+1,5.152800000e+0,
3.499218750e+1,-1.360625000e+1,5.422587500e+0,
3.502343750e+1,-1.420468750e+1,5.061693750e+0,
3.700000000e+1,-1.420156250e+1,5.422587500e+0,
3.600000000e+1,-1.458593750e+1,5.334306250e+0,
3.800000000e+1,-1.460000000e+1,5.152093750e+0,
3.701562500e+1,-1.440156250e+1,5.243200000e+0,
3.399218750e+1,-1.479843750e+1,5.062400000e+0,
3.797656250e+1,-1.480312500e+1,5.152800000e+0,
3.903125000e+1,-1.419843750e+1,5.154212500e+0,
3.603125000e+1,-1.419531250e+1,4.882306250e+0,
3.497656250e+1,-1.440625000e+1,5.156331250e+0,
3.400781250e+1,-1.419843750e+1,5.423293750e+0,
3.498437500e+1,-1.480000000e+1,5.243200000e+0,
3.403906250e+1,-1.440000000e+1,5.424000000e+0,
3.801562500e+1,-1.379687500e+1,5.243906250e+0,
3.496093750e+1,-1.399843750e+1,5.243200000e+0,
3.500781250e+1,-1.440312500e+1,5.064518750e+0,
3.498437500e+1,-1.420156250e+1,4.972000000e+0,
3.603125000e+1,-1.460000000e+1,5.060987500e+0,
3.299218750e+1,-1.440000000e+1,5.330775000e+0,
3.799218750e+1,-1.439843750e+1,4.880187500e+0,
3.504687500e+1,-1.420000000e+1,5.152800000e+0,
3.496093750e+1,-1.420000000e+1,4.972000000e+0,
3.700781250e+1,-1.420625000e+1,5.061693750e+0,
3.396093750e+1,-1.400000000e+1,5.062400000e+0,
3.403125000e+1,-1.400000000e+1,5.152800000e+0,
3.599218750e+1,-1.420156250e+1,5.243906250e+0,
3.400000000e+1,-1.419843750e+1,5.244612500e+0,
3.600000000e+1,-1.400156250e+1,4.972000000e+0,
3.700000000e+1,-1.400000000e+1,5.062400000e+0,
3.697656250e+1,-1.400000000e+1,4.972706250e+0,
3.098437500e+1,-1.400312500e+1,5.060281250e+0,
3.300000000e+1,-1.399843750e+1,5.243200000e+0,
3.400000000e+1,-1.459062500e+1,5.153506250e+0,
3.300000000e+1,-1.319843750e+1,4.972000000e+0,
3.600000000e+1,-1.400000000e+1,5.152800000e+0,
3.300000000e+1,-1.361718750e+1,5.243906250e+0,
3.599218750e+1,-1.379687500e+1,5.064518750e+0,
3.500000000e+1,-1.439843750e+1,4.881600000e+0,
3.299218750e+1,-1.419843750e+1,5.065931250e+0,
3.301562500e+1,-1.419375000e+1,5.243200000e+0,
3.399218750e+1,-1.359843750e+1,4.881600000e+0,
3.300000000e+1,-1.380000000e+1,5.152800000e+0,
3.498437500e+1,-1.340156250e+1,4.881600000e+0,
3.401562500e+1,-1.340000000e+1,5.151387500e+0,
3.400000000e+1,-1.359687500e+1,4.972000000e+0,
3.400000000e+1,-1.439843750e+1,5.062400000e+0,
3.495312500e+1,-1.359843750e+1,4.971293750e+0,
3.603125000e+1,-1.379375000e+1,5.062400000e+0,
3.400781250e+1,-1.381406250e+1,4.792612500e+0,
3.397656250e+1,-1.339843750e+1,4.967056250e+0,
3.200781250e+1,-1.399531250e+1,5.152800000e+0,
3.700781250e+1,-1.379531250e+1,4.970587500e+0,
3.398437500e+1,-1.339843750e+1,5.151387500e+0,
3.301562500e+1,-1.340000000e+1,5.333600000e+0,
3.400000000e+1,-1.360000000e+1,4.791200000e+0,
3.300000000e+1,-1.359531250e+1,4.875950000e+0,
3.401562500e+1,-1.380000000e+1,4.972000000e+0,
3.200000000e+1,-1.360000000e+1,4.969175000e+0,
3.399218750e+1,-1.359531250e+1,4.791906250e+0,
3.401562500e+1,-1.319218750e+1,4.971293750e+0,
3.200781250e+1,-1.320468750e+1,4.700800000e+0,
3.297656250e+1,-1.359843750e+1,4.972000000e+0,
3.400781250e+1,-1.380000000e+1,4.791200000e+0,
3.396875000e+1,-1.340000000e+1,5.062400000e+0,
3.200000000e+1,-1.320937500e+1,4.789787500e+0,
3.400781250e+1,-1.380000000e+1,4.972000000e+0,
3.299218750e+1,-1.300000000e+1,4.882306250e+0,
3.299218750e+1,-1.300625000e+1,5.061693750e+0,
3.400000000e+1,-1.320312500e+1,4.794025000e+0,
3.299218750e+1,-1.300312500e+1,4.881600000e+0,
3.199218750e+1,-1.299843750e+1,5.337131250e+0,
3.499218750e+1,-1.321093750e+1,5.873881250e+0,
3.300000000e+1,-1.420312500e+1,5.783481250e+0,
3.199218750e+1,-1.399531250e+1,6.426875000e+0,
3.499218750e+1,-1.419843750e+1,8.021587500e+0,
3.200000000e+1,-1.439375000e+1,9.047768750e+0,
3.099218750e+1,-1.540156250e+1,1.013680625e+1,
3.300781250e+1,-1.580781250e+1,1.148856875e+1,
3.399218750e+1,-1.659843750e+1,1.220117500e+1,
3.400000000e+1,-1.721875000e+1,1.229722500e+1,
3.399218750e+1,-1.860937500e+1,1.247661250e+1,
3.500000000e+1,-1.917187500e+1,1.184310625e+1,
3.901562500e+1,-2.020625000e+1,1.092921875e+1,
3.897656250e+1,-2.059843750e+1,9.492000000e+0,
4.396093750e+1,-2.180937500e+1,7.955200000e+0,
4.600000000e+1,-2.300000000e+1,7.226350000e+0,
4.400781250e+1,-2.381406250e+1,6.508800000e+0,
4.499218750e+1,-2.479375000e+1,5.695200000e+0,
4.303125000e+1,-2.557812500e+1,5.335012500e+0,
4.101562500e+1,-2.620000000e+1,4.972706250e+0,
4.096093750e+1,-2.760000000e+1,5.512987500e+0,
3.495312500e+1,-2.780625000e+1,5.330775000e+0,
3.500781250e+1,-2.901250000e+1,5.515106250e+0,
3.500781250e+1,-2.939375000e+1,5.602681250e+0,
3.800781250e+1,-2.937968750e+1,5.963575000e+0,
4.098437500e+1,-3.040000000e+1,6.328000000e+0,
4.393750000e+1,-3.079687500e+1,7.147250000e+0,
4.994531250e+1,-3.120468750e+1,7.864800000e+0,
5.792968750e+1,-3.180468750e+1,9.056950000e+0,
6.699218750e+1,-3.181562500e+1,1.004358125e+1,
7.493750000e+1,-3.280000000e+1,1.148080000e+1,
8.189062500e+1,-3.261093750e+1,1.221106250e+1,
8.803125000e+1,-3.260468750e+1,1.328880000e+1,
9.203125000e+1,-3.380625000e+1,1.456216875e+1,
9.600781250e+1,-3.420000000e+1,1.536517500e+1,
1.010234375e+2,-3.480312500e+1,1.590475000e+1,
1.029765625e+2,-3.580000000e+1,1.671835000e+1,
1.070000000e+2,-3.620312500e+1,1.735397500e+1,
1.080000000e+2,-3.640468750e+1,1.726640000e+1,
1.079765625e+2,-3.679062500e+1,1.771557500e+1,
1.139687500e+2,-3.859531250e+1,1.762800000e+1,
1.150078125e+2,-3.819218750e+1,1.744720000e+1,
1.119843750e+2,-3.900000000e+1,1.753901250e+1,
1.179843750e+2,-3.959687500e+1,1.645845000e+1,
1.160156250e+2,-3.978437500e+1,1.610038125e+1,
1.179921875e+2,-4.040156250e+1,1.509680000e+1,
1.170000000e+2,-4.020000000e+1,1.446329375e+1,
1.149687500e+2,-4.062187500e+1,1.389193750e+1,
1.110000000e+2,-4.141406250e+1,1.265246875e+1,
1.140234375e+2,-4.139375000e+1,1.192785625e+1,
1.140000000e+2,-4.120468750e+1,1.130211875e+1,
1.140078125e+2,-4.199375000e+1,1.112273125e+1,
1.110000000e+2,-4.160312500e+1,1.039811875e+1,
1.129921875e+2,-4.200468750e+1,1.012621250e+1,
1.120000000e+2,-4.199843750e+1,9.944706250e+0,
1.120234375e+2,-4.159843750e+1,9.853600000e+0,
1.090078125e+2,-4.260000000e+1,9.763200000e+0,
1.109296875e+2,-4.221250000e+1,9.761081250e+0,
1.109218750e+2,-4.198593750e+1,1.021378750e+1,
1.059687500e+2,-4.300468750e+1,1.067073125e+1,
1.080156250e+2,-4.299375000e+1,1.120536250e+1,
1.069765625e+2,-4.220000000e+1,1.175200000e+1,
1.080468750e+2,-4.199843750e+1,1.238691875e+1,
1.110234375e+2,-4.180625000e+1,1.337355000e+1,
1.109843750e+2,-4.221093750e+1,1.382837500e+1,
1.100156250e+2,-4.140312500e+1,1.419703750e+1,
1.099687500e+2,-4.140468750e+1,1.491600000e+1,
1.129921875e+2,-4.139843750e+1,1.527760000e+1,
1.120234375e+2,-4.099843750e+1,1.591605000e+1,
1.139453125e+2,-4.100625000e+1,1.627411875e+1,
1.179687500e+2,-4.120156250e+1,1.645350625e+1,
1.169687500e+2,-4.060156250e+1,1.645280000e+1,
1.170156250e+2,-4.080000000e+1,1.645280000e+1,
1.189921875e+2,-4.039843750e+1,1.636240000e+1,
1.169921875e+2,-4.060000000e+1,1.626917500e+1,
1.190000000e+2,-4.080000000e+1,1.572677500e+1,
1.180000000e+2,-4.060000000e+1,1.554880000e+1,
1.200078125e+2,-4.061406250e+1,1.510103750e+1,
1.209765625e+2,-4.000000000e+1,1.436865625e+1,
1.180078125e+2,-4.060000000e+1,1.382978750e+1,
1.190000000e+2,-4.020156250e+1,1.329303750e+1,
1.179921875e+2,-4.040312500e+1,1.265176250e+1,
1.170000000e+2,-4.040000000e+1,1.229440000e+1,
1.179921875e+2,-4.040000000e+1,1.193209375e+1,
1.190234375e+2,-4.021562500e+1,1.158391250e+1,
1.130000000e+2,-4.000312500e+1,1.112131875e+1,
1.140000000e+2,-4.019687500e+1,1.102738750e+1,
1.150000000e+2,-3.960468750e+1,1.084658750e+1,
1.150000000e+2,-4.039843750e+1,1.102950625e+1,
1.149921875e+2,-3.959843750e+1,1.102880000e+1,
1.130000000e+2,-4.000000000e+1,1.121101250e+1,
1.150000000e+2,-3.919687500e+1,1.139040000e+1,
1.160000000e+2,-3.920156250e+1,1.165806875e+1,
1.130000000e+2,-3.900000000e+1,1.229440000e+1,
1.129921875e+2,-3.939687500e+1,1.256560000e+1,
1.149921875e+2,-3.839843750e+1,1.310517500e+1,
1.149765625e+2,-3.879687500e+1,1.328880000e+1,
1.170078125e+2,-3.840625000e+1,1.409886875e+1,
1.139609375e+2,-3.860000000e+1,1.419068125e+1,
1.150234375e+2,-3.840000000e+1,1.455793125e+1,
1.160000000e+2,-3.880156250e+1,1.509891875e+1,
1.170234375e+2,-3.839843750e+1,1.509609375e+1,
1.179843750e+2,-3.840000000e+1,1.527760000e+1,
1.159765625e+2,-3.799843750e+1,1.500781250e+1,
1.159843750e+2,-3.880000000e+1,1.518578750e+1,
1.169765625e+2,-3.819843750e+1,1.527760000e+1,
1.179921875e+2,-3.920312500e+1,1.509609375e+1,
1.180156250e+2,-3.818125000e+1,1.491388125e+1,
1.159843750e+2,-3.820312500e+1,1.464480000e+1,
1.180078125e+2,-3.900312500e+1,1.410240000e+1,
1.149921875e+2,-3.899843750e+1,1.410240000e+1,
1.169531250e+2,-3.920000000e+1,1.365322500e+1,
1.120078125e+2,-3.860000000e+1,1.328809375e+1,
1.170000000e+2,-3.920781250e+1,1.283397500e+1,
1.119765625e+2,-3.899687500e+1,1.256630625e+1,
1.160078125e+2,-3.840000000e+1,1.256630625e+1,
1.149921875e+2,-3.860156250e+1,1.229228125e+1,
1.150000000e+2,-3.860468750e+1,1.211783750e+1,
1.129531250e+2,-3.860000000e+1,1.166160000e+1,
1.090000000e+2,-3.860156250e+1,1.175200000e+1,
1.140000000e+2,-3.859843750e+1,1.156978750e+1,
1.129921875e+2,-3.840000000e+1,1.193280000e+1,
1.120000000e+2,-3.880156250e+1,1.193280000e+1,
1.130000000e+2,-3.860000000e+1,1.201896250e+1,
1.109921875e+2,-3.880156250e+1,1.211360000e+1,
1.110234375e+2,-3.840156250e+1,1.247590625e+1,
1.129765625e+2,-3.880312500e+1,1.274851875e+1,
1.099843750e+2,-3.819062500e+1,1.302113125e+1,
1.130468750e+2,-3.740468750e+1,1.319981250e+1,
1.140078125e+2,-3.800312500e+1,1.337637500e+1,
1.160000000e+2,-3.778437500e+1,1.382837500e+1,
1.129843750e+2,-3.860000000e+1,1.401341250e+1,
1.129843750e+2,-3.799687500e+1,1.419280000e+1,
1.160156250e+2,-3.859687500e+1,1.419209375e+1,
1.110078125e+2,-3.880312500e+1,1.428320000e+1,
1.129218750e+2,-3.780000000e+1,1.428390625e+1,
1.150078125e+2,-3.858750000e+1,1.428178750e+1,
1.129609375e+2,-3.842187500e+1,1.437218750e+1,
1.140546875e+2,-3.780000000e+1,1.410240000e+1,
1.159765625e+2,-3.839687500e+1,1.428249375e+1,
1.119843750e+2,-3.860000000e+1,1.401200000e+1,
1.139609375e+2,-3.800312500e+1,1.401200000e+1,
1.089843750e+2,-3.880000000e+1,1.392301250e+1,
1.130468750e+2,-3.820312500e+1,1.365393125e+1,
1.120234375e+2,-3.859843750e+1,1.328880000e+1,
1.110000000e+2,-3.780000000e+1,1.301901250e+1,
1.119921875e+2,-3.800312500e+1,1.291943125e+1,
1.130078125e+2,-3.841406250e+1,1.220611875e+1,
1.099843750e+2,-3.899843750e+1,1.283680000e+1,
1.149375000e+2,-3.820312500e+1,1.229440000e+1,
1.140781250e+2,-3.818906250e+1,1.256418750e+1,
1.099765625e+2,-3.820000000e+1,1.220611875e+1,
1.110234375e+2,-3.800000000e+1,1.238480000e+1,
1.109843750e+2,-3.820156250e+1,1.256701250e+1,
1.100000000e+2,-3.819843750e+1,1.265741250e+1,
1.110000000e+2,-3.799843750e+1,1.238480000e+1,
1.100000000e+2,-3.820625000e+1,1.247590625e+1,
1.110000000e+2,-3.760000000e+1,1.256418750e+1,
1.109921875e+2,-3.800000000e+1,1.292790625e+1,
1.100000000e+2,-3.740156250e+1,1.292720000e+1,