CH1,CH2,CH3,CH4,Ts
2.635312500e+2,-9.115625000e-2,-3.000000000e-2,4.000000000e-2,4.000000000e-10
2.639531250e+2,-9.312500000e-2,-1.953125000e-2,5.000000000e-2,
2.620468750e+2,-1.039687500e-1,-9.687500000e-3,4.000000000e-2,
2.662500000e+2,-9.090625000e-2,2.343750000e-4,4.976562500e-2,
2.681406250e+2,-8.846875000e-2,-1.062500000e-2,5.000000000e-2,
2.700156250e+2,-9.637500000e-2,-4.007812500e-2,5.015625000e-2,
2.700937500e+2,-9.584375000e-2,-2.265625000e-3,4.125000000e-2,
2.696562500e+2,-8.803125000e-2,1.062500000e-2,3.789062500e-2,
2.619218750e+2,-9.184375000e-2,1.640625000e-3,6.992187500e-2,
2.676718750e+2,-8.853125000e-2,-8.750000000e-3,4.296875000e-2,
2.663593750e+2,-8.793750000e-2,-1.015625000e-2,4.007812500e-2,
2.639843750e+2,-9.581250000e-2,-9.687500000e-3,3.000000000e-2,
2.642031250e+2,-9.618750000e-2,-2.000000000e-2,7.812500000e-5,
2.601718750e+2,-9.190625000e-2,-1.000000000e-2,3.007812500e-2,
2.617656250e+2,-1.000312500e-1,-1.031250000e-2,2.023437500e-2,
2.651875000e+2,-9.206250000e-2,-2.000000000e-2,4.015625000e-2,
2.738593750e+2,-9.631250000e-2,-9.843750000e-3,6.039062500e-2,
2.683906250e+2,-8.381250000e-2,-1.023437500e-2,5.960937500e-2,
2.660781250e+2,-9.612500000e-2,-1.976562500e-2,5.023437500e-2,
2.658750000e+2,-8.000000000e-2,-1.023437500e-2,6.968750000e-2,
2.720781250e+2,-9.556250000e-2,-3.015625000e-2,2.859375000e-2,
2.620937500e+2,-8.784375000e-2,-1.929687500e-2,3.054687500e-2,
2.619218750e+2,-8.425000000e-2,-8.984375000e-3,5.117187500e-2,
2.618906250e+2,-1.001250000e-1,-1.093750000e-3,5.945312500e-2,
2.660937500e+2,-9.987500000e-2,-3.054687500e-2,3.937500000e-2,
2.618750000e+2,-9.196875000e-2,-6.640625000e-3,4.054687500e-2,
2.717812500e+2,-9.603125000e-2,-1.406250000e-3,3.898437500e-2,
2.681875000e+2,-9.596875000e-2,-2.070312500e-2,4.140625000e-2,
2.679687500e+2,-8.771875000e-2,-2.093750000e-2,8.054687500e-2,
2.661406250e+2,-8.421875000e-2,-2.898437500e-2,5.859375000e-2,
2.619843750e+2,-9.237500000e-2,1.875000000e-3,5.976562500e-2,
2.617656250e+2,-9.168750000e-2,-1.312500000e-2,3.804687500e-2,
2.699375000e+2,-8.803125000e-2,-4.867187500e-2,3.101562500e-2,
2.661093750e+2,-9.237500000e-2,6.250000000e-4,3.945312500e-2,
2.678750000e+2,-9.615625000e-2,-3.031250000e-2,2.007812500e-2,
2.695781250e+2,-1.000312500e-1,3.906250000e-4,5.015625000e-2,
2.742500000e+2,-1.000000000e-1,-2.015625000e-2,5.000000000e-2,
2.623750000e+2,-1.000000000e-1,1.093750000e-2,5.000000000e-2,
2.599843750e+2,-8.425000000e-2,7.812500000e-5,4.984375000e-2,
2.613906250e+2,-8.756250000e-2,-1.070312500e-2,6.000000000e-2,
2.721093750e+2,-9.550000000e-2,8.593750000e-4,4.000000000e-2,
2.623906250e+2,-1.000625000e-1,-1.929687500e-2,4.984375000e-2,
2.661093750e+2,-9.365625000e-2,-3.828125000e-3,5.093750000e-2,
2.617343750e+2,-8.743750000e-2,1.562500000e-4,3.984375000e-2,
2.621562500e+2,-1.031875000e-1,0.000000000e+0,5.976562500e-2,
2.682812500e+2,-1.012187500e-1,7.812500000e-5,5.015625000e-2,
2.698750000e+2,-8.812500000e-2,9.921875000e-3,5.960937500e-2,
2.639218750e+2,-9.200000000e-2,-1.000000000e-2,5.140625000e-2,
2.661093750e+2,-8.793750000e-2,1.562500000e-4,2.960937500e-2,
2.682031250e+2,-9.993750000e-2,1.945312500e-2,5.960937500e-2,
2.720000000e+2,-9.640625000e-2,3.007812500e-2,6.000000000e-2,
2.677656250e+2,-9.200000000e-2,1.000000000e-2,7.000000000e-2,
2.681562500e+2,-9.200000000e-2,-1.000000000e-2,6.000000000e-2,
2.719218750e+2,-9.190625000e-2,1.007812500e-2,5.976562500e-2,
2.617656250e+2,-9.603125000e-2,-1.015625000e-2,6.054687500e-2,
2.640000000e+2,-8.821875000e-2,-2.007812500e-2,4.000000000e-2,
2.740000000e+2,-8.784375000e-2,-1.046875000e-2,5.937500000e-2,
2.621562500e+2,-9.593750000e-2,1.984375000e-2,6.007812500e-2,
2.602187500e+2,-9.209375000e-2,-1.078125000e-2,5.000000000e-2,
2.760937500e+2,-8.396875000e-2,-9.921875000e-3,5.000000000e-2,
2.736718750e+2,-8.406250000e-2,-2.046875000e-2,4.000000000e-2,
2.660468750e+2,-8.803125000e-2,-2.000000000e-2,4.000000000e-2,
2.699843750e+2,-8.800000000e-2,1.000000000e-2,3.031250000e-2,
2.599218750e+2,-8.806250000e-2,-7.812500000e-5,3.968750000e-2,
2.640625000e+2,-9.212500000e-2,1.000000000e-2,7.000000000e-2,
2.659843750e+2,-9.603125000e-2,-7.812500000e-5,5.093750000e-2,
2.640781250e+2,-9.206250000e-2,0.000000000e+0,2.976562500e-2,
2.580000000e+2,-8.406250000e-2,-2.343750000e-4,4.960937500e-2,
2.695000000e+2,-8.787500000e-2,-3.000000000e-2,4.992187500e-2,
2.760000000e+2,-8.800000000e-2,3.125000000e-4,5.984375000e-2,
2.660156250e+2,-8.806250000e-2,2.953125000e-2,4.000000000e-2,
2.700000000e+2,-8.378125000e-2,3.203125000e-2,5.984375000e-2,
2.637812500e+2,-9.206250000e-2,-9.687500000e-3,5.062500000e-2,
2.619843750e+2,-8.403125000e-2,1.117187500e-2,3.968750000e-2,
2.660000000e+2,-9.809375000e-2,-3.515625000e-2,5.023437500e-2,
2.619687500e+2,-1.015312500e-1,-1.734375000e-2,3.109375000e-2,
2.640000000e+2,-9.209375000e-2,9.453125000e-3,3.984375000e-2,
2.659843750e+2,-8.800000000e-2,2.265625000e-3,5.906250000e-2,
2.680000000e+2,-8.796875000e-2,-2.023437500e-2,6.156250000e-2,
2.701250000e+2,-8.803125000e-2,-5.468750000e-4,2.984375000e-2,
2.601406250e+2,-8.406250000e-2,-9.375000000e-3,6.945312500e-2,
2.598437500e+2,-8.400000000e-2,-1.015625000e-3,4.054687500e-2,
2.659531250e+2,-8.403125000e-2,5.468750000e-4,3.968750000e-2,
2.641250000e+2,-9.196875000e-2,-1.062500000e-2,5.968750000e-2,
2.640000000e+2,-9.596875000e-2,3.125000000e-4,6.007812500e-2,
2.637500000e+2,-9.990625000e-2,-2.953125000e-2,6.007812500e-2,
2.680468750e+2,-9.200000000e-2,-2.070312500e-2,5.960937500e-2,
2.658125000e+2,-9.996875000e-2,0.000000000e+0,7.039062500e-2,
2.740000000e+2,-9.215625000e-2,0.000000000e+0,3.023437500e-2,
2.661250000e+2,-1.080312500e-1,9.921875000e-3,3.953125000e-2,
2.699531250e+2,-8.762500000e-2,0.000000000e+0,5.992187500e-2,
2.660000000e+2,-8.415625000e-2,1.007812500e-2,3.992187500e-2,
2.699687500e+2,-9.606250000e-2,-9.765625000e-3,4.992187500e-2,
2.659531250e+2,-8.778125000e-2,-2.007812500e-2,3.000000000e-2,
2.619843750e+2,-9.218750000e-2,7.812500000e-5,3.976562500e-2,
2.639687500e+2,-9.178125000e-2,0.000000000e+0,4.000000000e-2,
2.680468750e+2,-8.787500000e-2,-3.125000000e-4,4.984375000e-2,
2.620937500e+2,-9.256250000e-2,-2.007812500e-2,5.039062500e-2,
2.637968750e+2,-1.041875000e-1,-9.765625000e-3,4.031250000e-2,
2.677812500e+2,-9.484375000e-2,-7.812500000e-5,7.984375000e-2,
2.701250000e+2,-8.028125000e-2,7.031250000e-4,6.000000000e-2,
2.620625000e+2,-9.600000000e-2,3.000000000e-2,6.992187500e-2,
2.640000000e+2,-8.384375000e-2,-9.453125000e-3,5.125000000e-2,
2.600312500e+2,-8.793750000e-2,-2.914062500e-2,2.953125000e-2,
2.657968750e+2,-8.006250000e-2,-3.382812500e-2,7.937500000e-2,
2.680000000e+2,-9.965625000e-2,3.742187500e-2,4.257812500e-2,
2.679531250e+2,-1.041562500e-1,4.843750000e-3,3.757812500e-2,
2.681250000e+2,-9.306250000e-2,-8.593750000e-4,6.054687500e-2,
2.659687500e+2,-8.378125000e-2,-9.296875000e-3,4.039062500e-2,
2.699843750e+2,-9.184375000e-2,-2.343750000e-4,6.039062500e-2,
2.660156250e+2,-9.209375000e-2,2.343750000e-4,5.890625000e-2,
2.660000000e+2,-9.206250000e-2,0.000000000e+0,3.000000000e-2,
2.659843750e+2,-9.196875000e-2,2.000000000e-2,5.023437500e-2,
2.700156250e+2,-1.043437500e-1,3.906250000e-4,3.992187500e-2,
2.660000000e+2,-8.018750000e-2,-2.984375000e-2,4.000000000e-2,
2.699375000e+2,-9.165625000e-2,-1.562500000e-4,4.031250000e-2,
2.680312500e+2,-8.806250000e-2,-2.000000000e-2,4.968750000e-2,
2.600468750e+2,-9.581250000e-2,-1.562500000e-4,3.000000000e-2,
2.620312500e+2,-9.218750000e-2,-1.914062500e-2,6.000000000e-2,
2.620312500e+2,-8.750000000e-2,2.109375000e-2,3.937500000e-2,
2.660156250e+2,-1.000000000e-1,-1.718750000e-3,2.039062500e-2,
2.683437500e+2,-8.428125000e-2,1.406250000e-3,6.109375000e-2,
2.755781250e+2,-8.400000000e-2,-2.421875000e-3,4.921875000e-2,
2.597187500e+2,-1.081562500e-1,-2.921875000e-2,3.929687500e-2,
2.665625000e+2,-9.503125000e-2,1.171875000e-2,3.085937500e-2,
2.655312500e+2,-9.215625000e-2,-1.640625000e-3,5.023437500e-2,
2.622187500e+2,-9.603125000e-2,-1.031250000e-2,3.984375000e-2,
2.701406250e+2,-9.168750000e-2,-9.062500000e-3,6.125000000e-2,
2.657968750e+2,-8.781250000e-2,-7.031250000e-4,6.937500000e-2,
2.660468750e+2,-8.831250000e-2,-9.531250000e-3,4.914062500e-2,
2.680781250e+2,-9.609375000e-2,-5.468750000e-4,5.062500000e-2,
2.719375000e+2,-9.600000000e-2,-9.140625000e-3,4.835937500e-2,
2.638281250e+2,-1.000000000e-1,2.117187500e-2,1.000000000e-2,
2.663281250e+2,-9.187500000e-2,7.734375000e-3,5.093750000e-2,
2.759843750e+2,-8.000000000e-2,-2.054687500e-2,5.000000000e-2,
2.677812500e+2,-8.815625000e-2,-2.007812500e-2,4.953125000e-2,
2.722187500e+2,-8.800000000e-2,-1.992187500e-2,6.000000000e-2,
2.717968750e+2,-8.806250000e-2,0.000000000e+0,4.015625000e-2,
2.657812500e+2,-8.771875000e-2,-1.992187500e-2,3.968750000e-2,
2.619843750e+2,-9.987500000e-2,-5.468750000e-4,5.992187500e-2,
2.680312500e+2,-9.231250000e-2,-1.000000000e-2,5.023437500e-2,
2.640000000e+2,-9.621875000e-2,8.593750000e-4,5.046875000e-2,
2.660937500e+2,-8.496875000e-2,-2.000000000e-2,4.000000000e-2,
2.659218750e+2,-7.981250000e-2,-1.992187500e-2,4.976562500e-2,
2.640468750e+2,-9.146875000e-2,-1.992187500e-2,4.039062500e-2,
2.680312500e+2,-1.000312500e-1,-2.015625000e-2,7.023437500e-2,
2.680000000e+2,-9.600000000e-2,-3.000000000e-2,3.953125000e-2,
2.679843750e+2,-9.228125000e-2,-9.687500000e-3,3.007812500e-2,
2.641875000e+2,-7.187500000e-2,9.765625000e-3,4.007812500e-2,
2.618125000e+2,-7.537500000e-2,9.140625000e-3,5.015625000e-2,
2.679218750e+2,-9.978125000e-2,-2.015625000e-2,6.000000000e-2,
2.678281250e+2,-1.000000000e-1,4.687500000e-4,4.929687500e-2,
2.721250000e+2,-1.082812500e-1,-1.164062500e-2,2.976562500e-2,
2.622500000e+2,-9.193750000e-2,-1.992187500e-2,4.085937500e-2,
2.638281250e+2,-9.134375000e-2,4.687500000e-4,4.945312500e-2,
2.679843750e+2,-7.212500000e-2,-7.812500000e-5,3.039062500e-2,
2.680468750e+2,-9.750000000e-2,-1.031250000e-2,4.968750000e-2,
2.659687500e+2,-9.559375000e-2,-1.953125000e-2,9.765625000e-3,
2.698125000e+2,-9.203125000e-2,9.921875000e-3,4.039062500e-2,
2.685000000e+2,-9.193750000e-2,-2.046875000e-2,5.984375000e-2,
2.580312500e+2,-8.784375000e-2,7.812500000e-5,3.984375000e-2,
2.655312500e+2,-8.818750000e-2,-2.156250000e-2,4.992187500e-2,
2.624218750e+2,-9.603125000e-2,-1.867187500e-2,5.992187500e-2,
2.599062500e+2,-9.206250000e-2,3.125000000e-4,6.054687500e-2,
2.601093750e+2,-1.001562500e-1,-1.140625000e-2,6.945312500e-2,
2.615625000e+2,-1.000625000e-1,-2.992187500e-2,3.875000000e-2,
2.715625000e+2,-1.036562500e-1,-9.843750000e-3,4.132812500e-2,
2.702656250e+2,-9.187500000e-2,-1.968750000e-2,5.835937500e-2,
2.680000000e+2,-1.002812500e-1,-1.953125000e-2,1.992187500e-2,
2.662500000e+2,-9.971875000e-2,2.000000000e-2,5.039062500e-2,
2.601250000e+2,-8.809375000e-2,-9.218750000e-3,3.000000000e-2,
2.635468750e+2,-8.387500000e-2,-2.109375000e-2,4.007812500e-2,
2.698125000e+2,-9.115625000e-2,8.593750000e-3,5.000000000e-2,
2.704375000e+2,-9.628125000e-2,4.609375000e-3,5.000000000e-2,
2.634843750e+2,-8.946875000e-2,-3.054687500e-2,4.046875000e-2,
2.642187500e+2,-8.400000000e-2,-1.031250000e-2,1.984375000e-2,
2.638125000e+2,-8.809375000e-2,-2.960937500e-2,3.984375000e-2,
2.642500000e+2,-9.634375000e-2,-1.054687500e-2,5.000000000e-2,
2.658593750e+2,-1.079687500e-1,-1.937500000e-2,4.000000000e-2,
2.617656250e+2,-9.596875000e-2,-2.070312500e-2,4.976562500e-2,
2.621250000e+2,-1.000000000e-1,0.000000000e+0,5.015625000e-2,
2.663593750e+2,-7.987500000e-2,-2.000000000e-2,4.992187500e-2,
2.699375000e+2,-9.203125000e-2,-1.562500000e-4,5.015625000e-2,
2.660156250e+2,-8.384375000e-2,-3.007812500e-2,3.007812500e-2,
2.679062500e+2,-9.246875000e-2,-2.007812500e-2,3.000000000e-2,
2.642031250e+2,-1.000937500e-1,-4.000000000e-2,5.945312500e-2,
2.722343750e+2,-9.540625000e-2,-1.007812500e-2,7.101562500e-2,
2.674375000e+2,-8.740625000e-2,-2.000000000e-2,2.023437500e-2,
2.640468750e+2,-8.390625000e-2,-4.007812500e-2,4.968750000e-2,
2.637187500e+2,-8.887500000e-2,-4.023437500e-2,5.007812500e-2,
2.600156250e+2,-9.559375000e-2,-2.789062500e-2,4.992187500e-2,
2.619375000e+2,-8.403125000e-2,1.968750000e-2,4.039062500e-2,
2.603593750e+2,-9.181250000e-2,-3.210937500e-2,2.992187500e-2,
2.708437500e+2,-7.553125000e-2,-2.945312500e-2,3.953125000e-2,
2.740781250e+2,-8.062500000e-2,-2.960937500e-2,4.023437500e-2,
2.714531250e+2,-8.850000000e-2,-2.023437500e-2,2.007812500e-2,
2.660781250e+2,-9.184375000e-2,-2.968750000e-2,4.015625000e-2,
2.724843750e+2,-8.806250000e-2,-9.609375000e-3,2.953125000e-2,
2.690468750e+2,-9.228125000e-2,-2.078125000e-2,4.007812500e-2,
2.618750000e+2,-9.190625000e-2,-3.000000000e-2,3.984375000e-2,
2.640156250e+2,-8.684375000e-2,-3.031250000e-2,3.968750000e-2,
2.643437500e+2,-8.059375000e-2,-2.929687500e-2,7.015625000e-2,
2.721875000e+2,-9.678125000e-2,1.562500000e-4,3.109375000e-2,
2.677343750e+2,-9.146875000e-2,-1.984375000e-2,3.789062500e-2,
2.659843750e+2,-8.806250000e-2,-2.054687500e-2,5.117187500e-2,
2.637656250e+2,-9.200000000e-2,-1.953125000e-2,3.000000000e-2,
2.599218750e+2,-9.193750000e-2,-2.125000000e-2,4.906250000e-2,
2.617500000e+2,-8.925000000e-2,-1.070312500e-2,4.101562500e-2,
2.639687500e+2,-7.984375000e-2,-1.906250000e-2,3.976562500e-2,
2.655625000e+2,-9.978125000e-2,-3.046875000e-2,2.000000000e-2,
2.705156250e+2,-8.850000000e-2,-1.000000000e-2,3.031250000e-2,
2.566406250e+2,-8.387500000e-2,-3.000000000e-2,7.007812500e-2,
2.596406250e+2,-8.790625000e-2,-9.609375000e-3,6.062500000e-2,
2.595312500e+2,-8.800000000e-2,-1.000000000e-2,2.992187500e-2,
2.694843750e+2,-8.825000000e-2,-2.054687500e-2,4.054687500e-2,
2.664687500e+2,-8.356250000e-2,-4.960937500e-2,4.976562500e-2,
2.602968750e+2,-9.215625000e-2,9.375000000e-4,4.007812500e-2,
2.578750000e+2,-8.000000000e-2,-2.125000000e-2,6.062500000e-2,
2.678281250e+2,-9.556250000e-2,-3.000000000e-2,5.898437500e-2,
2.680312500e+2,-8.781250000e-2,-3.023437500e-2,2.953125000e-2,
2.661562500e+2,-7.615625000e-2,-2.898437500e-2,4.156250000e-2,
2.600312500e+2,-8.803125000e-2,-2.125000000e-2,6.000000000e-2,
2.656562500e+2,-7.993750000e-2,-4.945312500e-2,3.796875000e-2,
2.680468750e+2,-8.815625000e-2,-5.468750000e-3,2.187500000e-2,
2.642343750e+2,-9.200000000e-2,-1.093750000e-3,5.945312500e-2,
2.617812500e+2,-8.384375000e-2,-1.000000000e-2,3.054687500e-2,
2.718281250e+2,-7.215625000e-2,-1.156250000e-2,6.992187500e-2,
2.683125000e+2,-8.846875000e-2,-3.062500000e-2,2.867187500e-2,
2.619687500e+2,-8.350000000e-2,-1.921875000e-2,5.039062500e-2,
2.616875000e+2,-8.459375000e-2,-2.046875000e-2,2.960937500e-2,
2.719843750e+2,-9.209375000e-2,-1.929687500e-2,5.140625000e-2,
2.642500000e+2,-8.321875000e-2,7.812500000e-4,4.992187500e-2,
2.656562500e+2,-7.596875000e-2,-3.906250000e-4,4.976562500e-2,
2.681406250e+2,-8.450000000e-2,-1.085937500e-2,2.984375000e-2,
2.642656250e+2,-1.000000000e-1,-3.078125000e-2,2.992187500e-2,
2.601250000e+2,-8.800000000e-2,-2.914062500e-2,4.992187500e-2,
2.579375000e+2,-8.378125000e-2,-1.000000000e-2,5.007812500e-2,
2.615937500e+2,-9.178125000e-2,-3.085937500e-2,5.000000000e-2,
2.676562500e+2,-8.865625000e-2,8.281250000e-3,6.000000000e-2,
2.700468750e+2,-8.365625000e-2,-1.367187500e-2,6.000000000e-2,
2.679375000e+2,-9.118750000e-2,-1.820312500e-2,5.992187500e-2,
2.659687500e+2,-9.215625000e-2,1.046875000e-2,6.000000000e-2,
2.659687500e+2,-9.187500000e-2,-2.984375000e-2,5.023437500e-2,
2.661093750e+2,-9.228125000e-2,-2.960937500e-2,4.117187500e-2,
2.679218750e+2,-8.796875000e-2,0.000000000e+0,1.968750000e-2,
2.617500000e+2,-9.203125000e-2,-2.992187500e-2,5.914062500e-2,
2.601093750e+2,-8.806250000e-2,-2.992187500e-2,5.000000000e-2,
2.663906250e+2,-9.196875000e-2,-2.023437500e-2,6.976562500e-2,
2.699062500e+2,-8.450000000e-2,-3.906250000e-4,6.039062500e-2,
2.637656250e+2,-7.612500000e-2,2.000000000e-2,3.992187500e-2,
2.640937500e+2,-7.593750000e-2,-9.921875000e-3,7.000000000e-2,
2.638281250e+2,-9.153125000e-2,-9.687500000e-3,4.078125000e-2,
2.559375000e+2,-9.609375000e-2,-1.562500000e-4,3.953125000e-2,
2.620000000e+2,-9.193750000e-2,-4.015625000e-2,4.015625000e-2,
2.640000000e+2,-9.603125000e-2,-1.070312500e-2,3.015625000e-2,
2.580468750e+2,-8.809375000e-2,9.375000000e-3,3.968750000e-2,
2.622031250e+2,-8.800000000e-2,-2.015625000e-2,6.984375000e-2,
2.719843750e+2,-8.806250000e-2,3.125000000e-4,5.015625000e-2,
2.659218750e+2,-9.193750000e-2,-2.078125000e-2,3.000000000e-2,
2.679843750e+2,-8.006250000e-2,-2.000000000e-2,4.945312500e-2,
2.619531250e+2,-9.196875000e-2,2.000000000e-2,6.039062500e-2,
2.620156250e+2,-7.578125000e-2,-7.812500000e-4,4.015625000e-2,
2.640156250e+2,-8.846875000e-2,-2.992187500e-2,4.000000000e-2,
2.679843750e+2,-9.590625000e-2,-1.992187500e-2,4.984375000e-2,
2.680625000e+2,-8.406250000e-2,-7.812500000e-5,4.992187500e-2,
2.640000000e+2,-8.390625000e-2,-3.125000000e-4,5.007812500e-2,
2.640312500e+2,-8.768750000e-2,-3.000000000e-2,4.992187500e-2,
2.620000000e+2,-9.221875000e-2,1.562500000e-4,7.007812500e-2,
2.639843750e+2,-8.006250000e-2,-9.765625000e-3,6.015625000e-2,
2.660000000e+2,-9.140625000e-2,-9.375000000e-4,5.000000000e-2,
2.679843750e+2,-9.259375000e-2,7.031250000e-4,5.023437500e-2,
2.660000000e+2,-8.737500000e-2,-8.828125000e-3,4.906250000e-2,
2.660000000e+2,-1.005312500e-1,-1.195312500e-2,7.109375000e-2,
2.619687500e+2,-8.478125000e-2,3.906250000e-4,2.125000000e-2,
2.600000000e+2,-9.193750000e-2,-9.921875000e-3,4.992187500e-2,
2.619062500e+2,-8.006250000e-2,7.890625000e-3,4.039062500e-2,
2.660000000e+2,-8.328125000e-2,1.195312500e-2,5.859375000e-2,
2.562812500e+2,-9.609375000e-2,-1.000000000e-2,7.023437500e-2,
2.538593750e+2,-7.625000000e-2,8.984375000e-3,5.000000000e-2,
2.638750000e+2,-8.350000000e-2,-7.031250000e-3,6.007812500e-2,
2.640312500e+2,-1.000312500e-1,-3.960937500e-2,4.000000000e-2,
2.657656250e+2,-9.603125000e-2,-2.242187500e-2,5.937500000e-2,
2.662187500e+2,-9.600000000e-2,-1.562500000e-4,6.015625000e-2,
2.597968750e+2,-9.587500000e-2,-9.531250000e-3,4.023437500e-2,
2.714375000e+2,-9.200000000e-2,-1.992187500e-2,4.000000000e-2,
2.722343750e+2,-9.596875000e-2,-2.000000000e-2,3.968750000e-2,
2.661250000e+2,-8.803125000e-2,-2.007812500e-2,6.000000000e-2,
2.639375000e+2,-9.603125000e-2,-3.031250000e-2,5.000000000e-2,
2.660156250e+2,-8.796875000e-2,-2.976562500e-2,5.992187500e-2,
2.620156250e+2,-9.200000000e-2,-9.531250000e-3,3.992187500e-2,
2.619375000e+2,-8.396875000e-2,1.562500000e-4,5.015625000e-2,
2.680000000e+2,-8.828125000e-2,-2.992187500e-2,4.992187500e-2,
2.619687500e+2,-8.353125000e-2,-2.000000000e-2,6.031250000e-2,
2.620156250e+2,-7.225000000e-2,-3.000000000e-2,3.960937500e-2,
2.580468750e+2,-8.415625000e-2,-1.968750000e-2,7.007812500e-2,
2.599375000e+2,-8.018750000e-2,-9.921875000e-3,4.007812500e-2,
2.617656250e+2,-9.650000000e-2,1.007812500e-2,8.039062500e-2,
2.678906250e+2,-9.087500000e-2,-3.906250000e-4,6.031250000e-2,
2.641406250e+2,-7.628125000e-2,-2.054687500e-2,3.000000000e-2,
2.599687500e+2,-9.631250000e-2,-3.000000000e-2,5.960937500e-2,
2.638750000e+2,-9.159375000e-2,-2.023437500e-2,6.046875000e-2,
2.679687500e+2,-8.828125000e-2,-9.921875000e-3,4.992187500e-2,
2.660781250e+2,-9.190625000e-2,-1.945312500e-2,5.984375000e-2,
2.640000000e+2,-7.996875000e-2,-1.242187500e-2,5.070312500e-2,
2.658281250e+2,-9.593750000e-2,1.875000000e-3,4.898437500e-2,
2.698906250e+2,-8.493750000e-2,-1.476562500e-2,6.031250000e-2,
2.680468750e+2,-8.053125000e-2,2.992187500e-2,4.992187500e-2,
2.620000000e+2,-7.584375000e-2,-9.218750000e-3,6.007812500e-2,
2.620156250e+2,-8.421875000e-2,-1.484375000e-3,4.906250000e-2,
2.579843750e+2,-7.200000000e-2,3.000000000e-2,4.031250000e-2,
2.659687500e+2,-9.190625000e-2,-7.812500000e-5,6.937500000e-2,
2.660468750e+2,-9.671875000e-2,1.992187500e-2,2.000000000e-2,
2.640312500e+2,-7.593750000e-2,-2.039062500e-2,7.000000000e-2,
2.639531250e+2,-9.940625000e-2,-3.023437500e-2,4.960937500e-2,
2.660156250e+2,-9.278125000e-2,-9.843750000e-3,5.968750000e-2,
2.580000000e+2,-8.400000000e-2,-9.843750000e-3,1.992187500e-2,
2.640468750e+2,-8.396875000e-2,1.562500000e-4,4.000000000e-2,
2.640625000e+2,-8.403125000e-2,-1.085937500e-2,5.984375000e-2,
2.722812500e+2,-8.400000000e-2,-8.984375000e-3,3.984375000e-2,
2.717343750e+2,-8.403125000e-2,-8.593750000e-4,5.046875000e-2,
2.637656250e+2,-8.400000000e-2,-2.062500000e-2,3.906250000e-2,
2.661562500e+2,-8.812500000e-2,-8.906250000e-3,1.914062500e-2,
2.657187500e+2,-9.184375000e-2,7.812500000e-4,2.179687500e-2,
2.620000000e+2,-8.384375000e-2,-2.031250000e-3,5.101562500e-2,
2.662187500e+2,-7.962500000e-2,-1.789062500e-2,5.007812500e-2,
2.657968750e+2,-8.121875000e-2,2.062500000e-2,6.023437500e-2,
2.619218750e+2,-1.040000000e-1,-1.421875000e-2,4.906250000e-2,
2.641875000e+2,-7.887500000e-2,-1.843750000e-2,4.054687500e-2,
2.680156250e+2,-7.625000000e-2,-1.015625000e-2,4.945312500e-2,
2.679843750e+2,-8.400000000e-2,-8.828125000e-3,3.046875000e-2,
2.680000000e+2,-8.796875000e-2,-1.250000000e-3,6.023437500e-2,
2.701250000e+2,-8.396875000e-2,-3.062500000e-2,3.968750000e-2,
2.719531250e+2,-8.400000000e-2,-8.906250000e-3,5.000000000e-2,
2.616875000e+2,-8.406250000e-2,-1.070312500e-2,4.000000000e-2,
2.642812500e+2,-8.800000000e-2,-3.000000000e-2,5.000000000e-2,
2.678437500e+2,-8.400000000e-2,7.812500000e-5,4.000000000e-2,
2.619375000e+2,-8.812500000e-2,5.468750000e-4,4.984375000e-2,
2.659843750e+2,-7.984375000e-2,-9.843750000e-3,5.007812500e-2,
2.659375000e+2,-8.850000000e-2,-2.578125000e-3,4.062500000e-2,
2.620156250e+2,-7.306250000e-2,1.273437500e-2,2.921875000e-2,
2.621562500e+2,-7.934375000e-2,-1.000000000e-2,6.015625000e-2,
2.680000000e+2,-8.384375000e-2,1.015625000e-2,6.945312500e-2,
2.618281250e+2,-9.200000000e-2,-1.117187500e-2,3.953125000e-2,
2.620625000e+2,-8.396875000e-2,-1.992187500e-2,5.093750000e-2,
2.660156250e+2,-8.396875000e-2,-7.812500000e-5,5.984375000e-2,
2.620000000e+2,-8.403125000e-2,7.812500000e-5,3.976562500e-2,
2.659687500e+2,-8.400000000e-2,1.007812500e-2,5.015625000e-2,
2.620937500e+2,-8.787500000e-2,-1.046875000e-2,7.023437500e-2,
2.639218750e+2,-9.196875000e-2,8.593750000e-4,7.007812500e-2,
2.621406250e+2,-9.203125000e-2,9.453125000e-3,3.945312500e-2,
2.618281250e+2,-8.856250000e-2,-2.257812500e-2,3.992187500e-2,
2.659531250e+2,-7.603125000e-2,-3.992187500e-2,4.070312500e-2,
2.658593750e+2,-8.843750000e-2,-1.953125000e-2,5.968750000e-2,
2.720156250e+2,-8.787500000e-2,-9.921875000e-3,2.937500000e-2,
2.640937500e+2,-8.787500000e-2,9.921875000e-3,4.015625000e-2,
2.659062500e+2,-8.393750000e-2,-1.023437500e-2,2.992187500e-2,
2.660312500e+2,-8.368750000e-2,2.343750000e-4,3.992187500e-2,
2.642500000e+2,-8.012500000e-2,-9.375000000e-4,4.031250000e-2,
2.598593750e+2,-8.378125000e-2,-2.000000000e-2,7.000000000e-2,
2.673281250e+2,-8.031250000e-2,-1.023437500e-2,4.015625000e-2,
2.683750000e+2,-1.000625000e-1,-3.132812500e-2,4.039062500e-2,
2.621406250e+2,-7.931250000e-2,-2.914062500e-2,5.023437500e-2,
2.638437500e+2,-8.456250000e-2,-1.000000000e-2,3.875000000e-2,
2.639687500e+2,-9.200000000e-2,-2.000000000e-2,2.046875000e-2,
2.660156250e+2,-8.784375000e-2,-1.031250000e-2,5.093750000e-2,
2.640312500e+2,-9.221875000e-2,-4.007812500e-2,4.914062500e-2,
2.641718750e+2,-9.587500000e-2,6.250000000e-4,5.062500000e-2,
2.598437500e+2,-8.771875000e-2,1.000000000e-2,4.859375000e-2,
2.695000000e+2,-8.393750000e-2,-1.992187500e-2,1.000000000e-2,
2.686406250e+2,-8.096875000e-2,-1.015625000e-3,6.007812500e-2,
2.600156250e+2,-6.375000000e-2,-8.203125000e-3,4.000000000e-2,
2.639062500e+2,-8.231250000e-2,-2.203125000e-2,3.992187500e-2,
2.590468750e+2,-8.340625000e-2,1.414062500e-2,5.023437500e-2,
2.564843750e+2,-9.621875000e-2,2.242187500e-2,2.906250000e-2,
2.622656250e+2,-9.987500000e-2,-2.679687500e-2,2.992187500e-2,
2.599375000e+2,-9.200000000e-2,-4.046875000e-2,5.000000000e-2,
2.619531250e+2,-9.190625000e-2,-2.031250000e-2,4.000000000e-2,
2.600625000e+2,-8.409375000e-2,-1.085937500e-2,4.953125000e-2,
2.641093750e+2,-9.600000000e-2,2.000000000e-2,6.953125000e-2,
2.617968750e+2,-7.987500000e-2,-2.039062500e-2,7.062500000e-2,
2.621406250e+2,-8.800000000e-2,-2.015625000e-2,3.007812500e-2,
2.660312500e+2,-7.578125000e-2,-4.000000000e-2,4.976562500e-2,
2.639375000e+2,-8.012500000e-2,-9.921875000e-3,4.000000000e-2,
2.639062500e+2,-7.575000000e-2,-1.000000000e-2,4.007812500e-2,
2.620000000e+2,-7.618750000e-2,-7.812500000e-5,2.976562500e-2,
2.616875000e+2,-8.068750000e-2,0.000000000e+0,4.992187500e-2,
2.582031250e+2,-8.837500000e-2,-3.000000000e-2,3.015625000e-2,
2.641875000e+2,-8.765625000e-2,1.328125000e-3,2.007812500e-2,
2.619687500e+2,-8.400000000e-2,1.562500000e-4,1.968750000e-2,
2.639375000e+2,-8.840625000e-2,9.375000000e-3,3.953125000e-2,
2.597187500e+2,-9.200000000e-2,-9.765625000e-3,4.984375000e-2,
2.601250000e+2,-8.768750000e-2,9.843750000e-3,5.007812500e-2,
2.623593750e+2,-8.418750000e-2,-1.062500000e-2,3.046875000e-2,
2.661093750e+2,-8.787500000e-2,0.000000000e+0,1.070312500e-2,
2.636250000e+2,-7.946875000e-2,-2.085937500e-2,6.039062500e-2,
2.596093750e+2,-8.078125000e-2,-1.945312500e-2,3.867187500e-2,
2.582343750e+2,-8.775000000e-2,-1.007812500e-2,3.992187500e-2,
2.622656250e+2,-8.003125000e-2,-9.140625000e-3,3.007812500e-2,
2.619062500e+2,-8.856250000e-2,9.765625000e-3,4.976562500e-2,
2.620468750e+2,-9.309375000e-2,-2.062500000e-2,5.039062500e-2,
2.619062500e+2,-1.080937500e-1,-9.531250000e-3,3.031250000e-2,
2.599218750e+2,-8.656250000e-2,0.000000000e+0,2.953125000e-2,
2.600937500e+2,-7.628125000e-2,-9.843750000e-3,3.039062500e-2,
2.620937500e+2,-8.803125000e-2,-9.140625000e-3,3.750000000e-2,
2.618750000e+2,-6.825000000e-2,-1.421875000e-2,7.765625000e-2,
2.599062500e+2,-8.303125000e-2,2.078125000e-2,8.906250000e-2,
2.637031250e+2,-8.003125000e-2,-8.828125000e-3,8.937500000e-2,
2.641562500e+2,-8.393750000e-2,-7.812500000e-4,4.000000000e-2,
2.602656250e+2,-7.631250000e-2,1.562500000e-4,3.015625000e-2,
2.596093750e+2,-7.575000000e-2,-2.000000000e-2,4.000000000e-2,
2.657031250e+2,-9.165625000e-2,4.687500000e-4,4.007812500e-2,
2.642968750e+2,-8.840625000e-2,1.000000000e-2,5.007812500e-2,
2.637656250e+2,-8.368750000e-2,-3.125000000e-4,6.945312500e-2,
2.660937500e+2,-9.212500000e-2,-2.023437500e-2,1.921875000e-2,
2.604218750e+2,-8.406250000e-2,-8.750000000e-3,3.078125000e-2,
2.578593750e+2,-9.200000000e-2,9.062500000e-3,5.992187500e-2,
2.678437500e+2,-8.837500000e-2,-3.007812500e-2,2.820312500e-2,
2.641406250e+2,-7.996875000e-2,1.164062500e-2,1.054687500e-2,
2.579062500e+2,-8.009375000e-2,9.843750000e-3,4.132812500e-2,
2.639062500e+2,-8.400000000e-2,8.906250000e-3,3.953125000e-2,
2.620156250e+2,-8.812500000e-2,-2.031250000e-2,4.070312500e-2,
2.658750000e+2,-9.600000000e-2,2.656250000e-3,6.109375000e-2,
2.641406250e+2,-8.393750000e-2,1.015625000e-2,5.773437500e-2,
2.620156250e+2,-7.596875000e-2,9.140625000e-3,4.101562500e-2,
2.638437500e+2,-7.625000000e-2,-7.812500000e-5,6.882812500e-2,
2.681250000e+2,-8.846875000e-2,1.117187500e-2,2.992187500e-2,
2.599687500e+2,-8.740625000e-2,8.750000000e-3,7.148437500e-2,
2.598593750e+2,-8.506250000e-2,-1.078125000e-2,4.757812500e-2,
2.620000000e+2,-1.040625000e-1,1.640625000e-3,4.078125000e-2,
2.619843750e+2,-8.253125000e-2,1.914062500e-2,5.007812500e-2,
2.638906250e+2,-8.053125000e-2,-2.265625000e-2,5.023437500e-2,
2.641406250e+2,-9.206250000e-2,-2.781250000e-2,5.992187500e-2,
2.620312500e+2,-8.800000000e-2,9.765625000e-3,4.992187500e-2,
2.602031250e+2,-9.200000000e-2,-3.085937500e-2,7.000000000e-2,
2.540312500e+2,-8.812500000e-2,-1.562500000e-4,4.007812500e-2,
2.611250000e+2,-8.800000000e-2,1.054687500e-2,5.000000000e-2,
2.717187500e+2,-8.784375000e-2,1.015625000e-3,2.000000000e-2,
2.704062500e+2,-9.168750000e-2,-2.812500000e-3,4.968750000e-2,
2.680625000e+2,-8.946875000e-2,1.781250000e-2,6.078125000e-2,
2.677031250e+2,-8.003125000e-2,2.656250000e-3,5.960937500e-2,
2.599687500e+2,-8.762500000e-2,-3.007812500e-2,9.054687500e-2,
2.662500000e+2,-8.456250000e-2,2.031250000e-2,4.125000000e-2,
2.638281250e+2,-8.012500000e-2,9.921875000e-3,4.984375000e-2,
2.621406250e+2,-7.978125000e-2,0.000000000e+0,3.015625000e-2,
2.681718750e+2,-8.762500000e-2,0.000000000e+0,4.960937500e-2,
2.677500000e+2,-9.606250000e-2,8.984375000e-3,4.015625000e-2,
2.639687500e+2,-8.437500000e-2,3.031250000e-2,3.992187500e-2,
2.638593750e+2,-8.400000000e-2,-2.000000000e-2,4.000000000e-2,
2.578437500e+2,-8.000000000e-2,-1.007812500e-2,3.000000000e-2,
2.580937500e+2,-8.768750000e-2,-1.007812500e-2,2.992187500e-2,
2.620000000e+2,-9.206250000e-2,7.812500000e-5,2.984375000e-2,
2.600000000e+2,-8.415625000e-2,1.000000000e-2,3.976562500e-2,
2.620000000e+2,-8.396875000e-2,1.000000000e-2,4.945312500e-2,
2.640156250e+2,-8.400000000e-2,-6.250000000e-4,6.007812500e-2,
2.619687500e+2,-8.400000000e-2,-1.960937500e-2,5.000000000e-2,
2.640468750e+2,-8.400000000e-2,1.031250000e-2,6.000000000e-2,
2.700000000e+2,-8.403125000e-2,0.000000000e+0,5.000000000e-2,
2.659531250e+2,-8.400000000e-2,2.000000000e-2,7.968750000e-2,
2.680000000e+2,-7.987500000e-2,0.000000000e+0,6.101562500e-2,
2.639375000e+2,-7.603125000e-2,-9.609375000e-3,4.984375000e-2,
2.640468750e+2,-8.009375000e-2,1.992187500e-2,5.000000000e-2,
2.680000000e+2,-8.828125000e-2,-7.812500000e-5,3.023437500e-2,
2.620781250e+2,-1.000312500e-1,9.921875000e-3,3.968750000e-2,
2.640000000e+2,-8.415625000e-2,2.000000000e-2,4.960937500e-2,
2.660468750e+2,-9.537500000e-2,1.007812500e-2,6.000000000e-2,
2.620000000e+2,-9.643750000e-2,-1.015625000e-2,3.960937500e-2,
2.599843750e+2,-8.018750000e-2,-1.054687500e-2,2.976562500e-2,
2.640000000e+2,-8.359375000e-2,1.945312500e-2,5.015625000e-2,
2.598437500e+2,-8.790625000e-2,1.953125000e-3,1.976562500e-2,
2.579687500e+2,-8.496875000e-2,-9.843750000e-3,5.914062500e-2,
2.659218750e+2,-7.118750000e-2,-1.703125000e-2,4.968750000e-2,
2.659062500e+2,-9.021875000e-2,-3.148437500e-2,7.867187500e-2,
2.580000000e+2,-8.418750000e-2,-1.101562500e-2,6.007812500e-2,
2.659062500e+2,-7.996875000e-2,-1.929687500e-2,4.976562500e-2,
2.640000000e+2,-8.368750000e-2,-1.921875000e-2,5.031250000e-2,
2.620468750e+2,-8.809375000e-2,-3.078125000e-2,4.015625000e-2,
2.580625000e+2,-7.993750000e-2,8.281250000e-3,4.929687500e-2,
2.578593750e+2,-9.193750000e-2,7.031250000e-4,6.046875000e-2,
2.658906250e+2,-8.396875000e-2,6.250000000e-4,2.015625000e-2,
2.624375000e+2,-8.800000000e-2,-2.117187500e-2,3.953125000e-2,
2.579062500e+2,-8.403125000e-2,1.000000000e-2,3.992187500e-2,
2.637500000e+2,-8.409375000e-2,-2.929687500e-2,5.992187500e-2,
2.622500000e+2,-8.800000000e-2,-2.062500000e-2,4.015625000e-2,
2.599218750e+2,-8.384375000e-2,-1.000000000e-2,5.929687500e-2,
2.620156250e+2,-7.609375000e-2,-1.000000000e-2,7.007812500e-2,
2.599687500e+2,-8.800000000e-2,1.562500000e-4,5.015625000e-2,
2.658437500e+2,-8.006250000e-2,7.812500000e-5,5.000000000e-2,
2.680156250e+2,-9.612500000e-2,1.023437500e-2,4.000000000e-2,
2.600000000e+2,-9.171875000e-2,2.343750000e-4,5.000000000e-2,
2.640156250e+2,-8.028125000e-2,-2.007812500e-2,4.000000000e-2,
2.579843750e+2,-9.196875000e-2,1.007812500e-2,4.968750000e-2,
2.619843750e+2,-7.487500000e-2,0.000000000e+0,5.960937500e-2,
2.619843750e+2,-7.681250000e-2,1.015625000e-2,7.984375000e-2,
2.621093750e+2,-9.243750000e-2,-7.812500000e-5,8.023437500e-2,
2.578125000e+2,-8.750000000e-2,-1.015625000e-2,6.992187500e-2,
2.676718750e+2,-7.593750000e-2,-2.007812500e-2,7.000000000e-2,
2.661562500e+2,-8.446875000e-2,-9.218750000e-3,6.007812500e-2,
2.619687500e+2,-9.203125000e-2,1.000000000e-2,4.976562500e-2,
2.659062500e+2,-9.203125000e-2,-9.843750000e-3,6.085937500e-2,
2.662656250e+2,-8.753125000e-2,-9.531250000e-3,1.992187500e-2,
2.620156250e+2,-8.009375000e-2,-2.953125000e-2,5.906250000e-2,
2.622187500e+2,-9.196875000e-2,-1.265625000e-2,3.226562500e-2,
2.539843750e+2,-8.415625000e-2,-7.578125000e-3,1.914062500e-2,
2.617500000e+2,-8.381250000e-2,-2.289062500e-2,3.750000000e-2,
2.580625000e+2,-8.090625000e-2,7.734375000e-3,5.921875000e-2,
2.579843750e+2,-7.590625000e-2,-9.375000000e-3,6.007812500e-2,
2.619687500e+2,-8.743750000e-2,-2.062500000e-2,6.992187500e-2,
2.659687500e+2,-9.212500000e-2,1.000000000e-2,4.976562500e-2,
2.699843750e+2,-8.400000000e-2,-7.812500000e-5,4.015625000e-2,
2.681406250e+2,-9.193750000e-2,-1.015625000e-2,5.000000000e-2,
2.560468750e+2,-8.412500000e-2,-1.562500000e-4,5.000000000e-2,
2.619375000e+2,-8.400000000e-2,-2.976562500e-2,7.062500000e-2,
2.600000000e+2,-8.012500000e-2,-8.984375000e-3,5.890625000e-2,
2.598593750e+2,-8.381250000e-2,1.906250000e-2,2.007812500e-2,
2.660156250e+2,-9.196875000e-2,-1.898437500e-2,9.000000000e-2,
2.619062500e+2,-8.815625000e-2,1.851562500e-2,4.929687500e-2,
2.600468750e+2,-8.443750000e-2,-4.023437500e-2,4.015625000e-2,
2.598593750e+2,-7.587500000e-2,1.125000000e-2,5.054687500e-2,
2.560781250e+2,-9.600000000e-2,-2.046875000e-2,4.898437500e-2,
2.621562500e+2,-9.181250000e-2,1.070312500e-2,3.007812500e-2,
2.618906250e+2,-8.828125000e-2,-2.242187500e-2,5.140625000e-2,
2.620625000e+2,-9.193750000e-2,-2.960937500e-2,4.890625000e-2,
2.597031250e+2,-8.353125000e-2,-1.828125000e-2,3.984375000e-2,
2.539218750e+2,-8.009375000e-2,3.125000000e-4,3.992187500e-2,
2.583281250e+2,-8.440625000e-2,-1.140625000e-2,4.031250000e-2,
2.642031250e+2,-8.800000000e-2,-2.171875000e-2,6.164062500e-2,
2.680156250e+2,-8.806250000e-2,-1.601562500e-2,7.960937500e-2,
2.658437500e+2,-9.600000000e-2,1.953125000e-2,4.867187500e-2,
2.578750000e+2,-1.079687500e-1,-2.203125000e-2,4.023437500e-2,
2.602500000e+2,-9.184375000e-2,-1.906250000e-2,4.976562500e-2,
2.700312500e+2,-8.412500000e-2,-2.039062500e-2,3.992187500e-2,
2.656406250e+2,-8.796875000e-2,-1.968750000e-2,4.070312500e-2,
2.620937500e+2,-8.000000000e-2,0.000000000e+0,1.000000000e-2,
2.638593750e+2,-8.796875000e-2,-1.015625000e-2,5.968750000e-2,
2.579218750e+2,-8.425000000e-2,-3.046875000e-2,5.031250000e-2,
2.639531250e+2,-8.356250000e-2,-1.171875000e-3,4.015625000e-2,
2.679062500e+2,-8.837500000e-2,6.875000000e-3,3.000000000e-2,
2.600156250e+2,-8.059375000e-2,3.398437500e-2,3.093750000e-2,
2.639843750e+2,-8.018750000e-2,-1.000000000e-2,2.007812500e-2,
2.579218750e+2,-7.590625000e-2,9.921875000e-3,5.039062500e-2,
2.599843750e+2,-8.765625000e-2,-3.179687500e-2,3.953125000e-2,
2.559843750e+2,-8.800000000e-2,-3.984375000e-2,4.046875000e-2,
2.600000000e+2,-8.796875000e-2,-1.039062500e-2,3.968750000e-2,
2.600156250e+2,-8.428125000e-2,9.765625000e-3,2.015625000e-2,
2.678437500e+2,-7.206250000e-2,-1.976562500e-2,5.000000000e-2,
2.661406250e+2,-9.159375000e-2,-9.843750000e-3,1.960937500e-2,
2.659843750e+2,-9.209375000e-2,-9.375000000e-3,2.984375000e-2,
2.640781250e+2,-8.793750000e-2,9.531250000e-3,5.000000000e-2,
2.621406250e+2,-8.006250000e-2,-3.226562500e-2,4.000000000e-2,
2.581093750e+2,-8.406250000e-2,-2.976562500e-2,6.085937500e-2,
2.598125000e+2,-7.962500000e-2,-9.296875000e-3,5.945312500e-2,
2.660156250e+2,-7.631250000e-2,-2.343750000e-4,3.968750000e-2,
2.601250000e+2,-8.396875000e-2,-1.984375000e-2,3.968750000e-2,
2.578906250e+2,-8.021875000e-2,1.007812500e-2,3.015625000e-2,
2.620000000e+2,-9.250000000e-2,-2.054687500e-2,4.992187500e-2,
2.581406250e+2,-8.312500000e-2,-1.945312500e-2,3.000000000e-2,
2.598125000e+2,-7.615625000e-2,-9.765625000e-3,6.023437500e-2,
2.617187500e+2,-8.831250000e-2,-1.117187500e-2,6.007812500e-2,
2.641875000e+2,-9.178125000e-2,-3.015625000e-2,3.976562500e-2,
2.581406250e+2,-8.406250000e-2,-8.906250000e-3,4.000000000e-2,
2.617031250e+2,-9.206250000e-2,-7.812500000e-4,4.046875000e-2,
2.620156250e+2,-8.390625000e-2,-2.007812500e-2,4.937500000e-2,
2.639062500e+2,-7.971875000e-2,2.343750000e-4,3.031250000e-2,
2.639375000e+2,-7.187500000e-2,2.343750000e-4,4.945312500e-2,
2.642031250e+2,-7.640625000e-2,-9.921875000e-3,1.992187500e-2,
2.581093750e+2,-8.812500000e-2,0.000000000e+0,5.085937500e-2,
2.617031250e+2,-8.800000000e-2,-2.976562500e-2,4.000000000e-2,
2.639843750e+2,-9.212500000e-2,-1.976562500e-2,3.007812500e-2,
2.622187500e+2,-8.081250000e-2,-4.062500000e-2,7.000000000e-2,
2.578281250e+2,-8.253125000e-2,-2.187500000e-3,5.015625000e-2,
2.621875000e+2,-8.681250000e-2,-1.789062500e-2,2.976562500e-2,
2.600312500e+2,-6.793750000e-2,-1.078125000e-2,4.992187500e-2,
2.645000000e+2,-8.434375000e-2,-1.898437500e-2,3.000000000e-2,
2.637968750e+2,-8.396875000e-2,-2.023437500e-2,5.000000000e-2,
2.616718750e+2,-9.212500000e-2,-1.039062500e-2,4.000000000e-2,
2.578593750e+2,-9.190625000e-2,-2.343750000e-4,5.945312500e-2,
2.602968750e+2,-8.400000000e-2,0.000000000e+0,6.054687500e-2,
2.639062500e+2,-8.409375000e-2,-2.031250000e-2,4.000000000e-2,
2.599375000e+2,-8.400000000e-2,-2.984375000e-2,5.023437500e-2,
2.598750000e+2,-8.015625000e-2,-2.000000000e-2,2.000000000e-2,
2.581875000e+2,-9.218750000e-2,-1.992187500e-2,6.000000000e-2,
2.661875000e+2,-8.321875000e-2,0.000000000e+0,4.007812500e-2,
2.640937500e+2,-7.606250000e-2,-7.812500000e-5,5.968750000e-2,
2.678125000e+2,-8.540625000e-2,1.000000000e-2,5.000000000e-2,
2.595781250e+2,-9.625000000e-2,-2.023437500e-2,6.000000000e-2,
2.599843750e+2,-9.131250000e-2,-2.976562500e-2,4.023437500e-2,
2.580625000e+2,-8.387500000e-2,-1.929687500e-2,3.968750000e-2,
2.621406250e+2,-8.418750000e-2,-1.054687500e-2,4.023437500e-2,
2.571406250e+2,-8.371875000e-2,-1.921875000e-2,3.000000000e-2,
2.524062500e+2,-8.012500000e-2,-1.015625000e-3,3.945312500e-2,
2.651250000e+2,-8.362500000e-2,-2.968750000e-2,5.000000000e-2,
2.674531250e+2,-7.650000000e-2,1.187500000e-2,3.953125000e-2,
2.571718750e+2,-8.768750000e-2,-1.210937500e-2,3.031250000e-2,
2.567343750e+2,-7.637500000e-2,-4.015625000e-2,5.039062500e-2,
2.642500000e+2,-9.203125000e-2,-2.937500000e-2,5.023437500e-2,
2.617968750e+2,-8.000000000e-2,-8.125000000e-3,6.976562500e-2,
2.619218750e+2,-9.218750000e-2,1.921875000e-2,3.023437500e-2,
2.600000000e+2,-8.437500000e-2,-3.070312500e-2,2.992187500e-2,
2.621562500e+2,-1.004062500e-1,-9.453125000e-3,2.937500000e-2,
2.618750000e+2,-8.740625000e-2,-1.007812500e-2,5.921875000e-2,
2.622500000e+2,-8.393750000e-2,9.687500000e-3,4.187500000e-2,
2.682031250e+2,-7.600000000e-2,-7.968750000e-3,3.828125000e-2,
2.634843750e+2,-8.709375000e-2,-1.171875000e-2,5.968750000e-2,
2.540625000e+2,-9.362500000e-2,-7.343750000e-3,4.312500000e-2,
2.577812500e+2,-7.209375000e-2,-2.882812500e-2,3.007812500e-2,
2.578281250e+2,-8.359375000e-2,-3.109375000e-2,4.000000000e-2,
2.620625000e+2,-8.790625000e-2,9.765625000e-3,3.007812500e-2,
2.562812500e+2,-9.212500000e-2,-1.023437500e-2,6.007812500e-2,
2.594531250e+2,-7.640625000e-2,-3.976562500e-2,5.023437500e-2,
2.620937500e+2,-7.596875000e-2,3.906250000e-4,3.984375000e-2,
2.601875000e+2,-7.215625000e-2,-6.250000000e-4,2.015625000e-2,
2.597968750e+2,-7.903125000e-2,-4.031250000e-2,5.031250000e-2,
2.638750000e+2,-9.190625000e-2,-8.281250000e-3,6.023437500e-2,
2.621093750e+2,-8.406250000e-2,9.375000000e-3,6.960937500e-2,
2.580468750e+2,-7.965625000e-2,-3.062500000e-2,3.929687500e-2,
2.579687500e+2,-9.206250000e-2,-3.820312500e-2,3.984375000e-2,
2.599218750e+2,-8.371875000e-2,9.375000000e-4,3.007812500e-2,
2.601875000e+2,-8.006250000e-2,-2.179687500e-2,5.109375000e-2,
2.539531250e+2,-9.212500000e-2,-2.851562500e-2,5.937500000e-2,
2.598593750e+2,-9.193750000e-2,2.734375000e-3,5.093750000e-2,
2.580468750e+2,-8.796875000e-2,-2.421875000e-3,6.859375000e-2,
2.618281250e+2,-8.409375000e-2,-3.148437500e-2,2.968750000e-2,
2.639843750e+2,-9.193750000e-2,-2.968750000e-2,5.007812500e-2,
2.621718750e+2,-7.953125000e-2,-2.945312500e-2,3.000000000e-2,
2.559687500e+2,-8.034375000e-2,-8.125000000e-3,5.007812500e-2,
2.556875000e+2,-8.409375000e-2,-1.406250000e-3,2.929687500e-2,
2.659843750e+2,-8.396875000e-2,-3.015625000e-2,4.085937500e-2,
2.582500000e+2,-8.393750000e-2,-2.039062500e-2,4.000000000e-2,
2.596562500e+2,-8.418750000e-2,-3.992187500e-2,5.054687500e-2,
2.620937500e+2,-8.787500000e-2,-8.281250000e-3,5.992187500e-2,
2.600625000e+2,-8.003125000e-2,-6.250000000e-4,5.000000000e-2,
2.600156250e+2,-8.400000000e-2,-9.765625000e-3,6.000000000e-2,
2.580312500e+2,-7.221875000e-2,9.921875000e-3,4.031250000e-2,
2.597500000e+2,-7.925000000e-2,9.375000000e-4,4.000000000e-2,
2.637343750e+2,-8.837500000e-2,-9.140625000e-3,7.000000000e-2,
2.660156250e+2,-7.687500000e-2,-1.906250000e-2,6.023437500e-2,
2.639375000e+2,-7.575000000e-2,-1.429687500e-2,4.007812500e-2,
2.597500000e+2,-7.915625000e-2,1.562500000e-4,4.976562500e-2,
2.581250000e+2,-9.521875000e-2,-1.992187500e-2,5.054687500e-2,
2.641250000e+2,-9.321875000e-2,-1.976562500e-2,3.929687500e-2,
2.576406250e+2,-8.003125000e-2,1.000000000e-2,6.960937500e-2,
2.522812500e+2,-8.762500000e-2,-9.921875000e-3,6.093750000e-2,
2.641875000e+2,-8.415625000e-2,-9.843750000e-3,4.101562500e-2,
2.597031250e+2,-8.400000000e-2,1.562500000e-4,1.968750000e-2,
2.600312500e+2,-8.375000000e-2,-1.000000000e-2,5.000000000e-2,
2.600625000e+2,-8.809375000e-2,0.000000000e+0,2.000000000e-2,
2.598906250e+2,-7.612500000e-2,-9.921875000e-3,4.984375000e-2,
2.539218750e+2,-7.553125000e-2,-1.992187500e-2,5.007812500e-2,
2.560937500e+2,-8.809375000e-2,-1.000000000e-2,5.023437500e-2,
2.600000000e+2,-7.193750000e-2,-2.031250000e-2,3.984375000e-2,
2.620000000e+2,-9.168750000e-2,-4.023437500e-2,5.968750000e-2,
2.580625000e+2,-8.806250000e-2,6.250000000e-4,5.007812500e-2,
2.520000000e+2,-9.203125000e-2,-1.093750000e-2,4.992187500e-2,
2.580625000e+2,-8.396875000e-2,-3.007812500e-2,5.000000000e-2,
2.599375000e+2,-8.812500000e-2,-1.976562500e-2,5.000000000e-2,
2.580156250e+2,-8.781250000e-2,-1.000000000e-2,3.968750000e-2,
2.620468750e+2,-7.209375000e-2,0.000000000e+0,6.929687500e-2,
2.639218750e+2,-8.812500000e-2,-2.023437500e-2,6.023437500e-2,
2.580000000e+2,-7.996875000e-2,-1.007812500e-2,5.000000000e-2,
2.639531250e+2,-8.793750000e-2,7.812500000e-5,6.968750000e-2,
2.621250000e+2,-7.600000000e-2,2.000000000e-2,6.054687500e-2,
2.580000000e+2,-8.790625000e-2,-7.812500000e-5,4.976562500e-2,
2.619843750e+2,-7.653125000e-2,7.812500000e-5,6.000000000e-2,
2.580000000e+2,-7.581250000e-2,-2.015625000e-2,3.960937500e-2,
2.580000000e+2,-8.384375000e-2,-1.070312500e-2,3.953125000e-2,
2.580000000e+2,-8.812500000e-2,1.046875000e-2,8.007812500e-2,
2.599375000e+2,-8.050000000e-2,-1.773437500e-2,3.117187500e-2,
2.579687500e+2,-7.578125000e-2,-2.250000000e-2,3.804687500e-2,
2.679687500e+2,-8.646875000e-2,-8.046875000e-3,7.953125000e-2,
2.619062500e+2,-9.275000000e-2,-2.289062500e-2,6.210937500e-2,
2.600000000e+2,-8.412500000e-2,9.765625000e-3,5.992187500e-2,
2.639062500e+2,-7.996875000e-2,-1.929687500e-2,7.007812500e-2,
2.660000000e+2,-8.771875000e-2,8.828125000e-3,6.046875000e-2,
2.563125000e+2,-8.809375000e-2,-1.867187500e-2,5.992187500e-2,
2.499687500e+2,-7.996875000e-2,-1.179687500e-2,6.039062500e-2,
2.559218750e+2,-8.796875000e-2,2.343750000e-4,4.023437500e-2,
2.578906250e+2,-7.993750000e-2,-9.375000000e-3,3.984375000e-2,
2.637656250e+2,-7.603125000e-2,-2.000000000e-2,4.976562500e-2,
2.622343750e+2,-7.196875000e-2,-1.976562500e-2,5.007812500e-2,
2.577656250e+2,-8.418750000e-2,-3.015625000e-2,4.007812500e-2,
2.657187500e+2,-8.400000000e-2,-2.000000000e-2,4.945312500e-2,
2.641718750e+2,-8.396875000e-2,-2.000000000e-2,6.984375000e-2,
2.620312500e+2,-8.409375000e-2,9.921875000e-3,6.015625000e-2,
2.600468750e+2,-9.206250000e-2,-2.039062500e-2,4.992187500e-2,
2.580468750e+2,-9.193750000e-2,6.250000000e-4,6.007812500e-2,
2.559687500e+2,-8.796875000e-2,-2.343750000e-4,5.992187500e-2,
2.639062500e+2,-8.400000000e-2,-7.812500000e-5,5.000000000e-2,
2.679375000e+2,-8.378125000e-2,0.000000000e+0,5.992187500e-2,
2.579687500e+2,-7.590625000e-2,-1.015625000e-2,6.023437500e-2,
2.599843750e+2,-7.581250000e-2,-2.992187500e-2,5.007812500e-2,
2.601093750e+2,-7.231250000e-2,1.046875000e-2,5.968750000e-2,
2.579062500e+2,-8.875000000e-2,-1.031250000e-2,7.039062500e-2,
2.656406250e+2,-9.606250000e-2,-9.765625000e-3,3.976562500e-2,
2.681406250e+2,-9.125000000e-2,-7.812500000e-5,3.992187500e-2,
2.621562500e+2,-8.015625000e-2,-2.093750000e-2,2.992187500e-2,
2.579531250e+2,-9.212500000e-2,-3.000000000e-2,5.968750000e-2,
2.620000000e+2,-8.353125000e-2,-3.906250000e-4,5.062500000e-2,
2.599843750e+2,-8.031250000e-2,6.250000000e-4,3.015625000e-2,
2.639062500e+2,-8.803125000e-2,-1.835937500e-2,3.812500000e-2,
2.621250000e+2,-8.025000000e-2,-2.390625000e-2,7.992187500e-2,
2.599687500e+2,-7.590625000e-2,1.921875000e-2,5.085937500e-2,
2.619062500e+2,-8.768750000e-2,-1.398437500e-2,6.890625000e-2,
2.600625000e+2,-8.112500000e-2,-2.179687500e-2,5.968750000e-2,
2.559687500e+2,-7.600000000e-2,-2.007812500e-2,8.031250000e-2,
2.639687500e+2,-7.965625000e-2,-1.062500000e-2,6.882812500e-2,
2.620000000e+2,-8.412500000e-2,0.000000000e+0,3.984375000e-2,
2.619843750e+2,-7.203125000e-2,-2.000000000e-2,2.992187500e-2,
2.640156250e+2,-7.996875000e-2,9.921875000e-3,3.000000000e-2,
2.600625000e+2,-7.193750000e-2,-2.023437500e-2,4.000000000e-2,
2.599531250e+2,-8.765625000e-2,-1.023437500e-2,5.062500000e-2,
2.620156250e+2,-8.421875000e-2,-1.000000000e-2,5.953125000e-2,
2.560781250e+2,-8.406250000e-2,-2.070312500e-2,3.000000000e-2,
2.580625000e+2,-7.606250000e-2,-3.992187500e-2,7.000000000e-2,
2.599687500e+2,-7.975000000e-2,-1.867187500e-2,5.937500000e-2,
2.581406250e+2,-8.015625000e-2,-2.125000000e-2,3.007812500e-2,
2.640156250e+2,-7.993750000e-2,-2.867187500e-2,6.109375000e-2,
2.575781250e+2,-9.200000000e-2,1.484375000e-3,4.890625000e-2,
2.582031250e+2,-9.590625000e-2,-7.031250000e-4,2.898437500e-2,
2.620156250e+2,-8.343750000e-2,-1.078125000e-2,2.093750000e-2,
2.576562500e+2,-7.575000000e-2,-2.015625000e-2,4.039062500e-2,
2.561718750e+2,-7.246875000e-2,-8.281250000e-3,4.085937500e-2,
2.600312500e+2,-8.865625000e-2,-1.562500000e-3,5.968750000e-2,
2.579687500e+2,-8.750000000e-2,-1.945312500e-2,4.015625000e-2,
2.600781250e+2,-7.971875000e-2,8.593750000e-4,6.015625000e-2,
2.599843750e+2,-7.593750000e-2,-1.062500000e-2,3.953125000e-2,
2.600156250e+2,-8.000000000e-2,1.015625000e-3,3.968750000e-2,
2.599687500e+2,-9.193750000e-2,-7.031250000e-4,3.015625000e-2,
2.621718750e+2,-7.593750000e-2,-1.023437500e-2,5.015625000e-2,
2.659531250e+2,-8.006250000e-2,9.375000000e-4,3.992187500e-2,
2.535468750e+2,-7.609375000e-2,9.609375000e-3,4.015625000e-2,
2.564531250e+2,-8.796875000e-2,-2.007812500e-2,3.000000000e-2,
2.659843750e+2,-8.409375000e-2,-9.843750000e-3,5.000000000e-2,
2.578281250e+2,-8.384375000e-2,1.968750000e-2,3.992187500e-2,
2.599843750e+2,-8.790625000e-2,2.968750000e-3,5.976562500e-2,
2.599375000e+2,-8.500000000e-2,-3.234375000e-2,4.085937500e-2,
2.560156250e+2,-7.921875000e-2,8.984375000e-3,3.843750000e-2,
2.561093750e+2,-8.790625000e-2,-1.000000000e-2,6.000000000e-2,
2.599531250e+2,-8.025000000e-2,9.765625000e-3,3.945312500e-2,
2.559843750e+2,-8.000000000e-2,-3.093750000e-2,4.039062500e-2,
2.579687500e+2,-7.600000000e-2,-2.000000000e-2,4.976562500e-2,
2.540000000e+2,-7.590625000e-2,-3.007812500e-2,4.000000000e-2,
2.600781250e+2,-8.406250000e-2,3.125000000e-4,4.984375000e-2,
2.622812500e+2,-7.193750000e-2,1.562500000e-4,2.992187500e-2,
2.521718750e+2,-7.593750000e-2,-1.054687500e-2,5.031250000e-2,
2.576875000e+2,-7.581250000e-2,-1.937500000e-2,5.992187500e-2,
2.619687500e+2,-9.209375000e-2,-3.906250000e-4,5.929687500e-2,
2.602656250e+2,-8.500000000e-2,-3.054687500e-2,2.960937500e-2,
2.559531250e+2,-6.806250000e-2,-9.921875000e-3,5.179687500e-2,
2.618750000e+2,-8.884375000e-2,-2.015625000e-2,6.906250000e-2,
2.601406250e+2,-8.731250000e-2,3.125000000e-4,1.953125000e-2,
2.540156250e+2,-8.040625000e-2,1.984375000e-2,5.046875000e-2,
2.559218750e+2,-9.234375000e-2,-1.054687500e-2,4.007812500e-2,
2.597343750e+2,-9.206250000e-2,-9.765625000e-3,5.992187500e-2,
2.642343750e+2,-9.140625000e-2,3.906250000e-4,2.976562500e-2,
2.542656250e+2,-7.575000000e-2,-3.906250000e-4,5.039062500e-2,
2.576875000e+2,-8.025000000e-2,-2.031250000e-2,7.015625000e-2,
2.561875000e+2,-8.390625000e-2,2.500000000e-3,2.960937500e-2,
2.576718750e+2,-8.009375000e-2,1.898437500e-2,6.234375000e-2,
2.585468750e+2,-8.818750000e-2,-2.078125000e-2,6.835937500e-2,
2.518437500e+2,-8.800000000e-2,4.687500000e-4,2.976562500e-2,
2.615468750e+2,-8.768750000e-2,-3.906250000e-4,6.132812500e-2,
2.584218750e+2,-7.990625000e-2,-2.007812500e-2,5.820312500e-2,
2.560000000e+2,-8.409375000e-2,1.046875000e-2,4.007812500e-2,
2.559062500e+2,-7.962500000e-2,2.000000000e-2,4.984375000e-2,
2.579687500e+2,-6.803125000e-2,-9.531250000e-3,3.000000000e-2,
2.561562500e+2,-7.209375000e-2,-2.000000000e-2,3.000000000e-2,
2.576875000e+2,-7.087500000e-2,-2.039062500e-2,3.000000000e-2,
2.642187500e+2,-9.109375000e-2,-1.023437500e-2,5.000000000e-2,
2.547500000e+2,-8.718750000e-2,-1.195312500e-2,3.000000000e-2,
2.496718750e+2,-9.593750000e-2,7.031250000e-4,5.070312500e-2,
2.508281250e+2,-7.575000000e-2,-2.054687500e-2,5.000000000e-2,
2.584218750e+2,-8.409375000e-2,9.531250000e-3,5.000000000e-2,
2.554531250e+2,-8.009375000e-2,-9.453125000e-3,1.000000000e-2,
2.544375000e+2,-9.209375000e-2,-5.468750000e-4,5.914062500e-2,
2.598125000e+2,-8.400000000e-2,1.000000000e-2,5.070312500e-2,
2.541406250e+2,-7.618750000e-2,9.765625000e-3,3.992187500e-2,
2.642031250e+2,-8.803125000e-2,-1.023437500e-2,5.007812500e-2,
2.595468750e+2,-7.965625000e-2,-1.000000000e-2,3.992187500e-2,
2.559843750e+2,-8.059375000e-2,-1.000000000e-2,7.000000000e-2,
2.583750000e+2,-9.156250000e-2,0.000000000e+0,4.039062500e-2,
2.595781250e+2,-7.109375000e-2,-1.000000000e-2,3.000000000e-2,
2.542656250e+2,-8.184375000e-2,0.000000000e+0,2.968750000e-2,
2.620312500e+2,-9.209375000e-2,1.007812500e-2,5.000000000e-2,
2.534531250e+2,-8.753125000e-2,1.960937500e-2,4.960937500e-2,
2.540781250e+2,-8.409375000e-2,-8.593750000e-4,7.945312500e-2,
2.542187500e+2,-8.365625000e-2,-1.039062500e-2,5.156250000e-2,
2.579687500e+2,-8.043750000e-2,-8.984375000e-3,1.000000000e-2,
2.562031250e+2,-9.203125000e-2,9.531250000e-3,3.890625000e-2,
2.598906250e+2,-7.925000000e-2,-1.039062500e-2,5.015625000e-2,
2.536250000e+2,-7.634375000e-2,-2.343750000e-4,4.023437500e-2,
2.566406250e+2,-7.993750000e-2,-2.054687500e-2,4.984375000e-2,
2.622031250e+2,-8.546875000e-2,-9.296875000e-3,4.078125000e-2,
2.594843750e+2,-9.921875000e-2,1.562500000e-4,7.000000000e-2,
2.557812500e+2,-7.506250000e-2,1.101562500e-2,3.953125000e-2,
2.561562500e+2,-8.503125000e-2,3.000000000e-2,3.984375000e-2,
2.533906250e+2,-8.403125000e-2,9.296875000e-3,3.039062500e-2,
2.485625000e+2,-9.275000000e-2,-1.562500000e-4,2.000000000e-2,
2.622812500e+2,-9.150000000e-2,-1.000000000e-2,2.890625000e-2,
2.577031250e+2,-7.993750000e-2,-1.046875000e-2,3.960937500e-2,
2.580625000e+2,-8.000000000e-2,-4.687500000e-4,4.843750000e-2,
2.537343750e+2,-7.975000000e-2,-7.343750000e-3,6.929687500e-2,
2.500937500e+2,-8.778125000e-2,-1.468750000e-2,6.203125000e-2,
2.515781250e+2,-8.406250000e-2,9.921875000e-3,4.984375000e-2,
2.559531250e+2,-8.393750000e-2,-9.687500000e-3,4.000000000e-2,
2.523750000e+2,-8.403125000e-2,0.000000000e+0,2.007812500e-2,
2.515000000e+2,-8.400000000e-2,-2.007812500e-2,5.007812500e-2,
2.579531250e+2,-8.396875000e-2,-9.218750000e-3,4.039062500e-2,
2.540937500e+2,-8.409375000e-2,9.843750000e-3,4.000000000e-2,
2.577500000e+2,-8.012500000e-2,-3.039062500e-2,5.007812500e-2,
2.561718750e+2,-8.343750000e-2,-1.945312500e-2,4.992187500e-2,
2.542812500e+2,-9.196875000e-2,1.562500000e-4,4.992187500e-2,
2.517812500e+2,-8.803125000e-2,-1.085937500e-2,3.953125000e-2,
2.640312500e+2,-8.418750000e-2,-3.015625000e-2,3.015625000e-2,
2.520781250e+2,-8.003125000e-2,-1.859375000e-2,3.992187500e-2,
2.577500000e+2,-8.396875000e-2,0.000000000e+0,2.976562500e-2,
2.543906250e+2,-8.000000000e-2,-2.132812500e-2,4.062500000e-2,
2.441250000e+2,-8.400000000e-2,-2.914062500e-2,3.890625000e-2,
2.495468750e+2,-8.009375000e-2,-7.421875000e-3,3.187500000e-2,
2.579687500e+2,-8.796875000e-2,-1.093750000e-3,6.960937500e-2,
2.559531250e+2,-7.187500000e-2,-8.437500000e-3,2.929687500e-2,
2.600156250e+2,-7.237500000e-2,8.515625000e-3,5.148437500e-2,
2.540937500e+2,-7.990625000e-2,-2.015625000e-2,3.734375000e-2,
2.559843750e+2,-7.637500000e-2,0.000000000e+0,2.031250000e-2,
2.499531250e+2,-9.293750000e-2,-2.031250000e-2,4.125000000e-2,
2.579218750e+2,-8.681250000e-2,8.593750000e-4,3.890625000e-2,
2.521718750e+2,-6.796875000e-2,-2.343750000e-4,3.000000000e-2,
2.555625000e+2,-8.028125000e-2,-1.187500000e-2,4.046875000e-2,
2.582812500e+2,-7.596875000e-2,-3.968750000e-2,6.015625000e-2,
2.539687500e+2,-8.000000000e-2,2.109375000e-3,7.000000000e-2,
2.579218750e+2,-7.600000000e-2,9.140625000e-3,5.000000000e-2,
2.560468750e+2,-9.575000000e-2,-1.992187500e-2,6.000000000e-2,
2.612812500e+2,-8.853125000e-2,-1.195312500e-2,4.000000000e-2,
2.666562500e+2,-8.425000000e-2,1.093750000e-2,4.000000000e-2,
2.541718750e+2,-7.681250000e-2,-1.632812500e-2,4.968750000e-2,
2.622187500e+2,-7.231250000e-2,-8.671875000e-3,7.125000000e-2,
2.574218750e+2,-7.175000000e-2,1.148437500e-2,3.015625000e-2,
2.522187500e+2,-7.934375000e-2,-3.000000000e-2,5.898437500e-2,
2.621093750e+2,-8.428125000e-2,1.039062500e-2,5.984375000e-2,
2.558906250e+2,-7.640625000e-2,9.921875000e-3,7.000000000e-2,
2.602187500e+2,-7.881250000e-2,-1.007812500e-2,5.046875000e-2,
2.597812500e+2,-9.218750000e-2,3.015625000e-2,5.960937500e-2,
2.561093750e+2,-7.603125000e-2,1.085937500e-2,6.015625000e-2,
2.599375000e+2,-8.775000000e-2,7.812500000e-5,5.015625000e-2,
2.538906250e+2,-7.631250000e-2,-1.000000000e-2,4.992187500e-2,
2.581250000e+2,-7.593750000e-2,-1.007812500e-2,6.992187500e-2,
2.579375000e+2,-7.981250000e-2,-2.343750000e-4,7.039062500e-2,
2.580625000e+2,-8.015625000e-2,-3.000000000e-2,5.046875000e-2,
2.600000000e+2,-6.387500000e-2,0.000000000e+0,4.000000000e-2,
2.560000000e+2,-8.378125000e-2,-2.015625000e-2,4.921875000e-2,
2.560468750e+2,-7.609375000e-2,2.031250000e-2,7.000000000e-2,
2.500781250e+2,-8.000000000e-2,-1.093750000e-2,5.015625000e-2,
2.620937500e+2,-7.603125000e-2,-9.687500000e-3,5.007812500e-2,
2.597187500e+2,-7.996875000e-2,-1.031250000e-2,3.000000000e-2,
2.520156250e+2,-7.196875000e-2,-1.000000000e-2,5.953125000e-2,
2.580468750e+2,-8.037500000e-2,1.000000000e-2,5.984375000e-2,
2.600156250e+2,-8.796875000e-2,-1.000000000e-2,7.007812500e-2,
2.619843750e+2,-7.981250000e-2,1.000000000e-2,5.000000000e-2,
2.599843750e+2,-7.603125000e-2,-2.007812500e-2,6.031250000e-2,
2.600781250e+2,-8.000000000e-2,-1.007812500e-2,3.031250000e-2,
2.560000000e+2,-8.003125000e-2,-1.000000000e-2,4.921875000e-2,
2.580781250e+2,-8.003125000e-2,0.000000000e+0,5.992187500e-2,
2.520000000e+2,-7.993750000e-2,-1.015625000e-2,5.968750000e-2,
2.559687500e+2,-8.393750000e-2,-1.039062500e-2,3.015625000e-2,
2.580000000e+2,-8.387500000e-2,9.609375000e-3,2.984375000e-2,
2.620468750e+2,-8.456250000e-2,5.468750000e-4,4.960937500e-2,
2.580312500e+2,-6.859375000e-2,-6.406250000e-3,5.945312500e-2,
2.539375000e+2,-7.712500000e-2,-4.054687500e-2,7.039062500e-2,
2.620000000e+2,-9.040625000e-2,-5.625000000e-3,5.039062500e-2,
2.540000000e+2,-7.209375000e-2,-6.640625000e-3,6.000000000e-2,
2.579843750e+2,-8.790625000e-2,-3.085937500e-2,4.093750000e-2,
2.540000000e+2,-8.443750000e-2,-9.687500000e-3,3.945312500e-2,
2.581093750e+2,-8.000000000e-2,-3.914062500e-2,4.984375000e-2,
2.461250000e+2,-7.996875000e-2,-2.195312500e-2,5.039062500e-2,
2.516562500e+2,-8.021875000e-2,-1.078125000e-2,3.023437500e-2,
2.619843750e+2,-7.206250000e-2,-8.671875000e-3,2.992187500e-2,
2.580625000e+2,-8.400000000e-2,-4.242187500e-2,3.953125000e-2,
2.618750000e+2,-7.603125000e-2,1.921875000e-2,5.992187500e-2,
2.584843750e+2,-8.015625000e-2,-1.921875000e-2,6.976562500e-2,
2.557343750e+2,-8.000000000e-2,-7.812500000e-4,7.000000000e-2,
2.619843750e+2,-7.187500000e-2,0.000000000e+0,6.023437500e-2,
2.542031250e+2,-6.812500000e-2,-9.921875000e-3,5.976562500e-2,
2.519062500e+2,-8.012500000e-2,-1.562500000e-4,7.984375000e-2,
2.558593750e+2,-8.378125000e-2,-2.046875000e-2,5.953125000e-2,
2.639843750e+2,-7.206250000e-2,-1.992187500e-2,1.992187500e-2,
2.600625000e+2,-9.631250000e-2,-1.015625000e-2,5.062500000e-2,
2.539843750e+2,-8.706250000e-2,9.921875000e-3,6.000000000e-2,
2.540156250e+2,-7.193750000e-2,-7.812500000e-5,5.000000000e-2,
2.579843750e+2,-7.625000000e-2,-1.000000000e-2,5.000000000e-2,
2.579375000e+2,-7.609375000e-2,1.015625000e-2,4.015625000e-2,
2.619375000e+2,-8.456250000e-2,-7.812500000e-5,3.976562500e-2,
2.583593750e+2,-8.759375000e-2,0.000000000e+0,6.039062500e-2,
2.538125000e+2,-7.631250000e-2,-1.023437500e-2,8.007812500e-2,
2.600312500e+2,-9.212500000e-2,-2.031250000e-2,6.007812500e-2,
2.521093750e+2,-8.406250000e-2,-2.000000000e-2,5.984375000e-2,
2.558125000e+2,-9.603125000e-2,0.000000000e+0,6.070312500e-2,
2.600468750e+2,-7.925000000e-2,-1.960937500e-2,3.976562500e-2,
2.561562500e+2,-8.015625000e-2,-1.039062500e-2,7.890625000e-2,
2.538750000e+2,-8.428125000e-2,-1.218750000e-2,6.226562500e-2,
2.615781250e+2,-6.806250000e-2,1.945312500e-2,3.148437500e-2,
2.646250000e+2,-8.271875000e-2,-6.328125000e-3,2.781250000e-2,
2.519843750e+2,-8.206250000e-2,-2.812500000e-3,5.804687500e-2,
2.658906250e+2,-6.787500000e-2,0.000000000e+0,6.000000000e-2,
2.620312500e+2,-8.359375000e-2,7.812500000e-5,5.921875000e-2,
2.560000000e+2,-7.621875000e-2,-1.000000000e-2,3.000000000e-2,
2.620000000e+2,-7.593750000e-2,-2.000000000e-2,6.039062500e-2,
2.560625000e+2,-9.553125000e-2,-1.023437500e-2,4.992187500e-2,
2.559843750e+2,-9.618750000e-2,-7.812500000e-5,5.000000000e-2,
2.559375000e+2,-8.809375000e-2,-1.968750000e-2,5.007812500e-2,
2.600312500e+2,-8.809375000e-2,-1.945312500e-2,6.015625000e-2,
2.479687500e+2,-8.409375000e-2,9.843750000e-3,5.992187500e-2,
2.621250000e+2,-8.403125000e-2,-9.609375000e-3,5.000000000e-2,
2.578906250e+2,-8.012500000e-2,2.054687500e-2,5.984375000e-2,
2.580625000e+2,-7.993750000e-2,-1.093750000e-3,3.976562500e-2,
2.579843750e+2,-7.618750000e-2,-7.812500000e-4,6.226562500e-2,
2.556250000e+2,-6.800000000e-2,-2.054687500e-2,7.835937500e-2,
2.499218750e+2,-8.828125000e-2,-9.218750000e-3,2.937500000e-2,
2.522500000e+2,-8.762500000e-2,-1.085937500e-2,6.210937500e-2,
2.539843750e+2,-8.390625000e-2,-8.359375000e-3,4.765625000e-2,
2.563437500e+2,-8.000000000e-2,9.218750000e-3,2.937500000e-2,
2.618906250e+2,-8.440625000e-2,-2.234375000e-2,4.156250000e-2,
2.559375000e+2,-8.787500000e-2,-1.781250000e-2,7.000000000e-2,
2.600781250e+2,-7.946875000e-2,1.953125000e-3,4.914062500e-2,
2.559375000e+2,-7.196875000e-2,1.000000000e-2,5.007812500e-2,
2.539843750e+2,-8.000000000e-2,-1.796875000e-3,3.937500000e-2,
2.518906250e+2,-9.196875000e-2,-2.031250000e-2,2.968750000e-2,
2.543281250e+2,-7.987500000e-2,-2.078125000e-2,3.023437500e-2,
2.659687500e+2,-8.040625000e-2,-4.054687500e-2,4.000000000e-2,
2.514531250e+2,-9.190625000e-2,-2.953125000e-2,3.023437500e-2,
2.543906250e+2,-7.603125000e-2,-1.000000000e-2,3.000000000e-2,
2.599218750e+2,-8.781250000e-2,-1.992187500e-2,4.000000000e-2,
2.517343750e+2,-9.625000000e-2,8.906250000e-3,3.968750000e-2,
2.499687500e+2,-8.096875000e-2,1.203125000e-2,6.039062500e-2,
2.600937500e+2,-7.856250000e-2,-2.070312500e-2,2.046875000e-2,
2.580000000e+2,-8.865625000e-2,1.250000000e-3,4.781250000e-2,
2.581093750e+2,-7.653125000e-2,-2.000000000e-2,6.000000000e-2,
2.599687500e+2,-8.353125000e-2,1.007812500e-2,5.929687500e-2,
2.558906250e+2,-9.215625000e-2,-3.156250000e-2,3.007812500e-2,
2.581093750e+2,-7.993750000e-2,-1.960937500e-2,6.054687500e-2,
2.640312500e+2,-7.196875000e-2,1.015625000e-2,3.960937500e-2,
2.539218750e+2,-7.596875000e-2,-2.000000000e-2,2.992187500e-2,
2.557812500e+2,-7.606250000e-2,9.921875000e-3,3.000000000e-2,
2.598593750e+2,-8.800000000e-2,-3.125000000e-2,5.039062500e-2,
2.601406250e+2,-8.000000000e-2,-2.914062500e-2,7.000000000e-2,
2.541875000e+2,-8.800000000e-2,-9.453125000e-3,3.921875000e-2,
2.538437500e+2,-7.615625000e-2,-4.687500000e-4,4.023437500e-2,
2.541562500e+2,-8.409375000e-2,-1.000000000e-2,5.031250000e-2,
2.498906250e+2,-7.971875000e-2,0.000000000e+0,4.953125000e-2,
2.579375000e+2,-8.037500000e-2,-1.007812500e-2,2.968750000e-2,
2.540312500e+2,-8.340625000e-2,-1.007812500e-2,4.039062500e-2,
2.559843750e+2,-7.634375000e-2,-2.007812500e-2,5.007812500e-2,
2.520937500e+2,-9.243750000e-2,-9.765625000e-3,4.992187500e-2,
2.556562500e+2,-7.915625000e-2,7.812500000e-4,3.976562500e-2,
2.600781250e+2,-7.609375000e-2,9.453125000e-3,3.000000000e-2,
2.562343750e+2,-8.006250000e-2,-2.031250000e-2,3.992187500e-2,
2.560156250e+2,-7.987500000e-2,6.250000000e-4,5.000000000e-2,
2.540156250e+2,-7.168750000e-2,-1.015625000e-2,5.039062500e-2,
2.559531250e+2,-7.240625000e-2,7.812500000e-5,5.992187500e-2,
2.558125000e+2,-8.406250000e-2,-1.007812500e-2,4.976562500e-2,
2.601250000e+2,-7.528125000e-2,-1.031250000e-2,6.078125000e-2,
2.541093750e+2,-7.231250000e-2,-3.023437500e-2,5.765625000e-2,
2.579218750e+2,-8.400000000e-2,1.046875000e-2,2.000000000e-2,
2.541093750e+2,-7.600000000e-2,1.000000000e-2,5.062500000e-2,
2.560156250e+2,-8.406250000e-2,-9.531250000e-3,4.000000000e-2,
2.521250000e+2,-6.856250000e-2,-3.031250000e-2,4.000000000e-2,
2.538906250e+2,-7.778125000e-2,-1.054687500e-2,4.000000000e-2,
2.540937500e+2,-9.609375000e-2,-1.921875000e-2,6.992187500e-2,
2.542812500e+2,-8.268750000e-2,-1.187500000e-2,5.984375000e-2,
2.557812500e+2,-7.606250000e-2,-9.609375000e-3,6.914062500e-2,
2.544687500e+2,-7.996875000e-2,-1.882812500e-2,3.007812500e-2,
2.574843750e+2,-7.600000000e-2,-3.015625000e-2,4.000000000e-2,
2.475312500e+2,-8.418750000e-2,-1.984375000e-2,7.812500000e-5,
2.526250000e+2,-8.790625000e-2,-3.039062500e-2,6.898437500e-2,
2.557968750e+2,-8.000000000e-2,0.000000000e+0,5.078125000e-2,
2.520625000e+2,-9.203125000e-2,-3.062500000e-2,4.984375000e-2,
2.581562500e+2,-7.593750000e-2,-3.953125000e-2,5.015625000e-2,
2.556250000e+2,-7.612500000e-2,1.562500000e-4,3.992187500e-2,
2.542031250e+2,-8.456250000e-2,9.843750000e-3,6.000000000e-2,
2.599531250e+2,-9.543750000e-2,-3.000000000e-2,3.015625000e-2,
2.514218750e+2,-7.062500000e-2,-1.562500000e-4,4.007812500e-2,
2.480468750e+2,-7.312500000e-2,0.000000000e+0,2.000000000e-2,
2.502343750e+2,-8.015625000e-2,0.000000000e+0,3.984375000e-2,
2.544531250e+2,-8.006250000e-2,-2.343750000e-4,4.015625000e-2,
2.603906250e+2,-8.440625000e-2,3.906250000e-4,3.953125000e-2,
2.570781250e+2,-9.234375000e-2,9.687500000e-3,5.968750000e-2,
2.437812500e+2,-9.175000000e-2,-1.117187500e-2,5.992187500e-2,
2.529375000e+2,-8.356250000e-2,-2.000000000e-2,6.085937500e-2,
2.535625000e+2,-8.062500000e-2,-8.828125000e-3,2.992187500e-2,
2.499687500e+2,-9.203125000e-2,1.117187500e-2,6.046875000e-2,
2.521093750e+2,-7.912500000e-2,8.828125000e-3,4.960937500e-2,
2.520312500e+2,-8.134375000e-2,-2.046875000e-2,5.015625000e-2,
2.516718750e+2,-9.128125000e-2,-2.031250000e-2,3.976562500e-2,
2.504218750e+2,-7.593750000e-2,-2.953125000e-2,4.046875000e-2,
2.560000000e+2,-8.862500000e-2,-9.921875000e-3,7.968750000e-2,
2.519687500e+2,-7.943750000e-2,-3.046875000e-2,8.062500000e-2,
2.562343750e+2,-8.471875000e-2,-1.937500000e-2,5.031250000e-2,
2.560312500e+2,-8.343750000e-2,-7.812500000e-5,5.937500000e-2,
2.579843750e+2,-7.200000000e-2,-7.812500000e-5,5.953125000e-2,
2.559531250e+2,-7.996875000e-2,7.031250000e-4,6.179687500e-2,
2.559218750e+2,-8.365625000e-2,-1.007812500e-2,3.007812500e-2,
2.521406250e+2,-9.228125000e-2,-6.718750000e-3,5.773437500e-2,
2.520312500e+2,-8.015625000e-2,-2.960937500e-2,4.960937500e-2,
2.517812500e+2,-7.603125000e-2,-2.031250000e-2,4.000000000e-2,
2.577187500e+2,-7.584375000e-2,-2.007812500e-2,4.023437500e-2,
2.564218750e+2,-8.018750000e-2,1.007812500e-2,5.992187500e-2,
2.521875000e+2,-6.806250000e-2,1.000000000e-2,3.054687500e-2,
2.534843750e+2,-8.328125000e-2,9.843750000e-3,4.015625000e-2,
2.580312500e+2,-9.221875000e-2,-9.921875000e-3,7.023437500e-2,
2.541718750e+2,-8.056250000e-2,1.000000000e-2,4.921875000e-2,
2.540781250e+2,-7.609375000e-2,-1.031250000e-2,2.007812500e-2,
2.519687500e+2,-7.200000000e-2,-2.343750000e-4,5.062500000e-2,
2.578750000e+2,-7.950000000e-2,-2.000000000e-2,4.945312500e-2,
2.560781250e+2,-8.793750000e-2,-1.148437500e-2,3.960937500e-2,
2.501562500e+2,-7.596875000e-2,-4.929687500e-2,3.007812500e-2,
2.497343750e+2,-8.406250000e-2,8.593750000e-4,4.039062500e-2,
2.580312500e+2,-8.403125000e-2,-2.039062500e-2,3.937500000e-2,
2.520468750e+2,-8.800000000e-2,8.593750000e-4,3.015625000e-2,
2.578281250e+2,-8.400000000e-2,-2.140625000e-2,4.039062500e-2,
2.523437500e+2,-8.803125000e-2,-6.796875000e-3,4.023437500e-2,
2.478593750e+2,-7.978125000e-2,8.125000000e-3,5.023437500e-2,
2.577187500e+2,-7.565625000e-2,-2.078125000e-2,3.828125000e-2,
2.559687500e+2,-7.259375000e-2,1.640625000e-3,3.093750000e-2,
2.499062500e+2,-8.828125000e-2,-1.328125000e-3,5.031250000e-2,
2.578281250e+2,-7.965625000e-2,-8.984375000e-3,3.945312500e-2,
2.600781250e+2,-7.978125000e-2,8.906250000e-3,5.062500000e-2,
2.580312500e+2,-7.193750000e-2,-3.109375000e-2,4.929687500e-2,
2.563125000e+2,-7.600000000e-2,-1.984375000e-2,3.000000000e-2,
2.502812500e+2,-7.200000000e-2,-2.984375000e-2,5.984375000e-2,
2.498125000e+2,-7.600000000e-2,1.484375000e-3,6.023437500e-2,
2.558125000e+2,-6.809375000e-2,1.007812500e-2,4.007812500e-2,
2.559843750e+2,-7.553125000e-2,-1.992187500e-2,5.000000000e-2,
2.578750000e+2,-8.012500000e-2,7.421875000e-3,6.000000000e-2,
2.563437500e+2,-7.650000000e-2,5.234375000e-3,4.007812500e-2,
2.518906250e+2,-6.962500000e-2,-1.890625000e-2,4.937500000e-2,
2.500625000e+2,-6.325000000e-2,-1.101562500e-2,5.000000000e-2,
2.541406250e+2,-8.646875000e-2,-7.812500000e-5,5.023437500e-2,
2.558593750e+2,-9.290625000e-2,7.812500000e-5,3.992187500e-2,
2.519687500e+2,-7.681250000e-2,9.921875000e-3,4.992187500e-2,
2.541250000e+2,-7.150000000e-2,-9.843750000e-3,4.945312500e-2,
2.538593750e+2,-7.993750000e-2,-3.007812500e-2,6.976562500e-2,
2.521875000e+2,-7.606250000e-2,-1.171875000e-2,6.023437500e-2,
2.580625000e+2,-7.568750000e-2,3.023437500e-2,5.031250000e-2,
2.559375000e+2,-7.634375000e-2,-3.000000000e-2,2.992187500e-2,
2.580625000e+2,-6.390625000e-2,-3.007812500e-2,5.992187500e-2,
2.558437500e+2,-8.771875000e-2,-9.843750000e-3,5.031250000e-2,
2.499843750e+2,-7.612500000e-2,1.000000000e-2,5.000000000e-2,
2.540000000e+2,-8.368750000e-2,-3.125000000e-4,4.007812500e-2,
2.540000000e+2,-8.415625000e-2,-2.992187500e-2,3.992187500e-2,
2.559843750e+2,-8.003125000e-2,-9.375000000e-3,4.000000000e-2,
2.538906250e+2,-8.000000000e-2,-2.343750000e-4,4.968750000e-2,
2.500312500e+2,-7.593750000e-2,-1.015625000e-2,7.000000000e-2,
2.581250000e+2,-7.206250000e-2,5.468750000e-4,5.000000000e-2,
2.559218750e+2,-8.006250000e-2,1.000000000e-2,3.976562500e-2,
2.580468750e+2,-7.584375000e-2,-2.000000000e-2,5.007812500e-2,
2.620000000e+2,-7.615625000e-2,-9.453125000e-3,4.000000000e-2,
2.579375000e+2,-7.990625000e-2,1.000000000e-2,5.000000000e-2,
2.539687500e+2,-7.193750000e-2,-1.007812500e-2,4.929687500e-2,
2.560312500e+2,-7.600000000e-2,-1.007812500e-2,8.015625000e-2,
2.520000000e+2,-7.609375000e-2,0.000000000e+0,4.078125000e-2,
2.538437500e+2,-7.578125000e-2,-1.000000000e-2,5.000000000e-2,
2.560000000e+2,-8.381250000e-2,-1.000000000e-2,3.968750000e-2,
2.500000000e+2,-8.406250000e-2,-3.906250000e-4,2.984375000e-2,
2.540000000e+2,-8.353125000e-2,1.945312500e-2,5.992187500e-2,
2.580000000e+2,-9.265625000e-2,1.164062500e-2,5.031250000e-2,
2.560156250e+2,-6.875000000e-2,-8.125000000e-3,5.914062500e-2,
2.539843750e+2,-7.853125000e-2,-1.234375000e-2,7.023437500e-2,
2.560000000e+2,-7.700000000e-2,7.812500000e-3,4.398437500e-2,
2.540000000e+2,-7.987500000e-2,2.656250000e-3,1.992187500e-2,
2.539843750e+2,-8.406250000e-2,-2.046875000e-2,4.976562500e-2,
2.540000000e+2,-6.834375000e-2,7.500000000e-3,3.062500000e-2,
2.520625000e+2,-7.193750000e-2,1.101562500e-2,4.960937500e-2,
2.481250000e+2,-7.587500000e-2,-9.453125000e-3,6.039062500e-2,
2.438906250e+2,-8.021875000e-2,-1.484375000e-3,3.062500000e-2,
2.537968750e+2,-6.803125000e-2,1.031250000e-2,1.960937500e-2,
2.541406250e+2,-8.396875000e-2,-6.250000000e-4,5.945312500e-2,
2.539218750e+2,-8.000000000e-2,1.054687500e-2,5.992187500e-2,
2.542500000e+2,-8.425000000e-2,-2.945312500e-2,7.984375000e-2,
2.499687500e+2,-9.200000000e-2,-2.046875000e-2,5.093750000e-2,
2.521250000e+2,-8.787500000e-2,-1.000000000e-2,2.968750000e-2,
2.440937500e+2,-7.987500000e-2,7.812500000e-5,4.992187500e-2,
2.478125000e+2,-8.012500000e-2,-7.812500000e-4,4.976562500e-2,
2.480156250e+2,-9.196875000e-2,-1.945312500e-2,6.984375000e-2,
2.499687500e+2,-7.996875000e-2,2.015625000e-2,3.992187500e-2,
2.559843750e+2,-8.815625000e-2,-9.765625000e-3,6.023437500e-2,
2.539687500e+2,-8.337500000e-2,-1.000000000e-2,5.007812500e-2,
2.540156250e+2,-6.775000000e-2,-1.000000000e-2,3.976562500e-2,
2.580000000e+2,-6.821875000e-2,-7.812500000e-5,5.007812500e-2,
2.542187500e+2,-7.246875000e-2,-2.062500000e-2,3.992187500e-2,
2.480312500e+2,-7.984375000e-2,-1.976562500e-2,5.968750000e-2,
2.517500000e+2,-7.628125000e-2,1.000000000e-2,6.000000000e-2,
2.541250000e+2,-9.250000000e-2,-1.023437500e-2,6.007812500e-2,
2.481406250e+2,-8.759375000e-2,5.468750000e-4,4.007812500e-2,
2.439531250e+2,-8.412500000e-2,0.000000000e+0,2.960937500e-2,
2.497500000e+2,-8.793750000e-2,-1.000000000e-2,6.023437500e-2,
2.580156250e+2,-7.968750000e-2,-3.906250000e-4,3.007812500e-2,
2.539843750e+2,-8.006250000e-2,2.343750000e-4,5.007812500e-2,
2.598281250e+2,-8.390625000e-2,6.953125000e-3,2.023437500e-2,
2.600468750e+2,-8.815625000e-2,3.093750000e-2,4.843750000e-2,
2.582812500e+2,-7.250000000e-2,-3.984375000e-3,4.031250000e-2,
2.500625000e+2,-7.593750000e-2,-1.351562500e-2,5.781250000e-2,
2.498593750e+2,-7.568750000e-2,-1.562500000e-4,5.992187500e-2,
2.600156250e+2,-9.203125000e-2,-9.531250000e-3,4.890625000e-2,
2.440468750e+2,-7.228125000e-2,-2.000000000e-2,2.007812500e-2,
2.479843750e+2,-7.193750000e-2,-9.921875000e-3,6.046875000e-2,
2.459687500e+2,-8.787500000e-2,1.000000000e-2,5.000000000e-2,
2.539062500e+2,-8.015625000e-2,-1.015625000e-2,6.000000000e-2,
2.539843750e+2,-8.343750000e-2,-1.000000000e-2,5.953125000e-2,
2.560312500e+2,-9.237500000e-2,-9.296875000e-3,5.015625000e-2,
2.461250000e+2,-7.990625000e-2,1.906250000e-2,5.992187500e-2,
2.480625000e+2,-9.590625000e-2,-2.976562500e-2,3.000000000e-2,
2.521093750e+2,-8.446875000e-2,2.132812500e-2,5.023437500e-2,
2.559062500e+2,-8.421875000e-2,-1.195312500e-2,5.000000000e-2,
2.499531250e+2,-7.593750000e-2,1.640625000e-3,4.984375000e-2,
2.542812500e+2,-9.200000000e-2,-1.250000000e-3,3.945312500e-2,
2.517343750e+2,-8.790625000e-2,-2.117187500e-2,2.945312500e-2,
2.481093750e+2,-8.790625000e-2,-1.851562500e-2,3.148437500e-2,
2.542656250e+2,-8.409375000e-2,7.812500000e-5,4.945312500e-2,
2.516093750e+2,-8.765625000e-2,-1.015625000e-2,2.976562500e-2,
2.459531250e+2,-8.040625000e-2,7.031250000e-4,6.203125000e-2,
2.503437500e+2,-9.643750000e-2,-7.812500000e-5,7.921875000e-2,
2.539375000e+2,-8.303125000e-2,-9.375000000e-4,4.906250000e-2,
2.520312500e+2,-7.621875000e-2,-1.000000000e-2,5.000000000e-2,
2.580625000e+2,-8.800000000e-2,7.812500000e-4,3.984375000e-2,
2.538750000e+2,-7.575000000e-2,-6.250000000e-4,5.031250000e-2,
2.562187500e+2,-7.203125000e-2,-1.039062500e-2,4.976562500e-2,
2.599375000e+2,-7.600000000e-2,-9.921875000e-3,3.992187500e-2,
2.497656250e+2,-8.018750000e-2,-1.007812500e-2,3.984375000e-2,
2.564375000e+2,-8.803125000e-2,-1.000000000e-2,5.000000000e-2,
2.617968750e+2,-7.206250000e-2,-9.921875000e-3,5.023437500e-2,
2.517500000e+2,-8.365625000e-2,9.609375000e-3,1.984375000e-2,
2.500000000e+2,-8.371875000e-2,9.843750000e-3,5.023437500e-2,
2.499531250e+2,-9.243750000e-2,1.921875000e-2,1.023437500e-2,
2.460000000e+2,-7.740625000e-2,6.640625000e-3,4.812500000e-2,
2.480625000e+2,-7.618750000e-2,-2.000000000e-2,4.000000000e-2,
2.479687500e+2,-7.178125000e-2,2.031250000e-2,5.085937500e-2,
2.480468750e+2,-9.143750000e-2,-8.593750000e-4,5.906250000e-2,
2.520781250e+2,-8.796875000e-2,0.000000000e+0,9.218750000e-3,
2.540625000e+2,-7.996875000e-2,-1.000000000e-2,3.039062500e-2,
2.459843750e+2,-8.803125000e-2,1.562500000e-4,3.992187500e-2,
2.517968750e+2,-8.003125000e-2,7.812500000e-5,5.015625000e-2,
2.520625000e+2,-9.206250000e-2,-1.070312500e-2,8.015625000e-2,
2.520468750e+2,-8.000000000e-2,-1.898437500e-2,7.007812500e-2,
2.499375000e+2,-9.200000000e-2,2.039062500e-2,5.007812500e-2,
2.520781250e+2,-7.628125000e-2,-2.109375000e-3,7.015625000e-2,
2.480000000e+2,-8.406250000e-2,-9.921875000e-3,5.921875000e-2,
2.519531250e+2,-7.115625000e-2,-1.070312500e-2,3.914062500e-2,
2.500000000e+2,-6.440625000e-2,-2.992187500e-2,2.054687500e-2,
2.539843750e+2,-8.109375000e-2,7.812500000e-5,5.023437500e-2,
2.520312500e+2,-8.375000000e-2,-2.007812500e-2,2.968750000e-2,
2.539218750e+2,-8.031250000e-2,-1.015625000e-2,3.000000000e-2,
2.504375000e+2,-8.362500000e-2,-3.000000000e-2,4.023437500e-2,
2.438593750e+2,-7.200000000e-2,6.250000000e-4,6.000000000e-2,
2.531250000e+2,-8.009375000e-2,-2.187500000e-3,5.992187500e-2,
2.545468750e+2,-7.596875000e-2,-2.929687500e-2,5.992187500e-2,
2.443593750e+2,-8.434375000e-2,7.812500000e-5,4.914062500e-2,
2.456093750e+2,-8.381250000e-2,-3.125000000e-2,4.046875000e-2,
2.498125000e+2,-7.587500000e-2,-1.953125000e-2,4.906250000e-2,
2.521406250e+2,-7.225000000e-2,1.562500000e-4,2.031250000e-2,
2.497968750e+2,-8.012500000e-2,3.125000000e-4,5.007812500e-2,
2.541406250e+2,-7.996875000e-2,-2.007812500e-2,3.054687500e-2,
2.443125000e+2,-7.996875000e-2,-1.000000000e-2,7.007812500e-2,
2.475156250e+2,-7.603125000e-2,-1.992187500e-2,3.000000000e-2,
2.537343750e+2,-7.587500000e-2,-1.250000000e-3,4.000000000e-2,
2.560000000e+2,-7.968750000e-2,1.875000000e-3,4.000000000e-2,
2.542187500e+2,-8.034375000e-2,-3.015625000e-2,3.992187500e-2,
2.518906250e+2,-7.396875000e-2,-2.890625000e-3,4.960937500e-2,
2.519687500e+2,-6.815625000e-2,-8.828125000e-3,5.921875000e-2,
2.494218750e+2,-8.418750000e-2,-1.062500000e-2,3.992187500e-2,
2.484375000e+2,-7.578125000e-2,-9.843750000e-3,8.000000000e-2,
2.516875000e+2,-7.606250000e-2,-1.054687500e-2,4.992187500e-2,
2.460937500e+2,-7.590625000e-2,9.921875000e-3,6.984375000e-2,
2.520312500e+2,-6.800000000e-2,-1.000000000e-2,4.078125000e-2,
2.480312500e+2,-8.046875000e-2,-1.992187500e-2,3.960937500e-2,
2.541250000e+2,-9.200000000e-2,-9.765625000e-3,5.015625000e-2,
2.518281250e+2,-7.984375000e-2,-1.007812500e-2,2.007812500e-2,
2.520468750e+2,-8.415625000e-2,-1.992187500e-2,3.000000000e-2,
2.518750000e+2,-7.968750000e-2,1.000000000e-2,2.992187500e-2,
2.498906250e+2,-7.556250000e-2,-2.000000000e-2,3.992187500e-2,
2.501250000e+2,-7.734375000e-2,0.000000000e+0,3.968750000e-2,
2.496250000e+2,-9.209375000e-2,9.687500000e-3,6.007812500e-2,
2.461875000e+2,-7.912500000e-2,-1.968750000e-2,4.007812500e-2,
2.522031250e+2,-8.046875000e-2,1.007812500e-2,5.937500000e-2,
2.498593750e+2,-8.371875000e-2,-2.125000000e-2,6.015625000e-2,
2.500156250e+2,-7.587500000e-2,-8.984375000e-3,5.046875000e-2,
2.526718750e+2,-8.450000000e-2,4.687500000e-4,2.039062500e-2,
2.577656250e+2,-8.765625000e-2,-1.484375000e-3,2.976562500e-2,
2.495312500e+2,-7.500000000e-2,-1.960937500e-2,2.984375000e-2,
2.502031250e+2,-6.815625000e-2,2.343750000e-4,3.007812500e-2,
2.497968750e+2,-7.662500000e-2,-2.093750000e-2,4.117187500e-2,
2.478593750e+2,-8.009375000e-2,-1.906250000e-2,6.007812500e-2,
2.480781250e+2,-8.478125000e-2,-7.812500000e-5,4.968750000e-2,
2.478906250e+2,-9.193750000e-2,-1.000000000e-2,3.992187500e-2,
2.458437500e+2,-8.331250000e-2,-1.562500000e-4,4.046875000e-2,
2.487656250e+2,-8.006250000e-2,-2.023437500e-2,1.976562500e-2,
2.557187500e+2,-7.987500000e-2,-1.992187500e-2,4.882812500e-2,
2.459062500e+2,-8.015625000e-2,-3.101562500e-2,3.242187500e-2,
2.543750000e+2,-8.803125000e-2,7.421875000e-3,2.726562500e-2,
2.496093750e+2,-7.625000000e-2,1.031250000e-2,6.882812500e-2,
2.459687500e+2,-8.312500000e-2,6.406250000e-3,5.226562500e-2,
2.477968750e+2,-8.409375000e-2,-3.828125000e-2,5.000000000e-2,
2.498906250e+2,-7.996875000e-2,-4.101562500e-2,5.000000000e-2,
2.502031250e+2,-8.393750000e-2,-1.007812500e-2,6.007812500e-2,
2.477343750e+2,-8.015625000e-2,-2.007812500e-2,5.992187500e-2,
2.522343750e+2,-7.587500000e-2,-2.015625000e-2,5.023437500e-2,
2.428437500e+2,-8.371875000e-2,-2.992187500e-2,5.007812500e-2,
2.433281250e+2,-8.440625000e-2,2.343750000e-4,7.031250000e-2,
2.499531250e+2,-7.590625000e-2,-7.812500000e-5,5.937500000e-2,
2.479843750e+2,-8.018750000e-2,1.562500000e-4,2.984375000e-2,
2.519062500e+2,-6.406250000e-2,-1.093750000e-2,4.000000000e-2,
2.500937500e+2,-6.734375000e-2,-4.023437500e-2,2.984375000e-2,
2.480156250e+2,-7.993750000e-2,-2.890625000e-2,5.078125000e-2,
2.479375000e+2,-6.793750000e-2,-8.750000000e-3,5.906250000e-2,
2.517656250e+2,-8.012500000e-2,-9.375000000e-4,2.882812500e-2,
2.543593750e+2,-8.390625000e-2,-1.953125000e-2,2.000000000e-2,
2.440781250e+2,-8.009375000e-2,2.343750000e-4,3.140625000e-2,
2.516875000e+2,-9.203125000e-2,-2.132812500e-2,4.953125000e-2,
2.520937500e+2,-8.393750000e-2,-2.000000000e-2,4.054687500e-2,
2.519687500e+2,-7.568750000e-2,-1.851562500e-2,5.937500000e-2,
2.520000000e+2,-6.815625000e-2,2.343750000e-4,4.125000000e-2,
2.519843750e+2,-8.078125000e-2,-1.031250000e-2,8.054687500e-2,
2.500781250e+2,-8.340625000e-2,-1.085937500e-2,4.773437500e-2,
2.480156250e+2,-7.625000000e-2,-1.875000000e-2,3.937500000e-2,
2.497656250e+2,-8.837500000e-2,9.218750000e-3,3.046875000e-2,
2.560781250e+2,-7.950000000e-2,-3.085937500e-2,6.062500000e-2,
2.501718750e+2,-7.625000000e-2,-9.453125000e-3,5.984375000e-2,
2.538437500e+2,-8.400000000e-2,-1.976562500e-2,5.007812500e-2,
2.520468750e+2,-7.600000000e-2,-1.562500000e-4,3.992187500e-2,
2.521875000e+2,-8.768750000e-2,-2.007812500e-2,4.007812500e-2,
2.461562500e+2,-8.465625000e-2,1.843750000e-2,3.000000000e-2,
2.495625000e+2,-7.575000000e-2,3.281250000e-3,4.000000000e-2,
2.521718750e+2,-8.693750000e-2,-1.218750000e-2,6.007812500e-2,
2.500312500e+2,-8.887500000e-2,6.796875000e-3,3.156250000e-2,
2.497343750e+2,-8.078125000e-2,1.039062500e-2,2.960937500e-2,
2.441406250e+2,-7.231250000e-2,7.812500000e-5,5.937500000e-2,
2.541250000e+2,-7.175000000e-2,-1.000000000e-2,6.070312500e-2,
2.457656250e+2,-7.237500000e-2,7.812500000e-5,4.039062500e-2,
2.461562500e+2,-6.753125000e-2,9.921875000e-3,2.945312500e-2,
2.480000000e+2,-7.987500000e-2,1.984375000e-2,4.945312500e-2,
2.480000000e+2,-7.206250000e-2,-8.984375000e-3,5.023437500e-2,
2.501250000e+2,-7.562500000e-2,-1.054687500e-2,4.000000000e-2,
2.518281250e+2,-7.618750000e-2,2.000000000e-2,4.992187500e-2,
2.480781250e+2,-6.803125000e-2,-1.992187500e-2,5.000000000e-2,
2.540000000e+2,-7.562500000e-2,7.812500000e-5,4.968750000e-2,
2.500312500e+2,-8.009375000e-2,-9.921875000e-3,5.085937500e-2,
2.580000000e+2,-7.203125000e-2,1.992187500e-2,1.023437500e-2,
2.540000000e+2,-7.975000000e-2,-9.921875000e-3,3.835937500e-2,
2.540000000e+2,-8.406250000e-2,9.921875000e-3,7.007812500e-2,
2.499687500e+2,-7.609375000e-2,-2.046875000e-2,5.023437500e-2,
2.520468750e+2,-7.609375000e-2,5.468750000e-4,5.000000000e-2,
2.518281250e+2,-8.403125000e-2,-1.078125000e-2,5.000000000e-2,
2.460156250e+2,-7.990625000e-2,-3.000000000e-2,5.023437500e-2,
2.540781250e+2,-7.596875000e-2,-1.000000000e-2,3.984375000e-2,
2.559531250e+2,-8.034375000e-2,-1.007812500e-2,5.000000000e-2,
2.519687500e+2,-9.190625000e-2,-1.000000000e-2,4.000000000e-2,
2.519531250e+2,-7.993750000e-2,-1.000000000e-2,6.023437500e-2,
2.521406250e+2,-8.800000000e-2,0.000000000e+0,3.007812500e-2,
2.440000000e+2,-8.021875000e-2,-2.000000000e-2,6.867187500e-2,
2.498906250e+2,-8.362500000e-2,9.843750000e-3,7.007812500e-2,
2.480000000e+2,-8.812500000e-2,9.609375000e-3,3.984375000e-2,
2.519843750e+2,-8.009375000e-2,-2.046875000e-2,5.960937500e-2,
2.500000000e+2,-8.356250000e-2,1.937500000e-2,7.015625000e-2,
2.479062500e+2,-8.831250000e-2,-8.750000000e-3,4.078125000e-2,
2.420000000e+2,-7.675000000e-2,1.015625000e-3,3.859375000e-2,
2.459375000e+2,-7.487500000e-2,-3.609375000e-2,7.062500000e-2,
2.520156250e+2,-8.384375000e-2,-2.484375000e-2,3.062500000e-2,
2.520000000e+2,-8.006250000e-2,-1.015625000e-2,5.992187500e-2,
2.480000000e+2,-8.396875000e-2,-9.765625000e-3,5.000000000e-2,
2.500000000e+2,-8.793750000e-2,-1.062500000e-2,6.062500000e-2,
2.480312500e+2,-8.412500000e-2,-9.062500000e-3,3.000000000e-2,
2.480625000e+2,-7.200000000e-2,-3.085937500e-2,5.937500000e-2,
2.421406250e+2,-8.375000000e-2,8.125000000e-3,5.007812500e-2,
2.417968750e+2,-8.393750000e-2,-8.281250000e-3,5.992187500e-2,
2.516250000e+2,-7.603125000e-2,-3.117187500e-2,5.960937500e-2,
2.521406250e+2,-7.600000000e-2,-9.375000000e-4,7.015625000e-2,
2.481406250e+2,-7.603125000e-2,-9.218750000e-3,3.031250000e-2,
2.478593750e+2,-8.000000000e-2,-3.031250000e-2,4.960937500e-2,
2.500000000e+2,-7.996875000e-2,0.000000000e+0,4.031250000e-2,
2.480468750e+2,-8.006250000e-2,-3.125000000e-4,4.976562500e-2,
2.479218750e+2,-8.400000000e-2,-9.296875000e-3,6.015625000e-2,
2.499687500e+2,-8.406250000e-2,1.984375000e-2,3.984375000e-2,
2.500000000e+2,-8.800000000e-2,-2.062500000e-2,5.007812500e-2,
2.499687500e+2,-7.987500000e-2,-2.015625000e-2,5.992187500e-2,
2.519843750e+2,-8.021875000e-2,-2.007812500e-2,5.000000000e-2,
2.479843750e+2,-8.400000000e-2,-1.000000000e-2,4.953125000e-2,
2.479687500e+2,-7.943750000e-2,-2.007812500e-2,6.992187500e-2,
2.539687500e+2,-7.187500000e-2,-1.960937500e-2,6.007812500e-2,
2.501406250e+2,-7.643750000e-2,7.812500000e-5,6.000000000e-2,
2.480156250e+2,-7.984375000e-2,-1.562500000e-4,4.992187500e-2,
2.479531250e+2,-7.175000000e-2,-1.007812500e-2,4.992187500e-2,
2.480781250e+2,-7.643750000e-2,-1.046875000e-2,5.007812500e-2,
2.440156250e+2,-8.403125000e-2,-3.000000000e-2,1.968750000e-2,
2.478593750e+2,-7.984375000e-2,-1.039062500e-2,6.968750000e-2,
2.502187500e+2,-8.025000000e-2,2.343750000e-4,4.000000000e-2,
2.441406250e+2,-8.400000000e-2,-1.804687500e-2,8.734375000e-2,
2.457031250e+2,-7.615625000e-2,-3.171875000e-2,9.335937500e-2,
2.557812500e+2,-7.206250000e-2,-2.656250000e-3,2.289062500e-2,
2.543281250e+2,-7.125000000e-2,1.093750000e-3,3.593750000e-2,
2.480468750e+2,-8.390625000e-2,-1.562500000e-4,6.070312500e-2,
2.459218750e+2,-7.612500000e-2,-7.812500000e-5,4.984375000e-2,
2.540000000e+2,-7.993750000e-2,9.609375000e-3,6.015625000e-2,
2.460312500e+2,-7.596875000e-2,2.000000000e-2,6.015625000e-2,
2.459843750e+2,-8.400000000e-2,-2.343750000e-4,9.007812500e-2,
2.500000000e+2,-8.037500000e-2,-3.000000000e-2,5.976562500e-2,
2.479843750e+2,-7.203125000e-2,-1.992187500e-2,4.000000000e-2,
2.519531250e+2,-7.946875000e-2,-1.023437500e-2,3.992187500e-2,
2.500312500e+2,-8.825000000e-2,1.023437500e-2,4.015625000e-2,
2.420312500e+2,-7.615625000e-2,-8.593750000e-4,5.000000000e-2,
2.460625000e+2,-7.990625000e-2,-1.953125000e-2,5.000000000e-2,
2.480468750e+2,-8.025000000e-2,5.468750000e-4,6.007812500e-2,
2.498750000e+2,-7.609375000e-2,-1.101562500e-2,5.960937500e-2,
2.440156250e+2,-7.987500000e-2,-8.984375000e-3,5.093750000e-2,
2.480468750e+2,-8.800000000e-2,-2.343750000e-4,8.054687500e-2,
2.461406250e+2,-8.000000000e-2,-1.039062500e-2,4.687500000e-2,
2.565156250e+2,-8.825000000e-2,1.484375000e-3,1.039062500e-2,
2.532656250e+2,-7.971875000e-2,8.750000000e-3,4.140625000e-2,
2.418281250e+2,-7.596875000e-2,-9.921875000e-3,2.867187500e-2,
2.462500000e+2,-8.071875000e-2,-6.250000000e-4,4.250000000e-2,
2.458750000e+2,-9.212500000e-2,-2.117187500e-2,7.859375000e-2,
2.461406250e+2,-8.359375000e-2,-7.968750000e-3,3.023437500e-2,
2.500000000e+2,-7.990625000e-2,-1.226562500e-2,8.046875000e-2,
2.458750000e+2,-8.000000000e-2,-3.000000000e-2,3.867187500e-2,
2.440156250e+2,-9.196875000e-2,-1.984375000e-2,5.046875000e-2,
2.482031250e+2,-7.587500000e-2,-3.062500000e-2,5.000000000e-2,
2.539843750e+2,-7.212500000e-2,-2.992187500e-2,6.000000000e-2,
2.499375000e+2,-7.603125000e-2,-3.007812500e-2,5.015625000e-2,
2.497968750e+2,-7.203125000e-2,-1.992187500e-2,5.000000000e-2,
2.397656250e+2,-7.203125000e-2,7.812500000e-5,3.007812500e-2,
2.463281250e+2,-7.190625000e-2,1.015625000e-2,2.984375000e-2,
2.539843750e+2,-7.934375000e-2,-7.968750000e-3,3.023437500e-2,
2.478593750e+2,-8.471875000e-2,-2.390625000e-2,1.992187500e-2,
2.460000000e+2,-7.612500000e-2,2.039062500e-2,2.953125000e-2,
2.480625000e+2,-8.337500000e-2,-1.000000000e-2,4.015625000e-2,
2.500000000e+2,-8.790625000e-2,1.023437500e-2,6.992187500e-2,
2.500156250e+2,-8.850000000e-2,-1.101562500e-2,3.968750000e-2,
2.520312500e+2,-7.603125000e-2,-2.007812500e-2,5.000000000e-2,
2.520312500e+2,-9.190625000e-2,-2.023437500e-2,4.015625000e-2,
2.459843750e+2,-8.425000000e-2,-1.562500000e-4,7.007812500e-2,
2.479531250e+2,-7.590625000e-2,-2.007812500e-2,4.992187500e-2,
2.478593750e+2,-7.150000000e-2,1.031250000e-2,5.992187500e-2,
2.520000000e+2,-9.600000000e-2,-1.054687500e-2,4.000000000e-2,
2.480781250e+2,-7.590625000e-2,3.125000000e-4,5.085937500e-2,
2.499218750e+2,-8.778125000e-2,-1.117187500e-2,6.992187500e-2,
2.480781250e+2,-8.000000000e-2,-9.765625000e-3,5.976562500e-2,
2.479531250e+2,-8.809375000e-2,1.007812500e-2,5.960937500e-2,
2.499531250e+2,-7.978125000e-2,-1.031250000e-2,3.984375000e-2,
2.519687500e+2,-8.434375000e-2,-9.687500000e-3,4.992187500e-2,
2.521250000e+2,-8.393750000e-2,2.031250000e-2,2.976562500e-2,
2.479375000e+2,-8.396875000e-2,9.609375000e-3,3.015625000e-2,
2.520312500e+2,-7.959375000e-2,1.562500000e-4,3.984375000e-2,
2.445000000e+2,-7.181250000e-2,-4.687500000e-4,3.015625000e-2,
2.436250000e+2,-6.796875000e-2,-3.109375000e-2,6.023437500e-2,
2.478125000e+2,-6.812500000e-2,-1.882812500e-2,2.015625000e-2,
2.482187500e+2,-8.071875000e-2,-9.765625000e-3,7.093750000e-2,
2.423906250e+2,-9.187500000e-2,-1.101562500e-2,3.929687500e-2,
2.400468750e+2,-7.984375000e-2,-2.992187500e-2,4.937500000e-2,
2.414843750e+2,-7.590625000e-2,-1.023437500e-2,9.140625000e-3,
2.498437500e+2,-7.190625000e-2,-4.023437500e-2,3.210937500e-2,
2.461406250e+2,-7.634375000e-2,1.054687500e-2,5.015625000e-2,
2.479062500e+2,-8.387500000e-2,0.000000000e+0,4.968750000e-2,
2.461093750e+2,-7.209375000e-2,-2.992187500e-2,3.000000000e-2,
2.459687500e+2,-7.562500000e-2,-2.085937500e-2,2.000000000e-2,
2.460000000e+2,-7.965625000e-2,-1.898437500e-2,4.000000000e-2,
2.459843750e+2,-8.681250000e-2,-2.382812500e-2,7.992187500e-2,
2.459531250e+2,-8.987500000e-2,1.851562500e-2,6.062500000e-2,
2.461718750e+2,-7.590625000e-2,-7.343750000e-3,2.867187500e-2,
2.481875000e+2,-8.434375000e-2,-2.015625000e-2,1.000000000e-2,
2.479062500e+2,-9.193750000e-2,-2.007812500e-2,3.000000000e-2,
2.456250000e+2,-8.384375000e-2,-1.953125000e-2,4.000000000e-2,
2.419531250e+2,-7.996875000e-2,-3.031250000e-2,2.960937500e-2,
2.440937500e+2,-7.600000000e-2,-1.000000000e-2,5.953125000e-2,
2.439843750e+2,-8.028125000e-2,-4.039062500e-2,5.039062500e-2,
2.439375000e+2,-8.396875000e-2,-3.960937500e-2,3.992187500e-2,
2.442812500e+2,-6.809375000e-2,-3.000000000e-2,4.992187500e-2,
2.522031250e+2,-8.840625000e-2,-3.000000000e-2,5.000000000e-2,
2.517031250e+2,-7.925000000e-2,-2.000000000e-2,6.007812500e-2,
2.478750000e+2,-7.621875000e-2,1.992187500e-2,4.046875000e-2,
2.456875000e+2,-8.065625000e-2,-1.000000000e-2,3.984375000e-2,
2.444531250e+2,-8.850000000e-2,-9.843750000e-3,4.007812500e-2,
2.498125000e+2,-9.193750000e-2,-3.125000000e-4,2.015625000e-2,
2.417343750e+2,-8.325000000e-2,-9.843750000e-3,2.953125000e-2,
2.463750000e+2,-7.193750000e-2,-3.906250000e-4,3.968750000e-2,
2.453906250e+2,-8.046875000e-2,-2.046875000e-2,4.992187500e-2,
2.400625000e+2,-7.965625000e-2,-9.218750000e-3,4.968750000e-2,
2.440312500e+2,-7.650000000e-2,-1.070312500e-2,6.000000000e-2,
2.397187500e+2,-8.346875000e-2,-8.906250000e-3,6.039062500e-2,
2.425000000e+2,-6.753125000e-2,1.039062500e-2,7.992187500e-2,
2.461093750e+2,-7.712500000e-2,-1.187500000e-2,4.828125000e-2,
2.460468750e+2,-7.931250000e-2,-3.914062500e-2,4.000000000e-2,
2.456875000e+2,-7.225000000e-2,5.468750000e-4,4.015625000e-2,
2.418281250e+2,-8.534375000e-2,-2.054687500e-2,5.000000000e-2,
2.441875000e+2,-8.287500000e-2,-9.843750000e-3,3.984375000e-2,
2.412500000e+2,-7.221875000e-2,-3.062500000e-2,5.023437500e-2,
2.341562500e+2,-8.437500000e-2,-4.023437500e-2,2.132812500e-2,
2.444375000e+2,-7.987500000e-2,-1.640625000e-3,2.843750000e-2,
2.438437500e+2,-8.000000000e-2,1.328125000e-3,4.828125000e-2,
2.439531250e+2,-7.987500000e-2,-9.296875000e-3,6.921875000e-2,
2.436718750e+2,-8.418750000e-2,-1.070312500e-2,6.242187500e-2,
2.497968750e+2,-7.615625000e-2,-9.687500000e-3,3.953125000e-2,
2.480937500e+2,-6.812500000e-2,-1.984375000e-2,3.000000000e-2,
2.481875000e+2,-7.153125000e-2,-2.000000000e-2,4.015625000e-2,
2.423750000e+2,-8.803125000e-2,-3.000000000e-2,4.992187500e-2,
2.418593750e+2,-7.609375000e-2,-1.960937500e-2,3.039062500e-2,
2.420468750e+2,-8.415625000e-2,-2.031250000e-2,4.015625000e-2,
2.435937500e+2,-6.803125000e-2,-3.984375000e-2,8.007812500e-2,
2.480000000e+2,-8.353125000e-2,3.906250000e-4,4.937500000e-2,
2.441562500e+2,-7.240625000e-2,-1.070312500e-2,5.031250000e-2,
2.458906250e+2,-7.196875000e-2,-9.609375000e-3,5.968750000e-2,
2.498750000e+2,-7.978125000e-2,-1.023437500e-2,3.929687500e-2,
2.520468750e+2,-7.990625000e-2,-1.929687500e-2,4.023437500e-2,
2.460625000e+2,-7.203125000e-2,1.140625000e-2,3.882812500e-2,
2.479843750e+2,-8.006250000e-2,-2.343750000e-3,2.023437500e-2,
2.440781250e+2,-8.000000000e-2,-4.007812500e-2,4.015625000e-2,
2.477656250e+2,-7.993750000e-2,-1.882812500e-2,3.015625000e-2,
2.519218750e+2,-7.603125000e-2,-3.085937500e-2,5.132812500e-2,
2.502187500e+2,-8.806250000e-2,-1.796875000e-2,4.968750000e-2,
2.440468750e+2,-7.953125000e-2,-1.117187500e-2,5.070312500e-2,
2.478281250e+2,-7.203125000e-2,-1.882812500e-2,4.765625000e-2,
2.479843750e+2,-7.603125000e-2,-7.812500000e-5,2.015625000e-2,
2.440156250e+2,-7.181250000e-2,-3.203125000e-2,5.203125000e-2,
2.459843750e+2,-7.181250000e-2,-3.875000000e-2,4.828125000e-2,
2.458750000e+2,-6.371875000e-2,-9.140625000e-3,4.054687500e-2,
2.501406250e+2,-6.403125000e-2,-2.140625000e-2,6.007812500e-2,
2.423593750e+2,-6.837500000e-2,-2.921875000e-2,6.015625000e-2,
2.438750000e+2,-8.396875000e-2,-2.093750000e-2,9.000000000e-2,
2.420937500e+2,-8.000000000e-2,-4.976562500e-2,6.039062500e-2,
2.418593750e+2,-7.584375000e-2,-1.007812500e-2,2.015625000e-2,
2.438750000e+2,-8.371875000e-2,-2.929687500e-2,3.000000000e-2,
2.474062500e+2,-8.421875000e-2,-1.171875000e-2,5.000000000e-2,
2.542031250e+2,-8.371875000e-2,-1.109375000e-2,8.000000000e-2,
2.458281250e+2,-8.759375000e-2,1.171875000e-3,5.265625000e-2,
2.439062500e+2,-8.493750000e-2,-1.882812500e-2,2.968750000e-2,
2.421093750e+2,-7.225000000e-2,-2.007812500e-2,6.007812500e-2,
2.480000000e+2,-7.584375000e-2,-9.921875000e-3,3.039062500e-2,
2.418906250e+2,-7.218750000e-2,-1.007812500e-2,4.968750000e-2,
2.441718750e+2,-7.890625000e-2,-2.007812500e-2,3.070312500e-2,
2.460156250e+2,-8.818750000e-2,7.812500000e-5,3.937500000e-2,
2.459531250e+2,-7.600000000e-2,-9.531250000e-3,4.976562500e-2,
2.460781250e+2,-8.762500000e-2,-1.015625000e-2,5.992187500e-2,
2.479062500e+2,-8.037500000e-2,0.000000000e+0,6.000000000e-2,
2.460625000e+2,-7.200000000e-2,-7.812500000e-5,5.007812500e-2,
2.520625000e+2,-7.209375000e-2,9.921875000e-3,3.960937500e-2,
2.478125000e+2,-6.803125000e-2,-1.007812500e-2,6.007812500e-2,
2.440000000e+2,-7.181250000e-2,0.000000000e+0,4.015625000e-2,
2.440000000e+2,-7.600000000e-2,-1.015625000e-2,4.984375000e-2,
2.380156250e+2,-7.209375000e-2,9.921875000e-3,4.000000000e-2,
2.420781250e+2,-7.190625000e-2,-1.023437500e-2,5.968750000e-2,
2.440312500e+2,-8.403125000e-2,-7.812500000e-5,7.000000000e-2,
2.458281250e+2,-7.587500000e-2,-2.039062500e-2,6.000000000e-2,
2.380625000e+2,-7.209375000e-2,-1.000000000e-2,5.023437500e-2,
2.500781250e+2,-8.015625000e-2,1.000000000e-2,4.007812500e-2,
2.478750000e+2,-7.568750000e-2,9.609375000e-3,4.000000000e-2,
2.440156250e+2,-6.815625000e-2,-1.000000000e-2,4.000000000e-2,
2.499531250e+2,-8.418750000e-2,-7.812500000e-5,5.937500000e-2,
2.481250000e+2,-7.609375000e-2,-2.007812500e-2,7.000000000e-2,
2.420000000e+2,-6.390625000e-2,1.992187500e-2,6.976562500e-2,
2.419062500e+2,-7.559375000e-2,-2.000000000e-2,8.000000000e-2,
2.440000000e+2,-7.612500000e-2,1.007812500e-2,5.953125000e-2,
2.400000000e+2,-7.590625000e-2,-2.890625000e-2,3.015625000e-2,
2.420000000e+2,-7.996875000e-2,-2.367187500e-2,2.960937500e-2,
2.378906250e+2,-7.628125000e-2,3.015625000e-2,6.078125000e-2,
2.379687500e+2,-7.568750000e-2,-1.554687500e-2,1.937500000e-2,
2.439843750e+2,-8.315625000e-2,-1.187500000e-2,7.945312500e-2,
2.439843750e+2,-8.512500000e-2,-1.960937500e-2,2.437500000e-2,
2.460000000e+2,-7.996875000e-2,-2.343750000e-3,3.984375000e-2,
2.460625000e+2,-8.403125000e-2,9.453125000e-3,5.976562500e-2,
2.420000000e+2,-7.193750000e-2,1.101562500e-2,6.015625000e-2,
2.480156250e+2,-8.793750000e-2,-9.375000000e-3,6.000000000e-2,
2.400781250e+2,-8.406250000e-2,-2.031250000e-3,6.937500000e-2,
2.437968750e+2,-8.793750000e-2,2.015625000e-2,9.007812500e-2,
2.480000000e+2,-8.400000000e-2,9.375000000e-4,6.046875000e-2,
2.478281250e+2,-8.403125000e-2,-1.796875000e-3,4.023437500e-2,
2.520000000e+2,-8.000000000e-2,1.093750000e-2,4.960937500e-2,
2.463125000e+2,-8.418750000e-2,-2.976562500e-2,8.992187500e-2,
2.476875000e+2,-8.800000000e-2,-1.015625000e-2,6.062500000e-2,
2.537968750e+2,-7.587500000e-2,-2.000000000e-2,5.007812500e-2,
2.542187500e+2,-7.609375000e-2,1.015625000e-2,3.992187500e-2,
2.460312500e+2,-8.006250000e-2,-1.117187500e-2,4.984375000e-2,
2.500312500e+2,-7.981250000e-2,-1.906250000e-2,4.992187500e-2,
2.420156250e+2,-6.803125000e-2,2.000000000e-2,5.000000000e-2,
2.439531250e+2,-8.012500000e-2,-1.960937500e-2,6.015625000e-2,
2.439843750e+2,-7.618750000e-2,-2.007812500e-2,6.007812500e-2,
2.440000000e+2,-7.959375000e-2,-7.812500000e-5,3.992187500e-2,
2.439843750e+2,-5.990625000e-2,-3.007812500e-2,6.914062500e-2,
2.480468750e+2,-8.093750000e-2,-1.968750000e-2,7.054687500e-2,
2.420625000e+2,-7.953125000e-2,-2.000000000e-2,3.007812500e-2,
2.439843750e+2,-7.609375000e-2,2.343750000e-4,6.046875000e-2,
2.419062500e+2,-8.021875000e-2,-3.125000000e-4,7.007812500e-2,
2.460468750e+2,-7.981250000e-2,-2.039062500e-2,6.015625000e-2,
2.400156250e+2,-8.034375000e-2,-2.000000000e-2,3.000000000e-2,
2.458750000e+2,-9.184375000e-2,-2.007812500e-2,4.960937500e-2,
2.442656250e+2,-7.559375000e-2,-1.007812500e-2,4.023437500e-2,
2.438750000e+2,-8.415625000e-2,-1.117187500e-2,3.843750000e-2,
2.498437500e+2,-8.034375000e-2,1.796875000e-2,7.101562500e-2,
2.502031250e+2,-6.803125000e-2,1.281250000e-2,2.125000000e-2,
2.442187500e+2,-7.921875000e-2,-1.250000000e-3,5.632812500e-2,
2.439531250e+2,-7.737500000e-2,1.031250000e-2,6.117187500e-2,
2.460000000e+2,-6.796875000e-2,7.812500000e-5,7.031250000e-2,
2.440000000e+2,-7.562500000e-2,9.375000000e-3,7.914062500e-2,
2.440156250e+2,-7.996875000e-2,1.000000000e-2,3.992187500e-2,
2.379843750e+2,-8.400000000e-2,-9.921875000e-3,6.031250000e-2,
2.458906250e+2,-8.381250000e-2,2.976562500e-2,4.992187500e-2,
2.479843750e+2,-9.200000000e-2,9.765625000e-3,5.000000000e-2,
2.480312500e+2,-8.431250000e-2,7.812500000e-5,4.046875000e-2,
2.420156250e+2,-8.018750000e-2,-9.921875000e-3,7.007812500e-2,
2.419531250e+2,-7.231250000e-2,-2.343750000e-4,4.992187500e-2,
2.419843750e+2,-6.393750000e-2,-9.375000000e-3,6.000000000e-2,
2.420468750e+2,-7.546875000e-2,-1.875000000e-3,5.953125000e-2,
2.459531250e+2,-7.640625000e-2,-4.007812500e-2,1.992187500e-2,
2.441562500e+2,-7.187500000e-2,3.203125000e-3,5.070312500e-2,
2.498281250e+2,-8.800000000e-2,-2.421875000e-3,4.015625000e-2,
2.398281250e+2,-7.593750000e-2,-1.882812500e-2,6.031250000e-2,
2.442187500e+2,-8.396875000e-2,-1.015625000e-3,3.796875000e-2,
2.394687500e+2,-7.193750000e-2,-4.148437500e-2,3.039062500e-2,
2.339218750e+2,-7.559375000e-2,-2.898437500e-2,4.054687500e-2,
2.383906250e+2,-6.440625000e-2,-1.742187500e-2,5.070312500e-2,
2.440000000e+2,-8.925000000e-2,1.015625000e-2,5.953125000e-2,
2.398281250e+2,-8.759375000e-2,-1.164062500e-2,5.062500000e-2,
2.400312500e+2,-7.971875000e-2,-1.070312500e-2,8.078125000e-2,
2.419687500e+2,-7.200000000e-2,-1.914062500e-2,6.820312500e-2,
2.400000000e+2,-8.825000000e-2,7.812500000e-5,4.007812500e-2,
2.441406250e+2,-8.793750000e-2,-2.148437500e-2,5.992187500e-2,
2.459687500e+2,-7.981250000e-2,-1.898437500e-2,2.992187500e-2,
2.417812500e+2,-7.615625000e-2,-2.343750000e-4,3.906250000e-2,
2.422656250e+2,-8.796875000e-2,-9.921875000e-3,6.000000000e-2,
2.500312500e+2,-8.409375000e-2,2.007812500e-2,4.015625000e-2,
2.438437500e+2,-7.990625000e-2,1.046875000e-2,4.968750000e-2,
2.440000000e+2,-8.412500000e-2,9.609375000e-3,6.039062500e-2,
2.419218750e+2,-7.968750000e-2,1.007812500e-2,4.023437500e-2,
2.380156250e+2,-8.478125000e-2,1.023437500e-2,4.960937500e-2,
2.381406250e+2,-7.243750000e-2,1.000000000e-2,3.992187500e-2,
2.440312500e+2,-7.953125000e-2,9.609375000e-3,2.992187500e-2,
2.398750000e+2,-8.440625000e-2,-1.007812500e-2,4.039062500e-2,
2.400468750e+2,-7.603125000e-2,1.015625000e-2,4.968750000e-2,
2.439375000e+2,-9.196875000e-2,1.007812500e-2,2.968750000e-2,
2.439218750e+2,-8.012500000e-2,1.000000000e-2,1.992187500e-2,
2.340625000e+2,-8.400000000e-2,1.007812500e-2,2.000000000e-2,
2.397343750e+2,-7.603125000e-2,1.054687500e-2,3.015625000e-2,
2.400312500e+2,-8.393750000e-2,3.000000000e-2,4.984375000e-2,
2.437500000e+2,-7.996875000e-2,9.531250000e-3,6.000000000e-2,
2.460156250e+2,-8.350000000e-2,2.195312500e-2,4.976562500e-2,
2.422343750e+2,-8.781250000e-2,4.000000000e-2,5.054687500e-2,
2.379062500e+2,-6.334375000e-2,2.992187500e-2,5.976562500e-2,
2.459062500e+2,-6.856250000e-2,4.007812500e-2,3.937500000e-2,
2.440781250e+2,-7.656250000e-2,5.007812500e-2,4.007812500e-2,
2.400000000e+2,-8.403125000e-2,6.007812500e-2,4.000000000e-2,
2.436718750e+2,-7.975000000e-2,7.015625000e-2,3.984375000e-2,
2.482812500e+2,-7.528125000e-2,8.046875000e-2,3.015625000e-2,
2.416875000e+2,-6.409375000e-2,9.023437500e-2,6.015625000e-2,
2.535937500e+2,-8.037500000e-2,1.001562500e-1,5.992187500e-2,
2.448593750e+2,-7.962500000e-2,8.898437500e-2,5.960937500e-2,
2.398125000e+2,-6.793750000e-2,9.125000000e-2,5.085937500e-2,
2.437500000e+2,-7.631250000e-2,1.309375000e-1,6.914062500e-2,
2.441562500e+2,-7.593750000e-2,1.300781250e-1,1.828125000e-2,
2.420156250e+2,-6.743750000e-2,1.500781250e-1,2.109375000e-2,
2.437812500e+2,-6.431250000e-2,1.500000000e-1,4.031250000e-2,
2.460156250e+2,-7.596875000e-2,1.600781250e-1,4.000000000e-2,
2.440937500e+2,-6.390625000e-2,1.800000000e-1,5.054687500e-2,
2.422187500e+2,-7.984375000e-2,2.096093750e-1,5.000000000e-2,
2.396875000e+2,-8.821875000e-2,2.083593750e-1,3.000000000e-2,
2.478750000e+2,-8.031250000e-2,2.586718750e-1,5.000000000e-2,
2.459218750e+2,-8.046875000e-2,2.471093750e-1,5.007812500e-2,
2.474843750e+2,-7.025000000e-2,3.057031250e-1,2.000000000e-2,
2.399218750e+2,-6.409375000e-2,2.907812500e-1,4.062500000e-2,
2.463437500e+2,-7.625000000e-2,3.247656250e-1,3.000000000e-2,
2.417343750e+2,-7.584375000e-2,3.694531250e-1,3.000000000e-2,
2.440156250e+2,-6.790625000e-2,3.597656250e-1,4.007812500e-2,
2.396718750e+2,-6.809375000e-2,3.884375000e-1,4.984375000e-2,
2.402500000e+2,-7.200000000e-2,4.300000000e-1,5.000000000e-2,
2.439687500e+2,-6.396875000e-2,4.500000000e-1,5.000000000e-2,
2.398750000e+2,-6.803125000e-2,4.708593750e-1,4.992187500e-2,
2.401250000e+2,-6.809375000e-2,5.002343750e-1,5.000000000e-2,
2.442343750e+2,-7.625000000e-2,5.302343750e-1,4.000000000e-2,
2.478281250e+2,-8.018750000e-2,5.600000000e-1,3.007812500e-2,
2.417500000e+2,-7.953125000e-2,5.796875000e-1,2.984375000e-2,
2.444687500e+2,-7.171875000e-2,6.300000000e-1,4.945312500e-2,
2.478437500e+2,-8.128125000e-2,6.699218750e-1,6.031250000e-2,
2.415156250e+2,-9.187500000e-2,7.128906250e-1,1.031250000e-2,
2.377500000e+2,-8.390625000e-2,7.623437500e-1,3.875000000e-2,
2.362656250e+2,-9.256250000e-2,8.139062500e-1,5.015625000e-2,
2.422187500e+2,-9.615625000e-2,8.824218750e-1,4.031250000e-2,
2.422343750e+2,-9.131250000e-2,9.252343750e-1,2.968750000e-2,
2.435000000e+2,-8.081250000e-2,1.018203125e+0,4.976562500e-2,
2.384218750e+2,-1.000000000e-1,1.093906250e+0,4.968750000e-2,
2.481406250e+2,-8.375000000e-2,1.141953125e+0,3.984375000e-2,
2.443125000e+2,-1.014062500e-1,1.203281250e+0,4.023437500e-2,
2.519375000e+2,-1.037187500e-1,1.283671875e+0,3.984375000e-2,
2.435781250e+2,-9.984375000e-2,1.353437500e+0,3.000000000e-2,
2.460000000e+2,-1.050000000e-1,1.443125000e+0,4.000000000e-2,
2.419218750e+2,-1.216562500e-1,1.513359375e+0,3.976562500e-2,
2.464062500e+2,-1.361562500e-1,1.582031250e+0,5.945312500e-2,
2.478906250e+2,-1.364687500e-1,1.620000000e+0,5.179687500e-2,
2.460156250e+2,-1.522812500e-1,1.694921875e+0,3.007812500e-2,
2.480625000e+2,-1.520000000e-1,1.757890625e+0,4.812500000e-2,
2.458437500e+2,-1.554375000e-1,1.790703125e+0,6.007812500e-2,
2.440781250e+2,-1.670000000e-1,1.866796875e+0,5.179687500e-2,
2.454531250e+2,-1.759375000e-1,1.908437500e+0,4.000000000e-2,
2.519687500e+2,-1.877187500e-1,1.947812500e+0,5.000000000e-2,
2.464375000e+2,-1.954062500e-1,1.990000000e+0,5.007812500e-2,
2.456562500e+2,-2.158437500e-1,2.010156250e+0,5.992187500e-2,
2.482187500e+2,-2.120625000e-1,2.040312500e+0,4.039062500e-2,
2.441250000e+2,-2.197187500e-1,2.029843750e+0,4.007812500e-2,
2.475937500e+2,-2.201250000e-1,2.040000000e+0,6.007812500e-2,
2.516718750e+2,-2.266562500e-1,2.040468750e+0,3.929687500e-2,
2.560468750e+2,-2.440312500e-1,2.070546875e+0,4.070312500e-2,
2.520156250e+2,-2.280312500e-1,2.048437500e+0,7.968750000e-2,
2.539843750e+2,-2.352500000e-1,2.009687500e+0,2.867187500e-2,
2.500312500e+2,-2.479375000e-1,2.011875000e+0,5.101562500e-2,
2.518437500e+2,-2.483750000e-1,2.027734375e+0,5.945312500e-2,
2.540625000e+2,-2.720937500e-1,1.957578125e+0,3.890625000e-2,
2.519218750e+2,-2.678125000e-1,1.949453125e+0,3.062500000e-2,
2.559687500e+2,-2.640937500e-1,1.927187500e+0,6.195312500e-2,
2.521093750e+2,-2.760312500e-1,1.896640625e+0,6.750000000e-2,
2.520156250e+2,-2.719375000e-1,1.858437500e+0,2.968750000e-2,
2.499531250e+2,-2.763437500e-1,1.822500000e+0,5.140625000e-2,
2.557812500e+2,-2.842187500e-1,1.747578125e+0,4.914062500e-2,
2.559843750e+2,-2.838437500e-1,1.770703125e+0,3.906250000e-2,
2.519531250e+2,-2.795000000e-1,1.724765625e+0,3.054687500e-2,
2.559531250e+2,-2.763750000e-1,1.637187500e+0,3.960937500e-2,
2.540156250e+2,-2.836875000e-1,1.608125000e+0,3.031250000e-2,
2.577656250e+2,-2.672812500e-1,1.577734375e+0,6.101562500e-2,
2.565468750e+2,-2.599375000e-1,1.537734375e+0,6.976562500e-2,
2.500781250e+2,-2.560937500e-1,1.487265625e+0,5.000000000e-2,
2.519687500e+2,-2.360000000e-1,1.438437500e+0,5.976562500e-2,
2.482812500e+2,-2.361875000e-1,1.420156250e+0,5.031250000e-2,
2.476406250e+2,-2.174687500e-1,1.401015625e+0,2.000000000e-2,
2.538906250e+2,-1.890312500e-1,1.373125000e+0,2.000000000e-2,
2.536406250e+2,-1.802500000e-1,1.349140625e+0,3.992187500e-2,
2.579375000e+2,-1.651562500e-1,1.355078125e+0,3.960937500e-2,
2.454531250e+2,-1.224375000e-1,1.312500000e+0,5.000000000e-2,
2.462812500e+2,-1.131562500e-1,1.309843750e+0,4.007812500e-2,
2.541875000e+2,-8.578125000e-2,1.350078125e+0,4.945312500e-2,
2.517968750e+2,-7.690625000e-2,1.319765625e+0,5.023437500e-2,
2.481250000e+2,-5.031250000e-2,1.300000000e+0,4.890625000e-2,
2.540937500e+2,-2.878125000e-2,1.310156250e+0,7.023437500e-2,
2.496093750e+2,-1.193750000e-2,1.329765625e+0,4.031250000e-2,
2.460468750e+2,-8.562500000e-3,1.330078125e+0,4.960937500e-2,
2.501875000e+2,1.150000000e-2,1.330000000e+0,6.000000000e-2,
2.519843750e+2,2.006250000e-2,1.330078125e+0,4.000000000e-2,
2.520312500e+2,2.381250000e-2,1.299765625e+0,5.007812500e-2,
2.498437500e+2,3.184375000e-2,1.269843750e+0,3.023437500e-2,
2.420000000e+2,6.350000000e-2,1.270078125e+0,4.953125000e-2,
2.480000000e+2,5.990625000e-2,1.230390625e+0,6.023437500e-2,
2.520468750e+2,7.193750000e-2,1.199140625e+0,5.000000000e-2,
2.480156250e+2,7.600000000e-2,1.157031250e+0,5.992187500e-2,
2.540312500e+2,9.603125000e-2,1.076953125e+0,5.007812500e-2,
2.519062500e+2,1.120312500e-1,1.028125000e+0,4.000000000e-2,
2.520625000e+2,1.320000000e-1,9.600000000e-1,5.976562500e-2,
2.540156250e+2,1.367187500e-1,8.900000000e-1,5.054687500e-2,
2.519531250e+2,1.687812500e-1,7.781250000e-1,4.007812500e-2,
2.479687500e+2,1.804062500e-1,6.708593750e-1,4.000000000e-2,
2.460000000e+2,2.003750000e-1,5.490625000e-1,6.007812500e-2,
2.498906250e+2,2.277500000e-1,4.409375000e-1,4.023437500e-2,
2.540000000e+2,2.590000000e-1,3.098437500e-1,5.890625000e-2,
2.559843750e+2,2.789062500e-1,1.710156250e-1,7.007812500e-2,
2.540000000e+2,3.068750000e-1,5.000000000e-2,4.000000000e-2,
2.520000000e+2,3.352812500e-1,-9.539062500e-2,6.000000000e-2,
2.540000000e+2,3.704062500e-1,-2.328906250e-1,3.007812500e-2,
2.580312500e+2,4.015312500e-1,-3.806250000e-1,5.000000000e-2,
2.580156250e+2,4.418750000e-1,-5.328906250e-1,3.898437500e-2,
2.540625000e+2,4.695000000e-1,-6.899218750e-1,8.953125000e-2,
2.480156250e+2,4.952187500e-1,-8.800781250e-1,4.468750000e-2,
2.560000000e+2,5.200312500e-1,-9.983593750e-1,3.000000000e-2,
2.580468750e+2,5.477812500e-1,-1.192734375e+0,2.906250000e-2,
2.560000000e+2,5.946875000e-1,-1.320468750e+0,5.921875000e-2,
2.619531250e+2,6.200625000e-1,-1.470781250e+0,5.046875000e-2,
2.580468750e+2,6.477500000e-1,-1.646093750e+0,2.984375000e-2,
2.599375000e+2,6.667812500e-1,-1.778281250e+0,4.000000000e-2,
2.599375000e+2,7.281562500e-1,-1.951406250e+0,2.992187500e-2,
2.638437500e+2,7.597500000e-1,-2.127968750e+0,5.000000000e-2,
2.640781250e+2,7.877812500e-1,-2.255156250e+0,3.984375000e-2,
2.653906250e+2,8.168750000e-1,-2.359375000e+0,7.984375000e-2,
2.740312500e+2,8.480000000e-1,-2.359843750e+0,5.031250000e-2,
2.679843750e+2,8.922500000e-1,-2.359921875e+0,6.945312500e-2,
2.758593750e+2,9.164062500e-1,-2.359921875e+0,5.039062500e-2,
2.721250000e+2,9.520312500e-1,-2.359921875e+0,2.960937500e-2,
2.738593750e+2,9.845000000e-1,-2.359921875e+0,7.007812500e-2,
2.779531250e+2,1.016031250e+0,-2.359921875e+0,3.992187500e-2,
2.839687500e+2,1.044312500e+0,-2.359921875e+0,5.070312500e-2,
2.839531250e+2,1.064875000e+0,-2.359921875e+0,8.000000000e-2,
2.799687500e+2,1.093343750e+0,-2.359921875e+0,4.085937500e-2,
2.779843750e+2,1.125593750e+0,-2.359921875e+0,2.976562500e-2,
2.819843750e+2,1.136656250e+0,-2.359921875e+0,3.000000000e-2,
2.798593750e+2,1.157000000e+0,-2.359921875e+0,2.960937500e-2,
2.896093750e+2,1.172312500e+0,-2.359921875e+0,5.000000000e-2,
2.937031250e+2,1.180562500e+0,-2.359921875e+0,4.000000000e-2,
3.000000000e+2,1.196750000e+0,-2.359921875e+0,6.000000000e-2,
2.920937500e+2,1.208062500e+0,-2.359921875e+0,3.984375000e-2,
2.938750000e+2,1.208437500e+0,-2.359921875e+0,7.937500000e-2,
2.959531250e+2,1.224375000e+0,-2.359921875e+0,6.046875000e-2,
2.978906250e+2,1.219937500e+0,-2.359921875e+0,4.039062500e-2,
3.000000000e+2,1.227656250e+0,-2.359921875e+0,3.937500000e-2,
2.979687500e+2,1.235906250e+0,-2.359921875e+0,5.820312500e-2,
2.999531250e+2,1.239250000e+0,-2.359921875e+0,7.085937500e-2,
3.000000000e+2,1.248625000e+0,-2.359921875e+0,5.867187500e-2,
3.079218750e+2,1.239781250e+0,-2.359921875e+0,8.023437500e-2,
3.159687500e+2,1.256000000e+0,-2.359921875e+0,5.843750000e-2,
3.140000000e+2,1.240031250e+0,-2.359921875e+0,3.000000000e-2,
3.139843750e+2,1.252000000e+0,-2.359921875e+0,5.054687500e-2,
3.160468750e+2,1.240531250e+0,-2.359921875e+0,4.992187500e-2,
3.119531250e+2,1.236000000e+0,-2.359921875e+0,3.000000000e-2,
3.199531250e+2,1.236000000e+0,-2.359921875e+0,6.046875000e-2,
3.180156250e+2,1.236062500e+0,-2.359921875e+0,4.968750000e-2,
3.159687500e+2,1.228468750e+0,-2.359921875e+0,5.000000000e-2,
3.180312500e+2,1.211937500e+0,-2.359921875e+0,5.000000000e-2,
3.179375000e+2,1.227406250e+0,-2.359921875e+0,3.976562500e-2,
3.160468750e+2,1.220843750e+0,-2.359921875e+0,3.015625000e-2,
3.244218750e+2,1.204062500e+0,-2.359921875e+0,5.093750000e-2,
3.295312500e+2,1.200000000e+0,-2.359921875e+0,4.906250000e-2,
3.156718750e+2,1.187718750e+0,-2.359921875e+0,2.960937500e-2,
3.185468750e+2,1.175906250e+0,-2.359921875e+0,4.179687500e-2,
3.217812500e+2,1.175375000e+0,-2.359921875e+0,4.859375000e-2,
3.203593750e+2,1.151250000e+0,-2.359921875e+0,3.031250000e-2,
3.322343750e+2,1.152031250e+0,-2.359921875e+0,6.117187500e-2,
3.300468750e+2,1.138187500e+0,-2.359921875e+0,5.890625000e-2,
3.339531250e+2,1.119781250e+0,-2.359921875e+0,5.093750000e-2,
3.279843750e+2,1.119687500e+0,-2.359921875e+0,6.960937500e-2,
3.340937500e+2,1.100000000e+0,-2.359921875e+0,2.851562500e-2,
3.319843750e+2,1.088000000e+0,-2.359921875e+0,3.070312500e-2,
3.382187500e+2,1.088031250e+0,-2.358828125e+0,5.015625000e-2,
3.379062500e+2,1.067375000e+0,-2.359921875e+0,3.992187500e-2,
3.301875000e+2,1.051812500e+0,-2.359609375e+0,2.960937500e-2,
3.400000000e+2,1.044062500e+0,-2.208750000e+0,6.000000000e-2,
3.320156250e+2,1.036000000e+0,-2.028750000e+0,6.039062500e-2,
3.420937500e+2,1.012937500e+0,-1.887265625e+0,2.007812500e-2,
3.360000000e+2,9.923437500e-1,-1.695390625e+0,4.929687500e-2,
3.399687500e+2,9.880937500e-1,-1.515625000e+0,5.007812500e-2,
3.320312500e+2,9.814375000e-1,-1.373906250e+0,5.968750000e-2,
3.321093750e+2,9.690312500e-1,-1.190000000e+0,4.992187500e-2,
3.360937500e+2,9.525625000e-1,-9.922656250e-1,5.046875000e-2,
3.400781250e+2,9.403437500e-1,-8.231250000e-1,5.945312500e-2,
3.420312500e+2,9.359375000e-1,-6.599218750e-1,2.968750000e-2,
3.459843750e+2,9.240625000e-1,-4.600000000e-1,5.023437500e-2,
3.439218750e+2,9.042812500e-1,-2.785156250e-1,4.992187500e-2,
3.398437500e+2,8.920000000e-1,-7.171875000e-2,4.992187500e-2,
3.478437500e+2,8.804062500e-1,1.285937500e-1,5.015625000e-2,
3.422968750e+2,8.760625000e-1,3.198437500e-1,6.000000000e-2,
3.380000000e+2,8.598437500e-1,5.271093750e-1,3.906250000e-2,
3.398281250e+2,8.290312500e-1,7.072656250e-1,3.039062500e-2,
3.438593750e+2,8.200625000e-1,9.217187500e-1,4.992187500e-2,
3.459843750e+2,8.154687500e-1,1.108828125e+0,2.968750000e-2,
3.440312500e+2,8.033750000e-1,1.310156250e+0,5.140625000e-2,
3.439375000e+2,7.863750000e-1,1.552031250e+0,7.000000000e-2,
3.479843750e+2,7.629062500e-1,1.771796875e+0,4.953125000e-2,
3.460312500e+2,7.426250000e-1,1.953515625e+0,4.031250000e-2,
3.479218750e+2,7.276250000e-1,2.211562500e+0,8.000000000e-2,
3.462343750e+2,7.234062500e-1,2.363046875e+0,3.968750000e-2,
3.440000000e+2,6.992812500e-1,2.567812500e+0,4.992187500e-2,
3.441406250e+2,6.792500000e-1,2.759921875e+0,4.960937500e-2,
3.418125000e+2,6.591875000e-1,2.758984375e+0,3.976562500e-2,
3.477812500e+2,6.432187500e-1,2.759921875e+0,3.984375000e-2,
3.477812500e+2,6.157187500e-1,2.759921875e+0,4.062500000e-2,
3.540000000e+2,5.909687500e-1,2.759921875e+0,6.023437500e-2,
3.480937500e+2,5.753750000e-1,2.759921875e+0,4.906250000e-2,
3.520312500e+2,5.546250000e-1,2.759921875e+0,5.039062500e-2,
3.442968750e+2,5.234062500e-1,2.759921875e+0,6.007812500e-2,
3.457343750e+2,5.199062500e-1,2.759921875e+0,4.000000000e-2,
3.462500000e+2,4.900000000e-1,2.759921875e+0,1.000000000e-2,
3.437968750e+2,4.614687500e-1,2.759921875e+0,4.000000000e-2,
3.500468750e+2,4.396250000e-1,2.759921875e+0,4.992187500e-2,
3.432968750e+2,4.135000000e-1,2.759921875e+0,5.023437500e-2,
3.469218750e+2,4.078750000e-1,2.759921875e+0,2.953125000e-2,
3.551093750e+2,3.792500000e-1,2.759921875e+0,3.984375000e-2,
3.548125000e+2,3.674062500e-1,2.759921875e+0,6.000000000e-2,
3.414843750e+2,3.396875000e-1,2.759921875e+0,6.992187500e-2,
3.464531250e+2,3.319375000e-1,2.759921875e+0,4.046875000e-2,
3.501875000e+2,3.120000000e-1,2.759921875e+0,3.976562500e-2,
3.540781250e+2,2.957500000e-1,2.759921875e+0,4.015625000e-2,
3.518593750e+2,2.919375000e-1,2.759921875e+0,2.984375000e-2,
3.501093750e+2,2.796250000e-1,2.759921875e+0,4.000000000e-2,
3.540781250e+2,2.758750000e-1,2.759921875e+0,1.000000000e-2,
3.516250000e+2,2.672812500e-1,2.759921875e+0,4.968750000e-2,
3.478437500e+2,2.552187500e-1,2.759921875e+0,3.117187500e-2,
3.481875000e+2,2.472500000e-1,2.759921875e+0,1.929687500e-2,
3.499531250e+2,2.348750000e-1,2.759921875e+0,6.992187500e-2,
3.455156250e+2,2.283437500e-1,2.759921875e+0,3.054687500e-2,
3.443437500e+2,2.315000000e-1,2.759921875e+0,3.937500000e-2,
3.500000000e+2,2.109062500e-1,2.759921875e+0,3.992187500e-2,
3.433437500e+2,2.082500000e-1,2.759921875e+0,5.000000000e-2,
3.425000000e+2,2.075625000e-1,2.759921875e+0,3.984375000e-2,
3.481093750e+2,1.956250000e-1,2.759921875e+0,5.000000000e-2,
3.434843750e+2,1.958750000e-1,2.759921875e+0,4.031250000e-2,
3.422812500e+2,1.920937500e-1,2.759921875e+0,5.976562500e-2,
3.487187500e+2,1.958750000e-1,2.759921875e+0,2.929687500e-2,
3.517343750e+2,1.873437500e-1,2.759921875e+0,5.015625000e-2,
3.453437500e+2,1.838125000e-1,2.759921875e+0,3.984375000e-2,
3.443593750e+2,1.795937500e-1,2.759921875e+0,4.007812500e-2,
3.479687500e+2,1.755937500e-1,2.759921875e+0,2.023437500e-2,
3.460000000e+2,1.720000000e-1,2.759921875e+0,3.867187500e-2,
3.480000000e+2,1.763125000e-1,2.759921875e+0,6.945312500e-2,
3.436718750e+2,1.799687500e-1,2.759921875e+0,5.242187500e-2,
3.422187500e+2,1.799687500e-1,2.759921875e+0,3.828125000e-2,
3.481562500e+2,1.839375000e-1,2.759921875e+0,6.914062500e-2,
3.462968750e+2,1.774687500e-1,2.759921875e+0,5.257812500e-2,
3.439531250e+2,1.640312500e-1,2.759921875e+0,5.023437500e-2,
3.441718750e+2,1.678125000e-1,2.759921875e+0,6.000000000e-2,
3.401250000e+2,1.680937500e-1,2.759921875e+0,4.007812500e-2,
3.434375000e+2,1.678750000e-1,2.759921875e+0,4.984375000e-2,
3.464687500e+2,1.757812500e-1,2.759921875e+0,1.085937500e-2,
3.399062500e+2,1.760312500e-1,2.759921875e+0,1.015625000e-2,
3.475000000e+2,1.795937500e-1,2.759921875e+0,5.070312500e-2,
3.463281250e+2,1.877812500e-1,2.759921875e+0,4.960937500e-2,
3.439531250e+2,1.878750000e-1,2.759453125e+0,2.968750000e-2,
3.459843750e+2,1.920000000e-1,2.759531250e+0,3.039062500e-2,
3.459687500e+2,1.879375000e-1,2.719140625e+0,3.953125000e-2,
3.460781250e+2,2.000937500e-1,2.518203125e+0,3.054687500e-2,
3.398750000e+2,2.163125000e-1,2.274218750e+0,6.023437500e-2,
3.480156250e+2,2.198750000e-1,2.018906250e+0,2.867187500e-2,
3.382187500e+2,2.160312500e-1,1.790468750e+0,3.125000000e-2,
3.455312500e+2,2.280625000e-1,1.554687500e+0,6.140625000e-2,
3.482968750e+2,2.280312500e-1,1.301171875e+0,5.718750000e-2,
3.399843750e+2,2.360000000e-1,1.083671875e+0,3.062500000e-2,
3.477968750e+2,2.444062500e-1,8.452343750e-1,5.968750000e-2,
3.462500000e+2,2.567812500e-1,5.989062500e-1,2.929687500e-2,
3.419843750e+2,2.683437500e-1,3.818750000e-1,5.078125000e-2,
3.419687500e+2,2.727500000e-1,1.450000000e-1,2.765625000e-2,
3.420312500e+2,2.843437500e-1,-7.765625000e-2,2.140625000e-2,
3.419218750e+2,2.888750000e-1,-2.360156250e-1,5.085937500e-2,
3.440468750e+2,3.044375000e-1,-4.742187500e-1,4.937500000e-2,
3.402500000e+2,3.082500000e-1,-6.797656250e-1,2.992187500e-2,
3.399375000e+2,3.238750000e-1,-8.802343750e-1,3.992187500e-2,
3.418125000e+2,3.400000000e-1,-1.078359375e+0,4.015625000e-2,
3.461093750e+2,3.360312500e-1,-1.258593750e+0,2.992187500e-2,
3.401718750e+2,3.431250000e-1,-1.433046875e+0,5.000000000e-2,
3.419218750e+2,3.631875000e-1,-1.577265625e+0,5.000000000e-2,
3.400156250e+2,3.710000000e-1,-1.735859375e+0,3.000000000e-2,
3.441875000e+2,3.863125000e-1,-1.931171875e+0,4.007812500e-2,
3.457187500e+2,3.950000000e-1,-2.022812500e+0,2.984375000e-2,
3.380000000e+2,4.072500000e-1,-2.178906250e+0,5.953125000e-2,
3.464687500e+2,4.149062500e-1,-2.310156250e+0,5.023437500e-2,
3.498906250e+2,4.348125000e-1,-2.359921875e+0,5.031250000e-2,
3.459687500e+2,4.439062500e-1,-2.359921875e+0,2.000000000e-2,
3.458281250e+2,4.437187500e-1,-2.359921875e+0,4.921875000e-2,
3.400156250e+2,4.520312500e-1,-2.359921875e+0,5.007812500e-2,
3.439531250e+2,4.554687500e-1,-2.359921875e+0,5.007812500e-2,
3.378437500e+2,4.754375000e-1,-2.359921875e+0,4.000000000e-2,
3.421406250e+2,4.880625000e-1,-2.359921875e+0,5.000000000e-2,
3.439843750e+2,4.916562500e-1,-2.359921875e+0,4.015625000e-2,
3.418750000e+2,5.038750000e-1,-2.359921875e+0,4.015625000e-2,
3.380000000e+2,5.235625000e-1,-2.359921875e+0,2.031250000e-2,
3.420000000e+2,5.240625000e-1,-2.359921875e+0,1.960937500e-2,
3.380312500e+2,5.239062500e-1,-2.359921875e+0,3.976562500e-2,
3.400937500e+2,5.399687500e-1,-2.359921875e+0,6.984375000e-2,
3.439843750e+2,5.480625000e-1,-2.359921875e+0,6.007812500e-2,
3.398750000e+2,5.680000000e-1,-2.359921875e+0,5.000000000e-2,
3.401562500e+2,5.639062500e-1,-2.359921875e+0,4.031250000e-2,
3.460156250e+2,5.725000000e-1,-2.359921875e+0,3.007812500e-2,
3.419218750e+2,5.841875000e-1,-2.359921875e+0,3.007812500e-2,
3.399843750e+2,5.923437500e-1,-2.359921875e+0,3.000000000e-2,
3.399531250e+2,6.039687500e-1,-2.359921875e+0,5.992187500e-2,
3.460156250e+2,5.960000000e-1,-2.359921875e+0,3.070312500e-2,
3.380000000e+2,6.038125000e-1,-2.359921875e+0,3.859375000e-2,
3.436406250e+2,6.002187500e-1,-2.359921875e+0,7.007812500e-2,
3.480000000e+2,5.998437500e-1,-2.359921875e+0,1.953125000e-2,
3.380156250e+2,6.077500000e-1,-2.359921875e+0,2.976562500e-2,
3.440000000e+2,6.196875000e-1,-2.359921875e+0,3.992187500e-2,
3.459531250e+2,6.200312500e-1,-2.359921875e+0,5.960937500e-2,
3.460000000e+2,6.199687500e-1,-2.359687500e+0,6.023437500e-2,
3.460156250e+2,6.232812500e-1,-2.359921875e+0,5.039062500e-2,
3.419531250e+2,6.307187500e-1,-2.358593750e+0,4.093750000e-2,
3.420000000e+2,6.320937500e-1,-2.359921875e+0,3.992187500e-2,
3.499375000e+2,6.239687500e-1,-2.299218750e+0,5.984375000e-2,
3.460000000e+2,6.358125000e-1,-2.191093750e+0,5.023437500e-2,
3.400937500e+2,6.319687500e-1,-2.065703125e+0,5.992187500e-2,
3.379687500e+2,6.361562500e-1,-1.960859375e+0,6.000000000e-2,
3.418281250e+2,6.200312500e-1,-1.815156250e+0,6.023437500e-2,
3.479531250e+2,6.320625000e-1,-1.635859375e+0,4.000000000e-2,
3.477500000e+2,6.200312500e-1,-1.543125000e+0,5.023437500e-2,
3.558437500e+2,6.199687500e-1,-1.346640625e+0,2.992187500e-2,
3.507187500e+2,6.282812500e-1,-1.243046875e+0,5.960937500e-2,
3.439062500e+2,6.280000000e-1,-1.065234375e+0,5.000000000e-2,
3.479843750e+2,6.000000000e-1,-9.100000000e-1,6.968750000e-2,
3.421718750e+2,6.242187500e-1,-7.189062500e-1,6.007812500e-2,
3.418593750e+2,6.119687500e-1,-5.932031250e-1,5.992187500e-2,
3.459375000e+2,6.158125000e-1,-4.128906250e-1,4.976562500e-2,
3.460156250e+2,5.919062500e-1,-2.464062500e-1,1.992187500e-2,
3.419531250e+2,5.920000000e-1,-9.984375000e-2,4.023437500e-2,
3.480000000e+2,5.834375000e-1,4.875000000e-2,3.000000000e-2,
3.400000000e+2,5.801250000e-1,2.212500000e-1,2.960937500e-2,
3.499687500e+2,5.830312500e-1,3.814843750e-1,4.968750000e-2,
3.462500000e+2,5.593125000e-1,6.071875000e-1,5.015625000e-2,
3.418750000e+2,5.599062500e-1,7.395312500e-1,3.062500000e-2,
3.496406250e+2,5.476562500e-1,9.017187500e-1,1.015625000e-2,
3.520937500e+2,5.434687500e-1,1.102656250e+0,3.976562500e-2,
3.499843750e+2,5.275000000e-1,1.246484375e+0,4.000000000e-2,
3.538906250e+2,5.195625000e-1,1.420000000e+0,4.007812500e-2,
3.561093750e+2,5.035625000e-1,1.588671875e+0,2.992187500e-2,
3.483437500e+2,4.995937500e-1,1.742734375e+0,3.984375000e-2,
3.478906250e+2,4.879687500e-1,1.880000000e+0,4.898437500e-2,
3.500937500e+2,4.844375000e-1,2.070546875e+0,7.023437500e-2,
3.460000000e+2,4.642812500e-1,2.237343750e+0,3.414062500e-2,
3.481093750e+2,4.601250000e-1,2.356953125e+0,7.500000000e-3,
3.439843750e+2,4.489687500e-1,2.506953125e+0,4.882812500e-2,
3.519531250e+2,4.406250000e-1,2.608359375e+0,4.007812500e-2,
3.500156250e+2,4.205312500e-1,2.736562500e+0,7.023437500e-2,
3.480156250e+2,4.121562500e-1,2.759921875e+0,3.984375000e-2,
3.439843750e+2,3.801875000e-1,2.759921875e+0,6.039062500e-2,
3.519687500e+2,3.603750000e-1,2.759921875e+0,4.992187500e-2,
3.460781250e+2,3.521875000e-1,2.759921875e+0,4.000000000e-2,
3.479375000e+2,3.364375000e-1,2.759921875e+0,3.015625000e-2,
3.500156250e+2,3.322812500e-1,2.759921875e+0,5.023437500e-2,
3.440937500e+2,3.242500000e-1,2.759921875e+0,3.992187500e-2,
3.440468750e+2,3.162500000e-1,2.759921875e+0,3.000000000e-2,
3.501406250e+2,2.968437500e-1,2.759921875e+0,3.992187500e-2,
3.560468750e+2,2.844687500e-1,2.759921875e+0,4.062500000e-2,
3.539531250e+2,2.682500000e-1,2.759921875e+0,8.000000000e-2,
3.539531250e+2,2.400000000e-1,2.759921875e+0,4.937500000e-2,
3.475937500e+2,2.277187500e-1,2.759921875e+0,6.007812500e-2,
3.423750000e+2,2.024687500e-1,2.759921875e+0,3.867187500e-2,
3.521250000e+2,1.959375000e-1,2.759921875e+0,4.031250000e-2,
3.479843750e+2,1.952187500e-1,2.759921875e+0,4.000000000e-2,
3.563906250e+2,1.708437500e-1,2.759921875e+0,5.085937500e-2,
3.556562500e+2,1.636250000e-1,2.759921875e+0,5.921875000e-2,
3.500000000e+2,1.554375000e-1,2.759921875e+0,4.023437500e-2,
3.540156250e+2,1.392500000e-1,2.759921875e+0,6.007812500e-2,
3.498593750e+2,1.240000000e-1,2.759921875e+0,3.921875000e-2,
3.500937500e+2,1.195937500e-1,2.759921875e+0,4.000000000e-2,
3.561250000e+2,8.393750000e-2,2.759921875e+0,4.023437500e-2,
3.559375000e+2,8.381250000e-2,2.759921875e+0,4.992187500e-2,
3.498906250e+2,6.778125000e-2,2.759921875e+0,3.015625000e-2,
3.520937500e+2,6.009375000e-2,2.759921875e+0,5.000000000e-2,
3.519687500e+2,4.015625000e-2,2.759921875e+0,7.007812500e-2,
3.519531250e+2,2.021875000e-2,2.759921875e+0,5.984375000e-2,
3.519843750e+2,2.734375000e-2,2.759921875e+0,8.031250000e-2,
3.538750000e+2,1.800000000e-2,2.759921875e+0,4.109375000e-2,
3.440000000e+2,-1.343750000e-3,2.759921875e+0,3.968750000e-2,
3.522968750e+2,-1.906250000e-2,2.759921875e+0,2.992187500e-2,
3.559062500e+2,-3.150000000e-2,2.759921875e+0,2.046875000e-2,
3.498437500e+2,-4.378125000e-2,2.759921875e+0,5.039062500e-2,
3.480156250e+2,-4.406250000e-2,2.759921875e+0,5.031250000e-2,
3.500156250e+2,-5.596875000e-2,2.759921875e+0,7.000000000e-2,
3.500468750e+2,-6.381250000e-2,2.759921875e+0,4.960937500e-2,
3.597656250e+2,-7.593750000e-2,2.759921875e+0,4.007812500e-2,
3.565468750e+2,-7.556250000e-2,2.759921875e+0,6.031250000e-2,
3.461875000e+2,-9.965625000e-2,2.759921875e+0,6.007812500e-2,
3.475781250e+2,-1.079687500e-1,2.759921875e+0,3.023437500e-2,
3.540156250e+2,-1.121562500e-1,2.759921875e+0,7.062500000e-2,
3.500625000e+2,-1.081250000e-1,2.759921875e+0,6.953125000e-2,
3.537968750e+2,-1.286250000e-1,2.759687500e+0,5.921875000e-2,
3.561093750e+2,-1.280937500e-1,2.759921875e+0,2.968750000e-2,
3.480468750e+2,-1.408437500e-1,2.759765625e+0,3.992187500e-2,
3.519843750e+2,-1.486250000e-1,2.698750000e+0,1.968750000e-2,
3.461875000e+2,-1.598437500e-1,2.608828125e+0,2.015625000e-2,
3.477968750e+2,-1.474687500e-1,2.534296875e+0,4.007812500e-2,
3.517187500e+2,-1.525000000e-1,2.407734375e+0,4.000000000e-2,
3.558437500e+2,-1.640625000e-1,2.332890625e+0,5.992187500e-2,
3.525468750e+2,-1.600312500e-1,2.212890625e+0,4.968750000e-2,
3.441718750e+2,-1.641562500e-1,2.125859375e+0,5.000000000e-2,
3.475312500e+2,-1.684375000e-1,2.014765625e+0,5.031250000e-2,
3.500625000e+2,-1.840937500e-1,1.928593750e+0,4.859375000e-2,
3.498437500e+2,-1.797500000e-1,1.829218750e+0,9.531250000e-3,
3.520781250e+2,-1.800000000e-1,1.731562500e+0,1.937500000e-2,
3.463593750e+2,-1.759687500e-1,1.618906250e+0,5.468750000e-4,
3.437656250e+2,-1.802500000e-1,1.500000000e+0,5.117187500e-2,
3.499218750e+2,-1.840625000e-1,1.422812500e+0,4.000000000e-2,
3.461718750e+2,-1.799062500e-1,1.354296875e+0,3.000000000e-2,
3.478906250e+2,-1.904375000e-1,1.259921875e+0,4.000000000e-2,
3.480937500e+2,-2.065937500e-1,1.121328125e+0,6.000000000e-2,
3.453281250e+2,-2.042500000e-1,1.052500000e+0,3.992187500e-2,
3.398437500e+2,-1.757812500e-1,9.491406250e-1,6.062500000e-2,
3.420937500e+2,-1.802500000e-1,8.662500000e-1,5.000000000e-2,
3.399062500e+2,-1.795625000e-1,7.739843750e-1,5.000000000e-2,
3.422031250e+2,-1.640000000e-1,6.925000000e-1,6.992187500e-2,
3.441718750e+2,-1.761250000e-1,6.338281250e-1,4.023437500e-2,
3.482031250e+2,-1.680000000e-1,5.100000000e-1,5.960937500e-2,
3.476718750e+2,-1.640625000e-1,4.796875000e-1,5.031250000e-2,
3.441406250e+2,-1.640000000e-1,3.667968750e-1,4.000000000e-2,
3.499531250e+2,-1.599375000e-1,2.893750000e-1,4.000000000e-2,
3.439062500e+2,-1.641250000e-1,2.094531250e-1,3.000000000e-2,
3.482187500e+2,-1.592812500e-1,1.600000000e-1,2.992187500e-2,
3.457031250e+2,-1.429062500e-1,8.054687500e-2,3.007812500e-2,
3.439375000e+2,-1.358437500e-1,1.000000000e-2,2.976562500e-2,
3.415937500e+2,-1.360625000e-1,-6.000000000e-2,4.984375000e-2,
3.356406250e+2,-1.356875000e-1,-1.347656250e-1,5.023437500e-2,
3.362500000e+2,-1.275000000e-1,-2.136718750e-1,3.953125000e-2,
3.401406250e+2,-1.198437500e-1,-2.845312500e-1,5.046875000e-2,
3.424375000e+2,-1.108125000e-1,-3.521093750e-1,2.000000000e-2,
3.481250000e+2,-8.746875000e-2,-3.844531250e-1,4.953125000e-2,
3.459687500e+2,-9.240625000e-2,-4.679687500e-1,4.968750000e-2,
3.481406250e+2,-8.684375000e-2,-5.435937500e-1,7.984375000e-2,
3.480156250e+2,-7.168750000e-2,-5.814843750e-1,2.875000000e-2,
3.501875000e+2,-7.178125000e-2,-6.328906250e-1,2.156250000e-2,
3.471875000e+2,-6.359375000e-2,-6.921093750e-1,3.984375000e-2,
3.398125000e+2,-5.887500000e-2,-7.217187500e-1,9.843750000e-3,
3.446250000e+2,-4.415625000e-2,-7.935156250e-1,3.960937500e-2,
3.480781250e+2,-5.131250000e-2,-8.723437500e-1,5.023437500e-2,
3.478125000e+2,-2.653125000e-2,-9.014062500e-1,3.078125000e-2,
3.437812500e+2,-1.965625000e-2,-9.500000000e-1,1.906250000e-2,
3.421406250e+2,-7.750000000e-3,-9.782031250e-1,3.921875000e-2,
3.437812500e+2,-4.062500000e-3,-1.024843750e+0,3.960937500e-2,
3.357031250e+2,3.500000000e-3,-1.090937500e+0,5.828125000e-2,
3.357500000e+2,1.128125000e-2,-1.135156250e+0,6.203125000e-2,
3.379843750e+2,1.987500000e-2,-1.158281250e+0,3.960937500e-2,
3.395781250e+2,3.181250000e-2,-1.198359375e+0,4.000000000e-2,
3.461250000e+2,3.553125000e-2,-1.220156250e+0,5.000000000e-2,
3.383750000e+2,5.190625000e-2,-1.240234375e+0,3.992187500e-2,
3.400312500e+2,4.415625000e-2,-1.281015625e+0,3.992187500e-2,
3.360156250e+2,5.521875000e-2,-1.310078125e+0,4.000000000e-2,
3.416562500e+2,7.534375000e-2,-1.350312500e+0,3.929687500e-2,
3.418281250e+2,8.690625000e-2,-1.369921875e+0,9.843750000e-3,
3.479062500e+2,1.036562500e-1,-1.380859375e+0,4.062500000e-2,
3.459218750e+2,1.039687500e-1,-1.422109375e+0,4.976562500e-2,
3.482656250e+2,1.079375000e-1,-1.470234375e+0,2.875000000e-2,
3.320468750e+2,1.080312500e-1,-1.480078125e+0,2.109375000e-2,
3.416250000e+2,1.243125000e-1,-1.502500000e+0,7.117187500e-2,
3.421718750e+2,1.279375000e-1,-1.540703125e+0,4.859375000e-2,
3.418750000e+2,1.319687500e-1,-1.529296875e+0,4.039062500e-2,
3.440000000e+2,1.361562500e-1,-1.530781250e+0,5.046875000e-2,
3.401875000e+2,1.520312500e-1,-1.565390625e+0,3.718750000e-2,
3.379687500e+2,1.479687500e-1,-1.608046875e+0,2.140625000e-2,
3.418125000e+2,1.645000000e-1,-1.571484375e+0,7.085937500e-2,
3.442968750e+2,1.681875000e-1,-1.633125000e+0,3.742187500e-2,
3.319687500e+2,1.719687500e-1,-1.608125000e+0,4.062500000e-2,
3.355937500e+2,1.680000000e-1,-1.610625000e+0,5.187500000e-2,
3.439375000e+2,1.769375000e-1,-1.609765625e+0,5.664062500e-2,
3.421406250e+2,1.923125000e-1,-1.610546875e+0,-2.343750000e-4,
3.435156250e+2,1.924062500e-1,-1.631718750e+0,5.164062500e-2,
3.518437500e+2,2.081875000e-1,-1.649843750e+0,5.968750000e-2,
3.464687500e+2,2.000000000e-1,-1.628906250e+0,4.000000000e-2,
3.420312500e+2,2.040000000e-1,-1.620078125e+0,5.984375000e-2,
3.420312500e+2,2.000625000e-1,-1.620078125e+0,5.023437500e-2,
3.402812500e+2,2.037187500e-1,-1.610312500e+0,4.000000000e-2,
3.361093750e+2,2.044062500e-1,-1.617812500e+0,5.000000000e-2,
3.377187500e+2,2.030937500e-1,-1.632343750e+0,5.992187500e-2,
3.421875000e+2,2.209687500e-1,-1.605000000e+0,6.078125000e-2,
3.478750000e+2,2.324062500e-1,-1.608203125e+0,4.023437500e-2,
3.399218750e+2,2.168437500e-1,-1.630156250e+0,3.015625000e-2,
3.441093750e+2,2.154062500e-1,-1.579687500e+0,2.914062500e-2,
3.398750000e+2,2.234687500e-1,-1.559921875e+0,5.937500000e-2,
3.400468750e+2,2.287187500e-1,-1.560000000e+0,7.031250000e-2,
3.400156250e+2,2.159687500e-1,-1.560156250e+0,6.023437500e-2,
3.399062500e+2,2.240312500e-1,-1.560937500e+0,5.984375000e-2,
3.401562500e+2,2.044687500e-1,-1.520156250e+0,6.015625000e-2,
3.483593750e+2,2.156250000e-1,-1.530000000e+0,4.007812500e-2,
3.499218750e+2,2.200312500e-1,-1.510078125e+0,4.000000000e-2,
3.438281250e+2,2.123125000e-1,-1.510156250e+0,3.968750000e-2,
3.379843750e+2,2.079062500e-1,-1.489843750e+0,5.960937500e-2,
3.420000000e+2,2.122812500e-1,-1.459843750e+0,6.000000000e-2,
3.440000000e+2,1.999375000e-1,-1.449687500e+0,6.007812500e-2,
3.420000000e+2,2.120312500e-1,-1.469687500e+0,5.007812500e-2,
3.440000000e+2,1.921250000e-1,-1.428437500e+0,4.984375000e-2,
3.419843750e+2,1.961250000e-1,-1.409531250e+0,6.000000000e-2,
3.419375000e+2,2.000312500e-1,-1.399453125e+0,5.000000000e-2,
3.401093750e+2,1.917500000e-1,-1.380000000e+0,4.007812500e-2,
3.480312500e+2,1.759375000e-1,-1.350000000e+0,3.054687500e-2,
3.459531250e+2,1.839062500e-1,-1.319609375e+0,1.992187500e-2,
3.460000000e+2,1.675937500e-1,-1.300156250e+0,4.000000000e-2,
3.459843750e+2,1.639687500e-1,-1.289765625e+0,5.015625000e-2,
3.460625000e+2,1.600312500e-1,-1.240156250e+0,4.000000000e-2,
3.420000000e+2,1.561250000e-1,-1.250156250e+0,5.890625000e-2,
3.458750000e+2,1.524062500e-1,-1.210234375e+0,7.007812500e-2,
3.460000000e+2,1.403125000e-1,-1.190156250e+0,3.000000000e-2,
3.479687500e+2,1.360937500e-1,-1.170859375e+0,6.976562500e-2,
3.520000000e+2,1.286250000e-1,-1.141562500e+0,6.007812500e-2,
3.418750000e+2,1.198125000e-1,-1.112343750e+0,7.960937500e-2,
3.459687500e+2,1.282500000e-1,-1.080781250e+0,7.062500000e-2,
3.500156250e+2,1.068437500e-1,-1.076328125e+0,6.039062500e-2,
3.479843750e+2,9.850000000e-2,-1.015781250e+0,5.054687500e-2,
3.500000000e+2,1.039687500e-1,-1.001796875e+0,4.992187500e-2,
3.500156250e+2,8.809375000e-2,-9.533593750e-1,5.890625000e-2,
3.480000000e+2,8.025000000e-2,-9.502343750e-1,8.000000000e-2,
3.460781250e+2,7.193750000e-2,-9.131250000e-1,6.031250000e-2,
3.420625000e+2,7.603125000e-2,-8.617187500e-1,5.015625000e-2,
3.418593750e+2,6.431250000e-2,-8.536718750e-1,4.960937500e-2,
3.498906250e+2,5.596875000e-2,-7.909375000e-1,7.015625000e-2,
3.499843750e+2,4.803125000e-2,-8.122656250e-1,4.039062500e-2,
3.501406250e+2,4.803125000e-2,-7.418750000e-1,5.960937500e-2,
3.422187500e+2,3.581250000e-2,-7.499218750e-1,7.031250000e-2,
3.457031250e+2,3.600000000e-2,-7.019531250e-1,4.085937500e-2,
3.479843750e+2,1.987500000e-2,-6.500000000e-1,2.906250000e-2,
3.480156250e+2,1.593750000e-2,-6.400000000e-1,7.984375000e-2,
3.478750000e+2,7.968750000e-3,-6.086718750e-1,5.031250000e-2,
3.520000000e+2,-9.375000000e-5,-5.783593750e-1,5.000000000e-2,
3.480156250e+2,-8.031250000e-3,-5.189843750e-1,1.984375000e-2,
3.479687500e+2,-2.421875000e-2,-5.096093750e-1,2.031250000e-2,
3.479843750e+2,-3.240625000e-2,-5.102343750e-1,3.984375000e-2,
3.459843750e+2,-4.012500000e-2,-4.496093750e-1,5.039062500e-2,
3.440000000e+2,-3.584375000e-2,-4.096875000e-1,3.914062500e-2,
3.440156250e+2,-4.071875000e-2,-3.693750000e-1,8.015625000e-2,
3.438906250e+2,-5.196875000e-2,-3.700000000e-1,3.046875000e-2,
3.498281250e+2,-5.256250000e-2,-3.096875000e-1,6.039062500e-2,
3.500156250e+2,-7.665625000e-2,-2.996093750e-1,5.015625000e-2,
3.500156250e+2,-7.178125000e-2,-2.483593750e-1,4.007812500e-2,
3.460625000e+2,-8.068750000e-2,-2.300000000e-1,2.976562500e-2,
3.459062500e+2,-1.002187500e-1,-1.902343750e-1,5.937500000e-2,
3.499531250e+2,-9.609375000e-2,-1.807812500e-1,6.015625000e-2,
3.480468750e+2,-1.080625000e-1,-1.521875000e-1,5.023437500e-2,
3.480156250e+2,-1.040625000e-1,-1.228906250e-1,4.109375000e-2,
3.460468750e+2,-1.077187500e-1,-9.242187500e-2,2.046875000e-2,
3.477187500e+2,-1.238750000e-1,-6.671875000e-2,2.921875000e-2,
3.520000000e+2,-1.164687500e-1,-1.781250000e-2,3.703125000e-2,
3.480156250e+2,-1.235312500e-1,2.343750000e-4,6.000000000e-2,
3.460156250e+2,-1.320312500e-1,-1.093750000e-3,3.937500000e-2,
3.419687500e+2,-1.280625000e-1,5.000000000e-2,4.000000000e-2,
3.519687500e+2,-1.319687500e-1,9.023437500e-2,5.054687500e-2,
3.480625000e+2,-1.354062500e-1,1.201562500e-1,6.992187500e-2,
3.480156250e+2,-1.559062500e-1,1.301562500e-1,4.000000000e-2,
3.459843750e+2,-1.515000000e-1,1.701562500e-1,6.039062500e-2,
3.480000000e+2,-1.722812500e-1,1.402343750e-1,4.968750000e-2,
3.441093750e+2,-1.442500000e-1,2.012500000e-1,3.992187500e-2,
3.440625000e+2,-1.559375000e-1,1.898437500e-1,4.000000000e-2,
3.479843750e+2,-1.476562500e-1,2.353125000e-1,3.984375000e-2,
3.438906250e+2,-1.677812500e-1,2.803906250e-1,2.992187500e-2,
3.483437500e+2,-1.522187500e-1,2.719531250e-1,4.085937500e-2,
3.537500000e+2,-1.600000000e-1,3.220312500e-1,5.007812500e-2,
3.437343750e+2,-1.760937500e-1,3.096093750e-1,3.882812500e-2,
3.465000000e+2,-1.722812500e-1,3.203906250e-1,3.156250000e-2,
3.497500000e+2,-1.798750000e-1,3.332812500e-1,6.062500000e-2,
3.461718750e+2,-1.635937500e-1,3.802343750e-1,5.000000000e-2,
3.541093750e+2,-1.727187500e-1,3.479687500e-1,5.953125000e-2,
3.476718750e+2,-1.804687500e-1,3.620312500e-1,4.007812500e-2,
3.459687500e+2,-1.836562500e-1,3.714062500e-1,6.031250000e-2,
3.460468750e+2,-1.718437500e-1,3.787500000e-1,4.992187500e-2,
3.500312500e+2,-1.720000000e-1,3.718750000e-1,5.984375000e-2,
3.458125000e+2,-1.681562500e-1,3.993750000e-1,3.929687500e-2,
3.441718750e+2,-1.800000000e-1,3.579687500e-1,4.054687500e-2,
3.520000000e+2,-1.636562500e-1,3.713281250e-1,6.000000000e-2,
3.416093750e+2,-1.641875000e-1,3.793750000e-1,4.062500000e-2,
3.399062500e+2,-1.720000000e-1,3.499218750e-1,3.000000000e-2,
3.383125000e+2,-1.681250000e-1,3.700000000e-1,3.976562500e-2,
3.501718750e+2,-1.561562500e-1,3.615625000e-1,5.000000000e-2,
3.460156250e+2,-1.596875000e-1,3.210156250e-1,3.078125000e-2,
3.440312500e+2,-1.538125000e-1,3.290625000e-1,9.765625000e-3,
3.460000000e+2,-1.402187500e-1,3.151562500e-1,2.898437500e-2,
3.419531250e+2,-1.473125000e-1,2.900000000e-1,4.007812500e-2,
3.461250000e+2,-1.520312500e-1,2.895312500e-1,5.984375000e-2,
3.479531250e+2,-1.449687500e-1,2.689062500e-1,2.937500000e-2,
3.439218750e+2,-1.240000000e-1,2.500000000e-1,3.015625000e-2,
3.419375000e+2,-1.438750000e-1,2.299218750e-1,3.007812500e-2,
3.480000000e+2,-1.361875000e-1,1.995312500e-1,4.000000000e-2,
3.421406250e+2,-1.320312500e-1,1.601562500e-1,2.984375000e-2,
3.420937500e+2,-1.244062500e-1,1.493750000e-1,3.015625000e-2,
3.398125000e+2,-1.159687500e-1,1.282812500e-1,4.992187500e-2,
3.481093750e+2,-1.200000000e-1,8.890625000e-2,4.898437500e-2,
3.382031250e+2,-1.044062500e-1,6.742187500e-2,2.031250000e-2,
3.438281250e+2,-1.039687500e-1,2.976562500e-2,5.000000000e-2,
3.420000000e+2,-9.600000000e-2,8.515625000e-3,1.976562500e-2,
3.459531250e+2,-1.040625000e-1,-3.000000000e-2,5.109375000e-2,
3.439843750e+2,-9.540625000e-2,-4.007812500e-2,4.984375000e-2,
3.460937500e+2,-9.159375000e-2,-8.078125000e-2,4.984375000e-2,
3.399843750e+2,-7.950000000e-2,-1.204687500e-1,4.007812500e-2,
3.459375000e+2,-7.540625000e-2,-1.407031250e-1,4.984375000e-2,
3.402656250e+2,-5.956250000e-2,-1.611718750e-1,3.000000000e-2,
3.434218750e+2,-5.596875000e-2,-2.232812500e-1,5.007812500e-2,
3.461718750e+2,-5.600000000e-2,-2.407812500e-1,2.953125000e-2,
3.437968750e+2,-5.581250000e-2,-2.720312500e-1,5.250000000e-2,
3.498593750e+2,-5.200000000e-2,-3.221875000e-1,7.882812500e-2,
3.461562500e+2,-5.606250000e-2,-3.503125000e-1,2.914062500e-2,
3.462656250e+2,-4.240625000e-2,-3.804687500e-1,5.070312500e-2,
3.383281250e+2,-1.568750000e-2,-4.293750000e-1,3.882812500e-2,
3.398281250e+2,-2.400000000e-2,-4.498437500e-1,4.023437500e-2,
3.400468750e+2,-1.143750000e-2,-4.600000000e-1,3.976562500e-2,
3.399531250e+2,-4.000000000e-3,-5.188281250e-1,3.000000000e-2,
3.417500000e+2,-4.000000000e-3,-5.281250000e-1,3.007812500e-2,
3.458750000e+2,-4.000000000e-3,-5.962500000e-1,5.000000000e-2,
3.462500000e+2,-9.062500000e-4,-6.092968750e-1,5.000000000e-2,
3.442031250e+2,9.718750000e-3,-6.292187500e-1,4.031250000e-2,
3.455000000e+2,2.000000000e-2,-6.277343750e-1,3.007812500e-2,
3.372500000e+2,1.590625000e-2,-6.775000000e-1,4.984375000e-2,
3.381718750e+2,1.625000000e-2,-6.887500000e-1,7.000000000e-2,
3.380781250e+2,2.400000000e-2,-7.393750000e-1,5.000000000e-2,
3.401093750e+2,2.418750000e-2,-7.197656250e-1,6.960937500e-2,
3.399687500e+2,4.800000000e-2,-7.600000000e-1,6.046875000e-2,
3.377031250e+2,3.956250000e-2,-7.598437500e-1,5.000000000e-2,
3.340156250e+2,3.206250000e-2,-7.707812500e-1,5.000000000e-2,
3.382187500e+2,5.650000000e-2,-8.001562500e-1,4.000000000e-2,
3.400781250e+2,6.012500000e-2,-8.100781250e-1,4.000000000e-2,
3.443906250e+2,7.250000000e-2,-8.100000000e-1,4.968750000e-2,
3.458125000e+2,7.165625000e-2,-8.199218750e-1,7.000000000e-2,
3.419843750e+2,7.281250000e-2,-8.400000000e-1,5.992187500e-2,
3.439843750e+2,7.971875000e-2,-8.701562500e-1,7.000000000e-2,
3.420468750e+2,7.218750000e-2,-8.798437500e-1,4.062500000e-2,
3.462812500e+2,8.437500000e-2,-8.695312500e-1,2.906250000e-2,
3.433125000e+2,7.943750000e-2,-8.710937500e-1,6.960937500e-2,
3.338437500e+2,8.065625000e-2,-8.900781250e-1,6.015625000e-2,
3.382812500e+2,9.665625000e-2,-8.682031250e-1,6.062500000e-2,
3.381718750e+2,1.041562500e-1,-8.490625000e-1,3.007812500e-2,
3.420625000e+2,1.084062500e-1,-8.394531250e-1,5.039062500e-2,
3.399218750e+2,1.118750000e-1,-8.404687500e-1,4.992187500e-2,
3.421875000e+2,1.032812500e-1,-8.498437500e-1,6.023437500e-2,
3.418906250e+2,1.002187500e-1,-8.285156250e-1,4.984375000e-2,
3.396250000e+2,1.040312500e-1,-7.991406250e-1,3.984375000e-2,
3.383437500e+2,9.931250000e-2,-7.900781250e-1,3.015625000e-2,
3.441875000e+2,1.008437500e-1,-7.786718750e-1,1.960937500e-2,
3.416406250e+2,1.122812500e-1,-7.393750000e-1,4.953125000e-2,
3.378437500e+2,1.078125000e-1,-7.496875000e-1,4.031250000e-2,
3.383125000e+2,1.121562500e-1,-7.424218750e-1,4.976562500e-2,
3.440781250e+2,1.160000000e-1,-6.930468750e-1,4.859375000e-2,
3.397031250e+2,1.122500000e-1,-6.662500000e-1,7.070312500e-2,
3.377656250e+2,1.113750000e-1,-6.221093750e-1,4.117187500e-2,
3.418125000e+2,1.160625000e-1,-6.216406250e-1,6.039062500e-2,
3.436562500e+2,1.080000000e-1,-5.619531250e-1,5.000000000e-2,
3.483125000e+2,1.158750000e-1,-5.499218750e-1,3.023437500e-2,
3.368125000e+2,1.082187500e-1,-4.896093750e-1,7.000000000e-2,
3.356250000e+2,1.039062500e-1,-4.490625000e-1,4.070312500e-2,
3.395000000e+2,1.077812500e-1,-4.201562500e-1,4.007812500e-2,
3.440156250e+2,1.121250000e-1,-3.896093750e-1,6.007812500e-2,
3.401562500e+2,1.078437500e-1,-3.396093750e-1,4.968750000e-2,
3.417656250e+2,1.120937500e-1,-3.082031250e-1,3.984375000e-2,
3.440312500e+2,1.000312500e-1,-2.591406250e-1,4.007812500e-2,
3.419687500e+2,1.036250000e-1,-2.496875000e-1,5.062500000e-2,
3.440156250e+2,1.120312500e-1,-1.660937500e-1,5.968750000e-2,
3.418750000e+2,1.119062500e-1,-1.286718750e-1,5.062500000e-2,
3.480156250e+2,1.039062500e-1,-1.088281250e-1,5.890625000e-2,
3.402187500e+2,8.384375000e-2,-6.476562500e-2,1.960937500e-2,
3.437343750e+2,8.000000000e-2,7.265625000e-3,5.195312500e-2,
3.460625000e+2,8.003125000e-2,6.335937500e-2,4.742187500e-2,
3.440312500e+2,8.806250000e-2,1.034375000e-1,3.085937500e-2,
3.458906250e+2,9.606250000e-2,1.545312500e-1,5.960937500e-2,
3.480625000e+2,9.143750000e-2,1.932812500e-1,2.937500000e-2,
3.419531250e+2,7.943750000e-2,2.453906250e-1,3.890625000e-2,
3.376562500e+2,7.137500000e-2,3.133593750e-1,1.070312500e-2,
3.519375000e+2,5.918750000e-2,3.625000000e-1,5.132812500e-2,
3.422812500e+2,5.243750000e-2,4.364843750e-1,2.937500000e-2,
3.456250000e+2,6.400000000e-2,4.904687500e-1,4.046875000e-2,
3.461718750e+2,5.156250000e-2,4.928906250e-1,3.992187500e-2,
3.441718750e+2,5.196875000e-2,5.829687500e-1,3.992187500e-2,
3.401718750e+2,6.000000000e-2,5.910156250e-1,4.984375000e-2,
3.395781250e+2,4.043750000e-2,6.595312500e-1,6.000000000e-2,
3.479687500e+2,3.981250000e-2,7.079687500e-1,4.000000000e-2,
3.421562500e+2,3.637500000e-2,7.647656250e-1,2.000000000e-2,
3.458125000e+2,3.240625000e-2,8.061718750e-1,7.000000000e-2,
3.439843750e+2,2.796875000e-2,8.431250000e-1,3.132812500e-2,
3.503281250e+2,2.846875000e-2,9.171875000e-1,5.937500000e-2,
3.518750000e+2,2.356250000e-2,9.296875000e-1,7.078125000e-2,
3.478906250e+2,3.618750000e-2,1.000156250e+0,4.101562500e-2,
3.437500000e+2,1.709375000e-2,1.040312500e+0,3.953125000e-2,
3.381406250e+2,1.209375000e-2,1.089687500e+0,5.070312500e-2,
3.482500000e+2,4.375000000e-3,1.119765625e+0,2.992187500e-2,
3.455937500e+2,-4.000000000e-3,1.158046875e+0,5.929687500e-2,
3.420625000e+2,-7.937500000e-3,1.229453125e+0,7.031250000e-2,
3.461250000e+2,-8.000000000e-3,1.270000000e+0,4.007812500e-2,
3.438281250e+2,-1.190625000e-2,1.309765625e+0,5.000000000e-2,
3.421562500e+2,-2.396875000e-2,1.329921875e+0,4.023437500e-2,
3.479062500e+2,-1.606250000e-2,1.380390625e+0,4.007812500e-2,
3.400000000e+2,-2.375000000e-2,1.430000000e+0,3.968750000e-2,
3.500000000e+2,-2.403125000e-2,1.450078125e+0,5.976562500e-2,
3.460625000e+2,-2.790625000e-2,1.460781250e+0,4.031250000e-2,
3.460625000e+2,-3.996875000e-2,1.502343750e+0,2.945312500e-2,
3.480000000e+2,-4.800000000e-2,1.562109375e+0,7.007812500e-2,
3.417500000e+2,-5.606250000e-2,1.601015625e+0,1.000000000e-2,
3.359687500e+2,-5.993750000e-2,1.640000000e+0,1.929687500e-2,
3.421093750e+2,-5.187500000e-2,1.660000000e+0,3.906250000e-2,
3.479218750e+2,-5.215625000e-2,1.640390625e+0,6.015625000e-2,
3.379375000e+2,-6.028125000e-2,1.699765625e+0,4.000000000e-2,
3.439218750e+2,-6.806250000e-2,1.700234375e+0,6.953125000e-2,
3.500625000e+2,-7.193750000e-2,1.769687500e+0,5.070312500e-2,
3.420000000e+2,-8.812500000e-2,1.779765625e+0,3.976562500e-2,
3.399843750e+2,-7.184375000e-2,1.780000000e+0,5.000000000e-2,
3.400000000e+2,-9.181250000e-2,1.780156250e+0,3.984375000e-2,
3.419687500e+2,-7.631250000e-2,1.819375000e+0,4.000000000e-2,
3.460000000e+2,-8.690625000e-2,1.820000000e+0,3.992187500e-2,
3.399687500e+2,-1.002812500e-1,1.838515625e+0,5.000000000e-2,
3.440000000e+2,-8.818750000e-2,1.849453125e+0,4.929687500e-2,
3.400312500e+2,-9.890625000e-2,1.857968750e+0,7.023437500e-2,
3.400000000e+2,-1.021562500e-1,1.869453125e+0,4.179687500e-2,
3.420000000e+2,-1.159687500e-1,1.877578125e+0,4.992187500e-2,
3.459375000e+2,-1.080625000e-1,1.901171875e+0,5.960937500e-2,
3.460000000e+2,-1.117812500e-1,1.861718750e+0,6.093750000e-2,
3.381093750e+2,-1.120000000e-1,1.878828125e+0,3.992187500e-2,
3.399062500e+2,-1.082187500e-1,1.880234375e+0,5.992187500e-2,
3.439375000e+2,-9.981250000e-2,1.889218750e+0,4.007812500e-2,
3.460000000e+2,-1.201250000e-1,1.890390625e+0,5.968750000e-2,
3.458593750e+2,-1.160625000e-1,1.880078125e+0,6.070312500e-2,
3.480781250e+2,-1.080312500e-1,1.880390625e+0,3.992187500e-2,
3.422187500e+2,-1.081562500e-1,1.860156250e+0,6.000000000e-2,
3.455937500e+2,-1.160000000e-1,1.860312500e+0,4.015625000e-2,
3.500625000e+2,-1.118750000e-1,1.850000000e+0,5.960937500e-2,
3.441718750e+2,-1.081250000e-1,1.869921875e+0,5.015625000e-2,
3.418906250e+2,-1.200625000e-1,1.817890625e+0,4.000000000e-2,
3.440312500e+2,-1.157812500e-1,1.789609375e+0,5.015625000e-2,
3.419687500e+2,-1.122187500e-1,1.779375000e+0,6.000000000e-2,
3.499687500e+2,-1.359062500e-1,1.740156250e+0,4.968750000e-2,
3.459531250e+2,-1.078125000e-1,1.730000000e+0,4.000000000e-2,
3.460000000e+2,-1.282187500e-1,1.729765625e+0,4.046875000e-2,
3.480156250e+2,-1.110937500e-1,1.679687500e+0,1.960937500e-2,
3.422343750e+2,-1.208125000e-1,1.648437500e+0,5.968750000e-2,
3.379218750e+2,-1.280937500e-1,1.610312500e+0,5.031250000e-2,
3.438437500e+2,-1.235625000e-1,1.640078125e+0,6.023437500e-2,
3.421718750e+2,-1.164375000e-1,1.578828125e+0,7.007812500e-2,
3.400156250e+2,-1.278750000e-1,1.538593750e+0,5.007812500e-2,
3.399375000e+2,-1.159687500e-1,1.500000000e+0,3.984375000e-2,
3.439218750e+2,-1.282500000e-1,1.480078125e+0,5.023437500e-2,
3.441406250e+2,-1.193437500e-1,1.442187500e+0,3.976562500e-2,
3.420156250e+2,-1.119375000e-1,1.393906250e+0,6.945312500e-2,
3.456718750e+2,-1.120000000e-1,1.341250000e+0,5.140625000e-2,
3.540781250e+2,-1.200000000e-1,1.341718750e+0,4.828125000e-2,
3.444218750e+2,-1.101562500e-1,1.289531250e+0,6.179687500e-2,
3.420312500e+2,-8.406250000e-2,1.247578125e+0,3.765625000e-2,
3.399062500e+2,-9.968750000e-2,1.191093750e+0,8.046875000e-2,
3.539843750e+2,-9.265625000e-2,1.131171875e+0,5.851562500e-2,
3.440625000e+2,-9.568750000e-2,1.130000000e+0,4.007812500e-2,
3.380312500e+2,-1.160312500e-1,1.079531250e+0,6.031250000e-2,
3.359375000e+2,-8.896875000e-2,1.020078125e+0,5.992187500e-2,
3.419062500e+2,-8.003125000e-2,9.599218750e-1,5.000000000e-2,
3.420468750e+2,-7.981250000e-2,9.201562500e-1,5.054687500e-2,
3.380000000e+2,-8.803125000e-2,8.897656250e-1,5.937500000e-2,
3.399531250e+2,-8.025000000e-2,8.476562500e-1,2.000000000e-2,
3.379531250e+2,-7.984375000e-2,7.862500000e-1,7.000000000e-2,
3.380781250e+2,-8.456250000e-2,7.450781250e-1,5.953125000e-2,
3.441250000e+2,-6.453125000e-2,6.753906250e-1,3.976562500e-2,
3.439531250e+2,-6.396875000e-2,6.364062500e-1,4.031250000e-2,
3.463437500e+2,-6.000000000e-2,5.756250000e-1,3.968750000e-2,
3.478125000e+2,-6.425000000e-2,5.485156250e-1,2.945312500e-2,
3.420000000e+2,-7.125000000e-2,5.147656250e-1,3.109375000e-2,
3.482968750e+2,-5.178125000e-2,4.353906250e-1,5.085937500e-2,
3.456093750e+2,-5.565625000e-2,3.972656250e-1,4.960937500e-2,
3.421562500e+2,-3.531250000e-2,3.457031250e-1,6.148437500e-2,
3.481093750e+2,-4.043750000e-2,3.085937500e-1,7.898437500e-2,
3.437031250e+2,-3.987500000e-2,2.850000000e-1,3.906250000e-2,
3.420625000e+2,-3.575000000e-2,2.263281250e-1,5.023437500e-2,
3.480000000e+2,-2.800000000e-2,1.960937500e-1,3.992187500e-2,
3.439218750e+2,-3.203125000e-2,1.151562500e-1,6.085937500e-2,
3.439375000e+2,-2.393750000e-2,6.562500000e-2,6.953125000e-2,
3.379531250e+2,-1.587500000e-2,8.046875000e-3,3.984375000e-2,
3.382656250e+2,-1.193750000e-2,-1.062500000e-2,2.976562500e-2,
3.440312500e+2,-8.031250000e-3,-5.023437500e-2,4.000000000e-2,
3.420156250e+2,-8.062500000e-3,-6.039062500e-2,3.992187500e-2,
3.460781250e+2,3.812500000e-3,-1.477343750e-1,5.015625000e-2,
3.459843750e+2,3.125000000e-5,-1.495312500e-1,3.000000000e-2,
3.479531250e+2,4.531250000e-3,-1.839062500e-1,4.929687500e-2,
3.420312500e+2,-4.343750000e-3,-2.398437500e-1,5.023437500e-2,
3.399531250e+2,1.087500000e-2,-3.000000000e-1,5.000000000e-2,
3.400625000e+2,8.750000000e-3,-3.214843750e-1,5.031250000e-2,
3.460937500e+2,-1.240625000e-2,-3.725781250e-1,5.968750000e-2,
3.439062500e+2,1.609375000e-2,-4.200000000e-1,3.992187500e-2,
3.399843750e+2,1.200000000e-2,-4.303125000e-1,4.984375000e-2,
3.440000000e+2,2.800000000e-2,-4.506250000e-1,3.000000000e-2,
3.419843750e+2,1.590625000e-2,-5.099218750e-1,6.023437500e-2,
3.458906250e+2,3.140625000e-2,-5.008593750e-1,5.968750000e-2,
3.440468750e+2,4.000000000e-2,-5.520312500e-1,4.000000000e-2,
3.423125000e+2,3.590625000e-2,-5.709375000e-1,5.062500000e-2,
3.358906250e+2,3.565625000e-2,-6.129687500e-1,5.976562500e-2,
3.438750000e+2,4.403125000e-2,-6.300781250e-1,3.929687500e-2,
3.400156250e+2,4.425000000e-2,-6.513281250e-1,4.046875000e-2,
3.439531250e+2,5.200000000e-2,-6.800000000e-1,6.070312500e-2,
3.419531250e+2,4.340625000e-2,-6.796875000e-1,7.000000000e-2,
3.479687500e+2,4.428125000e-2,-6.911718750e-1,7.007812500e-2,
3.440625000e+2,4.787500000e-2,-7.603906250e-1,6.992187500e-2,
3.460625000e+2,4.384375000e-2,-7.288281250e-1,3.945312500e-2,
3.402031250e+2,5.271875000e-2,-7.510937500e-1,2.031250000e-2,
3.419218750e+2,7.212500000e-2,-7.906250000e-1,6.023437500e-2,
3.383281250e+2,5.953125000e-2,-7.805468750e-1,2.023437500e-2,
3.376875000e+2,5.218750000e-2,-8.000781250e-1,8.156250000e-2,
3.436406250e+2,6.012500000e-2,-7.909375000e-1,4.843750000e-2,
3.441875000e+2,6.000000000e-2,-8.407812500e-1,5.070312500e-2,
3.419062500e+2,6.403125000e-2,-8.395312500e-1,6.039062500e-2,
3.456875000e+2,6.418750000e-2,-8.101562500e-1,5.867187500e-2,
3.462656250e+2,7.193750000e-2,-8.302343750e-1,4.015625000e-2,
3.383593750e+2,6.396875000e-2,-8.300000000e-1,6.039062500e-2,
3.375156250e+2,7.196875000e-2,-8.393750000e-1,5.000000000e-2,
3.460937500e+2,6.421875000e-2,-8.609375000e-1,4.000000000e-2,
3.363593750e+2,6.768750000e-2,-8.207812500e-1,5.000000000e-2,
3.372968750e+2,6.756250000e-2,-8.473437500e-1,6.000000000e-2,
3.442500000e+2,7.246875000e-2,-8.414843750e-1,4.031250000e-2,
3.416875000e+2,6.387500000e-2,-8.409375000e-1,4.078125000e-2,
3.421562500e+2,6.412500000e-2,-8.204687500e-1,5.992187500e-2,
3.419375000e+2,6.800000000e-2,-8.303906250e-1,5.000000000e-2,
3.395312500e+2,6.803125000e-2,-7.916406250e-1,3.992187500e-2,
3.385625000e+2,7.206250000e-2,-7.699218750e-1,3.007812500e-2,
3.480312500e+2,7.200000000e-2,-7.800000000e-1,3.945312500e-2,
3.417812500e+2,6.362500000e-2,-7.700000000e-1,5.992187500e-2,
3.440312500e+2,5.200000000e-2,-7.801562500e-1,5.015625000e-2,
3.396718750e+2,6.837500000e-2,-7.799218750e-1,4.992187500e-2,
3.381250000e+2,6.756250000e-2,-7.597656250e-1,5.000000000e-2,
3.420625000e+2,5.556250000e-2,-7.200000000e-1,3.007812500e-2,
3.399062500e+2,5.643750000e-2,-7.100000000e-1,3.968750000e-2,
3.422812500e+2,6.006250000e-2,-7.200000000e-1,4.953125000e-2,
3.439531250e+2,5.543750000e-2,-7.098437500e-1,7.007812500e-2,
3.417187500e+2,5.228125000e-2,-6.464062500e-1,4.039062500e-2,
3.423750000e+2,5.571875000e-2,-6.203125000e-1,4.023437500e-2,
3.480156250e+2,4.812500000e-2,-6.403125000e-1,2.937500000e-2,
3.436718750e+2,5.596875000e-2,-6.297656250e-1,6.976562500e-2,
3.442500000e+2,4.787500000e-2,-6.284375000e-1,5.039062500e-2,
3.435625000e+2,5.190625000e-2,-5.871093750e-1,5.984375000e-2,
3.376875000e+2,4.818750000e-2,-5.692187500e-1,6.000000000e-2,
3.381718750e+2,5.593750000e-2,-5.487500000e-1,5.960937500e-2,
3.403281250e+2,4.278125000e-2,-5.298437500e-1,3.984375000e-2,
3.442187500e+2,3.109375000e-2,-5.289062500e-1,6.023437500e-2,
3.438125000e+2,2.406250000e-2,-4.884375000e-1,5.984375000e-2,
3.417656250e+2,3.331250000e-2,-4.692968750e-1,5.000000000e-2,
3.399375000e+2,3.987500000e-2,-4.494531250e-1,4.039062500e-2,
3.400625000e+2,3.112500000e-2,-4.493750000e-1,2.968750000e-2,
3.421406250e+2,2.840625000e-2,-4.200781250e-1,4.914062500e-2,
3.439062500e+2,3.596875000e-2,-3.928906250e-1,4.132812500e-2,
3.421093750e+2,2.403125000e-2,-3.410156250e-1,3.843750000e-2,
3.437656250e+2,2.365625000e-2,-3.514843750e-1,6.789062500e-2,
3.358906250e+2,3.146875000e-2,-3.155468750e-1,7.250000000e-2,
3.437656250e+2,2.818750000e-2,-3.101562500e-1,4.976562500e-2,
3.399843750e+2,1.212500000e-2,-2.910937500e-1,5.000000000e-2,
3.458906250e+2,1.609375000e-2,-2.700781250e-1,2.984375000e-2,
3.402656250e+2,4.218750000e-3,-2.398437500e-1,4.007812500e-2,
3.420625000e+2,3.906250000e-3,-2.294531250e-1,6.046875000e-2,
3.363593750e+2,3.875000000e-3,-2.100781250e-1,3.000000000e-2,
3.378593750e+2,8.218750000e-3,-1.997656250e-1,5.960937500e-2,
3.360312500e+2,3.125000000e-5,-1.595312500e-1,9.765625000e-3,
3.397500000e+2,7.906250000e-3,-1.392968750e-1,4.015625000e-2,
3.439062500e+2,6.250000000e-5,-1.196093750e-1,2.023437500e-2,
3.478906250e+2,-1.150000000e-2,-1.200000000e-1,6.054687500e-2,
3.480781250e+2,-1.581250000e-2,-9.906250000e-2,2.929687500e-2,
3.420000000e+2,3.937500000e-3,-7.773437500e-2,4.171875000e-2,
3.459843750e+2,-1.612500000e-2,-5.070312500e-2,6.000000000e-2,
3.402031250e+2,-1.596875000e-2,-6.796875000e-2,4.953125000e-2,
3.418281250e+2,-2.412500000e-2,-1.765625000e-2,5.054687500e-2,
3.439843750e+2,-2.800000000e-2,-2.984375000e-2,3.625000000e-2,
3.440156250e+2,-1.987500000e-2,2.265625000e-3,9.375000000e-4,
3.439843750e+2,-7.968750000e-3,1.109375000e-2,6.304687500e-2,
3.440312500e+2,-1.650000000e-2,3.101562500e-2,5.796875000e-2,
3.419843750e+2,-2.453125000e-2,4.187500000e-2,5.023437500e-2,
3.418125000e+2,-3.206250000e-2,5.937500000e-2,4.929687500e-2,
3.479843750e+2,-2.346875000e-2,5.164062500e-2,2.835937500e-2,
3.440468750e+2,-2.028125000e-2,1.129687500e-1,2.023437500e-2,
3.460312500e+2,-2.837500000e-2,9.742187500e-2,4.085937500e-2,
3.420781250e+2,-3.190625000e-2,8.179687500e-2,5.992187500e-2,
3.457968750e+2,-2.800000000e-2,1.308593750e-1,4.007812500e-2,
3.442031250e+2,-3.600000000e-2,1.096875000e-1,3.992187500e-2,
3.399687500e+2,-3.231250000e-2,1.398437500e-1,4.968750000e-2,
3.436718750e+2,-2.409375000e-2,1.401562500e-1,7.000000000e-2,
3.477187500e+2,-2.762500000e-2,1.501562500e-1,5.000000000e-2,
3.501562500e+2,-3.156250000e-2,1.450000000e-1,5.984375000e-2,
3.437656250e+2,-3.587500000e-2,1.814843750e-1,6.062500000e-2,
3.380468750e+2,-3.575000000e-2,1.509375000e-1,5.976562500e-2,
3.462656250e+2,-4.006250000e-2,1.699218750e-1,7.078125000e-2,
3.476093750e+2,-3.256250000e-2,1.599218750e-1,3.039062500e-2,
3.357812500e+2,-3.184375000e-2,1.700000000e-1,5.929687500e-2,
3.361562500e+2,-3.546875000e-2,1.700000000e-1,6.054687500e-2,
3.380312500e+2,-4.025000000e-2,1.699218750e-1,5.984375000e-2,
3.401406250e+2,-2.406250000e-2,1.600781250e-1,6.007812500e-2,
3.441406250e+2,-2.781250000e-2,1.697656250e-1,5.023437500e-2,
3.459375000e+2,-2.793750000e-2,1.800000000e-1,3.992187500e-2,
3.440156250e+2,-3.600000000e-2,1.699218750e-1,6.000000000e-2,
3.460000000e+2,-2.821875000e-2,1.899218750e-1,4.085937500e-2,
3.418906250e+2,-2.800000000e-2,1.397656250e-1,2.000000000e-2,
3.420000000e+2,-2.418750000e-2,1.299218750e-1,3.929687500e-2,
3.460000000e+2,-2.375000000e-2,1.000000000e-1,6.945312500e-2,
3.420468750e+2,-3.209375000e-2,1.202343750e-1,7.007812500e-2,
3.400312500e+2,-2.000000000e-2,1.092968750e-1,6.007812500e-2,
3.440312500e+2,-3.612500000e-2,9.960937500e-2,5.007812500e-2,
3.439062500e+2,-2.784375000e-2,8.976562500e-2,3.000000000e-2,
3.399218750e+2,-1.596875000e-2,8.000000000e-2,2.968750000e-2,
3.420781250e+2,-2.440625000e-2,7.000000000e-2,4.921875000e-2,
3.479687500e+2,-3.178125000e-2,8.945312500e-2,6.007812500e-2,
3.399375000e+2,-1.587500000e-2,3.015625000e-2,5.000000000e-2,
3.419687500e+2,-2.003125000e-2,5.000000000e-2,6.007812500e-2,
3.440000000e+2,-1.600000000e-2,3.007812500e-2,4.046875000e-2,
3.440000000e+2,-2.390625000e-2,1.992187500e-2,4.890625000e-2,
3.459843750e+2,-2.015625000e-2,-1.984375000e-2,7.007812500e-2,
3.440000000e+2,-2.006250000e-2,-2.984375000e-2,2.976562500e-2,
3.420156250e+2,-1.603125000e-2,-2.960937500e-2,4.984375000e-2,
3.400000000e+2,-1.971875000e-2,-4.882812500e-2,4.000000000e-2,
3.540156250e+2,-2.062500000e-2,-6.890625000e-2,5.968750000e-2,
3.420468750e+2,-4.812500000e-3,-8.765625000e-2,5.945312500e-2,
3.419687500e+2,-1.875000000e-4,-1.071875000e-1,7.125000000e-2,
3.399687500e+2,1.093750000e-3,-1.196875000e-1,2.164062500e-2,
3.420000000e+2,-7.937500000e-3,-1.278906250e-1,4.984375000e-2,
3.480000000e+2,-4.062500000e-3,-1.666406250e-1,6.085937500e-2,
3.420000000e+2,6.250000000e-5,-1.887500000e-1,4.054687500e-2,
3.400625000e+2,-3.125000000e-5,-2.087500000e-1,3.984375000e-2,
3.360000000e+2,1.187500000e-2,-2.292187500e-1,4.000000000e-2,
3.399218750e+2,1.178125000e-2,-2.373437500e-1,4.953125000e-2,
3.437968750e+2,1.987500000e-2,-2.883593750e-1,7.000000000e-2,
3.500625000e+2,3.968750000e-3,-2.909375000e-1,5.078125000e-2,
3.422343750e+2,2.393750000e-2,-2.893750000e-1,3.976562500e-2,
3.417656250e+2,1.596875000e-2,-3.189843750e-1,6.960937500e-2,
3.440000000e+2,2.800000000e-2,-3.496875000e-1,6.031250000e-2,
3.420937500e+2,2.400000000e-2,-3.400000000e-1,5.992187500e-2,
3.400781250e+2,3.625000000e-2,-3.606250000e-1,5.992187500e-2,
3.379843750e+2,3.993750000e-2,-4.111718750e-1,6.015625000e-2,
3.399843750e+2,2.771875000e-2,-4.097656250e-1,3.984375000e-2,
3.380000000e+2,1.990625000e-2,-4.003125000e-1,4.000000000e-2,
3.379687500e+2,2.443750000e-2,-4.198437500e-1,5.023437500e-2,
3.400000000e+2,5.237500000e-2,-4.597656250e-1,6.000000000e-2,
3.380000000e+2,4.393750000e-2,-4.900781250e-1,5.031250000e-2,
3.400000000e+2,5.734375000e-2,-4.800000000e-1,3.031250000e-2,
3.379531250e+2,6.362500000e-2,-4.904687500e-1,2.000000000e-2,
3.438281250e+2,5.165625000e-2,-5.001562500e-1,3.921875000e-2,
3.442187500e+2,5.637500000e-2,-5.199218750e-1,8.039062500e-2,
3.399218750e+2,6.412500000e-2,-5.101562500e-1,8.031250000e-2,
3.458906250e+2,6.406250000e-2,-5.406250000e-1,4.007812500e-2,
3.460625000e+2,6.381250000e-2,-5.400000000e-1,5.960937500e-2,
3.440625000e+2,6.050000000e-2,-5.799218750e-1,6.054687500e-2,
3.401093750e+2,8.021875000e-2,-5.603906250e-1,4.015625000e-2,
3.400000000e+2,6.787500000e-2,-5.784375000e-1,4.851562500e-2,
3.399375000e+2,7.578125000e-2,-5.810156250e-1,7.125000000e-2,
3.438281250e+2,7.603125000e-2,-5.792187500e-1,2.265625000e-2,
3.442656250e+2,7.212500000e-2,-5.822656250e-1,3.531250000e-2,
3.380156250e+2,7.515625000e-2,-5.681250000e-1,7.070312500e-2,
3.399531250e+2,8.375000000e-2,-5.897656250e-1,4.968750000e-2,
3.419843750e+2,8.421875000e-2,-5.897656250e-1,6.031250000e-2,
3.420156250e+2,8.384375000e-2,-6.100000000e-1,6.015625000e-2,
3.360156250e+2,1.039062500e-1,-6.000000000e-1,7.984375000e-2,
3.359375000e+2,1.044687500e-1,-6.000000000e-1,3.976562500e-2,
3.399531250e+2,9.206250000e-2,-5.899218750e-1,3.000000000e-2,
3.399843750e+2,9.590625000e-2,-5.798437500e-1,6.054687500e-2,
3.420000000e+2,9.209375000e-2,-5.898437500e-1,7.007812500e-2,
3.379375000e+2,9.962500000e-2,-5.592187500e-1,5.984375000e-2,
3.440156250e+2,1.158125000e-1,-5.614062500e-1,3.000000000e-2,
3.400156250e+2,1.128437500e-1,-5.801562500e-1,6.015625000e-2,
3.438281250e+2,9.618750000e-2,-5.685937500e-1,3.984375000e-2,
3.339687500e+2,1.037812500e-1,-5.602343750e-1,5.046875000e-2,
3.423593750e+2,1.080000000e-1,-5.472656250e-1,3.906250000e-2,
3.421406250e+2,9.593750000e-2,-4.973437500e-1,3.031250000e-2,
3.478593750e+2,1.090312500e-1,-4.900781250e-1,4.015625000e-2,
3.375468750e+2,1.159375000e-1,-4.898437500e-1,2.875000000e-2,
3.382343750e+2,1.119687500e-1,-4.779687500e-1,3.117187500e-2,
3.421875000e+2,1.162187500e-1,-4.608593750e-1,6.109375000e-2,
3.460937500e+2,1.157500000e-1,-4.679687500e-1,5.867187500e-2,
3.459531250e+2,1.163437500e-1,-4.267187500e-1,4.062500000e-2,
3.460312500e+2,1.197500000e-1,-4.192187500e-1,5.960937500e-2,
3.458593750e+2,1.040000000e-1,-3.987500000e-1,2.960937500e-2,
3.378281250e+2,1.121875000e-1,-3.891406250e-1,5.039062500e-2,
3.381562500e+2,1.160000000e-1,-3.675000000e-1,3.945312500e-2,
3.419531250e+2,1.200625000e-1,-3.391406250e-1,4.000000000e-2,
3.360000000e+2,1.199687500e-1,-3.297656250e-1,4.062500000e-2,
3.443125000e+2,1.200000000e-1,-2.896875000e-1,1.000000000e-2,
3.458750000e+2,1.199687500e-1,-2.498437500e-1,2.976562500e-2,
3.418906250e+2,1.239062500e-1,-2.405468750e-1,4.976562500e-2,
3.400000000e+2,1.206875000e-1,-2.216406250e-1,6.007812500e-2,
3.420000000e+2,1.148750000e-1,-2.030468750e-1,4.984375000e-2,
3.400000000e+2,1.281562500e-1,-1.789843750e-1,6.007812500e-2,
3.421406250e+2,1.165000000e-1,-1.800000000e-1,5.000000000e-2,
3.481093750e+2,1.199375000e-1,-1.187500000e-1,6.023437500e-2,
3.478437500e+2,1.120937500e-1,-1.189843750e-1,4.906250000e-2,
3.419843750e+2,1.160000000e-1,-5.984375000e-2,3.070312500e-2,
3.459062500e+2,1.119375000e-1,-5.968750000e-2,5.992187500e-2,
3.458906250e+2,1.278750000e-1,-3.960937500e-2,1.953125000e-2,
3.320625000e+2,1.199062500e-1,9.531250000e-3,3.039062500e-2,
3.415312500e+2,1.198437500e-1,4.101562500e-2,5.992187500e-2,
3.421250000e+2,1.200937500e-1,6.117187500e-2,3.007812500e-2,
3.437656250e+2,1.120000000e-1,9.125000000e-2,3.046875000e-2,
3.478593750e+2,1.162187500e-1,1.100781250e-1,4.000000000e-2,
3.462656250e+2,1.080625000e-1,1.103906250e-1,3.992187500e-2,
3.399218750e+2,1.245000000e-1,1.822656250e-1,4.000000000e-2,
3.460468750e+2,1.194062500e-1,1.996875000e-1,4.007812500e-2,
3.360937500e+2,1.117812500e-1,2.304687500e-1,3.984375000e-2,
3.398125000e+2,1.120937500e-1,2.806250000e-1,2.984375000e-2,
3.420312500e+2,1.116250000e-1,3.000000000e-1,3.007812500e-2,
3.419375000e+2,1.081250000e-1,3.111718750e-1,5.023437500e-2,
3.439531250e+2,1.162500000e-1,3.406250000e-1,5.984375000e-2,
3.422187500e+2,1.158125000e-1,3.728125000e-1,5.000000000e-2,
3.401562500e+2,1.079375000e-1,4.113281250e-1,6.007812500e-2,
3.397031250e+2,1.121250000e-1,4.210937500e-1,6.078125000e-2,
3.458593750e+2,1.120312500e-1,4.503906250e-1,7.960937500e-2,
3.422500000e+2,1.118750000e-1,4.608593750e-1,4.898437500e-2,
3.418593750e+2,1.042812500e-1,5.406250000e-1,5.023437500e-2,
3.437656250e+2,1.160000000e-1,5.502343750e-1,3.781250000e-2,
3.461718750e+2,1.036562500e-1,5.603906250e-1,2.070312500e-2,
3.383281250e+2,1.040312500e-1,6.100000000e-1,4.976562500e-2,
3.377656250e+2,1.000000000e-1,6.096093750e-1,1.000000000e-2,
3.435468750e+2,1.001250000e-1,6.378906250e-1,2.007812500e-2,
3.462812500e+2,9.603125000e-2,6.678125000e-1,3.000000000e-2,
3.379062500e+2,9.959375000e-2,6.903125000e-1,3.984375000e-2,
3.445312500e+2,9.996875000e-2,6.925000000e-1,6.929687500e-2,
3.417031250e+2,9.996875000e-2,7.570312500e-1,6.859375000e-2,
3.444843750e+2,9.593750000e-2,7.503125000e-1,3.007812500e-2,
3.435781250e+2,9.593750000e-2,7.784375000e-1,4.000000000e-2,
3.398437500e+2,8.781250000e-2,7.997656250e-1,4.007812500e-2,
3.423593750e+2,8.409375000e-2,8.178906250e-1,6.007812500e-2,
3.460156250e+2,9.600000000e-2,8.900000000e-1,3.039062500e-2,
3.438125000e+2,9.187500000e-2,8.395312500e-1,3.960937500e-2,
3.419375000e+2,9.600000000e-2,8.710937500e-1,4.992187500e-2,
3.398750000e+2,9.568750000e-2,8.800781250e-1,5.000000000e-2,
3.401562500e+2,8.387500000e-2,9.001562500e-1,5.000000000e-2,
3.463281250e+2,8.818750000e-2,9.200000000e-1,5.976562500e-2,
3.457968750e+2,8.321875000e-2,9.397656250e-1,6.085937500e-2,
3.416562500e+2,8.071875000e-2,9.700000000e-1,2.976562500e-2,
3.402968750e+2,8.765625000e-2,9.596093750e-1,6.976562500e-2,
3.438906250e+2,7.562500000e-2,9.737500000e-1,4.085937500e-2,
3.400156250e+2,8.012500000e-2,1.040703125e+0,1.921875000e-2,
3.440781250e+2,7.581250000e-2,1.008906250e+0,5.929687500e-2,
3.394375000e+2,7.590625000e-2,1.031406250e+0,5.062500000e-2,
3.383593750e+2,7.625000000e-2,1.028906250e+0,2.078125000e-2,
3.444062500e+2,8.406250000e-2,1.032812500e+0,1.953125000e-2,
3.461250000e+2,7.500000000e-2,1.081562500e+0,6.062500000e-2,
3.480000000e+2,6.828125000e-2,1.069140625e+0,5.984375000e-2,
3.482812500e+2,7.134375000e-2,1.070156250e+0,4.882812500e-2,
3.496406250e+2,6.496875000e-2,1.070312500e+0,3.007812500e-2,
3.437343750e+2,8.412500000e-2,1.080078125e+0,6.039062500e-2,
3.437500000e+2,6.671875000e-2,1.080156250e+0,6.000000000e-2,
3.376406250e+2,7.262500000e-2,1.090078125e+0,6.023437500e-2,
3.383593750e+2,7.171875000e-2,1.079687500e+0,4.031250000e-2,
3.419375000e+2,6.753125000e-2,1.070000000e+0,4.875000000e-2,
3.377812500e+2,6.415625000e-2,1.079375000e+0,5.164062500e-2,
3.404843750e+2,7.993750000e-2,1.088750000e+0,3.781250000e-2,
3.458125000e+2,7.668750000e-2,1.100390625e+0,8.804687500e-2,
3.379531250e+2,7.087500000e-2,1.084375000e+0,6.523437500e-2,
3.456875000e+2,8.015625000e-2,1.070234375e+0,3.984375000e-2,
3.421875000e+2,6.003125000e-2,1.069921875e+0,4.000000000e-2,
3.438906250e+2,7.968750000e-2,1.079765625e+0,2.992187500e-2,
3.436406250e+2,6.440625000e-2,1.089843750e+0,4.007812500e-2,
3.500000000e+2,5.981250000e-2,1.049218750e+0,5.015625000e-2,
3.427031250e+2,6.375000000e-2,1.050234375e+0,4.000000000e-2,
3.417812500e+2,7.181250000e-2,1.059843750e+0,5.015625000e-2,
3.438437500e+2,6.856250000e-2,1.040156250e+0,3.968750000e-2,
3.460468750e+2,6.746875000e-2,1.060078125e+0,4.039062500e-2,
3.421093750e+2,9.193750000e-2,1.028515625e+0,7.078125000e-2,
3.418281250e+2,8.462500000e-2,1.010000000e+0,6.843750000e-2,
3.479687500e+2,7.603125000e-2,1.009843750e+0,2.976562500e-2,
3.441875000e+2,7.996875000e-2,9.995312500e-1,5.085937500e-2,
3.419843750e+2,7.190625000e-2,9.775000000e-1,3.906250000e-2,
3.420156250e+2,6.809375000e-2,9.408593750e-1,2.968750000e-2,
3.419375000e+2,7.593750000e-2,9.812500000e-1,3.062500000e-2,
3.440000000e+2,6.803125000e-2,9.355468750e-1,2.765625000e-2,
3.420312500e+2,8.406250000e-2,9.089062500e-1,4.687500000e-4,
3.439375000e+2,7.978125000e-2,8.992968750e-1,4.218750000e-2,
3.440781250e+2,8.468750000e-2,9.009375000e-1,3.859375000e-2,
3.399687500e+2,9.128125000e-2,9.095312500e-1,2.960937500e-2,
3.358593750e+2,7.165625000e-2,8.883593750e-1,3.117187500e-2,
3.439062500e+2,8.453125000e-2,8.696093750e-1,3.882812500e-2,
3.402500000e+2,8.421875000e-2,8.585156250e-1,2.031250000e-2,
3.395937500e+2,8.753125000e-2,8.279687500e-1,6.140625000e-2,
3.477500000e+2,7.206250000e-2,8.103906250e-1,6.968750000e-2,
3.443750000e+2,9.193750000e-2,8.192187500e-1,4.000000000e-2,
3.400468750e+2,8.800000000e-2,7.895312500e-1,5.976562500e-2,
3.381875000e+2,8.378125000e-2,8.000781250e-1,6.015625000e-2,
3.358437500e+2,9.175000000e-2,7.619531250e-1,5.000000000e-2,
3.416406250e+2,9.540625000e-2,7.503125000e-1,6.000000000e-2,
3.422343750e+2,1.040937500e-1,7.343750000e-1,4.007812500e-2,
3.421250000e+2,9.362500000e-2,7.126562500e-1,4.921875000e-2,
3.458593750e+2,9.137500000e-2,7.013281250e-1,5.007812500e-2,
3.378750000e+2,9.975000000e-2,6.701562500e-1,4.960937500e-2,
3.400937500e+2,9.990625000e-2,6.500000000e-1,6.015625000e-2,
3.358281250e+2,1.039062500e-1,6.399218750e-1,4.992187500e-2,
3.363281250e+2,1.002187500e-1,6.301562500e-1,6.023437500e-2,
3.461718750e+2,9.996875000e-2,5.897656250e-1,4.046875000e-2,
3.415000000e+2,9.996875000e-2,5.796093750e-1,4.953125000e-2,
3.382187500e+2,1.038750000e-1,5.899218750e-1,6.023437500e-2,
3.459843750e+2,1.039687500e-1,5.700000000e-1,3.007812500e-2,
3.399687500e+2,1.079375000e-1,5.501562500e-1,3.984375000e-2,
3.482187500e+2,1.158750000e-1,5.298437500e-1,6.031250000e-2,
3.477968750e+2,1.159687500e-1,4.999218750e-1,3.992187500e-2,
3.420000000e+2,1.277187500e-1,5.099218750e-1,5.992187500e-2,
3.480000000e+2,1.281562500e-1,4.701562500e-1,4.023437500e-2,
3.420625000e+2,1.239687500e-1,4.800000000e-1,5.000000000e-2,
3.379375000e+2,1.240625000e-1,4.482812500e-1,3.015625000e-2,
3.380781250e+2,1.119687500e-1,4.196875000e-1,3.992187500e-2,
3.459375000e+2,1.200625000e-1,4.299218750e-1,5.000000000e-2,
3.358281250e+2,1.240312500e-1,4.200000000e-1,5.023437500e-2,
3.400625000e+2,1.280000000e-1,4.100000000e-1,3.046875000e-2,
3.419843750e+2,1.240312500e-1,3.893750000e-1,2.992187500e-2,
3.399687500e+2,1.321875000e-1,3.600781250e-1,4.000000000e-2,
3.380000000e+2,1.360312500e-1,3.699218750e-1,5.015625000e-2,
3.379843750e+2,1.360000000e-1,3.402343750e-1,3.039062500e-2,
3.400000000e+2,1.322187500e-1,3.098437500e-1,2.937500000e-2,
3.479218750e+2,1.276250000e-1,2.900000000e-1,4.992187500e-2,
3.460000000e+2,1.437812500e-1,3.102343750e-1,4.992187500e-2,
3.500156250e+2,1.401562500e-1,2.910937500e-1,5.000000000e-2,
3.400000000e+2,1.364062500e-1,2.512500000e-1,5.000000000e-2,
3.380625000e+2,1.275625000e-1,2.485156250e-1,5.000000000e-2,
3.419687500e+2,1.470312500e-1,2.531250000e-1,4.992187500e-2,
3.459531250e+2,1.452812500e-1,2.140625000e-1,5.031250000e-2,
3.459062500e+2,1.426250000e-1,2.092968750e-1,4.039062500e-2,
3.360000000e+2,1.480000000e-1,1.934375000e-1,4.000000000e-2,
3.458750000e+2,1.360625000e-1,1.606250000e-1,3.046875000e-2,
3.440000000e+2,1.357187500e-1,1.701562500e-1,2.953125000e-2,
3.401250000e+2,1.439062500e-1,1.506250000e-1,3.976562500e-2,
3.340937500e+2,1.520000000e-1,1.596093750e-1,4.015625000e-2,
3.319843750e+2,1.480000000e-1,1.509375000e-1,3.976562500e-2,
3.357500000e+2,1.520312500e-1,1.410937500e-1,5.992187500e-2,
3.456562500e+2,1.599375000e-1,1.103906250e-1,5.968750000e-2,
3.479687500e+2,1.640312500e-1,1.113281250e-1,7.984375000e-2,
3.482500000e+2,1.520000000e-1,6.007812500e-2,7.070312500e-2,
3.438750000e+2,1.560000000e-1,9.000000000e-2,5.015625000e-2,
3.462812500e+2,1.480937500e-1,6.000000000e-2,5.000000000e-2,
3.321875000e+2,1.681562500e-1,7.992187500e-2,4.015625000e-2,
3.376875000e+2,1.598750000e-1,4.945312500e-2,3.968750000e-2,
3.400468750e+2,1.600625000e-1,7.062500000e-2,7.015625000e-2,
3.399843750e+2,1.598750000e-1,6.960937500e-2,6.992187500e-2,
3.420000000e+2,1.480625000e-1,4.023437500e-2,4.992187500e-2,
3.420000000e+2,1.644062500e-1,2.000000000e-2,6.000000000e-2,
3.439843750e+2,1.597500000e-1,3.992187500e-2,4.007812500e-2,
3.400000000e+2,1.652187500e-1,9.921875000e-3,6.921875000e-2,
3.420625000e+2,1.753437500e-1,2.007812500e-2,8.015625000e-2,
3.379062500e+2,1.514687500e-1,1.000000000e-2,5.101562500e-2,
3.459062500e+2,1.647500000e-1,2.000000000e-2,2.023437500e-2,
3.419843750e+2,1.670312500e-1,-4.687500000e-4,5.976562500e-2,
3.460468750e+2,1.479062500e-1,-9.765625000e-3,5.000000000e-2,
3.361250000e+2,1.601875000e-1,0.000000000e+0,5.015625000e-2,
3.398437500e+2,1.558750000e-1,-1.007812500e-2,3.960937500e-2,
3.420625000e+2,1.601562500e-1,4.687500000e-4,6.976562500e-2,
3.419843750e+2,1.600312500e-1,-2.875000000e-2,6.070312500e-2,
3.438750000e+2,1.640937500e-1,-2.882812500e-2,5.031250000e-2,
3.460781250e+2,1.559062500e-1,-5.054687500e-2,4.046875000e-2,
3.403906250e+2,1.717187500e-1,-2.218750000e-2,4.742187500e-2,
3.399062500e+2,1.607500000e-1,-3.656250000e-2,7.828125000e-2,
3.519531250e+2,1.639375000e-1,-3.992187500e-2,6.960937500e-2,
3.460312500e+2,1.563125000e-1,-5.007812500e-2,4.921875000e-2,
3.420156250e+2,1.559375000e-1,-2.000000000e-2,4.015625000e-2,
3.400156250e+2,1.560000000e-1,-7.812500000e-5,6.000000000e-2,
3.380156250e+2,1.519687500e-1,-3.976562500e-2,3.984375000e-2,
3.398906250e+2,1.560000000e-1,-3.976562500e-2,3.000000000e-2,
3.459843750e+2,1.520625000e-1,-3.984375000e-2,4.125000000e-2,
3.459843750e+2,1.557812500e-1,-6.015625000e-2,7.960937500e-2,
3.479375000e+2,1.561250000e-1,-4.968750000e-2,1.984375000e-2,
3.438593750e+2,1.519687500e-1,-5.039062500e-2,5.000000000e-2,
3.339375000e+2,1.560312500e-1,-4.968750000e-2,5.992187500e-2,
3.403281250e+2,1.519375000e-1,-3.882812500e-2,4.976562500e-2,
3.459375000e+2,1.560312500e-1,-4.265625000e-2,3.937500000e-2,
3.418125000e+2,1.480000000e-1,-6.882812500e-2,2.992187500e-2,
3.420625000e+2,1.559687500e-1,-1.710937500e-2,4.070312500e-2,
3.442500000e+2,1.432500000e-1,-3.390625000e-2,5.039062500e-2,
3.456875000e+2,1.484687500e-1,-6.914062500e-2,4.945312500e-2,
3.378125000e+2,1.598750000e-1,-2.726562500e-2,3.953125000e-2,
3.401093750e+2,1.427812500e-1,-3.187500000e-2,5.156250000e-2,
3.400781250e+2,1.366875000e-1,-3.906250000e-2,6.875000000e-2,
3.441718750e+2,1.568437500e-1,-3.023437500e-2,2.953125000e-2,
3.460000000e+2,1.596875000e-1,-4.046875000e-2,6.101562500e-2,
3.459843750e+2,1.440000000e-1,-2.867187500e-2,5.929687500e-2,
3.460000000e+2,1.359687500e-1,-2.023437500e-2,4.976562500e-2,
3.459531250e+2,1.400937500e-1,-3.054687500e-2,5.031250000e-2,
3.419531250e+2,1.480000000e-1,-4.078125000e-2,6.000000000e-2,
3.379843750e+2,1.439062500e-1,-4.976562500e-2,4.984375000e-2,
3.422031250e+2,1.440000000e-1,-9.843750000e-3,6.000000000e-2,
3.460625000e+2,1.440312500e-1,-7.812500000e-5,3.992187500e-2,
3.438437500e+2,1.324062500e-1,-2.031250000e-2,5.984375000e-2,
3.399843750e+2,1.275000000e-1,3.906250000e-4,4.117187500e-2,
3.460468750e+2,1.390937500e-1,-2.164062500e-2,2.820312500e-2,
3.420156250e+2,1.403125000e-1,1.835937500e-2,7.273437500e-2,
3.401093750e+2,1.399687500e-1,-1.000000000e-2,0.000000000e+0,
3.439375000e+2,1.363437500e-1,-1.992187500e-2,7.156250000e-2,
3.379062500e+2,1.277187500e-1,-1.984375000e-2,4.835937500e-2,
3.420781250e+2,1.400000000e-1,-9.921875000e-3,2.015625000e-2,
3.420781250e+2,1.280625000e-1,-9.765625000e-3,4.023437500e-2,
3.360468750e+2,1.357500000e-1,-1.960937500e-2,2.953125000e-2,
3.460625000e+2,1.399375000e-1,2.976562500e-2,1.007812500e-2,
3.360312500e+2,1.282187500e-1,-1.250000000e-3,5.046875000e-2,
3.476718750e+2,1.279375000e-1,-9.531250000e-3,5.007812500e-2,
3.443125000e+2,1.279687500e-1,0.000000000e+0,3.039062500e-2,
3.438593750e+2,1.276875000e-1,-1.109375000e-2,6.039062500e-2,
3.459218750e+2,1.360000000e-1,-2.007812500e-2,4.953125000e-2,
3.479062500e+2,1.319687500e-1,-9.531250000e-3,4.984375000e-2,
3.500000000e+2,1.360312500e-1,1.023437500e-2,5.101562500e-2,
3.480156250e+2,1.271250000e-1,2.976562500e-2,7.992187500e-2,
3.500312500e+2,1.198750000e-1,-1.562500000e-4,3.937500000e-2,
3.442812500e+2,1.200625000e-1,2.015625000e-2,3.023437500e-2,
3.400156250e+2,1.201250000e-1,9.687500000e-3,6.031250000e-2,
3.418593750e+2,1.241250000e-1,2.007812500e-2,5.984375000e-2,
3.437500000e+2,1.196562500e-1,2.015625000e-2,4.992187500e-2,
3.443437500e+2,1.080937500e-1,1.882812500e-2,4.960937500e-2,
3.379375000e+2,1.200937500e-1,3.125000000e-4,2.953125000e-2,
3.455468750e+2,1.119687500e-1,1.976562500e-2,4.070312500e-2,
3.442343750e+2,1.241250000e-1,7.812500000e-5,5.000000000e-2,
3.439218750e+2,1.240625000e-1,1.984375000e-2,5.023437500e-2,
3.456562500e+2,1.236250000e-1,-1.976562500e-2,4.859375000e-2,
3.501562500e+2,1.080625000e-1,2.343750000e-4,1.976562500e-2,
3.422343750e+2,1.241562500e-1,-1.000000000e-2,4.078125000e-2,
3.438906250e+2,1.159687500e-1,-1.000000000e-2,5.000000000e-2,
3.404375000e+2,1.280625000e-1,-1.960937500e-2,3.984375000e-2,
3.359531250e+2,1.093437500e-1,-2.023437500e-2,2.000000000e-2,
3.397812500e+2,1.109375000e-1,-1.250000000e-2,3.992187500e-2,
3.398281250e+2,1.153125000e-1,9.218750000e-3,4.023437500e-2,
3.402187500e+2,1.200000000e-1,7.031250000e-4,2.984375000e-2,
3.421406250e+2,1.158125000e-1,1.562500000e-4,3.992187500e-2,
3.419531250e+2,1.120937500e-1,-9.609375000e-3,5.000000000e-2,
3.444843750e+2,1.200625000e-1,-1.960937500e-2,3.007812500e-2,
3.477968750e+2,1.159062500e-1,-2.046875000e-2,6.960937500e-2,
3.418437500e+2,1.160000000e-1,0.000000000e+0,5.039062500e-2,
3.441406250e+2,1.200625000e-1,-4.054687500e-2,5.976562500e-2,
3.439843750e+2,1.199687500e-1,-6.007812500e-2,6.007812500e-2,
3.439218750e+2,1.118125000e-1,-6.000000000e-2,5.000000000e-2,
3.419687500e+2,1.121562500e-1,-6.000000000e-2,5.000000000e-2,
3.418593750e+2,1.160000000e-1,-6.000000000e-2,4.000000000e-2,
3.423437500e+2,1.115000000e-1,-5.007812500e-2,4.015625000e-2,
3.478906250e+2,1.080937500e-1,-4.000000000e-2,2.992187500e-2,
3.393906250e+2,1.075000000e-1,-9.007812500e-2,4.976562500e-2,
3.380156250e+2,1.048437500e-1,-7.031250000e-2,6.992187500e-2,
3.403906250e+2,1.245937500e-1,-9.984375000e-2,5.976562500e-2,
3.482968750e+2,1.236875000e-1,-5.882812500e-2,6.085937500e-2,
3.452500000e+2,1.241875000e-1,-8.148437500e-2,1.031250000e-2,
3.403125000e+2,1.237500000e-1,-1.020312500e-1,3.843750000e-2,
3.460156250e+2,1.156562500e-1,-1.305468750e-1,6.007812500e-2,
3.395312500e+2,1.210625000e-1,-1.081250000e-1,3.984375000e-2,
3.402968750e+2,1.318750000e-1,-1.114843750e-1,3.968750000e-2,
3.395156250e+2,1.190312500e-1,-1.403906250e-1,3.140625000e-2,
3.362812500e+2,1.161562500e-1,-1.296093750e-1,6.992187500e-2,
3.447343750e+2,1.205625000e-1,-1.414062500e-1,2.953125000e-2,
3.431562500e+2,1.235625000e-1,-1.598437500e-1,4.968750000e-2,
3.359531250e+2,1.156875000e-1,-1.397656250e-1,6.000000000e-2,
3.402968750e+2,1.207812500e-1,-1.505468750e-1,6.031250000e-2,
3.421406250e+2,1.235000000e-1,-1.600000000e-1,4.132812500e-2,
3.459843750e+2,1.160937500e-1,-1.789843750e-1,3.031250000e-2,
3.418281250e+2,1.359375000e-1,-1.898437500e-1,2.976562500e-2,
3.375781250e+2,1.331562500e-1,-1.834375000e-1,3.859375000e-2,
3.297500000e+2,1.185625000e-1,-1.671093750e-1,5.835937500e-2,
3.412343750e+2,1.477187500e-1,-1.984375000e-1,5.968750000e-2,
3.421250000e+2,1.407812500e-1,-2.102343750e-1,4.000000000e-2,
3.420781250e+2,1.240000000e-1,-2.000781250e-1,4.031250000e-2,
3.383125000e+2,1.358125000e-1,-2.100781250e-1,7.000000000e-2,
3.377343750e+2,1.364687500e-1,-2.204687500e-1,4.062500000e-2,
3.431875000e+2,1.316562500e-1,-2.400000000e-1,3.000000000e-2,
3.498437500e+2,1.513125000e-1,-2.298437500e-1,4.000000000e-2,
3.464687500e+2,1.489062500e-1,-2.405468750e-1,4.015625000e-2,
3.400468750e+2,1.361562500e-1,-2.596875000e-1,6.007812500e-2,
3.419843750e+2,1.359687500e-1,-2.399218750e-1,4.992187500e-2,
3.400468750e+2,1.400625000e-1,-2.602343750e-1,4.906250000e-2,
3.400156250e+2,1.400312500e-1,-2.481250000e-1,2.000000000e-2,
3.379218750e+2,1.521875000e-1,-2.314062500e-1,5.148437500e-2,
3.419843750e+2,1.478750000e-1,-2.817187500e-1,3.851562500e-2,
3.380468750e+2,1.318125000e-1,-2.786718750e-1,2.046875000e-2,
3.418593750e+2,1.281250000e-1,-2.701562500e-1,5.164062500e-2,
3.438125000e+2,1.400312500e-1,-2.814843750e-1,4.750000000e-2,
3.499843750e+2,1.399687500e-1,-2.894531250e-1,1.992187500e-2,
3.460625000e+2,1.483125000e-1,-2.800781250e-1,4.187500000e-2,
3.461562500e+2,1.475625000e-1,-2.907812500e-1,4.921875000e-2,
3.379687500e+2,1.401875000e-1,-2.899218750e-1,3.984375000e-2,
3.398593750e+2,1.528125000e-1,-2.898437500e-1,5.093750000e-2,
3.419687500e+2,1.513437500e-1,-2.792968750e-1,4.859375000e-2,
3.421718750e+2,1.444687500e-1,-2.702343750e-1,1.875000000e-2,
3.377656250e+2,1.603437500e-1,-2.803125000e-1,1.054687500e-2,
3.475312500e+2,1.557500000e-1,-2.802343750e-1,5.023437500e-2,
3.461562500e+2,1.480625000e-1,-2.903906250e-1,6.000000000e-2,
3.460000000e+2,1.360000000e-1,-2.899218750e-1,5.000000000e-2,
3.405468750e+2,1.475000000e-1,-2.900000000e-1,6.000000000e-2,
3.339218750e+2,1.562187500e-1,-2.900000000e-1,5.000000000e-2,
3.413750000e+2,1.480625000e-1,-2.900000000e-1,6.000000000e-2,
3.443437500e+2,1.523125000e-1,-2.896875000e-1,4.007812500e-2,
3.399843750e+2,1.436562500e-1,-2.851562500e-1,4.015625000e-2,
3.398593750e+2,1.555312500e-1,-2.607812500e-1,3.960937500e-2,
3.360937500e+2,1.485000000e-1,-2.600781250e-1,6.992187500e-2,
3.419531250e+2,1.480937500e-1,-2.399218750e-1,4.140625000e-2,
3.359843750e+2,1.438437500e-1,-2.500781250e-1,3.937500000e-2,
3.443750000e+2,1.553125000e-1,-2.600000000e-1,6.039062500e-2,
3.457656250e+2,1.597812500e-1,-2.500781250e-1,4.000000000e-2,
3.376875000e+2,1.640937500e-1,-2.600781250e-1,5.984375000e-2,
3.402968750e+2,1.483125000e-1,-2.402343750e-1,5.007812500e-2,
3.502031250e+2,1.557187500e-1,-2.400000000e-1,5.992187500e-2,
3.457812500e+2,1.600000000e-1,-2.401562500e-1,6.000000000e-2,
3.399687500e+2,1.600000000e-1,-2.100000000e-1,5.054687500e-2,
3.400156250e+2,1.599687500e-1,-2.200000000e-1,3.000000000e-2,
3.420000000e+2,1.640312500e-1,-2.100781250e-1,4.953125000e-2,
3.480000000e+2,1.600312500e-1,-2.103906250e-1,6.007812500e-2,
3.480312500e+2,1.600625000e-1,-1.699218750e-1,5.007812500e-2,
3.418906250e+2,1.520000000e-1,-2.001562500e-1,4.984375000e-2,
3.400156250e+2,1.560000000e-1,-1.689062500e-1,5.992187500e-2,
3.441250000e+2,1.560312500e-1,-1.703125000e-1,6.000000000e-2,
3.480312500e+2,1.680937500e-1,-1.700000000e-1,3.984375000e-2,
3.459531250e+2,1.680000000e-1,-1.400000000e-1,5.031250000e-2,
3.399062500e+2,1.679375000e-1,-1.298437500e-1,3.000000000e-2,
3.380468750e+2,1.640000000e-1,-1.200000000e-1,7.000000000e-2,
3.479531250e+2,1.721562500e-1,-1.300000000e-1,8.101562500e-2,
3.501093750e+2,1.720312500e-1,-1.100781250e-1,3.039062500e-2,
3.420000000e+2,1.602500000e-1,-1.200000000e-1,4.890625000e-2,
3.420625000e+2,1.560937500e-1,-8.015625000e-2,6.992187500e-2,
3.400000000e+2,1.558437500e-1,-8.023437500e-2,6.960937500e-2,
3.440312500e+2,1.639687500e-1,-6.101562500e-2,4.007812500e-2,
3.320000000e+2,1.565625000e-1,-3.062500000e-2,4.968750000e-2,
3.422500000e+2,1.549687500e-1,-2.968750000e-2,6.023437500e-2,
3.439843750e+2,1.757812500e-1,-2.171875000e-2,4.093750000e-2,
3.440000000e+2,1.585937500e-1,-1.093750000e-2,2.960937500e-2,
3.439687500e+2,1.539375000e-1,-2.578125000e-3,4.828125000e-2,
3.420000000e+2,1.600625000e-1,2.625000000e-2,5.992187500e-2,
3.459687500e+2,1.480000000e-1,5.921875000e-2,6.960937500e-2,
3.440000000e+2,1.635000000e-1,5.046875000e-2,7.039062500e-2,
3.421093750e+2,1.600937500e-1,5.921875000e-2,6.000000000e-2,
3.379843750e+2,1.521250000e-1,6.882812500e-2,6.007812500e-2,
3.419531250e+2,1.517500000e-1,8.828125000e-2,5.960937500e-2,
3.400625000e+2,1.640000000e-1,1.090625000e-1,8.000000000e-2,
3.399531250e+2,1.520312500e-1,1.283593750e-1,5.093750000e-2,
3.400156250e+2,1.520000000e-1,1.400000000e-1,3.984375000e-2,
3.399062500e+2,1.521250000e-1,1.395312500e-1,5.960937500e-2,
3.401562500e+2,1.560000000e-1,1.694531250e-1,6.031250000e-2,
3.378593750e+2,1.399687500e-1,1.800000000e-1,4.984375000e-2,
3.458750000e+2,1.562500000e-1,2.100000000e-1,6.000000000e-2,
3.441406250e+2,1.559375000e-1,2.107812500e-1,4.992187500e-2,
3.420156250e+2,1.560625000e-1,2.512500000e-1,6.000000000e-2,
3.399843750e+2,1.559062500e-1,2.703125000e-1,3.992187500e-2,
3.439531250e+2,1.399375000e-1,2.801562500e-1,4.039062500e-2,
3.459843750e+2,1.479062500e-1,2.798437500e-1,6.000000000e-2,
3.439843750e+2,1.401562500e-1,3.200781250e-1,4.054687500e-2,
3.420000000e+2,1.565312500e-1,3.100781250e-1,3.953125000e-2,
3.419843750e+2,1.474687500e-1,3.417187500e-1,5.015625000e-2,
3.420312500e+2,1.482812500e-1,3.798437500e-1,2.039062500e-2,
3.419062500e+2,1.520937500e-1,3.700781250e-1,3.031250000e-2,
3.440312500e+2,1.472187500e-1,4.103906250e-1,5.984375000e-2,
3.401250000e+2,1.361875000e-1,4.103906250e-1,8.007812500e-2,
3.379375000e+2,1.479687500e-1,4.400000000e-1,4.039062500e-2,
3.401250000e+2,1.400625000e-1,4.398437500e-1,3.945312500e-2,
3.338125000e+2,1.477812500e-1,4.600000000e-1,5.007812500e-2,
3.419687500e+2,1.319375000e-1,4.402343750e-1,3.968750000e-2,
3.340000000e+2,1.399375000e-1,4.747656250e-1,5.953125000e-2,
3.453906250e+2,1.319687500e-1,5.078906250e-1,4.203125000e-2,
3.503125000e+2,1.431562500e-1,5.206250000e-1,2.968750000e-2,
3.440000000e+2,1.473437500e-1,5.170312500e-1,4.593750000e-2,
3.499218750e+2,1.522187500e-1,5.397656250e-1,7.000000000e-2,
3.480312500e+2,1.363437500e-1,5.397656250e-1,4.914062500e-2,
3.400156250e+2,1.360312500e-1,5.600000000e-1,5.023437500e-2,
3.439843750e+2,1.279687500e-1,5.801562500e-1,8.000000000e-2,
3.440156250e+2,1.397812500e-1,6.000000000e-1,5.992187500e-2,
3.421093750e+2,1.360000000e-1,5.998437500e-1,6.000000000e-2,
3.379531250e+2,1.400625000e-1,6.000000000e-1,3.976562500e-2,
3.479687500e+2,1.320937500e-1,6.103906250e-1,5.000000000e-2,
3.442031250e+2,1.360312500e-1,6.407031250e-1,4.000000000e-2,
3.359062500e+2,1.318750000e-1,6.506250000e-1,5.000000000e-2,
3.340781250e+2,1.438750000e-1,6.608593750e-1,3.937500000e-2,
3.400937500e+2,1.361875000e-1,6.592968750e-1,1.031250000e-2,
3.378125000e+2,1.399375000e-1,6.627343750e-1,7.296875000e-2,
3.385312500e+2,1.360000000e-1,7.003906250e-1,7.843750000e-2,
3.437656250e+2,1.319062500e-1,6.800781250e-1,3.859375000e-2,
3.317031250e+2,1.278750000e-1,7.002343750e-1,4.156250000e-2,
3.384375000e+2,1.280625000e-1,7.032031250e-1,4.898437500e-2,
3.399843750e+2,1.323125000e-1,7.488281250e-1,1.789062500e-2,
3.421406250e+2,1.403750000e-1,6.982812500e-1,2.242187500e-2,
3.417656250e+2,1.440937500e-1,7.337500000e-1,8.078125000e-2,
3.359062500e+2,1.394375000e-1,7.278906250e-1,4.812500000e-2,
3.400937500e+2,1.278750000e-1,7.323437500e-1,3.992187500e-2,
3.460781250e+2,1.320000000e-1,7.496093750e-1,4.101562500e-2,
3.459687500e+2,1.278437500e-1,7.407031250e-1,7.015625000e-2,
3.439218750e+2,1.240312500e-1,7.598437500e-1,4.929687500e-2,
3.420156250e+2,1.320312500e-1,7.400000000e-1,3.992187500e-2,
3.438750000e+2,1.320625000e-1,7.600781250e-1,3.031250000e-2,
3.400468750e+2,1.360312500e-1,7.500000000e-1,3.000000000e-2,
3.461250000e+2,1.200625000e-1,7.700781250e-1,5.000000000e-2,
3.418125000e+2,1.275625000e-1,7.703125000e-1,4.000000000e-2,
3.419687500e+2,1.321250000e-1,7.691406250e-1,4.984375000e-2,
3.499687500e+2,1.316250000e-1,7.879687500e-1,4.031250000e-2,
3.400312500e+2,1.358437500e-1,7.858593750e-1,3.992187500e-2,
3.421875000e+2,1.324375000e-1,7.600000000e-1,4.000000000e-2,
3.459531250e+2,1.243125000e-1,8.002343750e-1,5.015625000e-2,
3.439843750e+2,1.195000000e-1,7.681250000e-1,5.007812500e-2,
3.439531250e+2,1.360000000e-1,7.399218750e-1,6.046875000e-2,
3.380312500e+2,1.240625000e-1,7.496875000e-1,5.968750000e-2,
3.400468750e+2,1.318125000e-1,7.800781250e-1,4.000000000e-2,
3.440000000e+2,1.319062500e-1,7.701562500e-1,6.023437500e-2,
3.420312500e+2,1.240625000e-1,7.698437500e-1,5.960937500e-2,
3.439375000e+2,1.278750000e-1,7.598437500e-1,3.000000000e-2,
3.439687500e+2,1.319687500e-1,7.703906250e-1,5.070312500e-2,
3.459062500e+2,1.319687500e-1,7.683593750e-1,4.953125000e-2,
3.460468750e+2,1.360937500e-1,7.500781250e-1,4.031250000e-2,
3.440312500e+2,1.397500000e-1,7.696875000e-1,6.039062500e-2,
3.420625000e+2,1.274375000e-1,7.399218750e-1,4.859375000e-2,
3.399687500e+2,1.244062500e-1,7.602343750e-1,1.976562500e-2,
3.458906250e+2,1.277812500e-1,7.494531250e-1,4.046875000e-2,
3.442187500e+2,1.248750000e-1,7.299218750e-1,5.992187500e-2,
3.382187500e+2,1.400937500e-1,7.406250000e-1,3.960937500e-2,
3.376875000e+2,1.278125000e-1,7.394531250e-1,4.023437500e-2,
3.452187500e+2,1.320312500e-1,7.089062500e-1,6.984375000e-2,
3.501562500e+2,1.322812500e-1,7.099218750e-1,5.914062500e-2,
3.442968750e+2,1.437500000e-1,6.997656250e-1,4.046875000e-2,
3.439062500e+2,1.236562500e-1,6.993750000e-1,7.093750000e-2,
3.422812500e+2,1.362812500e-1,6.902343750e-1,5.812500000e-2,
3.397187500e+2,1.478125000e-1,7.099218750e-1,1.945312500e-2,
3.459218750e+2,1.399687500e-1,6.707812500e-1,3.062500000e-2,
3.420781250e+2,1.439062500e-1,6.500781250e-1,4.085937500e-2,
3.458750000e+2,1.316875000e-1,6.600000000e-1,7.000000000e-2,
3.424062500e+2,1.319375000e-1,6.601562500e-1,4.000000000e-2,
3.379687500e+2,1.357812500e-1,6.603906250e-1,2.992187500e-2,
3.400312500e+2,1.399687500e-1,6.415625000e-1,2.000000000e-2,
3.378906250e+2,1.393750000e-1,6.294531250e-1,7.992187500e-2,
3.424062500e+2,1.447812500e-1,6.458593750e-1,4.039062500e-2,
3.392187500e+2,1.359375000e-1,6.528125000e-1,5.000000000e-2,
3.362656250e+2,1.400000000e-1,6.016406250e-1,2.007812500e-2,
3.400781250e+2,1.360937500e-1,6.101562500e-1,3.000000000e-2,
3.379843750e+2,1.440000000e-1,5.808593750e-1,4.992187500e-2,
3.400000000e+2,1.401250000e-1,5.892968750e-1,2.000000000e-2,
3.380000000e+2,1.560000000e-1,6.000000000e-1,4.937500000e-2,
3.400781250e+2,1.395625000e-1,5.696875000e-1,4.039062500e-2,
3.400156250e+2,1.360000000e-1,5.700781250e-1,2.992187500e-2,
3.421250000e+2,1.440000000e-1,5.699218750e-1,3.992187500e-2,
3.440625000e+2,1.400312500e-1,5.598437500e-1,4.000000000e-2,
3.438125000e+2,1.483125000e-1,5.300000000e-1,5.984375000e-2,
3.397031250e+2,1.479687500e-1,5.299218750e-1,5.054687500e-2,
3.405781250e+2,1.525625000e-1,5.400000000e-1,3.984375000e-2,
3.455937500e+2,1.511875000e-1,5.198437500e-1,5.000000000e-2,
3.356406250e+2,1.399062500e-1,4.992187500e-1,3.023437500e-2,
3.426250000e+2,1.483750000e-1,4.894531250e-1,2.968750000e-2,
3.458906250e+2,1.477812500e-1,4.797656250e-1,3.015625000e-2,
3.440937500e+2,1.481875000e-1,4.799218750e-1,2.960937500e-2,
3.459687500e+2,1.521250000e-1,4.685156250e-1,5.890625000e-2,
3.415781250e+2,1.566250000e-1,4.607812500e-1,6.046875000e-2,
3.400625000e+2,1.635625000e-1,4.802343750e-1,3.007812500e-2,
3.397656250e+2,1.518750000e-1,4.475000000e-1,6.046875000e-2,
3.381875000e+2,1.605625000e-1,4.206250000e-1,5.968750000e-2,
3.395468750e+2,1.600000000e-1,4.500781250e-1,5.976562500e-2,
3.315156250e+2,1.593437500e-1,4.182031250e-1,4.000000000e-2,
3.346406250e+2,1.525000000e-1,4.103906250e-1,5.984375000e-2,
3.403125000e+2,1.594062500e-1,4.198437500e-1,5.015625000e-2,
3.418593750e+2,1.389375000e-1,3.992968750e-1,5.031250000e-2,
3.423437500e+2,1.491562500e-1,3.799218750e-1,3.062500000e-2,
3.500468750e+2,1.640000000e-1,3.980468750e-1,3.890625000e-2,
3.437343750e+2,1.560312500e-1,4.130468750e-1,4.085937500e-2,
3.417656250e+2,1.521562500e-1,3.692968750e-1,3.820312500e-2,
3.341250000e+2,1.509062500e-1,4.009375000e-1,6.109375000e-2,
3.393437500e+2,1.640000000e-1,3.617187500e-1,2.945312500e-2,
3.438437500e+2,1.560625000e-1,3.690625000e-1,4.000000000e-2,
3.443281250e+2,1.638125000e-1,3.702343750e-1,6.015625000e-2,
3.381562500e+2,1.562500000e-1,3.500781250e-1,6.992187500e-2,
3.383906250e+2,1.514687500e-1,3.898437500e-1,4.023437500e-2,
3.319062500e+2,1.677812500e-1,3.396875000e-1,5.007812500e-2,
3.396406250e+2,1.603750000e-1,3.400781250e-1,5.992187500e-2,
3.379218750e+2,1.632812500e-1,3.298437500e-1,4.960937500e-2,
3.439843750e+2,1.681562500e-1,3.302343750e-1,5.039062500e-2,
3.399375000e+2,1.560312500e-1,3.293750000e-1,6.945312500e-2,
3.479375000e+2,1.556250000e-1,3.202343750e-1,2.937500000e-2,
3.400781250e+2,1.680625000e-1,3.496093750e-1,5.039062500e-2,
3.417343750e+2,1.637187500e-1,3.197656250e-1,3.898437500e-2,
3.442343750e+2,1.519375000e-1,3.398437500e-1,4.070312500e-2,
3.359218750e+2,1.561562500e-1,3.085937500e-1,4.914062500e-2,
3.457187500e+2,1.640312500e-1,3.223437500e-1,3.070312500e-2,
3.441093750e+2,1.599687500e-1,3.178906250e-1,4.828125000e-2,
3.459375000e+2,1.559687500e-1,3.007031250e-1,1.046875000e-2,
3.459531250e+2,1.560937500e-1,3.205468750e-1,6.210937500e-2,
3.462656250e+2,1.600937500e-1,3.099218750e-1,4.875000000e-2,
3.359687500e+2,1.599062500e-1,3.317187500e-1,4.937500000e-2,
3.397031250e+2,1.601875000e-1,3.280468750e-1,3.000000000e-2,
3.440000000e+2,1.596250000e-1,3.003906250e-1,3.929687500e-2,
3.438437500e+2,1.520000000e-1,3.195312500e-1,3.117187500e-2,
3.517500000e+2,1.602500000e-1,2.893750000e-1,8.039062500e-2,
3.485625000e+2,1.598750000e-1,3.109375000e-1,4.968750000e-2,
3.423125000e+2,1.560312500e-1,3.097656250e-1,5.000000000e-2,
3.380468750e+2,1.520000000e-1,3.096875000e-1,3.992187500e-2,
3.397812500e+2,1.557812500e-1,2.900781250e-1,5.007812500e-2,
3.420468750e+2,1.600625000e-1,2.881250000e-1,3.000000000e-2,
3.417343750e+2,1.562187500e-1,3.119531250e-1,5.000000000e-2,
3.476718750e+2,1.591250000e-1,2.710937500e-1,5.000000000e-2,
3.458593750e+2,1.674687500e-1,3.025781250e-1,4.140625000e-2,
3.397656250e+2,1.647187500e-1,3.017968750e-1,1.984375000e-2,
3.402031250e+2,1.561250000e-1,2.800000000e-1,4.945312500e-2,
3.459531250e+2,1.596562500e-1,3.001562500e-1,4.039062500e-2,
3.398750000e+2,1.600937500e-1,2.999218750e-1,4.015625000e-2,
3.421875000e+2,1.599375000e-1,2.899218750e-1,2.890625000e-2,
3.417500000e+2,1.600312500e-1,3.100000000e-1,6.023437500e-2,
3.360000000e+2,1.599687500e-1,2.904687500e-1,2.992187500e-2,
3.422031250e+2,1.640625000e-1,2.996875000e-1,6.000000000e-2,
3.438906250e+2,1.600000000e-1,3.000000000e-1,2.007812500e-2,
3.420000000e+2,1.639687500e-1,2.699218750e-1,3.984375000e-2,
3.440625000e+2,1.563125000e-1,3.102343750e-1,4.976562500e-2,
3.418125000e+2,1.519687500e-1,2.797656250e-1,5.078125000e-2,
3.380000000e+2,1.557812500e-1,2.602343750e-1,2.960937500e-2,
3.480000000e+2,1.601562500e-1,2.898437500e-1,6.960937500e-2,
3.400781250e+2,1.480625000e-1,2.698437500e-1,4.031250000e-2,
3.420937500e+2,1.520000000e-1,2.797656250e-1,3.953125000e-2,
3.460312500e+2,1.520625000e-1,2.601562500e-1,6.007812500e-2,
3.458750000e+2,1.680625000e-1,2.902343750e-1,1.000000000e-2,
3.398906250e+2,1.638437500e-1,2.700000000e-1,4.906250000e-2,
3.420625000e+2,1.558437500e-1,2.700000000e-1,5.062500000e-2,
3.439062500e+2,1.519375000e-1,2.601562500e-1,4.007812500e-2,
3.360156250e+2,1.520625000e-1,2.799218750e-1,4.000000000e-2,
3.439531250e+2,1.560000000e-1,2.699218750e-1,5.984375000e-2,
3.381875000e+2,1.559687500e-1,2.600781250e-1,5.007812500e-2,
3.340000000e+2,1.637812500e-1,2.500000000e-1,5.968750000e-2,
3.437656250e+2,1.642500000e-1,2.500000000e-1,6.000000000e-2,
3.440000000e+2,1.561562500e-1,2.399218750e-1,5.984375000e-2,
3.420000000e+2,1.558750000e-1,2.592187500e-1,4.992187500e-2,
3.420000000e+2,1.637812500e-1,2.803125000e-1,5.992187500e-2,
3.439843750e+2,1.641562500e-1,2.608593750e-1,5.031250000e-2,
3.439843750e+2,1.604687500e-1,2.613281250e-1,4.968750000e-2,
3.460468750e+2,1.491875000e-1,2.403125000e-1,5.070312500e-2,
3.379687500e+2,1.440312500e-1,2.646875000e-1,3.789062500e-2,
3.440000000e+2,1.478750000e-1,2.725000000e-1,6.992187500e-2,
3.480156250e+2,1.560000000e-1,2.331250000e-1,4.929687500e-2,
3.420000000e+2,1.482500000e-1,2.192187500e-1,8.062500000e-2,
3.380937500e+2,1.518750000e-1,2.300781250e-1,3.015625000e-2,
3.340312500e+2,1.560937500e-1,2.200781250e-1,6.898437500e-2,
3.358437500e+2,1.442187500e-1,2.299218750e-1,6.007812500e-2,
3.438125000e+2,1.400000000e-1,2.111718750e-1,6.984375000e-2,
3.478437500e+2,1.479062500e-1,2.073437500e-1,6.093750000e-2,
3.500000000e+2,1.639687500e-1,2.403125000e-1,3.000000000e-2,
3.462968750e+2,1.558125000e-1,1.910937500e-1,5.914062500e-2,
3.422031250e+2,1.520000000e-1,1.797656250e-1,7.000000000e-2,
3.398906250e+2,1.480312500e-1,1.900000000e-1,7.007812500e-2,
3.440312500e+2,1.520000000e-1,2.100781250e-1,6.000000000e-2,
3.400312500e+2,1.480000000e-1,1.992968750e-1,5.984375000e-2,
3.439218750e+2,1.479062500e-1,1.903906250e-1,5.992187500e-2,
3.420000000e+2,1.399062500e-1,2.098437500e-1,3.984375000e-2,
3.419531250e+2,1.443125000e-1,1.801562500e-1,3.023437500e-2,
3.460000000e+2,1.601250000e-1,1.700781250e-1,4.992187500e-2,
3.419843750e+2,1.475625000e-1,1.600000000e-1,4.007812500e-2,
3.439843750e+2,1.446562500e-1,1.700000000e-1,5.929687500e-2,
3.440312500e+2,1.561875000e-1,1.596093750e-1,6.046875000e-2,
3.402343750e+2,1.517812500e-1,1.499218750e-1,2.015625000e-2,
3.338281250e+2,1.520625000e-1,1.400781250e-1,5.054687500e-2,
3.437031250e+2,1.430625000e-1,1.498437500e-1,7.007812500e-2,
3.421093750e+2,1.324062500e-1,1.296093750e-1,6.007812500e-2,
3.400000000e+2,1.521562500e-1,1.400000000e-1,5.031250000e-2,
3.399375000e+2,1.480937500e-1,1.303125000e-1,3.007812500e-2,
3.421406250e+2,1.603437500e-1,1.101562500e-1,5.929687500e-2,
3.380312500e+2,1.517812500e-1,1.194531250e-1,9.023437500e-2,
3.418750000e+2,1.439687500e-1,1.117968750e-1,5.242187500e-2,
3.421250000e+2,1.517812500e-1,1.002343750e-1,3.820312500e-2,
3.382031250e+2,1.565937500e-1,1.068750000e-1,6.843750000e-2,
3.360000000e+2,1.475312500e-1,1.209375000e-1,6.250000000e-2,
3.379687500e+2,1.597500000e-1,1.005468750e-1,4.992187500e-2,
3.419843750e+2,1.562500000e-1,7.992187500e-2,4.968750000e-2,
3.419843750e+2,1.560000000e-1,1.000000000e-1,4.007812500e-2,
3.460000000e+2,1.520000000e-1,8.984375000e-2,6.023437500e-2,
3.420625000e+2,1.519687500e-1,7.015625000e-2,4.984375000e-2,
3.399687500e+2,1.482187500e-1,4.000000000e-2,3.000000000e-2,
3.420000000e+2,1.358750000e-1,4.007812500e-2,2.109375000e-2,
3.380156250e+2,1.478125000e-1,3.070312500e-2,6.984375000e-2,
3.379062500e+2,1.439062500e-1,6.945312500e-2,1.992187500e-2,
3.420000000e+2,1.598437500e-1,1.875000000e-2,5.000000000e-2,
3.378906250e+2,1.529062500e-1,5.148437500e-2,3.945312500e-2,
3.360625000e+2,1.436250000e-1,2.703125000e-2,2.031250000e-2,
3.422343750e+2,1.598437500e-1,1.085937500e-2,6.109375000e-2,
3.459687500e+2,1.560000000e-1,1.859375000e-2,4.914062500e-2,
3.395937500e+2,1.520625000e-1,-1.023437500e-2,5.070312500e-2,
3.342656250e+2,1.601562500e-1,1.046875000e-2,5.984375000e-2,
3.421093750e+2,1.559062500e-1,-1.562500000e-4,4.945312500e-2,
3.355937500e+2,1.559062500e-1,2.242187500e-2,4.984375000e-2,
3.363593750e+2,1.565000000e-1,1.609375000e-2,5.054687500e-2,
3.441875000e+2,1.635000000e-1,-1.945312500e-2,5.929687500e-2,
3.417812500e+2,1.477187500e-1,-1.875000000e-3,4.007812500e-2,
3.400312500e+2,1.562500000e-1,-5.343750000e-2,6.031250000e-2,
3.439687500e+2,1.560000000e-1,-3.734375000e-2,3.843750000e-2,
3.399843750e+2,1.559687500e-1,-3.132812500e-2,2.023437500e-2,
3.461250000e+2,1.560625000e-1,-4.976562500e-2,4.015625000e-2,
3.439375000e+2,1.639687500e-1,-4.101562500e-2,4.007812500e-2,
3.377500000e+2,1.559687500e-1,-8.023437500e-2,6.023437500e-2,
3.383281250e+2,1.639687500e-1,-4.992187500e-2,3.000000000e-2,
3.480781250e+2,1.640937500e-1,-5.007812500e-2,4.976562500e-2,
3.418750000e+2,1.520937500e-1,-5.945312500e-2,4.039062500e-2,
3.459687500e+2,1.593437500e-1,-7.875000000e-2,1.984375000e-2,
3.478906250e+2,1.638125000e-1,-9.015625000e-2,4.851562500e-2,
3.380312500e+2,1.673750000e-1,-8.859375000e-2,6.187500000e-2,
3.382343750e+2,1.683437500e-1,-1.000000000e-1,3.000000000e-2,
3.480781250e+2,1.601875000e-1,-8.992187500e-2,7.093750000e-2,
3.417031250e+2,1.598437500e-1,-1.009375000e-1,6.953125000e-2,
3.360312500e+2,1.599687500e-1,-1.200000000e-1,5.976562500e-2,
3.439531250e+2,1.519687500e-1,-1.100781250e-1,4.984375000e-2,
3.460156250e+2,1.599375000e-1,-1.098437500e-1,3.984375000e-2,
3.500937500e+2,1.559375000e-1,-9.992187500e-2,4.015625000e-2,
3.421875000e+2,1.596250000e-1,-1.310937500e-1,7.015625000e-2,
3.439218750e+2,1.680937500e-1,-1.396093750e-1,6.007812500e-2,
3.420468750e+2,1.559375000e-1,-1.301562500e-1,5.031250000e-2,
3.439062500e+2,1.675000000e-1,-1.398437500e-1,5.953125000e-2,
3.440156250e+2,1.720625000e-1,-1.197656250e-1,2.968750000e-2,
3.440156250e+2,1.757500000e-1,-1.203906250e-1,5.031250000e-2,
3.420468750e+2,1.636250000e-1,-1.300781250e-1,2.843750000e-2,
3.399843750e+2,1.642187500e-1,-1.299218750e-1,2.085937500e-2,
3.419062500e+2,1.639687500e-1,-1.304687500e-1,6.007812500e-2,
3.439843750e+2,1.638125000e-1,-1.499218750e-1,1.960937500e-2,
3.439375000e+2,1.644062500e-1,-1.187500000e-1,9.921875000e-3,
3.459531250e+2,1.719375000e-1,-1.204687500e-1,1.023437500e-2,
3.442656250e+2,1.680937500e-1,-1.517968750e-1,4.992187500e-2,
3.420468750e+2,1.801562500e-1,-1.591406250e-1,4.015625000e-2,
3.419218750e+2,1.715312500e-1,-1.396875000e-1,6.007812500e-2,
3.421875000e+2,1.680937500e-1,-1.510937500e-1,2.867187500e-2,
3.416406250e+2,1.720625000e-1,-1.598437500e-1,3.140625000e-2,
3.498906250e+2,1.760312500e-1,-1.396875000e-1,6.007812500e-2,
3.459218750e+2,1.760625000e-1,-1.392968750e-1,3.890625000e-2,
3.520156250e+2,1.757187500e-1,-1.799218750e-1,4.000000000e-2,
3.424375000e+2,1.637812500e-1,-1.300000000e-1,4.054687500e-2,
3.418593750e+2,1.678750000e-1,-1.396875000e-1,6.000000000e-2,
3.420312500e+2,1.721562500e-1,-1.302343750e-1,3.992187500e-2,
3.420468750e+2,1.648750000e-1,-1.400781250e-1,5.000000000e-2,
3.401406250e+2,1.595000000e-1,-1.290625000e-1,4.007812500e-2,
3.375156250e+2,1.697500000e-1,-1.432031250e-1,2.953125000e-2,
3.339375000e+2,1.758750000e-1,-1.100000000e-1,6.023437500e-2,
3.390156250e+2,1.638125000e-1,-1.482031250e-1,4.000000000e-2,
3.415937500e+2,1.682187500e-1,-1.308593750e-1,5.000000000e-2,
3.357812500e+2,1.719687500e-1,-1.296875000e-1,3.000000000e-2,
3.405000000e+2,1.680000000e-1,-1.303125000e-1,5.968750000e-2,
3.439062500e+2,1.720000000e-1,-1.100000000e-1,4.046875000e-2,
3.420781250e+2,1.639687500e-1,-9.015625000e-2,3.984375000e-2,
3.460781250e+2,1.760625000e-1,-1.101562500e-1,4.976562500e-2,
3.437343750e+2,1.797187500e-1,-1.000000000e-1,6.000000000e-2,
3.420937500e+2,1.680312500e-1,-1.000000000e-1,5.000000000e-2,
3.413437500e+2,1.761562500e-1,-1.000000000e-1,2.015625000e-2,
3.342500000e+2,1.720937500e-1,-8.015625000e-2,2.968750000e-2,
3.465312500e+2,1.804375000e-1,-6.000000000e-2,3.960937500e-2,
3.412656250e+2,1.755312500e-1,-8.007812500e-2,6.007812500e-2,
3.380781250e+2,1.764375000e-1,-5.960937500e-2,4.015625000e-2,
3.424218750e+2,1.797812500e-1,-6.984375000e-2,4.968750000e-2,
3.459218750e+2,1.718437500e-1,-4.937500000e-2,4.039062500e-2,
3.416718750e+2,1.715625000e-1,-6.093750000e-2,3.976562500e-2,
3.423593750e+2,1.642187500e-1,-5.851562500e-2,5.007812500e-2,
3.462343750e+2,1.806250000e-1,-2.812500000e-2,4.007812500e-2,
3.457968750e+2,1.749375000e-1,-2.039062500e-2,4.000000000e-2,
3.439687500e+2,1.637187500e-1,-1.914062500e-2,2.960937500e-2,
3.438125000e+2,1.639375000e-1,-1.101562500e-2,3.140625000e-2,
3.395937500e+2,1.645312500e-1,-3.898437500e-2,6.000000000e-2,
3.405468750e+2,1.768125000e-1,1.046875000e-2,3.984375000e-2,
3.462187500e+2,1.800937500e-1,-9.687500000e-3,5.000000000e-2,
3.437656250e+2,1.797500000e-1,4.109375000e-2,2.039062500e-2,
3.419218750e+2,1.760312500e-1,1.937500000e-2,2.953125000e-2,
3.420781250e+2,1.800937500e-1,1.976562500e-2,3.000000000e-2,
3.440625000e+2,1.800625000e-1,5.828125000e-2,3.898437500e-2,
3.416718750e+2,1.800625000e-1,6.218750000e-2,4.929687500e-2,
3.358593750e+2,1.641875000e-1,4.039062500e-2,5.093750000e-2,
3.376718750e+2,1.715312500e-1,5.500000000e-2,3.945312500e-2,
3.401875000e+2,1.680625000e-1,6.984375000e-2,4.992187500e-2,
3.377812500e+2,1.679687500e-1,6.960937500e-2,3.000000000e-2,
3.439531250e+2,1.678750000e-1,8.976562500e-2,3.023437500e-2,
3.383437500e+2,1.720625000e-1,1.200781250e-1,5.000000000e-2,
3.398281250e+2,1.641250000e-1,1.198437500e-1,3.054687500e-2,
3.381718750e+2,1.715312500e-1,1.200781250e-1,3.007812500e-2,
3.397187500e+2,1.800000000e-1,1.400781250e-1,5.960937500e-2,
3.419531250e+2,1.726562500e-1,1.403125000e-1,1.960937500e-2,
3.402656250e+2,1.678750000e-1,1.597656250e-1,4.039062500e-2,
3.359687500e+2,1.720000000e-1,1.403906250e-1,3.968750000e-2,
3.399375000e+2,1.641875000e-1,1.803125000e-1,2.945312500e-2,
3.380000000e+2,1.680625000e-1,1.802343750e-1,3.093750000e-2,
3.418125000e+2,1.719062500e-1,2.008593750e-1,7.132812500e-2,
3.440312500e+2,1.680000000e-1,1.886718750e-1,5.859375000e-2,
3.420468750e+2,1.679375000e-1,1.816406250e-1,4.023437500e-2,
3.420468750e+2,1.599062500e-1,2.245312500e-1,6.125000000e-2,
3.400000000e+2,1.600000000e-1,2.272656250e-1,4.562500000e-2,
3.419843750e+2,1.640312500e-1,2.006250000e-1,1.140625000e-2,
3.400781250e+2,1.763750000e-1,2.311718750e-1,7.078125000e-2,
3.399218750e+2,1.796562500e-1,2.200000000e-1,2.726562500e-2,
3.399843750e+2,1.674062500e-1,2.528906250e-1,4.132812500e-2,
3.358906250e+2,1.640312500e-1,2.582812500e-1,3.945312500e-2,
3.438593750e+2,1.685000000e-1,2.417968750e-1,2.843750000e-2,
3.440156250e+2,1.757812500e-1,3.020312500e-1,2.101562500e-2,
3.459843750e+2,1.679687500e-1,2.784375000e-1,6.054687500e-2,
3.439843750e+2,1.719375000e-1,2.806250000e-1,3.960937500e-2,
3.442968750e+2,1.640000000e-1,2.906250000e-1,2.992187500e-2,
3.361093750e+2,1.720000000e-1,3.112500000e-1,5.976562500e-2,
3.397812500e+2,1.680312500e-1,3.300000000e-1,6.031250000e-2,
3.382187500e+2,1.756250000e-1,3.085937500e-1,4.000000000e-2,
3.394375000e+2,1.764062500e-1,3.589843750e-1,5.000000000e-2,
3.460156250e+2,1.720937500e-1,3.244531250e-1,4.992187500e-2,
3.419531250e+2,1.723125000e-1,3.416406250e-1,5.968750000e-2,
3.462031250e+2,1.681562500e-1,3.599218750e-1,5.031250000e-2,
3.459375000e+2,1.715625000e-1,3.599218750e-1,2.070312500e-2,
3.437812500e+2,1.760312500e-1,3.698437500e-1,1.859375000e-2,
3.400468750e+2,1.722187500e-1,3.701562500e-1,5.945312500e-2,
3.462031250e+2,1.685000000e-1,4.099218750e-1,6.070312500e-2,
3.457968750e+2,1.638125000e-1,3.895312500e-1,5.023437500e-2,
3.420312500e+2,1.759687500e-1,3.790625000e-1,4.015625000e-2,
3.439687500e+2,1.682812500e-1,4.196093750e-1,3.000000000e-2,
3.398750000e+2,1.718437500e-1,4.100000000e-1,3.000000000e-2,
3.442500000e+2,1.720000000e-1,3.900000000e-1,2.992187500e-2,
3.499531250e+2,1.682500000e-1,4.001562500e-1,3.945312500e-2,
3.439218750e+2,1.639062500e-1,4.200781250e-1,5.023437500e-2,
3.460000000e+2,1.760312500e-1,4.300000000e-1,3.984375000e-2,
3.460000000e+2,1.641250000e-1,4.497656250e-1,5.968750000e-2,
3.439843750e+2,1.718750000e-1,4.603125000e-1,5.007812500e-2,
3.418906250e+2,1.720000000e-1,4.592187500e-1,4.992187500e-2,
3.359843750e+2,1.719687500e-1,4.300000000e-1,5.000000000e-2,
3.401250000e+2,1.680000000e-1,4.607812500e-1,5.000000000e-2,
3.441093750e+2,1.720000000e-1,4.700000000e-1,4.992187500e-2,
3.459531250e+2,1.680000000e-1,4.700000000e-1,5.023437500e-2,
3.358906250e+2,1.720000000e-1,4.801562500e-1,3.023437500e-2,
3.340156250e+2,1.680000000e-1,4.800781250e-1,2.000000000e-2,
3.359687500e+2,1.761562500e-1,4.600781250e-1,5.984375000e-2,
3.420000000e+2,1.800000000e-1,5.098437500e-1,3.968750000e-2,
3.360000000e+2,1.762500000e-1,4.896093750e-1,7.015625000e-2,
3.418281250e+2,1.643125000e-1,4.700781250e-1,3.992187500e-2,
3.420000000e+2,1.638750000e-1,4.700781250e-1,9.000000000e-2,
3.440000000e+2,1.717812500e-1,4.797656250e-1,4.023437500e-2,
3.420000000e+2,1.801562500e-1,4.896093750e-1,5.992187500e-2,
3.460312500e+2,1.719687500e-1,4.903125000e-1,4.000000000e-2,
3.440000000e+2,1.798437500e-1,4.893750000e-1,6.953125000e-2,
3.440000000e+2,1.696250000e-1,4.983593750e-1,4.140625000e-2,
3.420312500e+2,1.665000000e-1,5.016406250e-1,3.015625000e-2,
3.440000000e+2,1.759062500e-1,4.901562500e-1,2.992187500e-2,
3.360625000e+2,1.760312500e-1,4.991406250e-1,4.937500000e-2,
3.400000000e+2,1.719062500e-1,5.000781250e-1,5.023437500e-2,
3.460156250e+2,1.760000000e-1,5.091406250e-1,4.984375000e-2,
3.401406250e+2,1.681250000e-1,5.206250000e-1,5.031250000e-2,
3.378593750e+2,1.679687500e-1,5.005468750e-1,3.968750000e-2,
3.440000000e+2,1.720937500e-1,5.096875000e-1,6.976562500e-2,
3.400468750e+2,1.839687500e-1,5.093750000e-1,6.046875000e-2,
3.439218750e+2,1.760312500e-1,5.201562500e-1,5.984375000e-2,
3.402656250e+2,1.760312500e-1,4.907031250e-1,7.007812500e-2,
3.381875000e+2,1.720000000e-1,4.796875000e-1,5.054687500e-2,
3.357812500e+2,1.761250000e-1,5.100000000e-1,3.968750000e-2,
3.440000000e+2,1.840000000e-1,5.298437500e-1,5.992187500e-2,
3.380156250e+2,1.799687500e-1,5.098437500e-1,5.984375000e-2,
3.458437500e+2,1.840625000e-1,5.200781250e-1,6.976562500e-2,
3.440000000e+2,1.798750000e-1,4.992187500e-1,2.992187500e-2,
3.439687500e+2,1.679687500e-1,4.896875000e-1,5.078125000e-2,
3.439843750e+2,1.761875000e-1,5.200000000e-1,7.007812500e-2,
3.400000000e+2,1.760937500e-1,4.798437500e-1,2.015625000e-2,
3.459843750e+2,1.843750000e-1,4.900781250e-1,5.906250000e-2,
3.441406250e+2,1.839375000e-1,4.999218750e-1,6.015625000e-2,
3.381875000e+2,1.838750000e-1,5.000000000e-1,5.023437500e-2,
3.338281250e+2,1.799687500e-1,5.101562500e-1,4.015625000e-2,
3.434843750e+2,1.798125000e-1,5.096875000e-1,6.984375000e-2,
3.462343750e+2,1.760937500e-1,4.896875000e-1,7.015625000e-2,
3.359218750e+2,1.798750000e-1,4.900000000e-1,3.000000000e-2,
3.478437500e+2,1.719687500e-1,4.798437500e-1,5.945312500e-2,
3.442500000e+2,1.803437500e-1,4.996875000e-1,5.015625000e-2,
3.459843750e+2,1.799687500e-1,4.900781250e-1,4.945312500e-2,
3.420937500e+2,1.799375000e-1,5.077343750e-1,5.140625000e-2,
3.420625000e+2,1.800312500e-1,5.115625000e-1,2.859375000e-2,
3.381562500e+2,1.758750000e-1,4.998437500e-1,6.921875000e-2,
3.379843750e+2,1.832500000e-1,5.025000000e-1,4.195312500e-2,
3.399687500e+2,1.841250000e-1,4.803125000e-1,6.039062500e-2,
3.439843750e+2,1.836562500e-1,4.796093750e-1,5.898437500e-2,
3.440000000e+2,1.920000000e-1,4.900000000e-1,4.015625000e-2,
3.439687500e+2,1.800625000e-1,4.900000000e-1,7.007812500e-2,
3.500156250e+2,1.760000000e-1,4.999218750e-1,2.976562500e-2,
3.420937500e+2,1.758125000e-1,4.797656250e-1,1.000000000e-2,
3.439375000e+2,1.915000000e-1,4.601562500e-1,4.031250000e-2,
3.460000000e+2,1.961250000e-1,4.605468750e-1,4.023437500e-2,
3.440468750e+2,1.882500000e-1,4.898437500e-1,6.000000000e-2,
3.419843750e+2,1.799062500e-1,4.699218750e-1,4.000000000e-2,
3.420312500e+2,1.916875000e-1,4.903125000e-1,4.968750000e-2,
3.440625000e+2,1.882187500e-1,4.686718750e-1,2.062500000e-2,
3.417500000e+2,1.879687500e-1,4.707812500e-1,8.132812500e-2,
3.383593750e+2,1.880000000e-1,4.688281250e-1,3.687500000e-2,
3.481406250e+2,1.881875000e-1,4.609375000e-1,1.125000000e-2,
3.437187500e+2,1.996562500e-1,4.797656250e-1,5.164062500e-2,
3.417812500e+2,1.839375000e-1,4.590625000e-1,3.843750000e-2,
3.380937500e+2,1.964062500e-1,4.716406250e-1,4.070312500e-2,
3.441718750e+2,1.918125000e-1,4.674218750e-1,5.000000000e-2,
3.440156250e+2,1.914687500e-1,4.387500000e-1,2.812500000e-2,
3.437656250e+2,1.798437500e-1,4.520312500e-1,1.101562500e-2,
3.359687500e+2,1.883125000e-1,4.608593750e-1,5.093750000e-2,
3.401562500e+2,1.880000000e-1,4.703906250e-1,4.906250000e-2,
3.398281250e+2,1.760312500e-1,4.696093750e-1,4.023437500e-2,
3.340156250e+2,1.921562500e-1,4.589843750e-1,4.976562500e-2,
3.400312500e+2,1.957500000e-1,4.390625000e-1,1.984375000e-2,
3.378281250e+2,1.839062500e-1,4.300781250e-1,1.921875000e-2,
3.381562500e+2,1.919375000e-1,4.500781250e-1,5.000000000e-2,
3.420156250e+2,1.960312500e-1,4.599218750e-1,4.015625000e-2,
3.400156250e+2,1.921250000e-1,4.404687500e-1,3.992187500e-2,
3.439843750e+2,1.917187500e-1,4.398437500e-1,4.046875000e-2,
3.439843750e+2,1.990000000e-1,4.471875000e-1,2.914062500e-2,
3.440000000e+2,2.015000000e-1,4.580468750e-1,6.039062500e-2,
3.439062500e+2,1.917187500e-1,4.000000000e-1,3.000000000e-2,
3.378750000e+2,2.039062500e-1,4.406250000e-1,6.109375000e-2,
3.360156250e+2,1.887187500e-1,4.303125000e-1,5.890625000e-2,
3.400937500e+2,1.840000000e-1,4.599218750e-1,1.953125000e-2,
3.440312500e+2,1.919375000e-1,4.201562500e-1,5.070312500e-2,
3.379531250e+2,1.920312500e-1,4.401562500e-1,6.968750000e-2,
3.398125000e+2,1.920000000e-1,4.300000000e-1,2.968750000e-2,
3.438281250e+2,1.958750000e-1,4.400000000e-1,4.054687500e-2,
3.441875000e+2,1.961250000e-1,4.188281250e-1,7.000000000e-2,
3.379843750e+2,1.879375000e-1,4.104687500e-1,3.929687500e-2,
3.437031250e+2,1.914062500e-1,4.307031250e-1,5.062500000e-2,
3.440937500e+2,2.040312500e-1,4.196875000e-1,5.945312500e-2,
3.419843750e+2,1.999375000e-1,4.102343750e-1,3.968750000e-2,
3.439375000e+2,1.995312500e-1,4.302343750e-1,3.953125000e-2,
3.460156250e+2,1.787500000e-1,4.397656250e-1,1.968750000e-2,
3.440468750e+2,1.806562500e-1,4.199218750e-1,3.015625000e-2,
3.421562500e+2,1.965937500e-1,4.300000000e-1,2.984375000e-2,
3.379687500e+2,1.914687500e-1,4.195312500e-1,3.023437500e-2,
3.418281250e+2,1.880937500e-1,4.305468750e-1,6.023437500e-2,
3.402812500e+2,1.920000000e-1,4.491406250e-1,6.015625000e-2,
3.397656250e+2,1.921250000e-1,4.074218750e-1,2.984375000e-2,
3.439375000e+2,1.957187500e-1,4.007812500e-1,5.093750000e-2,
3.421093750e+2,1.839687500e-1,4.202343750e-1,4.976562500e-2,
3.420937500e+2,1.961562500e-1,4.097656250e-1,3.843750000e-2,
3.382500000e+2,2.000000000e-1,4.100781250e-1,1.070312500e-2,
3.395937500e+2,1.999062500e-1,4.103125000e-1,5.078125000e-2,
3.441718750e+2,1.959687500e-1,3.900781250e-1,2.960937500e-2,
3.379375000e+2,1.958437500e-1,4.100000000e-1,5.078125000e-2,
3.458750000e+2,1.880000000e-1,3.901562500e-1,4.000000000e-2,
3.401718750e+2,1.955000000e-1,4.090625000e-1,1.000000000e-2,
3.420937500e+2,1.970000000e-1,4.015625000e-1,4.000000000e-2,
3.359687500e+2,1.843125000e-1,3.882812500e-1,5.992187500e-2,
3.427968750e+2,1.933750000e-1,4.165625000e-1,4.984375000e-2,
3.441562500e+2,2.040312500e-1,4.206250000e-1,6.023437500e-2,
3.429843750e+2,1.998125000e-1,4.030468750e-1,5.007812500e-2,
3.362812500e+2,1.919375000e-1,3.696093750e-1,3.000000000e-2,
3.440937500e+2,1.920000000e-1,4.096875000e-1,1.007812500e-2,
3.377656250e+2,1.920312500e-1,3.897656250e-1,5.906250000e-2,
3.400156250e+2,1.960000000e-1,4.200000000e-1,6.062500000e-2,
3.381093750e+2,1.959062500e-1,3.596875000e-1,4.968750000e-2,
3.441562500e+2,1.879687500e-1,3.802343750e-1,7.007812500e-2,
3.439375000e+2,1.882500000e-1,3.499218750e-1,3.023437500e-2,
3.440000000e+2,2.002187500e-1,3.601562500e-1,2.000000000e-2,
3.440781250e+2,1.997812500e-1,3.900000000e-1,4.984375000e-2,
3.461250000e+2,2.005000000e-1,3.800000000e-1,3.070312500e-2,
3.457031250e+2,2.035000000e-1,3.800000000e-1,2.953125000e-2,
3.420312500e+2,1.960000000e-1,3.800781250e-1,5.984375000e-2,
3.414687500e+2,2.043125000e-1,3.891406250e-1,5.054687500e-2,
3.363437500e+2,2.041562500e-1,3.704687500e-1,2.929687500e-2,
3.460468750e+2,2.030000000e-1,4.003906250e-1,5.992187500e-2,
3.374531250e+2,1.837500000e-1,3.792187500e-1,3.039062500e-2,
3.405156250e+2,1.967187500e-1,3.792187500e-1,3.898437500e-2,
3.418750000e+2,2.040625000e-1,3.476562500e-1,5.992187500e-2,
3.399218750e+2,2.037812500e-1,3.410156250e-1,4.968750000e-2,
3.423906250e+2,1.999062500e-1,3.606250000e-1,5.031250000e-2,
3.462187500e+2,1.951562500e-1,3.595312500e-1,4.867187500e-2,
3.457343750e+2,1.885000000e-1,3.609375000e-1,3.023437500e-2,
3.440312500e+2,2.001250000e-1,3.793750000e-1,7.031250000e-2,
3.436406250e+2,1.916250000e-1,3.603906250e-1,5.023437500e-2,
3.400156250e+2,1.959687500e-1,3.897656250e-1,4.007812500e-2,
3.442187500e+2,1.874375000e-1,3.494531250e-1,3.945312500e-2,
3.416875000e+2,1.926562500e-1,3.600000000e-1,5.078125000e-2,
3.380625000e+2,1.999062500e-1,3.302343750e-1,2.179687500e-2,
3.421406250e+2,1.880312500e-1,3.582812500e-1,3.570312500e-2,
3.398125000e+2,1.915000000e-1,3.431250000e-1,8.875000000e-2,
3.362500000e+2,1.994687500e-1,3.396875000e-1,6.492187500e-2,
3.338437500e+2,2.039375000e-1,3.308593750e-1,3.984375000e-2,
3.411875000e+2,2.042500000e-1,3.198437500e-1,4.000000000e-2,
3.484687500e+2,1.922500000e-1,3.300000000e-1,1.992187500e-2,
3.348281250e+2,1.920000000e-1,3.200000000e-1,3.000000000e-2,
3.370625000e+2,1.880312500e-1,3.300000000e-1,3.015625000e-2,
3.439843750e+2,1.882187500e-1,3.199218750e-1,4.007812500e-2,
3.419843750e+2,1.834687500e-1,3.097656250e-1,5.960937500e-2,
3.457187500e+2,2.036250000e-1,2.897656250e-1,1.953125000e-2,
3.460937500e+2,1.960312500e-1,3.013281250e-1,3.046875000e-2,
3.440312500e+2,2.040000000e-1,3.188281250e-1,5.000000000e-2,
3.420625000e+2,1.925000000e-1,2.697656250e-1,5.039062500e-2,
3.399843750e+2,1.921250000e-1,3.014843750e-1,5.960937500e-2,
3.419062500e+2,2.040312500e-1,2.883593750e-1,2.867187500e-2,
3.421406250e+2,1.958750000e-1,2.695312500e-1,3.054687500e-2,
3.361250000e+2,1.879062500e-1,2.708593750e-1,4.023437500e-2,
3.378750000e+2,1.881562500e-1,2.795312500e-1,3.992187500e-2,
3.398906250e+2,2.000000000e-1,2.699218750e-1,2.796875000e-2,
3.402031250e+2,1.920000000e-1,2.809375000e-1,2.164062500e-2,
3.339218750e+2,2.041562500e-1,2.660156250e-1,7.078125000e-2,
3.437343750e+2,1.956250000e-1,2.407812500e-1,3.695312500e-2,
3.399687500e+2,1.961250000e-1,2.710937500e-1,4.195312500e-2,
3.376250000e+2,1.912187500e-1,2.589062500e-1,5.921875000e-2,
3.499687500e+2,1.842812500e-1,2.494531250e-1,2.781250000e-2,
3.420937500e+2,2.010312500e-1,2.401562500e-1,2.015625000e-2,
3.496250000e+2,2.037500000e-1,2.384375000e-1,3.046875000e-2,
3.448125000e+2,1.957812500e-1,2.103906250e-1,5.000000000e-2,
3.398437500e+2,1.959375000e-1,2.404687500e-1,5.000000000e-2,
3.440156250e+2,2.080000000e-1,2.085156250e-1,5.015625000e-2,
3.400625000e+2,1.964062500e-1,2.000000000e-1,3.000000000e-2,
3.438906250e+2,1.953437500e-1,2.088281250e-1,5.000000000e-2,
3.419375000e+2,2.046875000e-1,2.210937500e-1,5.000000000e-2,
3.443281250e+2,1.882187500e-1,1.940625000e-1,6.007812500e-2,
3.379843750e+2,2.024062500e-1,1.879687500e-1,3.179687500e-2,
3.441406250e+2,1.971250000e-1,1.906250000e-1,2.937500000e-2,
3.420312500e+2,1.915000000e-1,1.799218750e-1,7.945312500e-2,
3.458437500e+2,2.032187500e-1,2.001562500e-1,6.085937500e-2,
3.336875000e+2,2.043437500e-1,1.999218750e-1,6.000000000e-2,
3.343750000e+2,2.000000000e-1,1.800781250e-1,4.953125000e-2,
3.397968750e+2,2.037500000e-1,1.800000000e-1,6.984375000e-2,
3.320312500e+2,2.080312500e-1,1.699218750e-1,5.046875000e-2,
3.422500000e+2,2.038750000e-1,1.800000000e-1,3.968750000e-2,
3.418437500e+2,2.119062500e-1,1.600000000e-1,6.000000000e-2,
3.421250000e+2,2.080312500e-1,1.499218750e-1,3.000000000e-2,
3.439062500e+2,2.041875000e-1,1.800000000e-1,4.953125000e-2,
3.380000000e+2,1.999375000e-1,1.398437500e-1,4.062500000e-2,
3.440000000e+2,2.078437500e-1,1.400000000e-1,3.968750000e-2,
3.420000000e+2,2.043437500e-1,1.298437500e-1,5.984375000e-2,
3.439843750e+2,1.919687500e-1,1.500781250e-1,5.007812500e-2,
3.439687500e+2,2.000312500e-1,1.289062500e-1,5.976562500e-2,
3.440312500e+2,1.920312500e-1,1.096093750e-1,6.007812500e-2,
3.479375000e+2,2.120937500e-1,1.100781250e-1,4.000000000e-2,
3.419062500e+2,2.038125000e-1,1.100000000e-1,2.968750000e-2,
3.440156250e+2,2.000937500e-1,1.000000000e-1,4.992187500e-2,
3.399218750e+2,2.040625000e-1,1.099218750e-1,3.015625000e-2,
3.380312500e+2,2.081875000e-1,9.992187500e-2,3.000000000e-2,
3.420000000e+2,2.118750000e-1,1.200000000e-1,4.015625000e-2,
3.380156250e+2,2.039687500e-1,1.000781250e-1,2.968750000e-2,
3.400000000e+2,2.195312500e-1,1.000000000e-1,5.929687500e-2,
3.477343750e+2,2.207187500e-1,9.000000000e-2,6.000000000e-2,
3.520000000e+2,2.039687500e-1,8.992187500e-2,5.960937500e-2,
3.460468750e+2,2.158437500e-1,7.976562500e-2,2.976562500e-2,
3.400000000e+2,2.085625000e-1,9.960937500e-2,7.007812500e-2,
3.379687500e+2,2.073437500e-1,8.984375000e-2,3.015625000e-2,
3.419531250e+2,2.197500000e-1,1.010937500e-1,7.796875000e-2,
3.500156250e+2,2.160937500e-1,7.257812500e-2,7.234375000e-2,
3.439843750e+2,2.175937500e-1,7.195312500e-2,2.937500000e-2,
3.480000000e+2,2.040937500e-1,4.953125000e-2,5.992187500e-2,
3.400000000e+2,2.158437500e-1,7.898437500e-2,4.078125000e-2,
3.460000000e+2,2.281562500e-1,5.250000000e-2,4.921875000e-2,
3.402968750e+2,2.160937500e-1,4.960937500e-2,5.007812500e-2,
3.339843750e+2,2.120000000e-1,5.812500000e-2,4.929687500e-2,
3.398125000e+2,2.120312500e-1,8.945312500e-2,7.984375000e-2,
3.440625000e+2,2.120000000e-1,6.218750000e-2,6.023437500e-2,
3.382968750e+2,2.159687500e-1,2.875000000e-2,5.992187500e-2,
3.378281250e+2,2.200000000e-1,5.976562500e-2,5.984375000e-2,
3.436718750e+2,2.159375000e-1,3.054687500e-2,7.023437500e-2,
3.442656250e+2,2.160000000e-1,3.945312500e-2,5.007812500e-2,
3.399218750e+2,2.160000000e-1,5.000000000e-2,5.992187500e-2,
3.459375000e+2,2.159687500e-1,6.007812500e-2,5.000000000e-2,
3.440156250e+2,2.119687500e-1,5.968750000e-2,5.984375000e-2,
3.460156250e+2,2.079375000e-1,4.984375000e-2,6.000000000e-2,
3.400000000e+2,2.080625000e-1,4.992187500e-2,5.992187500e-2,
3.459218750e+2,2.119062500e-1,4.000000000e-2,5.007812500e-2,
3.479687500e+2,2.039375000e-1,4.000000000e-2,6.992187500e-2,
3.439687500e+2,2.122812500e-1,4.000000000e-2,7.101562500e-2,
3.400156250e+2,2.208750000e-1,4.007812500e-2,2.015625000e-2,
3.399531250e+2,2.363125000e-1,5.992187500e-2,4.960937500e-2,
3.400937500e+2,2.271250000e-1,3.992187500e-2,5.015625000e-2,
3.341718750e+2,2.161250000e-1,5.007812500e-2,6.007812500e-2,
3.373906250e+2,2.240625000e-1,3.984375000e-2,6.992187500e-2,
3.499843750e+2,2.157812500e-1,3.960937500e-2,8.007812500e-2,
3.440625000e+2,2.159062500e-1,3.000000000e-2,4.023437500e-2,
3.479375000e+2,2.122500000e-1,6.976562500e-2,4.039062500e-2,
3.424531250e+2,2.284375000e-1,5.093750000e-2,1.976562500e-2,
3.399218750e+2,2.238750000e-1,4.937500000e-2,5.914062500e-2,
3.439375000e+2,2.200312500e-1,5.039062500e-2,4.093750000e-2,
3.440000000e+2,2.160000000e-1,4.937500000e-2,4.851562500e-2,
3.441250000e+2,2.193125000e-1,5.195312500e-2,5.906250000e-2,
3.400000000e+2,2.277812500e-1,3.859375000e-2,6.953125000e-2,
3.400156250e+2,2.204375000e-1,5.007812500e-2,5.960937500e-2,
3.379843750e+2,2.115937500e-1,3.000000000e-2,5.070312500e-2,
3.439687500e+2,2.317500000e-1,7.000000000e-2,8.000000000e-2,
3.439843750e+2,2.320312500e-1,8.992187500e-2,4.953125000e-2,
3.480000000e+2,2.200937500e-1,5.023437500e-2,5.992187500e-2,
3.421093750e+2,2.201562500e-1,5.007812500e-2,4.000000000e-2,
3.399687500e+2,2.079375000e-1,5.000000000e-2,3.046875000e-2,
3.400000000e+2,2.234375000e-1,6.039062500e-2,5.000000000e-2,
3.380468750e+2,2.203125000e-1,8.000000000e-2,3.000000000e-2,
3.359843750e+2,2.158437500e-1,7.039062500e-2,5.000000000e-2,
3.401562500e+2,2.280312500e-1,9.093750000e-2,6.000000000e-2,
3.480937500e+2,2.162812500e-1,7.835937500e-2,5.984375000e-2,
3.437812500e+2,2.238125000e-1,7.140625000e-2,4.984375000e-2,
3.422656250e+2,2.280000000e-1,1.014843750e-1,4.976562500e-2,
3.437812500e+2,2.200000000e-1,9.929687500e-2,3.929687500e-2,
3.382500000e+2,2.282187500e-1,8.914062500e-2,5.351562500e-2,
3.458281250e+2,2.239062500e-1,9.195312500e-2,8.937500000e-2,
3.359062500e+2,2.237812500e-1,1.204687500e-1,3.718750000e-2,
3.441875000e+2,2.157812500e-1,9.734375000e-2,3.093750000e-2,
3.421718750e+2,2.204687500e-1,1.049218750e-1,5.023437500e-2,
3.500156250e+2,2.284062500e-1,1.261718750e-1,5.046875000e-2,
3.440000000e+2,2.317812500e-1,8.031250000e-2,5.937500000e-2,
3.457500000e+2,2.160000000e-1,1.328125000e-1,2.968750000e-2,
3.298437500e+2,2.078750000e-1,1.185937500e-1,5.070312500e-2,
3.382500000e+2,2.081875000e-1,1.214062500e-1,4.945312500e-2,
3.399843750e+2,2.320625000e-1,1.405468750e-1,4.000000000e-2,
3.442187500e+2,2.157812500e-1,1.398437500e-1,5.984375000e-2,
3.459843750e+2,2.239375000e-1,1.400000000e-1,5.000000000e-2,
3.417031250e+2,2.280312500e-1,1.500000000e-1,6.992187500e-2,
3.380625000e+2,2.240000000e-1,1.392968750e-1,6.015625000e-2,
3.459531250e+2,2.280625000e-1,1.703125000e-1,5.968750000e-2,
3.499375000e+2,2.236250000e-1,1.474218750e-1,6.992187500e-2,
3.440156250e+2,2.263125000e-1,1.988281250e-1,6.140625000e-2,
3.440156250e+2,2.076562500e-1,1.600000000e-1,5.000000000e-2,
3.418593750e+2,2.316562500e-1,1.603125000e-1,5.953125000e-2,
3.380000000e+2,2.128125000e-1,1.712500000e-1,2.960937500e-2,
3.399843750e+2,2.120312500e-1,1.895312500e-1,5.101562500e-2,
3.379843750e+2,2.198750000e-1,1.400000000e-1,4.960937500e-2,
3.460312500e+2,2.280625000e-1,2.108593750e-1,2.000000000e-2,
3.478593750e+2,2.158750000e-1,2.203125000e-1,4.015625000e-2,
3.521093750e+2,2.156250000e-1,1.996875000e-1,1.945312500e-2,
3.423906250e+2,2.279687500e-1,2.006250000e-1,-7.812500000e-5,
3.377500000e+2,2.199687500e-1,2.205468750e-1,3.171875000e-2,
3.438906250e+2,2.241250000e-1,2.302343750e-1,5.945312500e-2,
3.401875000e+2,2.160000000e-1,2.299218750e-1,1.992187500e-2,
3.398437500e+2,2.285625000e-1,2.300000000e-1,6.085937500e-2,
3.440468750e+2,2.273750000e-1,2.300000000e-1,4.914062500e-2,
3.380468750e+2,2.111562500e-1,2.503906250e-1,3.968750000e-2,
3.398750000e+2,2.124687500e-1,2.700000000e-1,3.015625000e-2,
3.419687500e+2,2.245937500e-1,2.494531250e-1,5.000000000e-2,
3.438593750e+2,2.237500000e-1,2.409375000e-1,3.992187500e-2,
3.460781250e+2,2.199062500e-1,2.702343750e-1,5.007812500e-2,
3.423281250e+2,2.158437500e-1,2.590625000e-1,5.007812500e-2,
3.401250000e+2,2.163125000e-1,2.608593750e-1,4.007812500e-2,
3.379843750e+2,2.279062500e-1,2.700000000e-1,5.023437500e-2,
3.399375000e+2,2.158750000e-1,2.593750000e-1,3.929687500e-2,
3.398593750e+2,2.240937500e-1,2.602343750e-1,4.109375000e-2,
3.422812500e+2,2.240000000e-1,2.801562500e-1,7.031250000e-2,
3.359375000e+2,2.280625000e-1,2.803125000e-1,4.789062500e-2,
3.437812500e+2,2.280312500e-1,2.701562500e-1,2.984375000e-2,
3.401718750e+2,2.278125000e-1,3.100000000e-1,2.992187500e-2,
3.418906250e+2,2.199687500e-1,3.201562500e-1,3.000000000e-2,
3.418593750e+2,2.277812500e-1,3.101562500e-1,2.992187500e-2,
3.459218750e+2,2.244375000e-1,3.103125000e-1,2.000000000e-2,
3.441718750e+2,2.180000000e-1,3.075781250e-1,3.992187500e-2,
3.414375000e+2,2.059062500e-1,3.382031250e-1,2.984375000e-2,
3.382500000e+2,2.281875000e-1,3.221875000e-1,5.031250000e-2,
3.446250000e+2,2.197187500e-1,3.089843750e-1,4.000000000e-2,
3.437343750e+2,2.201875000e-1,3.294531250e-1,5.000000000e-2,
3.416875000e+2,2.240312500e-1,3.302343750e-1,1.992187500e-2,
3.377968750e+2,2.240625000e-1,3.295312500e-1,3.953125000e-2,
3.403906250e+2,2.280000000e-1,3.500000000e-1,4.007812500e-2,
3.482343750e+2,2.118125000e-1,3.498437500e-1,4.015625000e-2,
3.479843750e+2,2.200625000e-1,3.396093750e-1,3.000000000e-2,
3.456406250e+2,2.279375000e-1,3.300781250e-1,3.992187500e-2,
3.378750000e+2,2.240312500e-1,3.600781250e-1,4.000000000e-2,
3.401875000e+2,2.279375000e-1,3.500000000e-1,4.000000000e-2,
3.421875000e+2,2.193437500e-1,3.500000000e-1,4.953125000e-2,
3.459843750e+2,2.210000000e-1,3.500000000e-1,6.960937500e-2,
3.416562500e+2,2.276562500e-1,3.700781250e-1,8.000000000e-2,
3.374218750e+2,2.202812500e-1,3.808593750e-1,6.054687500e-2,
3.343750000e+2,2.276562500e-1,3.893750000e-1,3.960937500e-2,
3.442968750e+2,2.163125000e-1,3.703125000e-1,6.000000000e-2,
3.417968750e+2,2.320625000e-1,3.897656250e-1,4.984375000e-2,
3.443593750e+2,2.153750000e-1,3.707812500e-1,7.023437500e-2,
3.435781250e+2,2.163125000e-1,4.003125000e-1,4.015625000e-2,
3.401406250e+2,2.203750000e-1,3.802343750e-1,5.007812500e-2,
3.440156250e+2,2.283125000e-1,4.216406250e-1,4.000000000e-2,
3.395625000e+2,2.275000000e-1,4.189843750e-1,7.187500000e-2,
3.378437500e+2,2.195312500e-1,3.997656250e-1,6.953125000e-2,
3.384218750e+2,2.207187500e-1,3.995312500e-1,2.960937500e-2,
3.443906250e+2,2.331250000e-1,3.903906250e-1,3.968750000e-2,
3.462187500e+2,2.356562500e-1,4.206250000e-1,5.023437500e-2,
3.500937500e+2,2.320937500e-1,4.094531250e-1,4.000000000e-2,
3.478750000e+2,2.360000000e-1,3.998437500e-1,4.085937500e-2,
3.458125000e+2,2.277812500e-1,4.201562500e-1,2.031250000e-2,
3.418437500e+2,2.200312500e-1,4.003906250e-1,3.843750000e-2,
3.421093750e+2,2.200937500e-1,4.251562500e-1,4.906250000e-2,
3.440468750e+2,2.191250000e-1,4.333593750e-1,5.312500000e-2,
3.436875000e+2,2.319375000e-1,4.112500000e-1,1.984375000e-2,
3.497187500e+2,2.281875000e-1,4.081250000e-1,5.000000000e-2,
3.468281250e+2,2.315937500e-1,4.700000000e-1,6.000000000e-2,
3.361875000e+2,2.401250000e-1,4.400000000e-1,6.992187500e-2,
3.398906250e+2,2.244375000e-1,4.804687500e-1,5.039062500e-2,
3.361562500e+2,2.276875000e-1,4.395312500e-1,4.000000000e-2,
3.413750000e+2,2.318125000e-1,4.302343750e-1,4.960937500e-2,
3.458593750e+2,2.325312500e-1,4.500781250e-1,2.992187500e-2,
3.478750000e+2,2.239062500e-1,4.400781250e-1,5.015625000e-2,
3.480625000e+2,2.359687500e-1,4.495312500e-1,3.976562500e-2,
3.421406250e+2,2.324062500e-1,4.198437500e-1,3.953125000e-2,
3.419062500e+2,2.239687500e-1,4.411718750e-1,3.062500000e-2,
3.478906250e+2,2.280625000e-1,4.503906250e-1,6.007812500e-2,
3.444531250e+2,2.320625000e-1,4.600781250e-1,3.984375000e-2,
3.319531250e+2,2.358437500e-1,4.485156250e-1,6.039062500e-2,
3.417187500e+2,2.199375000e-1,4.417968750e-1,4.984375000e-2,
3.401093750e+2,2.320625000e-1,4.592187500e-1,4.773437500e-2,
3.438125000e+2,2.359062500e-1,4.277343750e-1,2.093750000e-2,
3.441406250e+2,2.322187500e-1,4.312500000e-1,5.953125000e-2,
3.380937500e+2,2.442500000e-1,4.540625000e-1,1.945312500e-2,
3.400000000e+2,2.398125000e-1,4.783593750e-1,5.046875000e-2,
3.400468750e+2,2.396562500e-1,4.400000000e-1,3.031250000e-2,
3.380468750e+2,2.319687500e-1,4.703125000e-1,6.093750000e-2,
3.358906250e+2,2.357812500e-1,4.500000000e-1,3.937500000e-2,
3.417812500e+2,2.279375000e-1,4.695312500e-1,5.078125000e-2,
3.419843750e+2,2.319062500e-1,4.396875000e-1,4.968750000e-2,
3.456718750e+2,2.240000000e-1,4.715625000e-1,1.992187500e-2,
3.481406250e+2,2.320000000e-1,4.690625000e-1,5.953125000e-2,
3.421562500e+2,2.282812500e-1,4.500000000e-1,8.023437500e-2,
3.438750000e+2,2.237812500e-1,4.680468750e-1,5.000000000e-2,
3.422968750e+2,2.351250000e-1,4.821093750e-1,6.000000000e-2,
3.415781250e+2,2.402187500e-1,4.511718750e-1,8.992187500e-2,
3.459531250e+2,2.365000000e-1,4.725000000e-1,7.218750000e-2,
3.398437500e+2,2.357187500e-1,4.815625000e-1,4.984375000e-2,
3.420000000e+2,2.398750000e-1,4.500000000e-1,6.976562500e-2,
3.378750000e+2,2.399062500e-1,4.700781250e-1,5.109375000e-2,
3.400937500e+2,2.402500000e-1,4.600000000e-1,4.945312500e-2,
3.398437500e+2,2.324062500e-1,4.799218750e-1,7.937500000e-2,
3.359843750e+2,2.356250000e-1,4.698437500e-1,7.062500000e-2,
3.403281250e+2,2.479687500e-1,4.693750000e-1,6.007812500e-2,
3.440156250e+2,2.406875000e-1,4.801562500e-1,5.023437500e-2,
3.417968750e+2,2.319687500e-1,4.700000000e-1,3.000000000e-2,
3.400781250e+2,2.398750000e-1,5.100000000e-1,3.992187500e-2,
3.440156250e+2,2.480000000e-1,4.696875000e-1,4.023437500e-2,
3.398906250e+2,2.440000000e-1,4.700000000e-1,3.929687500e-2,
3.400000000e+2,2.518125000e-1,4.700000000e-1,6.007812500e-2,
3.440000000e+2,2.483125000e-1,4.700781250e-1,3.992187500e-2,
3.420312500e+2,2.360312500e-1,4.600781250e-1,6.000000000e-2,
3.420937500e+2,2.399375000e-1,4.700000000e-1,3.023437500e-2,
3.459687500e+2,2.399687500e-1,4.600000000e-1,3.992187500e-2,
3.357187500e+2,2.399375000e-1,4.700781250e-1,4.000000000e-2,
3.362968750e+2,2.401250000e-1,4.800000000e-1,4.984375000e-2,
3.459843750e+2,2.520000000e-1,5.100000000e-1,4.984375000e-2,
3.399687500e+2,2.397812500e-1,4.696875000e-1,5.992187500e-2,
3.460468750e+2,2.400625000e-1,4.900000000e-1,6.000000000e-2,
3.440156250e+2,2.400312500e-1,4.700000000e-1,6.046875000e-2,
3.400312500e+2,2.439687500e-1,4.999218750e-1,3.976562500e-2,
3.400000000e+2,2.440937500e-1,4.800781250e-1,6.953125000e-2,
3.400312500e+2,2.364062500e-1,5.100000000e-1,6.000000000e-2,
3.400000000e+2,2.318125000e-1,4.696093750e-1,7.007812500e-2,
3.400156250e+2,2.438125000e-1,4.695312500e-1,6.015625000e-2,
3.360000000e+2,2.442500000e-1,4.888281250e-1,3.992187500e-2,
3.420000000e+2,2.435625000e-1,5.008593750e-1,5.000000000e-2,
3.360000000e+2,2.520625000e-1,4.805468750e-1,4.015625000e-2,
3.419218750e+2,2.413750000e-1,4.901562500e-1,4.062500000e-2,
3.460000000e+2,2.364375000e-1,4.790625000e-1,2.812500000e-2,
3.440000000e+2,2.320312500e-1,4.993750000e-1,6.984375000e-2,
3.380625000e+2,2.319375000e-1,4.813281250e-1,7.046875000e-2,
3.380000000e+2,2.396562500e-1,4.885937500e-1,6.093750000e-2,
3.440312500e+2,2.440625000e-1,4.903906250e-1,4.000000000e-2,
3.380312500e+2,2.399687500e-1,4.887500000e-1,5.921875000e-2,
3.437656250e+2,2.477187500e-1,5.100000000e-1,6.046875000e-2,
3.462031250e+2,2.519375000e-1,4.907812500e-1,3.976562500e-2,
3.362812500e+2,2.440000000e-1,4.896093750e-1,7.945312500e-2,
3.397031250e+2,2.480000000e-1,4.807812500e-1,6.023437500e-2,
3.440468750e+2,2.440625000e-1,4.601562500e-1,4.992187500e-2,
3.420156250e+2,2.480000000e-1,4.695312500e-1,5.000000000e-2,
3.457656250e+2,2.320312500e-1,4.900000000e-1,5.960937500e-2,
3.480937500e+2,2.480937500e-1,4.796093750e-1,7.007812500e-2,
3.421562500e+2,2.358750000e-1,4.596875000e-1,4.015625000e-2,
3.400156250e+2,2.401562500e-1,4.707031250e-1,4.000000000e-2,
3.379843750e+2,2.439687500e-1,4.896875000e-1,1.992187500e-2,
3.439375000e+2,2.400000000e-1,4.700000000e-1,2.062500000e-2,
3.459531250e+2,2.440000000e-1,4.800781250e-1,5.992187500e-2,
3.399843750e+2,2.400000000e-1,4.499218750e-1,3.007812500e-2,
3.419843750e+2,2.443125000e-1,4.602343750e-1,6.890625000e-2,
3.418750000e+2,2.482812500e-1,5.196875000e-1,7.046875000e-2,
3.480312500e+2,2.563125000e-1,4.596093750e-1,3.992187500e-2,
3.402656250e+2,2.556875000e-1,4.904687500e-1,6.015625000e-2,
3.417343750e+2,2.435312500e-1,4.897656250e-1,5.007812500e-2,
3.440937500e+2,2.443750000e-1,4.798437500e-1,6.007812500e-2,
3.399687500e+2,2.475625000e-1,4.800000000e-1,3.031250000e-2,
3.458593750e+2,2.321562500e-1,4.801562500e-1,2.945312500e-2,
3.444218750e+2,2.480937500e-1,4.698437500e-1,4.976562500e-2,
3.417656250e+2,2.277500000e-1,4.885156250e-1,5.023437500e-2,
3.539062500e+2,2.315937500e-1,4.916406250e-1,4.062500000e-2,
3.463593750e+2,2.478125000e-1,4.721875000e-1,2.945312500e-2,
3.422812500e+2,2.517812500e-1,4.671875000e-1,4.820312500e-2,
3.359687500e+2,2.558125000e-1,4.877343750e-1,6.632812500e-2,
3.419687500e+2,2.485312500e-1,4.804687500e-1,7.960937500e-2,
3.400000000e+2,2.320312500e-1,4.596875000e-1,2.875000000e-2,
3.419687500e+2,2.437812500e-1,4.800000000e-1,4.031250000e-2,
3.460000000e+2,2.480000000e-1,4.500000000e-1,4.953125000e-2,
3.401406250e+2,2.440625000e-1,4.796875000e-1,2.992187500e-2,
3.339531250e+2,2.440312500e-1,4.697656250e-1,4.000000000e-2,
3.419218750e+2,2.401875000e-1,4.503125000e-1,4.031250000e-2,
3.420156250e+2,2.395937500e-1,4.512500000e-1,6.007812500e-2,
3.360937500e+2,2.480937500e-1,5.096093750e-1,4.992187500e-2,
3.360937500e+2,2.399375000e-1,4.474218750e-1,5.000000000e-2,
3.440625000e+2,2.517812500e-1,4.724218750e-1,4.960937500e-2,
3.419531250e+2,2.442500000e-1,4.796875000e-1,2.007812500e-2,
3.441250000e+2,2.479062500e-1,4.675000000e-1,6.179687500e-2,
3.436718750e+2,2.480000000e-1,4.398437500e-1,5.898437500e-2,
3.400937500e+2,2.401250000e-1,4.612500000e-1,3.937500000e-2,
3.438125000e+2,2.517500000e-1,4.590625000e-1,4.062500000e-2,
3.358125000e+2,2.316562500e-1,4.494531250e-1,5.093750000e-2,
3.402031250e+2,2.409062500e-1,4.510937500e-1,4.851562500e-2,
3.400000000e+2,2.477500000e-1,4.595312500e-1,3.085937500e-2,
3.420312500e+2,2.397812500e-1,4.369531250e-1,5.984375000e-2,
3.398437500e+2,2.442500000e-1,4.189062500e-1,2.914062500e-2,
3.400937500e+2,2.439687500e-1,4.213281250e-1,5.101562500e-2,
3.480468750e+2,2.400000000e-1,4.296093750e-1,5.960937500e-2,
3.417968750e+2,2.320937500e-1,4.202343750e-1,4.992187500e-2,
3.401250000e+2,2.481250000e-1,4.299218750e-1,4.976562500e-2,
3.419375000e+2,2.517812500e-1,4.201562500e-1,4.000000000e-2,
3.340468750e+2,2.440000000e-1,4.403906250e-1,5.953125000e-2,
3.442968750e+2,2.519687500e-1,4.399218750e-1,6.000000000e-2,
3.417343750e+2,2.480312500e-1,4.299218750e-1,6.976562500e-2,
3.400937500e+2,2.518437500e-1,4.301562500e-1,8.023437500e-2,
3.459531250e+2,2.553750000e-1,4.205468750e-1,4.093750000e-2,
3.500156250e+2,2.612812500e-1,4.275000000e-1,3.890625000e-2,
3.480312500e+2,2.414375000e-1,4.354687500e-1,6.093750000e-2,
3.420156250e+2,2.437187500e-1,3.900000000e-1,4.000000000e-2,
3.480937500e+2,2.401875000e-1,3.897656250e-1,7.015625000e-2,
3.458281250e+2,2.434687500e-1,3.695312500e-1,3.929687500e-2,
3.419843750e+2,2.519687500e-1,3.800781250e-1,5.078125000e-2,
3.439687500e+2,2.400312500e-1,3.799218750e-1,6.000000000e-2,
3.439843750e+2,2.517812500e-1,3.899218750e-1,4.960937500e-2,
3.420781250e+2,2.519375000e-1,3.798437500e-1,3.000000000e-2,
3.417968750e+2,2.482187500e-1,3.997656250e-1,5.039062500e-2,
3.459843750e+2,2.438125000e-1,3.692968750e-1,6.007812500e-2,
3.422031250e+2,2.559375000e-1,3.803125000e-1,2.945312500e-2,
3.417968750e+2,2.400000000e-1,3.686718750e-1,4.046875000e-2,
3.440937500e+2,2.561250000e-1,3.600000000e-1,4.968750000e-2,
3.399218750e+2,2.472812500e-1,3.705468750e-1,2.929687500e-2,
3.479062500e+2,2.445937500e-1,3.799218750e-1,2.054687500e-2,
3.441093750e+2,2.558125000e-1,3.598437500e-1,5.085937500e-2,
3.399687500e+2,2.438125000e-1,3.595312500e-1,5.968750000e-2,
3.437500000e+2,2.526250000e-1,3.404687500e-1,2.992187500e-2,
3.480312500e+2,2.520000000e-1,3.794531250e-1,3.992187500e-2,
3.459687500e+2,2.517500000e-1,3.192968750e-1,3.023437500e-2,
3.481250000e+2,2.440312500e-1,3.200000000e-1,7.992187500e-2,
3.423906250e+2,2.563125000e-1,3.102343750e-1,4.914062500e-2,
3.399687500e+2,2.600000000e-1,3.409375000e-1,5.062500000e-2,
3.449531250e+2,2.599375000e-1,3.389062500e-1,4.968750000e-2,
3.560937500e+2,2.518125000e-1,3.094531250e-1,5.046875000e-2,
3.430781250e+2,2.442500000e-1,3.000781250e-1,7.070312500e-2,
3.394218750e+2,2.561562500e-1,3.096875000e-1,5.703125000e-2,
3.480625000e+2,2.517500000e-1,3.200000000e-1,9.609375000e-3,
3.401875000e+2,2.479687500e-1,3.200000000e-1,3.078125000e-2,
3.457031250e+2,2.479687500e-1,3.203906250e-1,4.000000000e-2,
3.425468750e+2,2.518437500e-1,2.910937500e-1,5.007812500e-2,
3.360312500e+2,2.523437500e-1,2.894531250e-1,6.000000000e-2,
3.378906250e+2,2.480937500e-1,2.910937500e-1,5.000000000e-2,
3.381406250e+2,2.511250000e-1,2.804687500e-1,6.007812500e-2,
3.426562500e+2,2.560625000e-1,2.886718750e-1,3.890625000e-2,
3.434531250e+2,2.600625000e-1,2.925781250e-1,3.000000000e-2,
3.402187500e+2,2.557500000e-1,2.503125000e-1,3.000000000e-2,
3.463437500e+2,2.480000000e-1,2.696875000e-1,2.000000000e-2,
3.435625000e+2,2.520000000e-1,2.596093750e-1,3.921875000e-2,
3.400312500e+2,2.440000000e-1,2.900000000e-1,6.023437500e-2,
3.419687500e+2,2.440937500e-1,2.496875000e-1,4.007812500e-2,
3.378281250e+2,2.520625000e-1,2.603125000e-1,5.000000000e-2,
3.360000000e+2,2.641562500e-1,2.499218750e-1,3.007812500e-2,
3.360000000e+2,2.553125000e-1,2.400000000e-1,4.000000000e-2,
3.384531250e+2,2.445000000e-1,2.500000000e-1,7.000000000e-2,
3.440937500e+2,2.601250000e-1,2.699218750e-1,5.023437500e-2,
3.419375000e+2,2.473437500e-1,2.600000000e-1,5.984375000e-2,
3.441718750e+2,2.568437500e-1,2.501562500e-1,5.015625000e-2,
3.439531250e+2,2.598125000e-1,2.803906250e-1,4.000000000e-2,
3.416718750e+2,2.602187500e-1,2.592968750e-1,4.914062500e-2,
3.357812500e+2,2.590937500e-1,2.478906250e-1,7.023437500e-2,
3.361875000e+2,2.440937500e-1,2.103906250e-1,5.007812500e-2,
3.381875000e+2,2.605312500e-1,2.507812500e-1,6.023437500e-2,
3.400781250e+2,2.550937500e-1,2.286718750e-1,3.031250000e-2,
3.399375000e+2,2.484062500e-1,2.291406250e-1,3.062500000e-2,
3.375937500e+2,2.559375000e-1,1.992968750e-1,4.984375000e-2,
3.364687500e+2,2.476562500e-1,2.105468750e-1,2.921875000e-2,
3.420312500e+2,2.522812500e-1,2.205468750e-1,4.023437500e-2,
3.403437500e+2,2.521562500e-1,2.296875000e-1,5.015625000e-2,
3.484531250e+2,2.560937500e-1,1.982031250e-1,5.023437500e-2,
3.457187500e+2,2.564375000e-1,1.810937500e-1,2.968750000e-2,
3.439375000e+2,2.641562500e-1,2.300000000e-1,5.968750000e-2,
3.441093750e+2,2.552812500e-1,1.901562500e-1,3.187500000e-2,
3.459531250e+2,2.480312500e-1,2.088281250e-1,2.960937500e-2,
3.440000000e+2,2.559375000e-1,1.928125000e-1,3.781250000e-2,
3.460000000e+2,2.599375000e-1,1.857031250e-1,6.968750000e-2,
3.439062500e+2,2.601875000e-1,2.060937500e-1,5.117187500e-2,
3.461718750e+2,2.560625000e-1,1.610156250e-1,6.015625000e-2,
3.419375000e+2,2.557500000e-1,1.792187500e-1,5.000000000e-2,
3.461406250e+2,2.640312500e-1,1.701562500e-1,2.992187500e-2,
3.383437500e+2,2.560000000e-1,1.700781250e-1,3.000000000e-2,
3.417031250e+2,2.637500000e-1,1.903906250e-1,3.976562500e-2,
3.401093750e+2,2.601562500e-1,1.897656250e-1,5.000000000e-2,
3.435625000e+2,2.564375000e-1,1.596093750e-1,4.000000000e-2,
3.460312500e+2,2.478437500e-1,1.606250000e-1,5.015625000e-2,
3.441093750e+2,2.597187500e-1,1.901562500e-1,5.000000000e-2,
3.439375000e+2,2.560625000e-1,1.691406250e-1,4.976562500e-2,
3.460156250e+2,2.439687500e-1,1.702343750e-1,4.000000000e-2,
3.420781250e+2,2.561250000e-1,1.795312500e-1,5.015625000e-2,
3.399218750e+2,2.599062500e-1,1.590625000e-1,5.023437500e-2,
3.456718750e+2,2.518750000e-1,1.605468750e-1,4.921875000e-2,
3.521718750e+2,2.399375000e-1,1.703125000e-1,3.015625000e-2,
3.441718750e+2,2.482187500e-1,1.694531250e-1,5.062500000e-2,
3.459218750e+2,2.600000000e-1,1.587500000e-1,3.859375000e-2,
3.421875000e+2,2.519687500e-1,1.503125000e-1,4.085937500e-2,
3.400000000e+2,2.644062500e-1,1.472656250e-1,5.992187500e-2,
3.418906250e+2,2.635625000e-1,1.327343750e-1,3.804687500e-2,
3.419687500e+2,2.558750000e-1,1.810156250e-1,3.023437500e-2,
3.359687500e+2,2.603750000e-1,1.591406250e-1,4.117187500e-2,
3.419062500e+2,2.641562500e-1,1.814062500e-1,4.976562500e-2,
3.400781250e+2,2.635937500e-1,1.781250000e-1,3.976562500e-2,
3.418125000e+2,2.558750000e-1,1.377343750e-1,5.085937500e-2,
3.421718750e+2,2.602500000e-1,1.317187500e-1,6.984375000e-2,
3.400000000e+2,2.640000000e-1,1.708593750e-1,5.000000000e-2,
3.419218750e+2,2.560000000e-1,1.595312500e-1,6.984375000e-2,
3.420625000e+2,2.637812500e-1,1.699218750e-1,5.039062500e-2,
3.401875000e+2,2.604687500e-1,1.796875000e-1,4.000000000e-2,
3.363437500e+2,2.523750000e-1,1.810937500e-1,6.000000000e-2,
3.370312500e+2,2.546875000e-1,1.688281250e-1,6.015625000e-2,
3.480468750e+2,2.677500000e-1,1.811718750e-1,4.007812500e-2,
3.373750000e+2,2.638125000e-1,1.612500000e-1,4.992187500e-2,
3.363125000e+2,2.718437500e-1,1.599218750e-1,4.039062500e-2,
3.439531250e+2,2.609062500e-1,1.699218750e-1,3.984375000e-2,
3.358593750e+2,2.630937500e-1,1.600000000e-1,4.007812500e-2,
3.403281250e+2,2.760625000e-1,1.699218750e-1,3.953125000e-2,
3.439375000e+2,2.680937500e-1,1.699218750e-1,5.000000000e-2,
3.397968750e+2,2.720000000e-1,1.887500000e-1,4.007812500e-2,
3.422812500e+2,2.605937500e-1,2.103125000e-1,4.976562500e-2,
3.500156250e+2,2.597812500e-1,1.700000000e-1,6.000000000e-2,
3.459687500e+2,2.719062500e-1,1.900000000e-1,5.000000000e-2,
3.500468750e+2,2.722812500e-1,1.699218750e-1,6.015625000e-2,
3.437812500e+2,2.639687500e-1,1.900000000e-1,4.039062500e-2,
3.380000000e+2,2.680000000e-1,1.796875000e-1,3.039062500e-2,
3.400000000e+2,2.602812500e-1,1.600000000e-1,9.531250000e-3,
3.420000000e+2,2.520000000e-1,1.807812500e-1,4.976562500e-2,
3.440312500e+2,2.559375000e-1,1.997656250e-1,5.007812500e-2,
3.460156250e+2,2.599687500e-1,1.798437500e-1,5.000000000e-2,
3.479531250e+2,2.600312500e-1,1.901562500e-1,4.000000000e-2,
3.438906250e+2,2.679687500e-1,1.900000000e-1,5.031250000e-2,
3.440312500e+2,2.599687500e-1,2.100000000e-1,2.015625000e-2,
3.439375000e+2,2.681562500e-1,1.996093750e-1,4.968750000e-2,
3.379687500e+2,2.679375000e-1,1.900000000e-1,6.000000000e-2,
3.399687500e+2,2.679375000e-1,2.000000000e-1,6.023437500e-2,
3.419687500e+2,2.640000000e-1,2.000000000e-1,4.976562500e-2,
3.420000000e+2,2.640937500e-1,2.000000000e-1,6.046875000e-2,
3.359687500e+2,2.599062500e-1,2.000000000e-1,3.007812500e-2,
3.420000000e+2,2.678125000e-1,1.998437500e-1,4.007812500e-2,
3.399843750e+2,2.680312500e-1,1.899218750e-1,3.992187500e-2,
3.440000000e+2,2.680000000e-1,2.082812500e-1,5.992187500e-2,
3.419062500e+2,2.678125000e-1,2.215625000e-1,5.023437500e-2,
3.399843750e+2,2.719375000e-1,1.986718750e-1,4.984375000e-2,
3.439531250e+2,2.684687500e-1,2.359375000e-1,4.992187500e-2,
3.459687500e+2,2.676562500e-1,2.319531250e-1,5.851562500e-2,
3.420000000e+2,2.680312500e-1,2.307031250e-1,7.000000000e-2,
3.419375000e+2,2.679687500e-1,2.187500000e-1,6.070312500e-2,
3.440000000e+2,2.762812500e-1,2.492968750e-1,5.007812500e-2,
3.382343750e+2,2.560937500e-1,2.215625000e-1,4.992187500e-2,
3.320156250e+2,2.560312500e-1,2.185937500e-1,4.984375000e-2,
3.358593750e+2,2.518125000e-1,2.301562500e-1,5.984375000e-2,
3.399687500e+2,2.720625000e-1,2.114062500e-1,6.007812500e-2,
3.399531250e+2,2.719687500e-1,2.053906250e-1,5.960937500e-2,
3.419687500e+2,2.760312500e-1,2.700781250e-1,7.984375000e-2,
3.418437500e+2,2.598437500e-1,2.108593750e-1,7.101562500e-2,
3.440937500e+2,2.680000000e-1,2.392968750e-1,3.984375000e-2,
3.400156250e+2,2.720312500e-1,2.300000000e-1,6.000000000e-2,
3.457812500e+2,2.759687500e-1,2.397656250e-1,4.000000000e-2,
3.500000000e+2,2.719687500e-1,2.203125000e-1,6.953125000e-2,
3.480781250e+2,2.720312500e-1,2.609375000e-1,6.976562500e-2,
3.440156250e+2,2.719687500e-1,2.594531250e-1,3.984375000e-2,
3.419843750e+2,2.637812500e-1,2.498437500e-1,4.007812500e-2,
3.420000000e+2,2.605625000e-1,2.600781250e-1,4.000000000e-2,
3.399687500e+2,2.802187500e-1,2.299218750e-1,4.007812500e-2,
3.359843750e+2,2.710937500e-1,2.401562500e-1,3.976562500e-2,
3.420625000e+2,2.683750000e-1,2.799218750e-1,5.976562500e-2,
3.340156250e+2,2.760937500e-1,2.497656250e-1,6.039062500e-2,
3.417500000e+2,2.719062500e-1,2.803906250e-1,3.984375000e-2,
3.400312500e+2,2.717812500e-1,2.901562500e-1,4.984375000e-2,
3.439062500e+2,2.682187500e-1,3.000000000e-1,6.000000000e-2,
3.440468750e+2,2.758750000e-1,2.900000000e-1,4.023437500e-2,
3.439531250e+2,2.637187500e-1,2.900781250e-1,3.031250000e-2,
3.424062500e+2,2.683750000e-1,2.796875000e-1,2.953125000e-2,
3.359687500e+2,2.678750000e-1,2.991406250e-1,6.015625000e-2,
3.438593750e+2,2.599687500e-1,2.914062500e-1,2.195312500e-2,
3.420781250e+2,2.678125000e-1,2.892968750e-1,2.671875000e-2,
3.404375000e+2,2.754062500e-1,2.912500000e-1,6.007812500e-2,
3.319687500e+2,2.805000000e-1,2.871093750e-1,4.070312500e-2,
3.439218750e+2,2.720625000e-1,3.096875000e-1,6.046875000e-2,
3.439843750e+2,2.759375000e-1,3.103906250e-1,6.953125000e-2,
3.460000000e+2,2.720000000e-1,3.100000000e-1,4.992187500e-2,
3.420156250e+2,2.760000000e-1,3.399218750e-1,4.992187500e-2,
3.398750000e+2,2.722187500e-1,3.000781250e-1,3.992187500e-2,
3.499843750e+2,2.641875000e-1,3.200000000e-1,3.000000000e-2,
3.400781250e+2,2.595000000e-1,2.900781250e-1,2.070312500e-2,
3.400000000e+2,2.796562500e-1,3.205468750e-1,6.007812500e-2,
3.399531250e+2,2.721875000e-1,3.298437500e-1,4.000000000e-2,
3.460468750e+2,2.758750000e-1,3.306250000e-1,6.000000000e-2,
3.438437500e+2,2.765000000e-1,3.283593750e-1,3.921875000e-2,
3.380468750e+2,2.677812500e-1,2.997656250e-1,2.343750000e-4,
3.462187500e+2,2.799375000e-1,3.216406250e-1,5.148437500e-2,
3.456875000e+2,2.720000000e-1,3.307812500e-1,3.945312500e-2,
3.397187500e+2,2.760000000e-1,3.512500000e-1,5.054687500e-2,
3.338906250e+2,2.720000000e-1,3.488281250e-1,5.000000000e-2,
3.361875000e+2,2.759375000e-1,3.292968750e-1,4.929687500e-2,
3.379531250e+2,2.676875000e-1,3.421875000e-1,4.015625000e-2,
3.381406250e+2,2.726875000e-1,3.599218750e-1,6.109375000e-2,
3.420312500e+2,2.796250000e-1,3.493750000e-1,5.828125000e-2,
3.399843750e+2,2.721875000e-1,3.625781250e-1,3.046875000e-2,
3.420000000e+2,2.840937500e-1,3.681250000e-1,6.007812500e-2,
3.399687500e+2,2.720000000e-1,3.503125000e-1,4.000000000e-2,
3.420468750e+2,2.640000000e-1,3.590625000e-1,5.992187500e-2,
3.440781250e+2,2.680000000e-1,3.292187500e-1,2.929687500e-2,
3.439218750e+2,2.680625000e-1,3.511718750e-1,4.007812500e-2,
3.359375000e+2,2.761250000e-1,3.598437500e-1,5.054687500e-2,
3.444062500e+2,2.799687500e-1,3.600000000e-1,3.000000000e-2,
3.499843750e+2,2.800312500e-1,3.700000000e-1,6.000000000e-2,
3.458906250e+2,2.760937500e-1,3.600781250e-1,3.000000000e-2,
3.440000000e+2,2.757500000e-1,3.606250000e-1,5.992187500e-2,
3.460625000e+2,2.797187500e-1,3.481250000e-1,3.015625000e-2,
3.480000000e+2,2.773125000e-1,3.850781250e-1,5.898437500e-2,
3.459687500e+2,2.715937500e-1,3.900000000e-1,5.000000000e-2,
3.438281250e+2,2.801250000e-1,3.800000000e-1,7.039062500e-2,
3.359687500e+2,2.642812500e-1,3.795312500e-1,4.859375000e-2,
3.399843750e+2,2.760625000e-1,3.599218750e-1,9.921875000e-3,
3.359843750e+2,2.840312500e-1,3.699218750e-1,4.039062500e-2,
3.460625000e+2,2.722812500e-1,3.802343750e-1,4.992187500e-2,
3.461406250e+2,2.640312500e-1,3.999218750e-1,6.015625000e-2,
3.440156250e+2,2.717812500e-1,3.892968750e-1,8.000000000e-2,
3.439687500e+2,2.759687500e-1,3.807812500e-1,6.007812500e-2,
3.440781250e+2,2.759687500e-1,4.102343750e-1,4.992187500e-2,
3.437968750e+2,2.760000000e-1,3.880468750e-1,4.984375000e-2,
3.480781250e+2,2.760312500e-1,3.800781250e-1,3.968750000e-2,
3.401562500e+2,2.801562500e-1,3.900781250e-1,4.007812500e-2,
3.399687500e+2,2.798750000e-1,3.900000000e-1,5.085937500e-2,
3.399531250e+2,2.756250000e-1,3.999218750e-1,7.015625000e-2,
3.438906250e+2,2.764062500e-1,3.900000000e-1,4.945312500e-2,
3.459531250e+2,2.884375000e-1,4.103125000e-1,3.015625000e-2,
3.460937500e+2,2.835937500e-1,4.204687500e-1,6.007812500e-2,
3.422656250e+2,2.754687500e-1,4.299218750e-1,3.984375000e-2,
3.399687500e+2,2.640625000e-1,4.191406250e-1,5.000000000e-2,
3.401875000e+2,2.760000000e-1,4.099218750e-1,3.960937500e-2,
3.377968750e+2,2.635625000e-1,4.097656250e-1,5.164062500e-2,
3.454843750e+2,2.641562500e-1,4.107812500e-1,6.890625000e-2,
3.444062500e+2,2.639687500e-1,4.300000000e-1,2.968750000e-2,
3.382343750e+2,2.730312500e-1,4.096875000e-1,6.125000000e-2,
3.379375000e+2,2.922500000e-1,4.098437500e-1,4.710937500e-2,
3.380156250e+2,2.835625000e-1,4.203906250e-1,2.046875000e-2,
3.396875000e+2,2.760312500e-1,4.400000000e-1,5.015625000e-2,
3.476250000e+2,2.799062500e-1,4.004687500e-1,3.000000000e-2,
3.483437500e+2,2.805000000e-1,4.175000000e-1,4.000000000e-2,
3.439062500e+2,2.715937500e-1,4.503125000e-1,3.000000000e-2,
3.497187500e+2,2.834687500e-1,4.224218750e-1,3.992187500e-2,
3.472343750e+2,2.770937500e-1,4.272656250e-1,5.007812500e-2,
3.442656250e+2,2.760000000e-1,4.392187500e-1,3.976562500e-2,
3.480312500e+2,2.718750000e-1,4.500781250e-1,4.992187500e-2,
3.410312500e+2,2.720625000e-1,4.401562500e-1,6.000000000e-2,
3.358281250e+2,2.760312500e-1,4.401562500e-1,4.992187500e-2,
3.384687500e+2,2.759375000e-1,4.300781250e-1,3.968750000e-2,
3.440000000e+2,2.760000000e-1,4.400000000e-1,6.000000000e-2,
3.419843750e+2,2.880937500e-1,4.396875000e-1,4.992187500e-2,
3.439843750e+2,2.799375000e-1,4.200781250e-1,6.015625000e-2,
3.397031250e+2,2.762187500e-1,4.400781250e-1,3.007812500e-2,
3.402500000e+2,2.838437500e-1,4.400000000e-1,5.000000000e-2,
3.458906250e+2,2.715625000e-1,4.500000000e-1,6.007812500e-2,
3.398437500e+2,2.767812500e-1,4.400000000e-1,3.125000000e-2,
3.420312500e+2,2.797812500e-1,4.500000000e-1,-1.562500000e-4,
3.400468750e+2,2.758750000e-1,4.300000000e-1,2.984375000e-2,
3.442343750e+2,2.853437500e-1,4.617187500e-1,2.976562500e-2,
3.440000000e+2,2.954687500e-1,4.589843750e-1,5.875000000e-2,
3.438906250e+2,2.798750000e-1,4.398437500e-1,7.062500000e-2,
3.420000000e+2,2.923750000e-1,4.503125000e-1,3.046875000e-2,
3.466562500e+2,2.834687500e-1,4.507812500e-1,3.898437500e-2,
3.497968750e+2,2.800312500e-1,4.707031250e-1,5.992187500e-2,
3.435937500e+2,2.846250000e-1,4.705468750e-1,4.976562500e-2,
3.444375000e+2,2.873437500e-1,4.793750000e-1,5.000000000e-2,
3.453437500e+2,2.761562500e-1,4.600781250e-1,3.937500000e-2,
3.354062500e+2,2.884062500e-1,4.803906250e-1,4.007812500e-2,
3.361562500e+2,2.837812500e-1,4.579687500e-1,5.007812500e-2,
3.361562500e+2,2.884062500e-1,4.408593750e-1,5.000000000e-2,
3.402031250e+2,2.832500000e-1,4.804687500e-1,5.007812500e-2,
3.397812500e+2,2.806562500e-1,4.595312500e-1,4.031250000e-2,
3.380937500e+2,2.875937500e-1,4.697656250e-1,3.070312500e-2,
3.421406250e+2,2.718437500e-1,4.803125000e-1,2.882812500e-2,
3.419687500e+2,2.839375000e-1,4.703125000e-1,5.750000000e-2,
3.419687500e+2,2.884375000e-1,4.714843750e-1,6.320312500e-2,
3.384218750e+2,2.766562500e-1,4.582812500e-1,1.984375000e-2,
3.338593750e+2,2.759687500e-1,4.704687500e-1,5.039062500e-2,
3.396406250e+2,2.759375000e-1,4.496093750e-1,3.000000000e-2,
3.402812500e+2,2.837187500e-1,4.898437500e-1,3.007812500e-2,
3.362500000e+2,2.880937500e-1,4.598437500e-1,4.000000000e-2,
3.357812500e+2,2.767187500e-1,4.605468750e-1,4.031250000e-2,
3.395781250e+2,2.676562500e-1,4.699218750e-1,4.015625000e-2,
3.420781250e+2,2.838437500e-1,4.701562500e-1,7.992187500e-2,
3.399687500e+2,2.760937500e-1,5.007031250e-1,3.953125000e-2,
3.420625000e+2,2.876875000e-1,5.093750000e-1,5.023437500e-2,
3.418125000e+2,2.840312500e-1,4.792187500e-1,5.015625000e-2,
3.520312500e+2,2.759687500e-1,4.698437500e-1,5.960937500e-2,
3.381875000e+2,2.840937500e-1,4.717187500e-1,3.984375000e-2,
3.356875000e+2,2.878750000e-1,5.102343750e-1,6.179687500e-2,
3.439375000e+2,2.799375000e-1,4.897656250e-1,6.890625000e-2,
3.401718750e+2,2.760000000e-1,5.107812500e-1,2.820312500e-2,
3.418593750e+2,2.759375000e-1,4.988281250e-1,3.250000000e-2,
3.438906250e+2,2.760625000e-1,4.996875000e-1,5.757812500e-2,
3.460625000e+2,2.920625000e-1,4.893750000e-1,1.007812500e-2,
3.439375000e+2,2.960937500e-1,4.900000000e-1,5.109375000e-2,
3.480937500e+2,3.000937500e-1,4.905468750e-1,2.960937500e-2,
3.379375000e+2,2.954062500e-1,5.003906250e-1,4.992187500e-2,
3.338125000e+2,2.833750000e-1,4.885156250e-1,3.007812500e-2,
3.418750000e+2,2.800000000e-1,4.814062500e-1,5.007812500e-2,
3.439531250e+2,2.799687500e-1,5.210937500e-1,1.882812500e-2,
3.460312500e+2,2.800000000e-1,4.978906250e-1,2.070312500e-2,
3.438593750e+2,2.842500000e-1,4.801562500e-1,4.000000000e-2,
3.479531250e+2,2.919687500e-1,4.903906250e-1,3.000000000e-2,
3.441562500e+2,2.880000000e-1,4.899218750e-1,3.976562500e-2,
3.439062500e+2,2.922187500e-1,4.999218750e-1,5.992187500e-2,
3.440781250e+2,2.726562500e-1,5.091406250e-1,5.000000000e-2,
3.421875000e+2,2.784687500e-1,5.048437500e-1,4.000000000e-2,
3.416562500e+2,2.951562500e-1,4.557812500e-1,4.007812500e-2,
3.460625000e+2,2.967187500e-1,5.210156250e-1,2.046875000e-2,
3.438437500e+2,2.855937500e-1,5.035156250e-1,2.968750000e-2,
3.462656250e+2,2.679062500e-1,4.700000000e-1,4.937500000e-2,
3.540156250e+2,2.864687500e-1,5.003125000e-1,6.015625000e-2,
3.435937500e+2,2.887500000e-1,4.999218750e-1,4.984375000e-2,
3.382500000e+2,2.797500000e-1,4.799218750e-1,5.093750000e-2,
3.482031250e+2,2.915625000e-1,5.101562500e-1,2.968750000e-2,
3.479687500e+2,2.960625000e-1,5.007812500e-1,6.929687500e-2,
3.499687500e+2,2.920937500e-1,4.899218750e-1,7.039062500e-2,
3.458906250e+2,2.957812500e-1,4.900000000e-1,4.007812500e-2,
3.459531250e+2,3.000312500e-1,4.699218750e-1,5.000000000e-2,
3.440156250e+2,2.883125000e-1,5.000781250e-1,4.039062500e-2,
3.480468750e+2,2.879062500e-1,4.698437500e-1,3.953125000e-2,
3.440000000e+2,2.921875000e-1,4.700781250e-1,5.968750000e-2,
3.400000000e+2,2.839375000e-1,4.700000000e-1,6.929687500e-2,
3.459687500e+2,2.958750000e-1,4.806250000e-1,8.031250000e-2,
3.439531250e+2,2.920312500e-1,4.996093750e-1,3.984375000e-2,
3.440312500e+2,2.879062500e-1,4.696875000e-1,8.000000000e-2,
3.437968750e+2,2.800312500e-1,4.904687500e-1,4.000000000e-2,
3.360000000e+2,2.921250000e-1,4.800000000e-1,4.890625000e-2,
3.440625000e+2,2.918437500e-1,4.600000000e-1,7.101562500e-2,
3.439531250e+2,2.880625000e-1,4.801562500e-1,2.023437500e-2,
3.440156250e+2,2.920625000e-1,4.700000000e-1,4.000000000e-2,
3.479687500e+2,2.961875000e-1,4.800000000e-1,6.000000000e-2,
3.460937500e+2,3.079687500e-1,4.800000000e-1,5.039062500e-2,
3.400000000e+2,3.042500000e-1,4.798437500e-1,4.898437500e-2,
3.418125000e+2,2.962187500e-1,4.600000000e-1,7.007812500e-2,
3.480000000e+2,2.920937500e-1,4.800781250e-1,2.000000000e-2,
3.480156250e+2,2.880937500e-1,4.700000000e-1,6.976562500e-2,
3.420000000e+2,2.878437500e-1,4.802343750e-1,4.015625000e-2,
3.480468750e+2,2.953125000e-1,4.601562500e-1,5.015625000e-2,
3.440156250e+2,3.043125000e-1,4.714062500e-1,2.929687500e-2,
3.440000000e+2,2.923125000e-1,4.407812500e-1,7.031250000e-2,
3.420312500e+2,2.970625000e-1,4.598437500e-1,2.953125000e-2,
3.460000000e+2,2.840625000e-1,4.318750000e-1,7.000000000e-2,
3.400625000e+2,2.919375000e-1,4.396875000e-1,2.085937500e-2,
3.420000000e+2,2.881250000e-1,4.289062500e-1,5.812500000e-2,
3.460000000e+2,2.919687500e-1,4.599218750e-1,5.039062500e-2,
3.440000000e+2,2.880937500e-1,4.306250000e-1,3.960937500e-2,
3.459375000e+2,2.840000000e-1,4.585156250e-1,5.968750000e-2,
3.441250000e+2,2.840000000e-1,4.414062500e-1,5.054687500e-2,
3.400468750e+2,2.919062500e-1,4.288281250e-1,1.968750000e-2,
3.437656250e+2,3.039375000e-1,4.405468750e-1,5.968750000e-2,
3.480937500e+2,3.040625000e-1,4.101562500e-1,5.085937500e-2,
3.441093750e+2,3.040000000e-1,4.295312500e-1,3.000000000e-2,
3.458750000e+2,2.919687500e-1,4.300000000e-1,3.000000000e-2,
3.442031250e+2,3.000937500e-1,4.402343750e-1,2.992187500e-2,
3.379843750e+2,2.959687500e-1,4.386718750e-1,4.976562500e-2,
3.419687500e+2,2.959687500e-1,3.896875000e-1,6.000000000e-2,
3.379843750e+2,2.919687500e-1,4.203906250e-1,5.992187500e-2,
3.439218750e+2,2.920312500e-1,4.200000000e-1,4.984375000e-2,
3.459531250e+2,2.963750000e-1,4.300000000e-1,5.000000000e-2,
3.379843750e+2,3.040000000e-1,4.099218750e-1,5.023437500e-2,
3.419843750e+2,3.000625000e-1,4.099218750e-1,4.953125000e-2,
3.421406250e+2,3.038750000e-1,3.996093750e-1,7.007812500e-2,
3.379687500e+2,2.957500000e-1,4.001562500e-1,4.078125000e-2,
3.437031250e+2,3.003125000e-1,4.200781250e-1,4.046875000e-2,
3.460625000e+2,3.037187500e-1,4.097656250e-1,7.000000000e-2,
3.421406250e+2,2.958437500e-1,3.992968750e-1,3.015625000e-2,
3.379531250e+2,3.001875000e-1,3.800000000e-1,2.976562500e-2,
3.439218750e+2,3.039687500e-1,3.997656250e-1,3.984375000e-2,
3.404843750e+2,2.997812500e-1,3.907812500e-1,4.984375000e-2,
3.359375000e+2,2.959062500e-1,3.804687500e-1,5.046875000e-2,
3.418750000e+2,2.919687500e-1,3.784375000e-1,3.085937500e-2,
3.402187500e+2,2.998750000e-1,3.913281250e-1,2.890625000e-2,
3.377812500e+2,3.001875000e-1,3.631250000e-1,4.828125000e-2,
3.439843750e+2,2.966562500e-1,3.667187500e-1,5.968750000e-2,
3.420156250e+2,2.956562500e-1,3.701562500e-1,4.960937500e-2,
3.439843750e+2,3.082500000e-1,3.600000000e-1,3.007812500e-2,
3.440000000e+2,2.881875000e-1,3.800000000e-1,5.007812500e-2,
3.420312500e+2,2.919687500e-1,3.898437500e-1,5.007812500e-2,
3.359843750e+2,2.960312500e-1,3.503125000e-1,6.000000000e-2,
3.438593750e+2,2.921875000e-1,3.402343750e-1,5.000000000e-2,
3.460156250e+2,2.840312500e-1,3.598437500e-1,6.039062500e-2,
3.460000000e+2,2.914062500e-1,3.496875000e-1,5.960937500e-2,
3.440000000e+2,2.999687500e-1,3.503906250e-1,4.000000000e-2,
3.460156250e+2,2.960625000e-1,3.596875000e-1,6.000000000e-2,
3.418437500e+2,2.996562500e-1,3.499218750e-1,5.960937500e-2,
3.360312500e+2,3.075937500e-1,3.604687500e-1,3.000000000e-2,
3.421250000e+2,3.159687500e-1,3.478125000e-1,5.023437500e-2,
3.397031250e+2,3.080000000e-1,3.303906250e-1,2.937500000e-2,
3.380000000e+2,2.918750000e-1,3.506250000e-1,2.968750000e-2,
3.403437500e+2,2.963750000e-1,3.388281250e-1,2.054687500e-2,
3.438750000e+2,2.957500000e-1,3.292187500e-1,4.039062500e-2,
3.422656250e+2,2.922812500e-1,3.324218750e-1,2.960937500e-2,
3.499843750e+2,3.000000000e-1,3.474218750e-1,4.070312500e-2,
3.417343750e+2,2.915000000e-1,3.104687500e-1,5.007812500e-2,
3.419062500e+2,2.966562500e-1,3.397656250e-1,5.015625000e-2,
3.380312500e+2,3.038125000e-1,3.099218750e-1,4.960937500e-2,
3.461250000e+2,2.880000000e-1,3.407812500e-1,2.945312500e-2,
3.439531250e+2,2.881562500e-1,3.192968750e-1,3.015625000e-2,
3.502500000e+2,2.959687500e-1,3.303125000e-1,4.062500000e-2,
3.539687500e+2,2.962187500e-1,3.196875000e-1,6.000000000e-2,
3.413906250e+2,3.121250000e-1,3.198437500e-1,4.007812500e-2,
3.360781250e+2,3.080000000e-1,3.100000000e-1,5.000000000e-2,
3.400625000e+2,3.080625000e-1,3.200781250e-1,4.000000000e-2,
3.379531250e+2,2.999062500e-1,3.304687500e-1,5.968750000e-2,
3.399687500e+2,3.117812500e-1,3.017968750e-1,6.070312500e-2,
3.440781250e+2,3.009687500e-1,2.971093750e-1,3.039062500e-2,
3.479843750e+2,3.004062500e-1,3.205468750e-1,3.914062500e-2,
3.478750000e+2,2.922500000e-1,3.000000000e-1,4.000000000e-2,
3.419531250e+2,2.995312500e-1,3.001562500e-1,4.054687500e-2,
3.419531250e+2,3.081250000e-1,2.994531250e-1,5.984375000e-2,
3.400312500e+2,2.999687500e-1,2.798437500e-1,3.984375000e-2,
3.459531250e+2,3.039687500e-1,2.799218750e-1,4.992187500e-2,
3.459531250e+2,3.000000000e-1,2.901562500e-1,2.992187500e-2,
3.438906250e+2,3.040312500e-1,3.096875000e-1,5.023437500e-2,
3.480000000e+2,3.002187500e-1,3.195312500e-1,5.992187500e-2,
3.441250000e+2,2.959375000e-1,2.891406250e-1,5.000000000e-2,
3.457656250e+2,3.040312500e-1,2.903906250e-1,4.984375000e-2,
3.462656250e+2,3.039375000e-1,3.005468750e-1,3.976562500e-2,
3.363437500e+2,3.080000000e-1,3.100781250e-1,4.031250000e-2,
3.338593750e+2,3.081250000e-1,2.989843750e-1,3.953125000e-2,
3.400000000e+2,3.118437500e-1,2.700000000e-1,3.085937500e-2,
3.379843750e+2,3.037500000e-1,3.004687500e-1,7.054687500e-2,
3.419218750e+2,2.993437500e-1,3.096875000e-1,4.945312500e-2,
3.400312500e+2,2.840937500e-1,2.899218750e-1,3.007812500e-2,
3.437187500e+2,3.053125000e-1,2.992968750e-1,5.007812500e-2,
3.479843750e+2,3.160937500e-1,2.701562500e-1,5.015625000e-2,
3.476875000e+2,3.159062500e-1,2.894531250e-1,9.000000000e-2,
3.487343750e+2,3.120000000e-1,2.599218750e-1,5.953125000e-2,
3.340625000e+2,3.073437500e-1,2.903906250e-1,8.148437500e-2,
3.472187500e+2,2.877187500e-1,2.691406250e-1,7.882812500e-2,
3.408593750e+2,2.962187500e-1,2.803125000e-1,4.906250000e-2,
3.356093750e+2,3.083437500e-1,2.899218750e-1,5.062500000e-2,
3.453437500e+2,3.078125000e-1,2.800781250e-1,5.976562500e-2,
3.483437500e+2,3.042812500e-1,2.903906250e-1,3.875000000e-2,
3.383593750e+2,3.160000000e-1,3.100000000e-1,2.054687500e-2,
3.377500000e+2,3.040625000e-1,2.803906250e-1,5.000000000e-2,
3.435000000e+2,3.077812500e-1,2.889843750e-1,2.992187500e-2,
3.482031250e+2,3.045937500e-1,2.912500000e-1,4.000000000e-2,
3.434062500e+2,2.974062500e-1,2.707812500e-1,6.000000000e-2,
3.514375000e+2,2.929687500e-1,2.782812500e-1,3.046875000e-2,
3.350156250e+2,3.161562500e-1,2.803906250e-1,3.054687500e-2,
3.459375000e+2,3.035312500e-1,2.712500000e-1,4.984375000e-2,
3.447031250e+2,3.002187500e-1,2.596093750e-1,7.000000000e-2,
3.336562500e+2,3.079687500e-1,2.799218750e-1,3.984375000e-2,
3.384375000e+2,2.958750000e-1,2.696093750e-1,3.929687500e-2,
3.398906250e+2,2.960000000e-1,3.000000000e-1,6.031250000e-2,
3.401875000e+2,2.960625000e-1,2.696093750e-1,3.031250000e-2,
3.462187500e+2,3.040312500e-1,2.598437500e-1,3.984375000e-2,
3.455781250e+2,3.080625000e-1,2.500000000e-1,4.000000000e-2,
3.378906250e+2,3.078750000e-1,2.700781250e-1,5.000000000e-2,
3.402500000e+2,3.040312500e-1,2.700000000e-1,5.000000000e-2,
3.374375000e+2,3.082187500e-1,2.999218750e-1,4.101562500e-2,
3.347343750e+2,3.079062500e-1,2.900000000e-1,9.609375000e-3,
3.483281250e+2,3.079062500e-1,2.802343750e-1,5.976562500e-2,
3.416093750e+2,3.035000000e-1,3.097656250e-1,3.062500000e-2,
3.464843750e+2,3.046875000e-1,2.683593750e-1,2.914062500e-2,
3.454531250e+2,3.155625000e-1,2.716406250e-1,4.968750000e-2,
3.379531250e+2,2.998437500e-1,2.896093750e-1,5.007812500e-2,
3.421562500e+2,3.080312500e-1,2.696875000e-1,5.007812500e-2,
3.400312500e+2,2.999375000e-1,2.800781250e-1,4.984375000e-2,
3.442812500e+2,3.130312500e-1,2.700781250e-1,5.984375000e-2,
3.438125000e+2,3.110937500e-1,2.908593750e-1,3.968750000e-2,
3.417031250e+2,2.955312500e-1,2.892968750e-1,5.132812500e-2,
3.376093750e+2,3.053125000e-1,2.806250000e-1,7.015625000e-2,
3.386250000e+2,3.112187500e-1,2.999218750e-1,6.976562500e-2,
3.439218750e+2,3.000000000e-1,2.793750000e-1,5.015625000e-2,
3.376718750e+2,3.128437500e-1,2.907812500e-1,3.000000000e-2,
3.382187500e+2,3.115937500e-1,2.996093750e-1,3.976562500e-2,
3.422968750e+2,3.122187500e-1,2.700781250e-1,3.945312500e-2,
3.458593750e+2,3.160000000e-1,2.884375000e-1,5.039062500e-2,
3.397500000e+2,3.120000000e-1,2.996875000e-1,3.906250000e-2,
3.401406250e+2,3.117500000e-1,3.012500000e-1,6.882812500e-2,
3.419375000e+2,3.129062500e-1,2.899218750e-1,5.312500000e-2,
3.436406250e+2,3.039062500e-1,2.907031250e-1,3.992187500e-2,
3.495625000e+2,3.158750000e-1,2.698437500e-1,4.000000000e-2,
3.506718750e+2,3.044375000e-1,2.998437500e-1,4.000000000e-2,
3.368281250e+2,3.037187500e-1,3.000000000e-1,4.000000000e-2,
3.356093750e+2,3.160937500e-1,3.099218750e-1,4.023437500e-2,
3.379687500e+2,3.079062500e-1,3.000781250e-1,3.000000000e-2,
3.396250000e+2,3.199375000e-1,3.097656250e-1,5.039062500e-2,
3.456406250e+2,3.050312500e-1,2.796875000e-1,3.937500000e-2,
3.463281250e+2,3.036875000e-1,3.014062500e-1,2.015625000e-2,
3.418750000e+2,3.080312500e-1,3.195312500e-1,5.054687500e-2,
3.519062500e+2,2.957500000e-1,2.896093750e-1,4.976562500e-2,
3.460625000e+2,3.160625000e-1,2.912500000e-1,4.968750000e-2,
3.460000000e+2,3.120937500e-1,3.101562500e-1,4.046875000e-2,
3.421562500e+2,3.239687500e-1,2.996875000e-1,4.937500000e-2,
3.418125000e+2,3.038125000e-1,3.111718750e-1,1.906250000e-2,
3.441718750e+2,3.081250000e-1,3.203906250e-1,3.140625000e-2,
3.361250000e+2,3.120000000e-1,3.193750000e-1,3.890625000e-2,
3.398281250e+2,3.119687500e-1,3.087500000e-1,1.968750000e-2,
3.418593750e+2,3.161875000e-1,2.992187500e-1,3.132812500e-2,
3.498125000e+2,3.201250000e-1,3.137500000e-1,3.984375000e-2,
3.479687500e+2,3.198125000e-1,3.505468750e-1,4.062500000e-2,
3.420625000e+2,3.157812500e-1,3.288281250e-1,4.968750000e-2,
3.420312500e+2,3.161562500e-1,3.304687500e-1,4.007812500e-2,
3.380625000e+2,3.155937500e-1,3.417187500e-1,4.992187500e-2,
3.399375000e+2,3.078437500e-1,3.360937500e-1,2.921875000e-2,
3.414843750e+2,3.122812500e-1,2.710156250e-1,3.023437500e-2,
3.498593750e+2,3.199687500e-1,3.523437500e-1,5.992187500e-2,
3.442656250e+2,3.160000000e-1,3.184375000e-1,5.015625000e-2,
3.401406250e+2,3.159062500e-1,3.200000000e-1,4.015625000e-2,
3.395312500e+2,3.161250000e-1,3.095312500e-1,3.000000000e-2,
3.497187500e+2,3.088125000e-1,3.383593750e-1,5.000000000e-2,
3.464218750e+2,3.033125000e-1,3.261718750e-1,4.031250000e-2,
3.439375000e+2,3.150937500e-1,3.181250000e-1,1.843750000e-2,
3.377500000e+2,3.124687500e-1,3.698437500e-1,5.984375000e-2,
3.381718750e+2,3.115937500e-1,3.300000000e-1,4.031250000e-2,
3.441875000e+2,3.193437500e-1,3.702343750e-1,5.953125000e-2,
3.438750000e+2,3.240625000e-1,3.599218750e-1,4.054687500e-2,
3.422187500e+2,3.202187500e-1,3.600000000e-1,3.898437500e-2,
3.500781250e+2,3.199375000e-1,3.600000000e-1,6.898437500e-2,
3.435312500e+2,3.200000000e-1,3.599218750e-1,8.046875000e-2,
3.400781250e+2,3.162187500e-1,3.600781250e-1,4.039062500e-2,
3.417812500e+2,3.158125000e-1,3.600000000e-1,3.992187500e-2,
3.381562500e+2,3.200625000e-1,3.799218750e-1,4.992187500e-2,
3.500937500e+2,3.079687500e-1,3.699218750e-1,5.976562500e-2,
3.438750000e+2,3.199375000e-1,3.699218750e-1,5.109375000e-2,
3.460000000e+2,3.159687500e-1,3.597656250e-1,1.984375000e-2,
3.440000000e+2,3.240000000e-1,3.496875000e-1,5.875000000e-2,
3.420000000e+2,3.160000000e-1,3.803125000e-1,7.007812500e-2,
3.399843750e+2,3.200625000e-1,3.588281250e-1,6.007812500e-2,
3.400000000e+2,3.080000000e-1,3.402343750e-1,5.007812500e-2,
3.400156250e+2,3.240937500e-1,3.709375000e-1,3.000000000e-2,
3.400000000e+2,3.199062500e-1,3.800000000e-1,6.984375000e-2,
3.440937500e+2,3.199687500e-1,3.500000000e-1,4.078125000e-2,
3.539843750e+2,3.160000000e-1,4.000000000e-1,4.007812500e-2,
3.439375000e+2,3.242187500e-1,3.599218750e-1,2.000000000e-2,
3.439375000e+2,3.279375000e-1,4.100000000e-1,4.882812500e-2,
3.401406250e+2,3.240000000e-1,3.701562500e-1,6.078125000e-2,
3.360000000e+2,3.278750000e-1,3.702343750e-1,2.015625000e-2,
3.378437500e+2,3.246250000e-1,3.899218750e-1,4.984375000e-2,
3.420000000e+2,3.081562500e-1,3.796093750e-1,4.968750000e-2,
3.400000000e+2,3.157500000e-1,3.691406250e-1,3.984375000e-2,
3.420000000e+2,3.203750000e-1,4.187500000e-1,6.007812500e-2,
3.420312500e+2,3.117812500e-1,4.021875000e-1,3.054687500e-2,
3.460000000e+2,3.236875000e-1,4.057031250e-1,4.835937500e-2,
3.420781250e+2,3.136875000e-1,4.318750000e-1,7.062500000e-2,
3.339843750e+2,3.105937500e-1,4.024218750e-1,3.296875000e-2,
3.380000000e+2,3.199062500e-1,4.094531250e-1,2.992187500e-2,
3.400156250e+2,3.240312500e-1,3.999218750e-1,4.898437500e-2,
3.400000000e+2,3.200625000e-1,4.109375000e-1,6.046875000e-2,
3.439843750e+2,3.200000000e-1,3.803906250e-1,4.023437500e-2,
3.419687500e+2,3.198437500e-1,4.078906250e-1,3.968750000e-2,
3.460000000e+2,3.280000000e-1,4.104687500e-1,4.968750000e-2,
3.401562500e+2,3.158437500e-1,4.102343750e-1,6.007812500e-2,
3.398125000e+2,3.119687500e-1,3.996875000e-1,5.000000000e-2,
3.420156250e+2,3.239375000e-1,4.100000000e-1,5.984375000e-2,
3.400781250e+2,3.279687500e-1,3.903906250e-1,6.968750000e-2,
3.417968750e+2,3.280000000e-1,3.897656250e-1,7.046875000e-2,
3.458593750e+2,3.319687500e-1,4.100000000e-1,4.984375000e-2,
3.461562500e+2,3.280312500e-1,4.297656250e-1,7.976562500e-2,
3.400156250e+2,3.319687500e-1,3.995312500e-1,7.031250000e-2,
3.420312500e+2,3.198437500e-1,4.103906250e-1,4.984375000e-2,
3.359843750e+2,3.199687500e-1,4.099218750e-1,4.000000000e-2,
3.439375000e+2,3.202500000e-1,4.100781250e-1,6.023437500e-2,
3.439687500e+2,3.358437500e-1,4.099218750e-1,5.992187500e-2,
3.440000000e+2,3.156562500e-1,4.300781250e-1,6.984375000e-2,
3.460156250e+2,3.253125000e-1,4.400000000e-1,5.093750000e-2,
3.380468750e+2,3.359062500e-1,4.398437500e-1,1.992187500e-2,
3.419531250e+2,3.276250000e-1,4.299218750e-1,4.953125000e-2,
3.381093750e+2,3.282500000e-1,4.301562500e-1,4.992187500e-2,
3.416562500e+2,3.228750000e-1,4.398437500e-1,5.007812500e-2,
3.460468750e+2,3.041562500e-1,4.304687500e-1,2.992187500e-2,
3.401250000e+2,3.242500000e-1,4.600000000e-1,5.992187500e-2,
3.379375000e+2,3.198437500e-1,4.401562500e-1,4.007812500e-2,
3.382031250e+2,3.241875000e-1,4.404687500e-1,5.984375000e-2,
3.377187500e+2,3.198750000e-1,4.199218750e-1,5.023437500e-2,
3.518125000e+2,3.158125000e-1,4.470312500e-1,5.929687500e-2,
3.463281250e+2,3.279062500e-1,4.511718750e-1,5.226562500e-2,
3.422187500e+2,3.237812500e-1,4.421093750e-1,2.890625000e-2,
3.360000000e+2,3.352500000e-1,4.300781250e-1,5.851562500e-2,
3.360000000e+2,3.284687500e-1,4.396875000e-1,4.984375000e-2,
3.359687500e+2,3.196562500e-1,4.499218750e-1,6.023437500e-2,
3.419843750e+2,3.319375000e-1,4.500000000e-1,4.984375000e-2,
3.400000000e+2,3.240000000e-1,4.700781250e-1,5.039062500e-2,
3.400468750e+2,3.277500000e-1,4.701562500e-1,5.992187500e-2,
3.378906250e+2,3.280937500e-1,4.499218750e-1,3.000000000e-2,
3.479531250e+2,3.203125000e-1,4.500000000e-1,4.078125000e-2,
3.440156250e+2,3.194062500e-1,4.504687500e-1,6.000000000e-2,
3.419687500e+2,3.320937500e-1,4.800781250e-1,5.000000000e-2,
3.419843750e+2,3.200000000e-1,4.591406250e-1,6.000000000e-2,
3.378906250e+2,3.318125000e-1,4.710937500e-1,5.992187500e-2,
3.338593750e+2,3.240625000e-1,4.690625000e-1,6.031250000e-2,
3.363750000e+2,3.319687500e-1,4.603125000e-1,6.921875000e-2,
3.459375000e+2,3.240000000e-1,4.701562500e-1,3.921875000e-2,
3.379218750e+2,3.279687500e-1,4.709375000e-1,4.000000000e-2,
3.465781250e+2,3.198437500e-1,4.788281250e-1,2.945312500e-2,
3.477343750e+2,3.197187500e-1,4.492187500e-1,2.945312500e-2,
3.417187500e+2,3.126562500e-1,4.729687500e-1,3.132812500e-2,
3.400781250e+2,3.365937500e-1,4.895312500e-1,6.031250000e-2,
3.420625000e+2,3.272187500e-1,4.802343750e-1,3.867187500e-2,
3.419375000e+2,3.328125000e-1,4.769531250e-1,4.179687500e-2,
3.420312500e+2,3.397187500e-1,4.635937500e-1,6.960937500e-2,
3.439375000e+2,3.160000000e-1,5.097656250e-1,3.945312500e-2,
3.399843750e+2,3.123125000e-1,4.693750000e-1,4.984375000e-2,
3.440937500e+2,3.320625000e-1,4.898437500e-1,3.000000000e-2,
3.419375000e+2,3.236875000e-1,4.600781250e-1,5.000000000e-2,
3.401875000e+2,3.242500000e-1,5.006250000e-1,3.000000000e-2,
3.460468750e+2,3.399687500e-1,5.000000000e-1,5.000000000e-2,
3.374375000e+2,3.321250000e-1,5.000000000e-1,3.015625000e-2,
3.321406250e+2,3.279687500e-1,5.006250000e-1,3.953125000e-2,
3.419531250e+2,3.313750000e-1,4.714843750e-1,6.031250000e-2,
3.440468750e+2,3.340937500e-1,4.756250000e-1,3.062500000e-2,
3.480000000e+2,3.120625000e-1,5.101562500e-1,3.882812500e-2,
3.437812500e+2,3.306250000e-1,4.900000000e-1,5.007812500e-2,
3.400468750e+2,3.324375000e-1,5.005468750e-1,6.000000000e-2,
3.439531250e+2,3.238437500e-1,5.099218750e-1,4.960937500e-2,
3.358750000e+2,3.320000000e-1,4.999218750e-1,5.062500000e-2,
3.339531250e+2,3.240625000e-1,4.901562500e-1,5.976562500e-2,
3.420468750e+2,3.278750000e-1,4.801562500e-1,2.976562500e-2,
3.440468750e+2,3.320312500e-1,5.095312500e-1,5.031250000e-2,
3.421250000e+2,3.322187500e-1,5.196093750e-1,7.000000000e-2,
3.400156250e+2,3.239062500e-1,4.996093750e-1,6.000000000e-2,
3.417968750e+2,3.360312500e-1,5.105468750e-1,5.929687500e-2,
3.458906250e+2,3.283437500e-1,5.203125000e-1,2.976562500e-2,
3.441875000e+2,3.280312500e-1,5.095312500e-1,5.070312500e-2,
3.381250000e+2,3.324687500e-1,4.800000000e-1,4.992187500e-2,
3.359843750e+2,3.396875000e-1,5.102343750e-1,4.945312500e-2,
3.379218750e+2,3.230625000e-1,5.199218750e-1,4.046875000e-2,
3.399531250e+2,3.243750000e-1,5.200000000e-1,5.976562500e-2,
3.418437500e+2,3.275937500e-1,5.197656250e-1,1.984375000e-2,
3.459218750e+2,3.244062500e-1,5.103125000e-1,5.039062500e-2,
3.458906250e+2,3.403750000e-1,5.300781250e-1,6.015625000e-2,
3.480781250e+2,3.398437500e-1,5.191406250e-1,7.031250000e-2,
3.442187500e+2,3.360000000e-1,5.090625000e-1,1.976562500e-2,
3.438906250e+2,3.359375000e-1,4.896875000e-1,6.203125000e-2,
3.458125000e+2,3.361875000e-1,5.009375000e-1,5.890625000e-2,
3.479375000e+2,3.440312500e-1,5.202343750e-1,5.054687500e-2,
3.463906250e+2,3.395312500e-1,5.196093750e-1,5.914062500e-2,
3.418750000e+2,3.360937500e-1,4.998437500e-1,1.796875000e-2,
3.478437500e+2,3.398437500e-1,5.302343750e-1,3.156250000e-2,
3.460625000e+2,3.276875000e-1,5.200000000e-1,7.023437500e-2,
3.480156250e+2,3.279062500e-1,5.100781250e-1,6.000000000e-2,
3.442031250e+2,3.357500000e-1,5.092187500e-1,6.984375000e-2,
3.421875000e+2,3.362500000e-1,5.212500000e-1,2.000000000e-2,
3.378437500e+2,3.323750000e-1,4.975781250e-1,2.992187500e-2,
3.420156250e+2,3.290625000e-1,5.467187500e-1,3.000000000e-2,
3.380156250e+2,3.240000000e-1,5.146093750e-1,4.023437500e-2,
3.419843750e+2,3.279687500e-1,4.791406250e-1,3.992187500e-2,
3.380625000e+2,3.240312500e-1,5.091406250e-1,5.000000000e-2,
3.418593750e+2,3.320937500e-1,5.200781250e-1,3.992187500e-2,
3.382031250e+2,3.320000000e-1,5.200000000e-1,3.960937500e-2,
3.438593750e+2,3.360000000e-1,5.200000000e-1,5.031250000e-2,
3.381406250e+2,3.317812500e-1,5.299218750e-1,3.000000000e-2,
3.460000000e+2,3.280312500e-1,5.095312500e-1,4.984375000e-2,
3.376562500e+2,3.400937500e-1,5.100000000e-1,4.007812500e-2,
3.401718750e+2,3.316250000e-1,5.199218750e-1,5.000000000e-2,
3.397500000e+2,3.325312500e-1,5.000000000e-1,5.007812500e-2,
3.381093750e+2,3.399375000e-1,5.199218750e-1,4.968750000e-2,
3.422656250e+2,3.311875000e-1,5.200000000e-1,6.007812500e-2,
3.441406250e+2,3.326250000e-1,5.099218750e-1,4.007812500e-2,
3.460312500e+2,3.401250000e-1,5.104687500e-1,3.984375000e-2,
3.437656250e+2,3.356875000e-1,5.202343750e-1,4.023437500e-2,
3.397656250e+2,3.318437500e-1,5.196093750e-1,3.015625000e-2,
3.405156250e+2,3.321875000e-1,5.092187500e-1,2.992187500e-2,
3.460000000e+2,3.405312500e-1,5.000781250e-1,3.906250000e-2,
3.417500000e+2,3.477187500e-1,5.103906250e-1,6.015625000e-2,
3.419375000e+2,3.398750000e-1,5.100000000e-1,4.015625000e-2,
3.400156250e+2,3.439062500e-1,5.097656250e-1,7.046875000e-2,
3.419843750e+2,3.355625000e-1,4.996875000e-1,5.906250000e-2,
3.398437500e+2,3.359687500e-1,5.003125000e-1,6.000000000e-2,
3.400312500e+2,3.363125000e-1,5.104687500e-1,6.000000000e-2,
3.426250000e+2,3.397500000e-1,5.201562500e-1,6.007812500e-2,
3.503125000e+2,3.266875000e-1,5.199218750e-1,5.007812500e-2,
3.472968750e+2,3.206875000e-1,5.095312500e-1,5.945312500e-2,
3.400156250e+2,3.365000000e-1,4.899218750e-1,6.140625000e-2,
3.440625000e+2,3.358750000e-1,5.091406250e-1,4.000000000e-2,
3.397656250e+2,3.399687500e-1,5.099218750e-1,5.046875000e-2,
3.399843750e+2,3.445625000e-1,5.118750000e-1,3.039062500e-2,
3.397187500e+2,3.280937500e-1,4.914843750e-1,4.078125000e-2,
3.441718750e+2,3.398750000e-1,4.905468750e-1,1.984375000e-2,
3.381093750e+2,3.399375000e-1,4.700781250e-1,4.000000000e-2,
3.418281250e+2,3.479375000e-1,4.899218750e-1,3.992187500e-2,
3.399843750e+2,3.400625000e-1,4.800000000e-1,5.000000000e-2,
3.437968750e+2,3.439062500e-1,4.908593750e-1,5.023437500e-2,
3.420781250e+2,3.400625000e-1,5.199218750e-1,2.992187500e-2,
3.422812500e+2,3.438437500e-1,4.794531250e-1,3.046875000e-2,
3.361406250e+2,3.439687500e-1,4.803906250e-1,5.007812500e-2,
3.380781250e+2,3.441250000e-1,5.006250000e-1,5.007812500e-2,
3.339531250e+2,3.360312500e-1,4.989062500e-1,5.984375000e-2,
3.418750000e+2,3.357500000e-1,4.699218750e-1,5.031250000e-2,
3.399843750e+2,3.399375000e-1,4.903906250e-1,5.914062500e-2,
3.458281250e+2,3.361562500e-1,4.802343750e-1,1.960937500e-2,
3.442031250e+2,3.480000000e-1,4.890625000e-1,4.015625000e-2,
3.417968750e+2,3.358750000e-1,4.600000000e-1,1.953125000e-2,
3.478906250e+2,3.401562500e-1,4.934375000e-1,4.187500000e-2,
3.442343750e+2,3.439687500e-1,4.878906250e-1,4.765625000e-2,
3.418906250e+2,3.320312500e-1,4.698437500e-1,2.046875000e-2,
3.459218750e+2,3.481875000e-1,4.676562500e-1,5.031250000e-2,
3.460156250e+2,3.397812500e-1,4.520312500e-1,2.976562500e-2,
3.459843750e+2,3.439375000e-1,4.905468750e-1,6.187500000e-2,
3.439375000e+2,3.357187500e-1,4.696875000e-1,5.851562500e-2,
3.460937500e+2,3.403125000e-1,4.905468750e-1,3.882812500e-2,
3.362031250e+2,3.442812500e-1,4.792968750e-1,4.085937500e-2,
3.413593750e+2,3.479375000e-1,4.797656250e-1,5.992187500e-2,
3.481093750e+2,3.440000000e-1,4.698437500e-1,5.000000000e-2,
3.423593750e+2,3.440000000e-1,4.696093750e-1,6.992187500e-2,
3.399062500e+2,3.400000000e-1,4.601562500e-1,6.000000000e-2,
3.403125000e+2,3.558750000e-1,4.799218750e-1,5.031250000e-2,
3.356093750e+2,3.446250000e-1,4.707812500e-1,2.000000000e-2,
3.459687500e+2,3.400937500e-1,4.614062500e-1,4.000000000e-2,
3.381250000e+2,3.362187500e-1,4.479687500e-1,6.007812500e-2,
3.462343750e+2,3.391250000e-1,4.689062500e-1,5.015625000e-2,
3.436093750e+2,3.437812500e-1,4.604687500e-1,5.976562500e-2,
3.401093750e+2,3.407812500e-1,4.600781250e-1,6.054687500e-2,
3.460937500e+2,3.347500000e-1,4.298437500e-1,4.039062500e-2,
3.397187500e+2,3.594687500e-1,4.300000000e-1,4.953125000e-2,
3.361562500e+2,3.453750000e-1,4.398437500e-1,6.054687500e-2,
3.398906250e+2,3.400000000e-1,4.600000000e-1,4.054687500e-2,
3.362187500e+2,3.399062500e-1,4.408593750e-1,4.929687500e-2,
3.482812500e+2,3.444375000e-1,4.298437500e-1,7.046875000e-2,
3.477343750e+2,3.319687500e-1,4.500000000e-1,1.007812500e-2,
3.440000000e+2,3.478437500e-1,4.500000000e-1,3.976562500e-2,
3.460156250e+2,3.483437500e-1,4.401562500e-1,7.062500000e-2,
3.439062500e+2,3.399687500e-1,4.700000000e-1,3.046875000e-2,
3.420000000e+2,3.478125000e-1,4.399218750e-1,4.960937500e-2,
3.400000000e+2,3.442500000e-1,4.502343750e-1,5.015625000e-2,
3.359687500e+2,3.398750000e-1,4.096093750e-1,5.000000000e-2,
3.461250000e+2,3.559375000e-1,4.408593750e-1,4.007812500e-2,
3.459687500e+2,3.519375000e-1,4.287500000e-1,3.992187500e-2,
3.459218750e+2,3.520000000e-1,4.105468750e-1,5.000000000e-2,
3.420468750e+2,3.479062500e-1,4.400000000e-1,5.023437500e-2,
3.500781250e+2,3.440937500e-1,4.100000000e-1,3.054687500e-2,
3.498750000e+2,3.520625000e-1,4.505468750e-1,2.984375000e-2,
3.420000000e+2,3.478437500e-1,4.400781250e-1,5.000000000e-2,
3.479375000e+2,3.439375000e-1,4.199218750e-1,5.054687500e-2,
3.461562500e+2,3.439687500e-1,4.300781250e-1,2.046875000e-2,
3.400000000e+2,3.478437500e-1,3.896093750e-1,2.875000000e-2,
3.457968750e+2,3.483125000e-1,3.898437500e-1,6.000000000e-2,
3.460000000e+2,3.437187500e-1,4.299218750e-1,2.984375000e-2,
3.400000000e+2,3.598437500e-1,4.003125000e-1,4.984375000e-2,
3.460000000e+2,3.487500000e-1,4.186718750e-1,4.007812500e-2,
3.457812500e+2,3.436250000e-1,4.121093750e-1,4.976562500e-2,
3.360156250e+2,3.515937500e-1,3.908593750e-1,4.968750000e-2,
3.419062500e+2,3.525312500e-1,3.967968750e-1,6.015625000e-2,
3.439375000e+2,3.482187500e-1,4.109375000e-1,4.109375000e-2,
3.400000000e+2,3.480000000e-1,3.920312500e-1,4.000000000e-2,
3.479687500e+2,3.479687500e-1,3.803125000e-1,3.843750000e-2,
3.420000000e+2,3.560000000e-1,3.790625000e-1,7.078125000e-2,
3.420000000e+2,3.480625000e-1,3.902343750e-1,2.039062500e-2,
3.399687500e+2,3.480000000e-1,3.792187500e-1,4.851562500e-2,
3.438906250e+2,3.478437500e-1,4.085156250e-1,6.031250000e-2,
3.441250000e+2,3.559687500e-1,4.009375000e-1,3.992187500e-2,
3.399218750e+2,3.519687500e-1,3.893750000e-1,6.007812500e-2,
3.458593750e+2,3.600000000e-1,4.000000000e-1,3.992187500e-2,
3.459843750e+2,3.519375000e-1,3.900781250e-1,6.976562500e-2,
3.480000000e+2,3.560000000e-1,3.997656250e-1,5.015625000e-2,
3.441875000e+2,3.479687500e-1,3.900000000e-1,6.968750000e-2,
3.420000000e+2,3.520312500e-1,3.801562500e-1,6.000000000e-2,
3.439375000e+2,3.479687500e-1,4.001562500e-1,6.015625000e-2,
3.440781250e+2,3.480000000e-1,3.898437500e-1,4.000000000e-2,
3.380312500e+2,3.479687500e-1,3.897656250e-1,5.000000000e-2,
3.359531250e+2,3.480937500e-1,3.700000000e-1,3.976562500e-2,
3.420312500e+2,3.560937500e-1,3.899218750e-1,3.992187500e-2,
3.420000000e+2,3.518750000e-1,3.899218750e-1,5.945312500e-2,
3.440312500e+2,3.569687500e-1,3.699218750e-1,7.031250000e-2,
3.342031250e+2,3.678125000e-1,3.801562500e-1,4.031250000e-2,
3.357343750e+2,3.557500000e-1,3.800000000e-1,3.015625000e-2,
3.457187500e+2,3.600000000e-1,3.899218750e-1,3.031250000e-2,
3.444062500e+2,3.517812500e-1,3.799218750e-1,6.984375000e-2,
3.379062500e+2,3.517500000e-1,3.903906250e-1,7.007812500e-2,
3.459375000e+2,3.440312500e-1,3.900000000e-1,4.015625000e-2,
3.401718750e+2,3.563750000e-1,3.799218750e-1,4.992187500e-2,
3.378750000e+2,3.555625000e-1,3.809375000e-1,4.968750000e-2,
3.417812500e+2,3.479375000e-1,3.504687500e-1,7.976562500e-2,
3.479687500e+2,3.480312500e-1,3.685937500e-1,5.171875000e-2,
3.441562500e+2,3.439687500e-1,3.608593750e-1,4.039062500e-2,
3.438593750e+2,3.509062500e-1,3.750781250e-1,3.820312500e-2,
3.459843750e+2,3.604375000e-1,3.918750000e-1,6.093750000e-2,
3.460000000e+2,3.520312500e-1,3.704687500e-1,5.023437500e-2,
3.440156250e+2,3.561562500e-1,3.596093750e-1,9.015625000e-2,
3.420000000e+2,3.440312500e-1,3.800000000e-1,4.984375000e-2,
3.440156250e+2,3.519687500e-1,3.800000000e-1,8.070312500e-2,
3.380156250e+2,3.483125000e-1,3.800781250e-1,6.984375000e-2,
3.419531250e+2,3.439062500e-1,3.599218750e-1,5.000000000e-2,
3.419687500e+2,3.553125000e-1,3.599218750e-1,5.031250000e-2,
3.479843750e+2,3.645000000e-1,3.603125000e-1,5.992187500e-2,
3.441718750e+2,3.442500000e-1,3.691406250e-1,3.992187500e-2,
3.400312500e+2,3.516562500e-1,3.413281250e-1,4.000000000e-2,
3.439843750e+2,3.605625000e-1,3.909375000e-1,5.007812500e-2,
3.399375000e+2,3.441562500e-1,3.582031250e-1,3.929687500e-2,
3.463281250e+2,3.558125000e-1,3.721093750e-1,9.609375000e-3,
3.520312500e+2,3.560000000e-1,3.674218750e-1,3.148437500e-2,
3.455937500e+2,3.478750000e-1,3.527343750e-1,4.968750000e-2,
3.402812500e+2,3.484375000e-1,3.992968750e-1,4.023437500e-2,
3.480781250e+2,3.560000000e-1,3.486718750e-1,4.945312500e-2,
3.439062500e+2,3.518750000e-1,3.821875000e-1,2.960937500e-2,
3.481562500e+2,3.517500000e-1,3.678906250e-1,5.148437500e-2,
3.458125000e+2,3.436562500e-1,3.596875000e-1,7.000000000e-2,
3.439843750e+2,3.485312500e-1,3.609375000e-1,5.960937500e-2,
3.460625000e+2,3.559687500e-1,3.703125000e-1,5.984375000e-2,
3.500000000e+2,3.480000000e-1,3.703125000e-1,4.976562500e-2,
3.479375000e+2,3.481250000e-1,3.803125000e-1,4.984375000e-2,
3.501250000e+2,3.560312500e-1,3.800000000e-1,3.968750000e-2,
3.478750000e+2,3.558750000e-1,3.685937500e-1,4.000000000e-2,
3.339843750e+2,3.520312500e-1,3.400000000e-1,5.023437500e-2,
3.462968750e+2,3.599375000e-1,3.700781250e-1,4.000000000e-2,
3.417031250e+2,3.641250000e-1,3.700781250e-1,6.992187500e-2,
3.420937500e+2,3.480000000e-1,3.898437500e-1,5.007812500e-2,
3.459687500e+2,3.635000000e-1,3.632031250e-1,6.015625000e-2,
3.499375000e+2,3.531250000e-1,3.358593750e-1,4.000000000e-2,
3.440000000e+2,3.525000000e-1,3.889062500e-1,5.132812500e-2,
3.500468750e+2,3.441250000e-1,3.600000000e-1,2.000000000e-2,
3.438125000e+2,3.517500000e-1,3.700000000e-1,6.078125000e-2,
3.420468750e+2,3.519687500e-1,3.500000000e-1,4.921875000e-2,
3.440156250e+2,3.560000000e-1,3.699218750e-1,2.945312500e-2,
3.439843750e+2,3.560312500e-1,3.401562500e-1,3.039062500e-2,
3.459843750e+2,3.559375000e-1,3.603906250e-1,4.976562500e-2,
3.420937500e+2,3.599687500e-1,3.700781250e-1,9.687500000e-3,
3.437500000e+2,3.559687500e-1,3.596875000e-1,3.070312500e-2,
3.460937500e+2,3.638437500e-1,3.604687500e-1,6.992187500e-2,
3.402343750e+2,3.638750000e-1,3.699218750e-1,4.914062500e-2,
3.397968750e+2,3.519062500e-1,3.591406250e-1,4.015625000e-2,
3.420781250e+2,3.641250000e-1,3.601562500e-1,5.031250000e-2,
3.379531250e+2,3.637812500e-1,3.698437500e-1,3.906250000e-2,
3.439062500e+2,3.642500000e-1,3.497656250e-1,2.085937500e-2,
3.439531250e+2,3.679375000e-1,3.504687500e-1,6.031250000e-2,
3.461093750e+2,3.595000000e-1,3.796093750e-1,2.953125000e-2,
3.399062500e+2,3.568750000e-1,3.398437500e-1,3.015625000e-2,
3.497500000e+2,3.679062500e-1,3.704687500e-1,5.007812500e-2,
3.462656250e+2,3.601562500e-1,3.500781250e-1,4.992187500e-2,
3.477031250e+2,3.720625000e-1,3.702343750e-1,5.992187500e-2,
3.447968750e+2,3.554375000e-1,3.492187500e-1,5.992187500e-2,
3.373281250e+2,3.524687500e-1,3.603906250e-1,6.000000000e-2,
3.555625000e+2,3.595937500e-1,3.600000000e-1,4.890625000e-2,
3.429062500e+2,3.439687500e-1,3.702343750e-1,3.015625000e-2,
3.414843750e+2,3.651875000e-1,3.799218750e-1,5.070312500e-2,
3.458593750e+2,3.677187500e-1,3.700781250e-1,3.750000000e-2,
3.461875000e+2,3.601562500e-1,3.804687500e-1,2.117187500e-2,
3.420468750e+2,3.722187500e-1,4.000000000e-1,7.054687500e-2,
3.439062500e+2,3.719375000e-1,3.505468750e-1,4.000000000e-2,
3.438906250e+2,3.727500000e-1,3.683593750e-1,4.000000000e-2,
3.478437500e+2,3.491562500e-1,3.715625000e-1,5.000000000e-2,
3.482812500e+2,3.515312500e-1,3.578125000e-1,5.992187500e-2,
3.435468750e+2,3.509062500e-1,3.951562500e-1,5.968750000e-2,
3.418437500e+2,3.641562500e-1,3.928125000e-1,6.992187500e-2,
3.425156250e+2,3.637500000e-1,3.514843750e-1,5.007812500e-2,
3.458750000e+2,3.560625000e-1,3.592187500e-1,4.000000000e-2,
3.418750000e+2,3.640312500e-1,3.799218750e-1,6.000000000e-2,
3.441250000e+2,3.558750000e-1,3.795312500e-1,4.992187500e-2,
3.440312500e+2,3.560000000e-1,3.900000000e-1,6.023437500e-2,
3.437500000e+2,3.600312500e-1,3.498437500e-1,3.023437500e-2,
3.378906250e+2,3.600000000e-1,3.803906250e-1,3.984375000e-2,
3.379531250e+2,3.600312500e-1,3.800781250e-1,3.007812500e-2,
3.338437500e+2,3.599687500e-1,3.999218750e-1,2.000000000e-2,
3.342968750e+2,3.600937500e-1,3.600000000e-1,6.960937500e-2,
3.404218750e+2,3.693437500e-1,3.698437500e-1,5.148437500e-2,
3.439218750e+2,3.792500000e-1,3.900000000e-1,1.968750000e-2,
3.421250000e+2,3.588437500e-1,3.599218750e-1,5.984375000e-2,
3.436093750e+2,3.606875000e-1,3.910937500e-1,3.046875000e-2,
3.380781250e+2,3.681875000e-1,3.796875000e-1,2.945312500e-2,
3.464062500e+2,3.630312500e-1,3.905468750e-1,3.031250000e-2,
3.456562500e+2,3.521875000e-1,3.900000000e-1,2.953125000e-2,
3.440781250e+2,3.644062500e-1,3.892187500e-1,6.015625000e-2,
3.436718750e+2,3.637812500e-1,3.807031250e-1,3.015625000e-2,
3.376093750e+2,3.688125000e-1,4.003125000e-1,5.054687500e-2,
3.408437500e+2,3.757187500e-1,3.788281250e-1,3.929687500e-2,
3.480156250e+2,3.632187500e-1,3.700000000e-1,3.117187500e-2,
3.412812500e+2,3.596562500e-1,3.812500000e-1,6.007812500e-2,
3.428281250e+2,3.562812500e-1,4.103125000e-1,3.976562500e-2,
3.475000000e+2,3.645625000e-1,3.994531250e-1,4.976562500e-2,
3.376718750e+2,3.639062500e-1,4.003125000e-1,4.085937500e-2,
3.401718750e+2,3.639062500e-1,3.995312500e-1,9.921875000e-3,
3.400625000e+2,3.596875000e-1,3.799218750e-1,3.812500000e-2,
3.441562500e+2,3.601875000e-1,4.001562500e-1,4.046875000e-2,
3.416093750e+2,3.719687500e-1,3.793750000e-1,4.828125000e-2,
3.337656250e+2,3.644062500e-1,4.164062500e-1,6.898437500e-2,
3.338437500e+2,3.668437500e-1,4.050781250e-1,6.312500000e-2,
3.374531250e+2,3.721250000e-1,3.905468750e-1,3.992187500e-2,
3.455156250e+2,3.599062500e-1,3.796093750e-1,5.000000000e-2,
3.482656250e+2,3.719687500e-1,4.097656250e-1,2.984375000e-2,
3.423125000e+2,3.561875000e-1,4.200000000e-1,3.000000000e-2,
3.419375000e+2,3.634375000e-1,4.196875000e-1,2.968750000e-2,
3.418750000e+2,3.680000000e-1,3.999218750e-1,5.000000000e-2,
3.455625000e+2,3.680937500e-1,4.100000000e-1,2.953125000e-2,
3.464687500e+2,3.641875000e-1,4.104687500e-1,4.054687500e-2,
3.379687500e+2,3.639375000e-1,4.406250000e-1,5.992187500e-2,
3.458750000e+2,3.640312500e-1,4.183593750e-1,3.968750000e-2,
3.421718750e+2,3.562500000e-1,3.900000000e-1,4.000000000e-2,
3.400312500e+2,3.560625000e-1,4.213281250e-1,4.031250000e-2,
3.378750000e+2,3.640625000e-1,4.309375000e-1,7.242187500e-2,
3.439531250e+2,3.599062500e-1,4.386718750e-1,7.781250000e-2,
3.382812500e+2,3.601250000e-1,4.110937500e-1,1.945312500e-2,
3.378281250e+2,3.720000000e-1,4.520312500e-1,6.242187500e-2,
3.400937500e+2,3.640000000e-1,4.277343750e-1,5.734375000e-2,
3.378437500e+2,3.721562500e-1,4.319531250e-1,4.046875000e-2,
3.477500000e+2,3.796562500e-1,4.379687500e-1,5.976562500e-2,
3.463125000e+2,3.594375000e-1,4.210937500e-1,3.960937500e-2,
3.399843750e+2,3.645937500e-1,4.625781250e-1,4.960937500e-2,
3.438125000e+2,3.677812500e-1,4.580468750e-1,2.945312500e-2,
3.460625000e+2,3.638125000e-1,4.410156250e-1,4.046875000e-2,
3.421562500e+2,3.642500000e-1,4.702343750e-1,2.945312500e-2,
3.399531250e+2,3.637187500e-1,4.382031250e-1,3.031250000e-2,
3.418750000e+2,3.601875000e-1,4.414843750e-1,6.039062500e-2,
3.403281250e+2,3.759375000e-1,4.596093750e-1,8.007812500e-2,
3.359218750e+2,3.720000000e-1,4.400781250e-1,3.015625000e-2,
3.417968750e+2,3.560000000e-1,4.699218750e-1,4.953125000e-2,
3.400937500e+2,3.638437500e-1,4.604687500e-1,5.000000000e-2,
3.402968750e+2,3.564687500e-1,4.693750000e-1,3.000000000e-2,
3.372656250e+2,3.624687500e-1,4.618750000e-1,4.984375000e-2,
3.480156250e+2,3.722187500e-1,4.593750000e-1,4.085937500e-2,
3.354843750e+2,3.678125000e-1,4.600000000e-1,3.984375000e-2,
3.382656250e+2,3.756562500e-1,4.599218750e-1,4.976562500e-2,
3.397968750e+2,3.722812500e-1,4.703125000e-1,5.015625000e-2,
3.360781250e+2,3.756250000e-1,4.999218750e-1,4.976562500e-2,
3.443906250e+2,3.764062500e-1,4.500781250e-1,5.093750000e-2,
3.478437500e+2,3.682187500e-1,4.801562500e-1,2.968750000e-2,
3.440781250e+2,3.679062500e-1,4.606250000e-1,5.023437500e-2,
3.501093750e+2,3.761250000e-1,4.697656250e-1,1.992187500e-2,
3.477656250e+2,3.680000000e-1,4.800000000e-1,6.976562500e-2,
3.460468750e+2,3.759687500e-1,4.900781250e-1,8.000000000e-2,
3.479375000e+2,3.720625000e-1,4.500781250e-1,5.976562500e-2,
3.419062500e+2,3.759375000e-1,5.000781250e-1,7.984375000e-2,
3.420000000e+2,3.760937500e-1,4.696093750e-1,6.031250000e-2,
3.420000000e+2,3.720000000e-1,4.599218750e-1,5.070312500e-2,
3.459843750e+2,3.720000000e-1,4.704687500e-1,2.007812500e-2,
3.480625000e+2,3.719062500e-1,4.898437500e-1,2.960937500e-2,
3.500000000e+2,3.799375000e-1,4.698437500e-1,4.992187500e-2,
3.416718750e+2,3.679687500e-1,4.800781250e-1,5.000000000e-2,
3.339843750e+2,3.760312500e-1,4.800000000e-1,1.937500000e-2,
3.400625000e+2,3.720000000e-1,5.100000000e-1,6.953125000e-2,
3.439843750e+2,3.800625000e-1,4.891406250e-1,3.031250000e-2,
3.440000000e+2,3.717187500e-1,4.599218750e-1,4.000000000e-2,
3.499531250e+2,3.639062500e-1,5.001562500e-1,4.968750000e-2,
3.520937500e+2,3.639687500e-1,5.100000000e-1,6.015625000e-2,
3.420000000e+2,3.678750000e-1,4.897656250e-1,4.023437500e-2,
3.418125000e+2,3.718437500e-1,4.899218750e-1,4.992187500e-2,
3.480000000e+2,3.758437500e-1,5.102343750e-1,4.984375000e-2,
3.440312500e+2,3.799375000e-1,5.301562500e-1,4.976562500e-2,
3.400000000e+2,3.800000000e-1,5.106250000e-1,8.000000000e-2,
3.479687500e+2,3.800937500e-1,5.189843750e-1,6.039062500e-2,
3.400000000e+2,3.761562500e-1,5.131250000e-1,6.914062500e-2,
3.479218750e+2,3.732812500e-1,4.841406250e-1,8.007812500e-2,
3.479531250e+2,3.656562500e-1,4.758593750e-1,6.265625000e-2,
3.440000000e+2,3.839375000e-1,5.084375000e-1,4.000000000e-2,
3.440000000e+2,3.720625000e-1,5.010156250e-1,4.882812500e-2,
3.400000000e+2,3.798750000e-1,5.003125000e-1,6.984375000e-2,
3.381562500e+2,3.680937500e-1,4.899218750e-1,6.015625000e-2,
3.319687500e+2,3.717812500e-1,5.083593750e-1,5.062500000e-2,
3.417343750e+2,3.799687500e-1,5.195312500e-1,2.960937500e-2,
3.479375000e+2,3.759375000e-1,5.115625000e-1,6.984375000e-2,
3.480781250e+2,3.759687500e-1,4.779687500e-1,5.015625000e-2,
3.460625000e+2,3.800312500e-1,5.385156250e-1,6.984375000e-2,
3.458281250e+2,3.679062500e-1,5.208593750e-1,6.023437500e-2,
3.498750000e+2,3.720000000e-1,5.097656250e-1,6.023437500e-2,
3.481406250e+2,3.680312500e-1,5.200000000e-1,4.015625000e-2,
3.422656250e+2,3.802187500e-1,5.400000000e-1,4.007812500e-2,
3.358593750e+2,3.839062500e-1,5.298437500e-1,2.000000000e-2,
3.439843750e+2,3.760312500e-1,5.405468750e-1,4.015625000e-2,
3.360000000e+2,3.839687500e-1,5.498437500e-1,5.000000000e-2,
3.419218750e+2,3.678125000e-1,5.301562500e-1,5.007812500e-2,
3.439687500e+2,3.722187500e-1,5.200000000e-1,6.000000000e-2,
3.400000000e+2,3.762812500e-1,5.200000000e-1,5.023437500e-2,
3.439843750e+2,3.883750000e-1,5.300781250e-1,4.031250000e-2,
3.419843750e+2,3.835937500e-1,5.402343750e-1,2.984375000e-2,
3.440312500e+2,3.845312500e-1,5.500781250e-1,4.953125000e-2,
3.399687500e+2,3.918125000e-1,5.496875000e-1,4.976562500e-2,
3.457343750e+2,3.752187500e-1,5.196875000e-1,3.992187500e-2,
3.461093750e+2,3.765937500e-1,5.310156250e-1,5.992187500e-2,
3.420000000e+2,3.878437500e-1,5.500000000e-1,6.000000000e-2,
3.439531250e+2,3.758750000e-1,5.399218750e-1,6.031250000e-2,
3.440312500e+2,3.843750000e-1,5.593750000e-1,4.984375000e-2,
3.440000000e+2,3.798750000e-1,5.515625000e-1,6.078125000e-2,
3.420937500e+2,3.759062500e-1,5.396093750e-1,2.125000000e-2,
3.417500000e+2,3.839375000e-1,5.491406250e-1,3.710937500e-2,
3.480937500e+2,3.838437500e-1,5.496875000e-1,5.976562500e-2,
3.400468750e+2,3.849062500e-1,5.518750000e-1,5.898437500e-2,
3.419531250e+2,3.721875000e-1,5.400000000e-1,7.007812500e-2,
3.420000000e+2,3.757812500e-1,5.498437500e-1,5.937500000e-2,
3.420000000e+2,3.759687500e-1,5.400000000e-1,5.000000000e-2,
3.399843750e+2,3.760312500e-1,5.500781250e-1,5.007812500e-2,
3.460156250e+2,3.641562500e-1,5.602343750e-1,3.992187500e-2,
3.380468750e+2,3.716875000e-1,5.200000000e-1,3.000000000e-2,
3.419687500e+2,3.839062500e-1,5.498437500e-1,9.085937500e-2,
3.380000000e+2,3.802187500e-1,5.193750000e-1,6.937500000e-2,
3.400468750e+2,3.799062500e-1,5.206250000e-1,6.000000000e-2,
3.360312500e+2,3.800937500e-1,5.411718750e-1,7.000000000e-2,
3.440468750e+2,3.725000000e-1,5.497656250e-1,6.968750000e-2,
3.398750000e+2,3.713437500e-1,5.395312500e-1,3.968750000e-2,
3.421562500e+2,3.918750000e-1,5.405468750e-1,5.125000000e-2,
3.439218750e+2,3.880000000e-1,5.508593750e-1,5.953125000e-2,
3.419687500e+2,3.918125000e-1,5.603125000e-1,3.875000000e-2,
3.419375000e+2,3.712187500e-1,5.599218750e-1,4.273437500e-2,
3.400000000e+2,3.720000000e-1,5.596875000e-1,6.898437500e-2,
3.420781250e+2,3.725312500e-1,5.610156250e-1,2.867187500e-2,
3.442656250e+2,3.838125000e-1,5.567187500e-1,5.171875000e-2,
3.477656250e+2,3.718437500e-1,5.195312500e-1,5.875000000e-2,
3.399375000e+2,3.845937500e-1,5.539062500e-1,2.945312500e-2,
3.460625000e+2,3.837812500e-1,5.464843750e-1,5.117187500e-2,
3.417343750e+2,3.760000000e-1,5.316406250e-1,5.914062500e-2,
3.380937500e+2,3.721250000e-1,5.482031250e-1,2.929687500e-2,
3.460937500e+2,3.799062500e-1,5.107812500e-1,4.117187500e-2,
3.419218750e+2,3.640000000e-1,5.603906250e-1,8.000000000e-2,
3.379531250e+2,3.843125000e-1,5.192968750e-1,5.109375000e-2,
3.401875000e+2,3.879687500e-1,5.300000000e-1,3.000000000e-2,
3.439375000e+2,3.920625000e-1,5.300781250e-1,5.945312500e-2,
3.421093750e+2,3.726562500e-1,5.499218750e-1,8.039062500e-2,
3.480156250e+2,3.670000000e-1,5.310156250e-1,2.117187500e-2,
3.378437500e+2,3.866562500e-1,5.217968750e-1,1.898437500e-2,
3.379843750e+2,3.826562500e-1,5.074218750e-1,3.953125000e-2,
3.421875000e+2,3.714687500e-1,5.400000000e-1,5.007812500e-2,
3.500625000e+2,3.841562500e-1,5.502343750e-1,6.960937500e-2,
3.458281250e+2,3.677187500e-1,5.592968750e-1,2.921875000e-2,
3.419843750e+2,3.960625000e-1,5.197656250e-1,3.023437500e-2,
3.439531250e+2,3.842500000e-1,5.296875000e-1,3.007812500e-2,
3.459843750e+2,3.757812500e-1,5.398437500e-1,3.992187500e-2,
3.440468750e+2,3.960937500e-1,5.298437500e-1,2.992187500e-2,
3.439531250e+2,3.921875000e-1,5.500000000e-1,4.023437500e-2,
3.421875000e+2,3.881562500e-1,5.296093750e-1,5.000000000e-2,
3.378750000e+2,3.800000000e-1,5.400781250e-1,4.015625000e-2,
3.456250000e+2,3.876250000e-1,5.298437500e-1,4.976562500e-2,
3.480468750e+2,3.878750000e-1,5.400000000e-1,1.945312500e-2,
3.459687500e+2,3.800937500e-1,5.298437500e-1,4.078125000e-2,
3.460468750e+2,3.880625000e-1,5.298437500e-1,6.070312500e-2,
3.419843750e+2,3.793750000e-1,5.203906250e-1,6.976562500e-2,
3.478593750e+2,3.802500000e-1,5.597656250e-1,4.976562500e-2,
3.481093750e+2,3.840000000e-1,5.094531250e-1,5.007812500e-2,
3.442343750e+2,3.842187500e-1,5.316406250e-1,4.992187500e-2,
3.400312500e+2,3.922500000e-1,5.396875000e-1,5.007812500e-2,
3.418906250e+2,3.918125000e-1,5.192968750e-1,6.000000000e-2,
3.402031250e+2,3.839375000e-1,5.201562500e-1,3.906250000e-2,
3.397968750e+2,3.880937500e-1,5.091406250e-1,3.148437500e-2,
3.438437500e+2,3.837500000e-1,5.007812500e-1,5.937500000e-2,
3.422031250e+2,3.799687500e-1,5.303125000e-1,1.937500000e-2,
3.384531250e+2,3.846250000e-1,5.196875000e-1,5.187500000e-2,
3.338281250e+2,3.918125000e-1,5.100781250e-1,5.812500000e-2,
3.399687500e+2,3.800000000e-1,5.101562500e-1,4.085937500e-2,
3.358593750e+2,3.922187500e-1,5.200000000e-1,8.023437500e-2,
3.457656250e+2,3.880000000e-1,5.095312500e-1,4.000000000e-2,
3.420000000e+2,3.920937500e-1,5.489843750e-1,3.000000000e-2,
3.460781250e+2,3.809062500e-1,5.317187500e-1,4.000000000e-2,
3.381875000e+2,3.794375000e-1,5.280468750e-1,5.000000000e-2,
3.425625000e+2,3.833437500e-1,5.403125000e-1,4.007812500e-2,
3.418750000e+2,3.839062500e-1,5.225000000e-1,4.023437500e-2,
3.417187500e+2,3.802187500e-1,4.992187500e-1,4.000000000e-2,
3.403125000e+2,3.919375000e-1,5.200000000e-1,3.000000000e-2,
3.438437500e+2,3.800000000e-1,5.001562500e-1,5.015625000e-2,
3.377187500e+2,3.961562500e-1,5.196093750e-1,6.945312500e-2,
3.402812500e+2,3.920000000e-1,5.100000000e-1,9.007812500e-2,
3.418750000e+2,3.880312500e-1,5.101562500e-1,7.039062500e-2,
3.400781250e+2,3.920000000e-1,5.199218750e-1,5.062500000e-2,
3.441250000e+2,3.917500000e-1,4.998437500e-1,9.843750000e-3,
3.418593750e+2,3.796875000e-1,4.900781250e-1,7.000000000e-2,
3.423906250e+2,3.805312500e-1,5.200000000e-1,6.054687500e-2,
3.457968750e+2,3.878750000e-1,5.100781250e-1,3.023437500e-2,
3.399062500e+2,3.842812500e-1,5.000000000e-1,3.945312500e-2,
3.442656250e+2,3.920937500e-1,5.000000000e-1,5.992187500e-2,
3.416093750e+2,3.834062500e-1,5.110937500e-1,5.031250000e-2,
3.400781250e+2,3.842500000e-1,5.192968750e-1,3.984375000e-2,
3.443750000e+2,3.881250000e-1,4.887500000e-1,4.976562500e-2,
3.455625000e+2,3.879375000e-1,4.905468750e-1,5.007812500e-2,
3.399531250e+2,3.880312500e-1,5.005468750e-1,4.085937500e-2,
3.442656250e+2,3.832187500e-1,5.102343750e-1,2.953125000e-2,
3.440625000e+2,3.768125000e-1,4.980468750e-1,7.000000000e-2,
3.459687500e+2,3.965312500e-1,4.693750000e-1,2.921875000e-2,
3.439687500e+2,3.868750000e-1,4.810156250e-1,4.179687500e-2,
3.437031250e+2,3.845000000e-1,5.000781250e-1,4.984375000e-2,
3.399218750e+2,3.923437500e-1,4.892187500e-1,2.984375000e-2,
3.420937500e+2,3.917812500e-1,4.906250000e-1,3.992187500e-2,
3.397968750e+2,3.872812500e-1,5.103906250e-1,3.007812500e-2,
3.378750000e+2,3.802187500e-1,4.993750000e-1,3.953125000e-2,
3.403906250e+2,3.925625000e-1,4.798437500e-1,4.046875000e-2,
3.480937500e+2,3.960000000e-1,5.089062500e-1,3.882812500e-2,
3.414375000e+2,3.960000000e-1,5.016406250e-1,6.757812500e-2,
3.360468750e+2,3.917812500e-1,4.910937500e-1,8.070312500e-2,
3.398437500e+2,3.967500000e-1,4.757031250e-1,6.210937500e-2,
3.382343750e+2,3.840000000e-1,4.592968750e-1,3.929687500e-2,
3.394687500e+2,3.918750000e-1,4.894531250e-1,1.000000000e-2,
3.462968750e+2,3.842500000e-1,4.800781250e-1,4.015625000e-2,
3.347031250e+2,3.877500000e-1,4.900000000e-1,3.000000000e-2,
3.356250000e+2,3.961562500e-1,4.802343750e-1,3.921875000e-2,
3.360000000e+2,3.880000000e-1,4.999218750e-1,7.000000000e-2,
3.379062500e+2,3.959375000e-1,4.696875000e-1,4.898437500e-2,
3.378593750e+2,3.883125000e-1,4.804687500e-1,1.984375000e-2,
3.401093750e+2,3.918437500e-1,4.896093750e-1,2.015625000e-2,
3.341093750e+2,3.880312500e-1,4.692968750e-1,3.054687500e-2,
3.357968750e+2,3.835625000e-1,4.702343750e-1,4.984375000e-2,
3.419375000e+2,4.000312500e-1,4.904687500e-1,2.968750000e-2,
3.440000000e+2,3.835937500e-1,4.784375000e-1,4.117187500e-2,
3.421718750e+2,3.800625000e-1,4.601562500e-1,4.984375000e-2,
3.379062500e+2,3.880937500e-1,4.817968750e-1,3.929687500e-2,
3.420156250e+2,3.920000000e-1,4.886718750e-1,4.140625000e-2,
3.361718750e+2,3.919687500e-1,4.687500000e-1,5.867187500e-2,
3.397031250e+2,3.879375000e-1,4.714062500e-1,3.015625000e-2,
3.459062500e+2,3.881562500e-1,4.789843750e-1,4.890625000e-2,
3.442031250e+2,3.963125000e-1,4.711718750e-1,9.531250000e-3,
3.400000000e+2,3.955625000e-1,4.897656250e-1,4.101562500e-2,
3.438437500e+2,3.878750000e-1,4.696093750e-1,3.000000000e-2,
3.441093750e+2,3.923125000e-1,4.802343750e-1,5.117187500e-2,
3.399218750e+2,3.962187500e-1,4.692968750e-1,3.906250000e-2,
3.458750000e+2,4.000937500e-1,4.700781250e-1,3.039062500e-2,
3.422500000e+2,3.999375000e-1,4.701562500e-1,5.007812500e-2,
3.438437500e+2,3.960312500e-1,4.695312500e-1,4.000000000e-2,
3.440000000e+2,3.920000000e-1,4.600781250e-1,3.968750000e-2,
3.423750000e+2,3.959687500e-1,4.798437500e-1,7.000000000e-2,
3.358906250e+2,3.922500000e-1,4.899218750e-1,4.000000000e-2,
3.435937500e+2,3.915937500e-1,4.819531250e-1,5.000000000e-2,
3.423281250e+2,3.961562500e-1,4.548437500e-1,6.000000000e-2,
3.420937500e+2,3.918750000e-1,4.444531250e-1,5.132812500e-2,
3.439531250e+2,3.992812500e-1,4.700000000e-1,3.960937500e-2,
3.420312500e+2,4.004687500e-1,4.500000000e-1,7.953125000e-2,
3.461093750e+2,3.955937500e-1,4.701562500e-1,6.093750000e-2,
3.438593750e+2,4.074375000e-1,4.599218750e-1,5.984375000e-2,
3.398281250e+2,4.050000000e-1,4.500000000e-1,5.046875000e-2,
3.359531250e+2,3.958750000e-1,4.602343750e-1,4.062500000e-2,
3.382187500e+2,4.040312500e-1,4.896093750e-1,2.960937500e-2,
3.420781250e+2,3.884687500e-1,4.705468750e-1,5.992187500e-2,
3.418125000e+2,3.956562500e-1,4.400000000e-1,3.007812500e-2,
3.380000000e+2,4.039687500e-1,4.600000000e-1,2.992187500e-2,
3.421093750e+2,4.041875000e-1,4.399218750e-1,3.945312500e-2,
3.460781250e+2,3.999062500e-1,4.600781250e-1,5.992187500e-2,
3.480000000e+2,4.081250000e-1,4.596875000e-1,4.046875000e-2,
3.440000000e+2,3.923125000e-1,4.398437500e-1,2.945312500e-2,
3.459687500e+2,3.958125000e-1,4.704687500e-1,5.000000000e-2,
3.459531250e+2,4.001250000e-1,4.589843750e-1,3.984375000e-2,
3.440312500e+2,3.840000000e-1,4.399218750e-1,6.000000000e-2,
3.458281250e+2,4.040625000e-1,4.500781250e-1,3.000000000e-2,
3.380156250e+2,4.000000000e-1,4.400000000e-1,2.953125000e-2,
3.460156250e+2,4.121875000e-1,4.400000000e-1,4.015625000e-2,
3.378906250e+2,4.036875000e-1,4.503906250e-1,3.984375000e-2,
3.400625000e+2,3.917500000e-1,4.700000000e-1,7.000000000e-2,
3.459843750e+2,3.881875000e-1,4.498437500e-1,5.101562500e-2,
3.460312500e+2,4.039375000e-1,4.400000000e-1,2.968750000e-2,
3.420000000e+2,4.041562500e-1,4.500781250e-1,4.992187500e-2,
3.437343750e+2,4.000000000e-1,4.500000000e-1,3.992187500e-2,
3.500000000e+2,4.000625000e-1,4.501562500e-1,6.000000000e-2,
3.380312500e+2,3.998437500e-1,4.700781250e-1,4.015625000e-2,
3.420000000e+2,4.082500000e-1,4.505468750e-1,4.976562500e-2,
3.440000000e+2,3.924062500e-1,4.596093750e-1,7.000000000e-2,
3.460000000e+2,4.027812500e-1,4.505468750e-1,5.992187500e-2,
3.440156250e+2,4.090312500e-1,4.587500000e-1,7.007812500e-2,
3.420000000e+2,3.973437500e-1,4.528125000e-1,5.140625000e-2,
3.420000000e+2,3.998437500e-1,4.399218750e-1,5.984375000e-2,
3.419218750e+2,4.120000000e-1,4.492187500e-1,8.023437500e-2,
3.480000000e+2,4.043750000e-1,4.580468750e-1,5.179687500e-2,
3.422031250e+2,4.000000000e-1,4.803125000e-1,2.992187500e-2,
3.399531250e+2,3.999375000e-1,4.512500000e-1,3.960937500e-2,
3.420781250e+2,4.038437500e-1,4.593750000e-1,4.976562500e-2,
3.379531250e+2,4.079687500e-1,4.414843750e-1,5.992187500e-2,
3.438750000e+2,4.040000000e-1,4.274218750e-1,6.007812500e-2,
3.401562500e+2,4.080312500e-1,4.697656250e-1,5.992187500e-2,
3.416562500e+2,3.918750000e-1,4.308593750e-1,6.046875000e-2,
3.441562500e+2,3.960000000e-1,4.295312500e-1,4.007812500e-2,
3.381718750e+2,3.880312500e-1,4.500000000e-1,5.953125000e-2,
3.379375000e+2,4.041562500e-1,4.800781250e-1,6.015625000e-2,
3.381093750e+2,4.040312500e-1,4.696093750e-1,4.015625000e-2,
3.358906250e+2,4.159687500e-1,4.595312500e-1,4.007812500e-2,
3.419843750e+2,4.039062500e-1,4.398437500e-1,5.000000000e-2,
3.379687500e+2,4.081562500e-1,4.498437500e-1,4.976562500e-2,
3.480312500e+2,4.117187500e-1,4.500000000e-1,3.992187500e-2,
3.419687500e+2,4.039687500e-1,4.399218750e-1,5.937500000e-2,
3.420000000e+2,4.126875000e-1,4.300000000e-1,7.023437500e-2,
3.419375000e+2,4.157812500e-1,4.503125000e-1,4.039062500e-2,
3.459531250e+2,4.075937500e-1,4.397656250e-1,3.906250000e-2,
3.441718750e+2,4.040625000e-1,4.300781250e-1,8.007812500e-2,
3.419843750e+2,4.081875000e-1,4.503906250e-1,5.023437500e-2,
3.420625000e+2,4.078437500e-1,4.601562500e-1,5.000000000e-2,
3.380312500e+2,4.039062500e-1,4.600000000e-1,4.968750000e-2,
3.399218750e+2,4.041562500e-1,4.499218750e-1,7.023437500e-2,
3.418750000e+2,4.079375000e-1,4.689843750e-1,4.023437500e-2,
3.440000000e+2,4.040000000e-1,4.721093750e-1,4.015625000e-2,
3.438437500e+2,4.079687500e-1,4.404687500e-1,2.937500000e-2,
3.499375000e+2,4.040312500e-1,4.584375000e-1,5.812500000e-2,
3.444843750e+2,4.074062500e-1,4.512500000e-1,6.054687500e-2,
3.399531250e+2,4.122500000e-1,4.580468750e-1,6.718750000e-2,
3.439687500e+2,4.080000000e-1,4.599218750e-1,7.992187500e-2,
3.400156250e+2,4.119375000e-1,4.602343750e-1,4.859375000e-2,
3.380000000e+2,4.080312500e-1,4.400000000e-1,3.007812500e-2,
3.399687500e+2,4.080000000e-1,4.300000000e-1,3.992187500e-2,
3.459687500e+2,4.042187500e-1,4.500000000e-1,4.007812500e-2,
3.440625000e+2,3.999687500e-1,4.197656250e-1,6.000000000e-2,
3.439218750e+2,4.039687500e-1,4.200000000e-1,3.929687500e-2,
3.480312500e+2,4.037187500e-1,4.308593750e-1,3.007812500e-2,
3.362343750e+2,4.119375000e-1,4.803906250e-1,4.007812500e-2,
3.360937500e+2,4.041562500e-1,4.589062500e-1,5.000000000e-2,
3.400000000e+2,4.033750000e-1,4.711718750e-1,6.023437500e-2,
3.358593750e+2,4.160312500e-1,4.689062500e-1,6.929687500e-2,
3.361718750e+2,4.080000000e-1,4.485156250e-1,3.031250000e-2,
3.400312500e+2,4.160000000e-1,4.400000000e-1,7.054687500e-2,
3.401562500e+2,4.040625000e-1,4.513281250e-1,4.945312500e-2,
3.483750000e+2,4.203750000e-1,4.588281250e-1,5.968750000e-2,
3.500156250e+2,4.076562500e-1,4.401562500e-1,2.773437500e-2,
3.454218750e+2,4.082500000e-1,4.614062500e-1,3.140625000e-2,
3.360468750e+2,4.123437500e-1,4.467968750e-1,6.093750000e-2,
3.442656250e+2,4.156562500e-1,4.322656250e-1,5.898437500e-2,
3.417656250e+2,4.079062500e-1,4.603125000e-1,3.984375000e-2,
3.400000000e+2,4.120312500e-1,4.390625000e-1,3.937500000e-2,
3.420312500e+2,4.080000000e-1,4.623437500e-1,2.054687500e-2,
3.420000000e+2,4.080312500e-1,4.690625000e-1,5.023437500e-2,
3.440468750e+2,4.079375000e-1,4.495312500e-1,4.054687500e-2,
3.439843750e+2,3.999687500e-1,4.496875000e-1,8.000000000e-2,
3.397656250e+2,4.081875000e-1,4.400781250e-1,4.085937500e-2,
3.381093750e+2,4.120000000e-1,4.701562500e-1,5.000000000e-2,
3.420156250e+2,4.080312500e-1,4.799218750e-1,5.015625000e-2,
3.378750000e+2,4.079375000e-1,4.509375000e-1,2.992187500e-2,
3.399531250e+2,4.080000000e-1,4.396875000e-1,4.992187500e-2,
3.500937500e+2,4.080000000e-1,4.559375000e-1,3.046875000e-2,
3.460468750e+2,4.079062500e-1,4.759375000e-1,3.898437500e-2,
3.379843750e+2,4.081250000e-1,4.400000000e-1,5.007812500e-2,
3.420468750e+2,4.041250000e-1,4.899218750e-1,5.976562500e-2,
3.399062500e+2,4.037187500e-1,4.286718750e-1,3.968750000e-2,
3.400000000e+2,4.120000000e-1,4.601562500e-1,2.898437500e-2,
3.400000000e+2,4.081250000e-1,4.598437500e-1,1.039062500e-2,
3.400156250e+2,4.037500000e-1,5.001562500e-1,6.015625000e-2,
3.421250000e+2,4.240937500e-1,4.803906250e-1,2.968750000e-2,
3.377968750e+2,4.165625000e-1,4.701562500e-1,4.031250000e-2,
3.459843750e+2,4.039062500e-1,4.803125000e-1,5.000000000e-2,
3.399531250e+2,4.160312500e-1,4.797656250e-1,3.023437500e-2,
3.478750000e+2,4.045000000e-1,4.688281250e-1,6.054687500e-2,
3.402187500e+2,4.040625000e-1,4.601562500e-1,5.976562500e-2,
3.400312500e+2,4.124062500e-1,4.801562500e-1,5.992187500e-2,
3.360000000e+2,4.201875000e-1,4.699218750e-1,4.976562500e-2,
3.438593750e+2,4.196250000e-1,4.799218750e-1,4.992187500e-2,
3.479843750e+2,4.116562500e-1,4.702343750e-1,5.007812500e-2,
3.443281250e+2,4.082187500e-1,4.900000000e-1,6.000000000e-2,
3.378593750e+2,4.119687500e-1,4.696875000e-1,4.976562500e-2,
3.474843750e+2,4.123125000e-1,4.797656250e-1,4.000000000e-2,
3.482500000e+2,4.240312500e-1,4.594531250e-1,5.000000000e-2,
3.461250000e+2,4.158437500e-1,4.702343750e-1,5.015625000e-2,
3.439843750e+2,4.159062500e-1,4.599218750e-1,5.992187500e-2,
3.459531250e+2,4.077187500e-1,4.702343750e-1,3.882812500e-2,
3.440937500e+2,4.122187500e-1,4.701562500e-1,3.054687500e-2,
3.457343750e+2,4.280625000e-1,4.903125000e-1,5.039062500e-2,
3.480625000e+2,4.156875000e-1,5.001562500e-1,3.851562500e-2,
3.425000000e+2,4.162187500e-1,4.797656250e-1,3.054687500e-2,
3.357812500e+2,4.199375000e-1,4.800000000e-1,4.992187500e-2,
3.456875000e+2,4.160000000e-1,4.901562500e-1,4.000000000e-2,
3.423281250e+2,4.161562500e-1,4.707812500e-1,5.992187500e-2,
3.418750000e+2,4.117812500e-1,4.696093750e-1,3.000000000e-2,
3.439218750e+2,4.193437500e-1,4.779687500e-1,6.000000000e-2,
3.438750000e+2,4.171875000e-1,4.981250000e-1,3.039062500e-2,
3.416250000e+2,4.119687500e-1,4.917968750e-1,4.039062500e-2,
3.402343750e+2,4.119687500e-1,4.698437500e-1,3.992187500e-2,
3.469687500e+2,4.120625000e-1,4.894531250e-1,6.000000000e-2,
3.494062500e+2,4.159687500e-1,4.903125000e-1,3.992187500e-2,
3.396875000e+2,4.119687500e-1,4.898437500e-1,3.929687500e-2,
3.466875000e+2,4.160000000e-1,4.900000000e-1,6.992187500e-2,
3.516406250e+2,4.200625000e-1,4.697656250e-1,5.031250000e-2,
3.396875000e+2,4.199687500e-1,4.704687500e-1,5.000000000e-2,
3.403125000e+2,4.119062500e-1,4.900781250e-1,4.000000000e-2,
3.440468750e+2,4.161875000e-1,4.900781250e-1,4.000000000e-2,
3.439218750e+2,4.156875000e-1,5.100000000e-1,6.007812500e-2,
3.440937500e+2,4.121250000e-1,4.900000000e-1,4.031250000e-2,
3.437656250e+2,4.160312500e-1,5.100000000e-1,5.914062500e-2,
3.399062500e+2,4.069687500e-1,4.999218750e-1,9.007812500e-2,
3.421875000e+2,4.004062500e-1,5.215625000e-1,5.062500000e-2,
3.442343750e+2,4.123750000e-1,5.295312500e-1,4.023437500e-2,
3.457343750e+2,4.118437500e-1,5.088281250e-1,2.015625000e-2,
3.398125000e+2,4.120000000e-1,5.000000000e-1,3.953125000e-2,
3.446875000e+2,4.121250000e-1,4.996875000e-1,5.023437500e-2,
3.478750000e+2,4.161250000e-1,5.005468750e-1,4.000000000e-2,
3.436562500e+2,4.160312500e-1,5.100000000e-1,5.046875000e-2,
3.419531250e+2,4.158125000e-1,4.996093750e-1,4.945312500e-2,
3.420468750e+2,4.167812500e-1,5.002343750e-1,4.140625000e-2,
3.418750000e+2,4.281562500e-1,4.996093750e-1,8.015625000e-2,
3.423125000e+2,4.190937500e-1,5.011718750e-1,4.921875000e-2,
3.461406250e+2,4.162500000e-1,5.302343750e-1,3.960937500e-2,
3.437656250e+2,4.155000000e-1,5.094531250e-1,7.023437500e-2,
3.420156250e+2,4.127500000e-1,5.101562500e-1,3.109375000e-2,
3.441406250e+2,4.238125000e-1,5.099218750e-1,3.828125000e-2,
3.460312500e+2,4.120000000e-1,5.197656250e-1,4.976562500e-2,
3.437031250e+2,4.240000000e-1,5.192968750e-1,5.039062500e-2,
3.378281250e+2,4.123125000e-1,5.372656250e-1,4.882812500e-2,
3.395937500e+2,4.192187500e-1,5.422656250e-1,6.875000000e-2,
3.440468750e+2,4.200000000e-1,5.302343750e-1,5.945312500e-2,
3.401875000e+2,4.200312500e-1,5.300000000e-1,4.000000000e-2,
3.417031250e+2,4.161875000e-1,5.299218750e-1,5.000000000e-2,
3.440000000e+2,4.120000000e-1,5.400000000e-1,4.000000000e-2,
3.422656250e+2,4.121250000e-1,5.300000000e-1,4.968750000e-2,
3.415781250e+2,4.079375000e-1,5.297656250e-1,4.992187500e-2,
3.460937500e+2,4.156562500e-1,4.999218750e-1,4.031250000e-2,
3.402812500e+2,4.163437500e-1,5.308593750e-1,7.046875000e-2,
3.417656250e+2,4.156250000e-1,5.500000000e-1,6.960937500e-2,
3.439843750e+2,4.280000000e-1,5.285937500e-1,5.000000000e-2,
3.421250000e+2,4.160000000e-1,5.000000000e-1,6.000000000e-2,
3.380000000e+2,4.280312500e-1,5.314062500e-1,4.992187500e-2,
3.417812500e+2,4.199375000e-1,5.403125000e-1,6.007812500e-2,
3.460000000e+2,4.239375000e-1,5.500781250e-1,4.953125000e-2,
3.440781250e+2,4.120000000e-1,5.385937500e-1,5.031250000e-2,
3.440000000e+2,4.240937500e-1,5.311718750e-1,4.937500000e-2,
3.420625000e+2,4.199687500e-1,5.385156250e-1,2.781250000e-2,
3.419687500e+2,4.200625000e-1,5.085937500e-1,2.101562500e-2,
3.438750000e+2,4.239375000e-1,5.218750000e-1,5.007812500e-2,
3.479687500e+2,4.153750000e-1,5.309375000e-1,4.132812500e-2,
3.439687500e+2,4.081250000e-1,5.517968750e-1,7.007812500e-2,
3.398281250e+2,4.165312500e-1,5.591406250e-1,2.671875000e-2,
3.479375000e+2,4.200937500e-1,5.398437500e-1,2.210937500e-2,
3.440937500e+2,4.291250000e-1,5.619531250e-1,6.125000000e-2,
3.459687500e+2,4.353125000e-1,5.687500000e-1,6.976562500e-2,
3.439062500e+2,4.118750000e-1,5.393750000e-1,4.976562500e-2,
3.479375000e+2,4.279687500e-1,5.393750000e-1,3.992187500e-2,
3.423593750e+2,4.200000000e-1,5.202343750e-1,5.976562500e-2,
3.377812500e+2,4.200312500e-1,5.598437500e-1,5.046875000e-2,
3.455468750e+2,4.120937500e-1,5.516406250e-1,2.000000000e-2,
3.447968750e+2,4.192812500e-1,5.313281250e-1,4.000000000e-2,
3.374687500e+2,4.237500000e-1,5.267968750e-1,7.007812500e-2,
3.502500000e+2,4.275312500e-1,5.485937500e-1,3.234375000e-2,
3.453125000e+2,4.281562500e-1,5.407031250e-1,2.929687500e-2,
3.360625000e+2,4.241875000e-1,5.399218750e-1,7.945312500e-2,
3.420781250e+2,4.238750000e-1,5.500000000e-1,5.226562500e-2,
3.379687500e+2,4.275000000e-1,5.500000000e-1,2.945312500e-2,
3.442500000e+2,4.327500000e-1,5.499218750e-1,5.992187500e-2,
3.437031250e+2,4.198750000e-1,5.600000000e-1,4.007812500e-2,
3.380781250e+2,4.359687500e-1,5.503125000e-1,6.945312500e-2,
3.419218750e+2,4.168125000e-1,5.498437500e-1,7.039062500e-2,
3.337500000e+2,4.197187500e-1,5.600000000e-1,4.007812500e-2,
3.382343750e+2,4.279062500e-1,5.600000000e-1,4.984375000e-2,
3.440468750e+2,4.322500000e-1,5.497656250e-1,7.054687500e-2,
3.439687500e+2,4.200000000e-1,5.400781250e-1,3.085937500e-2,
3.440000000e+2,4.317812500e-1,5.700781250e-1,2.984375000e-2,
3.440000000e+2,4.281250000e-1,5.503125000e-1,3.015625000e-2,
3.400156250e+2,4.319062500e-1,5.503125000e-1,3.000000000e-2,
3.420625000e+2,4.320312500e-1,5.600781250e-1,4.953125000e-2,
3.460312500e+2,4.239375000e-1,5.493750000e-1,7.007812500e-2,
3.500625000e+2,4.240312500e-1,5.403125000e-1,3.000000000e-2,
3.478281250e+2,4.321875000e-1,5.700000000e-1,4.953125000e-2,
3.419843750e+2,4.396875000e-1,5.700000000e-1,4.070312500e-2,
3.440468750e+2,4.198125000e-1,5.600781250e-1,2.023437500e-2,
3.439531250e+2,4.281875000e-1,5.700000000e-1,1.000000000e-2,
3.419843750e+2,4.280312500e-1,5.499218750e-1,5.953125000e-2,
3.480000000e+2,4.320000000e-1,5.599218750e-1,4.015625000e-2,
3.440000000e+2,4.240000000e-1,5.600000000e-1,6.898437500e-2,
3.461250000e+2,4.317187500e-1,5.600781250e-1,7.007812500e-2,
3.380000000e+2,4.319687500e-1,5.399218750e-1,4.968750000e-2,
3.459687500e+2,4.320937500e-1,5.593750000e-1,3.976562500e-2,
3.460000000e+2,4.239687500e-1,5.704687500e-1,6.000000000e-2,
3.398750000e+2,4.353437500e-1,5.519531250e-1,4.039062500e-2,
3.379843750e+2,4.366250000e-1,5.385937500e-1,4.906250000e-2,
3.439843750e+2,4.246562500e-1,5.583593750e-1,5.164062500e-2,
3.419843750e+2,4.242812500e-1,5.589843750e-1,1.796875000e-2,
3.460000000e+2,4.239062500e-1,5.703125000e-1,6.984375000e-2,
3.460156250e+2,4.360000000e-1,5.510156250e-1,5.125000000e-2,
3.420000000e+2,4.242500000e-1,5.587500000e-1,4.960937500e-2,
3.342500000e+2,4.279687500e-1,5.603906250e-1,4.031250000e-2,
3.298750000e+2,4.200625000e-1,5.589843750e-1,1.984375000e-2,
3.417968750e+2,4.237812500e-1,5.789843750e-1,4.937500000e-2,
3.440000000e+2,4.279375000e-1,5.712500000e-1,6.015625000e-2,
3.458437500e+2,4.239687500e-1,5.485156250e-1,4.039062500e-2,
3.460781250e+2,4.319687500e-1,5.800000000e-1,3.984375000e-2,
3.422187500e+2,4.319687500e-1,5.502343750e-1,5.960937500e-2,
3.436093750e+2,4.320000000e-1,5.696875000e-1,6.023437500e-2,
3.500312500e+2,4.280000000e-1,5.500000000e-1,4.984375000e-2,
3.422031250e+2,4.320000000e-1,5.603906250e-1,5.992187500e-2,
3.399062500e+2,4.280312500e-1,5.794531250e-1,5.992187500e-2,
3.419687500e+2,4.319062500e-1,5.499218750e-1,7.000000000e-2,
3.439843750e+2,4.199062500e-1,5.803906250e-1,5.992187500e-2,
3.460000000e+2,4.200625000e-1,5.701562500e-1,6.007812500e-2,
3.439687500e+2,4.241875000e-1,5.600781250e-1,6.000000000e-2,
3.420000000e+2,4.280625000e-1,5.499218750e-1,5.039062500e-2,
3.439687500e+2,4.281875000e-1,5.400000000e-1,3.976562500e-2,
3.480625000e+2,4.366562500e-1,5.603906250e-1,5.015625000e-2,
3.420625000e+2,4.482812500e-1,5.598437500e-1,3.007812500e-2,
3.457812500e+2,4.478125000e-1,5.600781250e-1,6.062500000e-2,
3.461875000e+2,4.395000000e-1,5.699218750e-1,9.007812500e-2,
3.420312500e+2,4.319375000e-1,5.603125000e-1,7.007812500e-2,
3.420000000e+2,4.318437500e-1,5.800000000e-1,5.984375000e-2,
3.400156250e+2,4.280937500e-1,5.405468750e-1,7.023437500e-2,
3.418125000e+2,4.361250000e-1,5.382031250e-1,5.007812500e-2,
3.439843750e+2,4.278125000e-1,5.798437500e-1,5.906250000e-2,
3.439687500e+2,4.238125000e-1,5.587500000e-1,6.203125000e-2,
3.459531250e+2,4.357812500e-1,5.987500000e-1,2.039062500e-2,
3.425468750e+2,4.399062500e-1,5.580468750e-1,4.820312500e-2,
3.339687500e+2,4.433750000e-1,5.467968750e-1,4.781250000e-2,
3.419687500e+2,4.479375000e-1,5.596093750e-1,8.023437500e-2,
3.380000000e+2,4.444375000e-1,5.704687500e-1,5.867187500e-2,
3.420000000e+2,4.320937500e-1,5.400000000e-1,4.007812500e-2,
3.380000000e+2,4.280312500e-1,5.500000000e-1,6.046875000e-2,
3.419375000e+2,4.237812500e-1,5.501562500e-1,5.984375000e-2,
3.420468750e+2,4.359062500e-1,5.401562500e-1,3.000000000e-2,
3.399843750e+2,4.319375000e-1,5.601562500e-1,5.046875000e-2,
3.439843750e+2,4.399375000e-1,5.300000000e-1,4.992187500e-2,
3.419687500e+2,4.321250000e-1,5.604687500e-1,4.992187500e-2,
3.460000000e+2,4.359062500e-1,5.494531250e-1,4.000000000e-2,
3.419375000e+2,4.362500000e-1,5.606250000e-1,3.984375000e-2,
3.420000000e+2,4.319687500e-1,5.602343750e-1,1.976562500e-2,
3.398906250e+2,4.359687500e-1,5.583593750e-1,3.085937500e-2,
3.402968750e+2,4.320000000e-1,5.407031250e-1,4.031250000e-2,
3.439218750e+2,4.281250000e-1,5.711718750e-1,3.906250000e-2,
3.400312500e+2,4.404375000e-1,5.585937500e-1,3.156250000e-2,
3.417500000e+2,4.357187500e-1,5.494531250e-1,6.023437500e-2,
3.339062500e+2,4.323437500e-1,5.517968750e-1,2.796875000e-2,
3.425468750e+2,4.399687500e-1,5.567968750e-1,2.054687500e-2,
3.479687500e+2,4.363437500e-1,5.208593750e-1,4.093750000e-2,
3.437968750e+2,4.481562500e-1,5.625781250e-1,4.984375000e-2,
3.420156250e+2,4.397500000e-1,5.491406250e-1,5.031250000e-2,
3.419218750e+2,4.400000000e-1,5.602343750e-1,5.992187500e-2,
3.379062500e+2,4.398750000e-1,5.380468750e-1,4.976562500e-2,
3.402031250e+2,4.320000000e-1,5.314062500e-1,4.976562500e-2,
3.459687500e+2,4.400937500e-1,5.603125000e-1,3.992187500e-2,
3.398750000e+2,4.359062500e-1,5.392968750e-1,4.085937500e-2,
3.441875000e+2,4.359687500e-1,5.300000000e-1,1.000000000e-2,
3.460156250e+2,4.399687500e-1,5.499218750e-1,7.976562500e-2,
3.437812500e+2,4.439375000e-1,5.204687500e-1,6.015625000e-2,
3.360156250e+2,4.440937500e-1,5.303906250e-1,7.984375000e-2,
3.400156250e+2,4.435625000e-1,5.167187500e-1,5.093750000e-2,
3.360000000e+2,4.451250000e-1,5.546875000e-1,4.101562500e-2,
3.401875000e+2,4.326250000e-1,5.000000000e-1,3.007812500e-2,
3.440156250e+2,4.319062500e-1,5.508593750e-1,6.046875000e-2,
3.419218750e+2,4.355937500e-1,5.289062500e-1,4.929687500e-2,
3.400000000e+2,4.439687500e-1,5.300000000e-1,4.054687500e-2,
3.419843750e+2,4.320625000e-1,5.298437500e-1,4.976562500e-2,
3.440312500e+2,4.359062500e-1,5.500000000e-1,2.000000000e-2,
3.461406250e+2,4.360312500e-1,5.301562500e-1,5.000000000e-2,
3.400156250e+2,4.362812500e-1,5.294531250e-1,3.007812500e-2,
3.439531250e+2,4.238750000e-1,5.105468750e-1,6.000000000e-2,
3.401093750e+2,4.481562500e-1,5.399218750e-1,2.984375000e-2,
3.436875000e+2,4.522187500e-1,5.093750000e-1,6.046875000e-2,
3.461406250e+2,4.479062500e-1,5.403906250e-1,3.875000000e-2,
3.418906250e+2,4.439687500e-1,5.395312500e-1,3.015625000e-2,
3.480625000e+2,4.438437500e-1,5.299218750e-1,4.015625000e-2,
3.361093750e+2,4.400312500e-1,5.303125000e-1,4.007812500e-2,
3.397968750e+2,4.440625000e-1,5.389062500e-1,3.976562500e-2,
3.438750000e+2,4.394062500e-1,4.904687500e-1,2.007812500e-2,
3.461093750e+2,4.406562500e-1,5.715625000e-1,4.000000000e-2,
3.420468750e+2,4.519375000e-1,5.293750000e-1,2.000000000e-2,
3.440000000e+2,4.397500000e-1,5.297656250e-1,4.007812500e-2,
3.402812500e+2,4.401250000e-1,5.096875000e-1,1.984375000e-2,
3.397656250e+2,4.442500000e-1,5.303125000e-1,4.070312500e-2,
3.437500000e+2,4.478125000e-1,5.195312500e-1,2.914062500e-2,
3.441562500e+2,4.399375000e-1,5.199218750e-1,3.109375000e-2,
3.419531250e+2,4.442500000e-1,5.097656250e-1,4.929687500e-2,
3.456562500e+2,4.439062500e-1,5.096093750e-1,8.046875000e-3,
3.463906250e+2,4.440625000e-1,5.402343750e-1,2.132812500e-2,
3.362187500e+2,4.437812500e-1,5.400000000e-1,5.039062500e-2,
3.396562500e+2,4.359687500e-1,5.402343750e-1,4.000000000e-2,
3.419843750e+2,4.400625000e-1,5.207031250e-1,3.000000000e-2,
3.420312500e+2,4.324062500e-1,5.114062500e-1,5.000000000e-2,
3.418437500e+2,4.381250000e-1,4.961718750e-1,6.000000000e-2,
3.440625000e+2,4.485000000e-1,5.477343750e-1,4.000000000e-2,
3.389062500e+2,4.398750000e-1,5.221093750e-1,4.960937500e-2,
3.345625000e+2,4.399687500e-1,5.201562500e-1,2.992187500e-2,
3.448593750e+2,4.401562500e-1,5.097656250e-1,6.000000000e-2,
3.434531250e+2,4.520625000e-1,5.301562500e-1,3.992187500e-2,
3.378437500e+2,4.438437500e-1,5.006250000e-1,4.953125000e-2,
3.380468750e+2,4.360000000e-1,5.200000000e-1,5.976562500e-2,
3.357187500e+2,4.320937500e-1,5.394531250e-1,6.031250000e-2,
3.319375000e+2,4.400312500e-1,4.792968750e-1,3.992187500e-2,
3.342812500e+2,4.401250000e-1,5.101562500e-1,5.984375000e-2,
3.402500000e+2,4.481250000e-1,5.198437500e-1,5.000000000e-2,
3.439531250e+2,4.435312500e-1,4.800000000e-1,6.039062500e-2,
3.420937500e+2,4.451250000e-1,5.299218750e-1,1.039062500e-2,
3.462031250e+2,4.553125000e-1,5.000000000e-1,3.937500000e-2,
3.435625000e+2,4.350000000e-1,4.902343750e-1,4.984375000e-2,
3.398906250e+2,4.410312500e-1,5.315625000e-1,7.031250000e-2,
3.422968750e+2,4.478750000e-1,5.182812500e-1,3.039062500e-2,
3.460781250e+2,4.441250000e-1,4.899218750e-1,4.953125000e-2,
3.435937500e+2,4.477187500e-1,5.111718750e-1,4.023437500e-2,
3.398593750e+2,4.401562500e-1,5.088281250e-1,3.945312500e-2,
3.424687500e+2,4.522187500e-1,4.889062500e-1,5.007812500e-2,
3.434843750e+2,4.479375000e-1,4.914062500e-1,3.992187500e-2,
3.382343750e+2,4.518437500e-1,5.100781250e-1,6.078125000e-2,
3.465156250e+2,4.388437500e-1,4.996875000e-1,7.937500000e-2,
3.459062500e+2,4.368437500e-1,5.110156250e-1,4.968750000e-2,
3.456875000e+2,4.528750000e-1,5.189062500e-1,4.992187500e-2,
3.394843750e+2,4.511875000e-1,4.896093750e-1,4.000000000e-2,
3.403437500e+2,4.435312500e-1,5.107812500e-1,4.968750000e-2,
3.462187500e+2,4.446875000e-1,5.094531250e-1,5.039062500e-2,
3.436875000e+2,4.563437500e-1,4.899218750e-1,3.968750000e-2,
3.377656250e+2,4.516875000e-1,5.089062500e-1,5.000000000e-2,
3.382343750e+2,4.439687500e-1,5.028906250e-1,4.851562500e-2,
3.442343750e+2,4.597500000e-1,4.857031250e-1,7.890625000e-2,
3.460781250e+2,4.493437500e-1,5.216406250e-1,7.078125000e-2,
3.457812500e+2,4.439687500e-1,4.818750000e-1,6.968750000e-2,
3.498125000e+2,4.440312500e-1,4.883593750e-1,4.000000000e-2,
3.466875000e+2,4.439687500e-1,5.298437500e-1,4.015625000e-2,
3.380937500e+2,4.479062500e-1,5.198437500e-1,5.000000000e-2,
3.434062500e+2,4.484062500e-1,4.994531250e-1,5.023437500e-2,
3.443125000e+2,4.397812500e-1,4.800781250e-1,4.000000000e-2,
3.419843750e+2,4.556562500e-1,5.002343750e-1,5.031250000e-2,
3.438593750e+2,4.486562500e-1,4.996875000e-1,4.968750000e-2,
3.440625000e+2,4.478125000e-1,4.900000000e-1,4.000000000e-2,
3.401562500e+2,4.480312500e-1,5.003906250e-1,5.000000000e-2,
3.339687500e+2,4.398750000e-1,4.998437500e-1,3.960937500e-2,
3.399062500e+2,4.561250000e-1,4.900000000e-1,4.000000000e-2,
3.457187500e+2,4.598437500e-1,4.891406250e-1,4.046875000e-2,
3.521718750e+2,4.519375000e-1,4.810937500e-1,5.007812500e-2,
3.402187500e+2,4.438750000e-1,5.216406250e-1,3.906250000e-2,
3.457812500e+2,4.400625000e-1,5.061718750e-1,4.203125000e-2,
3.441093750e+2,4.520625000e-1,4.908593750e-1,6.828125000e-2,
3.440468750e+2,4.599062500e-1,5.107031250e-1,1.937500000e-2,
3.401250000e+2,4.477812500e-1,4.983593750e-1,5.289062500e-2,
3.398906250e+2,4.524687500e-1,5.014843750e-1,5.820312500e-2,
3.419843750e+2,4.556562500e-1,5.093750000e-1,3.984375000e-2,
3.381093750e+2,4.479062500e-1,5.005468750e-1,5.031250000e-2,
3.379218750e+2,4.520312500e-1,5.200781250e-1,3.890625000e-2,
3.418437500e+2,4.479375000e-1,4.983593750e-1,2.960937500e-2,
3.440937500e+2,4.520312500e-1,5.014843750e-1,3.062500000e-2,
3.402500000e+2,4.479062500e-1,5.309375000e-1,6.007812500e-2,
3.415781250e+2,4.480000000e-1,5.182812500e-1,5.007812500e-2,
3.462031250e+2,4.480000000e-1,4.896875000e-1,4.000000000e-2,
3.361875000e+2,4.520625000e-1,5.098437500e-1,4.007812500e-2,
3.416250000e+2,4.477500000e-1,5.288281250e-1,4.000000000e-2,
3.419375000e+2,4.563125000e-1,5.330468750e-1,8.000000000e-2,
3.457968750e+2,4.440937500e-1,4.912500000e-1,6.023437500e-2,
3.438906250e+2,4.581250000e-1,5.143750000e-1,4.101562500e-2,
3.442656250e+2,4.601562500e-1,5.117187500e-1,2.968750000e-2,
3.499218750e+2,4.602812500e-1,4.900000000e-1,5.984375000e-2,
3.416250000e+2,4.521562500e-1,5.100781250e-1,4.046875000e-2,
3.379375000e+2,4.558750000e-1,5.100000000e-1,4.976562500e-2,
3.359687500e+2,4.490937500e-1,5.200781250e-1,4.007812500e-2,
3.382031250e+2,4.435312500e-1,4.899218750e-1,4.984375000e-2,
3.441406250e+2,4.679062500e-1,5.092187500e-1,4.968750000e-2,
3.461562500e+2,4.568437500e-1,5.101562500e-1,7.015625000e-2,
3.498125000e+2,4.518437500e-1,5.000000000e-1,4.000000000e-2,
3.398125000e+2,4.559687500e-1,4.999218750e-1,6.992187500e-2,
3.400312500e+2,4.560000000e-1,5.200781250e-1,5.117187500e-2,
3.400156250e+2,4.560000000e-1,5.099218750e-1,2.929687500e-2,
3.440000000e+2,4.559062500e-1,5.000000000e-1,5.976562500e-2,
3.420000000e+2,4.600000000e-1,4.999218750e-1,4.945312500e-2,
3.399843750e+2,4.599062500e-1,5.000000000e-1,8.007812500e-2,
3.481875000e+2,4.640625000e-1,5.000000000e-1,4.007812500e-2,
3.519531250e+2,4.479687500e-1,5.001562500e-1,7.000000000e-2,
3.396406250e+2,4.560312500e-1,5.103906250e-1,4.000000000e-2,
3.340625000e+2,4.479687500e-1,5.200000000e-1,4.953125000e-2,
3.420937500e+2,4.561562500e-1,5.100000000e-1,5.054687500e-2,
3.459218750e+2,4.560312500e-1,5.200000000e-1,3.015625000e-2,
3.399687500e+2,4.599062500e-1,5.100000000e-1,2.000000000e-2,
3.459062500e+2,4.478437500e-1,5.099218750e-1,2.929687500e-2,
3.482031250e+2,4.480000000e-1,4.900000000e-1,5.000000000e-2,
3.320000000e+2,4.477500000e-1,5.100781250e-1,3.976562500e-2,
3.414218750e+2,4.599375000e-1,5.000000000e-1,5.992187500e-2,
3.500000000e+2,4.520937500e-1,4.997656250e-1,4.960937500e-2,
3.380156250e+2,4.559062500e-1,4.891406250e-1,3.976562500e-2,
3.460000000e+2,4.520937500e-1,5.396875000e-1,6.992187500e-2,
3.498750000e+2,4.558125000e-1,5.014843750e-1,5.046875000e-2,
3.460000000e+2,4.559375000e-1,5.271093750e-1,4.976562500e-2,
3.499843750e+2,4.564687500e-1,5.075000000e-1,4.984375000e-2,
3.439687500e+2,4.490937500e-1,4.929687500e-1,5.890625000e-2,
3.440000000e+2,4.518437500e-1,5.479687500e-1,6.007812500e-2,
3.400312500e+2,4.640000000e-1,5.232812500e-1,4.070312500e-2,
3.420000000e+2,4.520937500e-1,5.107031250e-1,3.937500000e-2,
3.460000000e+2,4.678125000e-1,4.995312500e-1,5.007812500e-2,
3.420625000e+2,4.683125000e-1,5.284375000e-1,4.937500000e-2,
3.438281250e+2,4.481250000e-1,5.219531250e-1,7.046875000e-2,
3.500000000e+2,4.561250000e-1,5.003125000e-1,2.023437500e-2,
3.443437500e+2,4.639375000e-1,5.084375000e-1,4.921875000e-2,
3.419531250e+2,4.679687500e-1,5.292968750e-1,5.000000000e-2,
3.438593750e+2,4.677812500e-1,5.306250000e-1,6.000000000e-2,
3.459375000e+2,4.520000000e-1,5.003125000e-1,4.046875000e-2,
3.460468750e+2,4.603125000e-1,5.100000000e-1,3.945312500e-2,
3.440468750e+2,4.759375000e-1,5.198437500e-1,6.000000000e-2,
3.439218750e+2,4.599687500e-1,5.102343750e-1,5.000000000e-2,
3.460000000e+2,4.679062500e-1,5.303906250e-1,5.984375000e-2,
3.440000000e+2,4.519687500e-1,5.196093750e-1,4.000000000e-2,
3.439687500e+2,4.640937500e-1,5.099218750e-1,7.015625000e-2,
3.460000000e+2,4.556562500e-1,5.298437500e-1,5.007812500e-2,
3.439843750e+2,4.603125000e-1,5.399218750e-1,4.929687500e-2,
3.420156250e+2,4.636250000e-1,5.199218750e-1,7.023437500e-2,
3.381562500e+2,4.560000000e-1,5.202343750e-1,4.023437500e-2,
3.358437500e+2,4.688125000e-1,5.300781250e-1,4.953125000e-2,
3.420937500e+2,4.757187500e-1,5.400000000e-1,6.007812500e-2,
3.358593750e+2,4.635937500e-1,5.399218750e-1,7.000000000e-2,
3.459062500e+2,4.640625000e-1,5.400781250e-1,7.007812500e-2,
3.400468750e+2,4.598125000e-1,5.400000000e-1,4.000000000e-2,
3.458593750e+2,4.559375000e-1,5.300000000e-1,6.000000000e-2,
3.459375000e+2,4.603437500e-1,5.394531250e-1,4.000000000e-2,
3.499218750e+2,4.639375000e-1,5.410937500e-1,5.929687500e-2,
3.480781250e+2,4.560312500e-1,5.286718750e-1,5.117187500e-2,
3.479375000e+2,4.598437500e-1,5.500781250e-1,3.976562500e-2,
3.480937500e+2,4.638125000e-1,5.305468750e-1,4.929687500e-2,
3.440468750e+2,4.674375000e-1,5.482031250e-1,5.007812500e-2,
3.419218750e+2,4.719375000e-1,5.305468750e-1,4.992187500e-2,
3.480156250e+2,4.684375000e-1,5.100000000e-1,5.031250000e-2,
3.380000000e+2,4.560937500e-1,5.200000000e-1,5.992187500e-2,
3.479687500e+2,4.559687500e-1,5.200000000e-1,3.968750000e-2,
3.440781250e+2,4.638750000e-1,5.198437500e-1,3.992187500e-2,
3.419843750e+2,4.639687500e-1,5.501562500e-1,3.000000000e-2,
3.420000000e+2,4.677812500e-1,5.403906250e-1,4.039062500e-2,
3.380156250e+2,4.683437500e-1,5.200000000e-1,5.007812500e-2,
3.379375000e+2,4.562500000e-1,5.403906250e-1,3.992187500e-2,
3.420625000e+2,4.557812500e-1,5.397656250e-1,3.000000000e-2,
3.439375000e+2,4.679062500e-1,5.397656250e-1,5.007812500e-2,
3.400312500e+2,4.603125000e-1,5.412500000e-1,3.968750000e-2,
3.440468750e+2,4.599375000e-1,5.600000000e-1,4.031250000e-2,
3.418593750e+2,4.600000000e-1,5.383593750e-1,5.093750000e-2,
3.441718750e+2,4.559062500e-1,5.419531250e-1,5.890625000e-2,
3.435000000e+2,4.565625000e-1,5.591406250e-1,2.937500000e-2,
3.338281250e+2,4.680000000e-1,5.284375000e-1,3.992187500e-2,
3.404218750e+2,4.595937500e-1,5.428906250e-1,1.906250000e-2,
3.440781250e+2,4.556250000e-1,5.583593750e-1,4.242187500e-2,
3.437656250e+2,4.478125000e-1,5.283593750e-1,6.835937500e-2,
3.379218750e+2,4.567500000e-1,5.554687500e-1,1.984375000e-2,
3.420937500e+2,4.680937500e-1,5.787500000e-1,6.070312500e-2,
3.460312500e+2,4.600000000e-1,5.482031250e-1,3.929687500e-2,
3.438750000e+2,4.562187500e-1,5.391406250e-1,5.023437500e-2,
3.421562500e+2,4.720000000e-1,5.310156250e-1,3.968750000e-2,
3.479687500e+2,4.597500000e-1,5.605468750e-1,4.000000000e-2,
3.398281250e+2,4.641875000e-1,5.496875000e-1,4.937500000e-2,
3.463281250e+2,4.719687500e-1,5.600781250e-1,7.000000000e-2,
3.477500000e+2,4.680937500e-1,5.800000000e-1,5.015625000e-2,
3.398437500e+2,4.600312500e-1,5.599218750e-1,4.992187500e-2,
3.399843750e+2,4.637812500e-1,5.801562500e-1,5.023437500e-2,
3.440781250e+2,4.637500000e-1,5.511718750e-1,4.921875000e-2,
3.460000000e+2,4.678750000e-1,5.678906250e-1,6.226562500e-2,
3.440625000e+2,4.643125000e-1,5.700000000e-1,2.000000000e-2,
3.479843750e+2,4.601562500e-1,5.792968750e-1,7.078125000e-2,
3.418750000e+2,4.559062500e-1,5.295312500e-1,4.906250000e-2,
3.420000000e+2,4.640312500e-1,5.703125000e-1,4.023437500e-2,
3.419687500e+2,4.640937500e-1,5.701562500e-1,3.992187500e-2,
3.460312500e+2,4.559687500e-1,5.803906250e-1,4.031250000e-2,
3.424375000e+2,4.640312500e-1,6.002343750e-1,7.007812500e-2,
3.337187500e+2,4.600000000e-1,5.487500000e-1,4.953125000e-2,
3.458281250e+2,4.640312500e-1,5.507812500e-1,3.992187500e-2,
3.383750000e+2,4.559062500e-1,5.600000000e-1,5.992187500e-2,
3.379843750e+2,4.594375000e-1,5.601562500e-1,3.968750000e-2,
3.359218750e+2,4.720625000e-1,5.701562500e-1,3.968750000e-2,
3.419218750e+2,4.675000000e-1,5.799218750e-1,3.015625000e-2,
3.400000000e+2,4.600312500e-1,5.699218750e-1,6.109375000e-2,
3.439375000e+2,4.688125000e-1,5.801562500e-1,5.929687500e-2,
3.441093750e+2,4.761562500e-1,5.902343750e-1,2.968750000e-2,
3.381875000e+2,4.756250000e-1,5.896875000e-1,3.015625000e-2,
3.395625000e+2,4.674062500e-1,5.694531250e-1,5.031250000e-2,
3.497343750e+2,4.643437500e-1,5.700000000e-1,5.984375000e-2,
3.465312500e+2,4.760000000e-1,5.702343750e-1,3.023437500e-2,
3.422031250e+2,4.637187500e-1,5.807031250e-1,2.046875000e-2,
3.398593750e+2,4.728750000e-1,5.794531250e-1,5.117187500e-2,
3.455937500e+2,4.835625000e-1,5.703125000e-1,4.906250000e-2,
3.461406250e+2,4.638750000e-1,5.902343750e-1,2.960937500e-2,
3.440781250e+2,4.766562500e-1,5.898437500e-1,3.007812500e-2,
3.438750000e+2,4.759375000e-1,5.896093750e-1,3.023437500e-2,
3.459687500e+2,4.757812500e-1,6.097656250e-1,5.101562500e-2,
3.441718750e+2,4.680312500e-1,5.700000000e-1,6.976562500e-2,
3.419375000e+2,4.759687500e-1,5.796093750e-1,4.000000000e-2,
3.440000000e+2,4.646562500e-1,5.803906250e-1,3.000000000e-2,
3.420156250e+2,4.631562500e-1,5.710156250e-1,4.000000000e-2,
3.439062500e+2,4.719062500e-1,5.664062500e-1,5.992187500e-2,
3.441718750e+2,4.680000000e-1,6.075781250e-1,6.062500000e-2,
3.458593750e+2,4.720312500e-1,5.920312500e-1,1.937500000e-2,
3.442812500e+2,4.720625000e-1,5.798437500e-1,3.992187500e-2,
3.479531250e+2,4.759375000e-1,5.800781250e-1,4.000000000e-2,
3.413593750e+2,4.678750000e-1,5.796875000e-1,3.992187500e-2,
3.403750000e+2,4.680000000e-1,5.993750000e-1,2.968750000e-2,
3.460781250e+2,4.680000000e-1,6.100000000e-1,5.960937500e-2,
3.416562500e+2,4.721562500e-1,5.897656250e-1,5.031250000e-2,
3.400781250e+2,4.759687500e-1,5.796875000e-1,4.015625000e-2,
3.442187500e+2,4.637812500e-1,5.700000000e-1,2.992187500e-2,
3.459843750e+2,4.640312500e-1,5.900000000e-1,5.000000000e-2,
3.436718750e+2,4.642500000e-1,5.800000000e-1,5.023437500e-2,
3.398906250e+2,4.725625000e-1,5.998437500e-1,3.023437500e-2,
3.399843750e+2,4.711875000e-1,6.200000000e-1,3.945312500e-2,
3.377343750e+2,4.687812500e-1,5.696093750e-1,5.992187500e-2,
3.360000000e+2,4.842812500e-1,5.712500000e-1,4.062500000e-2,
3.405312500e+2,4.800937500e-1,5.908593750e-1,1.976562500e-2,
3.459062500e+2,4.832500000e-1,5.991406250e-1,3.968750000e-2,
3.419687500e+2,4.636250000e-1,5.798437500e-1,4.000000000e-2,
3.463125000e+2,4.724062500e-1,5.899218750e-1,4.031250000e-2,
3.435156250e+2,4.764062500e-1,5.800781250e-1,2.015625000e-2,
3.399375000e+2,4.839375000e-1,6.016406250e-1,3.093750000e-2,
3.423437500e+2,4.757500000e-1,5.986718750e-1,6.007812500e-2,
3.437968750e+2,4.757500000e-1,5.804687500e-1,4.992187500e-2,
3.395781250e+2,4.723750000e-1,6.106250000e-1,5.992187500e-2,
3.379843750e+2,4.798750000e-1,5.994531250e-1,3.984375000e-2,
3.379687500e+2,4.717500000e-1,5.997656250e-1,4.992187500e-2,
3.380625000e+2,4.759375000e-1,5.901562500e-1,4.039062500e-2,
3.402343750e+2,4.723750000e-1,5.997656250e-1,3.929687500e-2,
3.419531250e+2,4.797187500e-1,5.701562500e-1,5.976562500e-2,
3.422343750e+2,4.679687500e-1,5.878906250e-1,4.179687500e-2,
3.458906250e+2,4.799687500e-1,6.102343750e-1,3.820312500e-2,
3.376562500e+2,4.763125000e-1,5.930468750e-1,6.820312500e-2,
3.376718750e+2,4.758750000e-1,5.869531250e-1,6.414062500e-2,
3.418281250e+2,4.759687500e-1,6.000000000e-1,2.968750000e-2,
3.437343750e+2,4.760312500e-1,5.901562500e-1,4.000000000e-2,
3.480156250e+2,4.721562500e-1,5.998437500e-1,4.015625000e-2,
3.441406250e+2,4.718125000e-1,5.999218750e-1,7.000000000e-2,
3.459687500e+2,4.839062500e-1,5.899218750e-1,5.046875000e-2,
3.424531250e+2,4.762812500e-1,6.001562500e-1,3.992187500e-2,
3.417343750e+2,4.758437500e-1,5.996093750e-1,4.023437500e-2,
3.474843750e+2,4.762187500e-1,5.698437500e-1,4.992187500e-2,
3.522187500e+2,4.720625000e-1,5.907031250e-1,3.992187500e-2,
3.440781250e+2,4.720000000e-1,5.896093750e-1,5.023437500e-2,
3.460156250e+2,4.720625000e-1,5.900781250e-1,4.992187500e-2,
3.400156250e+2,4.720000000e-1,6.000000000e-1,4.976562500e-2,
3.438281250e+2,4.802812500e-1,5.893750000e-1,5.117187500e-2,
3.422968750e+2,4.838750000e-1,5.906250000e-1,6.937500000e-2,
3.340000000e+2,4.638750000e-1,5.996875000e-1,2.804687500e-2,
3.415937500e+2,4.680000000e-1,6.032031250e-1,2.093750000e-2,
3.460468750e+2,4.640312500e-1,6.289062500e-1,2.898437500e-2,
3.440000000e+2,4.801562500e-1,5.878125000e-1,2.085937500e-2,
3.477812500e+2,4.878125000e-1,5.887500000e-1,5.000000000e-2,
3.521250000e+2,4.757187500e-1,5.711718750e-1,3.000000000e-2,
3.439531250e+2,4.805000000e-1,6.001562500e-1,6.148437500e-2,
3.419062500e+2,4.838125000e-1,5.797656250e-1,4.765625000e-2,
3.439843750e+2,4.798750000e-1,6.005468750e-1,1.812500000e-2,
3.458125000e+2,4.799375000e-1,6.007812500e-1,2.156250000e-2,
3.520000000e+2,4.758125000e-1,6.082031250e-1,6.000000000e-2,
3.446875000e+2,4.761875000e-1,5.592187500e-1,1.953125000e-2,
3.400937500e+2,4.839687500e-1,5.807812500e-1,1.984375000e-2,
3.398750000e+2,4.840000000e-1,5.698437500e-1,5.976562500e-2,
3.439687500e+2,4.880000000e-1,5.898437500e-1,5.046875000e-2,
3.402656250e+2,4.840625000e-1,5.987500000e-1,3.000000000e-2,
3.397968750e+2,4.874687500e-1,6.285156250e-1,5.000000000e-2,
3.452500000e+2,4.857500000e-1,6.166406250e-1,5.023437500e-2,
3.499062500e+2,4.679062500e-1,6.007812500e-1,2.992187500e-2,
3.373750000e+2,4.828750000e-1,6.407031250e-1,4.960937500e-2,
3.342187500e+2,4.810000000e-1,5.801562500e-1,6.015625000e-2,
3.422343750e+2,4.751562500e-1,6.004687500e-1,5.054687500e-2,
3.440156250e+2,4.880312500e-1,6.200000000e-1,4.007812500e-2,
3.460781250e+2,4.730000000e-1,5.999218750e-1,3.976562500e-2,
3.437343750e+2,4.755625000e-1,6.300781250e-1,4.953125000e-2,
3.380312500e+2,4.879687500e-1,6.203906250e-1,6.000000000e-2,
3.441718750e+2,4.843750000e-1,6.297656250e-1,5.007812500e-2,
3.459843750e+2,4.799687500e-1,6.300000000e-1,5.000000000e-2,
3.460000000e+2,4.839062500e-1,6.000781250e-1,5.000000000e-2,
3.460156250e+2,4.918437500e-1,6.100781250e-1,5.000000000e-2,
3.438750000e+2,4.881250000e-1,6.000000000e-1,5.000000000e-2,
3.400000000e+2,4.798750000e-1,6.100781250e-1,4.992187500e-2,
3.480000000e+2,4.918125000e-1,6.003125000e-1,5.015625000e-2,
3.480156250e+2,4.881250000e-1,5.802343750e-1,4.007812500e-2,
3.459218750e+2,4.839375000e-1,6.000781250e-1,3.976562500e-2,
3.419843750e+2,4.879375000e-1,5.903906250e-1,5.000000000e-2,
3.441250000e+2,4.800000000e-1,6.202343750e-1,3.000000000e-2,
3.480156250e+2,4.920937500e-1,6.000000000e-1,3.992187500e-2,
3.459687500e+2,4.877500000e-1,6.000000000e-1,3.929687500e-2,
3.460000000e+2,4.839687500e-1,6.001562500e-1,6.992187500e-2,
3.460000000e+2,4.840625000e-1,6.100000000e-1,5.000000000e-2,
3.459687500e+2,4.838750000e-1,5.899218750e-1,5.031250000e-2,
3.441406250e+2,4.760000000e-1,5.999218750e-1,2.992187500e-2,
3.360000000e+2,4.837187500e-1,6.099218750e-1,5.929687500e-2,
3.398593750e+2,4.844062500e-1,5.900781250e-1,5.007812500e-2,
3.420000000e+2,4.759375000e-1,5.900000000e-1,4.031250000e-2,
3.440156250e+2,4.877187500e-1,5.898437500e-1,7.000000000e-2,
3.380000000e+2,4.885625000e-1,6.000000000e-1,4.023437500e-2,
3.441250000e+2,4.760625000e-1,5.900781250e-1,4.921875000e-2,
3.440000000e+2,4.836250000e-1,5.994531250e-1,6.945312500e-2,
3.439843750e+2,4.806250000e-1,5.915625000e-1,6.179687500e-2,
3.460000000e+2,4.798125000e-1,5.896093750e-1,2.812500000e-2,
3.440000000e+2,4.800000000e-1,5.898437500e-1,6.992187500e-2,
3.439687500e+2,4.839687500e-1,5.905468750e-1,4.054687500e-2,
3.460000000e+2,4.883125000e-1,5.802343750e-1,6.851562500e-2,
3.442187500e+2,4.799062500e-1,5.803125000e-1,6.054687500e-2,
3.360000000e+2,4.959687500e-1,5.694531250e-1,2.992187500e-2,
3.437968750e+2,4.802812500e-1,5.972656250e-1,5.929687500e-2,
3.461406250e+2,4.840625000e-1,6.109375000e-1,7.031250000e-2,
3.419531250e+2,4.879687500e-1,5.878906250e-1,4.031250000e-2,
3.440937500e+2,4.920000000e-1,6.300781250e-1,5.953125000e-2,
3.362187500e+2,4.840312500e-1,5.710937500e-1,8.062500000e-2,
3.398125000e+2,4.920000000e-1,5.792968750e-1,4.046875000e-2,
3.399375000e+2,4.920937500e-1,6.100000000e-1,5.914062500e-2,
3.439687500e+2,4.998437500e-1,6.294531250e-1,7.015625000e-2,
3.419531250e+2,4.840625000e-1,5.582812500e-1,4.031250000e-2,
3.459531250e+2,4.999375000e-1,5.608593750e-1,4.015625000e-2,
3.439843750e+2,4.758437500e-1,5.900781250e-1,5.000000000e-2,
3.479687500e+2,4.842500000e-1,6.000000000e-1,4.984375000e-2,
3.459531250e+2,4.922187500e-1,5.901562500e-1,4.000000000e-2,
3.420000000e+2,4.959687500e-1,5.600000000e-1,4.046875000e-2,
3.459843750e+2,4.919062500e-1,5.900781250e-1,1.945312500e-2,
3.440625000e+2,4.963125000e-1,5.899218750e-1,6.960937500e-2,
3.439531250e+2,4.955312500e-1,5.898437500e-1,6.015625000e-2,
3.476718750e+2,4.838437500e-1,5.700000000e-1,6.992187500e-2,
3.522187500e+2,4.838125000e-1,5.900781250e-1,5.007812500e-2,
3.421250000e+2,4.802812500e-1,5.800781250e-1,5.000000000e-2,
3.438593750e+2,4.920000000e-1,6.000000000e-1,4.007812500e-2,
3.479375000e+2,4.839687500e-1,5.802343750e-1,3.976562500e-2,
3.501250000e+2,4.922812500e-1,5.793750000e-1,4.015625000e-2,
3.460781250e+2,4.920625000e-1,5.820312500e-1,2.921875000e-2,
3.460625000e+2,5.000625000e-1,5.571875000e-1,5.968750000e-2,
3.421250000e+2,4.880625000e-1,6.080468750e-1,4.039062500e-2,
3.401718750e+2,4.921250000e-1,5.757812500e-1,5.906250000e-2,
3.379687500e+2,4.839375000e-1,5.825000000e-1,4.281250000e-2,
3.459375000e+2,4.956250000e-1,6.000781250e-1,4.023437500e-2,
3.480000000e+2,4.963750000e-1,5.802343750e-1,4.976562500e-2,
3.440312500e+2,4.880625000e-1,5.900000000e-1,2.976562500e-2,
3.380000000e+2,4.880000000e-1,5.799218750e-1,3.031250000e-2,
3.419218750e+2,4.879687500e-1,5.798437500e-1,5.007812500e-2,
3.440156250e+2,4.880937500e-1,5.900000000e-1,5.000000000e-2,
3.419843750e+2,4.838125000e-1,5.801562500e-1,3.015625000e-2,
3.440156250e+2,4.955937500e-1,5.803125000e-1,6.062500000e-2,
3.380000000e+2,4.923125000e-1,5.896093750e-1,5.984375000e-2,
3.420000000e+2,4.839062500e-1,5.699218750e-1,3.000000000e-2,
3.379843750e+2,4.957812500e-1,5.793750000e-1,6.023437500e-2,
3.443593750e+2,4.919687500e-1,5.720312500e-1,4.976562500e-2,
3.498906250e+2,4.999687500e-1,6.089843750e-1,5.023437500e-2,
3.415156250e+2,4.920000000e-1,5.582812500e-1,4.992187500e-2,
3.378906250e+2,4.880000000e-1,5.815625000e-1,5.000000000e-2,
3.361875000e+2,4.923750000e-1,5.799218750e-1,4.992187500e-2,
3.422187500e+2,4.958750000e-1,5.785937500e-1,5.000000000e-2,
3.419375000e+2,4.921562500e-1,5.609375000e-1,4.992187500e-2,
3.419531250e+2,4.957187500e-1,5.915625000e-1,6.125000000e-2,
3.421562500e+2,4.833750000e-1,5.771093750e-1,7.937500000e-2,
3.482656250e+2,4.932187500e-1,5.716406250e-1,4.906250000e-2,
3.499375000e+2,5.119375000e-1,5.910156250e-1,4.976562500e-2,
3.417812500e+2,4.920000000e-1,5.778906250e-1,2.945312500e-2,
3.401250000e+2,4.880312500e-1,5.598437500e-1,2.976562500e-2,
3.481093750e+2,4.879375000e-1,5.706250000e-1,2.000000000e-2,
3.479843750e+2,4.840312500e-1,5.698437500e-1,4.007812500e-2,
3.457968750e+2,4.962812500e-1,5.700000000e-1,5.039062500e-2,
3.398281250e+2,5.040000000e-1,5.800781250e-1,3.000000000e-2,
3.402187500e+2,4.921250000e-1,6.000000000e-1,5.976562500e-2,
3.460781250e+2,4.877812500e-1,5.904687500e-1,6.015625000e-2,
3.479843750e+2,4.959687500e-1,5.808593750e-1,5.039062500e-2,
3.498593750e+2,4.915937500e-1,5.688281250e-1,3.968750000e-2,
3.380312500e+2,4.972187500e-1,5.890625000e-1,5.062500000e-2,
3.401718750e+2,4.805000000e-1,5.800000000e-1,2.992187500e-2,
3.418437500e+2,4.877187500e-1,5.798437500e-1,4.046875000e-2,
3.339218750e+2,4.878437500e-1,5.589062500e-1,3.945312500e-2,
3.380625000e+2,5.000312500e-1,5.501562500e-1,3.070312500e-2,
3.399843750e+2,5.001250000e-1,5.797656250e-1,6.000000000e-2,
3.439843750e+2,4.840937500e-1,5.796875000e-1,3.984375000e-2,
3.438437500e+2,4.920937500e-1,5.600781250e-1,6.015625000e-2,
3.481875000e+2,4.922187500e-1,5.703125000e-1,5.984375000e-2,
3.400468750e+2,4.879375000e-1,5.696093750e-1,5.007812500e-2,
3.441093750e+2,4.960000000e-1,5.596093750e-1,3.984375000e-2,
3.360937500e+2,4.919687500e-1,5.614843750e-1,3.976562500e-2,
3.437500000e+2,5.001250000e-1,5.798437500e-1,4.078125000e-2,
3.440000000e+2,5.084375000e-1,5.494531250e-1,5.976562500e-2,
3.459843750e+2,5.114062500e-1,5.600781250e-1,2.929687500e-2,
3.439687500e+2,4.911250000e-1,5.703125000e-1,4.046875000e-2,
3.480156250e+2,4.920937500e-1,5.895312500e-1,3.984375000e-2,
3.440468750e+2,4.875312500e-1,5.496875000e-1,4.023437500e-2,
3.460625000e+2,4.884062500e-1,5.710937500e-1,6.992187500e-2,
3.402500000e+2,5.004375000e-1,5.696875000e-1,3.984375000e-2,
3.417343750e+2,5.037500000e-1,5.485937500e-1,5.007812500e-2,
3.420937500e+2,4.920000000e-1,5.407812500e-1,4.023437500e-2,
3.418750000e+2,5.000937500e-1,5.603906250e-1,7.062500000e-2,
3.440000000e+2,4.917812500e-1,5.600000000e-1,4.890625000e-2,
3.438281250e+2,4.960937500e-1,5.702343750e-1,3.992187500e-2,
3.464218750e+2,5.000000000e-1,5.696093750e-1,5.156250000e-2,
3.379375000e+2,4.958125000e-1,5.400000000e-1,7.921875000e-2,
3.459843750e+2,4.877500000e-1,5.704687500e-1,3.914062500e-2,
3.362500000e+2,4.883125000e-1,5.800000000e-1,5.070312500e-2,
3.434218750e+2,5.000000000e-1,5.701562500e-1,5.000000000e-2,
3.462187500e+2,4.922812500e-1,5.603906250e-1,1.984375000e-2,
3.420781250e+2,4.954062500e-1,5.591406250e-1,2.000000000e-2,
3.435781250e+2,4.967187500e-1,5.714843750e-1,5.992187500e-2,
3.454375000e+2,4.916875000e-1,5.428906250e-1,4.007812500e-2,
3.402500000e+2,4.960312500e-1,5.482812500e-1,5.031250000e-2,
3.486406250e+2,4.876875000e-1,5.606250000e-1,4.000000000e-2,
3.431406250e+2,4.800312500e-1,5.496875000e-1,4.000000000e-2,
3.375156250e+2,4.881875000e-1,5.697656250e-1,4.007812500e-2,
3.364531250e+2,4.960625000e-1,5.598437500e-1,6.984375000e-2,
3.462812500e+2,5.000000000e-1,5.800000000e-1,5.046875000e-2,
3.435937500e+2,4.959062500e-1,5.596875000e-1,4.015625000e-2,
3.378281250e+2,4.960312500e-1,5.603125000e-1,3.000000000e-2,
3.361093750e+2,5.040937500e-1,5.700000000e-1,3.984375000e-2,
3.401562500e+2,5.040000000e-1,5.700000000e-1,6.000000000e-2,
3.443281250e+2,5.036875000e-1,5.700000000e-1,4.015625000e-2,
3.458593750e+2,4.957187500e-1,5.598437500e-1,4.039062500e-2,
3.418750000e+2,4.958437500e-1,6.000000000e-1,1.976562500e-2,
3.443281250e+2,4.871250000e-1,5.499218750e-1,5.000000000e-2,
3.458437500e+2,4.847500000e-1,5.904687500e-1,2.992187500e-2,
3.440781250e+2,5.005000000e-1,5.490625000e-1,5.906250000e-2,
3.460000000e+2,4.997187500e-1,5.709375000e-1,5.093750000e-2,
3.440000000e+2,4.956562500e-1,5.592968750e-1,2.984375000e-2,
3.511406250e+2,4.966250000e-1,5.600000000e-1,5.007812500e-2,
3.576250000e+2,5.118750000e-1,5.605468750e-1,3.007812500e-2,
3.450156250e+2,4.996875000e-1,5.701562500e-1,5.054687500e-2,
3.374062500e+2,5.036562500e-1,5.592968750e-1,4.976562500e-2,
3.343906250e+2,4.918437500e-1,5.607031250e-1,5.046875000e-2,
3.399375000e+2,5.001562500e-1,5.801562500e-1,6.007812500e-2,
3.360312500e+2,4.961250000e-1,5.695312500e-1,5.992187500e-2,
3.401093750e+2,5.044687500e-1,5.697656250e-1,5.976562500e-2,
3.404531250e+2,4.995625000e-1,5.707812500e-1,7.078125000e-2,
3.479062500e+2,5.004062500e-1,5.894531250e-1,2.046875000e-2,
3.397968750e+2,5.039375000e-1,5.400000000e-1,4.859375000e-2,
3.443281250e+2,4.999687500e-1,5.786718750e-1,3.210937500e-2,
3.437031250e+2,5.000000000e-1,5.609375000e-1,2.843750000e-2,
3.377343750e+2,4.957812500e-1,5.853906250e-1,4.914062500e-2,
3.375937500e+2,5.041562500e-1,5.858593750e-1,4.992187500e-2,
3.454375000e+2,4.960625000e-1,5.605468750e-1,4.968750000e-2,
3.480625000e+2,4.961875000e-1,5.599218750e-1,3.000000000e-2,
3.443906250e+2,4.876875000e-1,5.599218750e-1,4.023437500e-2,
3.399218750e+2,5.156562500e-1,5.599218750e-1,7.007812500e-2,
3.452812500e+2,5.091250000e-1,5.499218750e-1,5.992187500e-2,
3.484062500e+2,4.918750000e-1,5.600781250e-1,6.992187500e-2,
3.405937500e+2,5.038437500e-1,5.700000000e-1,4.890625000e-2,
3.395312500e+2,4.963437500e-1,5.700000000e-1,1.992187500e-2,
3.461562500e+2,5.037187500e-1,5.697656250e-1,3.015625000e-2,
3.380312500e+2,5.040312500e-1,5.598437500e-1,3.015625000e-2,
3.439531250e+2,4.923437500e-1,5.599218750e-1,3.984375000e-2,
3.379843750e+2,4.920937500e-1,5.614062500e-1,3.031250000e-2,
3.457812500e+2,5.042187500e-1,5.899218750e-1,5.039062500e-2,
3.423750000e+2,5.038750000e-1,5.587500000e-1,3.984375000e-2,
3.358125000e+2,4.919375000e-1,5.728125000e-1,5.039062500e-2,
3.438750000e+2,5.001250000e-1,5.869531250e-1,6.156250000e-2,
3.400781250e+2,5.040312500e-1,5.496093750e-1,7.804687500e-2,
3.439062500e+2,5.079062500e-1,5.824218750e-1,4.015625000e-2,
3.420468750e+2,5.000937500e-1,5.790625000e-1,6.992187500e-2,
3.438906250e+2,5.123125000e-1,5.798437500e-1,3.937500000e-2,
3.419687500e+2,5.076250000e-1,5.807812500e-1,6.015625000e-2,
3.358281250e+2,5.083750000e-1,5.896875000e-1,2.750000000e-2,
3.478750000e+2,5.119375000e-1,5.690625000e-1,2.062500000e-2,
3.423437500e+2,5.078125000e-1,5.713281250e-1,3.039062500e-2,
3.379218750e+2,5.078750000e-1,5.901562500e-1,4.015625000e-2,
3.414843750e+2,5.039687500e-1,5.796093750e-1,5.007812500e-2,
3.460468750e+2,5.040312500e-1,5.796875000e-1,6.000000000e-2,
3.421406250e+2,4.920000000e-1,5.702343750e-1,5.000000000e-2,
3.435625000e+2,4.958750000e-1,5.899218750e-1,5.992187500e-2,
3.482812500e+2,4.956562500e-1,5.800781250e-1,6.000000000e-2,
3.401875000e+2,5.077500000e-1,5.899218750e-1,7.000000000e-2,
3.454375000e+2,5.036250000e-1,5.735937500e-1,5.992187500e-2,
3.458750000e+2,5.155937500e-1,5.672656250e-1,6.156250000e-2,
3.440468750e+2,5.050312500e-1,5.796875000e-1,2.984375000e-2,
3.459218750e+2,4.999375000e-1,5.799218750e-1,5.976562500e-2,
3.397500000e+2,4.997500000e-1,5.899218750e-1,3.093750000e-2,
3.380156250e+2,5.074062500e-1,5.800000000e-1,4.898437500e-2,
3.379218750e+2,5.156875000e-1,5.900000000e-1,7.101562500e-2,
3.382187500e+2,5.160625000e-1,5.800000000e-1,3.992187500e-2,
3.462031250e+2,5.120312500e-1,5.900781250e-1,6.960937500e-2,
3.460468750e+2,5.083125000e-1,5.799218750e-1,6.007812500e-2,
3.479062500e+2,5.077187500e-1,6.000000000e-1,6.007812500e-2,
3.440156250e+2,5.239375000e-1,5.900000000e-1,4.000000000e-2,
3.480156250e+2,5.125625000e-1,5.902343750e-1,5.968750000e-2,
3.439062500e+2,5.039375000e-1,6.200000000e-1,4.132812500e-2,
3.460000000e+2,5.119062500e-1,5.898437500e-1,1.968750000e-2,
3.480000000e+2,5.081875000e-1,6.000000000e-1,5.898437500e-2,
3.420468750e+2,5.040000000e-1,5.800781250e-1,6.023437500e-2,
3.400625000e+2,5.040000000e-1,5.998437500e-1,4.992187500e-2,
3.440000000e+2,5.040000000e-1,5.803906250e-1,6.000000000e-2,
3.398593750e+2,5.120937500e-1,6.204687500e-1,5.000000000e-2,
3.401718750e+2,5.199375000e-1,6.000000000e-1,6.960937500e-2,
3.500781250e+2,5.120000000e-1,6.000000000e-1,6.109375000e-2,
3.498437500e+2,5.159375000e-1,5.994531250e-1,3.007812500e-2,
3.379687500e+2,5.038750000e-1,5.699218750e-1,4.000000000e-2,
3.439218750e+2,5.163437500e-1,6.100781250e-1,5.914062500e-2,
3.460937500e+2,5.279687500e-1,6.000000000e-1,8.054687500e-2,
3.400000000e+2,5.201562500e-1,5.997656250e-1,4.023437500e-2,
3.379531250e+2,5.126875000e-1,5.799218750e-1,6.007812500e-2,
3.420000000e+2,4.959687500e-1,6.201562500e-1,1.960937500e-2,
3.420312500e+2,5.155625000e-1,6.103125000e-1,2.968750000e-2,
3.320000000e+2,5.206562500e-1,6.100781250e-1,5.007812500e-2,
3.423281250e+2,5.077812500e-1,6.003125000e-1,4.921875000e-2,
3.499843750e+2,5.199375000e-1,6.087500000e-1,8.000000000e-2,
3.440625000e+2,5.056875000e-1,6.039843750e-1,5.031250000e-2,
3.420000000e+2,5.062812500e-1,5.871093750e-1,6.945312500e-2,
3.420000000e+2,5.081250000e-1,6.264062500e-1,5.000000000e-2,
3.459375000e+2,4.999375000e-1,6.321093750e-1,5.953125000e-2,
3.460000000e+2,5.194375000e-1,6.106250000e-1,5.078125000e-2,
3.382812500e+2,5.200312500e-1,6.101562500e-1,4.007812500e-2,
3.319375000e+2,5.162187500e-1,6.001562500e-1,3.984375000e-2,
3.398593750e+2,5.041562500e-1,6.093750000e-1,4.015625000e-2,
3.401093750e+2,5.121875000e-1,6.010937500e-1,2.992187500e-2,
3.379218750e+2,5.200312500e-1,5.874218750e-1,4.945312500e-2,
3.399843750e+2,5.000312500e-1,6.300000000e-1,5.992187500e-2,
3.362812500e+2,5.125312500e-1,5.905468750e-1,6.984375000e-2,
3.358125000e+2,5.200000000e-1,6.096093750e-1,6.046875000e-2,
3.417187500e+2,5.080312500e-1,6.000000000e-1,4.007812500e-2,
3.441718750e+2,5.241562500e-1,6.100000000e-1,4.984375000e-2,
3.360000000e+2,5.158750000e-1,5.999218750e-1,5.992187500e-2,
3.419218750e+2,5.120312500e-1,6.101562500e-1,5.992187500e-2,
3.399843750e+2,5.160312500e-1,6.206250000e-1,4.992187500e-2,
3.459843750e+2,5.159687500e-1,6.304687500e-1,4.968750000e-2,
3.399531250e+2,5.157500000e-1,5.600000000e-1,2.992187500e-2,
3.400000000e+2,5.164375000e-1,6.201562500e-1,5.960937500e-2,
3.400000000e+2,5.320312500e-1,6.098437500e-1,5.984375000e-2,
3.400312500e+2,5.153125000e-1,5.899218750e-1,7.023437500e-2,
3.398906250e+2,5.161875000e-1,6.104687500e-1,4.046875000e-2,
3.458437500e+2,5.203437500e-1,6.499218750e-1,6.062500000e-2,
3.442031250e+2,5.319375000e-1,6.092968750e-1,9.007812500e-2,
3.400468750e+2,5.195937500e-1,6.107031250e-1,5.007812500e-2,
3.399218750e+2,5.115937500e-1,6.200000000e-1,5.968750000e-2,
3.458437500e+2,5.003125000e-1,6.199218750e-1,6.023437500e-2,
3.482812500e+2,5.245937500e-1,6.209375000e-1,5.023437500e-2,
3.402031250e+2,5.116875000e-1,5.907031250e-1,3.945312500e-2,
3.416562500e+2,5.038125000e-1,6.076562500e-1,6.007812500e-2,
3.519531250e+2,5.158125000e-1,6.109375000e-1,3.226562500e-2,
3.445468750e+2,5.160312500e-1,6.087500000e-1,2.804687500e-2,
3.419375000e+2,5.195312500e-1,6.124218750e-1,5.625000000e-2,
3.479687500e+2,5.200625000e-1,6.000000000e-1,8.023437500e-2,
3.440156250e+2,5.162187500e-1,6.194531250e-1,6.835937500e-2,
3.419843750e+2,5.119687500e-1,6.200000000e-1,2.000000000e-2,
3.460000000e+2,5.159687500e-1,6.200000000e-1,7.140625000e-2,
3.400625000e+2,5.159687500e-1,6.200781250e-1,7.984375000e-2,
3.437968750e+2,5.161250000e-1,6.099218750e-1,3.000000000e-2,
3.519843750e+2,5.079687500e-1,6.196875000e-1,6.070312500e-2,
3.440468750e+2,5.193125000e-1,6.296875000e-1,4.945312500e-2,
3.380156250e+2,5.242187500e-1,6.102343750e-1,4.000000000e-2,
3.380156250e+2,5.120625000e-1,6.294531250e-1,6.000000000e-2,
3.400781250e+2,5.192500000e-1,5.878906250e-1,2.953125000e-2,
3.439687500e+2,5.245000000e-1,6.030468750e-1,3.085937500e-2,
3.421250000e+2,5.080625000e-1,6.413281250e-1,6.953125000e-2,
3.457187500e+2,5.160000000e-1,6.399218750e-1,2.882812500e-2,
3.358437500e+2,5.159687500e-1,6.394531250e-1,5.226562500e-2,
3.402812500e+2,5.159687500e-1,6.186718750e-1,6.898437500e-2,
3.399531250e+2,5.160937500e-1,6.216406250e-1,3.773437500e-2,
3.421562500e+2,5.200000000e-1,6.400781250e-1,3.039062500e-2,
3.439843750e+2,5.157812500e-1,6.169531250e-1,4.039062500e-2,
3.440781250e+2,5.114062500e-1,6.138281250e-1,3.921875000e-2,
3.459843750e+2,5.086250000e-1,6.509375000e-1,3.054687500e-2,
3.419218750e+2,5.282812500e-1,6.281250000e-1,5.031250000e-2,
3.379375000e+2,5.200000000e-1,6.421875000e-1,3.914062500e-2,
3.380468750e+2,5.160625000e-1,6.487500000e-1,4.101562500e-2,
3.420781250e+2,5.240625000e-1,6.188281250e-1,6.968750000e-2,
3.440000000e+2,5.238125000e-1,6.310937500e-1,2.992187500e-2,
3.437812500e+2,5.200625000e-1,6.394531250e-1,4.906250000e-2,
3.401406250e+2,5.240312500e-1,6.200000000e-1,6.000000000e-2,
3.480781250e+2,5.081250000e-1,6.500000000e-1,5.007812500e-2,
3.418437500e+2,5.076250000e-1,6.202343750e-1,4.984375000e-2,
3.420000000e+2,5.194687500e-1,6.491406250e-1,5.992187500e-2,
3.399687500e+2,5.205937500e-1,6.310937500e-1,5.054687500e-2,
3.400000000e+2,5.161250000e-1,6.336718750e-1,3.164062500e-2,
3.399843750e+2,5.195000000e-1,6.100000000e-1,3.015625000e-2,
3.421250000e+2,5.240625000e-1,6.604687500e-1,8.000000000e-2,
3.438125000e+2,5.163750000e-1,6.285937500e-1,3.937500000e-2,
3.339531250e+2,5.160312500e-1,6.199218750e-1,6.093750000e-2,
3.399375000e+2,5.280000000e-1,6.196875000e-1,4.960937500e-2,
3.419843750e+2,5.123125000e-1,6.500000000e-1,3.000000000e-2,
3.440156250e+2,5.080625000e-1,6.205468750e-1,4.000000000e-2,
3.437343750e+2,5.197187500e-1,6.107031250e-1,1.984375000e-2,
3.500156250e+2,5.240312500e-1,6.406250000e-1,2.992187500e-2,
3.422343750e+2,5.199687500e-1,6.400000000e-1,4.046875000e-2,
3.420937500e+2,5.200312500e-1,6.379687500e-1,6.031250000e-2,
3.379375000e+2,5.200937500e-1,6.102343750e-1,4.875000000e-2,
3.458750000e+2,5.278750000e-1,6.605468750e-1,1.960937500e-2,
3.421093750e+2,5.200625000e-1,6.296875000e-1,3.101562500e-2,
3.419218750e+2,5.280937500e-1,6.402343750e-1,5.015625000e-2,
3.478906250e+2,5.153437500e-1,6.500000000e-1,5.000000000e-2,
3.480625000e+2,5.126562500e-1,6.500781250e-1,6.023437500e-2,
3.461250000e+2,5.245937500e-1,6.603125000e-1,5.937500000e-2,
3.456718750e+2,5.235625000e-1,6.600000000e-1,1.000000000e-2,
3.518125000e+2,5.120312500e-1,6.481250000e-1,5.976562500e-2,
3.466562500e+2,5.242500000e-1,6.196093750e-1,4.875000000e-2,
3.416718750e+2,5.238750000e-1,6.410156250e-1,3.101562500e-2,
3.482656250e+2,5.196250000e-1,6.382812500e-1,7.101562500e-2,
3.382500000e+2,5.120937500e-1,6.205468750e-1,4.750000000e-2,
3.437500000e+2,5.285625000e-1,6.699218750e-1,2.156250000e-2,
3.401093750e+2,5.237812500e-1,6.204687500e-1,8.140625000e-2,
3.456875000e+2,5.199375000e-1,6.507031250e-1,4.882812500e-2,
3.461406250e+2,5.244687500e-1,6.700000000e-1,3.953125000e-2,
3.440625000e+2,5.400312500e-1,6.303125000e-1,2.000000000e-2,
3.455937500e+2,5.209375000e-1,6.399218750e-1,4.015625000e-2,
3.520000000e+2,5.190000000e-1,6.203906250e-1,6.000000000e-2,
3.465312500e+2,5.252500000e-1,6.384375000e-1,5.000000000e-2,
3.413906250e+2,5.144375000e-1,6.310937500e-1,5.945312500e-2,
3.355468750e+2,5.321250000e-1,6.388281250e-1,6.898437500e-2,
3.365000000e+2,5.196875000e-1,6.493750000e-1,3.007812500e-2,
3.429218750e+2,5.200312500e-1,6.504687500e-1,4.000000000e-2,
3.478281250e+2,5.201250000e-1,6.300000000e-1,4.000000000e-2,
3.417031250e+2,5.279687500e-1,6.494531250e-1,4.960937500e-2,
3.420625000e+2,5.200000000e-1,6.500000000e-1,5.039062500e-2,
3.443281250e+2,5.240000000e-1,6.400000000e-1,3.000000000e-2,
3.456875000e+2,5.160000000e-1,6.398437500e-1,4.960937500e-2,
3.360312500e+2,5.285937500e-1,6.198437500e-1,5.015625000e-2,
3.419218750e+2,5.396875000e-1,6.100781250e-1,2.000000000e-2,
3.339843750e+2,5.235937500e-1,6.400000000e-1,3.976562500e-2,
3.445156250e+2,5.280625000e-1,6.300000000e-1,4.000000000e-2,
3.438125000e+2,5.246250000e-1,6.400000000e-1,5.945312500e-2,
3.440625000e+2,5.359375000e-1,6.400000000e-1,7.015625000e-2,
3.415625000e+2,5.281250000e-1,6.611718750e-1,3.054687500e-2,
3.380156250e+2,5.357812500e-1,6.589062500e-1,2.914062500e-2,
3.423437500e+2,5.193437500e-1,6.288281250e-1,5.007812500e-2,
3.437968750e+2,5.245312500e-1,6.308593750e-1,4.000000000e-2,
3.446718750e+2,5.323125000e-1,6.394531250e-1,5.023437500e-2,
3.495625000e+2,5.356875000e-1,6.302343750e-1,3.000000000e-2,
3.398125000e+2,5.276875000e-1,6.514062500e-1,5.046875000e-2,
3.464531250e+2,5.279375000e-1,6.489843750e-1,4.984375000e-2,
3.434375000e+2,5.237500000e-1,6.297656250e-1,4.976562500e-2,
3.397968750e+2,5.288437500e-1,6.407031250e-1,3.992187500e-2,
3.402187500e+2,5.357812500e-1,6.501562500e-1,4.000000000e-2,
3.445312500e+2,5.275000000e-1,6.497656250e-1,4.000000000e-2,
3.456562500e+2,5.326562500e-1,6.396875000e-1,3.992187500e-2,
3.400468750e+2,5.309687500e-1,6.297656250e-1,4.945312500e-2,
3.462343750e+2,5.200937500e-1,6.199218750e-1,5.132812500e-2,
3.459062500e+2,5.320625000e-1,6.389062500e-1,2.187500000e-2,
3.460312500e+2,5.319375000e-1,6.494531250e-1,2.687500000e-2,
3.438125000e+2,5.441250000e-1,6.516406250e-1,6.882812500e-2,
3.400781250e+2,5.255937500e-1,6.391406250e-1,5.312500000e-2,
3.416875000e+2,5.238437500e-1,6.499218750e-1,3.992187500e-2,
3.456875000e+2,5.319375000e-1,6.400781250e-1,4.000000000e-2,
3.482343750e+2,5.320312500e-1,6.500000000e-1,2.992187500e-2,
3.406406250e+2,5.319687500e-1,6.400000000e-1,3.000000000e-2,
3.378281250e+2,5.284687500e-1,6.501562500e-1,3.031250000e-2,
3.385312500e+2,5.197500000e-1,6.500000000e-1,3.015625000e-2,
3.337187500e+2,5.356875000e-1,6.396875000e-1,7.054687500e-2,
3.469062500e+2,5.285937500e-1,6.094531250e-1,5.960937500e-2,
3.560781250e+2,5.316250000e-1,6.108593750e-1,3.953125000e-2,
3.481875000e+2,5.400000000e-1,6.407031250e-1,1.960937500e-2,
3.420625000e+2,5.283750000e-1,6.396875000e-1,3.148437500e-2,
3.418906250e+2,5.280625000e-1,6.303906250e-1,7.039062500e-2,
3.498906250e+2,5.319375000e-1,6.511718750e-1,4.773437500e-2,
3.462500000e+2,5.279687500e-1,6.487500000e-1,3.070312500e-2,
3.420000000e+2,5.320937500e-1,6.302343750e-1,6.078125000e-2,
3.456718750e+2,5.318750000e-1,6.521875000e-1,6.039062500e-2,
3.502500000e+2,5.199687500e-1,6.482812500e-1,6.859375000e-2,
3.381875000e+2,5.240312500e-1,6.289843750e-1,4.015625000e-2,
3.418906250e+2,5.323750000e-1,6.304687500e-1,5.945312500e-2,
3.400781250e+2,5.488125000e-1,6.421093750e-1,2.921875000e-2,
3.399843750e+2,5.509062500e-1,6.597656250e-1,5.101562500e-2,
3.358593750e+2,5.275312500e-1,6.389843750e-1,3.851562500e-2,
3.458593750e+2,5.362187500e-1,6.406250000e-1,3.007812500e-2,
3.422812500e+2,5.274687500e-1,6.504687500e-1,4.078125000e-2,
3.397656250e+2,5.323437500e-1,6.378906250e-1,6.039062500e-2,
3.473437500e+2,5.359062500e-1,6.103906250e-1,4.968750000e-2,
3.485468750e+2,5.320000000e-1,6.520312500e-1,2.992187500e-2,
3.362500000e+2,5.360000000e-1,6.593750000e-1,5.960937500e-2,
3.394531250e+2,5.279687500e-1,6.301562500e-1,6.046875000e-2,
3.459062500e+2,5.395000000e-1,6.176562500e-1,2.000000000e-2,
3.442968750e+2,5.403125000e-1,6.610937500e-1,3.000000000e-2,
3.419218750e+2,5.396875000e-1,6.064062500e-1,5.000000000e-2,
3.440312500e+2,5.407500000e-1,6.146875000e-1,5.031250000e-2,
3.439218750e+2,5.324375000e-1,6.287500000e-1,5.953125000e-2,
3.419218750e+2,5.319375000e-1,6.500781250e-1,8.109375000e-2,
3.399531250e+2,5.352187500e-1,6.098437500e-1,2.085937500e-2,
3.400468750e+2,5.476562500e-1,6.401562500e-1,5.890625000e-2,
3.420781250e+2,5.376562500e-1,6.499218750e-1,7.078125000e-2,
3.440937500e+2,5.199062500e-1,6.496093750e-1,6.000000000e-2,
3.460000000e+2,5.437187500e-1,6.100781250e-1,6.023437500e-2,
3.460625000e+2,5.602187500e-1,6.493750000e-1,4.007812500e-2,
3.479218750e+2,5.482187500e-1,6.600000000e-1,4.992187500e-2,
3.417968750e+2,5.478750000e-1,6.500781250e-1,5.007812500e-2,
3.401250000e+2,5.446875000e-1,6.400781250e-1,3.039062500e-2,
3.459687500e+2,5.239687500e-1,6.399218750e-1,2.953125000e-2,
3.420000000e+2,5.358750000e-1,6.200781250e-1,4.000000000e-2,
3.460000000e+2,5.281250000e-1,6.400000000e-1,3.046875000e-2,
3.380312500e+2,5.397812500e-1,6.198437500e-1,2.976562500e-2,
3.421093750e+2,5.480000000e-1,6.406250000e-1,5.992187500e-2,
3.439843750e+2,5.398750000e-1,6.505468750e-1,4.007812500e-2,
3.419375000e+2,5.320312500e-1,6.594531250e-1,4.000000000e-2,
3.420937500e+2,5.400937500e-1,6.200000000e-1,1.984375000e-2,
3.460156250e+2,5.399687500e-1,6.400000000e-1,4.937500000e-2,
3.418906250e+2,5.399375000e-1,6.401562500e-1,4.015625000e-2,
3.380312500e+2,5.360000000e-1,6.500781250e-1,4.000000000e-2,
3.459531250e+2,5.400312500e-1,6.099218750e-1,4.015625000e-2,
3.441718750e+2,5.360312500e-1,6.398437500e-1,3.968750000e-2,
3.360000000e+2,5.316875000e-1,6.396875000e-1,5.968750000e-2,
3.419062500e+2,5.477812500e-1,6.100000000e-1,5.007812500e-2,
3.400000000e+2,5.364375000e-1,6.299218750e-1,3.992187500e-2,
3.420000000e+2,5.317812500e-1,6.096875000e-1,4.960937500e-2,
3.380000000e+2,5.437500000e-1,6.578906250e-1,8.007812500e-2,
3.419843750e+2,5.402812500e-1,6.514062500e-1,4.093750000e-2,
3.380000000e+2,5.399687500e-1,6.428906250e-1,4.804687500e-2,
3.419843750e+2,5.364375000e-1,6.110937500e-1,8.992187500e-2,
3.379531250e+2,5.356562500e-1,6.344531250e-1,5.375000000e-2,
3.400000000e+2,5.399062500e-1,6.425781250e-1,4.000000000e-2,
3.439218750e+2,5.480000000e-1,6.109375000e-1,4.851562500e-2,
3.480000000e+2,5.442500000e-1,6.276562500e-1,8.007812500e-2,
3.421875000e+2,5.400000000e-1,6.402343750e-1,6.015625000e-2,
3.399375000e+2,5.400000000e-1,6.307812500e-1,7.031250000e-2,
3.421093750e+2,5.398437500e-1,6.207812500e-1,3.031250000e-2,
3.340468750e+2,5.479687500e-1,6.100781250e-1,4.960937500e-2,
3.413750000e+2,5.439687500e-1,6.190625000e-1,6.000000000e-2,
3.480468750e+2,5.519687500e-1,6.296875000e-1,6.000000000e-2,
3.440937500e+2,5.479062500e-1,6.302343750e-1,5.039062500e-2,
3.441562500e+2,5.440000000e-1,6.105468750e-1,3.992187500e-2,
3.398906250e+2,5.320000000e-1,6.100000000e-1,4.992187500e-2,
3.460625000e+2,5.442187500e-1,6.397656250e-1,4.992187500e-2,
3.380781250e+2,5.480000000e-1,5.996093750e-1,6.000000000e-2,
3.439062500e+2,5.519687500e-1,6.308593750e-1,5.000000000e-2,
3.400000000e+2,5.438437500e-1,6.296875000e-1,4.984375000e-2,
3.419531250e+2,5.360937500e-1,6.300000000e-1,1.992187500e-2,
3.419687500e+2,5.529375000e-1,6.300000000e-1,3.992187500e-2,
3.380000000e+2,5.595937500e-1,6.299218750e-1,3.031250000e-2,
3.419843750e+2,5.392812500e-1,6.100000000e-1,3.929687500e-2,
3.399375000e+2,5.446250000e-1,6.303906250e-1,6.000000000e-2,
3.459218750e+2,5.521562500e-1,6.299218750e-1,4.976562500e-2,
3.422343750e+2,5.561562500e-1,6.401562500e-1,5.976562500e-2,
3.417500000e+2,5.553750000e-1,6.396093750e-1,3.000000000e-2,
3.460625000e+2,5.397187500e-1,6.200781250e-1,5.976562500e-2,
3.400468750e+2,5.398750000e-1,6.400000000e-1,9.000000000e-2,
3.438750000e+2,5.319687500e-1,6.201562500e-1,7.031250000e-2,
3.441406250e+2,5.401875000e-1,6.197656250e-1,7.007812500e-2,
3.439218750e+2,5.400937500e-1,6.117968750e-1,5.046875000e-2,
3.479218750e+2,5.519375000e-1,5.971875000e-1,5.070312500e-2,
3.462656250e+2,5.401250000e-1,6.382031250e-1,3.070312500e-2,
3.400937500e+2,5.432500000e-1,6.151562500e-1,4.703125000e-2,
3.419687500e+2,5.513125000e-1,6.082812500e-1,6.257812500e-2,
3.420000000e+2,5.522812500e-1,6.100000000e-1,3.992187500e-2,
3.439843750e+2,5.365000000e-1,6.100000000e-1,7.085937500e-2,
3.460156250e+2,5.358437500e-1,6.200000000e-1,7.000000000e-2,
3.380156250e+2,5.479375000e-1,6.500000000e-1,6.968750000e-2,
3.419531250e+2,5.482187500e-1,6.201562500e-1,3.984375000e-2,
3.400156250e+2,5.401562500e-1,6.200000000e-1,4.000000000e-2,
3.419843750e+2,5.358437500e-1,6.100000000e-1,5.039062500e-2,
3.420000000e+2,5.437187500e-1,6.202343750e-1,5.976562500e-2,
3.419687500e+2,5.478125000e-1,6.299218750e-1,3.992187500e-2,
3.419687500e+2,5.560000000e-1,6.310937500e-1,5.000000000e-2,
3.399843750e+2,5.483437500e-1,6.496875000e-1,3.976562500e-2,
3.421250000e+2,5.478437500e-1,6.293750000e-1,4.062500000e-2,
3.460625000e+2,5.480625000e-1,6.283593750e-1,6.968750000e-2,
3.481875000e+2,5.400000000e-1,5.996093750e-1,3.914062500e-2,
3.477500000e+2,5.400312500e-1,6.209375000e-1,5.101562500e-2,
3.375781250e+2,5.444062500e-1,6.203125000e-1,4.875000000e-2,
3.382343750e+2,5.521250000e-1,6.295312500e-1,2.835937500e-2,
3.443593750e+2,5.519375000e-1,6.215625000e-1,3.179687500e-2,
3.478750000e+2,5.520000000e-1,6.378906250e-1,5.984375000e-2,
3.417343750e+2,5.471875000e-1,6.125781250e-1,3.976562500e-2,
3.422812500e+2,5.404062500e-1,6.610156250e-1,6.117187500e-2,
3.500625000e+2,5.519375000e-1,6.161718750e-1,5.937500000e-2,
3.478593750e+2,5.360000000e-1,6.210937500e-1,3.906250000e-2,
3.439375000e+2,5.401250000e-1,6.199218750e-1,4.109375000e-2,
3.440625000e+2,5.440312500e-1,6.197656250e-1,6.937500000e-2,
3.459843750e+2,5.479062500e-1,6.204687500e-1,1.992187500e-2,
3.397968750e+2,5.441250000e-1,6.298437500e-1,4.921875000e-2,
3.400312500e+2,5.560000000e-1,6.200000000e-1,4.000000000e-2,
3.400781250e+2,5.440625000e-1,6.400000000e-1,3.992187500e-2,
3.419687500e+2,5.478437500e-1,6.200781250e-1,4.984375000e-2,
3.399843750e+2,5.475937500e-1,6.478906250e-1,5.062500000e-2,
3.460468750e+2,5.564062500e-1,6.605468750e-1,2.945312500e-2,
3.440000000e+2,5.445625000e-1,6.455468750e-1,5.976562500e-2,
3.461718750e+2,5.515000000e-1,6.200000000e-1,4.000000000e-2,
3.499218750e+2,5.483125000e-1,6.397656250e-1,6.015625000e-2,
3.418281250e+2,5.438125000e-1,6.087500000e-1,5.023437500e-2,
3.420312500e+2,5.520000000e-1,6.000000000e-1,8.039062500e-2,
3.439687500e+2,5.480625000e-1,5.998437500e-1,5.968750000e-2,
3.459843750e+2,5.439687500e-1,6.198437500e-1,4.992187500e-2,
3.440000000e+2,5.480312500e-1,6.096093750e-1,3.992187500e-2,
3.459375000e+2,5.481250000e-1,6.603125000e-1,4.031250000e-2,
3.459531250e+2,5.439687500e-1,6.185156250e-1,6.000000000e-2,
3.480156250e+2,5.480312500e-1,6.203906250e-1,2.921875000e-2,
3.460156250e+2,5.445625000e-1,6.203906250e-1,4.078125000e-2,
3.479687500e+2,5.361250000e-1,6.299218750e-1,5.945312500e-2,
3.460781250e+2,5.565000000e-1,6.092968750e-1,2.968750000e-2,
3.440156250e+2,5.517187500e-1,6.102343750e-1,4.015625000e-2,
3.439843750e+2,5.518125000e-1,6.403125000e-1,4.062500000e-2,
3.459062500e+2,5.438125000e-1,6.289843750e-1,6.984375000e-2,
3.480468750e+2,5.439375000e-1,5.900000000e-1,2.968750000e-2,
3.423593750e+2,5.443750000e-1,6.316406250e-1,4.031250000e-2,
3.397031250e+2,5.563125000e-1,6.296093750e-1,5.000000000e-2,
3.474843750e+2,5.600000000e-1,6.088281250e-1,4.992187500e-2,
3.464687500e+2,5.599687500e-1,6.005468750e-1,4.960937500e-2,
3.383437500e+2,5.601562500e-1,6.206250000e-1,4.062500000e-2,
3.392968750e+2,5.595625000e-1,6.304687500e-1,4.859375000e-2,
3.479375000e+2,5.439062500e-1,6.400000000e-1,1.046875000e-2,
3.441093750e+2,5.526875000e-1,6.296875000e-1,6.109375000e-2,
3.477656250e+2,5.558125000e-1,6.196093750e-1,3.804687500e-2,
3.461875000e+2,5.522500000e-1,6.500000000e-1,4.054687500e-2,
3.440937500e+2,5.640312500e-1,6.200000000e-1,5.015625000e-2,
3.420156250e+2,5.560000000e-1,6.193750000e-1,4.000000000e-2,
3.404375000e+2,5.603125000e-1,6.403125000e-1,2.000000000e-2,
3.356875000e+2,5.446250000e-1,6.114843750e-1,5.000000000e-2,
3.495625000e+2,5.482812500e-1,6.171093750e-1,5.992187500e-2,
3.451093750e+2,5.422187500e-1,6.376562500e-1,5.992187500e-2,
3.415000000e+2,5.600937500e-1,6.412500000e-1,4.914062500e-2,
3.381718750e+2,5.477812500e-1,6.203125000e-1,3.000000000e-2,
3.420468750e+2,5.478750000e-1,6.390625000e-1,4.000000000e-2,
3.375625000e+2,5.401250000e-1,6.414062500e-1,4.992187500e-2,
3.360937500e+2,5.560312500e-1,5.996875000e-1,2.953125000e-2,
3.380937500e+2,5.440000000e-1,6.500000000e-1,6.039062500e-2,
3.401875000e+2,5.521250000e-1,6.397656250e-1,1.992187500e-2,
3.419062500e+2,5.439687500e-1,6.398437500e-1,5.992187500e-2,
3.380000000e+2,5.482187500e-1,6.199218750e-1,1.031250000e-2,
3.421093750e+2,5.564375000e-1,6.300000000e-1,2.000000000e-2,
3.420000000e+2,5.635312500e-1,6.200000000e-1,1.000000000e-2,
3.418750000e+2,5.522500000e-1,6.499218750e-1,2.906250000e-2,
3.377812500e+2,5.690000000e-1,6.400000000e-1,4.992187500e-2,
3.405937500e+2,5.632500000e-1,6.502343750e-1,4.023437500e-2,
3.484687500e+2,5.551562500e-1,6.585937500e-1,3.953125000e-2,
3.452812500e+2,5.483750000e-1,6.190625000e-1,6.984375000e-2,
3.360000000e+2,5.554687500e-1,6.312500000e-1,5.046875000e-2,
3.423437500e+2,5.399375000e-1,6.400781250e-1,5.000000000e-2,
3.420781250e+2,5.566562500e-1,6.397656250e-1,4.054687500e-2,
3.462187500e+2,5.554062500e-1,6.406250000e-1,3.000000000e-2,
3.460781250e+2,5.478125000e-1,6.500000000e-1,4.046875000e-2,
3.455468750e+2,5.526562500e-1,6.394531250e-1,4.992187500e-2,
3.423906250e+2,5.599687500e-1,6.296093750e-1,3.953125000e-2,
3.452968750e+2,5.559375000e-1,6.198437500e-1,5.039062500e-2,
3.361718750e+2,5.603437500e-1,6.310156250e-1,6.976562500e-2,
3.489531250e+2,5.595937500e-1,6.610156250e-1,4.015625000e-2,
3.453750000e+2,5.557500000e-1,6.693750000e-1,4.960937500e-2,
3.399531250e+2,5.563437500e-1,6.396875000e-1,5.953125000e-2,
3.443437500e+2,5.599062500e-1,6.400000000e-1,7.101562500e-2,
3.479218750e+2,5.559687500e-1,6.296875000e-1,4.148437500e-2,
3.438437500e+2,5.599687500e-1,6.492187500e-1,3.984375000e-2,
3.418125000e+2,5.602500000e-1,6.405468750e-1,3.093750000e-2,
3.378593750e+2,5.559375000e-1,6.489843750e-1,2.906250000e-2,
3.436718750e+2,5.599375000e-1,6.407031250e-1,4.023437500e-2,
3.422187500e+2,5.562812500e-1,6.301562500e-1,5.000000000e-2,
3.417656250e+2,5.480625000e-1,6.396093750e-1,5.007812500e-2,
3.424843750e+2,5.519062500e-1,6.699218750e-1,5.992187500e-2,
3.358281250e+2,5.558125000e-1,6.296093750e-1,3.007812500e-2,
3.436875000e+2,5.599687500e-1,6.501562500e-1,6.015625000e-2,
3.385000000e+2,5.562812500e-1,6.295312500e-1,6.929687500e-2,
3.395781250e+2,5.554375000e-1,6.203906250e-1,3.992187500e-2,
3.439843750e+2,5.640937500e-1,6.611718750e-1,5.007812500e-2,
3.401250000e+2,5.520312500e-1,6.589843750e-1,3.976562500e-2,
3.379062500e+2,5.519687500e-1,6.400000000e-1,5.062500000e-2,
3.419531250e+2,5.520625000e-1,6.603125000e-1,4.921875000e-2,
3.419843750e+2,5.600000000e-1,6.500781250e-1,3.093750000e-2,
3.421562500e+2,5.519062500e-1,6.596875000e-1,6.007812500e-2,
3.377812500e+2,5.561562500e-1,6.508593750e-1,4.007812500e-2,
3.477656250e+2,5.639375000e-1,6.823437500e-1,7.156250000e-2,
3.442656250e+2,5.519375000e-1,6.671875000e-1,5.617187500e-2,
3.419375000e+2,5.519375000e-1,6.385156250e-1,3.148437500e-2,
3.439375000e+2,5.483750000e-1,6.410937500e-1,7.976562500e-2,
3.441406250e+2,5.683437500e-1,6.506250000e-1,2.734375000e-2,
3.399843750e+2,5.595625000e-1,6.609375000e-1,4.070312500e-2,
3.418437500e+2,5.646875000e-1,6.584375000e-1,4.171875000e-2,
3.421562500e+2,5.632187500e-1,6.411718750e-1,6.914062500e-2,
3.320937500e+2,5.478750000e-1,6.810937500e-1,2.945312500e-2,
3.394687500e+2,5.604375000e-1,6.470312500e-1,5.039062500e-2,
3.438593750e+2,5.640625000e-1,6.317187500e-1,3.992187500e-2,
3.460000000e+2,5.680000000e-1,6.702343750e-1,4.992187500e-2,
3.440312500e+2,5.600000000e-1,6.392187500e-1,4.992187500e-2,
3.422812500e+2,5.558125000e-1,6.697656250e-1,5.015625000e-2,
3.360937500e+2,5.674375000e-1,6.909375000e-1,3.000000000e-2,
3.396718750e+2,5.687500000e-1,6.623437500e-1,4.000000000e-2,
3.434687500e+2,5.567812500e-1,6.513281250e-1,7.007812500e-2,
3.500937500e+2,5.582500000e-1,6.520312500e-1,3.148437500e-2,
3.455468750e+2,5.714062500e-1,6.896875000e-1,3.968750000e-2,
3.379218750e+2,5.721562500e-1,6.600781250e-1,4.046875000e-2,
3.402031250e+2,5.719687500e-1,6.701562500e-1,2.976562500e-2,
3.419375000e+2,5.684062500e-1,6.700000000e-1,4.945312500e-2,
3.399843750e+2,5.605625000e-1,6.699218750e-1,6.046875000e-2,
3.398906250e+2,5.596875000e-1,6.796875000e-1,4.984375000e-2,
3.359843750e+2,5.720000000e-1,6.496875000e-1,6.015625000e-2,
3.401406250e+2,5.605625000e-1,6.994531250e-1,3.031250000e-2,
3.419687500e+2,5.598125000e-1,6.900000000e-1,2.992187500e-2,
3.420468750e+2,5.640000000e-1,6.600781250e-1,4.000000000e-2,
3.440312500e+2,5.639375000e-1,6.698437500e-1,3.000000000e-2,
3.397812500e+2,5.679375000e-1,6.400000000e-1,3.968750000e-2,
3.360000000e+2,5.719375000e-1,6.799218750e-1,3.992187500e-2,
3.480000000e+2,5.682812500e-1,6.498437500e-1,4.921875000e-2,
3.381093750e+2,5.521250000e-1,7.003125000e-1,6.023437500e-2,
3.340000000e+2,5.519375000e-1,6.592187500e-1,2.992187500e-2,
3.380781250e+2,5.560312500e-1,6.807812500e-1,5.992187500e-2,
3.480625000e+2,5.640625000e-1,6.797656250e-1,4.000000000e-2,
3.439218750e+2,5.679062500e-1,6.800000000e-1,1.000000000e-2,
3.460312500e+2,5.599687500e-1,6.800000000e-1,2.898437500e-2,
3.439062500e+2,5.683437500e-1,6.899218750e-1,4.015625000e-2,
3.379687500e+2,5.758750000e-1,6.800000000e-1,4.000000000e-2,
3.419218750e+2,5.721250000e-1,6.899218750e-1,7.046875000e-2,
3.480781250e+2,5.840312500e-1,6.600000000e-1,2.046875000e-2,
3.360000000e+2,5.644375000e-1,6.799218750e-1,3.945312500e-2,
3.416406250e+2,5.601875000e-1,6.599218750e-1,3.000000000e-2,
3.500000000e+2,5.557500000e-1,7.002343750e-1,4.000000000e-2,
3.480468750e+2,5.757500000e-1,6.907031250e-1,3.992187500e-2,
3.360000000e+2,5.688437500e-1,6.786718750e-1,5.984375000e-2,
3.440312500e+2,5.594375000e-1,7.171875000e-1,6.062500000e-2,
3.380000000e+2,5.755000000e-1,7.235156250e-1,4.875000000e-2,
3.439531250e+2,5.722812500e-1,6.925781250e-1,8.125000000e-2,
3.419687500e+2,5.761250000e-1,6.896875000e-1,1.281250000e-2,
3.420000000e+2,5.680937500e-1,6.814062500e-1,4.976562500e-2,
3.420312500e+2,5.679375000e-1,6.782812500e-1,7.015625000e-2,
3.380000000e+2,5.760312500e-1,7.000000000e-1,7.000000000e-2,
3.379687500e+2,5.680312500e-1,6.806250000e-1,7.007812500e-2,
3.379843750e+2,5.680000000e-1,6.971093750e-1,6.054687500e-2,
3.418125000e+2,5.640000000e-1,7.205468750e-1,4.984375000e-2,
3.498906250e+2,5.639375000e-1,6.914843750e-1,6.015625000e-2,
3.482187500e+2,5.599375000e-1,6.866406250e-1,3.039062500e-2,
3.441250000e+2,5.760000000e-1,7.300000000e-1,4.968750000e-2,
3.400312500e+2,5.600000000e-1,6.907812500e-1,6.031250000e-2,
3.419531250e+2,5.760000000e-1,6.993750000e-1,4.039062500e-2,
3.437343750e+2,5.639062500e-1,7.100000000e-1,4.890625000e-2,
3.519843750e+2,5.720937500e-1,7.200781250e-1,8.023437500e-2,
3.461718750e+2,5.679687500e-1,7.302343750e-1,3.015625000e-2,
3.460312500e+2,5.679687500e-1,7.298437500e-1,7.046875000e-2,
3.380312500e+2,5.639375000e-1,7.198437500e-1,5.976562500e-2,
3.359531250e+2,5.640937500e-1,7.100000000e-1,1.992187500e-2,
3.440468750e+2,5.720000000e-1,7.099218750e-1,4.984375000e-2,
3.459843750e+2,5.723125000e-1,7.200000000e-1,5.039062500e-2,
3.420000000e+2,5.839062500e-1,7.100000000e-1,4.953125000e-2,
3.440156250e+2,5.673125000e-1,7.203125000e-1,6.015625000e-2,
3.400312500e+2,5.684062500e-1,7.301562500e-1,4.000000000e-2,
3.455781250e+2,5.718437500e-1,7.498437500e-1,6.023437500e-2,
3.501875000e+2,5.726250000e-1,7.300781250e-1,6.007812500e-2,
3.421406250e+2,5.880937500e-1,7.496875000e-1,6.015625000e-2,
3.419218750e+2,5.756875000e-1,7.100000000e-1,2.000000000e-2,
3.421250000e+2,5.719687500e-1,7.296875000e-1,5.898437500e-2,
3.360312500e+2,5.721250000e-1,7.302343750e-1,6.023437500e-2,
3.417656250e+2,5.760312500e-1,7.303906250e-1,5.007812500e-2,
3.459375000e+2,5.760625000e-1,7.274218750e-1,4.984375000e-2,
3.478593750e+2,5.758750000e-1,7.523437500e-1,4.976562500e-2,
3.483593750e+2,5.845312500e-1,7.036718750e-1,5.859375000e-2,
3.400000000e+2,5.685312500e-1,7.239062500e-1,7.726562500e-2,
3.459531250e+2,5.758437500e-1,7.300781250e-1,7.953125000e-2,
3.459843750e+2,5.720937500e-1,7.300781250e-1,3.921875000e-2,
3.500312500e+2,5.760000000e-1,7.200000000e-1,5.015625000e-2,
3.380156250e+2,5.680312500e-1,7.400781250e-1,5.000000000e-2,
3.438593750e+2,5.640000000e-1,7.503125000e-1,4.984375000e-2,
3.480156250e+2,5.639687500e-1,7.099218750e-1,2.000000000e-2,
3.440312500e+2,5.641250000e-1,7.397656250e-1,4.078125000e-2,
3.420000000e+2,5.635312500e-1,7.302343750e-1,4.976562500e-2,
3.419687500e+2,5.759687500e-1,7.497656250e-1,2.992187500e-2,
3.460468750e+2,5.680312500e-1,7.192187500e-1,4.000000000e-2,
3.438125000e+2,5.757500000e-1,7.417187500e-1,4.984375000e-2,
3.338906250e+2,5.721875000e-1,7.502343750e-1,2.953125000e-2,
3.424531250e+2,5.758437500e-1,7.486718750e-1,4.257812500e-2,
3.475625000e+2,5.800000000e-1,7.296875000e-1,7.929687500e-2,
3.378906250e+2,5.596250000e-1,7.405468750e-1,2.804687500e-2,
3.421406250e+2,5.566875000e-1,7.399218750e-1,4.320312500e-2,
3.400312500e+2,5.722812500e-1,7.395312500e-1,4.648437500e-2,
3.440312500e+2,5.715937500e-1,7.296875000e-1,-7.812500000e-5,
3.420156250e+2,5.681562500e-1,7.418750000e-1,5.218750000e-2,
3.461250000e+2,5.718125000e-1,7.615625000e-1,4.804687500e-2,
3.437656250e+2,5.682812500e-1,7.710156250e-1,3.148437500e-2,
3.400000000e+2,5.800937500e-1,7.678125000e-1,6.984375000e-2,
3.441562500e+2,5.720000000e-1,7.382812500e-1,2.914062500e-2,
3.459062500e+2,5.720000000e-1,7.412500000e-1,5.078125000e-2,
3.420468750e+2,5.720312500e-1,7.489062500e-1,4.968750000e-2,
3.480312500e+2,5.800937500e-1,7.302343750e-1,5.000000000e-2,
3.458281250e+2,5.800312500e-1,7.605468750e-1,6.007812500e-2,
3.439218750e+2,5.840000000e-1,7.599218750e-1,5.000000000e-2,
3.397968750e+2,5.800312500e-1,7.498437500e-1,6.000000000e-2,
3.380156250e+2,5.761562500e-1,7.195312500e-1,4.992187500e-2,
3.419687500e+2,5.718125000e-1,7.591406250e-1,6.023437500e-2,
3.459531250e+2,5.793750000e-1,7.331250000e-1,3.101562500e-2,
3.419843750e+2,5.800312500e-1,7.294531250e-1,2.000000000e-2,
3.500625000e+2,5.802187500e-1,7.300000000e-1,3.007812500e-2,
3.459687500e+2,5.722812500e-1,7.395312500e-1,4.976562500e-2,
3.499687500e+2,5.715000000e-1,7.098437500e-1,3.015625000e-2,
3.419062500e+2,5.840000000e-1,7.402343750e-1,6.054687500e-2,
3.400000000e+2,5.720937500e-1,7.302343750e-1,4.992187500e-2,
3.400312500e+2,5.719062500e-1,7.200000000e-1,4.945312500e-2,
3.458125000e+2,5.760000000e-1,7.299218750e-1,1.015625000e-2,
3.462812500e+2,5.760312500e-1,7.302343750e-1,7.039062500e-2,
3.419062500e+2,5.759375000e-1,7.400000000e-1,4.015625000e-2,
3.479062500e+2,5.800312500e-1,7.405468750e-1,3.062500000e-2,
3.441250000e+2,5.803750000e-1,7.590625000e-1,4.992187500e-2,
3.459531250e+2,5.761875000e-1,7.196093750e-1,2.921875000e-2,
3.458593750e+2,5.962500000e-1,7.199218750e-1,3.031250000e-2,
3.520156250e+2,5.789062500e-1,7.100000000e-1,4.054687500e-2,
3.441093750e+2,5.680000000e-1,7.403125000e-1,4.992187500e-2,
3.458906250e+2,5.722812500e-1,7.503125000e-1,5.023437500e-2,
3.461093750e+2,5.811562500e-1,7.597656250e-1,6.992187500e-2,
3.422187500e+2,5.920625000e-1,7.289843750e-1,3.968750000e-2,
3.399062500e+2,5.881562500e-1,7.195312500e-1,5.023437500e-2,
3.436250000e+2,5.918437500e-1,6.886718750e-1,6.000000000e-2,
3.442968750e+2,5.757812500e-1,7.020312500e-1,4.960937500e-2,
3.398593750e+2,5.843750000e-1,7.196093750e-1,5.101562500e-2,
3.458437500e+2,5.837812500e-1,7.108593750e-1,5.875000000e-2,
3.439218750e+2,5.758125000e-1,7.296093750e-1,1.960937500e-2,
3.498437500e+2,5.683125000e-1,6.796875000e-1,5.156250000e-2,
3.461093750e+2,5.800937500e-1,6.996093750e-1,5.937500000e-2,
3.480781250e+2,5.716562500e-1,7.001562500e-1,4.960937500e-2,
3.404062500e+2,5.723125000e-1,7.200000000e-1,5.070312500e-2,
3.378750000e+2,5.800000000e-1,7.003125000e-1,6.000000000e-2,
3.417031250e+2,5.720625000e-1,7.093750000e-1,1.992187500e-2,
3.440625000e+2,5.763125000e-1,7.018750000e-1,5.000000000e-2,
3.419062500e+2,5.677187500e-1,6.792187500e-1,4.000000000e-2,
3.440156250e+2,5.817812500e-1,7.060937500e-1,3.992187500e-2,
3.419531250e+2,5.838750000e-1,7.109375000e-1,4.054687500e-2,
3.441406250e+2,5.758437500e-1,7.003906250e-1,6.000000000e-2,
3.416250000e+2,5.761562500e-1,6.998437500e-1,4.000000000e-2,
3.399531250e+2,5.840312500e-1,7.002343750e-1,2.000000000e-2,
3.399531250e+2,5.758125000e-1,6.901562500e-1,3.937500000e-2,
3.400937500e+2,5.680000000e-1,7.000000000e-1,6.945312500e-2,
3.442968750e+2,5.722187500e-1,7.096875000e-1,7.070312500e-2,
3.480781250e+2,5.800312500e-1,6.692968750e-1,2.039062500e-2,
3.479062500e+2,5.802187500e-1,6.801562500e-1,2.968750000e-2,
3.459062500e+2,5.878437500e-1,7.100000000e-1,5.000000000e-2,
3.439687500e+2,5.758125000e-1,6.900000000e-1,6.007812500e-2,
3.439218750e+2,5.844375000e-1,7.000000000e-1,4.109375000e-2,
3.418750000e+2,5.844687500e-1,6.900000000e-1,1.929687500e-2,
3.445625000e+2,5.918750000e-1,6.900781250e-1,7.968750000e-2,
3.476250000e+2,5.838125000e-1,7.004687500e-1,5.109375000e-2,
3.398437500e+2,5.925312500e-1,6.994531250e-1,1.882812500e-2,
3.419687500e+2,5.910625000e-1,6.902343750e-1,6.976562500e-2,
3.378437500e+2,5.803750000e-1,7.000000000e-1,4.015625000e-2,
3.426718750e+2,5.918437500e-1,6.777343750e-1,6.015625000e-2,
3.458125000e+2,5.755312500e-1,6.721093750e-1,3.000000000e-2,
3.394218750e+2,5.848437500e-1,7.225000000e-1,6.070312500e-2,
3.384375000e+2,5.833750000e-1,6.964062500e-1,4.921875000e-2,
3.441875000e+2,5.760625000e-1,6.402343750e-1,3.031250000e-2,
3.416406250e+2,5.797812500e-1,6.808593750e-1,5.015625000e-2,
3.398281250e+2,5.766562500e-1,6.585937500e-1,5.023437500e-2,
3.379062500e+2,5.880000000e-1,6.714062500e-1,7.000000000e-2,
3.426562500e+2,5.801875000e-1,7.000000000e-1,4.070312500e-2,
3.499218750e+2,5.923750000e-1,6.796093750e-1,3.906250000e-2,
3.416250000e+2,5.790000000e-1,6.897656250e-1,6.015625000e-2,
3.423281250e+2,5.721562500e-1,6.821093750e-1,4.093750000e-2,
3.482500000e+2,5.839687500e-1,6.496093750e-1,4.859375000e-2,
3.476718750e+2,5.800312500e-1,6.776562500e-1,5.968750000e-2,
3.400625000e+2,5.841562500e-1,6.706250000e-1,5.289062500e-2,
3.436875000e+2,5.799062500e-1,6.796875000e-1,2.992187500e-2,
3.457187500e+2,5.919062500e-1,6.703906250e-1,5.000000000e-2,
3.502812500e+2,5.841875000e-1,6.796875000e-1,5.000000000e-2,
3.389375000e+2,5.840625000e-1,6.999218750e-1,4.992187500e-2,
3.341250000e+2,5.724687500e-1,6.594531250e-1,3.015625000e-2,
3.351718750e+2,5.716250000e-1,6.702343750e-1,4.007812500e-2,
3.457343750e+2,5.837500000e-1,6.697656250e-1,5.000000000e-2,
3.420625000e+2,5.803125000e-1,6.603906250e-1,5.007812500e-2,
3.459843750e+2,5.799062500e-1,6.903906250e-1,6.007812500e-2,
3.419843750e+2,5.839687500e-1,6.689062500e-1,4.953125000e-2,
3.479218750e+2,5.882812500e-1,6.600781250e-1,2.882812500e-2,
3.440312500e+2,5.759687500e-1,6.700000000e-1,2.093750000e-2,
3.459062500e+2,5.883437500e-1,6.711718750e-1,6.007812500e-2,
3.442343750e+2,5.919062500e-1,6.778906250e-1,2.929687500e-2,
3.380156250e+2,5.839687500e-1,6.188281250e-1,5.148437500e-2,
3.418906250e+2,5.880000000e-1,6.542187500e-1,5.945312500e-2,
3.400937500e+2,5.799375000e-1,6.594531250e-1,4.984375000e-2,
3.400000000e+2,5.759375000e-1,6.602343750e-1,6.062500000e-2,
3.399218750e+2,5.764687500e-1,6.593750000e-1,5.804687500e-2,
3.439531250e+2,5.962500000e-1,6.615625000e-1,2.992187500e-2,
3.399687500e+2,5.830312500e-1,6.803125000e-1,5.062500000e-2,
3.377500000e+2,5.806562500e-1,6.692968750e-1,5.085937500e-2,
3.479062500e+2,5.878437500e-1,6.704687500e-1,7.000000000e-2,
3.442031250e+2,5.753437500e-1,6.692187500e-1,3.851562500e-2,
3.420156250e+2,5.805937500e-1,6.488281250e-1,3.070312500e-2,
3.417812500e+2,5.963125000e-1,6.631250000e-1,6.007812500e-2,
3.441406250e+2,5.960625000e-1,7.089843750e-1,4.007812500e-2,
3.381875000e+2,5.800000000e-1,6.493750000e-1,3.968750000e-2,
3.395312500e+2,5.837187500e-1,6.900000000e-1,7.007812500e-2,
3.459687500e+2,5.845000000e-1,6.508593750e-1,4.000000000e-2,
3.422187500e+2,5.788437500e-1,6.792968750e-1,6.000000000e-2,
3.452968750e+2,5.967187500e-1,6.507031250e-1,6.992187500e-2,
3.499218750e+2,5.729062500e-1,6.833593750e-1,6.187500000e-2,
3.438125000e+2,5.873437500e-1,6.814062500e-1,3.000000000e-2,
3.439062500e+2,5.764687500e-1,6.700000000e-1,4.960937500e-2,
3.378906250e+2,5.905312500e-1,6.800000000e-1,4.023437500e-2,
3.399843750e+2,5.926875000e-1,6.699218750e-1,4.976562500e-2,
3.380312500e+2,5.837500000e-1,6.699218750e-1,4.976562500e-2,
3.399375000e+2,5.956562500e-1,6.899218750e-1,5.062500000e-2,
3.359687500e+2,5.960625000e-1,6.704687500e-1,2.976562500e-2,
3.444375000e+2,5.920312500e-1,6.796875000e-1,5.984375000e-2,
3.539843750e+2,5.920312500e-1,6.900000000e-1,4.000000000e-2,
3.458125000e+2,5.880312500e-1,6.799218750e-1,4.992187500e-2,
3.439687500e+2,5.841250000e-1,7.000000000e-1,6.007812500e-2,
3.378593750e+2,5.839062500e-1,6.900000000e-1,5.953125000e-2,
3.380000000e+2,5.920000000e-1,6.998437500e-1,7.023437500e-2,
3.440000000e+2,5.841250000e-1,6.699218750e-1,4.039062500e-2,
3.459843750e+2,5.840000000e-1,7.002343750e-1,4.992187500e-2,
3.500156250e+2,5.839687500e-1,6.796875000e-1,3.992187500e-2,
3.459531250e+2,5.920312500e-1,7.007812500e-1,5.992187500e-2,
3.398750000e+2,5.959687500e-1,6.995312500e-1,5.000000000e-2,
3.380000000e+2,5.960312500e-1,6.800000000e-1,3.960937500e-2,
3.400156250e+2,5.999375000e-1,6.900000000e-1,5.992187500e-2,
3.420000000e+2,5.918125000e-1,7.101562500e-1,4.015625000e-2,
3.420000000e+2,5.879375000e-1,7.000781250e-1,4.000000000e-2,
3.439843750e+2,5.839375000e-1,6.799218750e-1,3.960937500e-2,
3.420781250e+2,5.839687500e-1,6.898437500e-1,6.929687500e-2,
3.400000000e+2,5.878437500e-1,7.201562500e-1,7.109375000e-2,
3.479531250e+2,5.882812500e-1,7.101562500e-1,3.007812500e-2,
3.420000000e+2,5.837500000e-1,6.700000000e-1,4.023437500e-2,
3.439843750e+2,5.997500000e-1,6.896093750e-1,4.007812500e-2,
3.460000000e+2,5.964687500e-1,6.814062500e-1,3.976562500e-2,
3.479218750e+2,5.918750000e-1,6.693750000e-1,6.015625000e-2,
3.440000000e+2,5.958125000e-1,6.875000000e-1,3.101562500e-2,
3.460156250e+2,5.933437500e-1,6.928906250e-1,2.953125000e-2,
3.359218750e+2,5.837187500e-1,6.714062500e-1,3.875000000e-2,
3.360000000e+2,5.880312500e-1,6.783593750e-1,5.000000000e-2,
3.419843750e+2,5.799687500e-1,6.896093750e-1,4.039062500e-2,
3.380000000e+2,5.955000000e-1,6.900000000e-1,3.968750000e-2,
3.400000000e+2,5.960312500e-1,6.899218750e-1,4.953125000e-2,
3.379218750e+2,5.921562500e-1,6.981250000e-1,7.000000000e-2,
3.459375000e+2,5.840312500e-1,7.202343750e-1,5.984375000e-2,
3.439531250e+2,5.880312500e-1,6.914062500e-1,8.000000000e-2,
3.481250000e+2,5.919687500e-1,6.871093750e-1,6.023437500e-2,
3.400781250e+2,5.960000000e-1,7.294531250e-1,6.992187500e-2,
3.440000000e+2,5.919687500e-1,7.106250000e-1,6.007812500e-2,
3.363593750e+2,5.920000000e-1,7.003125000e-1,6.062500000e-2,
3.377343750e+2,5.879687500e-1,6.800000000e-1,2.976562500e-2,
3.439062500e+2,5.921250000e-1,7.000781250e-1,6.000000000e-2,
3.440781250e+2,5.960000000e-1,6.903125000e-1,3.000000000e-2,
3.420156250e+2,5.918125000e-1,7.096875000e-1,6.007812500e-2,
3.419843750e+2,5.840000000e-1,6.799218750e-1,2.992187500e-2,
3.440000000e+2,5.880312500e-1,7.097656250e-1,4.000000000e-2,
3.419843750e+2,5.834375000e-1,6.900781250e-1,2.992187500e-2,
3.419687500e+2,5.804375000e-1,6.800000000e-1,4.976562500e-2,
3.360000000e+2,6.005625000e-1,6.901562500e-1,4.023437500e-2,
3.417187500e+2,5.914062500e-1,7.196875000e-1,3.992187500e-2,
3.461250000e+2,5.923437500e-1,6.797656250e-1,4.000000000e-2,
3.380937500e+2,5.960000000e-1,7.003906250e-1,4.000000000e-2,
3.454375000e+2,5.871250000e-1,7.100000000e-1,4.000000000e-2,
3.520625000e+2,5.761562500e-1,7.099218750e-1,3.992187500e-2,
3.422812500e+2,5.881250000e-1,7.100000000e-1,4.976562500e-2,
3.338906250e+2,5.838437500e-1,7.296875000e-1,6.015625000e-2,
3.419218750e+2,5.884062500e-1,7.311718750e-1,4.992187500e-2,
3.380156250e+2,5.919375000e-1,6.924218750e-1,6.929687500e-2,
3.439375000e+2,5.841250000e-1,6.868750000e-1,6.140625000e-2,
3.382812500e+2,5.839062500e-1,7.111718750e-1,4.031250000e-2,
3.359375000e+2,5.915937500e-1,6.880468750e-1,5.664062500e-2,
3.379687500e+2,5.891875000e-1,7.201562500e-1,8.101562500e-2,
3.419687500e+2,5.800000000e-1,6.903906250e-1,5.976562500e-2,
3.440000000e+2,5.840625000e-1,7.091406250e-1,5.960937500e-2,
3.400000000e+2,5.760312500e-1,7.100000000e-1,2.976562500e-2,
3.420156250e+2,5.839375000e-1,6.999218750e-1,3.046875000e-2,
3.360312500e+2,5.881562500e-1,6.998437500e-1,5.000000000e-2,
3.379843750e+2,5.763437500e-1,6.998437500e-1,4.000000000e-2,
3.359843750e+2,5.674375000e-1,6.800000000e-1,5.046875000e-2,
3.400000000e+2,5.915000000e-1,7.002343750e-1,4.968750000e-2,
3.360156250e+2,5.804687500e-1,6.998437500e-1,3.000000000e-2,
3.420937500e+2,5.719375000e-1,7.116406250e-1,5.000000000e-2,
3.439687500e+2,5.799062500e-1,7.180468750e-1,6.984375000e-2,
3.398281250e+2,5.796562500e-1,6.671875000e-1,3.945312500e-2,
3.359375000e+2,5.958437500e-1,6.733593750e-1,4.062500000e-2,
3.361406250e+2,5.920000000e-1,7.105468750e-1,5.046875000e-2,
3.379687500e+2,5.797812500e-1,6.878125000e-1,4.890625000e-2,
3.360156250e+2,5.716875000e-1,6.811718750e-1,1.820312500e-2,
3.357656250e+2,5.721250000e-1,6.883593750e-1,2.156250000e-2,
3.343906250e+2,5.803750000e-1,6.721093750e-1,5.179687500e-2,
3.462500000e+2,5.793750000e-1,6.970312500e-1,6.992187500e-2,
3.416875000e+2,5.677500000e-1,6.517968750e-1,5.968750000e-2,
3.400312500e+2,5.766875000e-1,7.122656250e-1,6.007812500e-2,
3.420625000e+2,5.839375000e-1,6.660937500e-1,4.914062500e-2,
3.438593750e+2,5.760000000e-1,6.947656250e-1,2.992187500e-2,
3.358906250e+2,5.720000000e-1,7.297656250e-1,4.007812500e-2,
3.423281250e+2,5.760312500e-1,6.980468750e-1,2.960937500e-2,
3.479375000e+2,5.799687500e-1,6.898437500e-1,3.000000000e-2,
3.357812500e+2,5.800937500e-1,6.796093750e-1,4.023437500e-2,
3.400625000e+2,5.880000000e-1,6.800781250e-1,3.000000000e-2,
3.359843750e+2,5.801562500e-1,7.000781250e-1,6.984375000e-2,
3.420937500e+2,5.679687500e-1,6.996875000e-1,5.023437500e-2,
3.419843750e+2,5.791250000e-1,7.193750000e-1,5.023437500e-2,
3.438906250e+2,5.840000000e-1,7.113281250e-1,2.984375000e-2,
3.340312500e+2,5.813750000e-1,6.959375000e-1,5.000000000e-2,
3.360781250e+2,5.720312500e-1,6.700000000e-1,4.007812500e-2,
3.380625000e+2,5.761250000e-1,7.101562500e-1,7.000000000e-2,
3.419531250e+2,5.677812500e-1,6.678906250e-1,3.953125000e-2,
3.359375000e+2,5.840000000e-1,6.603125000e-1,5.031250000e-2,
3.359843750e+2,5.721562500e-1,6.999218750e-1,3.992187500e-2,
3.339843750e+2,5.640312500e-1,6.796875000e-1,5.023437500e-2,
3.358593750e+2,5.680937500e-1,6.896875000e-1,6.000000000e-2,
3.398281250e+2,5.760625000e-1,6.995312500e-1,4.968750000e-2,
3.401250000e+2,5.680937500e-1,6.796875000e-1,3.992187500e-2,
3.342031250e+2,5.679375000e-1,6.794531250e-1,6.007812500e-2,
3.356093750e+2,5.637500000e-1,6.610156250e-1,3.929687500e-2,
3.420312500e+2,5.802500000e-1,7.002343750e-1,3.039062500e-2,
3.360156250e+2,5.875937500e-1,6.792187500e-1,3.968750000e-2,
3.418750000e+2,5.714687500e-1,6.800781250e-1,3.062500000e-2,
3.420468750e+2,5.679062500e-1,7.003125000e-1,6.007812500e-2,
3.420000000e+2,5.595312500e-1,7.096093750e-1,2.960937500e-2,
3.401250000e+2,5.566562500e-1,6.899218750e-1,3.007812500e-2,
3.343593750e+2,5.730625000e-1,7.108593750e-1,4.007812500e-2,
3.298125000e+2,5.797187500e-1,7.096875000e-1,5.015625000e-2,
3.373281250e+2,5.637187500e-1,6.995312500e-1,7.007812500e-2,
3.384375000e+2,5.600000000e-1,6.885156250e-1,3.960937500e-2,
3.336562500e+2,5.600625000e-1,6.701562500e-1,6.140625000e-2,
3.437656250e+2,5.641250000e-1,6.792187500e-1,5.882812500e-2,
3.382343750e+2,5.639062500e-1,6.603125000e-1,2.929687500e-2,
3.401093750e+2,5.647187500e-1,7.001562500e-1,3.031250000e-2,
3.340468750e+2,5.843125000e-1,6.706250000e-1,4.132812500e-2,
3.398750000e+2,5.795937500e-1,6.703125000e-1,7.062500000e-2,
3.360937500e+2,5.719375000e-1,7.000000000e-1,6.945312500e-2,
3.398437500e+2,5.641562500e-1,7.000000000e-1,5.000000000e-2,
3.381406250e+2,5.440625000e-1,7.009375000e-1,3.992187500e-2,
3.380000000e+2,5.625937500e-1,6.706250000e-1,3.000000000e-2,
3.378281250e+2,5.582187500e-1,6.953125000e-1,4.984375000e-2,
3.370312500e+2,5.473437500e-1,7.190625000e-1,6.015625000e-2,
3.280156250e+2,5.602812500e-1,7.035937500e-1,3.929687500e-2,
3.367031250e+2,5.678437500e-1,6.594531250e-1,4.000000000e-2,
3.312500000e+2,5.559375000e-1,6.994531250e-1,4.000000000e-2,
3.301406250e+2,5.641250000e-1,6.712500000e-1,3.000000000e-2,
3.297187500e+2,5.598750000e-1,6.692968750e-1,4.945312500e-2,
3.282812500e+2,5.520000000e-1,7.000000000e-1,6.007812500e-2,
3.338906250e+2,5.522187500e-1,7.096093750e-1,4.054687500e-2,
3.280000000e+2,5.680312500e-1,6.696093750e-1,2.000000000e-2,
3.342343750e+2,5.635312500e-1,6.800781250e-1,3.976562500e-2,
3.318906250e+2,5.479687500e-1,6.900781250e-1,6.000000000e-2,
3.320000000e+2,5.564062500e-1,7.000000000e-1,2.015625000e-2,
3.344843750e+2,5.606562500e-1,7.100000000e-1,3.960937500e-2,
3.420468750e+2,5.723437500e-1,7.000000000e-1,3.000000000e-2,
3.354218750e+2,5.582187500e-1,6.899218750e-1,4.968750000e-2,
3.341562500e+2,5.443125000e-1,6.909375000e-1,6.031250000e-2,
3.337031250e+2,5.560312500e-1,7.103125000e-1,3.070312500e-2,
3.300937500e+2,5.433437500e-1,6.989062500e-1,2.960937500e-2,
3.365312500e+2,5.441250000e-1,6.900781250e-1,4.960937500e-2,
3.378437500e+2,5.441250000e-1,7.007812500e-1,5.132812500e-2,
3.358125000e+2,5.525937500e-1,7.103125000e-1,1.000000000e-2,
3.337968750e+2,5.555312500e-1,7.096093750e-1,5.085937500e-2,
3.319843750e+2,5.479375000e-1,6.995312500e-1,4.984375000e-2,
3.343593750e+2,5.569375000e-1,6.896093750e-1,6.046875000e-2,
3.357812500e+2,5.594687500e-1,6.907031250e-1,6.007812500e-2,
3.342812500e+2,5.518437500e-1,7.102343750e-1,6.984375000e-2,
3.378593750e+2,5.565000000e-1,6.995312500e-1,5.000000000e-2,
3.340156250e+2,5.508750000e-1,7.003125000e-1,6.000000000e-2,
3.356718750e+2,5.352812500e-1,7.103125000e-1,4.070312500e-2,
3.278906250e+2,5.408125000e-1,7.102343750e-1,3.046875000e-2,
3.344687500e+2,5.560937500e-1,6.978906250e-1,2.906250000e-2,
3.379687500e+2,5.560312500e-1,7.493750000e-1,5.726562500e-2,
3.358750000e+2,5.484375000e-1,7.062500000e-1,7.210937500e-2,
3.323593750e+2,5.404062500e-1,6.995312500e-1,3.218750000e-2,
3.279375000e+2,5.399687500e-1,6.815625000e-1,4.031250000e-2,
3.335468750e+2,5.400625000e-1,6.691406250e-1,4.000000000e-2,
3.361562500e+2,5.398750000e-1,7.097656250e-1,4.007812500e-2,
3.339531250e+2,5.478437500e-1,7.100000000e-1,5.000000000e-2,
3.376093750e+2,5.485312500e-1,7.101562500e-1,4.039062500e-2,
3.399218750e+2,5.359062500e-1,6.997656250e-1,4.007812500e-2,
3.384843750e+2,5.442812500e-1,6.901562500e-1,6.992187500e-2,
3.337656250e+2,5.315625000e-1,7.206250000e-1,2.898437500e-2,
3.401562500e+2,5.555937500e-1,7.294531250e-1,2.062500000e-2,
3.300781250e+2,5.480312500e-1,7.096093750e-1,6.015625000e-2,
3.359687500e+2,5.479687500e-1,7.100000000e-1,2.859375000e-2,
3.280156250e+2,5.480937500e-1,7.000000000e-1,3.070312500e-2,
3.338125000e+2,5.559375000e-1,6.988281250e-1,5.039062500e-2,
3.303281250e+2,5.398125000e-1,6.696093750e-1,3.921875000e-2,
3.257187500e+2,5.320937500e-1,6.919531250e-1,2.976562500e-2,
3.339843750e+2,5.441562500e-1,7.124218750e-1,4.187500000e-2,
3.280000000e+2,5.439687500e-1,7.178906250e-1,5.765625000e-2,
3.377343750e+2,5.359687500e-1,6.902343750e-1,2.054687500e-2,
3.361406250e+2,5.443750000e-1,7.092187500e-1,6.015625000e-2,
3.340781250e+2,5.474687500e-1,6.917187500e-1,1.804687500e-2,
3.299687500e+2,5.360937500e-1,7.303125000e-1,4.164062500e-2,
3.259687500e+2,5.437187500e-1,6.875781250e-1,5.101562500e-2,
3.299218750e+2,5.275312500e-1,6.808593750e-1,5.843750000e-2,
3.300468750e+2,5.369375000e-1,6.896093750e-1,3.007812500e-2,
3.317343750e+2,5.440312500e-1,6.798437500e-1,6.054687500e-2,
3.359218750e+2,5.397500000e-1,6.905468750e-1,4.984375000e-2,
3.341093750e+2,5.320000000e-1,6.896093750e-1,4.007812500e-2,
3.321406250e+2,5.360000000e-1,6.906250000e-1,2.992187500e-2,
3.263281250e+2,5.399687500e-1,7.198437500e-1,3.984375000e-2,
3.256093750e+2,5.401250000e-1,7.217968750e-1,4.000000000e-2,
3.320156250e+2,5.362187500e-1,6.907031250e-1,4.000000000e-2,
3.280156250e+2,5.358125000e-1,7.001562500e-1,6.007812500e-2,
3.320937500e+2,5.364375000e-1,6.886718750e-1,4.039062500e-2,
3.298281250e+2,5.321250000e-1,7.090625000e-1,5.968750000e-2,
3.322656250e+2,5.356250000e-1,7.000781250e-1,5.156250000e-2,
3.377812500e+2,5.431250000e-1,6.900781250e-1,9.531250000e-3,
3.257812500e+2,5.485625000e-1,6.999218750e-1,5.898437500e-2,
3.282343750e+2,5.291250000e-1,6.799218750e-1,6.132812500e-2,
3.299531250e+2,5.314375000e-1,7.101562500e-1,4.960937500e-2,
3.278125000e+2,5.480000000e-1,7.005468750e-1,6.968750000e-2,
3.282187500e+2,5.327187500e-1,6.998437500e-1,6.046875000e-2,
3.360937500e+2,5.318437500e-1,7.000000000e-1,3.000000000e-2,
3.339843750e+2,5.320312500e-1,6.800000000e-1,4.992187500e-2,
3.380625000e+2,5.203437500e-1,6.999218750e-1,5.031250000e-2,
3.296406250e+2,5.160000000e-1,6.699218750e-1,4.953125000e-2,
3.180000000e+2,5.196250000e-1,6.902343750e-1,6.015625000e-2,
3.280000000e+2,5.320625000e-1,6.803125000e-1,4.031250000e-2,
3.320781250e+2,5.200625000e-1,6.597656250e-1,4.984375000e-2,
3.219375000e+2,5.279375000e-1,6.711718750e-1,6.968750000e-2,
3.280312500e+2,5.239687500e-1,7.106250000e-1,8.000000000e-2,
3.281093750e+2,5.239687500e-1,6.995312500e-1,6.000000000e-2,
3.361093750e+2,5.199687500e-1,6.900000000e-1,5.945312500e-2,
3.339843750e+2,5.242500000e-1,6.900000000e-1,7.085937500e-2,
3.360000000e+2,5.320000000e-1,6.797656250e-1,3.015625000e-2,
3.319687500e+2,5.237500000e-1,6.798437500e-1,5.000000000e-2,
3.299843750e+2,5.200312500e-1,7.100781250e-1,7.078125000e-2,
3.280468750e+2,5.240000000e-1,7.100000000e-1,3.000000000e-2,
3.280000000e+2,5.201250000e-1,7.099218750e-1,5.960937500e-2,
3.280468750e+2,5.162187500e-1,6.801562500e-1,4.000000000e-2,
3.260000000e+2,5.119375000e-1,6.700781250e-1,4.984375000e-2,
3.299687500e+2,5.198437500e-1,6.799218750e-1,2.984375000e-2,
3.340000000e+2,5.203437500e-1,6.797656250e-1,6.992187500e-2,
3.319218750e+2,5.120312500e-1,6.892968750e-1,5.015625000e-2,
3.300000000e+2,5.158750000e-1,6.903906250e-1,6.937500000e-2,
3.319687500e+2,5.154062500e-1,6.832031250e-1,6.054687500e-2,
3.319843750e+2,5.236562500e-1,6.678125000e-1,5.945312500e-2,
3.280000000e+2,5.200000000e-1,6.977343750e-1,6.000000000e-2,
3.240000000e+2,5.200312500e-1,6.922656250e-1,5.085937500e-2,
3.240000000e+2,5.081562500e-1,6.792187500e-1,3.953125000e-2,
3.200937500e+2,5.119687500e-1,6.901562500e-1,5.976562500e-2,
3.199687500e+2,5.118125000e-1,6.708593750e-1,6.007812500e-2,
3.200000000e+2,5.240000000e-1,6.790625000e-1,6.023437500e-2,
3.180781250e+2,5.119375000e-1,6.802343750e-1,4.007812500e-2,
3.194218750e+2,5.160000000e-1,6.791406250e-1,4.960937500e-2,
3.319218750e+2,5.120000000e-1,6.810937500e-1,5.015625000e-2,
3.243437500e+2,5.159687500e-1,6.497656250e-1,3.007812500e-2,
3.259531250e+2,5.080000000e-1,6.895312500e-1,3.984375000e-2,
3.238750000e+2,5.080000000e-1,6.700000000e-1,4.921875000e-2,
3.300625000e+2,5.080625000e-1,6.700781250e-1,8.015625000e-2,
3.221093750e+2,5.120000000e-1,6.803125000e-1,4.015625000e-2,
3.259687500e+2,5.038437500e-1,6.903125000e-1,6.007812500e-2,
3.180156250e+2,5.000000000e-1,7.000000000e-1,4.000000000e-2,
3.198906250e+2,5.000625000e-1,6.900781250e-1,5.992187500e-2,
3.279843750e+2,5.041250000e-1,6.800781250e-1,3.007812500e-2,
3.179687500e+2,5.039687500e-1,6.697656250e-1,2.929687500e-2,
3.199687500e+2,4.994062500e-1,6.300000000e-1,6.929687500e-2,
3.240156250e+2,4.966250000e-1,6.808593750e-1,7.046875000e-2,
3.219843750e+2,5.120312500e-1,6.697656250e-1,4.031250000e-2,
3.240000000e+2,4.997187500e-1,6.903906250e-1,6.062500000e-2,
3.219531250e+2,5.042812500e-1,6.994531250e-1,8.023437500e-2,
3.240625000e+2,5.039687500e-1,6.596093750e-1,2.007812500e-2,
3.180000000e+2,5.039062500e-1,6.900000000e-1,5.937500000e-2,
3.238750000e+2,4.955937500e-1,7.000781250e-1,6.062500000e-2,
3.240156250e+2,4.967812500e-1,6.811718750e-1,5.000000000e-2,
3.278125000e+2,5.119062500e-1,6.606250000e-1,5.984375000e-2,
3.301406250e+2,4.882500000e-1,6.746875000e-1,5.929687500e-2,
3.222500000e+2,4.918750000e-1,7.125781250e-1,7.171875000e-2,
3.200000000e+2,4.880000000e-1,6.619531250e-1,3.109375000e-2,
3.199843750e+2,4.985000000e-1,6.943750000e-1,4.906250000e-2,
3.239375000e+2,5.040937500e-1,6.806250000e-1,4.000000000e-2,
3.280000000e+2,5.000312500e-1,6.692187500e-1,6.023437500e-2,
3.220156250e+2,4.961875000e-1,7.000000000e-1,3.976562500e-2,
3.220000000e+2,4.760312500e-1,6.799218750e-1,4.031250000e-2,
3.219843750e+2,4.838125000e-1,6.800000000e-1,5.000000000e-2,
3.220468750e+2,4.761875000e-1,6.699218750e-1,5.000000000e-2,
3.199687500e+2,4.718437500e-1,6.799218750e-1,4.984375000e-2,
3.259843750e+2,4.795937500e-1,6.905468750e-1,3.984375000e-2,
3.241718750e+2,4.877187500e-1,7.201562500e-1,4.000000000e-2,
3.200312500e+2,4.960937500e-1,6.984375000e-1,5.000000000e-2,
3.239687500e+2,4.845312500e-1,6.897656250e-1,5.992187500e-2,
3.157656250e+2,4.872500000e-1,6.909375000e-1,4.992187500e-2,
3.161406250e+2,5.000937500e-1,6.989062500e-1,6.054687500e-2,
3.179843750e+2,4.760000000e-1,6.800781250e-1,5.984375000e-2,
3.180625000e+2,4.760937500e-1,7.128125000e-1,3.750000000e-2,
3.222656250e+2,4.755937500e-1,7.177343750e-1,5.468750000e-4,
3.193437500e+2,4.719687500e-1,6.788281250e-1,4.187500000e-2,
3.100625000e+2,4.716562500e-1,6.910156250e-1,2.875000000e-2,
3.203906250e+2,4.640625000e-1,6.898437500e-1,4.203125000e-2,
3.198281250e+2,4.720937500e-1,6.889062500e-1,6.898437500e-2,
3.178906250e+2,4.680312500e-1,6.940625000e-1,2.968750000e-2,
3.139531250e+2,4.718437500e-1,7.300000000e-1,6.046875000e-2,
3.119843750e+2,4.600000000e-1,7.103125000e-1,3.921875000e-2,
3.140781250e+2,4.639375000e-1,7.291406250e-1,3.976562500e-2,
3.180468750e+2,4.560312500e-1,7.004687500e-1,3.023437500e-2,
3.180000000e+2,4.679687500e-1,7.407031250e-1,4.992187500e-2,
3.179218750e+2,4.559687500e-1,7.196093750e-1,2.054687500e-2,
3.137968750e+2,4.679687500e-1,7.300000000e-1,3.000000000e-2,
3.122031250e+2,4.602187500e-1,7.300000000e-1,4.992187500e-2,
3.179687500e+2,4.362187500e-1,7.398437500e-1,5.015625000e-2,
3.139843750e+2,4.470625000e-1,7.392968750e-1,4.000000000e-2,
3.199531250e+2,4.515937500e-1,7.580468750e-1,3.992187500e-2,
3.100312500e+2,4.563750000e-1,7.553125000e-1,4.820312500e-2,
3.121093750e+2,4.483437500e-1,7.400000000e-1,8.007812500e-2,
3.140468750e+2,4.480937500e-1,7.901562500e-1,6.914062500e-2,
3.159062500e+2,4.401875000e-1,7.485156250e-1,3.953125000e-2,
3.120312500e+2,4.399687500e-1,7.500781250e-1,4.046875000e-2,
3.160156250e+2,4.320625000e-1,7.500000000e-1,5.000000000e-2,
3.059375000e+2,4.280000000e-1,7.602343750e-1,5.007812500e-2,
3.097031250e+2,4.320937500e-1,7.798437500e-1,5.992187500e-2,
3.140000000e+2,4.400312500e-1,7.795312500e-1,4.992187500e-2,
3.121093750e+2,4.321562500e-1,7.705468750e-1,5.992187500e-2,
3.099687500e+2,4.280000000e-1,7.900000000e-1,6.992187500e-2,
3.101250000e+2,4.243125000e-1,7.689843750e-1,5.976562500e-2,
3.079218750e+2,4.200625000e-1,7.803125000e-1,4.953125000e-2,
3.139062500e+2,4.278750000e-1,8.003906250e-1,3.976562500e-2,
3.101562500e+2,4.200937500e-1,7.998437500e-1,5.117187500e-2,
3.039843750e+2,4.276875000e-1,8.103125000e-1,6.953125000e-2,
3.080156250e+2,4.115625000e-1,8.296875000e-1,2.953125000e-2,
3.040000000e+2,4.117812500e-1,8.099218750e-1,3.007812500e-2,
3.097968750e+2,4.040312500e-1,8.420312500e-1,4.031250000e-2,
3.081875000e+2,4.164375000e-1,8.596875000e-1,7.007812500e-2,
3.079687500e+2,4.155937500e-1,8.404687500e-1,6.992187500e-2,
3.078906250e+2,3.956875000e-1,8.717187500e-1,5.921875000e-2,
3.083281250e+2,4.004062500e-1,8.692187500e-1,4.117187500e-2,
3.002812500e+2,4.038750000e-1,8.719531250e-1,7.992187500e-2,
3.036406250e+2,3.999375000e-1,9.098437500e-1,3.843750000e-2,
3.060937500e+2,4.002187500e-1,8.697656250e-1,4.062500000e-2,
3.041250000e+2,3.996562500e-1,8.995312500e-1,3.859375000e-2,
3.021093750e+2,3.879687500e-1,9.000781250e-1,3.085937500e-2,
2.999843750e+2,3.959062500e-1,9.200000000e-1,5.976562500e-2,
3.019375000e+2,3.800625000e-1,9.099218750e-1,2.000000000e-2,
3.019062500e+2,3.799375000e-1,9.285937500e-1,3.007812500e-2,
3.040312500e+2,3.761562500e-1,9.404687500e-1,4.000000000e-2,
3.019218750e+2,3.792187500e-1,9.300000000e-1,4.984375000e-2,
3.038906250e+2,3.810312500e-1,9.458593750e-1,6.953125000e-2,
2.997812500e+2,3.718750000e-1,9.522656250e-1,6.914062500e-2,
3.023437500e+2,3.636562500e-1,9.188281250e-1,4.015625000e-2,
3.019062500e+2,3.519062500e-1,9.688281250e-1,3.000000000e-2,
2.995156250e+2,3.601562500e-1,9.607031250e-1,3.007812500e-2,
2.939218750e+2,3.599062500e-1,9.596875000e-1,4.921875000e-2,
2.983125000e+2,3.520000000e-1,9.700000000e-1,7.039062500e-2,
2.975937500e+2,3.477500000e-1,9.798437500e-1,4.015625000e-2,
2.898750000e+2,3.359687500e-1,9.596875000e-1,5.007812500e-2,
2.944531250e+2,3.400312500e-1,9.700000000e-1,2.007812500e-2,
3.000468750e+2,3.357812500e-1,9.698437500e-1,3.000000000e-2,
2.952500000e+2,3.363125000e-1,9.300000000e-1,5.007812500e-2,
2.879687500e+2,3.395937500e-1,9.697656250e-1,3.046875000e-2,
2.922812500e+2,3.319375000e-1,9.800000000e-1,3.921875000e-2,
2.918281250e+2,3.357812500e-1,9.399218750e-1,7.992187500e-2,
2.922187500e+2,3.278125000e-1,9.715625000e-1,5.062500000e-2,
2.962812500e+2,3.274687500e-1,9.697656250e-1,3.960937500e-2,
2.979062500e+2,3.115937500e-1,9.692187500e-1,4.984375000e-2,
2.934375000e+2,3.160937500e-1,9.496093750e-1,5.000000000e-2,
2.902500000e+2,3.118750000e-1,9.492968750e-1,4.968750000e-2,
2.939375000e+2,3.115625000e-1,9.286718750e-1,5.023437500e-2,
2.898593750e+2,3.041875000e-1,9.310937500e-1,3.007812500e-2,
2.896718750e+2,3.120312500e-1,9.396093750e-1,5.015625000e-2,
2.863125000e+2,3.035937500e-1,9.301562500e-1,3.976562500e-2,
2.894375000e+2,3.085625000e-1,9.394531250e-1,4.992187500e-2,
2.797031250e+2,3.069375000e-1,9.087500000e-1,4.007812500e-2,
2.842343750e+2,2.909062500e-1,8.997656250e-1,5.984375000e-2,
2.796562500e+2,2.877812500e-1,8.896093750e-1,5.046875000e-2,
2.827343750e+2,2.889062500e-1,8.794531250e-1,3.984375000e-2,
2.899375000e+2,2.998437500e-1,8.598437500e-1,4.937500000e-2,
2.814687500e+2,2.878437500e-1,8.796093750e-1,4.195312500e-2,
2.826406250e+2,2.920000000e-1,8.620312500e-1,2.804687500e-2,
2.919375000e+2,2.848125000e-1,8.510156250e-1,7.679687500e-2,
2.822812500e+2,2.721562500e-1,8.351562500e-1,7.500000000e-2,
2.858281250e+2,2.759687500e-1,8.022656250e-1,3.984375000e-2,
2.805000000e+2,2.683125000e-1,7.696875000e-1,5.000000000e-2,
2.761406250e+2,2.678125000e-1,8.096875000e-1,9.843750000e-3,
2.774062500e+2,2.683125000e-1,7.898437500e-1,2.000000000e-2,
2.841406250e+2,2.482500000e-1,7.697656250e-1,1.992187500e-2,
2.780000000e+2,2.595000000e-1,7.701562500e-1,4.007812500e-2,
2.854687500e+2,2.640000000e-1,7.493750000e-1,4.039062500e-2,
2.843437500e+2,2.640625000e-1,6.999218750e-1,6.007812500e-2,
2.802187500e+2,2.564687500e-1,7.203906250e-1,3.968750000e-2,
2.779375000e+2,2.400312500e-1,6.879687500e-1,4.000000000e-2,
2.820468750e+2,2.438125000e-1,6.497656250e-1,4.039062500e-2,
2.760312500e+2,2.440000000e-1,6.506250000e-1,4.953125000e-2,
2.779062500e+2,2.397500000e-1,6.487500000e-1,3.000000000e-2,
2.761718750e+2,2.320312500e-1,6.186718750e-1,3.953125000e-2,
2.738906250e+2,2.318437500e-1,5.978906250e-1,8.750000000e-3,
2.796875000e+2,2.160312500e-1,5.804687500e-1,2.234375000e-2,
2.803906250e+2,2.320312500e-1,5.770312500e-1,4.937500000e-2,
2.662187500e+2,2.239375000e-1,5.158593750e-1,1.929687500e-2,
2.716250000e+2,2.280625000e-1,4.992968750e-1,3.187500000e-2,
2.800468750e+2,2.236250000e-1,4.774218750e-1,3.867187500e-2,
2.719531250e+2,2.153437500e-1,4.475000000e-1,3.164062500e-2,
2.697031250e+2,2.034687500e-1,4.183593750e-1,5.914062500e-2,
2.799531250e+2,2.042812500e-1,3.996875000e-1,3.078125000e-2,
2.761250000e+2,2.125312500e-1,3.878906250e-1,6.992187500e-2,
2.760781250e+2,2.156875000e-1,3.476562500e-1,2.953125000e-2,
2.687187500e+2,1.994375000e-1,3.187500000e-1,6.023437500e-2,
2.656406250e+2,1.880312500e-1,2.993750000e-1,6.000000000e-2,
2.721250000e+2,1.920000000e-1,2.891406250e-1,5.992187500e-2,
2.640312500e+2,1.920000000e-1,2.601562500e-1,4.054687500e-2,
2.734687500e+2,1.959375000e-1,2.397656250e-1,1.000000000e-2,
2.723750000e+2,1.923437500e-1,2.330468750e-1,5.000000000e-2,
2.701562500e+2,1.885625000e-1,1.857812500e-1,8.007812500e-2,
2.680156250e+2,1.835937500e-1,1.717968750e-1,6.085937500e-2,
2.678125000e+2,1.882812500e-1,1.520312500e-1,5.992187500e-2,
2.662812500e+2,1.800312500e-1,1.201562500e-1,5.085937500e-2,
2.802812500e+2,1.880312500e-1,1.001562500e-1,2.992187500e-2,
2.715625000e+2,1.765000000e-1,9.984375000e-2,4.953125000e-2,
2.640312500e+2,1.763125000e-1,7.023437500e-2,5.070312500e-2,
2.659218750e+2,1.643125000e-1,4.015625000e-2,4.914062500e-2,
2.619843750e+2,1.678437500e-1,5.937500000e-2,7.039062500e-2,
2.682187500e+2,1.725625000e-1,4.070312500e-2,2.023437500e-2,
2.697812500e+2,1.560937500e-1,-2.000000000e-2,3.992187500e-2,
2.660468750e+2,1.600000000e-1,-1.000000000e-2,2.992187500e-2,
2.720937500e+2,1.480937500e-1,-3.031250000e-2,5.929687500e-2,
2.677656250e+2,1.598750000e-1,-6.007812500e-2,5.109375000e-2,
2.620000000e+2,1.602187500e-1,-4.984375000e-2,2.976562500e-2,
2.660000000e+2,1.521562500e-1,-7.953125000e-2,5.953125000e-2,
2.620156250e+2,1.440937500e-1,-1.104687500e-1,5.007812500e-2,
2.681250000e+2,1.399375000e-1,-1.207031250e-1,6.968750000e-2,
2.699843750e+2,1.480312500e-1,-1.407812500e-1,7.007812500e-2,
2.658593750e+2,1.439687500e-1,-1.502343750e-1,4.000000000e-2,
2.619687500e+2,1.439687500e-1,-1.500000000e-1,3.968750000e-2,
2.660781250e+2,1.400000000e-1,-1.500000000e-1,4.992187500e-2,
2.720000000e+2,1.440000000e-1,-1.803125000e-1,5.000000000e-2,
2.658906250e+2,1.398750000e-1,-1.799218750e-1,5.000000000e-2,
2.599375000e+2,1.400312500e-1,-2.001562500e-1,3.953125000e-2,
2.679843750e+2,1.400000000e-1,-2.200781250e-1,6.976562500e-2,
2.600000000e+2,1.363125000e-1,-1.898437500e-1,6.007812500e-2,
2.597500000e+2,1.206250000e-1,-2.198437500e-1,6.015625000e-2,
2.680000000e+2,1.157812500e-1,-2.400000000e-1,2.007812500e-2,
2.640312500e+2,1.279062500e-1,-2.304687500e-1,5.992187500e-2,
2.600000000e+2,1.243125000e-1,-2.103125000e-1,3.015625000e-2,
2.599843750e+2,1.237187500e-1,-2.195312500e-1,5.921875000e-2,
2.600000000e+2,1.278750000e-1,-2.190625000e-1,6.007812500e-2,
2.600000000e+2,1.251250000e-1,-2.310937500e-1,6.070312500e-2,
2.579531250e+2,1.188437500e-1,-2.180468750e-1,3.148437500e-2,
2.560000000e+2,1.279687500e-1,-2.486718750e-1,3.984375000e-2,
2.619375000e+2,1.200312500e-1,-2.316406250e-1,5.859375000e-2,
2.620000000e+2,1.239687500e-1,-2.308593750e-1,8.046875000e-2,
2.601406250e+2,1.160312500e-1,-2.100000000e-1,5.031250000e-2,
2.540156250e+2,1.159687500e-1,-2.300781250e-1,4.953125000e-2,
2.579062500e+2,1.158750000e-1,-2.102343750e-1,5.968750000e-2,
2.580781250e+2,1.158437500e-1,-2.387500000e-1,7.976562500e-2,
2.542656250e+2,9.996875000e-2,-2.250000000e-1,9.015625000e-2,
2.519218750e+2,1.200000000e-1,-1.700781250e-1,7.992187500e-2,
2.593593750e+2,9.987500000e-2,-2.093750000e-1,8.046875000e-2,
2.642500000e+2,1.200000000e-1,-1.907812500e-1,5.046875000e-2,
2.542968750e+2,1.118750000e-1,-1.800000000e-1,4.992187500e-2,
2.520312500e+2,1.119062500e-1,-1.598437500e-1,4.992187500e-2,
2.518750000e+2,1.040000000e-1,-1.496093750e-1,5.007812500e-2,
2.560625000e+2,1.079687500e-1,-1.396093750e-1,4.007812500e-2,
2.480000000e+2,9.990625000e-2,-1.299218750e-1,4.992187500e-2,
2.539062500e+2,1.002187500e-1,-1.201562500e-1,1.968750000e-2,
2.559531250e+2,1.118750000e-1,-1.100000000e-1,2.992187500e-2,
2.499843750e+2,9.984375000e-2,-1.299218750e-1,2.992187500e-2,
2.519687500e+2,1.087187500e-1,-7.984375000e-2,5.890625000e-2,
2.560156250e+2,1.074375000e-1,-7.976562500e-2,8.039062500e-2,
2.520312500e+2,9.565625000e-2,-6.007812500e-2,4.000000000e-2,
2.556562500e+2,9.612500000e-2,-5.992187500e-2,7.023437500e-2,
2.618593750e+2,1.002500000e-1,-1.914062500e-2,5.015625000e-2,
2.601562500e+2,9.962500000e-2,1.023437500e-2,5.000000000e-2,
2.502031250e+2,8.787500000e-2,0.000000000e+0,4.976562500e-2,
2.459062500e+2,9.659375000e-2,9.609375000e-3,6.046875000e-2,
2.501562500e+2,1.078437500e-1,3.914062500e-2,3.000000000e-2,
2.459531250e+2,9.584375000e-2,4.062500000e-2,5.851562500e-2,
2.557656250e+2,9.590625000e-2,4.718750000e-2,6.148437500e-2,
2.542968750e+2,9.603125000e-2,7.109375000e-2,4.781250000e-2,
2.464375000e+2,9.537500000e-2,6.289062500e-2,8.953125000e-2,
2.419531250e+2,1.041250000e-1,1.326562500e-1,5.429687500e-2,
2.499218750e+2,9.243750000e-2,1.207812500e-1,5.007812500e-2,
2.520156250e+2,8.765625000e-2,1.186718750e-1,4.984375000e-2,
2.460156250e+2,9.596875000e-2,1.700000000e-1,6.023437500e-2,
2.459843750e+2,8.803125000e-2,1.900000000e-1,7.984375000e-2,
2.479218750e+2,8.771875000e-2,1.802343750e-1,4.976562500e-2,
2.558750000e+2,9.209375000e-2,1.599218750e-1,3.000000000e-2,
2.579843750e+2,8.381250000e-2,1.797656250e-1,3.054687500e-2,
2.540625000e+2,9.596875000e-2,2.005468750e-1,4.984375000e-2,
2.400312500e+2,8.415625000e-2,2.409375000e-1,3.000000000e-2,
2.480781250e+2,9.184375000e-2,2.507031250e-1,6.000000000e-2,
2.460156250e+2,9.240625000e-2,2.602343750e-1,4.968750000e-2,
2.522031250e+2,8.775000000e-2,2.492968750e-1,3.984375000e-2,
2.518437500e+2,9.603125000e-2,2.512500000e-1,4.039062500e-2,
2.502187500e+2,8.400000000e-2,2.707812500e-1,5.031250000e-2,
2.517500000e+2,8.793750000e-2,2.697656250e-1,4.945312500e-2,
2.440468750e+2,7.562500000e-2,2.820312500e-1,3.984375000e-2,
2.522031250e+2,8.006250000e-2,2.992968750e-1,3.929687500e-2,
2.455312500e+2,8.040625000e-2,2.797656250e-1,3.023437500e-2,
2.442343750e+2,9.218750000e-2,3.020312500e-1,6.195312500e-2,
2.501406250e+2,8.309375000e-2,3.100781250e-1,7.882812500e-2,
2.477500000e+2,8.046875000e-2,3.096875000e-1,3.906250000e-2,
2.440000000e+2,8.784375000e-2,3.107812500e-1,3.953125000e-2,
2.460156250e+2,7.200000000e-2,3.203125000e-1,9.531250000e-3,
2.439375000e+2,7.209375000e-2,3.082812500e-1,3.070312500e-2,
2.440156250e+2,7.596875000e-2,2.902343750e-1,4.015625000e-2,
2.460468750e+2,7.606250000e-2,2.995312500e-1,3.992187500e-2,
2.477343750e+2,8.412500000e-2,2.799218750e-1,1.992187500e-2,
2.399843750e+2,8.403125000e-2,3.101562500e-1,5.000000000e-2,
2.483281250e+2,7.215625000e-2,3.200000000e-1,7.007812500e-2,
2.478593750e+2,6.356250000e-2,3.098437500e-1,5.007812500e-2,
2.460000000e+2,8.728125000e-2,3.200000000e-1,5.046875000e-2,
2.458906250e+2,7.750000000e-2,3.021093750e-1,2.015625000e-2,
2.380156250e+2,7.565625000e-2,2.980468750e-1,4.781250000e-2,
2.422500000e+2,7.584375000e-2,3.100000000e-1,6.000000000e-2,
2.479218750e+2,7.628125000e-2,2.989843750e-1,6.015625000e-2,
2.398281250e+2,6.393750000e-2,2.588281250e-1,5.968750000e-2,
2.400468750e+2,8.006250000e-2,2.500781250e-1,5.015625000e-2,
2.419687500e+2,8.409375000e-2,2.498437500e-1,5.992187500e-2,
2.419375000e+2,7.603125000e-2,2.600781250e-1,2.953125000e-2,
2.360156250e+2,8.003125000e-2,2.503125000e-1,2.007812500e-2,
2.416250000e+2,7.621875000e-2,2.300781250e-1,4.031250000e-2,
2.441093750e+2,7.200000000e-2,2.502343750e-1,5.000000000e-2,
2.400937500e+2,7.196875000e-2,2.289062500e-1,2.992187500e-2,
2.417812500e+2,6.803125000e-2,2.089062500e-1,5.054687500e-2,
2.440468750e+2,7.206250000e-2,2.000000000e-1,4.898437500e-2,
2.419218750e+2,7.615625000e-2,1.998437500e-1,3.007812500e-2,
2.460156250e+2,7.556250000e-2,1.897656250e-1,5.039062500e-2,
2.400937500e+2,6.359375000e-2,1.701562500e-1,3.960937500e-2,
2.417656250e+2,6.390625000e-2,1.900781250e-1,4.007812500e-2,
2.480312500e+2,6.012500000e-2,1.491406250e-1,3.984375000e-2,
2.404062500e+2,6.840625000e-2,1.191406250e-1,3.015625000e-2,
2.395625000e+2,7.215625000e-2,1.097656250e-1,6.023437500e-2,
2.459531250e+2,7.603125000e-2,1.104687500e-1,6.023437500e-2,
2.404375000e+2,7.184375000e-2,1.074218750e-1,3.039062500e-2,
2.362031250e+2,7.228125000e-2,5.953125000e-2,7.078125000e-2,
2.338125000e+2,7.568750000e-2,8.015625000e-2,3.828125000e-2,
2.397343750e+2,6.396875000e-2,4.945312500e-2,4.187500000e-2,
2.418437500e+2,7.228125000e-2,4.007812500e-2,8.000000000e-2,
2.457500000e+2,6.784375000e-2,3.039062500e-2,4.843750000e-2,
2.443750000e+2,7.234375000e-2,-3.125000000e-4,5.000000000e-2,
2.361875000e+2,8.000000000e-2,-1.000000000e-2,3.992187500e-2,
2.395156250e+2,7.212500000e-2,-9.375000000e-3,5.000000000e-2,
2.442968750e+2,6.737500000e-2,-3.937500000e-2,3.992187500e-2,
2.343593750e+2,8.050000000e-2,-2.976562500e-2,3.000000000e-2,
2.335000000e+2,6.134375000e-2,-5.671875000e-2,5.992187500e-2,
2.377656250e+2,7.181250000e-2,-7.554687500e-2,4.007812500e-2,
2.317031250e+2,8.384375000e-2,-1.003906250e-1,5.015625000e-2,
2.341718750e+2,5.959375000e-2,-7.054687500e-2,3.007812500e-2,
2.345625000e+2,6.009375000e-2,-9.906250000e-2,2.000000000e-2,
2.397031250e+2,6.006250000e-2,-1.093750000e-1,4.007812500e-2,
2.294843750e+2,6.809375000e-2,-1.300781250e-1,3.984375000e-2,
2.301562500e+2,7.200000000e-2,-1.100000000e-1,5.000000000e-2,
2.321562500e+2,7.209375000e-2,-1.605468750e-1,3.992187500e-2,
2.382968750e+2,7.196875000e-2,-1.700781250e-1,5.015625000e-2,
2.394531250e+2,6.406250000e-2,-1.800000000e-1,3.000000000e-2,
2.300468750e+2,7.628125000e-2,-1.700000000e-1,6.000000000e-2,
2.381875000e+2,7.578125000e-2,-1.700000000e-1,3.046875000e-2,
2.292968750e+2,7.640625000e-2,-1.698437500e-1,2.882812500e-2,
2.285937500e+2,7.471875000e-2,-2.200000000e-1,6.976562500e-2,
2.360468750e+2,6.450000000e-2,-1.996093750e-1,5.007812500e-2,
2.319531250e+2,8.012500000e-2,-1.797656250e-1,6.023437500e-2,
2.362031250e+2,7.228125000e-2,-1.910937500e-1,2.992187500e-2,
2.314531250e+2,8.340625000e-2,-2.217187500e-1,5.968750000e-2,
2.234218750e+2,6.412500000e-2,-2.401562500e-1,4.015625000e-2,
2.250625000e+2,8.443750000e-2,-2.292187500e-1,5.898437500e-2,
2.337500000e+2,7.100000000e-2,-2.080468750e-1,7.007812500e-2,
2.261093750e+2,7.325000000e-2,-2.028125000e-1,4.945312500e-2,
2.365468750e+2,8.834375000e-2,-2.500781250e-1,4.000000000e-2,
2.336406250e+2,7.881250000e-2,-2.196875000e-1,5.109375000e-2,
2.315625000e+2,7.712500000e-2,-2.510937500e-1,7.007812500e-2,
2.282031250e+2,9.218750000e-2,-2.387500000e-1,5.968750000e-2,
2.343750000e+2,7.815625000e-2,-2.196875000e-1,5.015625000e-2,
2.316093750e+2,7.709375000e-2,-2.203125000e-1,3.945312500e-2,
2.278906250e+2,8.759375000e-2,-2.404687500e-1,7.007812500e-2,
2.302656250e+2,7.606250000e-2,-2.600781250e-1,3.203125000e-2,
2.317031250e+2,9.221875000e-2,-2.316406250e-1,3.851562500e-2,
2.237187500e+2,8.800000000e-2,-2.120312500e-1,4.921875000e-2,
2.263281250e+2,8.818750000e-2,-1.903125000e-1,6.023437500e-2,
2.301718750e+2,8.328125000e-2,-2.059375000e-1,4.304687500e-2,
2.260312500e+2,9.593750000e-2,-2.107031250e-1,3.007812500e-2,
2.297343750e+2,9.209375000e-2,-1.998437500e-1,4.000000000e-2,
2.301718750e+2,9.596875000e-2,-2.100781250e-1,2.015625000e-2,
2.264375000e+2,8.815625000e-2,-1.799218750e-1,7.007812500e-2,
2.219843750e+2,8.396875000e-2,-1.903906250e-1,5.070312500e-2,
2.255625000e+2,8.409375000e-2,-1.899218750e-1,4.000000000e-2,
2.246875000e+2,8.728125000e-2,-1.596875000e-1,5.007812500e-2,
2.159843750e+2,1.039375000e-1,-1.503906250e-1,5.000000000e-2,
2.237187500e+2,9.215625000e-2,-1.595312500e-1,4.984375000e-2,
2.239531250e+2,9.600000000e-2,-1.291406250e-1,4.007812500e-2,
2.280937500e+2,9.209375000e-2,-1.301562500e-1,4.984375000e-2,
2.180625000e+2,1.001250000e-1,-1.293750000e-1,4.031250000e-2,
2.198750000e+2,1.078750000e-1,-1.197656250e-1,5.976562500e-2,
2.181562500e+2,9.184375000e-2,-1.306250000e-1,4.000000000e-2,
2.177656250e+2,8.393750000e-2,-1.167187500e-1,6.007812500e-2,
2.238750000e+2,8.825000000e-2,-6.656250000e-2,5.093750000e-2,
2.221093750e+2,1.080312500e-1,-7.187500000e-2,6.781250000e-2,
2.219218750e+2,9.993750000e-2,-7.867187500e-2,2.007812500e-2,
2.239687500e+2,1.040000000e-1,-6.046875000e-2,7.335937500e-2,
2.240625000e+2,9.581250000e-2,-6.843750000e-2,6.656250000e-2,
2.199531250e+2,1.003125000e-1,-2.796875000e-2,4.031250000e-2,
2.119531250e+2,9.962500000e-2,-3.046875000e-2,6.039062500e-2,
2.199218750e+2,9.612500000e-2,-1.867187500e-2,3.789062500e-2,
2.162031250e+2,9.990625000e-2,1.187500000e-2,3.031250000e-2,
2.157812500e+2,9.612500000e-2,7.890625000e-3,4.000000000e-2,
2.164218750e+2,1.083750000e-1,-1.882812500e-2,2.984375000e-2,
2.117812500e+2,1.120000000e-1,3.132812500e-2,2.992187500e-2,
2.199218750e+2,1.080000000e-1,2.000000000e-2,4.976562500e-2,
2.124375000e+2,1.159687500e-1,4.984375000e-2,6.031250000e-2,
2.118437500e+2,1.081875000e-1,5.000000000e-2,3.000000000e-2,
2.137031250e+2,1.117812500e-1,6.867187500e-2,6.000000000e-2,
2.196718750e+2,1.084375000e-1,6.960937500e-2,6.015625000e-2,
2.178281250e+2,1.106250000e-1,7.882812500e-2,5.023437500e-2,
2.097968750e+2,1.197187500e-1,8.812500000e-2,4.992187500e-2,
2.121562500e+2,1.164062500e-1,1.298437500e-1,5.015625000e-2,
2.161562500e+2,1.155625000e-1,1.196093750e-1,4.078125000e-2,
2.179218750e+2,1.200937500e-1,1.100781250e-1,2.976562500e-2,
2.139375000e+2,1.126250000e-1,1.397656250e-1,4.960937500e-2,
2.139375000e+2,1.080625000e-1,1.696875000e-1,4.031250000e-2,
2.120937500e+2,1.040625000e-1,1.300781250e-1,4.945312500e-2,
2.160000000e+2,9.984375000e-2,1.695312500e-1,7.007812500e-2,
2.140781250e+2,1.116250000e-1,1.600000000e-1,4.007812500e-2,
2.179687500e+2,1.200625000e-1,1.500000000e-1,3.992187500e-2,
2.119062500e+2,1.082500000e-1,1.600781250e-1,4.921875000e-2,
2.098750000e+2,1.118437500e-1,1.700000000e-1,7.992187500e-2,
2.040000000e+2,1.239687500e-1,1.699218750e-1,5.062500000e-2,
2.140000000e+2,1.162187500e-1,1.798437500e-1,3.945312500e-2,
2.140781250e+2,1.119687500e-1,1.905468750e-1,5.992187500e-2,
2.100468750e+2,1.119687500e-1,1.993750000e-1,4.039062500e-2,
2.160156250e+2,1.078750000e-1,1.701562500e-1,2.992187500e-2,
2.097968750e+2,1.000625000e-1,2.109375000e-1,6.000000000e-2,
2.101562500e+2,1.160937500e-1,2.100000000e-1,2.984375000e-2,
2.160156250e+2,1.077187500e-1,1.900000000e-1,6.921875000e-2,
2.119218750e+2,1.081562500e-1,2.101562500e-1,5.015625000e-2,
2.079687500e+2,1.120312500e-1,2.098437500e-1,6.000000000e-2,
2.059531250e+2,1.119687500e-1,2.499218750e-1,6.046875000e-2,
2.100781250e+2,1.120000000e-1,2.001562500e-1,4.023437500e-2,
2.020000000e+2,1.121562500e-1,2.000781250e-1,3.992187500e-2,
2.077500000e+2,1.040625000e-1,1.800000000e-1,3.992187500e-2,
2.080000000e+2,1.154062500e-1,1.899218750e-1,5.015625000e-2,
2.000000000e+2,1.281250000e-1,1.797656250e-1,6.007812500e-2,
2.080000000e+2,1.087500000e-1,2.088281250e-1,4.984375000e-2,
2.097812500e+2,1.109062500e-1,2.014843750e-1,7.023437500e-2,
2.020000000e+2,1.209375000e-1,1.909375000e-1,4.039062500e-2,
2.079687500e+2,9.690625000e-2,1.809375000e-1,5.945312500e-2,
1.999218750e+2,1.094687500e-1,1.864843750e-1,5.054687500e-2,
1.980000000e+2,1.081562500e-1,2.089062500e-1,5.992187500e-2,
1.999375000e+2,1.039375000e-1,2.018750000e-1,6.015625000e-2,
2.020000000e+2,1.159687500e-1,1.891406250e-1,5.101562500e-2,
1.961406250e+2,1.040937500e-1,2.005468750e-1,2.992187500e-2,
1.939687500e+2,1.078125000e-1,1.790625000e-1,3.992187500e-2,
1.978125000e+2,1.121250000e-1,2.190625000e-1,2.984375000e-2,
2.040156250e+2,1.039375000e-1,1.913281250e-1,5.953125000e-2,
1.981875000e+2,1.079687500e-1,1.894531250e-1,7.992187500e-2,
2.017343750e+2,1.120312500e-1,1.807812500e-1,7.007812500e-2,
2.060468750e+2,9.996875000e-2,1.603125000e-1,6.046875000e-2,
2.040156250e+2,1.040000000e-1,1.500781250e-1,4.968750000e-2,
2.059218750e+2,9.206250000e-2,1.500000000e-1,7.015625000e-2,
2.022656250e+2,1.080000000e-1,1.602343750e-1,4.015625000e-2,
1.940468750e+2,9.193750000e-2,1.696875000e-1,4.976562500e-2,
1.979375000e+2,1.041562500e-1,1.496875000e-1,4.984375000e-2,
1.960156250e+2,9.984375000e-2,1.499218750e-1,4.000000000e-2,
1.939687500e+2,9.615625000e-2,1.399218750e-1,5.007812500e-2,
1.960000000e+2,1.125312500e-1,1.500000000e-1,4.007812500e-2,
1.920312500e+2,1.074687500e-1,1.399218750e-1,3.007812500e-2,
2.039531250e+2,9.153125000e-2,1.299218750e-1,3.929687500e-2,
2.042187500e+2,9.653125000e-2,1.302343750e-1,6.015625000e-2,
1.960781250e+2,9.965625000e-2,1.297656250e-1,3.960937500e-2,
1.978281250e+2,9.203125000e-2,1.204687500e-1,6.992187500e-2,
1.999062500e+2,9.571875000e-2,1.702343750e-1,4.007812500e-2,
2.001406250e+2,8.387500000e-2,1.279687500e-1,7.000000000e-2,
1.940000000e+2,9.209375000e-2,1.100000000e-1,4.031250000e-2,
1.999531250e+2,9.221875000e-2,1.496093750e-1,4.929687500e-2,
1.944687500e+2,9.546875000e-2,1.411718750e-1,6.000000000e-2,
1.919062500e+2,8.003125000e-2,1.210156250e-1,5.968750000e-2,
1.959687500e+2,9.981250000e-2,1.253125000e-1,6.960937500e-2,
1.958437500e+2,9.212500000e-2,1.700781250e-1,5.320312500e-2,
2.001875000e+2,9.209375000e-2,1.339843750e-1,1.921875000e-2,
1.900781250e+2,8.762500000e-2,1.453125000e-1,6.343750000e-2,
1.918906250e+2,9.593750000e-2,1.405468750e-1,7.960937500e-2,
1.999843750e+2,8.831250000e-2,1.192968750e-1,4.953125000e-2,
1.940312500e+2,8.796875000e-2,1.600000000e-1,6.007812500e-2,
1.900156250e+2,8.796875000e-2,1.299218750e-1,6.000000000e-2,
1.879218750e+2,9.196875000e-2,1.500781250e-1,6.992187500e-2,
1.978437500e+2,8.806250000e-2,1.302343750e-1,5.000000000e-2,
1.980468750e+2,8.793750000e-2,1.899218750e-1,3.007812500e-2,
1.920312500e+2,9.165625000e-2,1.393750000e-1,5.031250000e-2,
1.881250000e+2,9.612500000e-2,1.609375000e-1,6.007812500e-2,
1.860781250e+2,8.415625000e-2,1.585156250e-1,7.000000000e-2,
1.940468750e+2,8.390625000e-2,1.510937500e-1,4.945312500e-2,
1.876562500e+2,8.387500000e-2,1.817187500e-1,1.992187500e-2,
1.842031250e+2,8.800000000e-2,1.782031250e-1,4.093750000e-2,
1.945156250e+2,8.000000000e-2,1.596093750e-1,3.968750000e-2,
1.959531250e+2,7.606250000e-2,1.716406250e-1,4.000000000e-2,
1.936406250e+2,7.978125000e-2,1.792187500e-1,5.242187500e-2,
1.856562500e+2,7.190625000e-2,1.709375000e-1,6.796875000e-2,
1.862656250e+2,8.081250000e-2,2.149218750e-1,2.992187500e-2,
1.921562500e+2,8.759375000e-2,2.373437500e-1,7.156250000e-2,
1.941093750e+2,7.578125000e-2,1.992187500e-1,5.781250000e-2,
1.936875000e+2,8.443750000e-2,2.205468750e-1,4.171875000e-2,
1.860312500e+2,8.384375000e-2,1.985937500e-1,9.046875000e-2,
1.961562500e+2,8.000000000e-2,2.232812500e-1,5.820312500e-2,
1.918281250e+2,7.996875000e-2,2.506250000e-1,5.031250000e-2,
1.963125000e+2,8.003125000e-2,2.388281250e-1,5.984375000e-2,
2.019375000e+2,8.803125000e-2,2.414062500e-1,3.984375000e-2,
1.833281250e+2,8.393750000e-2,2.698437500e-1,2.039062500e-2,
1.821562500e+2,8.403125000e-2,2.500000000e-1,3.000000000e-2,
1.840312500e+2,7.606250000e-2,2.800781250e-1,7.015625000e-2,
1.860781250e+2,7.562500000e-2,2.803906250e-1,3.015625000e-2,
1.899843750e+2,8.803125000e-2,2.789843750e-1,5.945312500e-2,
1.899375000e+2,7.984375000e-2,2.983593750e-1,4.078125000e-2,
1.860156250e+2,9.112500000e-2,3.014843750e-1,3.992187500e-2,
1.839531250e+2,8.478125000e-2,3.000000000e-1,4.007812500e-2,
1.840156250e+2,7.993750000e-2,3.203125000e-1,6.054687500e-2,
1.838750000e+2,8.381250000e-2,3.206250000e-1,4.875000000e-2,
1.779531250e+2,8.396875000e-2,3.500000000e-1,2.117187500e-2,
1.799687500e+2,7.606250000e-2,3.401562500e-1,8.023437500e-2,
1.820156250e+2,7.587500000e-2,3.501562500e-1,3.945312500e-2,
1.859062500e+2,8.406250000e-2,3.599218750e-1,5.031250000e-2,
1.860312500e+2,8.809375000e-2,3.706250000e-1,5.992187500e-2,
1.841562500e+2,8.015625000e-2,3.905468750e-1,4.007812500e-2,
1.798750000e+2,7.600000000e-2,3.896875000e-1,3.007812500e-2,
1.840625000e+2,7.578125000e-2,3.795312500e-1,4.015625000e-2,
1.780468750e+2,7.993750000e-2,3.800781250e-1,5.062500000e-2,
1.837968750e+2,7.184375000e-2,3.903906250e-1,5.960937500e-2,
1.860000000e+2,7.615625000e-2,3.897656250e-1,4.015625000e-2,
1.879687500e+2,7.150000000e-2,3.904687500e-1,6.007812500e-2,
1.900625000e+2,6.356250000e-2,4.403125000e-1,3.984375000e-2,
1.842031250e+2,6.093750000e-2,4.195312500e-1,5.015625000e-2,
1.820468750e+2,8.093750000e-2,4.207812500e-1,4.968750000e-2,
1.818281250e+2,8.387500000e-2,4.297656250e-1,3.000000000e-2,
1.858906250e+2,7.581250000e-2,4.206250000e-1,4.992187500e-2,
1.823593750e+2,6.793750000e-2,4.398437500e-1,4.968750000e-2,
1.781562500e+2,7.231250000e-2,4.198437500e-1,5.062500000e-2,
1.777500000e+2,8.025000000e-2,4.409375000e-1,5.960937500e-2,
1.818593750e+2,7.981250000e-2,4.397656250e-1,3.945312500e-2,
1.820312500e+2,6.834375000e-2,4.299218750e-1,4.000000000e-2,
1.820312500e+2,8.406250000e-2,4.300000000e-1,2.882812500e-2,
1.800781250e+2,6.740625000e-2,4.301562500e-1,3.101562500e-2,
1.799218750e+2,6.415625000e-2,4.400000000e-1,5.976562500e-2,
1.818437500e+2,6.793750000e-2,4.200000000e-1,3.000000000e-2,
1.822812500e+2,7.190625000e-2,4.396875000e-1,3.992187500e-2,
1.779218750e+2,7.200000000e-2,4.210937500e-1,2.000000000e-2,
1.837812500e+2,7.209375000e-2,4.273437500e-1,4.976562500e-2,
1.814218750e+2,7.437500000e-2,4.404687500e-1,6.937500000e-2,
1.775937500e+2,7.984375000e-2,4.307031250e-1,7.898437500e-2,
1.733281250e+2,5.528125000e-2,4.299218750e-1,3.023437500e-2,
1.725312500e+2,5.250000000e-2,4.300781250e-1,2.000000000e-2,
1.779375000e+2,7.190625000e-2,4.209375000e-1,3.007812500e-2,
1.740781250e+2,4.784375000e-2,3.903906250e-1,3.937500000e-2,
1.778906250e+2,6.000000000e-2,4.000000000e-1,6.015625000e-2,
1.742343750e+2,5.600000000e-2,3.997656250e-1,3.984375000e-2,
1.841875000e+2,6.396875000e-2,3.795312500e-1,6.976562500e-2,
1.795937500e+2,5.203125000e-2,3.800000000e-1,5.023437500e-2,
1.759218750e+2,6.400000000e-2,3.898437500e-1,4.000000000e-2,
1.762968750e+2,4.718750000e-2,3.500000000e-1,6.984375000e-2,
1.799218750e+2,5.356250000e-2,3.899218750e-1,5.101562500e-2,
1.758281250e+2,6.296875000e-2,3.600000000e-1,3.945312500e-2,
1.758593750e+2,4.343750000e-2,3.400000000e-1,7.976562500e-2,
1.742031250e+2,5.234375000e-2,3.400000000e-1,5.093750000e-2,
1.779375000e+2,4.793750000e-2,3.400000000e-1,1.960937500e-2,
1.738593750e+2,4.728125000e-2,3.275000000e-1,4.000000000e-2,
1.762343750e+2,3.178125000e-2,2.792187500e-1,2.023437500e-2,
1.732812500e+2,4.037500000e-2,2.894531250e-1,2.937500000e-2,
1.681250000e+2,3.496875000e-2,2.695312500e-1,3.992187500e-2,
1.743593750e+2,2.918750000e-2,2.911718750e-1,3.976562500e-2,
1.763125000e+2,5.256250000e-2,2.788281250e-1,3.015625000e-2,
1.799687500e+2,3.850000000e-2,2.594531250e-1,5.117187500e-2,
1.756093750e+2,3.703125000e-2,2.494531250e-1,6.000000000e-2,
1.763281250e+2,4.778125000e-2,2.397656250e-1,7.031250000e-2,
1.752812500e+2,3.506250000e-2,2.290625000e-1,8.007812500e-2,
1.679375000e+2,3.606250000e-2,1.991406250e-1,5.054687500e-2,
1.745781250e+2,3.175000000e-2,1.893750000e-1,4.945312500e-2,
1.757500000e+2,3.200000000e-2,1.600781250e-1,5.140625000e-2,
1.720312500e+2,3.196875000e-2,1.502343750e-1,2.187500000e-2,
1.761718750e+2,3.203125000e-2,1.410937500e-1,1.835937500e-2,
1.715312500e+2,2.450000000e-2,1.299218750e-1,4.773437500e-2,
1.657343750e+2,1.625000000e-2,1.260156250e-1,6.078125000e-2,
1.752968750e+2,1.987500000e-2,8.218750000e-2,4.984375000e-2,
1.780000000e+2,2.421875000e-2,6.000000000e-2,5.000000000e-2,
1.781718750e+2,1.600000000e-2,6.984375000e-2,4.007812500e-2,
1.740625000e+2,2.396875000e-2,4.984375000e-2,6.000000000e-2,
1.743906250e+2,1.259375000e-2,3.015625000e-2,4.023437500e-2,
1.664375000e+2,7.906250000e-3,5.007812500e-2,3.992187500e-2,
1.694218750e+2,1.178125000e-2,2.976562500e-2,3.039062500e-2,
1.739218750e+2,1.243750000e-2,1.984375000e-2,4.968750000e-2,
1.723437500e+2,4.125000000e-3,-8.593750000e-4,3.039062500e-2,
1.679062500e+2,7.968750000e-3,-2.078125000e-2,8.015625000e-2,
1.759218750e+2,1.259375000e-2,-4.015625000e-2,3.921875000e-2,
1.681406250e+2,-3.906250000e-3,-5.054687500e-2,7.078125000e-2,
1.656718750e+2,1.603125000e-2,-6.015625000e-2,5.843750000e-2,
1.759375000e+2,-8.218750000e-3,-7.179687500e-2,3.945312500e-2,
1.701562500e+2,-1.596875000e-2,-9.890625000e-2,4.078125000e-2,
1.756562500e+2,-1.606250000e-2,-7.187500000e-2,4.921875000e-2,
1.781406250e+2,-1.996875000e-2,-1.212500000e-1,1.750000000e-2,
1.740000000e+2,-7.968750000e-3,-9.976562500e-2,1.062500000e-2,
1.760625000e+2,-7.843750000e-3,-1.453906250e-1,3.101562500e-2,
1.701093750e+2,-6.250000000e-5,-1.589062500e-1,4.093750000e-2,
1.720000000e+2,-8.218750000e-3,-1.509375000e-1,4.976562500e-2,
1.699375000e+2,-8.468750000e-3,-1.705468750e-1,4.015625000e-2,
1.758750000e+2,-2.487500000e-2,-1.595312500e-1,5.015625000e-2,
1.760937500e+2,-3.190625000e-2,-1.716406250e-1,3.960937500e-2,
1.758281250e+2,-2.806250000e-2,-2.022656250e-1,4.015625000e-2,
1.781406250e+2,-3.206250000e-2,-2.185937500e-1,5.007812500e-2,
1.723750000e+2,-2.803125000e-2,-1.907031250e-1,6.000000000e-2,
1.698593750e+2,-2.800000000e-2,-2.523437500e-1,4.984375000e-2,
1.723281250e+2,-2.784375000e-2,-2.600000000e-1,7.007812500e-2,
1.656875000e+2,-3.584375000e-2,-2.500000000e-1,4.000000000e-2,
1.776718750e+2,-3.253125000e-2,-2.589062500e-1,6.000000000e-2,
1.706718750e+2,-3.128125000e-2,-2.688281250e-1,8.039062500e-2,
1.722343750e+2,-3.693750000e-2,-2.775781250e-1,2.062500000e-2,
1.735625000e+2,-2.771875000e-2,-2.892968750e-1,5.953125000e-2,
1.641406250e+2,-4.331250000e-2,-2.900781250e-1,5.093750000e-2,
1.783593750e+2,-4.028125000e-2,-2.700000000e-1,4.898437500e-2,
1.717500000e+2,-4.390625000e-2,-2.901562500e-1,6.984375000e-2,
1.700468750e+2,-3.662500000e-2,-2.999218750e-1,4.226562500e-2,
1.700468750e+2,-3.578125000e-2,-3.102343750e-1,1.937500000e-2,
1.720312500e+2,-4.790625000e-2,-3.304687500e-1,5.937500000e-2,
1.741718750e+2,-5.234375000e-2,-3.000781250e-1,6.031250000e-2,
1.800468750e+2,-4.403125000e-2,-3.300000000e-1,4.000000000e-2,
1.759062500e+2,-5.190625000e-2,-3.300781250e-1,4.992187500e-2,
1.739062500e+2,-5.990625000e-2,-3.200000000e-1,6.062500000e-2,
1.679375000e+2,-5.612500000e-2,-3.401562500e-1,3.015625000e-2,
1.720000000e+2,-5.168750000e-2,-3.499218750e-1,5.937500000e-2,
1.760000000e+2,-6.790625000e-2,-3.401562500e-1,6.132812500e-2,
1.740000000e+2,-6.009375000e-2,-3.400000000e-1,2.000000000e-2,
1.759843750e+2,-6.393750000e-2,-3.407812500e-1,5.945312500e-2,
1.740156250e+2,-5.987500000e-2,-3.703906250e-1,6.007812500e-2,
1.780000000e+2,-4.803125000e-2,-3.705468750e-1,4.000000000e-2,
1.739218750e+2,-6.412500000e-2,-3.900000000e-1,6.046875000e-2,
1.760312500e+2,-6.421875000e-2,-3.300000000e-1,2.007812500e-2,
1.759375000e+2,-7.603125000e-2,-3.507031250e-1,5.000000000e-2,
1.720156250e+2,-6.396875000e-2,-3.600781250e-1,2.000000000e-2,
1.779687500e+2,-7.618750000e-2,-3.400000000e-1,5.851562500e-2,
1.760937500e+2,-7.600000000e-2,-3.598437500e-1,8.007812500e-2,
1.720000000e+2,-7.990625000e-2,-3.801562500e-1,7.023437500e-2,
1.778281250e+2,-7.990625000e-2,-3.801562500e-1,7.000000000e-2,
1.800000000e+2,-8.025000000e-2,-3.500781250e-1,6.976562500e-2,
1.800156250e+2,-7.190625000e-2,-3.700000000e-1,4.984375000e-2,
1.740000000e+2,-8.762500000e-2,-3.505468750e-1,7.000000000e-2,
1.739531250e+2,-8.062500000e-2,-3.685156250e-1,4.054687500e-2,
1.700000000e+2,-8.300000000e-2,-3.699218750e-1,4.945312500e-2,
1.739218750e+2,-9.615625000e-2,-3.730468750e-1,4.984375000e-2,
1.779531250e+2,-8.562500000e-2,-3.491406250e-1,5.179687500e-2,
1.720000000e+2,-8.400000000e-2,-3.702343750e-1,2.992187500e-2,
1.779531250e+2,-8.396875000e-2,-3.330468750e-1,5.898437500e-2,
1.760000000e+2,-9.187500000e-2,-3.378906250e-1,5.101562500e-2,
1.799843750e+2,-9.200000000e-2,-3.500781250e-1,4.007812500e-2,
1.741093750e+2,-9.606250000e-2,-3.413281250e-1,3.976562500e-2,
1.719218750e+2,-9.178125000e-2,-3.215625000e-1,4.984375000e-2,
1.740156250e+2,-1.080312500e-1,-3.185937500e-1,4.984375000e-2,
1.737500000e+2,-9.606250000e-2,-3.520312500e-1,5.109375000e-2,
1.818437500e+2,-9.600000000e-2,-3.004687500e-1,9.765625000e-3,
1.801718750e+2,-9.993750000e-2,-3.489062500e-1,6.945312500e-2,
1.799687500e+2,-1.000000000e-1,-3.410156250e-1,3.078125000e-2,
1.781250000e+2,-1.120000000e-1,-3.200000000e-1,3.953125000e-2,
1.759687500e+2,-1.039687500e-1,-3.299218750e-1,3.992187500e-2,
1.780000000e+2,-1.120625000e-1,-3.101562500e-1,5.992187500e-2,
1.760312500e+2,-1.119687500e-1,-3.298437500e-1,4.984375000e-2,
1.779843750e+2,-1.120625000e-1,-2.996875000e-1,5.000000000e-2,
1.780468750e+2,-1.158750000e-1,-3.296093750e-1,5.023437500e-2,
1.740156250e+2,-1.038750000e-1,-3.400781250e-1,6.007812500e-2,
1.820312500e+2,-1.121875000e-1,-3.100000000e-1,3.015625000e-2,
1.820000000e+2,-1.119375000e-1,-3.300781250e-1,5.906250000e-2,
1.820625000e+2,-1.117812500e-1,-3.194531250e-1,7.031250000e-2,
1.780000000e+2,-1.037187500e-1,-3.100000000e-1,4.023437500e-2,
1.800625000e+2,-1.085312500e-1,-2.997656250e-1,5.015625000e-2,
1.760156250e+2,-1.244375000e-1,-2.905468750e-1,4.007812500e-2,
1.799375000e+2,-1.194687500e-1,-3.300000000e-1,3.000000000e-2,
1.780468750e+2,-1.121875000e-1,-2.900000000e-1,2.968750000e-2,
1.780156250e+2,-1.242812500e-1,-2.998437500e-1,5.976562500e-2,
1.777500000e+2,-1.195625000e-1,-2.903125000e-1,5.000000000e-2,
1.820781250e+2,-1.160312500e-1,-2.907031250e-1,6.960937500e-2,
1.740937500e+2,-1.237812500e-1,-2.707031250e-1,5.992187500e-2,
1.778437500e+2,-1.320312500e-1,-2.867968750e-1,7.046875000e-2,
1.779062500e+2,-1.212500000e-1,-3.003906250e-1,4.210937500e-2,
1.819843750e+2,-1.147500000e-1,-2.865625000e-1,4.640625000e-2,
1.800000000e+2,-1.317500000e-1,-2.696093750e-1,7.015625000e-2,
1.800156250e+2,-1.283125000e-1,-3.190625000e-1,5.890625000e-2,
1.759843750e+2,-1.280000000e-1,-3.000000000e-1,4.015625000e-2,
1.820000000e+2,-1.280000000e-1,-2.699218750e-1,7.039062500e-2,
1.760000000e+2,-1.278750000e-1,-2.796875000e-1,4.976562500e-2,
1.838906250e+2,-1.358125000e-1,-2.999218750e-1,2.000000000e-2,
1.839843750e+2,-1.400937500e-1,-2.800000000e-1,5.039062500e-2,
1.860312500e+2,-1.289062500e-1,-2.999218750e-1,3.984375000e-2,
1.762968750e+2,-1.120625000e-1,-2.800000000e-1,6.007812500e-2,
1.721093750e+2,-1.197812500e-1,-3.002343750e-1,7.000000000e-2,
1.820156250e+2,-1.275312500e-1,-2.789843750e-1,3.960937500e-2,
1.738593750e+2,-1.360937500e-1,-2.797656250e-1,4.054687500e-2,
1.803125000e+2,-1.241875000e-1,-2.697656250e-1,7.054687500e-2,
1.839843750e+2,-1.240000000e-1,-2.810156250e-1,5.921875000e-2,
1.818593750e+2,-1.360625000e-1,-2.784375000e-1,4.968750000e-2,
1.777500000e+2,-1.274687500e-1,-2.721875000e-1,5.085937500e-2,
1.761093750e+2,-1.282187500e-1,-3.104687500e-1,5.945312500e-2,
1.801406250e+2,-1.319062500e-1,-2.771093750e-1,3.890625000e-2,
1.799218750e+2,-1.280312500e-1,-2.835156250e-1,4.078125000e-2,
1.800781250e+2,-1.320000000e-1,-3.092187500e-1,6.046875000e-2,
1.820468750e+2,-1.280312500e-1,-2.771093750e-1,5.984375000e-2,
1.820000000e+2,-1.320000000e-1,-2.687500000e-1,5.984375000e-2,
1.819687500e+2,-1.280000000e-1,-2.616406250e-1,4.968750000e-2,
1.799375000e+2,-1.360937500e-1,-3.018750000e-1,5.000000000e-2,
1.821718750e+2,-1.320000000e-1,-2.986718750e-1,4.984375000e-2,
1.859531250e+2,-1.277500000e-1,-2.904687500e-1,3.992187500e-2,
1.757031250e+2,-1.160312500e-1,-2.998437500e-1,2.984375000e-2,
1.782031250e+2,-1.279687500e-1,-2.699218750e-1,5.000000000e-2,
1.821562500e+2,-1.240312500e-1,-2.701562500e-1,6.007812500e-2,
1.839687500e+2,-1.279062500e-1,-3.000000000e-1,5.007812500e-2,
1.800156250e+2,-1.242500000e-1,-2.800781250e-1,5.039062500e-2,
1.800937500e+2,-1.272812500e-1,-2.996093750e-1,3.914062500e-2,
1.859843750e+2,-1.318125000e-1,-2.883593750e-1,7.085937500e-2,
1.820156250e+2,-1.320312500e-1,-3.100000000e-1,2.992187500e-2,
1.859531250e+2,-1.320312500e-1,-2.900000000e-1,6.101562500e-2,
1.779062500e+2,-1.283437500e-1,-3.210156250e-1,5.914062500e-2,
1.820468750e+2,-1.200000000e-1,-3.097656250e-1,2.937500000e-2,
1.819687500e+2,-1.239375000e-1,-2.900781250e-1,4.039062500e-2,
1.859843750e+2,-1.280000000e-1,-2.900781250e-1,5.984375000e-2,
1.802187500e+2,-1.239375000e-1,-2.898437500e-1,4.000000000e-2,
1.797500000e+2,-1.199687500e-1,-2.999218750e-1,5.984375000e-2,
1.839531250e+2,-1.239375000e-1,-2.789062500e-1,3.000000000e-2,
1.803437500e+2,-1.239687500e-1,-2.706250000e-1,6.109375000e-2,
1.777500000e+2,-1.237812500e-1,-2.895312500e-1,5.906250000e-2,
1.876875000e+2,-1.279687500e-1,-2.700781250e-1,1.968750000e-2,
1.900312500e+2,-1.154375000e-1,-2.898437500e-1,4.031250000e-2,
1.899531250e+2,-1.122500000e-1,-2.599218750e-1,4.062500000e-2,
1.881250000e+2,-1.204375000e-1,-2.802343750e-1,7.031250000e-2,
1.800937500e+2,-1.241875000e-1,-2.695312500e-1,4.960937500e-2,
1.819531250e+2,-1.229375000e-1,-2.601562500e-1,4.007812500e-2,
1.800156250e+2,-1.078125000e-1,-2.812500000e-1,5.015625000e-2,
1.802812500e+2,-1.161562500e-1,-2.896093750e-1,5.000000000e-2,
1.739843750e+2,-1.118125000e-1,-2.587500000e-1,4.031250000e-2,
1.798281250e+2,-1.121875000e-1,-2.605468750e-1,2.070312500e-2,
1.795468750e+2,-1.158750000e-1,-2.596093750e-1,8.210937500e-2,
1.916250000e+2,-1.121875000e-1,-2.498437500e-1,6.804687500e-2,
1.862500000e+2,-1.199687500e-1,-2.499218750e-1,3.992187500e-2,
1.896093750e+2,-1.076875000e-1,-2.400000000e-1,5.000000000e-2,
1.867343750e+2,-1.120625000e-1,-2.400781250e-1,2.781250000e-2,
1.761093750e+2,-1.079375000e-1,-2.298437500e-1,3.171875000e-2,
1.833750000e+2,-1.120937500e-1,-2.200000000e-1,7.992187500e-2,
1.901250000e+2,-1.120000000e-1,-2.300000000e-1,3.000000000e-2,
1.825625000e+2,-1.122812500e-1,-2.211718750e-1,3.000000000e-2,
1.779687500e+2,-1.041562500e-1,-2.005468750e-1,4.000000000e-2,
1.815781250e+2,-1.108125000e-1,-2.006250000e-1,6.992187500e-2,
1.862812500e+2,-1.133125000e-1,-1.902343750e-1,6.039062500e-2,
1.830937500e+2,-1.039062500e-1,-1.992968750e-1,3.953125000e-2,
1.782500000e+2,-1.039687500e-1,-2.005468750e-1,4.000000000e-2,
1.869218750e+2,-1.041250000e-1,-1.998437500e-1,4.000000000e-2,
1.874687500e+2,-1.120312500e-1,-2.008593750e-1,4.000000000e-2,
1.796875000e+2,-1.038750000e-1,-1.610937500e-1,5.000000000e-2,
1.778593750e+2,-1.000000000e-1,-1.500000000e-1,4.968750000e-2,
1.784531250e+2,-1.001250000e-1,-1.600000000e-1,6.031250000e-2,
1.859062500e+2,-1.080312500e-1,-1.393750000e-1,3.007812500e-2,
1.755781250e+2,-1.038437500e-1,-1.300000000e-1,4.976562500e-2,
1.760781250e+2,-9.990625000e-2,-1.400000000e-1,5.000000000e-2,
1.761562500e+2,-9.590625000e-2,-1.200000000e-1,3.023437500e-2,
1.801562500e+2,-9.600000000e-2,-1.101562500e-1,2.968750000e-2,
1.799062500e+2,-9.618750000e-2,-9.000000000e-2,4.953125000e-2,
1.826562500e+2,-1.003750000e-1,-1.100781250e-1,6.015625000e-2,
1.852187500e+2,-1.040625000e-1,-8.960937500e-2,3.046875000e-2,
1.740156250e+2,-9.956250000e-2,-9.968750000e-2,2.898437500e-2,
1.867031250e+2,-9.193750000e-2,-7.984375000e-2,5.984375000e-2,
1.852656250e+2,-9.625000000e-2,-8.953125000e-2,4.039062500e-2,
1.800625000e+2,-1.000937500e-1,-5.859375000e-2,3.953125000e-2,
1.816875000e+2,-9.503125000e-2,-6.000000000e-2,4.992187500e-2,
1.734687500e+2,-7.525000000e-2,-4.921875000e-2,5.007812500e-2,
1.743906250e+2,-8.078125000e-2,-5.054687500e-2,4.968750000e-2,
1.783593750e+2,-9.278125000e-2,-6.007812500e-2,2.976562500e-2,
1.798437500e+2,-9.546875000e-2,-4.914062500e-2,5.031250000e-2,
1.779687500e+2,-8.806250000e-2,-4.070312500e-2,6.000000000e-2,
1.776562500e+2,-9.159375000e-2,-4.914062500e-2,5.023437500e-2,
1.740468750e+2,-7.928125000e-2,-9.375000000e-3,2.976562500e-2,
1.782343750e+2,-8.043750000e-2,-1.984375000e-2,4.992187500e-2,
1.801875000e+2,-7.971875000e-2,9.921875000e-3,3.062500000e-2,
1.862031250e+2,-7.615625000e-2,3.125000000e-4,3.992187500e-2,
1.836562500e+2,-8.006250000e-2,1.726562500e-2,2.960937500e-2,
1.756562500e+2,-6.387500000e-2,3.898437500e-2,4.929687500e-2,
1.718906250e+2,-8.284375000e-2,3.968750000e-2,4.789062500e-2,
1.756718750e+2,-8.006250000e-2,4.031250000e-2,6.976562500e-2,
1.795468750e+2,-8.381250000e-2,2.976562500e-2,3.000000000e-2,
1.843906250e+2,-8.037500000e-2,4.984375000e-2,4.000000000e-2,
1.725937500e+2,-7.190625000e-2,6.007812500e-2,4.015625000e-2,
1.753750000e+2,-8.375000000e-2,7.023437500e-2,7.992187500e-2,
1.780312500e+2,-7.653125000e-2,6.992187500e-2,4.992187500e-2,
1.780312500e+2,-6.800000000e-2,8.023437500e-2,6.031250000e-2,
1.778281250e+2,-7.196875000e-2,1.003125000e-1,4.953125000e-2,
1.818750000e+2,-6.815625000e-2,9.929687500e-2,4.007812500e-2,
1.819687500e+2,-6.800000000e-2,8.007812500e-2,5.000000000e-2,
1.802656250e+2,-6.796875000e-2,8.992187500e-2,3.945312500e-2,
1.699843750e+2,-6.387500000e-2,9.226562500e-2,2.960937500e-2,
1.796875000e+2,-5.618750000e-2,1.513281250e-1,3.226562500e-2,
1.783125000e+2,-7.615625000e-2,1.178125000e-1,6.976562500e-2,
1.737968750e+2,-7.590625000e-2,1.237500000e-1,4.015625000e-2,
1.818125000e+2,-6.784375000e-2,1.710937500e-1,8.171875000e-2,
1.800937500e+2,-6.000000000e-2,1.486718750e-1,6.742187500e-2,
1.800312500e+2,-6.796875000e-2,1.487500000e-1,5.007812500e-2,
1.779218750e+2,-5.181250000e-2,1.296875000e-1,6.015625000e-2,
1.839062500e+2,-6.462500000e-2,1.518750000e-1,4.875000000e-2,
1.799687500e+2,-6.346875000e-2,1.605468750e-1,3.984375000e-2,
1.778906250e+2,-5.581250000e-2,1.704687500e-1,3.992187500e-2,
1.819687500e+2,-6.053125000e-2,1.805468750e-1,4.046875000e-2,
1.800937500e+2,-6.350000000e-2,2.021875000e-1,5.015625000e-2,
1.799218750e+2,-5.178125000e-2,2.078125000e-1,5.007812500e-2,
1.801406250e+2,-5.621875000e-2,1.596093750e-1,4.984375000e-2,
1.780156250e+2,-6.000000000e-2,2.023437500e-1,3.992187500e-2,
1.781093750e+2,-5.600000000e-2,2.204687500e-1,5.992187500e-2,
1.740468750e+2,-4.787500000e-2,2.300000000e-1,5.023437500e-2,
1.777343750e+2,-5.609375000e-2,2.196875000e-1,5.000000000e-2,
1.765312500e+2,-4.793750000e-2,2.469531250e-1,7.000000000e-2,
1.716718750e+2,-5.921875000e-2,2.553906250e-1,6.031250000e-2,
1.801718750e+2,-5.096875000e-2,2.275781250e-1,3.039062500e-2,
1.797656250e+2,-3.603125000e-2,2.498437500e-1,4.945312500e-2,
1.759062500e+2,-4.709375000e-2,2.200000000e-1,7.039062500e-2,
1.739687500e+2,-5.228125000e-2,2.403906250e-1,4.125000000e-2,
1.719062500e+2,-4.818750000e-2,2.800781250e-1,3.937500000e-2,
1.700156250e+2,-4.784375000e-2,2.600000000e-1,6.054687500e-2,
1.742812500e+2,-5.181250000e-2,2.801562500e-1,3.054687500e-2,
1.777812500e+2,-5.212500000e-2,2.803125000e-1,4.914062500e-2,
1.720468750e+2,-3.593750000e-2,2.798437500e-1,8.000000000e-2,
1.780781250e+2,-4.800000000e-2,2.900000000e-1,5.015625000e-2,
1.760625000e+2,-3.606250000e-2,2.799218750e-1,4.000000000e-2,
1.819843750e+2,-4.756250000e-2,3.000781250e-1,4.984375000e-2,
1.738750000e+2,-4.812500000e-2,2.899218750e-1,5.023437500e-2,
1.760000000e+2,-3.609375000e-2,2.798437500e-1,4.015625000e-2,
1.740000000e+2,-4.362500000e-2,2.796093750e-1,3.976562500e-2,
1.740000000e+2,-5.209375000e-2,3.102343750e-1,4.992187500e-2,
1.720000000e+2,-4.393750000e-2,2.889843750e-1,5.007812500e-2,
1.740000000e+2,-6.000000000e-2,2.807031250e-1,4.000000000e-2,
1.719218750e+2,-3.990625000e-2,3.102343750e-1,4.000000000e-2,
1.720781250e+2,-4.415625000e-2,3.000000000e-1,7.984375000e-2,
1.760312500e+2,-3.946875000e-2,3.100000000e-1,5.117187500e-2,
1.739062500e+2,-1.978125000e-2,3.202343750e-1,3.992187500e-2,
1.679843750e+2,-2.843750000e-2,3.300000000e-1,4.000000000e-2,
1.719531250e+2,-4.000000000e-2,3.200000000e-1,5.070312500e-2,
1.740937500e+2,-3.200000000e-2,3.399218750e-1,1.960937500e-2,
1.680000000e+2,-3.984375000e-2,3.296093750e-1,8.796875000e-2,
1.758906250e+2,-3.615625000e-2,2.999218750e-1,9.015625000e-2,
1.720000000e+2,-3.978125000e-2,3.400781250e-1,3.945312500e-2,
1.759843750e+2,-4.406250000e-2,3.200781250e-1,3.953125000e-2,
1.740000000e+2,-3.640625000e-2,3.394531250e-1,7.007812500e-2,
1.760000000e+2,-3.187500000e-2,3.295312500e-1,4.039062500e-2,
1.720156250e+2,-3.918750000e-2,3.577343750e-1,5.875000000e-2,
1.719843750e+2,-5.128125000e-2,3.388281250e-1,6.125000000e-2,
1.740156250e+2,-4.971875000e-2,2.986718750e-1,3.031250000e-2,
1.760000000e+2,-4.006250000e-2,3.283593750e-1,4.984375000e-2,
1.739687500e+2,-3.600000000e-2,3.201562500e-1,5.906250000e-2,
1.780000000e+2,-3.171875000e-2,3.392187500e-1,7.132812500e-2,
1.742187500e+2,-4.009375000e-2,3.297656250e-1,2.039062500e-2,
1.680000000e+2,-2.793750000e-2,3.583593750e-1,3.867187500e-2,
1.737968750e+2,-4.756250000e-2,3.512500000e-1,6.000000000e-2,
1.781406250e+2,-4.787500000e-2,3.403125000e-1,5.000000000e-2,
1.702031250e+2,-3.206250000e-2,3.385156250e-1,6.000000000e-2,
1.719687500e+2,-3.196875000e-2,3.691406250e-1,4.992187500e-2,
1.698750000e+2,-3.984375000e-2,3.703906250e-1,6.007812500e-2,
1.741406250e+2,-2.800000000e-2,3.506250000e-1,4.039062500e-2,
1.660937500e+2,-3.200000000e-2,3.300000000e-1,3.968750000e-2,
1.700312500e+2,-2.815625000e-2,3.500000000e-1,5.000000000e-2,
1.640000000e+2,-4.406250000e-2,3.404687500e-1,4.992187500e-2,
1.699531250e+2,-3.993750000e-2,3.701562500e-1,5.984375000e-2,
1.639843750e+2,-4.409375000e-2,3.499218750e-1,5.007812500e-2,
1.719375000e+2,-4.384375000e-2,3.699218750e-1,7.992187500e-2,
1.719531250e+2,-3.162500000e-2,3.500781250e-1,5.000000000e-2,
1.700000000e+2,-3.218750000e-2,3.499218750e-1,6.984375000e-2,
1.739843750e+2,-3.581250000e-2,3.298437500e-1,5.031250000e-2,
1.741250000e+2,-3.215625000e-2,3.204687500e-1,5.015625000e-2,
1.681250000e+2,-4.018750000e-2,3.500781250e-1,2.968750000e-2,
1.660000000e+2,-4.012500000e-2,3.602343750e-1,6.000000000e-2,
1.677500000e+2,-4.828125000e-2,3.798437500e-1,3.015625000e-2,
1.739531250e+2,-4.790625000e-2,3.488281250e-1,4.992187500e-2,
1.720781250e+2,-4.812500000e-2,3.400000000e-1,4.015625000e-2,
1.681406250e+2,-4.765625000e-2,3.499218750e-1,3.992187500e-2,
1.637500000e+2,-3.590625000e-2,3.404687500e-1,3.992187500e-2,
1.718906250e+2,-4.409375000e-2,3.392187500e-1,4.968750000e-2,
1.680937500e+2,-4.009375000e-2,3.495312500e-1,5.000000000e-2,
1.698593750e+2,-4.003125000e-2,3.498437500e-1,5.023437500e-2,
1.700937500e+2,-3.596875000e-2,3.574218750e-1,4.890625000e-2,
1.680156250e+2,-4.309375000e-2,3.636718750e-1,6.093750000e-2,
1.679531250e+2,-4.425000000e-2,3.402343750e-1,5.007812500e-2,
1.700156250e+2,-3.590625000e-2,3.492968750e-1,7.007812500e-2,
1.640000000e+2,-4.396875000e-2,3.500000000e-1,3.968750000e-2,
1.699843750e+2,-4.000000000e-2,3.099218750e-1,4.085937500e-2,
1.680781250e+2,-4.775000000e-2,3.396875000e-1,6.984375000e-2,
1.659062500e+2,-4.809375000e-2,3.296875000e-1,1.000000000e-2,
1.739375000e+2,-4.406250000e-2,3.197656250e-1,1.015625000e-3,
1.720312500e+2,-4.400000000e-2,3.502343750e-1,4.023437500e-2,
1.659687500e+2,-4.396875000e-2,3.396093750e-1,3.000000000e-2,
1.700156250e+2,-4.793750000e-2,3.404687500e-1,5.000000000e-2,
1.659687500e+2,-4.828125000e-2,3.394531250e-1,2.945312500e-2,
1.679843750e+2,-4.384375000e-2,3.292968750e-1,2.078125000e-2,
1.660468750e+2,-5.196875000e-2,3.311718750e-1,7.023437500e-2,
1.700937500e+2,-4.800000000e-2,3.391406250e-1,3.960937500e-2,
1.657812500e+2,-4.809375000e-2,3.196093750e-1,6.039062500e-2,
1.641406250e+2,-5.175000000e-2,3.185937500e-1,3.867187500e-2,
1.658437500e+2,-4.393750000e-2,3.010156250e-1,3.984375000e-2,
1.619843750e+2,-4.809375000e-2,3.427343750e-1,2.968750000e-2,
1.661718750e+2,-4.378125000e-2,3.248437500e-1,5.195312500e-2,
1.659375000e+2,-4.415625000e-2,2.921093750e-1,6.812500000e-2,
1.660312500e+2,-4.390625000e-2,3.309375000e-1,1.992187500e-2,
1.680468750e+2,-4.415625000e-2,3.100781250e-1,6.078125000e-2,
1.700000000e+2,-5.200000000e-2,3.291406250e-1,3.890625000e-2,
1.658281250e+2,-5.196875000e-2,2.884375000e-1,4.023437500e-2,
1.621093750e+2,-5.203125000e-2,3.012500000e-1,3.984375000e-2,
1.720781250e+2,-5.193750000e-2,2.991406250e-1,4.000000000e-2,
1.695937500e+2,-4.793750000e-2,2.797656250e-1,4.992187500e-2,
1.596718750e+2,-4.403125000e-2,2.800000000e-1,4.000000000e-2,
1.583906250e+2,-3.987500000e-2,2.800781250e-1,3.992187500e-2,
1.701562500e+2,-5.593750000e-2,2.996875000e-1,4.992187500e-2,
1.680156250e+2,-4.078125000e-2,2.916406250e-1,5.000000000e-2,
1.659531250e+2,-4.665625000e-2,2.703125000e-1,5.000000000e-2,
1.640000000e+2,-5.165625000e-2,2.720312500e-1,4.109375000e-2,
1.640625000e+2,-5.246875000e-2,2.500000000e-1,3.000000000e-2,
1.680625000e+2,-4.393750000e-2,2.497656250e-1,5.054687500e-2,
1.679375000e+2,-5.200000000e-2,2.399218750e-1,6.000000000e-2,
1.659843750e+2,-4.403125000e-2,2.398437500e-1,4.914062500e-2,
1.679687500e+2,-5.584375000e-2,2.199218750e-1,3.000000000e-2,
1.700000000e+2,-6.412500000e-2,2.503125000e-1,5.031250000e-2,
1.700156250e+2,-5.196875000e-2,2.501562500e-1,6.000000000e-2,
1.699375000e+2,-5.993750000e-2,2.394531250e-1,4.968750000e-2,
1.682187500e+2,-5.590625000e-2,2.303906250e-1,3.007812500e-2,
1.601562500e+2,-6.806250000e-2,2.500781250e-1,3.031250000e-2,
1.636250000e+2,-6.040625000e-2,2.275000000e-1,4.000000000e-2,
1.680156250e+2,-5.593750000e-2,1.997656250e-1,4.015625000e-2,
1.659218750e+2,-4.771875000e-2,2.006250000e-1,5.015625000e-2,
1.719375000e+2,-4.821875000e-2,2.199218750e-1,3.906250000e-2,
1.681250000e+2,-5.212500000e-2,1.898437500e-1,1.984375000e-2,
1.639843750e+2,-5.200000000e-2,1.999218750e-1,3.023437500e-2,
1.659843750e+2,-5.184375000e-2,1.798437500e-1,4.000000000e-2,
1.640937500e+2,-5.240625000e-2,1.902343750e-1,3.984375000e-2,
1.657031250e+2,-6.000000000e-2,1.796875000e-1,4.007812500e-2,
1.682656250e+2,-5.181250000e-2,1.694531250e-1,5.984375000e-2,
1.605625000e+2,-5.221875000e-2,1.586718750e-1,4.906250000e-2,
1.576250000e+2,-6.021875000e-2,1.507812500e-1,3.125000000e-2,
1.656562500e+2,-5.987500000e-2,1.689062500e-1,7.007812500e-2,
1.642031250e+2,-6.006250000e-2,1.299218750e-1,3.929687500e-2,
1.638906250e+2,-6.368750000e-2,1.601562500e-1,6.125000000e-2,
1.657500000e+2,-5.609375000e-2,1.304687500e-1,5.773437500e-2,
1.681718750e+2,-6.818750000e-2,1.300781250e-1,3.023437500e-2,
1.620625000e+2,-5.965625000e-2,1.300000000e-1,6.062500000e-2,
1.676250000e+2,-5.600000000e-2,1.299218750e-1,4.000000000e-2,
1.700000000e+2,-6.353125000e-2,1.310937500e-1,9.921875000e-3,
1.682343750e+2,-7.156250000e-2,1.007031250e-1,2.000000000e-2,
1.621093750e+2,-7.253125000e-2,1.106250000e-1,5.992187500e-2,
1.643593750e+2,-6.812500000e-2,8.312500000e-2,3.992187500e-2,
1.637343750e+2,-6.793750000e-2,7.210937500e-2,6.078125000e-2,
1.647187500e+2,-6.406250000e-2,3.914062500e-2,5.007812500e-2,
1.701093750e+2,-7.625000000e-2,7.953125000e-2,3.000000000e-2,
1.655000000e+2,-7.584375000e-2,5.109375000e-2,3.007812500e-2,
1.617968750e+2,-6.381250000e-2,5.914062500e-2,6.015625000e-2,
1.600000000e+2,-6.000000000e-2,7.000000000e-2,3.023437500e-2,
1.645156250e+2,-8.037500000e-2,2.968750000e-2,5.937500000e-2,
1.698906250e+2,-7.993750000e-2,4.031250000e-2,6.039062500e-2,
1.640000000e+2,-5.956250000e-2,3.992187500e-2,3.000000000e-2,
1.679375000e+2,-6.065625000e-2,2.992187500e-2,5.000000000e-2,
1.619531250e+2,-7.593750000e-2,2.000000000e-2,5.007812500e-2,
1.682031250e+2,-5.875000000e-2,2.992187500e-2,5.015625000e-2,
1.658750000e+2,-5.650000000e-2,3.000000000e-2,4.953125000e-2,
1.657343750e+2,-6.490625000e-2,9.843750000e-3,7.992187500e-2,
1.621406250e+2,-7.650000000e-2,1.101562500e-2,5.070312500e-2,
1.658906250e+2,-7.578125000e-2,1.914062500e-2,3.007812500e-2,
1.598593750e+2,-7.646875000e-2,-2.265625000e-2,2.984375000e-2,
1.645468750e+2,-8.406250000e-2,-3.914062500e-2,3.984375000e-2,
1.682031250e+2,-7.546875000e-2,-2.046875000e-2,4.031250000e-2,
1.676406250e+2,-6.793750000e-2,-5.257812500e-2,3.000000000e-2,
1.640000000e+2,-7.265625000e-2,-5.906250000e-2,4.039062500e-2,
1.660468750e+2,-8.009375000e-2,-3.929687500e-2,5.015625000e-2,
1.663125000e+2,-8.034375000e-2,-4.062500000e-2,6.054687500e-2,
1.699062500e+2,-7.878125000e-2,-6.109375000e-2,5.976562500e-2,
1.632500000e+2,-6.440625000e-2,-8.039062500e-2,5.023437500e-2,
1.600312500e+2,-8.043750000e-2,-7.976562500e-2,7.000000000e-2,
1.620937500e+2,-6.734375000e-2,-8.062500000e-2,4.031250000e-2,
1.618593750e+2,-7.721875000e-2,-1.003125000e-1,4.960937500e-2,
1.598750000e+2,-8.403125000e-2,-1.000000000e-1,4.929687500e-2,
1.602343750e+2,-7.993750000e-2,-1.189062500e-1,6.921875000e-2,
1.639843750e+2,-7.603125000e-2,-1.215625000e-1,6.085937500e-2,
1.575468750e+2,-7.584375000e-2,-1.021093750e-1,5.968750000e-2,
1.553281250e+2,-8.000000000e-2,-1.045312500e-1,6.015625000e-2,
1.676250000e+2,-7.609375000e-2,-1.296093750e-1,6.000000000e-2,
1.641562500e+2,-7.203125000e-2,-1.294531250e-1,6.000000000e-2,
1.660781250e+2,-7.200000000e-2,-1.599218750e-1,4.992187500e-2,
1.601406250e+2,-7.203125000e-2,-1.600000000e-1,3.992187500e-2,
1.638437500e+2,-7.187500000e-2,-1.606250000e-1,3.046875000e-2,
1.602656250e+2,-7.593750000e-2,-1.799218750e-1,2.007812500e-2,
1.618593750e+2,-7.240625000e-2,-1.497656250e-1,4.992187500e-2,
1.618281250e+2,-6.765625000e-2,-1.600781250e-1,9.218750000e-3,
1.660625000e+2,-7.600000000e-2,-1.599218750e-1,1.062500000e-2,
1.619843750e+2,-6.803125000e-2,-1.814843750e-1,5.046875000e-2,
1.679531250e+2,-6.784375000e-2,-2.202343750e-1,5.015625000e-2,
1.620781250e+2,-6.793750000e-2,-2.084375000e-1,5.976562500e-2,
1.600156250e+2,-6.818750000e-2,-1.903125000e-1,4.000000000e-2,
1.580312500e+2,-8.415625000e-2,-2.110937500e-1,6.054687500e-2,
1.616406250e+2,-9.190625000e-2,-2.201562500e-1,6.023437500e-2,
1.679687500e+2,-7.990625000e-2,-2.329687500e-1,6.984375000e-2,
1.641250000e+2,-8.000000000e-2,-2.610937500e-1,4.750000000e-2,
1.639687500e+2,-7.600000000e-2,-2.475000000e-1,3.031250000e-2,
1.621250000e+2,-7.600000000e-2,-2.421093750e-1,5.101562500e-2,
1.599062500e+2,-7.162500000e-2,-2.716406250e-1,4.937500000e-2,
1.640000000e+2,-6.846875000e-2,-2.580468750e-1,5.023437500e-2,
1.620312500e+2,-8.018750000e-2,-2.517187500e-1,6.125000000e-2,
1.639062500e+2,-7.609375000e-2,-2.796093750e-1,5.703125000e-2,
1.659531250e+2,-8.415625000e-2,-2.610937500e-1,9.375000000e-3,
1.678593750e+2,-7.568750000e-2,-3.119531250e-1,4.156250000e-2,
1.683437500e+2,-7.621875000e-2,-2.982812500e-1,5.968750000e-2,
1.621718750e+2,-8.003125000e-2,-2.910156250e-1,2.992187500e-2,
1.620468750e+2,-7.200000000e-2,-3.206250000e-1,6.960937500e-2,
1.581875000e+2,-7.975000000e-2,-3.100781250e-1,6.054687500e-2,
1.596562500e+2,-8.037500000e-2,-3.016406250e-1,3.000000000e-2,
1.639062500e+2,-7.225000000e-2,-2.784375000e-1,5.000000000e-2,
1.622968750e+2,-7.221875000e-2,-3.241406250e-1,6.007812500e-2,
1.621562500e+2,-6.793750000e-2,-3.244531250e-1,4.960937500e-2,
1.679375000e+2,-7.196875000e-2,-3.191406250e-1,6.007812500e-2,
1.619531250e+2,-6.812500000e-2,-3.300781250e-1,3.992187500e-2,
1.659843750e+2,-7.168750000e-2,-3.100781250e-1,5.992187500e-2,
1.556562500e+2,-6.859375000e-2,-3.400781250e-1,4.960937500e-2,
1.543437500e+2,-6.343750000e-2,-3.300781250e-1,8.976562500e-2,
1.619375000e+2,-7.959375000e-2,-3.300781250e-1,6.046875000e-2,
1.559531250e+2,-8.009375000e-2,-3.402343750e-1,7.968750000e-2,
1.642656250e+2,-7.212500000e-2,-3.396875000e-1,7.039062500e-2,
1.658750000e+2,-7.209375000e-2,-3.700000000e-1,5.000000000e-2,
1.619062500e+2,-6.796875000e-2,-3.400781250e-1,6.992187500e-2,
1.600156250e+2,-7.584375000e-2,-3.497656250e-1,6.085937500e-2,
1.620468750e+2,-7.209375000e-2,-3.100781250e-1,3.960937500e-2,
1.660000000e+2,-6.403125000e-2,-3.704687500e-1,5.031250000e-2,
1.680000000e+2,-6.790625000e-2,-3.704687500e-1,1.960937500e-2,
1.600000000e+2,-7.193750000e-2,-3.501562500e-1,5.992187500e-2,
1.660312500e+2,-7.606250000e-2,-3.708593750e-1,3.007812500e-2,
1.620156250e+2,-7.203125000e-2,-3.798437500e-1,5.992187500e-2,
1.659218750e+2,-8.003125000e-2,-3.699218750e-1,5.000000000e-2,
1.557968750e+2,-7.596875000e-2,-3.700000000e-1,4.945312500e-2,
1.580625000e+2,-7.596875000e-2,-3.600000000e-1,6.062500000e-2,
1.599687500e+2,-7.193750000e-2,-3.605468750e-1,3.007812500e-2,
1.579843750e+2,-7.200000000e-2,-3.900000000e-1,5.000000000e-2,
1.620000000e+2,-7.206250000e-2,-3.599218750e-1,5.046875000e-2,
1.639375000e+2,-7.600000000e-2,-3.700000000e-1,3.968750000e-2,
1.660000000e+2,-7.603125000e-2,-3.700000000e-1,5.976562500e-2,
1.600781250e+2,-7.600000000e-2,-3.800000000e-1,5.000000000e-2,
1.620000000e+2,-7.600000000e-2,-3.798437500e-1,4.984375000e-2,
1.639687500e+2,-7.603125000e-2,-3.602343750e-1,3.992187500e-2,
1.700000000e+2,-7.590625000e-2,-3.688281250e-1,5.984375000e-2,
1.617968750e+2,-7.978125000e-2,-3.807812500e-1,5.054687500e-2,
1.599843750e+2,-8.034375000e-2,-3.685156250e-1,3.968750000e-2,
1.639843750e+2,-7.565625000e-2,-3.910937500e-1,5.031250000e-2,
1.619687500e+2,-8.075000000e-2,-3.620312500e-1,3.859375000e-2,
1.620000000e+2,-7.206250000e-2,-3.782812500e-1,6.992187500e-2,
1.640156250e+2,-7.596875000e-2,-3.712500000e-1,6.031250000e-2,
1.600000000e+2,-7.178125000e-2,-3.700781250e-1,6.968750000e-2,
1.620000000e+2,-8.400000000e-2,-3.692187500e-1,6.015625000e-2,
1.580312500e+2,-6.825000000e-2,-3.907031250e-1,5.031250000e-2,
1.617812500e+2,-6.787500000e-2,-3.606250000e-1,3.984375000e-2,
1.699218750e+2,-7.206250000e-2,-3.796875000e-1,5.976562500e-2,
1.681093750e+2,-7.203125000e-2,-3.609375000e-1,6.054687500e-2,
1.679843750e+2,-6.400000000e-2,-3.697656250e-1,4.976562500e-2,
1.643593750e+2,-7.203125000e-2,-3.603906250e-1,8.000000000e-2,
1.600937500e+2,-6.400000000e-2,-3.596875000e-1,5.054687500e-2,
1.617656250e+2,-6.806250000e-2,-3.600000000e-1,4.984375000e-2,
1.661093750e+2,-6.806250000e-2,-3.301562500e-1,3.031250000e-2,
1.599843750e+2,-7.203125000e-2,-3.602343750e-1,1.945312500e-2,
1.659687500e+2,-6.784375000e-2,-3.291406250e-1,6.992187500e-2,
1.580312500e+2,-6.409375000e-2,-3.304687500e-1,2.992187500e-2,
1.579375000e+2,-7.600000000e-2,-3.499218750e-1,6.031250000e-2,
1.640156250e+2,-6.375000000e-2,-3.500000000e-1,4.992187500e-2,
1.619687500e+2,-6.806250000e-2,-3.500000000e-1,6.976562500e-2,
1.580156250e+2,-6.384375000e-2,-3.500000000e-1,5.046875000e-2,
1.580156250e+2,-6.831250000e-2,-3.404687500e-1,4.007812500e-2,
1.579218750e+2,-6.759375000e-2,-3.599218750e-1,3.984375000e-2,
1.619375000e+2,-6.434375000e-2,-2.993750000e-1,6.031250000e-2,
1.600312500e+2,-8.040625000e-2,-3.006250000e-1,7.007812500e-2,
1.600625000e+2,-7.134375000e-2,-3.303906250e-1,5.007812500e-2,
1.578906250e+2,-6.428125000e-2,-3.200000000e-1,3.992187500e-2,
1.678906250e+2,-7.596875000e-2,-3.098437500e-1,4.976562500e-2,
1.625625000e+2,-6.803125000e-2,-3.387500000e-1,5.976562500e-2,
1.579687500e+2,-8.006250000e-2,-3.424218750e-1,7.062500000e-2,
1.618750000e+2,-6.840625000e-2,-3.024218750e-1,4.070312500e-2,
1.621875000e+2,-5.987500000e-2,-2.999218750e-1,4.921875000e-2,
1.579843750e+2,-7.225000000e-2,-2.907812500e-1,4.921875000e-2,
1.619687500e+2,-5.687500000e-2,-2.979687500e-1,6.851562500e-2,
1.620000000e+2,-6.731250000e-2,-3.000781250e-1,5.960937500e-2,
1.620156250e+2,-8.025000000e-2,-2.907812500e-1,3.953125000e-2,
1.580000000e+2,-6.809375000e-2,-2.700000000e-1,4.007812500e-2,
1.600000000e+2,-7.200000000e-2,-2.900000000e-1,5.007812500e-2,
1.580312500e+2,-6.828125000e-2,-2.701562500e-1,4.992187500e-2,
1.580000000e+2,-6.400000000e-2,-2.802343750e-1,4.000000000e-2,
1.599062500e+2,-6.787500000e-2,-2.800781250e-1,3.992187500e-2,
1.680156250e+2,-7.178125000e-2,-2.592187500e-1,4.015625000e-2,
1.561875000e+2,-7.225000000e-2,-2.303125000e-1,5.000000000e-2,
1.560156250e+2,-5.231250000e-2,-2.604687500e-1,4.000000000e-2,
1.539843750e+2,-5.121875000e-2,-2.389062500e-1,4.984375000e-2,
1.561250000e+2,-6.775000000e-2,-2.512500000e-1,2.992187500e-2,
1.601093750e+2,-6.409375000e-2,-2.483593750e-1,5.093750000e-2,
1.619843750e+2,-6.400000000e-2,-2.300000000e-1,4.945312500e-2,
1.599218750e+2,-6.393750000e-2,-2.400000000e-1,5.093750000e-2,
1.601406250e+2,-5.987500000e-2,-2.178906250e-1,7.007812500e-2,
1.619375000e+2,-6.425000000e-2,-2.112500000e-1,4.828125000e-2,
1.599687500e+2,-6.762500000e-2,-2.303906250e-1,3.976562500e-2,
1.598437500e+2,-5.562500000e-2,-2.069531250e-1,5.148437500e-2,
1.560312500e+2,-6.065625000e-2,-1.908593750e-1,6.843750000e-2,
1.577968750e+2,-6.371875000e-2,-1.989062500e-1,3.054687500e-2,
1.500000000e+2,-5.596875000e-2,-1.798437500e-1,7.000000000e-2,
1.602500000e+2,-6.000000000e-2,-2.018750000e-1,2.914062500e-2,
1.619531250e+2,-6.009375000e-2,-1.985156250e-1,6.140625000e-2,
1.619687500e+2,-6.803125000e-2,-1.682031250e-1,6.921875000e-2,
1.579531250e+2,-6.384375000e-2,-1.603125000e-1,3.992187500e-2,
1.518437500e+2,-6.000000000e-2,-1.700781250e-1,5.023437500e-2,
1.520312500e+2,-6.003125000e-2,-1.599218750e-1,3.000000000e-2,
1.564218750e+2,-5.603125000e-2,-1.399218750e-1,5.992187500e-2,
1.639843750e+2,-5.593750000e-2,-1.402343750e-1,3.992187500e-2,
1.560156250e+2,-5.971875000e-2,-1.303906250e-1,6.046875000e-2,
1.580625000e+2,-6.365625000e-2,-1.312500000e-1,1.070312500e-2,
1.599687500e+2,-6.175000000e-2,-1.116406250e-1,3.765625000e-2,
1.639218750e+2,-5.171875000e-2,-1.100000000e-1,5.007812500e-2,
1.558906250e+2,-6.390625000e-2,-1.000000000e-1,6.023437500e-2,
1.581250000e+2,-5.240625000e-2,-1.101562500e-1,5.976562500e-2,
1.600000000e+2,-5.606250000e-2,-1.101562500e-1,3.890625000e-2,
1.600000000e+2,-6.396875000e-2,-1.201562500e-1,2.007812500e-2,
1.620000000e+2,-6.803125000e-2,-8.992187500e-2,4.007812500e-2,
1.619375000e+2,-6.396875000e-2,-9.992187500e-2,2.984375000e-2,
1.622656250e+2,-6.003125000e-2,-7.929687500e-2,4.015625000e-2,
1.540937500e+2,-6.006250000e-2,-6.921875000e-2,4.992187500e-2,
1.560156250e+2,-5.600000000e-2,-5.007812500e-2,4.968750000e-2,
1.538281250e+2,-5.968750000e-2,-7.132812500e-2,4.000000000e-2,
1.618906250e+2,-6.396875000e-2,-6.984375000e-2,6.109375000e-2,
1.580312500e+2,-5.571875000e-2,-6.015625000e-2,6.953125000e-2,
1.619375000e+2,-5.621875000e-2,-7.007812500e-2,3.906250000e-2,
1.580781250e+2,-6.015625000e-2,-3.960937500e-2,4.039062500e-2,
1.559375000e+2,-6.446875000e-2,-2.000000000e-2,5.000000000e-2,
1.598281250e+2,-7.146875000e-2,-2.000000000e-2,5.007812500e-2,
1.620156250e+2,-6.459375000e-2,-9.531250000e-3,5.976562500e-2,
1.602343750e+2,-7.971875000e-2,-1.023437500e-2,3.000000000e-2,
1.579062500e+2,-5.571875000e-2,-2.007812500e-2,5.007812500e-2,
1.600468750e+2,-6.837500000e-2,-8.828125000e-3,3.007812500e-2,
1.544843750e+2,-6.350000000e-2,-2.343750000e-4,6.031250000e-2,
1.515468750e+2,-5.593750000e-2,-1.015625000e-2,3.984375000e-2,
1.597812500e+2,-6.015625000e-2,1.070312500e-2,4.914062500e-2,
1.597500000e+2,-6.800000000e-2,3.976562500e-2,9.375000000e-3,
1.659531250e+2,-5.978125000e-2,1.960937500e-2,3.117187500e-2,
1.583593750e+2,-5.596875000e-2,7.015625000e-2,3.000000000e-2,
1.561093750e+2,-6.031250000e-2,4.000000000e-2,4.007812500e-2,
1.537343750e+2,-6.806250000e-2,4.945312500e-2,3.000000000e-2,
1.635781250e+2,-5.237500000e-2,5.929687500e-2,3.000000000e-2,
1.605000000e+2,-5.578125000e-2,7.062500000e-2,3.000000000e-2,
1.517812500e+2,-5.781250000e-2,5.015625000e-2,5.992187500e-2,
1.582656250e+2,-7.443750000e-2,7.484375000e-2,4.007812500e-2,
1.511562500e+2,-4.784375000e-2,9.023437500e-2,5.007812500e-2,
1.528906250e+2,-6.856250000e-2,8.046875000e-2,3.007812500e-2,
1.582968750e+2,-6.775000000e-2,7.968750000e-2,3.000000000e-2,
1.553906250e+2,-6.400000000e-2,8.937500000e-2,4.007812500e-2,
1.523281250e+2,-6.393750000e-2,1.092968750e-1,4.976562500e-2,
1.601718750e+2,-5.600000000e-2,1.300000000e-1,5.992187500e-2,
1.555468750e+2,-6.009375000e-2,1.296875000e-1,6.000000000e-2,
1.520000000e+2,-6.000000000e-2,1.098437500e-1,5.039062500e-2,
1.518281250e+2,-5.996875000e-2,1.201562500e-1,1.992187500e-2,
1.480156250e+2,-5.590625000e-2,1.501562500e-1,5.000000000e-2,
1.545937500e+2,-5.618750000e-2,1.700000000e-1,7.023437500e-2,
1.579218750e+2,-6.025000000e-2,1.500000000e-1,4.046875000e-2,
1.559843750e+2,-5.953125000e-2,1.600000000e-1,4.953125000e-2,
1.557656250e+2,-5.618750000e-2,1.700781250e-1,6.007812500e-2,
1.518593750e+2,-5.987500000e-2,1.796093750e-1,3.062500000e-2,
1.541875000e+2,-5.612500000e-2,1.703906250e-1,1.898437500e-2,
1.561250000e+2,-6.450000000e-2,1.906250000e-1,5.953125000e-2,
1.581406250e+2,-5.906250000e-2,1.789062500e-1,5.007812500e-2,
1.577812500e+2,-5.262500000e-2,1.820312500e-1,5.984375000e-2,
1.560156250e+2,-7.209375000e-2,2.220312500e-1,5.000000000e-2,
1.557031250e+2,-5.031250000e-2,2.187500000e-1,6.031250000e-2,
1.520312500e+2,-4.893750000e-2,2.101562500e-1,5.968750000e-2,
1.588593750e+2,-6.434375000e-2,2.312500000e-1,4.992187500e-2,
1.589531250e+2,-5.506250000e-2,2.496093750e-1,4.984375000e-2,
1.477031250e+2,-5.743750000e-2,2.296875000e-1,2.984375000e-2,
1.547500000e+2,-7.190625000e-2,2.402343750e-1,3.976562500e-2,
1.581875000e+2,-5.946875000e-2,2.404687500e-1,4.078125000e-2,
1.596875000e+2,-6.428125000e-2,2.600781250e-1,9.609375000e-3,
1.516718750e+2,-5.978125000e-2,2.400781250e-1,5.726562500e-2,
1.524218750e+2,-6.006250000e-2,2.583593750e-1,6.031250000e-2,
1.555625000e+2,-6.000000000e-2,2.704687500e-1,6.921875000e-2,
1.438125000e+2,-5.968750000e-2,2.610937500e-1,6.148437500e-2,
1.515312500e+2,-6.465625000e-2,2.594531250e-1,4.960937500e-2,
1.519843750e+2,-5.593750000e-2,2.600000000e-1,4.953125000e-2,
1.574375000e+2,-6.793750000e-2,2.597656250e-1,2.000000000e-2,
1.622656250e+2,-5.262500000e-2,2.796875000e-1,5.046875000e-2,
1.544218750e+2,-4.778125000e-2,3.200781250e-1,8.000000000e-2,
1.540781250e+2,-5.978125000e-2,2.993750000e-1,5.101562500e-2,
1.502187500e+2,-5.262500000e-2,3.002343750e-1,9.921875000e-3,
1.534375000e+2,-4.362500000e-2,3.197656250e-1,4.093750000e-2,
1.580312500e+2,-6.293750000e-2,2.896875000e-1,4.953125000e-2,
1.542187500e+2,-6.434375000e-2,3.221875000e-1,2.992187500e-2,
1.520156250e+2,-5.600000000e-2,3.490625000e-1,5.062500000e-2,
1.500625000e+2,-6.765625000e-2,2.995312500e-1,4.921875000e-2,
1.480000000e+2,-6.387500000e-2,3.220312500e-1,2.968750000e-2,
1.498437500e+2,-5.603125000e-2,3.402343750e-1,4.218750000e-2,
1.539218750e+2,-6.409375000e-2,3.400781250e-1,6.968750000e-2,
1.558593750e+2,-6.390625000e-2,3.510156250e-1,3.898437500e-2,
1.580781250e+2,-5.596875000e-2,3.607812500e-1,5.171875000e-2,
1.521875000e+2,-6.003125000e-2,3.589843750e-1,5.812500000e-2,
1.519218750e+2,-6.400000000e-2,3.507031250e-1,4.101562500e-2,
1.539218750e+2,-5.562500000e-2,3.717187500e-1,8.007812500e-2,
1.542343750e+2,-4.815625000e-2,3.686718750e-1,3.703125000e-2,
1.459843750e+2,-6.096875000e-2,3.600781250e-1,4.093750000e-2,
1.516718750e+2,-6.750000000e-2,3.706250000e-1,5.085937500e-2,
1.560468750e+2,-6.040625000e-2,3.803906250e-1,4.742187500e-2,
1.502343750e+2,-7.628125000e-2,3.789843750e-1,9.921875000e-3,
1.512812500e+2,-6.356250000e-2,3.595312500e-1,4.070312500e-2,
1.622500000e+2,-5.987500000e-2,3.711718750e-1,3.984375000e-2,
1.503750000e+2,-5.200000000e-2,3.792187500e-1,4.992187500e-2,
1.556718750e+2,-6.000000000e-2,3.600781250e-1,5.992187500e-2,
1.545937500e+2,-6.371875000e-2,3.800000000e-1,6.015625000e-2,
1.460625000e+2,-7.618750000e-2,3.603125000e-1,5.000000000e-2,
1.498593750e+2,-5.721875000e-2,3.789062500e-1,7.000000000e-2,
1.495625000e+2,-5.562500000e-2,3.710937500e-1,5.007812500e-2,
1.581093750e+2,-5.568750000e-2,3.896875000e-1,5.070312500e-2,
1.558750000e+2,-5.678125000e-2,4.206250000e-1,2.992187500e-2,
1.559062500e+2,-4.393750000e-2,3.801562500e-1,4.968750000e-2,
1.498437500e+2,-5.896875000e-2,3.801562500e-1,4.000000000e-2,
1.499687500e+2,-5.668750000e-2,3.900000000e-1,5.000000000e-2,
1.502187500e+2,-5.509375000e-2,3.900781250e-1,3.023437500e-2,
1.558750000e+2,-7.171875000e-2,3.698437500e-1,4.914062500e-2,
1.478593750e+2,-6.418750000e-2,3.694531250e-1,5.992187500e-2,
1.542187500e+2,-4.809375000e-2,3.800781250e-1,5.992187500e-2,
1.558906250e+2,-5.587500000e-2,3.600000000e-1,6.007812500e-2,
1.540156250e+2,-5.603125000e-2,3.699218750e-1,4.007812500e-2,
1.538906250e+2,-5.978125000e-2,3.800000000e-1,3.984375000e-2,
1.480000000e+2,-6.012500000e-2,3.900000000e-1,4.953125000e-2,
1.520000000e+2,-5.178125000e-2,3.898437500e-1,6.976562500e-2,
1.480000000e+2,-7.171875000e-2,3.603125000e-1,6.093750000e-2,
1.559531250e+2,-6.428125000e-2,3.607031250e-1,3.007812500e-2,
1.539375000e+2,-5.196875000e-2,3.791406250e-1,3.960937500e-2,
1.519843750e+2,-6.003125000e-2,3.292187500e-1,5.992187500e-2,
1.478750000e+2,-5.200000000e-2,3.614062500e-1,5.000000000e-2,
1.459687500e+2,-6.003125000e-2,3.900000000e-1,1.953125000e-2,
1.460000000e+2,-5.181250000e-2,3.600000000e-1,5.960937500e-2,
1.460000000e+2,-5.631250000e-2,3.800781250e-1,3.023437500e-2,
1.480156250e+2,-6.393750000e-2,3.600781250e-1,4.000000000e-2,
1.520312500e+2,-5.593750000e-2,3.599218750e-1,4.031250000e-2,
1.518750000e+2,-6.000000000e-2,3.400781250e-1,3.945312500e-2,
1.580000000e+2,-6.021875000e-2,3.398437500e-1,6.945312500e-2,
1.520312500e+2,-5.218750000e-2,3.100000000e-1,6.007812500e-2,
1.560000000e+2,-5.196875000e-2,3.298437500e-1,5.007812500e-2,
1.480156250e+2,-5.203125000e-2,3.092187500e-1,5.992187500e-2,
1.500000000e+2,-5.556250000e-2,3.785937500e-1,5.007812500e-2,
1.560625000e+2,-6.421875000e-2,3.337500000e-1,4.054687500e-2,
1.560156250e+2,-5.590625000e-2,3.295312500e-1,2.914062500e-2,
1.500468750e+2,-6.731250000e-2,3.056250000e-1,6.906250000e-2,
1.480312500e+2,-5.881250000e-2,2.953125000e-1,5.304687500e-2,
1.540000000e+2,-5.193750000e-2,3.210156250e-1,3.992187500e-2,
1.540312500e+2,-5.996875000e-2,2.899218750e-1,5.875000000e-2,
1.520000000e+2,-5.609375000e-2,3.282031250e-1,6.164062500e-2,
1.500312500e+2,-6.000000000e-2,3.017968750e-1,2.023437500e-2,
1.518906250e+2,-5.996875000e-2,2.986718750e-1,3.890625000e-2,
1.560156250e+2,-6.400000000e-2,3.102343750e-1,5.015625000e-2,
1.501875000e+2,-6.406250000e-2,2.914062500e-1,3.976562500e-2,
1.495781250e+2,-6.409375000e-2,2.692968750e-1,7.000000000e-2,
1.561250000e+2,-4.403125000e-2,2.899218750e-1,4.984375000e-2,
1.445937500e+2,-6.006250000e-2,2.608593750e-1,8.031250000e-2,
1.456250000e+2,-5.200000000e-2,2.401562500e-1,3.054687500e-2,
1.481718750e+2,-7.203125000e-2,2.400000000e-1,5.898437500e-2,
1.439062500e+2,-5.587500000e-2,2.499218750e-1,6.031250000e-2,
1.518437500e+2,-6.815625000e-2,2.400781250e-1,3.976562500e-2,
1.481250000e+2,-6.778125000e-2,2.605468750e-1,7.000000000e-2,
1.459843750e+2,-5.603125000e-2,2.595312500e-1,2.984375000e-2,
1.499531250e+2,-6.409375000e-2,2.301562500e-1,4.000000000e-2,
1.540000000e+2,-5.556250000e-2,2.200000000e-1,2.000000000e-2,
1.539375000e+2,-4.781250000e-2,2.199218750e-1,2.906250000e-2,
1.400312500e+2,-3.950000000e-2,2.098437500e-1,6.953125000e-2,
1.457656250e+2,-4.071875000e-2,1.895312500e-1,6.039062500e-2,
1.480468750e+2,-6.065625000e-2,1.901562500e-1,4.945312500e-2,
1.478593750e+2,-6.390625000e-2,2.101562500e-1,6.992187500e-2,
1.536562500e+2,-6.412500000e-2,2.099218750e-1,4.015625000e-2,
1.561250000e+2,-6.381250000e-2,1.988281250e-1,4.984375000e-2,
1.461406250e+2,-5.587500000e-2,1.600000000e-1,6.960937500e-2,
1.477812500e+2,-5.603125000e-2,1.894531250e-1,8.070312500e-2,
1.541875000e+2,-5.596875000e-2,2.000781250e-1,4.015625000e-2,
1.462031250e+2,-5.600000000e-2,1.917187500e-1,5.851562500e-2,
1.477968750e+2,-5.606250000e-2,1.690625000e-1,6.250000000e-2,
1.520156250e+2,-5.590625000e-2,1.903125000e-1,1.929687500e-2,
1.465937500e+2,-6.418750000e-2,1.556250000e-1,6.718750000e-2,
1.399375000e+2,-5.296875000e-2,1.482031250e-1,6.031250000e-2,
1.499687500e+2,-5.562500000e-2,1.499218750e-1,6.984375000e-2,
1.440000000e+2,-6.409375000e-2,1.500781250e-1,3.921875000e-2,
1.479687500e+2,-5.996875000e-2,1.400000000e-1,5.023437500e-2,
1.500156250e+2,-6.800000000e-2,1.300000000e-1,4.960937500e-2,
1.440468750e+2,-6.009375000e-2,1.501562500e-1,2.992187500e-2,
1.459375000e+2,-6.790625000e-2,9.976562500e-2,3.000000000e-2,
1.479687500e+2,-6.425000000e-2,1.293750000e-1,5.062500000e-2,
1.519843750e+2,-6.021875000e-2,1.400000000e-1,5.968750000e-2,
1.499843750e+2,-5.603125000e-2,1.189843750e-1,5.007812500e-2,
1.519843750e+2,-5.987500000e-2,8.898437500e-2,8.000000000e-2,
1.479687500e+2,-6.393750000e-2,9.015625000e-2,4.945312500e-2,
1.499843750e+2,-6.050000000e-2,8.960937500e-2,4.015625000e-2,
1.480312500e+2,-5.578125000e-2,9.054687500e-2,6.132812500e-2,
1.497968750e+2,-8.000000000e-2,8.859375000e-2,6.898437500e-2,
1.439531250e+2,-6.375000000e-2,7.023437500e-2,3.921875000e-2,
1.458593750e+2,-6.859375000e-2,7.867187500e-2,5.179687500e-2,
1.375937500e+2,-7.209375000e-2,4.968750000e-2,4.726562500e-2,
1.405000000e+2,-7.140625000e-2,7.093750000e-2,2.054687500e-2,
1.502656250e+2,-6.003125000e-2,4.656250000e-2,6.125000000e-2,
1.497812500e+2,-6.803125000e-2,3.148437500e-2,4.820312500e-2,
1.459218750e+2,-5.534375000e-2,5.031250000e-2,4.187500000e-2,
1.460156250e+2,-5.215625000e-2,2.734375000e-2,7.992187500e-2,
1.438593750e+2,-6.000000000e-2,2.046875000e-2,2.734375000e-2,
1.399687500e+2,-6.406250000e-2,3.046875000e-2,1.078125000e-2,
1.442187500e+2,-6.800000000e-2,2.914062500e-2,5.070312500e-2,
1.479375000e+2,-6.796875000e-2,8.828125000e-3,5.000000000e-2,
1.422031250e+2,-6.803125000e-2,-1.023437500e-2,4.929687500e-2,
1.520156250e+2,-6.803125000e-2,7.812500000e-5,7.000000000e-2,
1.439531250e+2,-6.000000000e-2,1.992187500e-2,4.015625000e-2,
1.520781250e+2,-6.393750000e-2,-8.671875000e-3,3.984375000e-2,
1.460156250e+2,-5.684375000e-2,-3.007812500e-2,4.000000000e-2,
1.479843750e+2,-5.125000000e-2,-2.062500000e-2,4.031250000e-2,
1.440000000e+2,-6.278125000e-2,-2.054687500e-2,2.960937500e-2,
1.461875000e+2,-6.421875000e-2,-2.000000000e-2,4.000000000e-2,
1.520000000e+2,-6.390625000e-2,-5.093750000e-2,3.023437500e-2,
1.479062500e+2,-6.790625000e-2,-7.015625000e-2,6.070312500e-2,
1.480000000e+2,-6.393750000e-2,-4.968750000e-2,5.921875000e-2,
1.460156250e+2,-5.200000000e-2,-2.984375000e-2,3.984375000e-2,
1.440000000e+2,-5.596875000e-2,-6.015625000e-2,3.992187500e-2,
1.459062500e+2,-5.193750000e-2,-5.007812500e-2,3.007812500e-2,
1.479531250e+2,-5.184375000e-2,-7.101562500e-2,4.992187500e-2,
1.480156250e+2,-5.981250000e-2,-6.851562500e-2,2.992187500e-2,
1.461250000e+2,-6.806250000e-2,-4.093750000e-2,6.125000000e-2,
1.440156250e+2,-6.828125000e-2,-1.028125000e-1,6.937500000e-2,
1.458906250e+2,-5.578125000e-2,-8.968750000e-2,5.046875000e-2,
1.480156250e+2,-4.831250000e-2,-9.039062500e-2,6.960937500e-2,
1.440937500e+2,-6.462500000e-2,-1.001562500e-1,2.945312500e-2,
1.419375000e+2,-6.784375000e-2,-1.099218750e-1,6.062500000e-2,
1.479531250e+2,-6.362500000e-2,-8.968750000e-2,6.000000000e-2,
1.460000000e+2,-5.587500000e-2,-9.015625000e-2,5.968750000e-2,
1.462968750e+2,-6.012500000e-2,-1.005468750e-1,1.976562500e-2,
1.379062500e+2,-5.575000000e-2,-1.101562500e-1,5.046875000e-2,
1.474218750e+2,-5.628125000e-2,-1.210156250e-1,8.000000000e-2,
1.444531250e+2,-7.231250000e-2,-1.296875000e-1,4.945312500e-2,
1.435937500e+2,-6.740625000e-2,-1.200781250e-1,6.132812500e-2,
1.498750000e+2,-6.034375000e-2,-1.302343750e-1,5.843750000e-2,
1.480156250e+2,-7.200000000e-2,-1.301562500e-1,1.945312500e-2,
1.501093750e+2,-5.521875000e-2,-1.503125000e-1,4.125000000e-2,
1.442656250e+2,-5.621875000e-2,-1.600781250e-1,4.906250000e-2,
1.440156250e+2,-5.990625000e-2,-1.497656250e-1,4.023437500e-2,
1.419687500e+2,-5.603125000e-2,-1.400000000e-1,4.976562500e-2,
1.475000000e+2,-6.003125000e-2,-1.597656250e-1,2.000000000e-2,
1.522656250e+2,-5.609375000e-2,-1.504687500e-1,2.015625000e-2,
1.442031250e+2,-6.278125000e-2,-1.584375000e-1,6.000000000e-2,
1.439531250e+2,-7.228125000e-2,-1.788281250e-1,6.007812500e-2,
1.415312500e+2,-6.209375000e-2,-1.803125000e-1,3.953125000e-2,
1.402812500e+2,-5.603125000e-2,-1.882031250e-1,6.976562500e-2,
1.443906250e+2,-5.993750000e-2,-2.101562500e-1,3.992187500e-2,
1.438281250e+2,-6.028125000e-2,-1.905468750e-1,8.000000000e-2,
1.417031250e+2,-7.187500000e-2,-1.896093750e-1,3.984375000e-2,
1.401875000e+2,-5.184375000e-2,-1.997656250e-1,3.906250000e-2,
1.440156250e+2,-6.000000000e-2,-2.100000000e-1,7.023437500e-2,
1.397031250e+2,-6.793750000e-2,-2.098437500e-1,4.023437500e-2,
1.380156250e+2,-6.400000000e-2,-2.000781250e-1,5.007812500e-2,
1.402187500e+2,-6.390625000e-2,-2.101562500e-1,3.000000000e-2,
1.441250000e+2,-5.587500000e-2,-2.301562500e-1,6.000000000e-2,
1.460625000e+2,-6.053125000e-2,-2.500000000e-1,5.039062500e-2,
1.483125000e+2,-6.343750000e-2,-2.300781250e-1,3.031250000e-2,
1.519062500e+2,-5.609375000e-2,-2.400000000e-1,3.921875000e-2,
1.454218750e+2,-6.425000000e-2,-2.399218750e-1,7.023437500e-2,
1.418906250e+2,-5.509375000e-2,-2.295312500e-1,2.039062500e-2,
1.420781250e+2,-5.240625000e-2,-2.304687500e-1,4.867187500e-2,
1.441562500e+2,-6.462500000e-2,-2.400781250e-1,6.031250000e-2,
1.435937500e+2,-6.350000000e-2,-2.406250000e-1,5.976562500e-2,
1.426875000e+2,-5.596875000e-2,-2.609375000e-1,7.062500000e-2,
1.522343750e+2,-6.018750000e-2,-2.598437500e-1,3.031250000e-2,
1.454375000e+2,-6.000000000e-2,-2.600000000e-1,4.070312500e-2,
1.465000000e+2,-5.971875000e-2,-2.602343750e-1,6.023437500e-2,
1.498750000e+2,-5.137500000e-2,-2.705468750e-1,5.882812500e-2,
1.431718750e+2,-4.796875000e-2,-2.801562500e-1,4.007812500e-2,
1.402187500e+2,-5.300000000e-2,-2.801562500e-1,6.007812500e-2,
1.442500000e+2,-6.450000000e-2,-2.797656250e-1,4.023437500e-2,
1.439062500e+2,-6.418750000e-2,-2.592187500e-1,3.914062500e-2,
1.440781250e+2,-6.778125000e-2,-2.503125000e-1,7.007812500e-2,
1.438750000e+2,-5.978125000e-2,-2.700000000e-1,3.234375000e-2,
1.421250000e+2,-6.000000000e-2,-2.599218750e-1,3.710937500e-2,
1.437656250e+2,-5.600000000e-2,-2.789062500e-1,6.960937500e-2,
1.357968750e+2,-6.353125000e-2,-2.720312500e-1,6.007812500e-2,
1.413125000e+2,-6.831250000e-2,-2.747656250e-1,7.054687500e-2,
1.478906250e+2,-6.400000000e-2,-2.907031250e-1,4.968750000e-2,
1.461406250e+2,-6.428125000e-2,-2.603906250e-1,5.000000000e-2,
1.426406250e+2,-5.203125000e-2,-2.798437500e-1,4.000000000e-2,
1.338750000e+2,-6.006250000e-2,-2.800781250e-1,5.000000000e-2,
1.417968750e+2,-4.793750000e-2,-2.905468750e-1,3.992187500e-2,
1.361250000e+2,-6.375000000e-2,-2.998437500e-1,4.992187500e-2,
1.434062500e+2,-5.250000000e-2,-2.698437500e-1,2.968750000e-2,
1.423593750e+2,-5.540625000e-2,-2.800781250e-1,4.039062500e-2,
1.381562500e+2,-6.003125000e-2,-2.800781250e-1,2.937500000e-2,
1.378750000e+2,-6.000000000e-2,-3.010937500e-1,1.062500000e-2,
1.439062500e+2,-6.021875000e-2,-3.096875000e-1,6.132812500e-2,
1.439843750e+2,-5.200000000e-2,-2.803906250e-1,4.906250000e-2,
1.478125000e+2,-6.021875000e-2,-3.103906250e-1,2.968750000e-2,
1.482968750e+2,-6.400000000e-2,-2.895312500e-1,3.000000000e-2,
1.362031250e+2,-6.400000000e-2,-3.002343750e-1,3.023437500e-2,
1.416562500e+2,-6.400000000e-2,-2.761718750e-1,4.039062500e-2,
1.459375000e+2,-5.996875000e-2,-2.728906250e-1,3.960937500e-2,
1.461250000e+2,-5.193750000e-2,-3.104687500e-1,4.039062500e-2,
1.419843750e+2,-5.243750000e-2,-2.897656250e-1,4.984375000e-2,
1.459062500e+2,-6.818750000e-2,-2.978906250e-1,3.937500000e-2,
1.439843750e+2,-5.953125000e-2,-2.595312500e-1,2.843750000e-2,
1.438750000e+2,-6.018750000e-2,-2.914843750e-1,1.101562500e-2,
1.460781250e+2,-6.003125000e-2,-2.895312500e-1,4.078125000e-2,
1.400000000e+2,-5.981250000e-2,-2.900000000e-1,3.007812500e-2,
1.458437500e+2,-5.593750000e-2,-2.906250000e-1,5.039062500e-2,
1.423125000e+2,-5.596875000e-2,-2.998437500e-1,3.984375000e-2,
1.420468750e+2,-5.596875000e-2,-2.788281250e-1,3.992187500e-2,
1.381562500e+2,-6.400000000e-2,-2.701562500e-1,5.007812500e-2,
1.360312500e+2,-5.612500000e-2,-2.899218750e-1,3.007812500e-2,
1.358437500e+2,-5.990625000e-2,-3.017968750e-1,5.000000000e-2,
1.397812500e+2,-5.625000000e-2,-2.528906250e-1,6.000000000e-2,
1.434531250e+2,-5.928125000e-2,-2.621875000e-1,6.007812500e-2,
1.479687500e+2,-6.400000000e-2,-2.862500000e-1,4.109375000e-2,
1.373593750e+2,-6.050000000e-2,-2.505468750e-1,3.960937500e-2,
1.321406250e+2,-5.596875000e-2,-2.700000000e-1,6.968750000e-2,
1.403125000e+2,-5.971875000e-2,-2.502343750e-1,5.132812500e-2,
1.398125000e+2,-6.015625000e-2,-2.900000000e-1,3.968750000e-2,
1.360781250e+2,-5.971875000e-2,-2.402343750e-1,5.945312500e-2,
1.400156250e+2,-6.403125000e-2,-2.403125000e-1,5.992187500e-2,
1.357968750e+2,-6.000000000e-2,-2.597656250e-1,6.039062500e-2,
1.382187500e+2,-6.378125000e-2,-2.504687500e-1,3.000000000e-2,
1.440468750e+2,-6.031250000e-2,-2.400000000e-1,4.992187500e-2,
1.420000000e+2,-5.193750000e-2,-2.900000000e-1,4.000000000e-2,
1.440000000e+2,-6.759375000e-2,-2.497656250e-1,4.984375000e-2,
1.378281250e+2,-6.418750000e-2,-2.499218750e-1,4.953125000e-2,
1.380000000e+2,-5.175000000e-2,-2.301562500e-1,6.039062500e-2,
1.460000000e+2,-6.803125000e-2,-2.501562500e-1,2.968750000e-2,
1.380937500e+2,-5.209375000e-2,-2.197656250e-1,6.976562500e-2,
1.360937500e+2,-6.387500000e-2,-2.510156250e-1,5.992187500e-2,
1.440625000e+2,-6.396875000e-2,-2.492968750e-1,7.015625000e-2,
1.458437500e+2,-5.590625000e-2,-2.298437500e-1,2.000000000e-2,
1.400000000e+2,-4.806250000e-2,-2.300000000e-1,4.906250000e-2,
1.440156250e+2,-6.034375000e-2,-2.200000000e-1,5.117187500e-2,
1.399687500e+2,-5.968750000e-2,-2.203906250e-1,2.992187500e-2,
1.420000000e+2,-4.803125000e-2,-2.400781250e-1,6.000000000e-2,
1.399843750e+2,-6.434375000e-2,-2.100000000e-1,5.078125000e-2,
1.440156250e+2,-6.806250000e-2,-2.299218750e-1,3.937500000e-2,
1.380000000e+2,-5.221875000e-2,-2.300781250e-1,6.992187500e-2,
1.457500000e+2,-5.931250000e-2,-2.400781250e-1,4.007812500e-2,
1.460000000e+2,-6.825000000e-2,-2.099218750e-1,4.023437500e-2,
1.380312500e+2,-5.228125000e-2,-2.003125000e-1,5.992187500e-2,
1.360000000e+2,-5.156250000e-2,-1.810156250e-1,6.000000000e-2,
1.339062500e+2,-5.646875000e-2,-1.787500000e-1,5.992187500e-2,
1.359531250e+2,-5.112500000e-2,-1.907031250e-1,5.085937500e-2,
1.440468750e+2,-7.171875000e-2,-1.725000000e-1,3.882812500e-2,
1.339687500e+2,-5.209375000e-2,-1.692968750e-1,7.062500000e-2,
1.440000000e+2,-4.784375000e-2,-1.700781250e-1,3.007812500e-2,
1.420468750e+2,-6.000000000e-2,-1.702343750e-1,4.695312500e-2,
1.420000000e+2,-5.240625000e-2,-1.617968750e-1,8.171875000e-2,
1.421406250e+2,-5.584375000e-2,-1.493750000e-1,2.023437500e-2,
1.360312500e+2,-6.815625000e-2,-1.705468750e-1,6.843750000e-2,
1.379687500e+2,-4.828125000e-2,-1.325781250e-1,7.015625000e-2,
1.359843750e+2,-5.618750000e-2,-1.292968750e-1,7.007812500e-2,
1.415468750e+2,-6.003125000e-2,-1.483593750e-1,6.015625000e-2,
1.479531250e+2,-4.803125000e-2,-1.606250000e-1,6.976562500e-2,
1.444375000e+2,-5.203125000e-2,-1.399218750e-1,8.039062500e-2,
1.381875000e+2,-4.800000000e-2,-1.601562500e-1,5.054687500e-2,
1.360312500e+2,-6.009375000e-2,-1.300000000e-1,4.953125000e-2,
1.359843750e+2,-6.003125000e-2,-1.401562500e-1,6.007812500e-2,
1.397812500e+2,-6.400000000e-2,-1.290625000e-1,4.976562500e-2,
1.440625000e+2,-5.993750000e-2,-1.208593750e-1,7.000000000e-2,
1.360312500e+2,-6.003125000e-2,-1.598437500e-1,2.976562500e-2,
1.359531250e+2,-5.996875000e-2,-1.103125000e-1,2.015625000e-2,
1.400156250e+2,-6.034375000e-2,-1.100781250e-1,3.984375000e-2,
1.399687500e+2,-6.790625000e-2,-9.992187500e-2,6.015625000e-2,
1.340000000e+2,-5.531250000e-2,-7.992187500e-2,4.968750000e-2,
1.398593750e+2,-5.190625000e-2,-8.015625000e-2,7.007812500e-2,
1.381718750e+2,-5.243750000e-2,-9.015625000e-2,4.031250000e-2,
1.339843750e+2,-6.409375000e-2,-9.992187500e-2,5.000000000e-2,
1.377656250e+2,-5.996875000e-2,-7.968750000e-2,4.000000000e-2,
1.400156250e+2,-6.396875000e-2,-6.953125000e-2,5.992187500e-2,
1.360937500e+2,-6.012500000e-2,-5.000000000e-2,6.007812500e-2,
1.319687500e+2,-6.796875000e-2,-4.992187500e-2,5.984375000e-2,
1.375625000e+2,-5.540625000e-2,-5.945312500e-2,6.007812500e-2,
1.419843750e+2,-5.618750000e-2,-7.039062500e-2,5.000000000e-2,
1.382500000e+2,-6.415625000e-2,-5.234375000e-2,5.960937500e-2,
1.319531250e+2,-4.818750000e-2,-3.320312500e-2,5.125000000e-2,
1.359843750e+2,-5.103125000e-2,-1.578125000e-2,3.992187500e-2,
1.320312500e+2,-6.006250000e-2,-5.695312500e-2,5.562500000e-2,
1.378750000e+2,-5.603125000e-2,-4.054687500e-2,8.000000000e-2,
1.460156250e+2,-5.981250000e-2,-3.015625000e-2,4.867187500e-2,
1.340312500e+2,-6.003125000e-2,-2.000000000e-2,3.000000000e-2,
1.359843750e+2,-6.000000000e-2,-9.921875000e-3,4.039062500e-2,
1.379687500e+2,-6.400000000e-2,0.000000000e+0,6.000000000e-2,
1.399531250e+2,-6.006250000e-2,-1.023437500e-2,5.000000000e-2,
1.400312500e+2,-5.990625000e-2,-2.007812500e-2,4.054687500e-2,
1.320312500e+2,-6.021875000e-2,5.468750000e-4,5.968750000e-2,
1.299531250e+2,-5.600000000e-2,2.000000000e-2,3.000000000e-2,
1.340625000e+2,-6.384375000e-2,9.687500000e-3,6.000000000e-2,
1.380312500e+2,-6.440625000e-2,9.687500000e-3,3.968750000e-2,
1.380000000e+2,-5.243750000e-2,1.187500000e-2,4.000000000e-2,
1.380156250e+2,-4.796875000e-2,3.960937500e-2,5.117187500e-2,
1.356250000e+2,-5.600000000e-2,8.593750000e-3,6.984375000e-2,
1.321093750e+2,-6.818750000e-2,2.187500000e-2,3.773437500e-2,
1.380937500e+2,-7.215625000e-2,4.078125000e-2,2.140625000e-2,
1.337812500e+2,-6.762500000e-2,5.101562500e-2,5.085937500e-2,
1.340625000e+2,-5.153125000e-2,4.726562500e-2,3.937500000e-2,
1.339843750e+2,-5.690625000e-2,2.117187500e-2,5.093750000e-2,
1.362187500e+2,-6.793750000e-2,6.273437500e-2,5.945312500e-2,
1.400156250e+2,-5.521875000e-2,4.703125000e-2,5.078125000e-2,
1.379843750e+2,-4.815625000e-2,5.320312500e-2,6.960937500e-2,
1.379687500e+2,-5.600000000e-2,8.023437500e-2,2.867187500e-2,
1.338906250e+2,-5.612500000e-2,6.984375000e-2,3.031250000e-2,
1.341250000e+2,-6.806250000e-2,8.031250000e-2,4.046875000e-2,
1.420781250e+2,-6.375000000e-2,6.968750000e-2,4.992187500e-2,
1.415937500e+2,-5.600000000e-2,6.992187500e-2,1.976562500e-2,
1.296406250e+2,-6.000000000e-2,7.007812500e-2,6.000000000e-2,
1.304531250e+2,-5.600000000e-2,9.007812500e-2,5.992187500e-2,
1.400000000e+2,-6.378125000e-2,8.960937500e-2,7.031250000e-2,
1.320312500e+2,-6.071875000e-2,1.089843750e-1,3.015625000e-2,
1.299531250e+2,-5.534375000e-2,1.101562500e-1,5.914062500e-2,
1.299531250e+2,-6.675000000e-2,1.176562500e-1,5.125000000e-2,
1.422500000e+2,-6.828125000e-2,1.300000000e-1,5.000000000e-2,
1.460156250e+2,-6.412500000e-2,1.192187500e-1,5.976562500e-2,
1.416562500e+2,-6.012500000e-2,8.992187500e-2,3.953125000e-2,
1.258750000e+2,-5.596875000e-2,1.202343750e-1,2.953125000e-2,
1.278906250e+2,-5.196875000e-2,1.300000000e-1,2.007812500e-2,
1.359843750e+2,-6.381250000e-2,1.296875000e-1,5.046875000e-2,
1.338437500e+2,-6.387500000e-2,1.099218750e-1,6.992187500e-2,
1.419531250e+2,-5.193750000e-2,1.406250000e-1,4.945312500e-2,
1.342500000e+2,-6.390625000e-2,1.400781250e-1,2.992187500e-2,
1.356875000e+2,-5.593750000e-2,1.499218750e-1,6.046875000e-2,
1.381250000e+2,-5.600000000e-2,1.286718750e-1,4.953125000e-2,
1.340781250e+2,-5.612500000e-2,1.302343750e-1,5.046875000e-2,
1.358906250e+2,-6.390625000e-2,1.505468750e-1,6.000000000e-2,
1.360937500e+2,-5.153125000e-2,1.496875000e-1,4.937500000e-2,
1.319687500e+2,-5.253125000e-2,1.402343750e-1,3.976562500e-2,
1.378593750e+2,-5.596875000e-2,1.805468750e-1,4.015625000e-2,
1.399218750e+2,-5.668750000e-2,1.796093750e-1,4.992187500e-2,
1.420625000e+2,-6.368750000e-2,1.700781250e-1,3.992187500e-2,
1.364375000e+2,-5.200000000e-2,1.907812500e-1,5.015625000e-2,
1.337812500e+2,-6.431250000e-2,2.084375000e-1,6.000000000e-2,
1.361562500e+2,-6.381250000e-2,1.576562500e-1,3.945312500e-2,
1.302812500e+2,-6.003125000e-2,1.720312500e-1,4.109375000e-2,
1.315156250e+2,-6.409375000e-2,1.986718750e-1,5.984375000e-2,
1.359843750e+2,-6.400000000e-2,1.705468750e-1,3.906250000e-2,
1.340937500e+2,-5.937500000e-2,2.400781250e-1,2.968750000e-2,
1.340625000e+2,-4.796875000e-2,1.806250000e-1,1.953125000e-2,
1.302031250e+2,-5.621875000e-2,2.104687500e-1,3.093750000e-2,
1.280000000e+2,-6.025000000e-2,2.100000000e-1,6.046875000e-2,
1.297656250e+2,-7.203125000e-2,2.101562500e-1,5.000000000e-2,
1.338906250e+2,-6.046875000e-2,1.993750000e-1,3.992187500e-2,
1.321875000e+2,-5.984375000e-2,2.205468750e-1,4.000000000e-2,
1.313906250e+2,-5.971875000e-2,1.904687500e-1,5.000000000e-2,
1.375937500e+2,-6.128125000e-2,2.171875000e-1,3.953125000e-2,
1.275625000e+2,-5.200000000e-2,2.107031250e-1,7.000000000e-2,
1.320937500e+2,-6.440625000e-2,2.191406250e-1,3.015625000e-2,
1.256875000e+2,-6.778125000e-2,2.106250000e-1,3.000000000e-2,
1.303906250e+2,-5.178125000e-2,1.993750000e-1,4.007812500e-2,
1.298437500e+2,-5.212500000e-2,2.294531250e-1,5.023437500e-2,
1.278593750e+2,-6.000000000e-2,2.200000000e-1,3.015625000e-2,
1.260000000e+2,-6.409375000e-2,2.101562500e-1,4.937500000e-2,
1.280937500e+2,-6.396875000e-2,2.299218750e-1,6.039062500e-2,
1.300781250e+2,-5.606250000e-2,2.100000000e-1,2.007812500e-2,
1.299218750e+2,-6.406250000e-2,2.300781250e-1,4.000000000e-2,
1.280312500e+2,-5.546875000e-2,2.300000000e-1,5.992187500e-2,
1.300781250e+2,-5.690625000e-2,2.300000000e-1,5.046875000e-2,
1.300625000e+2,-6.337500000e-2,2.300000000e-1,3.984375000e-2,
1.321093750e+2,-5.196875000e-2,2.100000000e-1,5.007812500e-2,
1.319062500e+2,-6.478125000e-2,2.309375000e-1,3.000000000e-2,
1.320937500e+2,-5.921875000e-2,2.299218750e-1,4.921875000e-2,
1.341562500e+2,-5.262500000e-2,2.293750000e-1,5.046875000e-2,
1.336250000e+2,-6.821875000e-2,2.207031250e-1,3.976562500e-2,
1.326093750e+2,-5.971875000e-2,2.395312500e-1,5.984375000e-2,
1.399843750e+2,-5.975000000e-2,2.202343750e-1,4.031250000e-2,
1.338281250e+2,-5.187500000e-2,2.394531250e-1,2.992187500e-2,
1.358906250e+2,-6.050000000e-2,2.096093750e-1,3.007812500e-2,
1.295000000e+2,-6.403125000e-2,2.303906250e-1,4.062500000e-2,
1.303593750e+2,-5.906250000e-2,2.196093750e-1,5.000000000e-2,
1.318281250e+2,-5.275000000e-2,2.194531250e-1,4.992187500e-2,
1.276562500e+2,-7.387500000e-2,1.996875000e-1,5.000000000e-2,
1.282656250e+2,-7.053125000e-2,2.104687500e-1,5.953125000e-2,
1.321875000e+2,-5.609375000e-2,2.202343750e-1,7.046875000e-2,
1.318906250e+2,-6.843750000e-2,2.300781250e-1,4.117187500e-2,
1.322031250e+2,-6.393750000e-2,2.195312500e-1,4.851562500e-2,
1.360312500e+2,-6.006250000e-2,2.313281250e-1,5.992187500e-2,
1.339531250e+2,-4.768750000e-2,2.010937500e-1,5.984375000e-2,
1.358125000e+2,-7.031250000e-2,2.241406250e-1,6.093750000e-2,
1.345000000e+2,-7.212500000e-2,2.218750000e-1,4.992187500e-2,
1.298593750e+2,-6.056250000e-2,1.806250000e-1,5.000000000e-2,
1.358906250e+2,-4.390625000e-2,1.995312500e-1,2.992187500e-2,
1.289687500e+2,-6.381250000e-2,2.300000000e-1,4.000000000e-2,
1.235937500e+2,-6.034375000e-2,1.998437500e-1,4.015625000e-2,
1.315000000e+2,-6.365625000e-2,2.200781250e-1,5.007812500e-2,
1.320312500e+2,-6.450000000e-2,1.996875000e-1,7.015625000e-2,
1.355937500e+2,-5.203125000e-2,2.003125000e-1,5.976562500e-2,
1.364843750e+2,-6.365625000e-2,2.098437500e-1,4.976562500e-2,
1.260156250e+2,-6.800000000e-2,1.889062500e-1,3.968750000e-2,
1.339062500e+2,-6.806250000e-2,1.802343750e-1,4.046875000e-2,
1.260937500e+2,-6.396875000e-2,2.103906250e-1,6.039062500e-2,
1.277187500e+2,-5.987500000e-2,2.000000000e-1,5.914062500e-2,
1.320781250e+2,-6.012500000e-2,2.095312500e-1,3.914062500e-2,
1.261250000e+2,-7.196875000e-2,1.898437500e-1,3.000000000e-2,
1.297500000e+2,-5.996875000e-2,2.127343750e-1,4.109375000e-2,
1.338750000e+2,-6.800000000e-2,2.078125000e-1,4.898437500e-2,
1.341875000e+2,-5.587500000e-2,1.911718750e-1,4.093750000e-2,
1.280312500e+2,-5.237500000e-2,2.221093750e-1,6.976562500e-2,
1.319375000e+2,-6.384375000e-2,2.067968750e-1,3.851562500e-2,
1.279843750e+2,-5.200000000e-2,1.788281250e-1,5.085937500e-2,
1.278281250e+2,-6.912500000e-2,1.807812500e-1,3.750000000e-2,
1.320468750e+2,-7.187500000e-2,2.008593750e-1,2.148437500e-2,
1.260937500e+2,-7.218750000e-2,2.097656250e-1,3.898437500e-2,
1.279531250e+2,-7.181250000e-2,1.877343750e-1,2.343750000e-4,
1.259218750e+2,-6.809375000e-2,1.603125000e-1,5.015625000e-2,
1.316562500e+2,-7.600000000e-2,1.800781250e-1,3.000000000e-2,
1.322031250e+2,-6.800000000e-2,1.597656250e-1,4.976562500e-2,
1.261406250e+2,-6.003125000e-2,1.799218750e-1,5.031250000e-2,
1.260156250e+2,-6.006250000e-2,1.701562500e-1,3.000000000e-2,
1.240312500e+2,-5.956250000e-2,1.799218750e-1,6.000000000e-2,
1.291406250e+2,-6.762500000e-2,1.571875000e-1,8.007812500e-2,
1.381562500e+2,-6.190625000e-2,1.407812500e-1,6.117187500e-2,
1.354375000e+2,-5.203125000e-2,1.892187500e-1,5.000000000e-2,
1.239062500e+2,-5.937500000e-2,1.600781250e-1,4.054687500e-2,
1.282187500e+2,-6.075000000e-2,1.600000000e-1,2.968750000e-2,
1.258437500e+2,-5.193750000e-2,1.399218750e-1,4.007812500e-2,
1.240781250e+2,-5.971875000e-2,1.400000000e-1,2.031250000e-2,
1.281406250e+2,-5.606250000e-2,1.398437500e-1,3.906250000e-2,
1.300468750e+2,-6.000000000e-2,1.298437500e-1,5.953125000e-2,
1.320781250e+2,-5.968750000e-2,1.496875000e-1,7.992187500e-2,
1.317656250e+2,-6.431250000e-2,1.500000000e-1,7.007812500e-2,
1.259218750e+2,-4.796875000e-2,1.300000000e-1,6.007812500e-2,
1.280468750e+2,-6.771875000e-2,1.400000000e-1,4.031250000e-2,
1.258593750e+2,-5.615625000e-2,1.300000000e-1,4.937500000e-2,
1.240000000e+2,-5.581250000e-2,1.500000000e-1,6.007812500e-2,
1.300000000e+2,-5.996875000e-2,1.203125000e-1,4.062500000e-2,
1.260312500e+2,-6.006250000e-2,1.200000000e-1,3.000000000e-2,
1.280625000e+2,-5.600000000e-2,1.202343750e-1,4.945312500e-2,
1.300156250e+2,-6.003125000e-2,1.295312500e-1,7.992187500e-2,
1.298281250e+2,-5.593750000e-2,9.937500000e-2,6.000000000e-2,
1.240937500e+2,-5.206250000e-2,1.000000000e-1,2.953125000e-2,
1.360937500e+2,-6.006250000e-2,1.100000000e-1,6.007812500e-2,
1.358750000e+2,-5.593750000e-2,9.984375000e-2,3.007812500e-2,
1.279375000e+2,-5.593750000e-2,1.000000000e-1,7.000000000e-2,
1.299375000e+2,-4.793750000e-2,1.000000000e-1,8.015625000e-2,
1.380312500e+2,-5.196875000e-2,1.000000000e-1,7.039062500e-2,
1.300000000e+2,-5.568750000e-2,9.984375000e-2,5.015625000e-2,
1.280312500e+2,-7.159375000e-2,7.007812500e-2,6.000000000e-2,
1.260000000e+2,-6.831250000e-2,8.015625000e-2,4.968750000e-2,
1.279843750e+2,-5.996875000e-2,8.031250000e-2,3.984375000e-2,
1.280000000e+2,-6.753125000e-2,7.015625000e-2,6.000000000e-2,
1.280468750e+2,-6.878125000e-2,7.015625000e-2,4.992187500e-2,
1.280156250e+2,-5.575000000e-2,6.109375000e-2,7.835937500e-2,
1.239687500e+2,-7.131250000e-2,5.273437500e-2,8.242187500e-2,
1.320312500e+2,-6.418750000e-2,4.515625000e-2,2.023437500e-2,
1.300000000e+2,-7.193750000e-2,8.054687500e-2,5.992187500e-2,
1.320156250e+2,-6.406250000e-2,3.328125000e-2,4.062500000e-2,
1.280000000e+2,-6.415625000e-2,3.890625000e-2,5.914062500e-2,
1.321875000e+2,-5.596875000e-2,3.039062500e-2,5.031250000e-2,
1.180937500e+2,-6.396875000e-2,3.945312500e-2,3.984375000e-2,
1.256875000e+2,-5.618750000e-2,3.148437500e-2,4.984375000e-2,
1.301406250e+2,-5.603125000e-2,1.078125000e-2,5.000000000e-2,
1.258281250e+2,-5.996875000e-2,8.359375000e-3,5.023437500e-2,
1.338750000e+2,-6.400000000e-2,3.007812500e-2,3.992187500e-2,
1.267031250e+2,-6.371875000e-2,8.593750000e-4,5.976562500e-2,
1.219062500e+2,-4.800000000e-2,-1.031250000e-2,5.039062500e-2,
1.258750000e+2,-5.612500000e-2,1.000000000e-2,4.960937500e-2,
1.279218750e+2,-5.603125000e-2,-4.687500000e-4,5.023437500e-2,
1.300468750e+2,-5.996875000e-2,-3.031250000e-2,1.992187500e-2,
1.260312500e+2,-5.606250000e-2,-9.218750000e-3,5.015625000e-2,
1.279843750e+2,-6.406250000e-2,-6.250000000e-4,4.000000000e-2,
1.299843750e+2,-5.978125000e-2,-3.007812500e-2,4.992187500e-2,
1.299687500e+2,-5.228125000e-2,-1.992187500e-2,3.992187500e-2,
1.259843750e+2,-6.409375000e-2,-6.015625000e-2,5.968750000e-2,
1.260000000e+2,-5.543750000e-2,-4.992187500e-2,5.984375000e-2,
1.259687500e+2,-5.628125000e-2,-4.023437500e-2,6.031250000e-2,
1.260937500e+2,-6.006250000e-2,-5.007812500e-2,2.992187500e-2,
1.219375000e+2,-6.434375000e-2,-4.992187500e-2,6.023437500e-2,
1.277812500e+2,-7.631250000e-2,-5.023437500e-2,5.015625000e-2,
1.280468750e+2,-7.156250000e-2,-5.984375000e-2,5.000000000e-2,
1.260468750e+2,-6.400000000e-2,-4.000000000e-2,3.968750000e-2,
1.220781250e+2,-6.375000000e-2,-4.960937500e-2,7.960937500e-2,
1.217343750e+2,-5.159375000e-2,-7.953125000e-2,6.023437500e-2,
1.260312500e+2,-5.206250000e-2,-7.101562500e-2,5.992187500e-2,
1.219687500e+2,-5.590625000e-2,-6.210937500e-2,4.187500000e-2,
1.277968750e+2,-6.000000000e-2,-4.015625000e-2,1.976562500e-2,
1.262812500e+2,-5.953125000e-2,-5.804687500e-2,4.640625000e-2,
1.239843750e+2,-6.796875000e-2,-5.812500000e-2,7.031250000e-2,
1.299218750e+2,-6.028125000e-2,-7.968750000e-2,4.945312500e-2,
1.320156250e+2,-5.612500000e-2,-8.023437500e-2,2.968750000e-2,
1.240312500e+2,-5.200000000e-2,-8.000000000e-2,4.031250000e-2,
1.219687500e+2,-5.596875000e-2,-1.101562500e-1,4.937500000e-2,
1.299687500e+2,-5.984375000e-2,-1.201562500e-1,9.921875000e-3,
1.260312500e+2,-6.778125000e-2,-9.984375000e-2,4.000000000e-2,
1.279843750e+2,-7.615625000e-2,-9.968750000e-2,6.023437500e-2,
1.220312500e+2,-6.446875000e-2,-1.093750000e-1,5.960937500e-2,
1.201250000e+2,-6.012500000e-2,-7.023437500e-2,2.984375000e-2,
1.140156250e+2,-5.206250000e-2,-1.116406250e-1,3.000000000e-2,
1.221093750e+2,-5.559375000e-2,-9.968750000e-2,5.023437500e-2,
1.219375000e+2,-6.015625000e-2,-1.100781250e-1,4.968750000e-2,
1.220625000e+2,-5.596875000e-2,-1.003906250e-1,2.968750000e-2,
1.218281250e+2,-6.400000000e-2,-1.331250000e-1,2.945312500e-2,
1.200937500e+2,-6.003125000e-2,-1.367968750e-1,2.046875000e-2,
1.263593750e+2,-6.834375000e-2,-9.015625000e-2,5.250000000e-2,
1.279687500e+2,-6.371875000e-2,-1.318750000e-1,4.671875000e-2,
1.258281250e+2,-5.115625000e-2,-1.186718750e-1,1.007812500e-2,
1.263125000e+2,-4.481250000e-2,-1.200781250e-1,5.171875000e-2,
1.319218750e+2,-6.428125000e-2,-1.215625000e-1,4.843750000e-2,
1.236093750e+2,-5.156250000e-2,-1.409375000e-1,3.070312500e-2,
1.241406250e+2,-6.040625000e-2,-1.278906250e-1,4.953125000e-2,
1.318593750e+2,-6.800000000e-2,-1.207031250e-1,1.992187500e-2,
1.177343750e+2,-6.787500000e-2,-1.417968750e-1,5.054687500e-2,
1.202656250e+2,-6.000000000e-2,-1.490625000e-1,3.976562500e-2,
1.259843750e+2,-6.415625000e-2,-1.411718750e-1,3.984375000e-2,
1.197187500e+2,-6.390625000e-2,-1.802343750e-1,1.007812500e-2,
1.202187500e+2,-6.000000000e-2,-1.600000000e-1,4.000000000e-2,
1.261093750e+2,-6.800000000e-2,-1.700000000e-1,5.992187500e-2,
1.239218750e+2,-6.031250000e-2,-1.507031250e-1,6.031250000e-2,
1.239843750e+2,-5.962500000e-2,-1.491406250e-1,3.039062500e-2,
1.260312500e+2,-6.675000000e-2,-1.678906250e-1,3.000000000e-2,
1.260000000e+2,-7.025000000e-2,-1.735156250e-1,2.890625000e-2,
1.238750000e+2,-4.875000000e-2,-1.500000000e-1,5.000000000e-2,
1.200000000e+2,-5.559375000e-2,-1.708593750e-1,2.976562500e-2,
1.240937500e+2,-6.009375000e-2,-1.903906250e-1,4.023437500e-2,
1.239687500e+2,-5.596875000e-2,-1.899218750e-1,4.023437500e-2,
1.239843750e+2,-5.196875000e-2,-1.800000000e-1,6.023437500e-2,
1.260000000e+2,-5.990625000e-2,-1.799218750e-1,5.968750000e-2,
1.260625000e+2,-5.993750000e-2,-1.700781250e-1,3.992187500e-2,
1.258281250e+2,-5.987500000e-2,-1.803125000e-1,5.031250000e-2,
1.281406250e+2,-6.784375000e-2,-1.911718750e-1,6.007812500e-2,
1.201250000e+2,-6.787500000e-2,-2.092968750e-1,2.968750000e-2,
1.220468750e+2,-5.200000000e-2,-1.695312500e-1,5.054687500e-2,
1.179531250e+2,-6.412500000e-2,-2.003125000e-1,4.937500000e-2,
1.258437500e+2,-5.543750000e-2,-1.892968750e-1,4.000000000e-2,
1.240781250e+2,-5.221875000e-2,-1.903125000e-1,5.054687500e-2,
1.239843750e+2,-6.075000000e-2,-2.096875000e-1,6.015625000e-2,
1.259218750e+2,-6.378125000e-2,-1.700000000e-1,4.953125000e-2,
1.280312500e+2,-5.565625000e-2,-2.105468750e-1,2.007812500e-2,
1.242031250e+2,-6.056250000e-2,-1.989843750e-1,5.015625000e-2,
1.219843750e+2,-6.378125000e-2,-1.899218750e-1,4.000000000e-2,
1.221406250e+2,-5.181250000e-2,-1.902343750e-1,6.000000000e-2,
1.199687500e+2,-5.221875000e-2,-2.012500000e-1,2.914062500e-2,
1.220000000e+2,-5.593750000e-2,-2.094531250e-1,3.101562500e-2,
1.199218750e+2,-6.065625000e-2,-1.900781250e-1,3.937500000e-2,
1.238750000e+2,-8.003125000e-2,-2.102343750e-1,2.000000000e-2,
1.220937500e+2,-5.878125000e-2,-1.997656250e-1,4.070312500e-2,
1.238125000e+2,-5.206250000e-2,-1.898437500e-1,3.960937500e-2,
1.241250000e+2,-5.618750000e-2,-1.996875000e-1,5.085937500e-2,
1.202343750e+2,-6.421875000e-2,-1.700000000e-1,5.921875000e-2,
1.162187500e+2,-6.415625000e-2,-2.189843750e-1,2.000000000e-2,
1.139218750e+2,-5.187500000e-2,-2.217187500e-1,3.007812500e-2,
1.160156250e+2,-6.668750000e-2,-1.990625000e-1,5.000000000e-2,
1.156093750e+2,-6.903125000e-2,-2.292187500e-1,4.007812500e-2,
1.224062500e+2,-6.087500000e-2,-2.044531250e-1,2.984375000e-2,
1.195468750e+2,-5.590625000e-2,-1.992187500e-1,3.984375000e-2,
1.204531250e+2,-5.212500000e-2,-2.090625000e-1,2.992187500e-2,
1.217968750e+2,-6.415625000e-2,-2.200000000e-1,5.000000000e-2,
1.176875000e+2,-5.990625000e-2,-2.102343750e-1,3.992187500e-2,
1.182812500e+2,-6.003125000e-2,-2.101562500e-1,3.976562500e-2,
1.220625000e+2,-6.400000000e-2,-2.100000000e-1,4.976562500e-2,
1.196875000e+2,-6.837500000e-2,-2.196875000e-1,5.023437500e-2,
1.181406250e+2,-7.996875000e-2,-1.797656250e-1,3.023437500e-2,
1.195781250e+2,-5.575000000e-2,-2.101562500e-1,2.976562500e-2,
1.100000000e+2,-6.406250000e-2,-2.100000000e-1,6.000000000e-2,
1.207031250e+2,-5.171875000e-2,-2.000000000e-1,4.046875000e-2,
1.196093750e+2,-6.062500000e-2,-2.100781250e-1,1.992187500e-2,
1.159218750e+2,-5.971875000e-2,-1.900000000e-1,3.937500000e-2,
1.159218750e+2,-6.009375000e-2,-1.900000000e-1,6.007812500e-2,
1.162968750e+2,-5.993750000e-2,-1.802343750e-1,4.015625000e-2,
1.199687500e+2,-6.006250000e-2,-1.896093750e-1,4.937500000e-2,
1.158437500e+2,-6.456250000e-2,-1.698437500e-1,5.046875000e-2,
1.159218750e+2,-6.753125000e-2,-1.910937500e-1,3.976562500e-2,
1.164687500e+2,-5.581250000e-2,-2.007812500e-1,6.046875000e-2,
1.220156250e+2,-6.031250000e-2,-1.978906250e-1,3.000000000e-2,
1.178281250e+2,-5.521875000e-2,-1.588281250e-1,6.039062500e-2,
1.201875000e+2,-5.265625000e-2,-1.817968750e-1,5.000000000e-2,
1.200156250e+2,-6.868750000e-2,-1.888281250e-1,5.914062500e-2,
1.222968750e+2,-6.328125000e-2,-1.603125000e-1,3.007812500e-2,
1.239843750e+2,-6.040625000e-2,-1.904687500e-1,7.031250000e-2,
1.216562500e+2,-5.834375000e-2,-1.695312500e-1,5.015625000e-2,
1.200625000e+2,-4.925000000e-2,-1.801562500e-1,5.976562500e-2,
1.220781250e+2,-7.662500000e-2,-1.698437500e-1,5.039062500e-2,
1.197031250e+2,-5.484375000e-2,-1.799218750e-1,4.093750000e-2,
1.184375000e+2,-5.637500000e-2,-1.710937500e-1,2.960937500e-2,
1.257968750e+2,-6.800000000e-2,-1.595312500e-1,5.664062500e-2,
1.136875000e+2,-6.006250000e-2,-1.696875000e-1,8.140625000e-2,
1.195312500e+2,-6.450000000e-2,-1.559375000e-1,4.328125000e-2,
1.200781250e+2,-5.206250000e-2,-1.395312500e-1,2.953125000e-2,
1.218281250e+2,-5.962500000e-2,-1.598437500e-1,0.000000000e+0,
1.221718750e+2,-6.043750000e-2,-1.402343750e-1,2.039062500e-2,
1.183125000e+2,-4.787500000e-2,-1.300000000e-1,6.007812500e-2,
1.176406250e+2,-6.381250000e-2,-1.402343750e-1,5.054687500e-2,
1.219062500e+2,-5.231250000e-2,-1.398437500e-1,3.000000000e-2,
1.200468750e+2,-5.962500000e-2,-1.301562500e-1,5.023437500e-2,
1.219531250e+2,-6.006250000e-2,-1.501562500e-1,3.968750000e-2,
1.182812500e+2,-6.012500000e-2,-1.392968750e-1,5.031250000e-2,
1.140468750e+2,-5.596875000e-2,-1.408593750e-1,5.976562500e-2,
1.139687500e+2,-6.784375000e-2,-1.599218750e-1,3.898437500e-2,
1.159375000e+2,-5.987500000e-2,-1.290625000e-1,3.015625000e-2,
1.180781250e+2,-6.028125000e-2,-1.293750000e-1,4.031250000e-2,
1.121875000e+2,-7.203125000e-2,-1.211718750e-1,2.906250000e-2,
1.135937500e+2,-6.796875000e-2,-1.489843750e-1,2.054687500e-2,
1.218593750e+2,-6.796875000e-2,-1.082031250e-1,5.210937500e-2,
1.183125000e+2,-5.996875000e-2,-1.195312500e-1,5.726562500e-2,
1.138750000e+2,-5.600000000e-2,-1.007812500e-1,2.000000000e-2,
1.199218750e+2,-6.037500000e-2,-1.185156250e-1,5.179687500e-2,
1.180000000e+2,-7.212500000e-2,-7.867187500e-2,4.914062500e-2,
1.199843750e+2,-6.328125000e-2,-1.014062500e-1,5.031250000e-2,
1.139375000e+2,-5.584375000e-2,-9.992187500e-2,4.945312500e-2,
1.219218750e+2,-5.609375000e-2,-9.945312500e-2,3.960937500e-2,
1.162031250e+2,-5.593750000e-2,-9.062500000e-2,3.992187500e-2,
1.176875000e+2,-5.603125000e-2,-1.104687500e-1,4.023437500e-2,
1.200937500e+2,-6.021875000e-2,-9.929687500e-2,4.992187500e-2,
1.197812500e+2,-6.403125000e-2,-1.005468750e-1,4.000000000e-2,
1.240468750e+2,-5.200000000e-2,-9.906250000e-2,4.976562500e-2,
1.165000000e+2,-5.581250000e-2,-7.007812500e-2,6.984375000e-2,
1.137812500e+2,-5.625000000e-2,-8.937500000e-2,6.000000000e-2,
1.162343750e+2,-5.196875000e-2,-8.023437500e-2,4.000000000e-2,
1.135000000e+2,-5.259375000e-2,-9.039062500e-2,6.976562500e-2,
1.241875000e+2,-4.412500000e-2,-7.304687500e-2,5.234375000e-2,
1.216718750e+2,-5.137500000e-2,-7.015625000e-2,2.984375000e-2,
1.179687500e+2,-5.225000000e-2,-6.007812500e-2,4.960937500e-2,
1.180156250e+2,-5.500000000e-2,-6.007812500e-2,4.062500000e-2,
1.158906250e+2,-6.793750000e-2,-6.000000000e-2,3.960937500e-2,
1.140625000e+2,-6.021875000e-2,-6.007812500e-2,5.007812500e-2,
1.159843750e+2,-6.406250000e-2,-5.000000000e-2,4.937500000e-2,
1.162656250e+2,-4.815625000e-2,-5.023437500e-2,7.968750000e-2,
1.262968750e+2,-4.340625000e-2,-4.000000000e-2,7.031250000e-2,
1.276718750e+2,-5.984375000e-2,-5.000000000e-2,5.007812500e-2,
1.199531250e+2,-6.003125000e-2,-4.015625000e-2,5.000000000e-2,
1.240312500e+2,-6.387500000e-2,-2.015625000e-2,4.953125000e-2,
1.198750000e+2,-6.012500000e-2,-5.007812500e-2,7.007812500e-2,
1.180000000e+2,-5.190625000e-2,-2.984375000e-2,5.015625000e-2,
1.140000000e+2,-6.381250000e-2,-2.992187500e-2,5.953125000e-2,
1.159687500e+2,-6.796875000e-2,-2.976562500e-2,6.007812500e-2,
1.159531250e+2,-6.809375000e-2,-1.992187500e-2,5.000000000e-2,
1.140312500e+2,-5.196875000e-2,-3.054687500e-2,5.000000000e-2,
1.179843750e+2,-5.603125000e-2,-3.984375000e-2,4.000000000e-2,
1.118437500e+2,-5.200000000e-2,-2.000000000e-2,4.929687500e-2,
1.140781250e+2,-6.028125000e-2,-1.000000000e-2,7.039062500e-2,
1.219531250e+2,-6.400000000e-2,-2.000000000e-2,4.015625000e-2,
1.160000000e+2,-5.981250000e-2,-1.562500000e-4,5.000000000e-2,
1.279218750e+2,-5.609375000e-2,2.000000000e-2,6.078125000e-2,
1.242656250e+2,-6.006250000e-2,7.812500000e-5,2.968750000e-2,
1.120000000e+2,-4.409375000e-2,-9.921875000e-3,6.968750000e-2,
1.139218750e+2,-5.915625000e-2,-7.812500000e-5,4.007812500e-2,
1.140000000e+2,-6.815625000e-2,-7.812500000e-5,3.976562500e-2,
1.159843750e+2,-6.006250000e-2,9.687500000e-3,1.976562500e-2,
1.160000000e+2,-6.000000000e-2,1.929687500e-2,6.984375000e-2,
1.158906250e+2,-5.275000000e-2,3.023437500e-2,4.101562500e-2,
1.119843750e+2,-4.728125000e-2,2.031250000e-2,3.867187500e-2,
1.200000000e+2,-6.646875000e-2,2.882812500e-2,6.960937500e-2,
1.140000000e+2,-6.296875000e-2,2.937500000e-2,5.195312500e-2,
1.220000000e+2,-5.200000000e-2,3.937500000e-2,4.992187500e-2,
1.160781250e+2,-5.993750000e-2,3.953125000e-2,6.843750000e-2,
1.160000000e+2,-6.018750000e-2,4.945312500e-2,9.070312500e-2,
1.159531250e+2,-6.000000000e-2,4.085937500e-2,5.062500000e-2,
1.180000000e+2,-6.781250000e-2,3.765625000e-2,3.023437500e-2,
1.179062500e+2,-7.225000000e-2,7.890625000e-2,1.968750000e-2,
1.239375000e+2,-5.593750000e-2,6.101562500e-2,4.960937500e-2,
1.203125000e+2,-6.000000000e-2,5.867187500e-2,5.992187500e-2,
1.160781250e+2,-5.996875000e-2,7.000000000e-2,6.000000000e-2,
1.140000000e+2,-6.809375000e-2,6.007812500e-2,5.031250000e-2,
1.141093750e+2,-6.400000000e-2,6.015625000e-2,4.007812500e-2,
1.119531250e+2,-6.003125000e-2,6.000000000e-2,3.984375000e-2,
1.178437500e+2,-5.987500000e-2,1.000781250e-1,4.992187500e-2,
1.200625000e+2,-5.206250000e-2,7.968750000e-2,5.968750000e-2,
1.161250000e+2,-6.812500000e-2,9.000000000e-2,6.976562500e-2,
1.100156250e+2,-5.993750000e-2,8.031250000e-2,2.992187500e-2,
1.119375000e+2,-6.406250000e-2,1.001562500e-1,5.015625000e-2,
1.139843750e+2,-5.950000000e-2,6.000000000e-2,3.007812500e-2,
1.099843750e+2,-5.212500000e-2,1.000781250e-1,2.968750000e-2,
1.100000000e+2,-5.990625000e-2,7.992187500e-2,3.968750000e-2,
1.100312500e+2,-5.206250000e-2,8.054687500e-2,5.000000000e-2,
1.098750000e+2,-5.996875000e-2,1.001562500e-1,4.976562500e-2,
1.140156250e+2,-5.200000000e-2,1.099218750e-1,6.000000000e-2,
1.118125000e+2,-6.468750000e-2,9.976562500e-2,5.007812500e-2,
1.199218750e+2,-6.784375000e-2,1.003906250e-1,5.000000000e-2,
1.160937500e+2,-6.400000000e-2,1.100000000e-1,4.976562500e-2,
1.160000000e+2,-6.387500000e-2,1.098437500e-1,6.062500000e-2,
1.121875000e+2,-6.003125000e-2,1.202343750e-1,2.976562500e-2,
1.119843750e+2,-6.400000000e-2,1.007812500e-1,7.859375000e-2,
1.138750000e+2,-5.618750000e-2,1.162500000e-1,6.195312500e-2,
1.179843750e+2,-5.190625000e-2,1.400781250e-1,4.937500000e-2,
1.125468750e+2,-6.300000000e-2,1.235156250e-1,5.921875000e-2,
1.059687500e+2,-6.878125000e-2,1.172656250e-1,6.046875000e-2,
1.139531250e+2,-6.000000000e-2,1.393750000e-1,6.007812500e-2,
1.139843750e+2,-6.421875000e-2,1.510937500e-1,7.015625000e-2,
1.160156250e+2,-5.200000000e-2,1.000000000e-1,7.000000000e-2,
1.100000000e+2,-6.396875000e-2,1.400781250e-1,5.929687500e-2,
1.159218750e+2,-6.050000000e-2,1.303906250e-1,2.992187500e-2,
1.140937500e+2,-5.190625000e-2,1.100781250e-1,4.000000000e-2,
1.100156250e+2,-6.378125000e-2,1.397656250e-1,3.015625000e-2,
1.099843750e+2,-5.662500000e-2,1.295312500e-1,3.953125000e-2,
1.119843750e+2,-5.178125000e-2,1.307812500e-1,1.007812500e-2,
1.120156250e+2,-6.390625000e-2,1.610937500e-1,7.000000000e-2,
1.160625000e+2,-6.025000000e-2,1.479687500e-1,6.953125000e-2,
1.180468750e+2,-5.993750000e-2,1.303906250e-1,3.953125000e-2,
1.179375000e+2,-5.612500000e-2,1.514843750e-1,4.085937500e-2,
1.136875000e+2,-5.200000000e-2,1.486718750e-1,4.968750000e-2,
1.099062500e+2,-6.806250000e-2,1.408593750e-1,4.000000000e-2,
1.101718750e+2,-6.037500000e-2,1.605468750e-1,5.031250000e-2,
1.118750000e+2,-7.168750000e-2,1.489843750e-1,3.867187500e-2,
1.100937500e+2,-4.781250000e-2,1.511718750e-1,4.132812500e-2,
1.140781250e+2,-6.900000000e-2,1.594531250e-1,7.062500000e-2,
1.096718750e+2,-6.303125000e-2,1.500000000e-1,5.867187500e-2,
1.082500000e+2,-5.600000000e-2,1.477343750e-1,5.117187500e-2,
1.180937500e+2,-6.015625000e-2,1.442187500e-1,6.937500000e-2,
1.158281250e+2,-6.400000000e-2,1.895312500e-1,2.898437500e-2,
1.077500000e+2,-6.393750000e-2,1.375781250e-1,5.140625000e-2,
1.043125000e+2,-6.000000000e-2,1.403906250e-1,6.921875000e-2,
1.200156250e+2,-6.006250000e-2,1.299218750e-1,2.992187500e-2,
1.097656250e+2,-5.993750000e-2,1.400000000e-1,4.953125000e-2,
1.161718750e+2,-5.600000000e-2,1.400781250e-1,4.000000000e-2,
1.096250000e+2,-5.993750000e-2,1.600000000e-1,3.984375000e-2,
1.080937500e+2,-7.171875000e-2,1.404687500e-1,4.992187500e-2,
1.119843750e+2,-7.259375000e-2,1.485156250e-1,4.046875000e-2,
1.120625000e+2,-6.403125000e-2,1.686718750e-1,2.953125000e-2,
1.160156250e+2,-6.806250000e-2,1.647656250e-1,4.929687500e-2,
1.078750000e+2,-6.068750000e-2,1.400000000e-1,5.007812500e-2,
1.142656250e+2,-5.593750000e-2,1.601562500e-1,7.062500000e-2,
1.198750000e+2,-5.987500000e-2,1.496875000e-1,6.929687500e-2,
1.098906250e+2,-6.403125000e-2,1.498437500e-1,5.031250000e-2,
1.099531250e+2,-6.809375000e-2,1.398437500e-1,7.000000000e-2,
1.119843750e+2,-5.212500000e-2,1.701562500e-1,3.953125000e-2,
1.118906250e+2,-6.009375000e-2,1.600000000e-1,4.039062500e-2,
1.159531250e+2,-6.396875000e-2,1.696093750e-1,6.984375000e-2,
1.121718750e+2,-6.796875000e-2,1.392187500e-1,3.007812500e-2,
1.099375000e+2,-6.800000000e-2,1.400000000e-1,4.109375000e-2,
1.119062500e+2,-6.428125000e-2,1.296093750e-1,7.031250000e-2,
1.120625000e+2,-5.587500000e-2,1.505468750e-1,6.921875000e-2,
1.118281250e+2,-5.231250000e-2,1.689843750e-1,4.984375000e-2,
1.180156250e+2,-6.428125000e-2,1.199218750e-1,4.968750000e-2,
1.120000000e+2,-5.934375000e-2,1.707031250e-1,3.992187500e-2,
1.179843750e+2,-5.612500000e-2,1.692968750e-1,6.031250000e-2,
1.120625000e+2,-6.021875000e-2,1.398437500e-1,5.968750000e-2,
1.177968750e+2,-6.000000000e-2,1.607812500e-1,1.976562500e-2,
1.144218750e+2,-6.425000000e-2,1.599218750e-1,4.031250000e-2,
1.119062500e+2,-6.790625000e-2,1.482812500e-1,5.000000000e-2,
1.121875000e+2,-5.565625000e-2,1.194531250e-1,2.953125000e-2,
1.080937500e+2,-4.787500000e-2,1.303125000e-1,1.976562500e-2,
1.097812500e+2,-5.240625000e-2,1.301562500e-1,2.046875000e-2,
1.100781250e+2,-6.406250000e-2,1.504687500e-1,4.085937500e-2,
1.098750000e+2,-5.503125000e-2,1.595312500e-1,4.992187500e-2,
1.119687500e+2,-4.834375000e-2,1.201562500e-1,3.882812500e-2,
1.101093750e+2,-6.825000000e-2,1.504687500e-1,4.132812500e-2,
1.099062500e+2,-5.540625000e-2,1.500000000e-1,6.921875000e-2,
1.119218750e+2,-4.796875000e-2,1.197656250e-1,2.000000000e-2,
1.120625000e+2,-5.568750000e-2,1.493750000e-1,5.007812500e-2,
1.101250000e+2,-5.965625000e-2,1.307812500e-1,4.000000000e-2,
1.079218750e+2,-6.378125000e-2,1.474218750e-1,4.992187500e-2,
1.101562500e+2,-6.118750000e-2,1.442187500e-1,6.000000000e-2,
1.100937500e+2,-5.600000000e-2,1.204687500e-1,4.929687500e-2,
1.122031250e+2,-6.012500000e-2,1.289062500e-1,4.000000000e-2,
1.119375000e+2,-5.990625000e-2,1.394531250e-1,4.000000000e-2,
1.145312500e+2,-6.015625000e-2,1.505468750e-1,3.000000000e-2,
1.177031250e+2,-6.796875000e-2,1.296093750e-1,4.992187500e-2,
1.097812500e+2,-5.600000000e-2,1.600000000e-1,3.984375000e-2,
1.121406250e+2,-6.012500000e-2,1.093750000e-1,6.953125000e-2,
1.120000000e+2,-5.600000000e-2,1.106250000e-1,7.015625000e-2,
1.117968750e+2,-5.625000000e-2,1.300000000e-1,6.007812500e-2,
1.079843750e+2,-6.381250000e-2,1.199218750e-1,5.000000000e-2,
1.123281250e+2,-4.728125000e-2,1.200000000e-1,6.015625000e-2,
1.116875000e+2,-4.868750000e-2,1.200000000e-1,3.062500000e-2,
1.055781250e+2,-5.650000000e-2,1.100000000e-1,3.945312500e-2,
1.042500000e+2,-6.037500000e-2,1.300000000e-1,6.007812500e-2,
1.080937500e+2,-5.900000000e-2,1.086718750e-1,4.007812500e-2,
1.081562500e+2,-4.846875000e-2,1.108593750e-1,5.039062500e-2,
1.120781250e+2,-6.409375000e-2,1.188281250e-1,2.023437500e-2,
1.097343750e+2,-4.725000000e-2,8.960937500e-2,4.937500000e-2,
1.103593750e+2,-5.271875000e-2,1.113281250e-1,5.125000000e-2,
1.116406250e+2,-6.428125000e-2,1.089062500e-1,1.992187500e-2,
1.057968750e+2,-5.940625000e-2,1.001562500e-1,6.109375000e-2,
1.057500000e+2,-6.090625000e-2,1.104687500e-1,5.906250000e-2,
1.021093750e+2,-7.634375000e-2,1.095312500e-1,3.023437500e-2,
1.085781250e+2,-6.731250000e-2,9.976562500e-2,4.992187500e-2,
1.074062500e+2,-6.368750000e-2,9.992187500e-2,1.976562500e-2,
1.042343750e+2,-6.025000000e-2,8.937500000e-2,3.968750000e-2,
1.079375000e+2,-6.368750000e-2,8.000000000e-2,5.039062500e-2,
1.016406250e+2,-5.581250000e-2,8.992187500e-2,3.039062500e-2,
1.044062500e+2,-6.012500000e-2,8.007812500e-2,2.984375000e-2,
1.122500000e+2,-5.590625000e-2,7.054687500e-2,2.148437500e-2,
1.141406250e+2,-5.600000000e-2,6.039062500e-2,1.750000000e-2,
1.159062500e+2,-5.965625000e-2,6.671875000e-2,5.898437500e-2,
1.085781250e+2,-6.443750000e-2,7.648437500e-2,4.148437500e-2,
1.038750000e+2,-5.606250000e-2,4.023437500e-2,5.015625000e-2,
1.078125000e+2,-5.984375000e-2,6.914062500e-2,4.000000000e-2,
1.079843750e+2,-6.381250000e-2,6.992187500e-2,3.007812500e-2,
1.099218750e+2,-6.812500000e-2,8.992187500e-2,5.007812500e-2,
1.098437500e+2,-5.628125000e-2,5.937500000e-2,5.039062500e-2,
1.121562500e+2,-5.975000000e-2,4.992187500e-2,2.992187500e-2,
1.080937500e+2,-6.018750000e-2,4.015625000e-2,4.046875000e-2,
1.117031250e+2,-5.615625000e-2,5.984375000e-2,3.937500000e-2,
1.122187500e+2,-5.971875000e-2,4.000000000e-2,2.031250000e-2,
1.099218750e+2,-7.196875000e-2,6.007812500e-2,6.031250000e-2,
1.159843750e+2,-6.831250000e-2,3.984375000e-2,3.968750000e-2,
1.100781250e+2,-5.587500000e-2,5.031250000e-2,6.039062500e-2,
1.060937500e+2,-4.403125000e-2,3.937500000e-2,4.921875000e-2,
1.021093750e+2,-5.609375000e-2,2.906250000e-2,5.031250000e-2,
1.036562500e+2,-6.003125000e-2,9.296875000e-3,4.914062500e-2,
1.118125000e+2,-6.400000000e-2,2.320312500e-2,4.117187500e-2,
1.102343750e+2,-5.996875000e-2,2.703125000e-2,7.031250000e-2,
1.059687500e+2,-5.603125000e-2,-9.765625000e-3,4.960937500e-2,
1.080781250e+2,-5.587500000e-2,2.101562500e-2,6.054687500e-2,
1.021093750e+2,-5.212500000e-2,-1.093750000e-3,4.867187500e-2,
1.040000000e+2,-6.037500000e-2,2.210937500e-2,5.109375000e-2,
1.019843750e+2,-5.984375000e-2,2.906250000e-2,7.062500000e-2,
1.058906250e+2,-5.565625000e-2,9.609375000e-3,5.796875000e-2,
1.079375000e+2,-5.237500000e-2,9.375000000e-3,4.007812500e-2,
1.100000000e+2,-6.443750000e-2,-1.070312500e-2,4.992187500e-2,
1.081093750e+2,-6.796875000e-2,-1.007812500e-2,3.992187500e-2,
1.062656250e+2,-6.403125000e-2,-9.375000000e-3,4.992187500e-2,
1.001250000e+2,-6.400000000e-2,1.015625000e-2,4.984375000e-2,
1.017031250e+2,-7.200000000e-2,0.000000000e+0,6.992187500e-2,
1.058437500e+2,-6.453125000e-2,9.062500000e-3,5.000000000e-2,
1.077812500e+2,-5.978125000e-2,3.437500000e-3,4.000000000e-2,
1.101406250e+2,-6.387500000e-2,-3.101562500e-2,4.000000000e-2,
1.059218750e+2,-6.078125000e-2,-8.984375000e-3,3.921875000e-2,
1.038125000e+2,-5.625000000e-2,-3.828125000e-2,5.984375000e-2,
1.000312500e+2,-5.231250000e-2,-4.000000000e-2,5.054687500e-2,
1.040468750e+2,-4.812500000e-2,-3.984375000e-2,4.031250000e-2,
9.989062500e+1,-5.500000000e-2,-2.000000000e-2,3.968750000e-2,
1.023125000e+2,-7.171875000e-2,-3.992187500e-2,5.054687500e-2,
1.101250000e+2,-6.428125000e-2,-4.007812500e-2,3.000000000e-2,
1.077187500e+2,-6.000000000e-2,-4.078125000e-2,4.968750000e-2,
1.061093750e+2,-5.590625000e-2,-1.000000000e-2,4.992187500e-2,
1.099843750e+2,-5.628125000e-2,-4.000000000e-2,5.007812500e-2,
1.059375000e+2,-4.396875000e-2,-3.000000000e-2,2.000000000e-2,
1.080312500e+2,-5.965625000e-2,-4.007812500e-2,4.937500000e-2,
1.101093750e+2,-5.612500000e-2,-5.007812500e-2,4.992187500e-2,
1.140000000e+2,-5.190625000e-2,-6.000000000e-2,6.015625000e-2,
1.040000000e+2,-5.600000000e-2,-5.031250000e-2,4.015625000e-2,
1.039843750e+2,-5.984375000e-2,-4.054687500e-2,4.992187500e-2,
1.020468750e+2,-7.203125000e-2,-7.023437500e-2,4.976562500e-2,
1.080468750e+2,-5.587500000e-2,-4.984375000e-2,7.000000000e-2,
1.078125000e+2,-5.203125000e-2,-7.054687500e-2,5.000000000e-2,
1.020156250e+2,-5.209375000e-2,-8.000000000e-2,4.984375000e-2,
1.080468750e+2,-6.018750000e-2,-8.000000000e-2,4.984375000e-2,
1.038906250e+2,-5.984375000e-2,-5.000000000e-2,5.015625000e-2,
1.000000000e+2,-5.196875000e-2,-7.992187500e-2,4.000000000e-2,
1.039687500e+2,-5.612500000e-2,-7.992187500e-2,7.945312500e-2,
1.080000000e+2,-5.996875000e-2,-5.000000000e-2,5.132812500e-2,
1.060000000e+2,-6.390625000e-2,-9.039062500e-2,2.882812500e-2,
1.138750000e+2,-6.781250000e-2,-1.000000000e-1,8.000000000e-2,
1.100000000e+2,-6.825000000e-2,-8.984375000e-2,2.921875000e-2,
1.060156250e+2,-5.615625000e-2,-8.007812500e-2,1.968750000e-2,
1.040000000e+2,-5.953125000e-2,-8.906250000e-2,4.000000000e-2,
1.060937500e+2,-6.440625000e-2,-9.203125000e-2,2.984375000e-2,
1.080156250e+2,-5.600000000e-2,-6.078125000e-2,5.875000000e-2,
1.000468750e+2,-6.634375000e-2,-9.078125000e-2,6.101562500e-2,
1.020468750e+2,-6.725000000e-2,-1.303906250e-1,3.164062500e-2,
1.080000000e+2,-5.200000000e-2,-1.036718750e-1,2.992187500e-2,
1.100468750e+2,-6.793750000e-2,-8.828125000e-2,3.875000000e-2,
1.060000000e+2,-6.071875000e-2,-1.182031250e-1,6.046875000e-2,
1.100468750e+2,-5.196875000e-2,-1.116406250e-1,3.984375000e-2,
1.040156250e+2,-6.387500000e-2,-8.062500000e-2,7.921875000e-2,
1.079375000e+2,-6.390625000e-2,-9.757812500e-2,7.015625000e-2,
1.041562500e+2,-7.196875000e-2,-1.198437500e-1,7.015625000e-2,
1.019375000e+2,-6.003125000e-2,-1.109375000e-1,5.023437500e-2,
1.057656250e+2,-6.400000000e-2,-1.095312500e-1,5.984375000e-2,
1.101875000e+2,-5.993750000e-2,-1.294531250e-1,6.031250000e-2,
1.058750000e+2,-6.400000000e-2,-1.401562500e-1,5.015625000e-2,
1.119531250e+2,-5.987500000e-2,-1.300000000e-1,4.984375000e-2,
1.023437500e+2,-5.200000000e-2,-1.400781250e-1,5.007812500e-2,
9.779687500e+1,-5.603125000e-2,-1.296093750e-1,3.984375000e-2,
1.059375000e+2,-5.196875000e-2,-1.194531250e-1,6.007812500e-2,
1.040000000e+2,-5.609375000e-2,-1.000781250e-1,4.992187500e-2,
1.040156250e+2,-5.990625000e-2,-1.199218750e-1,3.992187500e-2,
1.000000000e+2,-5.231250000e-2,-1.299218750e-1,4.000000000e-2,
1.040000000e+2,-6.390625000e-2,-1.500000000e-1,4.007812500e-2,
1.020000000e+2,-4.731250000e-2,-1.299218750e-1,3.968750000e-2,
1.038281250e+2,-5.231250000e-2,-1.303125000e-1,5.007812500e-2,
1.080468750e+2,-5.209375000e-2,-1.400781250e-1,4.929687500e-2,
1.022343750e+2,-5.590625000e-2,-1.398437500e-1,9.007812500e-2,
1.018125000e+2,-5.231250000e-2,-1.301562500e-1,6.031250000e-2,
1.040625000e+2,-5.971875000e-2,-1.505468750e-1,5.007812500e-2,
9.995312500e+1,-4.818750000e-2,-1.400000000e-1,3.007812500e-2,
1.059062500e+2,-6.400000000e-2,-1.200000000e-1,3.968750000e-2,
1.076718750e+2,-4.765625000e-2,-1.481250000e-1,4.976562500e-2,
1.140312500e+2,-6.015625000e-2,-1.710156250e-1,6.023437500e-2,
1.060937500e+2,-6.006250000e-2,-1.417968750e-1,4.093750000e-2,
1.099062500e+2,-6.003125000e-2,-1.484375000e-1,3.914062500e-2,
1.062656250e+2,-5.618750000e-2,-1.432812500e-1,4.156250000e-2,
1.059375000e+2,-5.918750000e-2,-1.239843750e-1,2.765625000e-2,
1.080156250e+2,-6.409375000e-2,-1.196093750e-1,6.031250000e-2,
1.000312500e+2,-5.262500000e-2,-1.593750000e-1,4.929687500e-2,
9.998437500e+1,-4.784375000e-2,-1.500000000e-1,3.984375000e-2,
1.040000000e+2,-6.790625000e-2,-1.500000000e-1,3.023437500e-2,
1.000156250e+2,-7.234375000e-2,-1.398437500e-1,5.000000000e-2,
1.000937500e+2,-6.021875000e-2,-1.700000000e-1,3.000000000e-2,
9.395312500e+1,-5.596875000e-2,-1.402343750e-1,4.070312500e-2,
1.059687500e+2,-5.603125000e-2,-1.497656250e-1,6.007812500e-2,
1.021562500e+2,-5.603125000e-2,-1.303125000e-1,4.992187500e-2,
9.998437500e+1,-5.984375000e-2,-1.602343750e-1,4.000000000e-2,
9.796875000e+1,-6.790625000e-2,-1.284375000e-1,3.984375000e-2,
9.807812500e+1,-6.059375000e-2,-1.420312500e-1,3.015625000e-2,
1.020781250e+2,-5.193750000e-2,-1.606250000e-1,6.156250000e-2,
1.018437500e+2,-6.400000000e-2,-1.478906250e-1,6.953125000e-2,
9.998437500e+1,-5.990625000e-2,-1.312500000e-1,4.882812500e-2,
9.995312500e+1,-6.012500000e-2,-1.487500000e-1,4.078125000e-2,
9.793750000e+1,-6.000000000e-2,-1.208593750e-1,4.929687500e-2,
1.002500000e+2,-5.990625000e-2,-1.614062500e-1,4.085937500e-2,
1.062343750e+2,-5.575000000e-2,-1.378125000e-1,7.023437500e-2,
1.078906250e+2,-5.181250000e-2,-1.416406250e-1,4.921875000e-2,
1.038906250e+2,-5.225000000e-2,-1.506250000e-1,5.000000000e-2,
1.040156250e+2,-6.018750000e-2,-1.491406250e-1,3.976562500e-2,
1.061093750e+2,-6.400000000e-2,-1.395312500e-1,3.984375000e-2,
1.099843750e+2,-6.796875000e-2,-1.405468750e-1,4.046875000e-2,
1.059062500e+2,-6.406250000e-2,-1.504687500e-1,6.007812500e-2,
1.060156250e+2,-6.784375000e-2,-1.607031250e-1,5.000000000e-2,
1.038750000e+2,-4.771875000e-2,-1.698437500e-1,6.007812500e-2,
1.019375000e+2,-4.796875000e-2,-1.398437500e-1,4.000000000e-2,
9.989062500e+1,-5.990625000e-2,-1.300000000e-1,4.007812500e-2,
1.001093750e+2,-6.418750000e-2,-1.403125000e-1,2.968750000e-2,
1.059687500e+2,-5.287500000e-2,-1.207031250e-1,5.992187500e-2,
1.059687500e+2,-4.740625000e-2,-1.210937500e-1,3.093750000e-2,
1.040156250e+2,-5.543750000e-2,-1.146875000e-1,2.960937500e-2,
9.987500000e+1,-5.587500000e-2,-1.500000000e-1,3.000000000e-2,
9.798437500e+1,-6.368750000e-2,-1.096875000e-1,4.023437500e-2,
1.000937500e+2,-6.812500000e-2,-1.412500000e-1,3.960937500e-2,
9.990625000e+1,-6.400000000e-2,-1.399218750e-1,3.015625000e-2,
9.398437500e+1,-6.406250000e-2,-1.400000000e-1,3.992187500e-2,
1.040937500e+2,-5.212500000e-2,-1.297656250e-1,1.968750000e-2,
1.062656250e+2,-5.606250000e-2,-1.103125000e-1,2.007812500e-2,
9.814062500e+1,-6.362500000e-2,-1.110156250e-1,5.046875000e-2,
9.993750000e+1,-7.609375000e-2,-1.505468750e-1,7.000000000e-2,
9.800000000e+1,-5.987500000e-2,-1.292187500e-1,4.921875000e-2,
1.000156250e+2,-5.959375000e-2,-1.194531250e-1,4.031250000e-2,
9.795312500e+1,-6.390625000e-2,-1.100781250e-1,6.031250000e-2,
1.037812500e+2,-5.187500000e-2,-1.307812500e-1,4.945312500e-2,
1.080156250e+2,-6.034375000e-2,-1.399218750e-1,5.093750000e-2,
1.041093750e+2,-6.000000000e-2,-1.096093750e-1,6.968750000e-2,
9.996875000e+1,-6.412500000e-2,-1.002343750e-1,3.968750000e-2,
1.038593750e+2,-6.400000000e-2,-1.101562500e-1,3.992187500e-2,
1.041093750e+2,-6.381250000e-2,-9.882812500e-2,3.007812500e-2,
1.020937500e+2,-6.003125000e-2,-8.015625000e-2,6.031250000e-2,
1.002343750e+2,-6.412500000e-2,-1.012500000e-1,7.015625000e-2,
9.632812500e+1,-6.393750000e-2,-1.104687500e-1,3.992187500e-2,
9.548437500e+1,-6.865625000e-2,-1.201562500e-1,6.039062500e-2,
1.040625000e+2,-7.959375000e-2,-1.089062500e-1,3.914062500e-2,
9.621875000e+1,-5.993750000e-2,-8.992187500e-2,4.023437500e-2,
1.015625000e+2,-7.221875000e-2,-1.001562500e-1,4.000000000e-2,
1.020156250e+2,-5.975000000e-2,-9.976562500e-2,3.945312500e-2,
1.022343750e+2,-6.409375000e-2,-1.096875000e-1,4.078125000e-2,
9.418750000e+1,-5.559375000e-2,-7.000000000e-2,7.031250000e-2,
9.925000000e+1,-5.190625000e-2,-8.906250000e-2,5.000000000e-2,
1.082343750e+2,-6.771875000e-2,-1.200781250e-1,3.992187500e-2,
9.820312500e+1,-6.062500000e-2,-1.010156250e-1,4.000000000e-2,
1.016875000e+2,-6.300000000e-2,-1.000000000e-1,6.000000000e-2,
1.020468750e+2,-6.531250000e-2,-8.476562500e-2,2.976562500e-2,
1.012968750e+2,-5.175000000e-2,-6.890625000e-2,7.140625000e-2,
9.365625000e+1,-4.412500000e-2,-9.921875000e-2,6.007812500e-2,
9.854687500e+1,-5.612500000e-2,-8.070312500e-2,5.000000000e-2,
1.000781250e+2,-5.196875000e-2,-7.023437500e-2,6.000000000e-2,
9.981250000e+1,-6.021875000e-2,-5.992187500e-2,5.007812500e-2,
9.589062500e+1,-6.800000000e-2,-8.000000000e-2,5.039062500e-2,
9.831250000e+1,-5.200000000e-2,-8.992187500e-2,3.000000000e-2,
9.764062500e+1,-6.000000000e-2,-8.000000000e-2,4.015625000e-2,
9.026562500e+1,-4.809375000e-2,-8.000000000e-2,1.007812500e-2,
1.021718750e+2,-6.406250000e-2,-7.007812500e-2,3.000000000e-2,
9.550000000e+1,-4.725000000e-2,-9.000000000e-2,2.000000000e-2,
9.612500000e+1,-5.806250000e-2,-6.023437500e-2,3.960937500e-2,
9.606250000e+1,-7.081250000e-2,-4.000000000e-2,3.976562500e-2,
9.806250000e+1,-5.212500000e-2,-7.007812500e-2,5.984375000e-2,
9.570312500e+1,-6.800000000e-2,-4.921875000e-2,5.070312500e-2,
9.168750000e+1,-4.731250000e-2,-6.046875000e-2,1.929687500e-2,
9.259375000e+1,-5.262500000e-2,-6.031250000e-2,6.929687500e-2,
1.022187500e+2,-5.606250000e-2,-7.015625000e-2,5.039062500e-2,
9.760937500e+1,-6.028125000e-2,-5.898437500e-2,4.960937500e-2,
9.807812500e+1,-6.378125000e-2,-5.000000000e-2,5.007812500e-2,
9.814062500e+1,-5.562500000e-2,-4.929687500e-2,5.031250000e-2,
9.993750000e+1,-5.609375000e-2,-4.023437500e-2,7.015625000e-2,
9.801562500e+1,-5.596875000e-2,-6.070312500e-2,5.882812500e-2,
1.000781250e+2,-6.075000000e-2,-5.929687500e-2,3.968750000e-2,
9.767187500e+1,-6.796875000e-2,-3.914062500e-2,3.015625000e-2,
9.595312500e+1,-6.396875000e-2,-4.117187500e-2,4.976562500e-2,
9.596875000e+1,-6.809375000e-2,-5.898437500e-2,5.039062500e-2,
9.373437500e+1,-6.371875000e-2,-9.687500000e-3,3.031250000e-2,
9.209375000e+1,-6.412500000e-2,-4.968750000e-2,2.960937500e-2,
9.851562500e+1,-6.393750000e-2,-3.281250000e-2,3.023437500e-2,
1.039531250e+2,-5.609375000e-2,-8.515625000e-3,3.773437500e-2,
9.987500000e+1,-4.421875000e-2,-3.117187500e-2,6.914062500e-2,
1.017812500e+2,-4.387500000e-2,-2.734375000e-3,6.085937500e-2,
1.020937500e+2,-4.784375000e-2,-1.851562500e-2,5.968750000e-2,
1.019062500e+2,-6.365625000e-2,-3.046875000e-2,3.000000000e-2,
1.005937500e+2,-6.431250000e-2,-1.015625000e-2,2.023437500e-2,
9.029687500e+1,-5.200000000e-2,-1.000000000e-2,5.000000000e-2,
9.523437500e+1,-5.956250000e-2,-9.765625000e-3,3.031250000e-2,
9.662500000e+1,-6.396875000e-2,0.000000000e+0,4.007812500e-2,
9.009375000e+1,-6.415625000e-2,1.015625000e-2,4.953125000e-2,
9.368750000e+1,-5.656250000e-2,1.992187500e-2,1.960937500e-2,
9.421875000e+1,-5.193750000e-2,9.843750000e-3,2.023437500e-2,
9.190625000e+1,-5.600000000e-2,9.765625000e-3,4.070312500e-2,
9.979687500e+1,-5.190625000e-2,0.000000000e+0,6.015625000e-2,
1.000625000e+2,-6.000000000e-2,2.148437500e-2,4.960937500e-2,
9.600000000e+1,-5.600000000e-2,2.875000000e-2,5.140625000e-2,
9.795312500e+1,-6.406250000e-2,-3.125000000e-4,6.945312500e-2,
9.971875000e+1,-6.387500000e-2,2.179687500e-2,3.906250000e-2,
1.060312500e+2,-6.021875000e-2,3.007812500e-2,5.179687500e-2,
9.823437500e+1,-8.000000000e-2,2.960937500e-2,4.523437500e-2,
9.981250000e+1,-5.987500000e-2,3.140625000e-2,1.796875000e-3,
1.020468750e+2,-6.421875000e-2,3.781250000e-2,8.140625000e-2,
1.000156250e+2,-5.943750000e-2,9.531250000e-3,2.625000000e-2,
9.996875000e+1,-5.203125000e-2,3.117187500e-2,5.328125000e-2,
9.406250000e+1,-6.071875000e-2,2.984375000e-2,6.835937500e-2,
9.789062500e+1,-6.368750000e-2,4.078125000e-2,2.710937500e-2,
9.812500000e+1,-5.584375000e-2,4.984375000e-2,2.093750000e-2,
9.593750000e+1,-6.018750000e-2,3.953125000e-2,3.984375000e-2,
9.973437500e+1,-5.993750000e-2,4.023437500e-2,1.976562500e-2,
9.837500000e+1,-5.603125000e-2,3.976562500e-2,3.976562500e-2,
9.021875000e+1,-5.200000000e-2,4.062500000e-2,7.992187500e-2,
8.793750000e+1,-5.975000000e-2,5.992187500e-2,6.031250000e-2,
8.978125000e+1,-6.409375000e-2,5.007812500e-2,5.000000000e-2,
9.543750000e+1,-6.043750000e-2,6.765625000e-2,4.000000000e-2,
1.002187500e+2,-5.918750000e-2,7.406250000e-2,7.984375000e-2,
9.389062500e+1,-6.553125000e-2,5.015625000e-2,4.343750000e-2,
9.409375000e+1,-4.515625000e-2,5.984375000e-2,1.960937500e-2,
9.612500000e+1,-5.068750000e-2,4.992187500e-2,5.960937500e-2,
9.990625000e+1,-6.075000000e-2,7.015625000e-2,4.031250000e-2,
9.387500000e+1,-4.440625000e-2,6.992187500e-2,5.953125000e-2,
9.404687500e+1,-5.146875000e-2,5.992187500e-2,5.078125000e-2,
9.181250000e+1,-5.184375000e-2,9.007812500e-2,4.960937500e-2,
9.018750000e+1,-6.400000000e-2,8.968750000e-2,6.000000000e-2,
9.610937500e+1,-5.993750000e-2,1.100000000e-1,4.039062500e-2,
9.367187500e+1,-6.412500000e-2,9.000000000e-2,2.000000000e-2,
9.220312500e+1,-5.200000000e-2,9.007812500e-2,2.992187500e-2,
1.020156250e+2,-6.750000000e-2,6.976562500e-2,3.976562500e-2,
9.382812500e+1,-6.812500000e-2,6.007812500e-2,4.976562500e-2,
9.200000000e+1,-5.615625000e-2,9.000000000e-2,5.007812500e-2,
8.800000000e+1,-5.971875000e-2,7.007812500e-2,4.070312500e-2,
9.195312500e+1,-6.803125000e-2,9.023437500e-2,2.968750000e-2,
9.604687500e+1,-6.400000000e-2,7.984375000e-2,6.984375000e-2,
9.800000000e+1,-7.206250000e-2,9.023437500e-2,4.015625000e-2,
9.798437500e+1,-6.796875000e-2,7.960937500e-2,3.000000000e-2,
9.589062500e+1,-5.990625000e-2,8.000000000e-2,5.000000000e-2,
9.403125000e+1,-5.178125000e-2,1.100000000e-1,4.007812500e-2,
9.798437500e+1,-4.806250000e-2,9.992187500e-2,4.992187500e-2,
9.193750000e+1,-5.618750000e-2,1.100000000e-1,4.000000000e-2,
9.195312500e+1,-6.003125000e-2,8.992187500e-2,4.023437500e-2,
9.801562500e+1,-6.000000000e-2,8.992187500e-2,2.968750000e-2,
9.200000000e+1,-6.000000000e-2,1.099218750e-1,5.937500000e-2,
9.189062500e+1,-5.996875000e-2,8.007812500e-2,5.007812500e-2,
9.400000000e+1,-6.384375000e-2,9.031250000e-2,4.007812500e-2,
9.200000000e+1,-6.803125000e-2,1.202343750e-1,5.968750000e-2,
9.200000000e+1,-6.018750000e-2,9.929687500e-2,7.031250000e-2,
9.195312500e+1,-5.681250000e-2,1.387500000e-1,3.031250000e-2,
9.196875000e+1,-3.987500000e-2,1.134375000e-1,5.835937500e-2,
9.800000000e+1,-5.853125000e-2,1.106250000e-1,7.062500000e-2,
9.600000000e+1,-5.334375000e-2,9.187500000e-2,4.320312500e-2,
1.020000000e+2,-5.593750000e-2,9.835937500e-2,2.984375000e-2,
9.807812500e+1,-6.000000000e-2,1.012500000e-1,6.843750000e-2,
9.400000000e+1,-6.021875000e-2,8.898437500e-2,8.039062500e-2,
9.207812500e+1,-5.206250000e-2,1.098437500e-1,7.031250000e-2,
9.001562500e+1,-5.196875000e-2,9.859375000e-2,4.117187500e-2,
9.000000000e+1,-5.571875000e-2,1.391406250e-1,9.687500000e-3,
8.992187500e+1,-6.796875000e-2,1.110937500e-1,5.929687500e-2,
9.381250000e+1,-5.603125000e-2,1.185937500e-1,7.085937500e-2,
9.596875000e+1,-6.000000000e-2,1.203125000e-1,3.992187500e-2,
9.778125000e+1,-5.990625000e-2,1.103125000e-1,6.968750000e-2,
9.831250000e+1,-6.000000000e-2,1.000781250e-1,5.039062500e-2,
9.007812500e+1,-6.396875000e-2,1.000000000e-1,5.000000000e-2,
9.206250000e+1,-5.593750000e-2,1.000781250e-1,3.992187500e-2,
8.600000000e+1,-6.006250000e-2,1.101562500e-1,5.976562500e-2,
9.381250000e+1,-5.996875000e-2,1.101562500e-1,5.992187500e-2,
9.598437500e+1,-6.003125000e-2,1.201562500e-1,4.992187500e-2,
9.601562500e+1,-6.406250000e-2,1.101562500e-1,4.023437500e-2,
9.400000000e+1,-6.390625000e-2,1.098437500e-1,6.000000000e-2,
9.600000000e+1,-5.987500000e-2,1.400000000e-1,4.046875000e-2,
9.400000000e+1,-5.584375000e-2,1.099218750e-1,3.953125000e-2,
9.392187500e+1,-5.615625000e-2,1.206250000e-1,5.976562500e-2,
9.604687500e+1,-6.018750000e-2,1.299218750e-1,6.031250000e-2,
9.209375000e+1,-5.981250000e-2,1.096093750e-1,5.000000000e-2,
9.382812500e+1,-5.612500000e-2,1.002343750e-1,5.992187500e-2,
9.414062500e+1,-6.440625000e-2,1.200781250e-1,5.000000000e-2,
8.800000000e+1,-6.359375000e-2,1.100000000e-1,5.000000000e-2,
9.201562500e+1,-5.231250000e-2,1.300000000e-1,4.976562500e-2,
8.800000000e+1,-7.243750000e-2,1.100781250e-1,6.000000000e-2,
9.201562500e+1,-5.981250000e-2,1.293750000e-1,5.015625000e-2,
8.604687500e+1,-5.603125000e-2,1.120312500e-1,5.070312500e-2,
8.993750000e+1,-5.584375000e-2,1.100781250e-1,3.820312500e-2,
8.615625000e+1,-6.768750000e-2,1.070312500e-1,7.906250000e-2,
8.993750000e+1,-6.106250000e-2,1.307031250e-1,6.023437500e-2,
9.796875000e+1,-5.975000000e-2,1.102343750e-1,8.015625000e-2,
9.801562500e+1,-6.443750000e-2,1.196875000e-1,5.898437500e-2,
9.400000000e+1,-4.809375000e-2,1.100000000e-1,5.000000000e-2,
9.800000000e+1,-5.993750000e-2,1.100000000e-1,5.000000000e-2,
9.404687500e+1,-6.806250000e-2,1.100781250e-1,4.992187500e-2,
9.398437500e+1,-6.793750000e-2,1.000781250e-1,4.000000000e-2,
9.395312500e+1,-7.221875000e-2,1.199218750e-1,3.968750000e-2,
9.601562500e+1,-5.671875000e-2,1.101562500e-1,1.984375000e-2,
8.820312500e+1,-4.812500000e-2,1.300000000e-1,2.000000000e-2,
8.403125000e+1,-4.396875000e-2,1.092968750e-1,3.000000000e-2,
9.010937500e+1,-5.125000000e-2,1.207812500e-1,6.000000000e-2,
9.189062500e+1,-6.043750000e-2,1.195312500e-1,3.976562500e-2,
9.015625000e+1,-4.403125000e-2,1.207812500e-1,5.078125000e-2,
9.140625000e+1,-6.000000000e-2,1.181250000e-1,4.937500000e-2,
7.785937500e+1,-5.593750000e-2,1.015625000e-1,4.000000000e-2,
8.885937500e+1,-6.503125000e-2,1.285937500e-1,5.078125000e-2,
9.392187500e+1,-7.593750000e-2,7.843750000e-2,4.921875000e-2,
8.978125000e+1,-6.321875000e-2,1.016406250e-1,3.968750000e-2,
9.021875000e+1,-5.600000000e-2,8.773437500e-2,5.117187500e-2,
9.625000000e+1,-5.575000000e-2,8.093750000e-2,5.835937500e-2,
9.792187500e+1,-5.206250000e-2,1.032031250e-1,3.125000000e-2,
9.600000000e+1,-6.021875000e-2,1.074218750e-1,8.023437500e-2,
9.589062500e+1,-6.400000000e-2,9.171875000e-2,2.757812500e-2,
8.779687500e+1,-6.381250000e-2,1.304687500e-1,2.070312500e-2,
8.612500000e+1,-5.200000000e-2,9.773437500e-2,4.000000000e-2,
9.406250000e+1,-6.012500000e-2,8.976562500e-2,3.000000000e-2,
9.368750000e+1,-5.590625000e-2,7.976562500e-2,3.968750000e-2,
8.800000000e+1,-5.600000000e-2,8.000000000e-2,5.000000000e-2,
9.429687500e+1,-5.996875000e-2,8.007812500e-2,7.015625000e-2,
9.381250000e+1,-6.015625000e-2,1.003125000e-1,4.007812500e-2,
8.800000000e+1,-5.593750000e-2,7.109375000e-2,5.984375000e-2,
9.204687500e+1,-6.300000000e-2,8.617187500e-2,4.039062500e-2,
9.000000000e+1,-6.515625000e-2,9.593750000e-2,4.976562500e-2,
9.004687500e+1,-5.618750000e-2,6.000000000e-2,4.000000000e-2,
9.204687500e+1,-6.356250000e-2,9.039062500e-2,5.046875000e-2,
9.403125000e+1,-6.853125000e-2,6.875000000e-2,5.992187500e-2,
9.398437500e+1,-5.200000000e-2,6.007812500e-2,6.031250000e-2,
9.400000000e+1,-6.784375000e-2,7.976562500e-2,5.960937500e-2,
9.401562500e+1,-7.212500000e-2,8.984375000e-2,1.976562500e-2,
9.409375000e+1,-6.400000000e-2,8.000000000e-2,4.023437500e-2,
9.009375000e+1,-6.406250000e-2,9.007812500e-2,5.007812500e-2,
9.189062500e+1,-5.615625000e-2,7.945312500e-2,5.992187500e-2,
9.393750000e+1,-5.612500000e-2,6.968750000e-2,5.945312500e-2,
9.234375000e+1,-7.168750000e-2,5.984375000e-2,3.976562500e-2,
8.593750000e+1,-6.787500000e-2,7.023437500e-2,5.054687500e-2,
9.389062500e+1,-5.971875000e-2,8.000000000e-2,3.890625000e-2,
9.203125000e+1,-5.606250000e-2,6.976562500e-2,1.046875000e-2,
9.401562500e+1,-6.018750000e-2,6.023437500e-2,5.062500000e-2,
9.014062500e+1,-6.437500000e-2,7.992187500e-2,5.007812500e-2,
8.793750000e+1,-6.690625000e-2,4.953125000e-2,6.992187500e-2,
8.823437500e+1,-4.756250000e-2,5.023437500e-2,3.960937500e-2,
8.375000000e+1,-5.634375000e-2,5.007812500e-2,4.023437500e-2,
9.350000000e+1,-6.000000000e-2,4.937500000e-2,6.000000000e-2,
8.868750000e+1,-6.415625000e-2,4.015625000e-2,4.992187500e-2,
8.201562500e+1,-6.806250000e-2,4.992187500e-2,6.007812500e-2,
8.392187500e+1,-6.371875000e-2,2.867187500e-2,4.984375000e-2,
8.390625000e+1,-5.596875000e-2,2.023437500e-2,4.906250000e-2,
8.785937500e+1,-5.612500000e-2,4.015625000e-2,1.953125000e-2,
8.781250000e+1,-5.162500000e-2,3.039062500e-2,3.031250000e-2,
9.201562500e+1,-4.006250000e-2,2.031250000e-2,3.046875000e-2,
8.626562500e+1,-5.231250000e-2,5.000000000e-2,6.078125000e-2,
8.585937500e+1,-5.593750000e-2,2.062500000e-2,5.000000000e-2,
8.785937500e+1,-6.806250000e-2,1.960937500e-2,1.992187500e-2,
8.995312500e+1,-5.628125000e-2,1.125000000e-2,4.000000000e-2,
9.170312500e+1,-6.403125000e-2,6.562500000e-3,5.000000000e-2,
9.368750000e+1,-5.321875000e-2,5.343750000e-2,3.984375000e-2,
8.740625000e+1,-5.612500000e-2,6.226562500e-2,4.992187500e-2,
8.851562500e+1,-6.006250000e-2,2.203125000e-2,4.000000000e-2,
8.981250000e+1,-6.409375000e-2,1.976562500e-2,5.000000000e-2,
8.560937500e+1,-6.390625000e-2,2.039062500e-2,9.921875000e-3,
8.651562500e+1,-5.590625000e-2,1.015625000e-2,3.960937500e-2,
9.182812500e+1,-5.200000000e-2,1.000000000e-2,2.046875000e-2,
8.148437500e+1,-5.621875000e-2,-2.343750000e-4,3.929687500e-2,
8.223437500e+1,-6.400000000e-2,-9.843750000e-3,6.023437500e-2,
8.809375000e+1,-5.596875000e-2,0.000000000e+0,2.023437500e-2,
8.587500000e+1,-5.993750000e-2,-9.921875000e-3,2.000000000e-2,
8.384375000e+1,-5.196875000e-2,2.000000000e-2,2.984375000e-2,
8.201562500e+1,-6.043750000e-2,0.000000000e+0,3.976562500e-2,
8.421875000e+1,-6.512500000e-2,2.000000000e-2,4.960937500e-2,
8.595312500e+1,-7.568750000e-2,-1.015625000e-2,6.992187500e-2,
8.865625000e+1,-5.921875000e-2,-1.078125000e-2,5.085937500e-2,
9.365625000e+1,-6.006250000e-2,-1.843750000e-2,1.937500000e-2,
8.384375000e+1,-5.590625000e-2,1.835937500e-2,6.898437500e-2,
9.048437500e+1,-6.034375000e-2,-6.304687500e-2,7.023437500e-2,
8.981250000e+1,-5.962500000e-2,-3.562500000e-2,6.046875000e-2,
8.995312500e+1,-5.228125000e-2,1.015625000e-2,4.984375000e-2,
8.529687500e+1,-5.981250000e-2,-2.226562500e-2,7.015625000e-2,
8.267187500e+1,-5.228125000e-2,-2.960937500e-2,5.960937500e-2,
9.470312500e+1,-6.418750000e-2,-1.945312500e-2,4.953125000e-2,
9.120312500e+1,-5.584375000e-2,-1.023437500e-2,3.992187500e-2,
8.825000000e+1,-5.984375000e-2,-2.007812500e-2,4.007812500e-2,
8.943750000e+1,-5.165625000e-2,-9.765625000e-3,4.976562500e-2,
8.185937500e+1,-6.096875000e-2,-1.000000000e-2,7.031250000e-2,
8.376562500e+1,-6.331250000e-2,-1.039062500e-2,4.023437500e-2,
7.803125000e+1,-5.628125000e-2,-3.976562500e-2,5.085937500e-2,
8.643750000e+1,-6.809375000e-2,-5.078125000e-2,2.007812500e-2,
8.792187500e+1,-5.606250000e-2,-3.125000000e-2,5.734375000e-2,
8.579687500e+1,-5.150000000e-2,-3.023437500e-2,6.039062500e-2,
8.201562500e+1,-6.034375000e-2,-3.375000000e-2,6.882812500e-2,
8.548437500e+1,-5.200000000e-2,-6.929687500e-2,5.937500000e-2,
8.995312500e+1,-6.365625000e-2,-6.039062500e-2,3.000000000e-2,
8.643750000e+1,-6.040625000e-2,-6.976562500e-2,4.000000000e-2,
8.360937500e+1,-5.184375000e-2,-6.984375000e-2,3.000000000e-2,
8.992187500e+1,-6.743750000e-2,-2.945312500e-2,5.039062500e-2,
8.600000000e+1,-6.465625000e-2,-3.015625000e-2,2.007812500e-2,
8.998437500e+1,-4.812500000e-2,-5.054687500e-2,7.039062500e-2,
8.431250000e+1,-5.915625000e-2,-7.984375000e-2,2.914062500e-2,
8.401562500e+1,-6.034375000e-2,-4.921875000e-2,3.015625000e-2,
8.010937500e+1,-4.803125000e-2,-6.117187500e-2,2.968750000e-2,
7.800000000e+1,-5.168750000e-2,-8.007812500e-2,1.984375000e-2,
7.798437500e+1,-5.596875000e-2,-6.992187500e-2,3.054687500e-2,
8.171875000e+1,-5.612500000e-2,-6.890625000e-2,5.132812500e-2,
8.806250000e+1,-6.406250000e-2,-5.085937500e-2,5.914062500e-2,
8.203125000e+1,-6.800000000e-2,-9.203125000e-2,2.914062500e-2,
8.782812500e+1,-6.806250000e-2,-7.554687500e-2,4.164062500e-2,
8.604687500e+1,-7.196875000e-2,-5.031250000e-2,4.796875000e-2,
8.615625000e+1,-5.993750000e-2,-8.437500000e-2,2.015625000e-2,
7.995312500e+1,-6.012500000e-2,-9.726562500e-2,5.148437500e-2,
8.792187500e+1,-5.971875000e-2,-5.804687500e-2,5.007812500e-2,
7.996875000e+1,-5.628125000e-2,-5.984375000e-2,4.835937500e-2,
7.973437500e+1,-6.396875000e-2,-5.031250000e-2,2.046875000e-2,
8.595312500e+1,-5.584375000e-2,-7.070312500e-2,5.093750000e-2,
8.403125000e+1,-6.018750000e-2,-6.968750000e-2,4.007812500e-2,
8.945312500e+1,-6.021875000e-2,-7.039062500e-2,6.007812500e-2,
9.431250000e+1,-7.231250000e-2,-8.046875000e-2,3.984375000e-2,
8.631250000e+1,-7.206250000e-2,-9.062500000e-2,4.000000000e-2,
8.596875000e+1,-6.000000000e-2,-9.992187500e-2,2.984375000e-2,
8.414062500e+1,-5.981250000e-2,-8.015625000e-2,4.031250000e-2,
8.395312500e+1,-6.756250000e-2,-6.968750000e-2,1.000000000e-2,
8.403125000e+1,-7.243750000e-2,-7.968750000e-2,6.000000000e-2,
8.393750000e+1,-6.078125000e-2,-7.257812500e-2,6.992187500e-2,
8.609375000e+1,-6.006250000e-2,-6.695312500e-2,8.117187500e-2,
8.784375000e+1,-5.300000000e-2,-8.867187500e-2,4.015625000e-2,
8.189062500e+1,-4.746875000e-2,-1.000000000e-1,5.906250000e-2,
8.201562500e+1,-5.990625000e-2,-8.984375000e-2,6.062500000e-2,
7.995312500e+1,-5.209375000e-2,-6.992187500e-2,5.000000000e-2,
8.225000000e+1,-6.000000000e-2,-7.000000000e-2,5.921875000e-2,
8.803125000e+1,-5.193750000e-2,-8.007812500e-2,7.000000000e-2,
8.598437500e+1,-6.403125000e-2,-8.046875000e-2,6.039062500e-2,
9.014062500e+1,-5.215625000e-2,-6.992187500e-2,4.015625000e-2,
8.973437500e+1,-6.375000000e-2,-9.000000000e-2,3.992187500e-2,
8.393750000e+1,-6.012500000e-2,-9.000000000e-2,4.984375000e-2,
8.606250000e+1,-5.575000000e-2,-1.000781250e-1,7.000000000e-2,
8.385937500e+1,-6.406250000e-2,-1.000000000e-1,4.117187500e-2,
8.200000000e+1,-5.203125000e-2,-9.000000000e-2,2.953125000e-2,
9.000000000e+1,-6.387500000e-2,-9.984375000e-2,6.859375000e-2,
8.606250000e+1,-6.000000000e-2,-9.953125000e-2,8.039062500e-2,
8.196875000e+1,-6.406250000e-2,-9.054687500e-2,4.000000000e-2,
8.201562500e+1,-5.200000000e-2,-1.095312500e-1,7.984375000e-2,
8.195312500e+1,-6.006250000e-2,-6.953125000e-2,7.000000000e-2,
8.207812500e+1,-5.190625000e-2,-9.000000000e-2,2.976562500e-2,
8.601562500e+1,-5.200000000e-2,-1.000000000e-1,6.898437500e-2,
8.393750000e+1,-5.218750000e-2,-9.015625000e-2,6.015625000e-2,
8.203125000e+1,-6.412500000e-2,-1.100000000e-1,6.000000000e-2,
8.600000000e+1,-5.578125000e-2,-9.992187500e-2,5.945312500e-2,
8.203125000e+1,-5.200000000e-2,-9.007812500e-2,7.085937500e-2,
8.400000000e+1,-5.993750000e-2,-8.976562500e-2,2.945312500e-2,
8.789062500e+1,-5.606250000e-2,-6.992187500e-2,8.992187500e-2,
8.800000000e+1,-6.365625000e-2,-1.202343750e-1,4.929687500e-2,
8.001562500e+1,-7.200000000e-2,-1.103125000e-1,3.984375000e-2,
8.200000000e+1,-6.443750000e-2,-1.192968750e-1,4.992187500e-2,
8.206250000e+1,-5.656250000e-2,-1.117187500e-1,4.968750000e-2,
8.798437500e+1,-4.781250000e-2,-9.195312500e-2,6.046875000e-2,
8.403125000e+1,-5.912500000e-2,-8.718750000e-2,3.953125000e-2,
8.401562500e+1,-5.671875000e-2,-1.021875000e-1,6.937500000e-2,
8.400000000e+1,-5.987500000e-2,-7.179687500e-2,5.000000000e-2,
8.400000000e+1,-6.406250000e-2,-7.890625000e-2,6.890625000e-2,
8.400000000e+1,-4.843750000e-2,-7.953125000e-2,6.156250000e-2,
8.410937500e+1,-4.793750000e-2,-9.914062500e-2,3.015625000e-2,
7.804687500e+1,-5.581250000e-2,-1.009375000e-1,3.937500000e-2,
8.181250000e+1,-6.390625000e-2,-8.992187500e-2,4.992187500e-2,
8.795312500e+1,-6.396875000e-2,-9.960937500e-2,4.992187500e-2,
8.615625000e+1,-6.400000000e-2,-1.000781250e-1,5.968750000e-2,
8.592187500e+1,-6.400000000e-2,-1.002343750e-1,6.007812500e-2,
8.793750000e+1,-6.384375000e-2,-9.968750000e-2,5.007812500e-2,
8.628125000e+1,-5.200000000e-2,-1.199218750e-1,5.015625000e-2,
8.014062500e+1,-4.800000000e-2,-1.000000000e-1,3.992187500e-2,
7.996875000e+1,-4.803125000e-2,-9.023437500e-2,5.000000000e-2,
8.003125000e+1,-5.209375000e-2,-1.102343750e-1,3.984375000e-2,
7.995312500e+1,-6.406250000e-2,-9.960937500e-2,5.992187500e-2,
8.200000000e+1,-5.996875000e-2,-8.992187500e-2,2.992187500e-2,
7.998437500e+1,-6.409375000e-2,-8.992187500e-2,4.046875000e-2,
8.401562500e+1,-6.400000000e-2,-1.099218750e-1,5.992187500e-2,
8.200000000e+1,-5.965625000e-2,-1.100000000e-1,5.007812500e-2,
8.596875000e+1,-4.762500000e-2,-1.099218750e-1,5.960937500e-2,
8.806250000e+1,-4.796875000e-2,-7.984375000e-2,6.023437500e-2,
8.407812500e+1,-4.837500000e-2,-9.000000000e-2,4.007812500e-2,
8.220312500e+1,-6.018750000e-2,-5.992187500e-2,5.007812500e-2,
7.790625000e+1,-5.565625000e-2,-8.031250000e-2,5.000000000e-2,
8.206250000e+1,-5.618750000e-2,-8.023437500e-2,6.007812500e-2,
7.596875000e+1,-6.437500000e-2,-1.000000000e-1,3.062500000e-2,
8.584375000e+1,-6.734375000e-2,-8.039062500e-2,-1.562500000e-4,
8.415625000e+1,-4.381250000e-2,-6.945312500e-2,3.921875000e-2,
8.409375000e+1,-6.431250000e-2,-8.945312500e-2,7.906250000e-2,
7.984375000e+1,-6.443750000e-2,-7.359375000e-2,7.187500000e-2,
8.982812500e+1,-4.793750000e-2,-5.742187500e-2,3.156250000e-2,
8.442187500e+1,-6.765625000e-2,-8.921875000e-2,3.742187500e-2,
8.198437500e+1,-5.018750000e-2,-7.164062500e-2,5.937500000e-2,
8.395312500e+1,-5.131250000e-2,-8.945312500e-2,6.007812500e-2,
8.601562500e+1,-7.190625000e-2,-1.004687500e-1,6.984375000e-2,
8.001562500e+1,-6.018750000e-2,-8.000000000e-2,4.992187500e-2,
8.000000000e+1,-6.000000000e-2,-7.992187500e-2,6.046875000e-2,
7.798437500e+1,-6.015625000e-2,-6.000000000e-2,5.984375000e-2,
8.193750000e+1,-5.603125000e-2,-8.015625000e-2,3.000000000e-2,
8.198437500e+1,-5.609375000e-2,-8.000000000e-2,5.046875000e-2,
8.203125000e+1,-5.203125000e-2,-7.945312500e-2,4.992187500e-2,
7.404687500e+1,-5.584375000e-2,-5.023437500e-2,5.000000000e-2,
8.010937500e+1,-5.615625000e-2,-8.109375000e-2,5.000000000e-2,
8.193750000e+1,-5.140625000e-2,-6.953125000e-2,5.984375000e-2,
7.795312500e+1,-7.159375000e-2,-8.070312500e-2,3.984375000e-2,
8.007812500e+1,-6.421875000e-2,-7.976562500e-2,5.062500000e-2,
8.220312500e+1,-6.000000000e-2,-8.015625000e-2,4.968750000e-2,
8.387500000e+1,-6.815625000e-2,-6.789062500e-2,3.921875000e-2,
7.776562500e+1,-6.725000000e-2,-5.132812500e-2,3.054687500e-2,
7.801562500e+1,-5.603125000e-2,-7.976562500e-2,3.945312500e-2,
7.807812500e+1,-6.406250000e-2,-4.859375000e-2,3.062500000e-2,
7.996875000e+1,-5.568750000e-2,-6.125000000e-2,6.078125000e-2,
7.800000000e+1,-6.065625000e-2,-5.968750000e-2,4.890625000e-2,
8.228125000e+1,-5.925000000e-2,-5.953125000e-2,2.906250000e-2,
8.803125000e+1,-4.403125000e-2,-4.890625000e-2,2.015625000e-2,
8.365625000e+1,-6.000000000e-2,-5.132812500e-2,4.132812500e-2,
7.403125000e+1,-6.000000000e-2,-5.898437500e-2,5.984375000e-2,
8.417187500e+1,-6.400000000e-2,-4.062500000e-2,3.976562500e-2,
7.990625000e+1,-5.996875000e-2,-5.937500000e-2,5.000000000e-2,
7.403125000e+1,-6.409375000e-2,-3.023437500e-2,5.007812500e-2,
7.806250000e+1,-6.403125000e-2,-7.007812500e-2,5.000000000e-2,
7.593750000e+1,-6.000000000e-2,-4.000000000e-2,4.007812500e-2,
7.807812500e+1,-6.778125000e-2,-6.960937500e-2,3.960937500e-2,
7.800000000e+1,-6.821875000e-2,-4.242187500e-2,6.039062500e-2,
7.600000000e+1,-6.459375000e-2,-2.914062500e-2,2.085937500e-2,
7.996875000e+1,-5.987500000e-2,-3.195312500e-2,2.882812500e-2,
8.409375000e+1,-6.043750000e-2,-2.000000000e-2,4.007812500e-2,
8.596875000e+1,-5.562500000e-2,-2.984375000e-2,6.023437500e-2,
8.187500000e+1,-7.587500000e-2,-9.921875000e-3,4.945312500e-2,
7.793750000e+1,-5.996875000e-2,-3.007812500e-2,4.031250000e-2,
7.596875000e+1,-6.778125000e-2,-2.000000000e-2,4.992187500e-2,
8.204687500e+1,-8.015625000e-2,-2.976562500e-2,2.968750000e-2,
8.412500000e+1,-6.000000000e-2,-7.812500000e-5,3.007812500e-2,
8.181250000e+1,-6.815625000e-2,-3.093750000e-2,5.023437500e-2,
8.979687500e+1,-4.815625000e-2,-2.953125000e-2,5.992187500e-2,
8.828125000e+1,-5.606250000e-2,-1.968750000e-2,5.976562500e-2,
8.226562500e+1,-5.193750000e-2,-2.210937500e-2,4.992187500e-2,
7.617187500e+1,-6.003125000e-2,-4.992187500e-2,4.968750000e-2,
7.584375000e+1,-5.162500000e-2,-9.375000000e-3,3.984375000e-2,
8.392187500e+1,-5.240625000e-2,-2.007812500e-2,5.054687500e-2,
8.404687500e+1,-6.021875000e-2,-7.812500000e-5,4.945312500e-2,
8.204687500e+1,-6.009375000e-2,-2.007812500e-2,2.992187500e-2,
8.185937500e+1,-6.403125000e-2,2.343750000e-4,4.007812500e-2,
8.239062500e+1,-5.984375000e-2,2.343750000e-4,4.000000000e-2,
7.034375000e+1,-6.003125000e-2,9.765625000e-3,5.015625000e-2,
7.526562500e+1,-5.578125000e-2,-1.093750000e-2,6.015625000e-2,
7.815625000e+1,-5.221875000e-2,-9.765625000e-3,2.976562500e-2,
7.601562500e+1,-6.415625000e-2,-9.921875000e-3,5.101562500e-2,
7.770312500e+1,-5.565625000e-2,-1.078125000e-2,4.960937500e-2,
8.007812500e+1,-5.612500000e-2,-1.968750000e-2,3.914062500e-2,
7.790625000e+1,-5.943750000e-2,1.007812500e-2,1.984375000e-2,
8.189062500e+1,-4.818750000e-2,-9.609375000e-3,3.062500000e-2,
7.828125000e+1,-6.834375000e-2,-9.765625000e-3,4.062500000e-2,
7.589062500e+1,-5.965625000e-2,1.000000000e-2,5.992187500e-2,
7.982812500e+1,-5.996875000e-2,3.125000000e-4,4.000000000e-2,
8.007812500e+1,-6.000000000e-2,-1.171875000e-3,3.992187500e-2,
7.818750000e+1,-6.025000000e-2,2.062500000e-2,3.000000000e-2,
7.395312500e+1,-5.609375000e-2,-9.062500000e-3,4.992187500e-2,
7.582812500e+1,-5.928125000e-2,1.539062500e-2,5.015625000e-2,
7.203125000e+1,-5.993750000e-2,2.101562500e-2,3.945312500e-2,
7.620312500e+1,-5.606250000e-2,1.015625000e-2,3.992187500e-2,
7.401562500e+1,-6.000000000e-2,1.000000000e-2,6.000000000e-2,
8.079687500e+1,-5.606250000e-2,9.609375000e-3,3.000000000e-2,
8.359375000e+1,-6.815625000e-2,2.953125000e-2,5.937500000e-2,
7.585937500e+1,-7.200000000e-2,3.000000000e-2,6.015625000e-2,
8.028125000e+1,-6.809375000e-2,9.687500000e-3,6.023437500e-2,
7.770312500e+1,-7.196875000e-2,2.343750000e-4,4.007812500e-2,
7.203125000e+1,-5.556250000e-2,2.007812500e-2,4.000000000e-2,
7.818750000e+1,-5.225000000e-2,3.007812500e-2,2.000000000e-2,
8.021875000e+1,-6.025000000e-2,4.000000000e-2,2.976562500e-2,
7.942187500e+1,-5.993750000e-2,3.000000000e-2,4.031250000e-2,
7.014062500e+1,-5.975000000e-2,4.000000000e-2,3.914062500e-2,
8.050000000e+1,-5.593750000e-2,4.992187500e-2,9.992187500e-2,
7.781250000e+1,-6.053125000e-2,3.945312500e-2,5.101562500e-2,
8.010937500e+1,-6.387500000e-2,4.031250000e-2,3.890625000e-2,
7.782812500e+1,-5.993750000e-2,3.898437500e-2,6.976562500e-2,
7.578125000e+1,-6.434375000e-2,1.992187500e-2,6.015625000e-2,
7.654687500e+1,-6.803125000e-2,3.000000000e-2,6.031250000e-2,
8.195312500e+1,-6.343750000e-2,1.976562500e-2,4.976562500e-2,
7.801562500e+1,-5.596875000e-2,4.257812500e-2,6.984375000e-2,
8.212500000e+1,-6.012500000e-2,5.921875000e-2,3.937500000e-2,
7.992187500e+1,-6.025000000e-2,2.945312500e-2,4.046875000e-2,
7.960937500e+1,-6.378125000e-2,4.070312500e-2,4.000000000e-2,
7.367187500e+1,-5.550000000e-2,3.929687500e-2,4.000000000e-2,
7.403125000e+1,-5.634375000e-2,3.007812500e-2,4.007812500e-2,
7.412500000e+1,-6.046875000e-2,4.015625000e-2,3.000000000e-2,
7.589062500e+1,-6.378125000e-2,4.023437500e-2,3.960937500e-2,
7.412500000e+1,-5.565625000e-2,6.000000000e-2,4.031250000e-2,
8.025000000e+1,-5.618750000e-2,4.992187500e-2,3.148437500e-2,
7.990625000e+1,-6.003125000e-2,6.078125000e-2,1.867187500e-2,
7.779687500e+1,-5.184375000e-2,3.304687500e-2,4.898437500e-2,
7.387500000e+1,-6.681250000e-2,4.250000000e-2,4.007812500e-2,
7.790625000e+1,-6.809375000e-2,6.976562500e-2,4.984375000e-2,
7.596875000e+1,-6.409375000e-2,6.031250000e-2,3.000000000e-2,
7.648437500e+1,-6.006250000e-2,6.000000000e-2,5.023437500e-2,
6.785937500e+1,-6.003125000e-2,4.992187500e-2,6.000000000e-2,
7.918750000e+1,-5.987500000e-2,5.000000000e-2,5.046875000e-2,
7.831250000e+1,-6.400000000e-2,5.000000000e-2,3.000000000e-2,
7.973437500e+1,-6.018750000e-2,4.968750000e-2,5.062500000e-2,
7.839062500e+1,-5.987500000e-2,4.093750000e-2,4.937500000e-2,
7.210937500e+1,-6.006250000e-2,1.002343750e-1,1.984375000e-2,
7.582812500e+1,-5.603125000e-2,4.859375000e-2,4.070312500e-2,
8.006250000e+1,-5.568750000e-2,6.015625000e-2,3.890625000e-2,
7.603125000e+1,-6.396875000e-2,6.031250000e-2,3.125000000e-2,
7.600000000e+1,-5.187500000e-2,8.085937500e-2,8.039062500e-2,
7.404687500e+1,-5.606250000e-2,7.937500000e-2,4.937500000e-2,
7.581250000e+1,-5.600000000e-2,6.992187500e-2,7.070312500e-2,
7.804687500e+1,-6.009375000e-2,6.914062500e-2,5.929687500e-2,
7.410937500e+1,-6.400000000e-2,5.992187500e-2,4.757812500e-2,
7.392187500e+1,-5.596875000e-2,7.093750000e-2,2.046875000e-2,
7.592187500e+1,-5.600000000e-2,6.890625000e-2,5.039062500e-2,
7.982812500e+1,-5.631250000e-2,7.210937500e-2,2.890625000e-2,
8.198437500e+1,-6.406250000e-2,8.929687500e-2,4.085937500e-2,
7.618750000e+1,-5.996875000e-2,5.882812500e-2,3.968750000e-2,
7.400000000e+1,-6.406250000e-2,7.164062500e-2,4.039062500e-2,
7.217187500e+1,-5.975000000e-2,8.968750000e-2,3.953125000e-2,
6.973437500e+1,-6.003125000e-2,6.882812500e-2,4.109375000e-2,
7.775000000e+1,-6.009375000e-2,7.109375000e-2,6.976562500e-2,
7.425000000e+1,-6.003125000e-2,9.015625000e-2,2.000000000e-2,
7.390625000e+1,-5.200000000e-2,7.960937500e-2,5.953125000e-2,
7.412500000e+1,-6.793750000e-2,8.000000000e-2,6.023437500e-2,
7.359375000e+1,-5.618750000e-2,7.015625000e-2,4.000000000e-2,
8.021875000e+1,-7.065625000e-2,7.125000000e-2,3.000000000e-2,
7.375000000e+1,-7.312500000e-2,5.687500000e-2,6.000000000e-2,
8.418750000e+1,-6.418750000e-2,9.414062500e-2,2.234375000e-2,
7.735937500e+1,-6.450000000e-2,9.156250000e-2,1.945312500e-2,
7.001562500e+1,-5.259375000e-2,7.000000000e-2,5.937500000e-2,
7.420312500e+1,-5.521875000e-2,8.023437500e-2,5.085937500e-2,
7.389062500e+1,-6.034375000e-2,1.000000000e-1,3.984375000e-2,
7.425000000e+1,-5.525000000e-2,8.000000000e-2,4.007812500e-2,
8.207812500e+1,-6.828125000e-2,1.000781250e-1,4.890625000e-2,
7.545312500e+1,-4.403125000e-2,9.984375000e-2,8.007812500e-2,
7.006250000e+1,-6.346875000e-2,1.100781250e-1,5.007812500e-2,
7.401562500e+1,-5.228125000e-2,9.000000000e-2,7.000000000e-2,
7.414062500e+1,-5.596875000e-2,9.007812500e-2,5.007812500e-2,
8.201562500e+1,-5.584375000e-2,6.976562500e-2,4.992187500e-2,
7.171875000e+1,-6.012500000e-2,7.007812500e-2,4.976562500e-2,
6.800000000e+1,-4.403125000e-2,9.992187500e-2,6.000000000e-2,
7.400000000e+1,-5.968750000e-2,7.007812500e-2,5.031250000e-2,
7.200000000e+1,-6.006250000e-2,9.000000000e-2,4.984375000e-2,
7.603125000e+1,-6.003125000e-2,7.007812500e-2,5.984375000e-2,
7.393750000e+1,-5.600000000e-2,1.003125000e-1,5.015625000e-2,
7.215625000e+1,-5.603125000e-2,6.890625000e-2,2.000000000e-2,
8.004687500e+1,-5.596875000e-2,5.000000000e-2,1.945312500e-2,
7.392187500e+1,-5.612500000e-2,8.000000000e-2,4.921875000e-2,
7.200000000e+1,-6.428125000e-2,7.953125000e-2,6.000000000e-2,
7.406250000e+1,-6.781250000e-2,6.000000000e-2,7.000000000e-2,
8.000000000e+1,-6.009375000e-2,8.007812500e-2,7.117187500e-2,
7.210937500e+1,-7.200000000e-2,7.992187500e-2,2.000000000e-2,
7.200000000e+1,-6.050000000e-2,1.000000000e-1,5.929687500e-2,
7.589062500e+1,-5.190625000e-2,7.015625000e-2,4.007812500e-2,
7.800000000e+1,-5.971875000e-2,5.992187500e-2,4.007812500e-2,
7.601562500e+1,-6.031250000e-2,5.921875000e-2,4.000000000e-2,
7.400000000e+1,-4.750000000e-2,1.001562500e-1,4.007812500e-2,
7.593750000e+1,-7.512500000e-2,5.312500000e-2,3.945312500e-2,
7.398437500e+1,-6.193750000e-2,5.687500000e-2,6.898437500e-2,
7.996875000e+1,-5.006250000e-2,6.890625000e-2,7.078125000e-2,
7.189062500e+1,-7.115625000e-2,7.890625000e-2,5.101562500e-2,
6.600000000e+1,-6.018750000e-2,7.257812500e-2,5.000000000e-2,
7.190625000e+1,-5.596875000e-2,5.726562500e-2,4.976562500e-2,
7.200000000e+1,-5.596875000e-2,1.003906250e-1,5.078125000e-2,
6.814062500e+1,-5.603125000e-2,5.140625000e-2,3.960937500e-2,
6.396875000e+1,-5.209375000e-2,7.765625000e-2,7.992187500e-2,
6.985937500e+1,-5.184375000e-2,7.960937500e-2,4.054687500e-2,
7.198437500e+1,-6.409375000e-2,9.085937500e-2,4.953125000e-2,
7.376562500e+1,-6.403125000e-2,4.992187500e-2,6.070312500e-2,
7.795312500e+1,-5.600000000e-2,8.890625000e-2,3.000000000e-2,
7.437500000e+1,-6.384375000e-2,7.078125000e-2,5.968750000e-2,
7.182812500e+1,-4.800000000e-2,6.000000000e-2,4.960937500e-2,
7.598437500e+1,-5.603125000e-2,6.000000000e-2,8.007812500e-2,
7.210937500e+1,-4.800000000e-2,5.960937500e-2,4.015625000e-2,
7.192187500e+1,-6.012500000e-2,2.984375000e-2,6.929687500e-2,
7.204687500e+1,-6.387500000e-2,6.093750000e-2,7.968750000e-2,
6.998437500e+1,-5.603125000e-2,6.968750000e-2,2.984375000e-2,
7.595312500e+1,-6.400000000e-2,5.015625000e-2,4.039062500e-2,
7.595312500e+1,-5.612500000e-2,4.000000000e-2,4.992187500e-2,
7.195312500e+1,-6.381250000e-2,4.007812500e-2,4.976562500e-2,
6.601562500e+1,-4.762500000e-2,6.007812500e-2,6.945312500e-2,
6.778125000e+1,-5.621875000e-2,5.906250000e-2,7.039062500e-2,
7.593750000e+1,-5.206250000e-2,3.007812500e-2,3.992187500e-2,
7.223437500e+1,-6.006250000e-2,7.031250000e-2,6.000000000e-2,
7.175000000e+1,-5.606250000e-2,4.937500000e-2,4.007812500e-2,
7.609375000e+1,-6.428125000e-2,2.984375000e-2,5.992187500e-2,
7.003125000e+1,-6.390625000e-2,3.000000000e-2,5.976562500e-2,
7.403125000e+1,-6.421875000e-2,2.984375000e-2,8.046875000e-2,
6.629687500e+1,-6.778125000e-2,4.007812500e-2,4.015625000e-2,
6.793750000e+1,-5.587500000e-2,2.992187500e-2,5.945312500e-2,
6.790625000e+1,-5.593750000e-2,4.015625000e-2,4.132812500e-2,
7.381250000e+1,-6.381250000e-2,2.921875000e-2,3.898437500e-2,
7.239062500e+1,-6.912500000e-2,4.976562500e-2,4.937500000e-2,
6.795312500e+1,-4.834375000e-2,3.171875000e-2,5.765625000e-2,
7.595312500e+1,-6.350000000e-2,3.984375000e-2,6.992187500e-2,
7.003125000e+1,-6.453125000e-2,3.023437500e-2,3.875000000e-2,
6.598437500e+1,-5.218750000e-2,3.000000000e-2,1.992187500e-2,
7.398437500e+1,-5.193750000e-2,2.000000000e-2,3.062500000e-2,
7.004687500e+1,-7.178125000e-2,3.992187500e-2,6.000000000e-2,
7.000000000e+1,-6.421875000e-2,1.976562500e-2,4.000000000e-2,
6.801562500e+1,-5.996875000e-2,1.007812500e-2,4.031250000e-2,
6.600000000e+1,-5.640625000e-2,1.054687500e-2,5.015625000e-2,
6.798437500e+1,-5.175000000e-2,3.984375000e-2,4.992187500e-2,
7.007812500e+1,-6.793750000e-2,2.023437500e-2,4.000000000e-2,
7.596875000e+1,-6.000000000e-2,5.093750000e-2,5.007812500e-2,
6.773437500e+1,-6.815625000e-2,2.773437500e-2,5.007812500e-2,
6.823437500e+1,-5.209375000e-2,9.140625000e-3,6.054687500e-2,
7.185937500e+1,-6.000000000e-2,1.132812500e-2,5.929687500e-2,
6.582812500e+1,-6.003125000e-2,3.007812500e-2,3.921875000e-2,
6.845312500e+1,-6.440625000e-2,7.734375000e-3,4.101562500e-2,
7.176562500e+1,-6.375000000e-2,1.796875000e-3,4.976562500e-2,
6.598437500e+1,-5.612500000e-2,3.046875000e-2,3.953125000e-2,
7.223437500e+1,-6.871875000e-2,7.812500000e-3,5.109375000e-2,
7.196875000e+1,-6.703125000e-2,-7.812500000e-5,5.898437500e-2,
7.190625000e+1,-5.168750000e-2,4.687500000e-4,2.929687500e-2,
6.796875000e+1,-5.625000000e-2,-1.406250000e-3,4.062500000e-2,
7.006250000e+1,-6.000000000e-2,-8.828125000e-3,3.929687500e-2,
7.204687500e+1,-6.006250000e-2,9.765625000e-3,3.039062500e-2,
7.606250000e+1,-6.403125000e-2,-1.070312500e-2,5.015625000e-2,
7.393750000e+1,-5.993750000e-2,3.125000000e-4,4.000000000e-2,
6.790625000e+1,-5.587500000e-2,-1.054687500e-2,5.937500000e-2,
7.010937500e+1,-5.196875000e-2,-2.000000000e-2,6.000000000e-2,
6.765625000e+1,-6.393750000e-2,7.812500000e-5,4.992187500e-2,
6.417187500e+1,-6.025000000e-2,7.812500000e-5,6.000000000e-2,
7.596875000e+1,-5.621875000e-2,7.031250000e-4,4.078125000e-2,
7.187500000e+1,-5.521875000e-2,-1.921875000e-2,2.921875000e-2,
7.000000000e+1,-6.393750000e-2,-1.804687500e-2,5.921875000e-2,
7.001562500e+1,-5.996875000e-2,-3.000000000e-2,5.000000000e-2,
7.204687500e+1,-6.406250000e-2,-1.031250000e-2,6.062500000e-2,
7.187500000e+1,-5.225000000e-2,-5.085937500e-2,6.953125000e-2,
6.801562500e+1,-6.009375000e-2,-1.953125000e-2,3.921875000e-2,
7.198437500e+1,-7.190625000e-2,-9.687500000e-3,4.007812500e-2,
6.798437500e+1,-7.628125000e-2,-5.000000000e-2,3.992187500e-2,
6.998437500e+1,-5.596875000e-2,-2.007812500e-2,4.015625000e-2,
6.796875000e+1,-6.378125000e-2,-5.062500000e-2,6.000000000e-2,
7.187500000e+1,-6.015625000e-2,-2.867187500e-2,4.007812500e-2,
7.023437500e+1,-5.603125000e-2,-2.054687500e-2,3.046875000e-2,
6.607812500e+1,-6.365625000e-2,-4.093750000e-2,4.984375000e-2,
6.782812500e+1,-6.384375000e-2,-3.992187500e-2,2.976562500e-2,
7.382812500e+1,-5.178125000e-2,-4.015625000e-2,3.968750000e-2,
7.798437500e+1,-6.081250000e-2,-4.000000000e-2,2.046875000e-2,
7.414062500e+1,-7.196875000e-2,-2.992187500e-2,4.992187500e-2,
6.801562500e+1,-6.362500000e-2,-3.000000000e-2,1.992187500e-2,
7.190625000e+1,-5.978125000e-2,-4.046875000e-2,6.031250000e-2,
6.834375000e+1,-5.584375000e-2,-5.984375000e-2,5.960937500e-2,
6.226562500e+1,-5.612500000e-2,-3.984375000e-2,4.007812500e-2,
6.164062500e+1,-6.003125000e-2,-6.242187500e-2,6.000000000e-2,
6.603125000e+1,-6.015625000e-2,-7.914062500e-2,3.960937500e-2,
6.379687500e+1,-6.821875000e-2,-4.914062500e-2,5.054687500e-2,
7.154687500e+1,-6.800000000e-2,-5.078125000e-2,3.890625000e-2,
7.200000000e+1,-6.796875000e-2,-6.000000000e-2,1.960937500e-2,
7.396875000e+1,-5.956250000e-2,-5.000000000e-2,3.117187500e-2,
7.029687500e+1,-5.603125000e-2,-5.984375000e-2,4.945312500e-2,
6.795312500e+1,-6.015625000e-2,-5.976562500e-2,2.992187500e-2,
6.814062500e+1,-6.409375000e-2,-5.000000000e-2,3.976562500e-2,
6.570312500e+1,-6.406250000e-2,-9.039062500e-2,2.000000000e-2,
7.562500000e+1,-5.981250000e-2,-3.093750000e-2,4.007812500e-2,
7.417187500e+1,-6.765625000e-2,-7.734375000e-2,4.000000000e-2,
7.206250000e+1,-6.465625000e-2,-6.421875000e-2,5.000000000e-2,
6.956250000e+1,-6.353125000e-2,-5.015625000e-2,3.015625000e-2,
6.835937500e+1,-6.393750000e-2,-4.937500000e-2,4.093750000e-2,
7.196875000e+1,-6.012500000e-2,-6.007812500e-2,5.000000000e-2,
6.770312500e+1,-6.790625000e-2,-5.921875000e-2,3.000000000e-2,
6.793750000e+1,-5.596875000e-2,-9.023437500e-2,2.992187500e-2,
6.598437500e+1,-6.400000000e-2,-5.070312500e-2,1.976562500e-2,
7.034375000e+1,-5.600000000e-2,-7.000000000e-2,4.953125000e-2,
7.385937500e+1,-7.218750000e-2,-8.976562500e-2,5.968750000e-2,
6.562500000e+1,-6.396875000e-2,-5.984375000e-2,7.015625000e-2,
6.006250000e+1,-6.400000000e-2,-8.007812500e-2,3.023437500e-2,
6.629687500e+1,-5.996875000e-2,-8.000000000e-2,1.000000000e-2,
7.229687500e+1,-6.434375000e-2,-7.000000000e-2,5.953125000e-2,
7.168750000e+1,-6.325000000e-2,-8.000000000e-2,5.070312500e-2,
6.585937500e+1,-5.634375000e-2,-7.000000000e-2,3.992187500e-2,
6.821875000e+1,-6.862500000e-2,-6.984375000e-2,4.992187500e-2,
7.028125000e+1,-6.321875000e-2,-3.968750000e-2,4.023437500e-2,
7.176562500e+1,-5.593750000e-2,-6.062500000e-2,3.929687500e-2,
6.581250000e+1,-6.521875000e-2,-6.054687500e-2,6.000000000e-2,
6.585937500e+1,-8.006250000e-2,-8.039062500e-2,4.984375000e-2,
6.428125000e+1,-7.159375000e-2,-6.929687500e-2,6.992187500e-2,
7.020312500e+1,-6.328125000e-2,-7.093750000e-2,5.015625000e-2,
6.535937500e+1,-5.200000000e-2,-8.000000000e-2,5.000000000e-2,
6.218750000e+1,-6.484375000e-2,-8.062500000e-2,3.968750000e-2,
6.625000000e+1,-7.231250000e-2,-1.002343750e-1,2.945312500e-2,
6.593750000e+1,-7.137500000e-2,-1.007031250e-1,3.015625000e-2,
6.839062500e+1,-5.934375000e-2,-1.197656250e-1,5.023437500e-2,
6.720312500e+1,-6.056250000e-2,-7.820312500e-2,5.007812500e-2,
6.007812500e+1,-6.884375000e-2,-6.046875000e-2,4.976562500e-2,
6.851562500e+1,-7.590625000e-2,-1.007031250e-1,5.984375000e-2,
6.550000000e+1,-6.765625000e-2,-1.103125000e-1,5.109375000e-2,
6.018750000e+1,-6.812500000e-2,-6.210937500e-2,4.039062500e-2,
6.821875000e+1,-6.803125000e-2,-5.757812500e-2,3.953125000e-2,
6.592187500e+1,-5.996875000e-2,-8.023437500e-2,4.101562500e-2,
6.795312500e+1,-6.428125000e-2,-6.906250000e-2,2.906250000e-2,
6.445312500e+1,-5.603125000e-2,-8.023437500e-2,5.031250000e-2,
6.359375000e+1,-6.368750000e-2,-6.914062500e-2,4.000000000e-2,
7.179687500e+1,-6.437500000e-2,-1.101562500e-1,2.000000000e-2,
6.837500000e+1,-4.815625000e-2,-5.992187500e-2,4.007812500e-2,
6.629687500e+1,-5.143750000e-2,-9.093750000e-2,5.046875000e-2,
6.354687500e+1,-6.003125000e-2,-8.984375000e-2,3.000000000e-2,
7.178125000e+1,-5.603125000e-2,-8.007812500e-2,6.039062500e-2,
6.470312500e+1,-5.990625000e-2,-9.007812500e-2,3.929687500e-2,
5.984375000e+1,-5.984375000e-2,-7.937500000e-2,4.054687500e-2,
6.585937500e+1,-6.803125000e-2,-8.101562500e-2,6.984375000e-2,
6.617187500e+1,-5.650000000e-2,-1.100781250e-1,2.804687500e-2,
6.003125000e+1,-5.206250000e-2,-8.890625000e-2,2.085937500e-2,
6.375000000e+1,-6.425000000e-2,-9.054687500e-2,4.992187500e-2,
6.800000000e+1,-7.203125000e-2,-1.006250000e-1,2.960937500e-2,
6.606250000e+1,-6.784375000e-2,-9.804687500e-2,4.000000000e-2,
6.782812500e+1,-5.596875000e-2,-6.929687500e-2,1.890625000e-2,
7.190625000e+1,-6.000000000e-2,-9.203125000e-2,2.148437500e-2,
7.021875000e+1,-5.596875000e-2,-8.718750000e-2,5.125000000e-2,
6.407812500e+1,-5.193750000e-2,-5.929687500e-2,5.812500000e-2,
6.592187500e+1,-5.234375000e-2,-8.335937500e-2,2.984375000e-2,
6.398437500e+1,-6.478125000e-2,-9.960937500e-2,5.070312500e-2,
6.185937500e+1,-7.206250000e-2,-7.867187500e-2,2.710937500e-2,
6.790625000e+1,-6.312500000e-2,-8.187500000e-2,1.117187500e-2,
6.795312500e+1,-5.228125000e-2,-1.091406250e-1,4.062500000e-2,
7.195312500e+1,-6.418750000e-2,-8.015625000e-2,4.007812500e-2,
6.995312500e+1,-5.996875000e-2,-1.103125000e-1,6.015625000e-2,
7.214062500e+1,-6.400000000e-2,-7.875000000e-2,7.000000000e-2,
6.425000000e+1,-6.000000000e-2,-7.992187500e-2,6.000000000e-2,
6.206250000e+1,-6.765625000e-2,-7.000000000e-2,6.000000000e-2,
6.001562500e+1,-6.890625000e-2,-8.929687500e-2,4.000000000e-2,
6.520312500e+1,-4.812500000e-2,-8.117187500e-2,1.000000000e-2,
7.076562500e+1,-6.603125000e-2,-7.914062500e-2,5.984375000e-2,
5.787500000e+1,-6.931250000e-2,-8.062500000e-2,4.093750000e-2,
6.434375000e+1,-6.059375000e-2,-7.976562500e-2,5.960937500e-2,
6.395312500e+1,-5.593750000e-2,-9.000000000e-2,6.109375000e-2,
6.606250000e+1,-5.978125000e-2,-8.992187500e-2,2.984375000e-2,
6.385937500e+1,-6.006250000e-2,-6.992187500e-2,5.953125000e-2,
6.217187500e+1,-6.003125000e-2,-7.000000000e-2,5.078125000e-2,
6.803125000e+1,-5.990625000e-2,-8.000000000e-2,4.984375000e-2,
6.384375000e+1,-6.400000000e-2,-7.960937500e-2,5.000000000e-2,
6.609375000e+1,-6.390625000e-2,-9.023437500e-2,5.000000000e-2,
6.814062500e+1,-6.796875000e-2,-6.000000000e-2,4.992187500e-2,
6.996875000e+1,-6.406250000e-2,-8.000000000e-2,6.000000000e-2,
6.592187500e+1,-6.003125000e-2,-6.007812500e-2,3.968750000e-2,
6.604687500e+1,-6.003125000e-2,-9.007812500e-2,6.976562500e-2,
6.800000000e+1,-5.584375000e-2,-6.984375000e-2,4.039062500e-2,
6.800000000e+1,-6.415625000e-2,-7.976562500e-2,4.898437500e-2,
6.800000000e+1,-4.806250000e-2,-8.976562500e-2,7.000000000e-2,
6.595312500e+1,-5.996875000e-2,-8.015625000e-2,5.031250000e-2,
6.396875000e+1,-6.006250000e-2,-8.953125000e-2,4.992187500e-2,
6.203125000e+1,-7.606250000e-2,-5.976562500e-2,7.000000000e-2,
6.607812500e+1,-6.784375000e-2,-7.000000000e-2,7.007812500e-2,
6.598437500e+1,-5.984375000e-2,-5.000000000e-2,6.070312500e-2,
6.395312500e+1,-5.606250000e-2,-7.007812500e-2,4.976562500e-2,
6.201562500e+1,-6.418750000e-2,-5.007812500e-2,8.000000000e-2,
6.596875000e+1,-6.803125000e-2,-6.000000000e-2,6.109375000e-2,
6.606250000e+1,-6.800000000e-2,-5.000000000e-2,3.960937500e-2,
6.000000000e+1,-6.790625000e-2,-7.015625000e-2,6.968750000e-2,
5.784375000e+1,-7.200000000e-2,-7.007812500e-2,5.007812500e-2,
6.600000000e+1,-6.809375000e-2,-6.007812500e-2,3.992187500e-2,
6.800000000e+1,-6.796875000e-2,-6.054687500e-2,3.984375000e-2,
6.600000000e+1,-6.790625000e-2,-3.914062500e-2,5.992187500e-2,
5.978125000e+1,-6.846875000e-2,-7.851562500e-2,5.039062500e-2,
5.398437500e+1,-5.640625000e-2,-6.187500000e-2,4.015625000e-2,
6.395312500e+1,-5.956250000e-2,-6.945312500e-2,3.976562500e-2,
6.398437500e+1,-5.946875000e-2,-4.625000000e-2,4.890625000e-2,
7.000000000e+1,-6.400000000e-2,-2.796875000e-2,5.992187500e-2,
6.801562500e+1,-5.606250000e-2,-6.718750000e-2,6.070312500e-2,
7.000000000e+1,-5.568750000e-2,-7.148437500e-2,4.945312500e-2,
6.814062500e+1,-6.396875000e-2,-5.992187500e-2,7.960937500e-2,
6.212500000e+1,-5.628125000e-2,-6.140625000e-2,9.015625000e-2,
5.798437500e+1,-4.793750000e-2,-3.101562500e-2,8.046875000e-2,
6.187500000e+1,-6.015625000e-2,-4.843750000e-2,5.023437500e-2,
6.575000000e+1,-6.800000000e-2,-6.296875000e-2,4.031250000e-2,
6.818750000e+1,-6.003125000e-2,-2.898437500e-2,3.976562500e-2,
6.179687500e+1,-6.003125000e-2,-9.929687500e-2,6.984375000e-2,
6.996875000e+1,-6.000000000e-2,-6.109375000e-2,5.039062500e-2,
6.032812500e+1,-6.400000000e-2,-4.000000000e-2,4.984375000e-2,
6.187500000e+1,-6.000000000e-2,-2.039062500e-2,4.007812500e-2,
6.396875000e+1,-6.409375000e-2,-7.078125000e-2,3.984375000e-2,
6.410937500e+1,-6.384375000e-2,-4.914062500e-2,6.007812500e-2,
5.800000000e+1,-5.196875000e-2,-4.015625000e-2,7.000000000e-2,
6.198437500e+1,-5.606250000e-2,-4.984375000e-2,6.953125000e-2,
5.596875000e+1,-5.628125000e-2,-6.007812500e-2,4.000000000e-2,
5.800000000e+1,-6.393750000e-2,-4.000000000e-2,5.953125000e-2,
5.796875000e+1,-5.131250000e-2,-6.000000000e-2,6.039062500e-2,
6.385937500e+1,-5.243750000e-2,-3.968750000e-2,4.023437500e-2,
6.592187500e+1,-6.031250000e-2,-5.015625000e-2,3.000000000e-2,
6.807812500e+1,-5.968750000e-2,-3.984375000e-2,4.031250000e-2,
6.226562500e+1,-5.218750000e-2,-2.992187500e-2,6.000000000e-2,
6.000000000e+1,-5.996875000e-2,-3.000000000e-2,5.000000000e-2,
6.385937500e+1,-5.631250000e-2,-3.000000000e-2,5.000000000e-2,
6.817187500e+1,-7.193750000e-2,-2.039062500e-2,4.015625000e-2,
5.614062500e+1,-5.575000000e-2,3.125000000e-4,3.992187500e-2,
6.381250000e+1,-6.809375000e-2,-2.859375000e-2,4.875000000e-2,
6.387500000e+1,-6.021875000e-2,-2.164062500e-2,7.085937500e-2,
7.190625000e+1,-5.990625000e-2,-1.953125000e-2,3.171875000e-2,
6.462500000e+1,-6.415625000e-2,-1.968750000e-2,4.687500000e-2,
5.796875000e+1,-5.996875000e-2,-2.164062500e-2,6.140625000e-2,
6.195312500e+1,-6.396875000e-2,-1.015625000e-2,4.992187500e-2,
6.200000000e+1,-6.028125000e-2,-1.023437500e-2,6.000000000e-2,
6.198437500e+1,-5.218750000e-2,0.000000000e+0,5.007812500e-2,
6.396875000e+1,-4.396875000e-2,-1.000000000e-2,5.984375000e-2,
6.800000000e+1,-5.975000000e-2,1.007812500e-2,2.984375000e-2,
6.409375000e+1,-5.603125000e-2,-3.023437500e-2,3.000000000e-2,
6.195312500e+1,-5.993750000e-2,-2.031250000e-2,6.078125000e-2,
6.600000000e+1,-5.246875000e-2,-2.031250000e-2,5.921875000e-2,
6.007812500e+1,-4.793750000e-2,-2.984375000e-2,3.007812500e-2,
6.409375000e+1,-5.584375000e-2,-7.968750000e-3,8.000000000e-2,
6.593750000e+1,-6.000000000e-2,9.531250000e-3,5.945312500e-2,
5.976562500e+1,-5.631250000e-2,-1.125000000e-2,4.007812500e-2,
5.815625000e+1,-4.806250000e-2,-2.070312500e-2,4.976562500e-2,
6.420312500e+1,-5.600000000e-2,-3.031250000e-2,2.914062500e-2,
6.401562500e+1,-7.609375000e-2,-1.835937500e-2,3.062500000e-2,
6.604687500e+1,-6.778125000e-2,3.125000000e-4,4.023437500e-2,
6.150000000e+1,-7.193750000e-2,7.812500000e-4,4.000000000e-2,
5.829687500e+1,-5.934375000e-2,2.148437500e-2,3.960937500e-2,
6.829687500e+1,-5.628125000e-2,1.828125000e-2,4.085937500e-2,
6.340625000e+1,-5.965625000e-2,1.171875000e-2,5.968750000e-2,
5.612500000e+1,-5.653125000e-2,2.976562500e-2,3.976562500e-2,
6.403125000e+1,-6.775000000e-2,8.515625000e-3,4.992187500e-2,
5.787500000e+1,-4.800000000e-2,9.843750000e-3,2.945312500e-2,
6.000000000e+1,-7.225000000e-2,-4.687500000e-4,4.054687500e-2,
5.806250000e+1,-5.981250000e-2,-7.812500000e-5,5.000000000e-2,
6.195312500e+1,-5.215625000e-2,-1.078125000e-2,3.992187500e-2,
5.398437500e+1,-6.015625000e-2,-1.992187500e-2,2.945312500e-2,
6.217187500e+1,-6.396875000e-2,7.812500000e-5,6.000000000e-2,
6.003125000e+1,-6.803125000e-2,1.007812500e-2,5.015625000e-2,
6.398437500e+1,-6.403125000e-2,2.968750000e-2,5.960937500e-2,
5.998437500e+1,-6.796875000e-2,2.085937500e-2,7.062500000e-2,
6.803125000e+1,-6.115625000e-2,2.578125000e-2,3.093750000e-2,
6.201562500e+1,-5.578125000e-2,5.414062500e-2,2.960937500e-2,
6.406250000e+1,-5.971875000e-2,1.000000000e-2,3.000000000e-2,
6.189062500e+1,-6.387500000e-2,3.039062500e-2,2.984375000e-2,
5.789062500e+1,-6.803125000e-2,1.953125000e-2,3.031250000e-2,
5.807812500e+1,-5.993750000e-2,1.992187500e-2,5.046875000e-2,
6.396875000e+1,-5.196875000e-2,9.921875000e-3,3.953125000e-2,
5.992187500e+1,-5.996875000e-2,3.023437500e-2,2.023437500e-2,
5.403125000e+1,-5.603125000e-2,3.023437500e-2,4.992187500e-2,
5.589062500e+1,-6.781250000e-2,9.765625000e-3,2.000000000e-2,
5.600000000e+1,-6.409375000e-2,2.085937500e-2,5.992187500e-2,
5.789062500e+1,-6.400000000e-2,2.976562500e-2,4.000000000e-2,
5.987500000e+1,-6.000000000e-2,2.039062500e-2,7.046875000e-2,
6.200000000e+1,-6.403125000e-2,4.023437500e-2,5.960937500e-2,
6.001562500e+1,-5.953125000e-2,5.046875000e-2,5.960937500e-2,
6.001562500e+1,-5.665625000e-2,5.984375000e-2,4.007812500e-2,
5.800000000e+1,-7.668750000e-2,5.015625000e-2,6.015625000e-2,
5.996875000e+1,-6.734375000e-2,6.992187500e-2,3.968750000e-2,
5.814062500e+1,-6.490625000e-2,3.953125000e-2,4.015625000e-2,
5.593750000e+1,-7.143750000e-2,4.054687500e-2,6.000000000e-2,
5.976562500e+1,-5.171875000e-2,3.953125000e-2,5.015625000e-2,
6.181250000e+1,-6.034375000e-2,2.007812500e-2,7.015625000e-2,
6.229687500e+1,-6.387500000e-2,4.078125000e-2,8.828125000e-3,
5.607812500e+1,-6.006250000e-2,2.929687500e-2,2.187500000e-2,
5.817187500e+1,-6.834375000e-2,1.953125000e-2,5.085937500e-2,
5.212500000e+1,-6.784375000e-2,2.031250000e-2,5.984375000e-2,
5.914062500e+1,-5.168750000e-2,4.000000000e-2,4.929687500e-2,
6.603125000e+1,-5.606250000e-2,3.023437500e-2,4.031250000e-2,
6.214062500e+1,-5.193750000e-2,4.054687500e-2,4.992187500e-2,
6.206250000e+1,-5.618750000e-2,8.000000000e-2,3.976562500e-2,
5.806250000e+1,-5.996875000e-2,4.054687500e-2,4.000000000e-2,
5.996875000e+1,-6.409375000e-2,4.945312500e-2,3.000000000e-2,
5.984375000e+1,-5.987500000e-2,4.054687500e-2,4.000000000e-2,
6.582812500e+1,-6.443750000e-2,4.828125000e-2,5.984375000e-2,
6.070312500e+1,-5.615625000e-2,4.476562500e-2,6.984375000e-2,
5.420312500e+1,-6.000000000e-2,1.945312500e-2,5.867187500e-2,
6.031250000e+1,-5.193750000e-2,4.906250000e-2,3.000000000e-2,
5.814062500e+1,-5.596875000e-2,3.054687500e-2,5.000000000e-2,
6.182812500e+1,-5.212500000e-2,2.984375000e-2,4.000000000e-2,
5.590625000e+1,-6.396875000e-2,2.968750000e-2,4.914062500e-2,
6.009375000e+1,-5.200000000e-2,5.000000000e-2,7.046875000e-2,
5.795312500e+1,-6.446875000e-2,3.968750000e-2,3.992187500e-2,
5.784375000e+1,-7.200000000e-2,3.015625000e-2,6.992187500e-2,
5.412500000e+1,-5.981250000e-2,4.000000000e-2,4.015625000e-2,
6.442187500e+1,-5.996875000e-2,3.000000000e-2,5.000000000e-2,
6.528125000e+1,-5.606250000e-2,4.000000000e-2,6.039062500e-2,
5.364062500e+1,-5.996875000e-2,2.992187500e-2,2.039062500e-2,
5.640625000e+1,-5.103125000e-2,5.000000000e-2,4.906250000e-2,
5.782812500e+1,-5.318750000e-2,5.992187500e-2,7.015625000e-2,
5.610937500e+1,-7.268750000e-2,4.937500000e-2,3.054687500e-2,
5.793750000e+1,-6.753125000e-2,5.046875000e-2,2.976562500e-2,
5.381250000e+1,-5.928125000e-2,5.976562500e-2,2.968750000e-2,
5.409375000e+1,-5.234375000e-2,3.859375000e-2,4.984375000e-2,
5.645312500e+1,-6.431250000e-2,1.906250000e-2,4.031250000e-2,
5.982812500e+1,-6.418750000e-2,3.304687500e-2,3.992187500e-2,
5.354687500e+1,-6.759375000e-2,6.960937500e-2,4.007812500e-2,
5.446875000e+1,-6.037500000e-2,2.859375000e-2,3.976562500e-2,
6.042187500e+1,-7.212500000e-2,3.007812500e-2,4.156250000e-2,
5.942187500e+1,-6.393750000e-2,2.000000000e-2,8.023437500e-2,
5.371875000e+1,-7.243750000e-2,3.000000000e-2,5.937500000e-2,
5.403125000e+1,-6.721875000e-2,3.046875000e-2,4.000000000e-2,
5.409375000e+1,-6.381250000e-2,6.085937500e-2,3.984375000e-2,
5.839062500e+1,-5.959375000e-2,5.945312500e-2,4.039062500e-2,
5.981250000e+1,-6.062500000e-2,3.992187500e-2,2.953125000e-2,
5.603125000e+1,-7.203125000e-2,5.085937500e-2,4.875000000e-2,
6.015625000e+1,-5.609375000e-2,2.000000000e-2,5.875000000e-2,
5.775000000e+1,-4.734375000e-2,5.523437500e-2,7.945312500e-2,
5.737500000e+1,-6.384375000e-2,5.382812500e-2,6.375000000e-2,
6.454687500e+1,-5.603125000e-2,4.062500000e-2,3.976562500e-2,
5.210937500e+1,-6.775000000e-2,2.968750000e-2,4.000000000e-2,
6.170312500e+1,-6.409375000e-2,4.992187500e-2,3.015625000e-2,
5.443750000e+1,-6.790625000e-2,4.000000000e-2,6.000000000e-2,
5.787500000e+1,-6.803125000e-2,5.046875000e-2,3.054687500e-2,
5.237500000e+1,-6.815625000e-2,4.968750000e-2,1.992187500e-2,
5.560937500e+1,-6.390625000e-2,1.992187500e-2,1.070312500e-2,
5.779687500e+1,-6.812500000e-2,5.062500000e-2,6.054687500e-2,
6.200000000e+1,-5.646875000e-2,5.976562500e-2,5.984375000e-2,
5.806250000e+1,-4.800000000e-2,4.937500000e-2,5.992187500e-2,
5.801562500e+1,-5.943750000e-2,1.953125000e-2,4.968750000e-2,
5.596875000e+1,-6.384375000e-2,1.171875000e-3,4.992187500e-2,
5.992187500e+1,-5.212500000e-2,2.992187500e-2,3.875000000e-2,
5.814062500e+1,-7.215625000e-2,-8.593750000e-4,1.976562500e-2,
5.596875000e+1,-7.190625000e-2,3.445312500e-2,3.070312500e-2,
5.792187500e+1,-6.384375000e-2,6.906250000e-2,4.054687500e-2,
5.807812500e+1,-5.196875000e-2,2.671875000e-2,5.039062500e-2,
5.603125000e+1,-5.612500000e-2,2.156250000e-2,6.093750000e-2,
5.604687500e+1,-5.968750000e-2,2.804687500e-2,6.750000000e-2,
5.403125000e+1,-4.825000000e-2,1.109375000e-2,1.867187500e-2,
5.398437500e+1,-6.912500000e-2,4.062500000e-2,4.117187500e-2,
5.000000000e+1,-6.659375000e-2,3.007812500e-2,2.835937500e-2,
5.390625000e+1,-5.246875000e-2,5.039062500e-2,2.015625000e-2,
5.585937500e+1,-6.775000000e-2,2.757812500e-2,3.070312500e-2,
6.006250000e+1,-4.784375000e-2,1.054687500e-2,5.054687500e-2,
5.428125000e+1,-6.865625000e-2,3.031250000e-2,4.968750000e-2,
5.579687500e+1,-7.200000000e-2,1.953125000e-2,2.992187500e-2,
5.612500000e+1,-6.800000000e-2,3.093750000e-2,5.953125000e-2,
5.384375000e+1,-7.215625000e-2,4.000000000e-2,8.039062500e-2,
5.801562500e+1,-6.028125000e-2,1.945312500e-2,3.000000000e-2,
5.406250000e+1,-6.381250000e-2,4.867187500e-2,5.000000000e-2,
5.779687500e+1,-6.012500000e-2,3.367187500e-2,5.015625000e-2,
5.593750000e+1,-6.390625000e-2,2.898437500e-2,3.031250000e-2,
5.378125000e+1,-6.012500000e-2,2.992187500e-2,3.968750000e-2,
5.007812500e+1,-6.368750000e-2,3.992187500e-2,5.015625000e-2,
5.839062500e+1,-6.078125000e-2,4.968750000e-2,4.031250000e-2,
5.982812500e+1,-5.556250000e-2,1.000000000e-2,3.992187500e-2,
5.401562500e+1,-7.106250000e-2,4.984375000e-2,3.992187500e-2,
5.803125000e+1,-7.225000000e-2,3.992187500e-2,4.015625000e-2,
5.606250000e+1,-6.403125000e-2,4.054687500e-2,3.960937500e-2,
5.998437500e+1,-6.396875000e-2,1.000000000e-2,6.992187500e-2,
5.364062500e+1,-6.021875000e-2,4.000000000e-2,5.992187500e-2,
5.212500000e+1,-5.593750000e-2,4.007812500e-2,8.000000000e-2,
5.595312500e+1,-6.393750000e-2,9.765625000e-3,5.984375000e-2,
4.992187500e+1,-5.612500000e-2,1.007812500e-2,8.023437500e-2,
5.600000000e+1,-5.175000000e-2,3.992187500e-2,4.031250000e-2,
6.200000000e+1,-6.387500000e-2,1.023437500e-2,5.882812500e-2,
5.607812500e+1,-6.400000000e-2,2.023437500e-2,7.023437500e-2,
5.200000000e+1,-7.193750000e-2,9.531250000e-3,4.000000000e-2,
5.609375000e+1,-7.193750000e-2,1.039062500e-2,6.992187500e-2,
6.184375000e+1,-5.993750000e-2,1.976562500e-2,6.000000000e-2,
4.981250000e+1,-6.012500000e-2,1.000000000e-2,6.039062500e-2,
5.203125000e+1,-6.806250000e-2,3.000000000e-2,3.031250000e-2,
5.204687500e+1,-6.384375000e-2,-6.250000000e-4,4.976562500e-2,
5.801562500e+1,-5.581250000e-2,-1.000000000e-2,5.000000000e-2,
5.601562500e+1,-5.212500000e-2,7.812500000e-5,3.992187500e-2,
5.598437500e+1,-6.396875000e-2,2.000000000e-2,4.976562500e-2,
5.400000000e+1,-6.409375000e-2,-1.562500000e-4,5.007812500e-2,
5.390625000e+1,-6.028125000e-2,9.921875000e-3,5.000000000e-2,
5.800000000e+1,-5.209375000e-2,1.000000000e-2,4.984375000e-2,
5.403125000e+1,-5.584375000e-2,2.000000000e-2,3.992187500e-2,
4.800000000e+1,-6.375000000e-2,1.046875000e-2,5.992187500e-2,
5.410937500e+1,-6.437500000e-2,1.015625000e-2,5.039062500e-2,
5.401562500e+1,-5.631250000e-2,8.593750000e-4,4.945312500e-2,
5.004687500e+1,-5.887500000e-2,7.812500000e-5,6.023437500e-2,
5.006250000e+1,-6.228125000e-2,-9.375000000e-4,4.132812500e-2,
5.800000000e+1,-4.806250000e-2,1.562500000e-3,3.992187500e-2,
5.404687500e+1,-5.990625000e-2,-2.820312500e-2,4.843750000e-2,
5.400000000e+1,-6.393750000e-2,-2.226562500e-2,8.015625000e-2,
5.217187500e+1,-7.196875000e-2,-4.687500000e-4,5.039062500e-2,
4.793750000e+1,-6.825000000e-2,1.562500000e-4,5.937500000e-2,
5.590625000e+1,-5.609375000e-2,-1.562500000e-4,6.015625000e-2,
5.404687500e+1,-6.006250000e-2,-9.062500000e-3,5.015625000e-2,
5.587500000e+1,-5.603125000e-2,-2.195312500e-2,4.945312500e-2,
5.601562500e+1,-5.200000000e-2,1.921875000e-2,7.976562500e-2,
5.600000000e+1,-5.600000000e-2,-8.671875000e-3,6.125000000e-2,
5.421875000e+1,-5.200000000e-2,-4.023437500e-2,2.015625000e-2,
5.187500000e+1,-5.196875000e-2,-1.000000000e-2,3.921875000e-2,
5.796875000e+1,-5.218750000e-2,-1.031250000e-2,6.984375000e-2,
5.412500000e+1,-6.400000000e-2,-3.015625000e-2,8.007812500e-2,
5.206250000e+1,-5.590625000e-2,-1.953125000e-2,5.976562500e-2,
4.598437500e+1,-6.009375000e-2,-1.007812500e-2,2.984375000e-2,
5.585937500e+1,-6.390625000e-2,-1.000000000e-2,3.000000000e-2,
6.193750000e+1,-5.606250000e-2,-1.000000000e-2,2.992187500e-2,
4.995312500e+1,-6.834375000e-2,-2.000000000e-2,4.929687500e-2,
5.196875000e+1,-6.737500000e-2,-1.000000000e-2,7.953125000e-2,
5.603125000e+1,-6.006250000e-2,-2.062500000e-2,7.054687500e-2,
5.210937500e+1,-6.834375000e-2,-2.984375000e-2,4.000000000e-2,
5.001562500e+1,-6.790625000e-2,-9.921875000e-3,7.054687500e-2,
5.171875000e+1,-6.353125000e-2,-3.062500000e-2,9.007812500e-2,
5.610937500e+1,-5.609375000e-2,-3.914062500e-2,7.007812500e-2,
4.610937500e+1,-6.409375000e-2,0.000000000e+0,6.984375000e-2,
4.979687500e+1,-5.975000000e-2,2.343750000e-4,7.062500000e-2,
5.414062500e+1,-5.593750000e-2,-1.882812500e-2,4.992187500e-2,
5.006250000e+1,-6.018750000e-2,-4.023437500e-2,6.960937500e-2,
5.192187500e+1,-6.821875000e-2,-2.156250000e-2,5.171875000e-2,
5.204687500e+1,-4.815625000e-2,-2.039062500e-2,3.906250000e-2,
5.015625000e+1,-5.909375000e-2,-1.070312500e-2,5.882812500e-2,
4.800000000e+1,-5.709375000e-2,-2.382812500e-2,5.976562500e-2,
5.192187500e+1,-5.196875000e-2,-4.976562500e-2,7.023437500e-2,
5.601562500e+1,-5.587500000e-2,-4.101562500e-2,6.906250000e-2,
4.801562500e+1,-5.600000000e-2,-1.000000000e-2,4.000000000e-2,
4.998437500e+1,-5.603125000e-2,-3.007812500e-2,4.992187500e-2,
5.193750000e+1,-5.193750000e-2,-3.000000000e-2,2.992187500e-2,
5.409375000e+1,-5.984375000e-2,-3.992187500e-2,4.000000000e-2,
4.601562500e+1,-6.396875000e-2,-2.000000000e-2,5.039062500e-2,
5.196875000e+1,-6.412500000e-2,-4.023437500e-2,5.968750000e-2,
5.404687500e+1,-6.003125000e-2,-2.976562500e-2,2.992187500e-2,
5.401562500e+1,-6.003125000e-2,-2.984375000e-2,4.000000000e-2,
5.596875000e+1,-5.962500000e-2,-1.968750000e-2,5.000000000e-2,
5.192187500e+1,-6.812500000e-2,-3.179687500e-2,5.000000000e-2,
5.414062500e+1,-5.612500000e-2,-4.968750000e-2,4.992187500e-2,
5.357812500e+1,-6.000000000e-2,-4.070312500e-2,3.921875000e-2,
4.804687500e+1,-6.406250000e-2,-4.851562500e-2,1.898437500e-2,
5.418750000e+1,-6.862500000e-2,-2.070312500e-2,2.257812500e-2,
4.962500000e+1,-7.584375000e-2,-6.179687500e-2,6.078125000e-2,
4.809375000e+1,-6.371875000e-2,-4.843750000e-2,5.000000000e-2,
5.226562500e+1,-6.821875000e-2,-5.125000000e-2,7.070312500e-2,
5.375000000e+1,-6.346875000e-2,-6.007812500e-2,5.867187500e-2,
4.803125000e+1,-6.006250000e-2,-4.781250000e-2,5.132812500e-2,
5.403125000e+1,-5.984375000e-2,-4.101562500e-2,7.984375000e-2,
4.985937500e+1,-5.600000000e-2,-6.148437500e-2,4.914062500e-2,
5.007812500e+1,-7.218750000e-2,-5.851562500e-2,6.054687500e-2,
5.407812500e+1,-6.793750000e-2,-5.226562500e-2,5.937500000e-2,
5.395312500e+1,-6.403125000e-2,-8.976562500e-2,3.992187500e-2,
4.996875000e+1,-5.987500000e-2,-4.968750000e-2,4.960937500e-2,
5.204687500e+1,-5.596875000e-2,-7.007812500e-2,5.000000000e-2,
4.987500000e+1,-6.800000000e-2,-6.000000000e-2,3.023437500e-2,
5.007812500e+1,-6.406250000e-2,-6.007812500e-2,2.945312500e-2,
5.398437500e+1,-7.159375000e-2,-5.054687500e-2,7.000000000e-2,
5.396875000e+1,-6.878125000e-2,-4.984375000e-2,3.132812500e-2,
5.201562500e+1,-6.165625000e-2,-4.968750000e-2,2.835937500e-2,
5.004687500e+1,-5.190625000e-2,-5.000000000e-2,5.007812500e-2,
5.401562500e+1,-6.365625000e-2,-5.062500000e-2,6.031250000e-2,
5.192187500e+1,-6.793750000e-2,-8.046875000e-2,6.992187500e-2,
4.995312500e+1,-6.796875000e-2,-5.968750000e-2,4.890625000e-2,
4.601562500e+1,-5.603125000e-2,-5.968750000e-2,4.031250000e-2,
4.803125000e+1,-5.609375000e-2,-9.007812500e-2,5.976562500e-2,
5.195312500e+1,-4.800000000e-2,-6.054687500e-2,1.976562500e-2,
5.195312500e+1,-5.581250000e-2,-5.054687500e-2,4.039062500e-2,
5.398437500e+1,-5.984375000e-2,-7.031250000e-2,5.000000000e-2,
5.203125000e+1,-6.793750000e-2,-5.953125000e-2,4.000000000e-2,
5.209375000e+1,-5.612500000e-2,-6.078125000e-2,5.007812500e-2,
4.990625000e+1,-6.412500000e-2,-7.007812500e-2,3.953125000e-2,
5.589062500e+1,-6.390625000e-2,-5.921875000e-2,2.945312500e-2,
5.406250000e+1,-6.396875000e-2,-5.031250000e-2,2.093750000e-2,
5.393750000e+1,-6.434375000e-2,-6.953125000e-2,6.039062500e-2,
5.812500000e+1,-6.787500000e-2,-2.046875000e-2,3.960937500e-2,
4.828125000e+1,-6.443750000e-2,-1.010937500e-1,2.992187500e-2,
4.975000000e+1,-7.175000000e-2,-7.671875000e-2,3.015625000e-2,
5.198437500e+1,-5.559375000e-2,-3.015625000e-2,5.007812500e-2,
5.045312500e+1,-5.625000000e-2,-7.195312500e-2,5.992187500e-2,
4.417187500e+1,-6.403125000e-2,-6.929687500e-2,5.968750000e-2,
4.743750000e+1,-6.425000000e-2,-7.015625000e-2,5.046875000e-2,
5.392187500e+1,-7.187500000e-2,-7.000000000e-2,5.921875000e-2,
5.196875000e+1,-5.990625000e-2,-7.007812500e-2,2.976562500e-2,
5.578125000e+1,-5.987500000e-2,-6.992187500e-2,6.179687500e-2,
5.420312500e+1,-5.187500000e-2,-6.015625000e-2,6.765625000e-2,
5.035937500e+1,-5.621875000e-2,-6.000000000e-2,2.992187500e-2,
4.215625000e+1,-6.003125000e-2,-6.000000000e-2,6.085937500e-2,
4.554687500e+1,-6.003125000e-2,-7.953125000e-2,5.000000000e-2,
5.182812500e+1,-5.621875000e-2,-9.000000000e-2,2.992187500e-2,
5.198437500e+1,-5.553125000e-2,-8.953125000e-2,4.000000000e-2,
5.221875000e+1,-6.340625000e-2,-9.218750000e-2,2.992187500e-2,
5.045312500e+1,-6.140625000e-2,-6.304687500e-2,5.937500000e-2,
5.585937500e+1,-5.603125000e-2,-6.812500000e-2,5.882812500e-2,
4.695312500e+1,-6.837500000e-2,-8.976562500e-2,3.007812500e-2,
4.864062500e+1,-7.590625000e-2,-8.031250000e-2,4.000000000e-2,
5.195312500e+1,-5.962500000e-2,-7.984375000e-2,4.000000000e-2,
5.004687500e+1,-4.800000000e-2,-8.015625000e-2,4.968750000e-2,
5.195312500e+1,-5.600000000e-2,-7.000000000e-2,5.015625000e-2,
5.231250000e+1,-6.403125000e-2,-6.007812500e-2,4.968750000e-2,
5.575000000e+1,-5.996875000e-2,-7.007812500e-2,6.992187500e-2,
4.367187500e+1,-5.600000000e-2,-7.007812500e-2,5.015625000e-2,
4.825000000e+1,-6.031250000e-2,-9.007812500e-2,4.000000000e-2,
5.001562500e+1,-6.800000000e-2,-8.000000000e-2,9.765625000e-3,
5.220312500e+1,-5.909375000e-2,-6.007812500e-2,4.960937500e-2,
5.632812500e+1,-5.181250000e-2,-7.000000000e-2,3.015625000e-2,
5.782812500e+1,-5.193750000e-2,-1.100781250e-1,4.984375000e-2,
5.132812500e+1,-5.240625000e-2,-7.765625000e-2,4.992187500e-2,
4.587500000e+1,-5.571875000e-2,-7.117187500e-2,5.953125000e-2,
4.831250000e+1,-4.825000000e-2,-1.006250000e-1,6.054687500e-2,
4.968750000e+1,-5.571875000e-2,-8.945312500e-2,4.000000000e-2,
4.615625000e+1,-4.837500000e-2,-8.976562500e-2,5.046875000e-2,
5.235937500e+1,-6.381250000e-2,-8.000000000e-2,2.015625000e-2,
4.950000000e+1,-4.293750000e-2,-9.062500000e-2,3.039062500e-2,
4.600000000e+1,-4.868750000e-2,-8.984375000e-2,2.976562500e-2,
5.075000000e+1,-5.171875000e-2,-9.007812500e-2,3.054687500e-2,
5.353125000e+1,-4.793750000e-2,-9.000000000e-2,5.031250000e-2,
4.546875000e+1,-4.771875000e-2,-9.015625000e-2,5.976562500e-2,
4.623437500e+1,-4.415625000e-2,-8.976562500e-2,4.007812500e-2,
4.581250000e+1,-5.275000000e-2,-8.007812500e-2,4.976562500e-2,
4.645312500e+1,-6.053125000e-2,-9.031250000e-2,4.992187500e-2,
5.190625000e+1,-6.384375000e-2,-9.984375000e-2,5.085937500e-2,
4.592187500e+1,-5.584375000e-2,-1.198437500e-1,3.078125000e-2,
5.006250000e+1,-5.200000000e-2,-1.025781250e-1,3.867187500e-2,
5.037500000e+1,-5.615625000e-2,-8.890625000e-2,4.968750000e-2,
6.189062500e+1,-4.853125000e-2,-1.001562500e-1,5.015625000e-2,
5.121875000e+1,-4.800000000e-2,-9.921875000e-2,3.945312500e-2,
4.567187500e+1,-4.412500000e-2,-1.203906250e-1,2.000000000e-2,
5.370312500e+1,-4.396875000e-2,-8.992187500e-2,5.015625000e-2,
5.073437500e+1,-4.790625000e-2,-1.300781250e-1,5.000000000e-2,
4.575000000e+1,-5.215625000e-2,-9.898437500e-2,5.031250000e-2,
5.171875000e+1,-4.421875000e-2,-9.023437500e-2,3.000000000e-2,
5.012500000e+1,-4.396875000e-2,-1.202343750e-1,6.070312500e-2,
5.182812500e+1,-4.734375000e-2,-1.099218750e-1,4.906250000e-2,
5.203125000e+1,-5.615625000e-2,-1.096093750e-1,3.046875000e-2,
5.200000000e+1,-4.403125000e-2,-9.000000000e-2,6.976562500e-2,
5.198437500e+1,-5.171875000e-2,-1.102343750e-1,1.867187500e-2,
5.201562500e+1,-4.790625000e-2,-1.102343750e-1,4.109375000e-2,
4.995312500e+1,-4.425000000e-2,-1.198437500e-1,4.906250000e-2,
5.207812500e+1,-5.600000000e-2,-1.100781250e-1,4.062500000e-2,
4.793750000e+1,-4.387500000e-2,-1.200781250e-1,5.945312500e-2,
5.389062500e+1,-4.818750000e-2,-1.089843750e-1,2.968750000e-2,
4.834375000e+1,-5.600000000e-2,-1.103906250e-1,3.843750000e-2,
4.392187500e+1,-4.800000000e-2,-1.096093750e-1,1.085937500e-2,
4.792187500e+1,-5.196875000e-2,-1.114062500e-1,6.140625000e-2,
4.795312500e+1,-3.918750000e-2,-1.187500000e-1,3.843750000e-2,
5.000000000e+1,-3.237500000e-2,-8.828125000e-2,6.250000000e-2,
4.787500000e+1,-4.446875000e-2,-9.125000000e-2,6.726562500e-2,
5.589062500e+1,-3.940625000e-2,-1.103125000e-1,1.820312500e-2,
5.231250000e+1,-3.656250000e-2,-1.103906250e-1,3.070312500e-2,
4.773437500e+1,-4.825000000e-2,-1.201562500e-1,4.046875000e-2,
5.404687500e+1,-4.375000000e-2,-1.092968750e-1,4.976562500e-2,
4.809375000e+1,-4.000000000e-2,-1.108593750e-1,2.000000000e-2,
5.198437500e+1,-4.400000000e-2,-1.301562500e-1,3.968750000e-2,
4.621875000e+1,-4.015625000e-2,-1.200781250e-1,3.062500000e-2,
4.962500000e+1,-3.975000000e-2,-1.215625000e-1,0.000000000e+0,
5.039062500e+1,-4.425000000e-2,-8.156250000e-2,6.000000000e-2,
4.589062500e+1,-3.950000000e-2,-9.671875000e-2,6.023437500e-2,
5.004687500e+1,-5.134375000e-2,-9.359375000e-2,4.101562500e-2,
4.795312500e+1,-4.153125000e-2,-8.929687500e-2,2.968750000e-2,
5.001562500e+1,-2.825000000e-2,-1.099218750e-1,5.968750000e-2,
4.795312500e+1,-3.462500000e-2,-1.099218750e-1,4.984375000e-2,
5.007812500e+1,-4.471875000e-2,-7.984375000e-2,6.968750000e-2,
5.209375000e+1,-2.768750000e-2,-6.007812500e-2,5.125000000e-2,
5.395312500e+1,-5.150000000e-2,-7.031250000e-2,3.992187500e-2,
5.200000000e+1,-4.415625000e-2,-9.031250000e-2,4.968750000e-2,
5.398437500e+1,-3.990625000e-2,-6.039062500e-2,6.007812500e-2,
5.195312500e+1,-4.009375000e-2,-6.000000000e-2,5.000000000e-2,
4.981250000e+1,-3.600000000e-2,-7.000000000e-2,6.007812500e-2,
4.404687500e+1,-3.596875000e-2,-6.023437500e-2,3.054687500e-2,
5.209375000e+1,-3.212500000e-2,-9.000000000e-2,3.914062500e-2,
4.800000000e+1,-1.990625000e-2,-5.000000000e-2,5.007812500e-2,
4.800000000e+1,-3.571875000e-2,-7.984375000e-2,3.992187500e-2,
5.200000000e+1,-3.606250000e-2,-4.945312500e-2,5.968750000e-2,
5.204687500e+1,-3.596875000e-2,-4.976562500e-2,8.007812500e-2,
5.601562500e+1,-3.590625000e-2,-4.054687500e-2,5.015625000e-2,
4.976562500e+1,-2.806250000e-2,-7.000000000e-2,4.000000000e-2,
4.393750000e+1,-4.412500000e-2,-4.000000000e-2,4.039062500e-2,
4.809375000e+1,-3.996875000e-2,-5.000000000e-2,2.953125000e-2,
5.598437500e+1,-3.975000000e-2,-5.007812500e-2,5.976562500e-2,
4.995312500e+1,-2.400000000e-2,-5.007812500e-2,5.000000000e-2,
5.393750000e+1,-4.021875000e-2,-3.000000000e-2,3.031250000e-2,
5.614062500e+1,-3.603125000e-2,-4.992187500e-2,3.906250000e-2,
4.800000000e+1,-3.603125000e-2,-5.007812500e-2,7.992187500e-2,
5.206250000e+1,-3.212500000e-2,-6.007812500e-2,5.007812500e-2,
4.400000000e+1,-3.200000000e-2,-3.984375000e-2,4.992187500e-2,
4.798437500e+1,-2.818750000e-2,-2.015625000e-2,4.000000000e-2,
4.800000000e+1,-2.340625000e-2,-2.000000000e-2,5.984375000e-2,
5.403125000e+1,-4.034375000e-2,-1.929687500e-2,7.000000000e-2,
5.198437500e+1,-2.015625000e-2,-3.031250000e-2,6.976562500e-2,
5.598437500e+1,-4.200000000e-2,-1.984375000e-2,7.078125000e-2,
4.790625000e+1,-3.481250000e-2,-3.007812500e-2,4.960937500e-2,
4.400000000e+1,-3.190625000e-2,-1.218750000e-2,6.992187500e-2,
4.993750000e+1,-4.000000000e-2,-8.437500000e-3,6.023437500e-2,
5.000000000e+1,-3.609375000e-2,-2.140625000e-2,6.078125000e-2,
5.201562500e+1,-3.606250000e-2,9.375000000e-3,3.015625000e-2,
4.803125000e+1,-2.793750000e-2,-3.906250000e-4,3.960937500e-2,
4.995312500e+1,-3.987500000e-2,2.023437500e-2,3.984375000e-2,
4.995312500e+1,-3.596875000e-2,-9.296875000e-3,5.968750000e-2,
5.382812500e+1,-4.000000000e-2,8.125000000e-3,7.015625000e-2,
5.406250000e+1,-4.003125000e-2,1.062500000e-2,6.000000000e-2,
5.042187500e+1,-3.606250000e-2,-1.562500000e-4,6.976562500e-2,
4.412500000e+1,-3.600000000e-2,1.007812500e-2,6.062500000e-2,
4.400000000e+1,-2.000000000e-2,0.000000000e+0,3.976562500e-2,
4.206250000e+1,-3.206250000e-2,1.992187500e-2,5.992187500e-2,
4.373437500e+1,-2.400000000e-2,7.812500000e-5,4.984375000e-2,
5.193750000e+1,-4.015625000e-2,3.078125000e-2,7.000000000e-2,
5.000000000e+1,-3.593750000e-2,2.945312500e-2,3.984375000e-2,
5.198437500e+1,-4.012500000e-2,1.976562500e-2,3.054687500e-2,
4.796875000e+1,-3.968750000e-2,3.015625000e-2,6.992187500e-2,
4.600000000e+1,-2.771875000e-2,-2.007812500e-2,5.031250000e-2,
4.800000000e+1,-2.381250000e-2,2.015625000e-2,5.968750000e-2,
4.385937500e+1,-2.431250000e-2,1.960937500e-2,5.992187500e-2,
5.390625000e+1,-3.221875000e-2,2.000000000e-2,6.031250000e-2,
4.821875000e+1,-2.325000000e-2,3.015625000e-2,4.000000000e-2,
5.162500000e+1,-8.375000000e-3,3.992187500e-2,5.984375000e-2,
5.418750000e+1,-2.850000000e-2,2.953125000e-2,6.000000000e-2,
4.210937500e+1,-2.803125000e-2,3.000000000e-2,5.992187500e-2,
4.390625000e+1,-3.625000000e-2,4.992187500e-2,6.062500000e-2,
4.754687500e+1,-3.156250000e-2,3.132812500e-2,3.976562500e-2,
5.596875000e+1,-2.809375000e-2,1.851562500e-2,7.890625000e-2,
4.817187500e+1,-3.609375000e-2,4.843750000e-2,6.210937500e-2,
4.978125000e+1,-2.800000000e-2,3.414062500e-2,3.984375000e-2,
5.204687500e+1,-3.646875000e-2,1.625000000e-2,4.929687500e-2,
5.001562500e+1,-1.712500000e-2,4.203125000e-2,5.679687500e-2,
4.996875000e+1,-2.734375000e-2,1.046875000e-2,8.000000000e-2,
5.001562500e+1,-3.653125000e-2,1.929687500e-2,3.781250000e-2,
4.603125000e+1,-2.009375000e-2,2.000000000e-2,1.031250000e-2,
4.198437500e+1,-3.193750000e-2,1.007812500e-2,6.062500000e-2,
4.995312500e+1,-3.628125000e-2,4.000000000e-2,3.984375000e-2,
4.606250000e+1,-2.806250000e-2,1.992187500e-2,3.000000000e-2,
4.600000000e+1,-3.181250000e-2,3.992187500e-2,8.007812500e-2,
4.398437500e+1,-3.212500000e-2,1.984375000e-2,3.945312500e-2,
4.785937500e+1,-3.190625000e-2,3.015625000e-2,5.000000000e-2,
5.200000000e+1,-3.984375000e-2,1.843750000e-2,4.000000000e-2,
4.996875000e+1,-4.396875000e-2,-8.593750000e-4,4.007812500e-2,
4.992187500e+1,-4.043750000e-2,9.375000000e-4,5.015625000e-2,
4.807812500e+1,-3.193750000e-2,9.296875000e-3,4.929687500e-2,
5.429687500e+1,-4.000000000e-2,6.250000000e-4,4.031250000e-2,
5.171875000e+1,-2.787500000e-2,2.062500000e-2,6.070312500e-2,
4.585937500e+1,-3.243750000e-2,8.906250000e-3,5.992187500e-2,
4.590625000e+1,-3.181250000e-2,1.101562500e-2,4.726562500e-2,
4.403125000e+1,-2.815625000e-2,1.968750000e-2,2.093750000e-2,
4.815625000e+1,-3.184375000e-2,-2.812500000e-3,6.062500000e-2,
5.010937500e+1,-2.378125000e-2,-6.328125000e-3,3.898437500e-2,
5.198437500e+1,-2.821875000e-2,1.789062500e-2,5.156250000e-2,
4.998437500e+1,-2.796875000e-2,-2.078125000e-2,7.000000000e-2,
5.215625000e+1,-2.800000000e-2,-7.812500000e-5,4.851562500e-2,
5.385937500e+1,-2.806250000e-2,-3.085937500e-2,3.015625000e-2,
4.810937500e+1,-3.200000000e-2,-8.046875000e-3,5.031250000e-2,
5.801562500e+1,-2.796875000e-2,1.062500000e-2,5.000000000e-2,
5.185937500e+1,-3.209375000e-2,9.453125000e-3,5.031250000e-2,
5.609375000e+1,-3.203125000e-2,-3.015625000e-2,4.000000000e-2,
4.957812500e+1,-2.803125000e-2,-2.007812500e-2,6.000000000e-2,
4.607812500e+1,-2.409375000e-2,-4.046875000e-2,3.031250000e-2,
5.198437500e+1,-2.371875000e-2,-5.468750000e-4,2.976562500e-2,
4.993750000e+1,-3.106250000e-2,-2.109375000e-2,3.000000000e-2,
4.801562500e+1,-3.331250000e-2,1.125000000e-2,3.007812500e-2,
4.395312500e+1,-2.396875000e-2,-2.000000000e-2,3.007812500e-2,
4.818750000e+1,-3.190625000e-2,1.000000000e-2,5.101562500e-2,
5.396875000e+1,-2.428125000e-2,-3.125000000e-2,6.945312500e-2,
4.793750000e+1,-2.803125000e-2,-1.976562500e-2,2.929687500e-2,
4.993750000e+1,-3.209375000e-2,-1.992187500e-2,5.046875000e-2,
5.200000000e+1,-2.006250000e-2,-3.007812500e-2,5.984375000e-2,
4.823437500e+1,-2.803125000e-2,-2.023437500e-2,3.976562500e-2,
4.389062500e+1,-2.387500000e-2,-9.843750000e-3,4.023437500e-2,
4.984375000e+1,-3.596875000e-2,-1.046875000e-2,5.992187500e-2,
5.190625000e+1,-2.796875000e-2,-3.078125000e-2,4.960937500e-2,
5.582812500e+1,-3.212500000e-2,-5.093750000e-2,5.015625000e-2,
5.426562500e+1,-2.403125000e-2,-4.976562500e-2,4.960937500e-2,
4.606250000e+1,-3.203125000e-2,-2.945312500e-2,3.992187500e-2,
4.798437500e+1,-2.393750000e-2,-3.031250000e-2,5.039062500e-2,
4.598437500e+1,-2.765625000e-2,-4.992187500e-2,4.968750000e-2,
4.992187500e+1,-2.025000000e-2,-1.968750000e-2,3.984375000e-2,
4.817187500e+1,-3.675000000e-2,-3.039062500e-2,2.984375000e-2,
4.587500000e+1,-2.715625000e-2,-2.882812500e-2,2.000000000e-2,
4.992187500e+1,-2.006250000e-2,7.812500000e-5,4.031250000e-2,
4.798437500e+1,-2.406250000e-2,-2.195312500e-2,7.000000000e-2,
5.007812500e+1,-2.403125000e-2,-4.039062500e-2,3.953125000e-2,
4.773437500e+1,-2.818750000e-2,-3.984375000e-2,5.062500000e-2,
5.582812500e+1,-3.218750000e-2,-2.921875000e-2,3.914062500e-2,
4.853125000e+1,-3.184375000e-2,-2.023437500e-2,3.007812500e-2,
4.751562500e+1,-1.568750000e-2,-4.015625000e-2,4.054687500e-2,
5.217187500e+1,-2.003125000e-2,-3.031250000e-2,3.882812500e-2,
4.432812500e+1,-1.609375000e-2,-2.000000000e-2,3.070312500e-2,
4.385937500e+1,-2.406250000e-2,-2.000000000e-2,7.093750000e-2,
4.578125000e+1,-2.000000000e-2,-2.046875000e-2,6.000000000e-2,
4.995312500e+1,-3.162500000e-2,4.687500000e-4,2.984375000e-2,
4.803125000e+1,-2.840625000e-2,-2.960937500e-2,3.000000000e-2,
4.984375000e+1,-3.100000000e-2,-2.890625000e-3,4.992187500e-2,
4.989062500e+1,-3.365625000e-2,-7.187500000e-3,3.992187500e-2,
4.740625000e+1,-1.984375000e-2,-1.914062500e-2,4.968750000e-2,
4.704687500e+1,-2.009375000e-2,-3.031250000e-2,3.000000000e-2,
5.348437500e+1,-2.412500000e-2,-2.000000000e-2,5.000000000e-2,
4.396875000e+1,-2.796875000e-2,-3.000000000e-2,3.007812500e-2,
5.217187500e+1,-2.396875000e-2,-1.085937500e-2,6.906250000e-2,
4.575000000e+1,-2.800000000e-2,0.000000000e+0,6.101562500e-2,
5.048437500e+1,-3.612500000e-2,-3.015625000e-2,3.945312500e-2,
5.607812500e+1,-3.193750000e-2,-2.023437500e-2,8.984375000e-2,
5.365625000e+1,-1.578125000e-2,-4.000000000e-2,5.031250000e-2,
5.003125000e+1,-2.031250000e-2,-1.000000000e-2,6.000000000e-2,
5.187500000e+1,-2.390625000e-2,-4.000000000e-2,6.078125000e-2,
4.784375000e+1,-1.959375000e-2,-1.023437500e-2,-9.531250000e-3,
5.023437500e+1,-2.078125000e-2,2.000000000e-2,3.882812500e-2,
4.962500000e+1,-2.793750000e-2,-2.343750000e-4,6.023437500e-2,
4.606250000e+1,-1.950000000e-2,1.195312500e-2,4.015625000e-2,
4.784375000e+1,-2.028125000e-2,2.937500000e-2,5.015625000e-2,
4.409375000e+1,-2.418750000e-2,-1.257812500e-2,3.953125000e-2,
5.042187500e+1,-2.384375000e-2,-1.796875000e-2,7.960937500e-2,
4.973437500e+1,-2.865625000e-2,2.000000000e-2,6.101562500e-2,
4.784375000e+1,-3.968750000e-2,-1.164062500e-2,4.015625000e-2,
4.579687500e+1,-2.318750000e-2,1.796875000e-3,4.046875000e-2,
4.642187500e+1,-2.881250000e-2,9.531250000e-3,5.984375000e-2,
5.232812500e+1,-3.109375000e-2,3.125000000e-4,5.023437500e-2,
5.179687500e+1,-2.021875000e-2,9.375000000e-3,5.976562500e-2,
4.968750000e+1,-3.250000000e-2,-9.218750000e-3,1.953125000e-2,
4.562500000e+1,-2.253125000e-2,3.054687500e-2,2.976562500e-2,
4.634375000e+1,-2.068750000e-2,9.531250000e-3,3.984375000e-2,
5.214062500e+1,-2.775000000e-2,2.023437500e-2,5.000000000e-2,
4.987500000e+1,-1.556250000e-2,1.007812500e-2,4.906250000e-2,
4.771875000e+1,-2.028125000e-2,2.343750000e-4,6.117187500e-2,
4.414062500e+1,-2.800000000e-2,-3.125000000e-4,3.078125000e-2,
5.226562500e+1,-2.400000000e-2,5.468750000e-4,4.843750000e-2,
5.195312500e+1,-3.146875000e-2,-1.328125000e-3,5.007812500e-2,
5.251562500e+1,-2.815625000e-2,9.453125000e-3,6.023437500e-2,
4.573437500e+1,-1.615625000e-2,1.039062500e-2,6.000000000e-2,
5.759375000e+1,-1.587500000e-2,-7.812500000e-5,3.984375000e-2,
5.093750000e+1,-2.381250000e-2,2.007812500e-2,4.000000000e-2,
4.760937500e+1,-3.565625000e-2,2.023437500e-2,5.070312500e-2,
5.340625000e+1,-3.634375000e-2,2.984375000e-2,2.007812500e-2,
5.621875000e+1,-2.418750000e-2,-1.562500000e-4,7.093750000e-2,
5.207812500e+1,-2.771875000e-2,2.070312500e-2,5.937500000e-2,
5.046875000e+1,-2.428125000e-2,2.921875000e-2,5.000000000e-2,
4.001562500e+1,-1.996875000e-2,-5.468750000e-4,4.960937500e-2,
5.170312500e+1,-3.165625000e-2,1.023437500e-2,2.960937500e-2,
5.203125000e+1,-3.190625000e-2,1.953125000e-2,4.046875000e-2,
5.015625000e+1,-3.215625000e-2,2.164062500e-2,6.203125000e-2,
4.400000000e+1,-4.412500000e-2,4.937500000e-2,8.953125000e-2,
4.978125000e+1,-4.378125000e-2,8.359375000e-3,4.804687500e-2,
4.996875000e+1,-2.387500000e-2,2.250000000e-2,4.101562500e-2,
5.207812500e+1,-2.803125000e-2,3.007812500e-2,4.859375000e-2,
4.796875000e+1,-2.793750000e-2,2.953125000e-2,3.046875000e-2,
5.203125000e+1,-1.990625000e-2,1.867187500e-2,6.054687500e-2,
4.415625000e+1,-2.428125000e-2,2.218750000e-2,3.835937500e-2,
4.803125000e+1,-2.359375000e-2,3.929687500e-2,4.031250000e-2,
5.187500000e+1,-2.053125000e-2,8.671875000e-3,4.015625000e-2,
5.404687500e+1,-3.209375000e-2,1.070312500e-2,3.898437500e-2,
4.625000000e+1,-1.896875000e-2,2.078125000e-2,1.960937500e-2,
4.740625000e+1,-1.643750000e-2,1.835937500e-2,3.062500000e-2,
5.787500000e+1,-2.812500000e-2,1.562500000e-3,5.007812500e-2,
5.057812500e+1,-2.400000000e-2,5.070312500e-2,5.000000000e-2,
4.412500000e+1,-2.800000000e-2,1.914062500e-2,4.000000000e-2,
4.189062500e+1,-3.218750000e-2,3.000000000e-2,4.992187500e-2,
4.745312500e+1,-2.400000000e-2,1.898437500e-2,5.000000000e-2,
5.395312500e+1,-3.175000000e-2,5.054687500e-2,6.000000000e-2,
5.364062500e+1,-2.812500000e-2,6.250000000e-3,3.992187500e-2,
5.798437500e+1,-3.215625000e-2,1.179687500e-2,5.078125000e-2,
4.746875000e+1,-2.450000000e-2,3.078125000e-2,2.000000000e-2,
4.625000000e+1,-2.740625000e-2,7.812500000e-5,4.890625000e-2,
5.415625000e+1,-3.221875000e-2,1.562500000e-4,5.062500000e-2,
5.187500000e+1,-2.450000000e-2,2.007812500e-2,4.937500000e-2,
5.221875000e+1,-2.331250000e-2,2.007812500e-2,7.078125000e-2,
5.587500000e+1,-3.575000000e-2,-7.812500000e-5,4.000000000e-2,
4.990625000e+1,-3.606250000e-2,1.945312500e-2,6.976562500e-2,
5.409375000e+1,-3.196875000e-2,2.976562500e-2,4.054687500e-2,
5.165625000e+1,-3.212500000e-2,4.000000000e-2,2.000000000e-2,
4.598437500e+1,-2.403125000e-2,7.812500000e-5,2.976562500e-2,
4.793750000e+1,-3.165625000e-2,1.031250000e-2,7.921875000e-2,
4.403125000e+1,-3.606250000e-2,1.992187500e-2,7.101562500e-2,
5.000000000e+1,-2.800000000e-2,-1.023437500e-2,4.039062500e-2,
4.600000000e+1,-3.206250000e-2,-1.039062500e-2,3.007812500e-2,
5.196875000e+1,-2.403125000e-2,9.687500000e-3,3.000000000e-2,
5.200000000e+1,-3.193750000e-2,-1.000000000e-2,3.968750000e-2,
5.398437500e+1,-3.200000000e-2,1.015625000e-2,5.992187500e-2,
5.195312500e+1,-3.193750000e-2,-1.046875000e-2,5.000000000e-2,
5.412500000e+1,-2.400000000e-2,-1.000000000e-2,6.007812500e-2,
5.595312500e+1,-3.221875000e-2,0.000000000e+0,4.968750000e-2,
4.795312500e+1,-3.187500000e-2,1.000000000e-2,6.015625000e-2,
5.001562500e+1,-2.803125000e-2,7.812500000e-5,2.000000000e-2,
4.800000000e+1,-3.206250000e-2,-1.015625000e-2,4.031250000e-2,
5.195312500e+1,-3.200000000e-2,-3.000000000e-2,9.687500000e-3,
5.000000000e+1,-3.209375000e-2,-1.007812500e-2,6.875000000e-2,
4.998437500e+1,-3.150000000e-2,-2.015625000e-2,5.007812500e-2,
5.000000000e+1,-4.787500000e-2,1.992187500e-2,4.015625000e-2,
5.000000000e+1,-3.637500000e-2,-1.960937500e-2,5.992187500e-2,
4.800000000e+1,-2.787500000e-2,-7.031250000e-4,5.007812500e-2,
5.004687500e+1,-3.206250000e-2,-2.687500000e-2,5.960937500e-2,
5.198437500e+1,-2.456250000e-2,-3.468750000e-2,6.953125000e-2,
5.401562500e+1,-2.600000000e-2,1.562500000e-3,7.109375000e-2,
4.996875000e+1,-4.056250000e-2,-2.976562500e-2,4.031250000e-2,
5.000000000e+1,-2.812500000e-2,-1.015625000e-3,5.992187500e-2,
5.001562500e+1,-3.193750000e-2,-2.867187500e-2,5.109375000e-2,
4.800000000e+1,-3.218750000e-2,-1.054687500e-2,3.968750000e-2,
4.796875000e+1,-2.803125000e-2,-3.890625000e-2,4.992187500e-2,
4.609375000e+1,-2.793750000e-2,-3.101562500e-2,4.007812500e-2,
4.379687500e+1,-3.206250000e-2,-3.000000000e-2,4.984375000e-2,
5.590625000e+1,-2.800000000e-2,-2.937500000e-2,4.992187500e-2,
4.843750000e+1,-3.200000000e-2,-5.039062500e-2,6.000000000e-2,
4.971875000e+1,-2.796875000e-2,-3.023437500e-2,5.000000000e-2,
5.592187500e+1,-3.987500000e-2,-4.976562500e-2,5.039062500e-2,
5.406250000e+1,-2.400000000e-2,-4.031250000e-2,2.976562500e-2,
5.225000000e+1,-3.606250000e-2,-3.000000000e-2,5.960937500e-2,
4.400000000e+1,-2.378125000e-2,-1.007812500e-2,5.992187500e-2,
5.170312500e+1,-2.409375000e-2,-3.031250000e-2,7.992187500e-2,
5.403125000e+1,-3.621875000e-2,-1.984375000e-2,5.984375000e-2,
5.400000000e+1,-3.996875000e-2,-3.031250000e-2,4.992187500e-2,
5.398437500e+1,-3.187500000e-2,-3.992187500e-2,4.007812500e-2,
5.196875000e+1,-2.775000000e-2,-5.000000000e-2,5.000000000e-2,
4.798437500e+1,-2.415625000e-2,-4.000000000e-2,4.023437500e-2,
4.798437500e+1,-3.193750000e-2,-4.007812500e-2,3.968750000e-2,
5.201562500e+1,-2.390625000e-2,-5.007812500e-2,4.992187500e-2,
4.807812500e+1,-3.246875000e-2,-3.984375000e-2,5.007812500e-2,
4.800000000e+1,-3.168750000e-2,-9.765625000e-3,6.031250000e-2,
4.782812500e+1,-2.850000000e-2,-1.039062500e-2,8.007812500e-2,
5.204687500e+1,-4.437500000e-2,-3.046875000e-2,5.000000000e-2,
4.603125000e+1,-3.971875000e-2,-3.000000000e-2,6.992187500e-2,
4.992187500e+1,-3.187500000e-2,-3.960937500e-2,4.117187500e-2,
4.815625000e+1,-3.221875000e-2,-7.039062500e-2,2.953125000e-2,
4.982812500e+1,-3.603125000e-2,-3.992187500e-2,6.953125000e-2,
5.404687500e+1,-3.593750000e-2,-7.054687500e-2,5.062500000e-2,
4.825000000e+1,-4.015625000e-2,-2.367187500e-2,6.789062500e-2,
4.589062500e+1,-2.818750000e-2,-3.726562500e-2,6.406250000e-2,
4.800000000e+1,-3.250000000e-2,-3.015625000e-2,2.757812500e-2,
4.796875000e+1,-2.021875000e-2,-4.960937500e-2,7.039062500e-2,
5.398437500e+1,-2.384375000e-2,-5.062500000e-2,4.906250000e-2,
5.201562500e+1,-2.390625000e-2,-3.000000000e-2,6.023437500e-2,
5.001562500e+1,-3.596875000e-2,-3.000000000e-2,6.937500000e-2,
4.798437500e+1,-3.203125000e-2,-1.984375000e-2,3.992187500e-2,
5.187500000e+1,-3.987500000e-2,-5.000000000e-2,6.000000000e-2,
5.601562500e+1,-4.018750000e-2,-2.015625000e-2,3.953125000e-2,
5.201562500e+1,-3.246875000e-2,-4.007812500e-2,5.031250000e-2,
5.201562500e+1,-2.415625000e-2,-3.015625000e-2,7.007812500e-2,
5.001562500e+1,-2.771875000e-2,-5.046875000e-2,7.000000000e-2,
5.198437500e+1,-4.028125000e-2,-3.976562500e-2,4.953125000e-2,
4.784375000e+1,-2.071875000e-2,-3.851562500e-2,3.039062500e-2,
4.598437500e+1,-1.984375000e-2,-9.843750000e-3,7.078125000e-2,
4.604687500e+1,-3.200000000e-2,-3.062500000e-2,6.007812500e-2,
4.807812500e+1,-3.606250000e-2,-3.148437500e-2,6.906250000e-2,
4.779687500e+1,-4.025000000e-2,-6.015625000e-2,4.039062500e-2,
4.621875000e+1,-3.993750000e-2,-3.945312500e-2,7.062500000e-2,
5.217187500e+1,-4.034375000e-2,-4.984375000e-2,3.804687500e-2,
4.975000000e+1,-4.346875000e-2,-2.859375000e-2,3.023437500e-2,
5.032812500e+1,-3.228125000e-2,-3.078125000e-2,2.937500000e-2,
5.812500000e+1,-4.387500000e-2,-2.945312500e-2,3.156250000e-2,
5.390625000e+1,-2.781250000e-2,-3.109375000e-2,7.023437500e-2,
4.781250000e+1,-4.000000000e-2,-3.976562500e-2,4.929687500e-2,
4.403125000e+1,-4.396875000e-2,-2.960937500e-2,4.968750000e-2,
5.007812500e+1,-4.409375000e-2,-4.171875000e-2,2.992187500e-2,
4.590625000e+1,-5.187500000e-2,-4.890625000e-2,4.000000000e-2,
4.000000000e+1,-3.584375000e-2,-2.015625000e-2,2.960937500e-2,
4.632812500e+1,-4.000000000e-2,-5.007812500e-2,7.000000000e-2,
4.987500000e+1,-3.996875000e-2,-3.000000000e-2,6.031250000e-2,
4.389062500e+1,-4.031250000e-2,-4.000000000e-2,2.039062500e-2,
4.793750000e+1,-2.800000000e-2,-2.125000000e-2,1.000000000e-2,
5.801562500e+1,-3.912500000e-2,-1.906250000e-2,1.906250000e-2,
5.003125000e+1,-3.378125000e-2,-2.148437500e-2,5.757812500e-2,
4.810937500e+1,-2.778125000e-2,-1.000000000e-2,6.992187500e-2,
5.412500000e+1,-3.571875000e-2,-2.078125000e-2,4.968750000e-2,
5.379687500e+1,-3.646875000e-2,-5.085937500e-2,3.968750000e-2,
4.596875000e+1,-2.803125000e-2,-4.984375000e-2,4.101562500e-2,
5.193750000e+1,-4.393750000e-2,-3.007812500e-2,8.023437500e-2,
5.400000000e+1,-3.231250000e-2,-3.015625000e-2,5.945312500e-2,
5.414062500e+1,-2.809375000e-2,-3.015625000e-2,4.007812500e-2,
4.814062500e+1,-3.981250000e-2,-2.015625000e-2,6.015625000e-2,
4.800000000e+1,-4.003125000e-2,-4.093750000e-2,5.000000000e-2,
4.601562500e+1,-3.996875000e-2,-3.914062500e-2,4.953125000e-2,
4.792187500e+1,-3.593750000e-2,-2.140625000e-2,4.046875000e-2,
4.798437500e+1,-4.000000000e-2,-6.023437500e-2,8.031250000e-2,
4.987500000e+1,-3.168750000e-2,-3.960937500e-2,3.851562500e-2,
5.204687500e+1,-3.228125000e-2,-5.007812500e-2,2.054687500e-2,
4.798437500e+1,-3.587500000e-2,-2.984375000e-2,4.007812500e-2,
5.398437500e+1,-3.637500000e-2,-2.992187500e-2,2.992187500e-2,
4.817187500e+1,-4.840625000e-2,-2.007812500e-2,4.000000000e-2,
4.806250000e+1,-3.909375000e-2,-2.984375000e-2,4.000000000e-2,
4.407812500e+1,-2.790625000e-2,-2.039062500e-2,5.015625000e-2,
4.762500000e+1,-3.218750000e-2,-5.109375000e-2,6.015625000e-2,
4.817187500e+1,-4.021875000e-2,-3.882812500e-2,2.976562500e-2,
4.593750000e+1,-4.387500000e-2,-4.062500000e-2,5.125000000e-2,
5.123437500e+1,-4.015625000e-2,-4.968750000e-2,6.007812500e-2,
5.803125000e+1,-4.803125000e-2,-2.976562500e-2,5.960937500e-2,
5.239062500e+1,-3.940625000e-2,-3.015625000e-2,5.000000000e-2,
5.012500000e+1,-3.612500000e-2,-3.015625000e-2,4.859375000e-2,
4.612500000e+1,-3.987500000e-2,-1.992187500e-2,3.062500000e-2,
4.770312500e+1,-3.193750000e-2,-2.000000000e-2,5.953125000e-2,
5.379687500e+1,-3.993750000e-2,-2.968750000e-2,2.000000000e-2,
5.404687500e+1,-4.034375000e-2,-4.898437500e-2,3.992187500e-2,
5.398437500e+1,-3.568750000e-2,-6.039062500e-2,1.000000000e-2,
5.232812500e+1,-4.343750000e-2,-3.515625000e-2,6.976562500e-2,
5.042187500e+1,-3.846875000e-2,-7.656250000e-3,6.015625000e-2,
5.620312500e+1,-2.803125000e-2,-3.890625000e-2,5.921875000e-2,
5.123437500e+1,-4.031250000e-2,-3.023437500e-2,3.000000000e-2,
5.009375000e+1,-4.390625000e-2,-4.921875000e-2,5.000000000e-2,
4.985937500e+1,-3.996875000e-2,-5.085937500e-2,3.000000000e-2,
4.796875000e+1,-3.993750000e-2,-2.984375000e-2,4.945312500e-2,
4.793750000e+1,-3.600000000e-2,-5.000000000e-2,5.031250000e-2,
4.590625000e+1,-4.803125000e-2,-2.976562500e-2,4.968750000e-2,
4.818750000e+1,-3.996875000e-2,-3.023437500e-2,7.000000000e-2,
4.970312500e+1,-3.984375000e-2,-4.007812500e-2,5.015625000e-2,
4.190625000e+1,-2.790625000e-2,-5.000000000e-2,5.000000000e-2,
4.881250000e+1,-3.659375000e-2,-4.000000000e-2,7.000000000e-2,
5.389062500e+1,-3.981250000e-2,-4.007812500e-2,4.093750000e-2,
4.985937500e+1,-4.053125000e-2,-3.000000000e-2,2.976562500e-2,
5.228125000e+1,-4.353125000e-2,-3.000000000e-2,4.007812500e-2,
5.164062500e+1,-3.168750000e-2,-4.101562500e-2,1.992187500e-2,
4.800000000e+1,-3.618750000e-2,-6.078125000e-2,4.890625000e-2,
5.003125000e+1,-3.621875000e-2,-5.835937500e-2,6.023437500e-2,
4.785937500e+1,-4.440625000e-2,-2.992187500e-2,5.007812500e-2,
5.048437500e+1,-4.362500000e-2,-5.085937500e-2,5.054687500e-2,
5.398437500e+1,-3.606250000e-2,-3.851562500e-2,3.000000000e-2,
4.956250000e+1,-3.987500000e-2,-3.023437500e-2,5.031250000e-2,
4.821875000e+1,-3.171875000e-2,-4.062500000e-2,5.007812500e-2,
5.228125000e+1,-3.678125000e-2,-5.023437500e-2,7.101562500e-2,
4.917187500e+1,-4.425000000e-2,-4.960937500e-2,5.945312500e-2,
4.425000000e+1,-3.418750000e-2,-4.007812500e-2,3.007812500e-2,
5.017187500e+1,-2.071875000e-2,-5.054687500e-2,5.976562500e-2,
4.570312500e+1,-4.578125000e-2,-4.937500000e-2,5.062500000e-2,
4.623437500e+1,-5.171875000e-2,-4.046875000e-2,3.976562500e-2,
4.796875000e+1,-4.328125000e-2,-8.000000000e-2,5.859375000e-2,
4.818750000e+1,-3.196875000e-2,-3.281250000e-2,6.140625000e-2,
5.193750000e+1,-3.600000000e-2,-1.953125000e-2,3.210937500e-2,
4.803125000e+1,-3.606250000e-2,-2.617187500e-2,2.757812500e-2,
5.212500000e+1,-3.631250000e-2,-5.210937500e-2,5.976562500e-2,
4.603125000e+1,-3.203125000e-2,-3.007812500e-2,3.960937500e-2,
5.346875000e+1,-3.206250000e-2,-5.007812500e-2,4.000000000e-2,
5.275000000e+1,-2.806250000e-2,-2.007812500e-2,3.007812500e-2,
4.235937500e+1,-3.187500000e-2,-4.000000000e-2,5.000000000e-2,
4.542187500e+1,-3.609375000e-2,-2.007812500e-2,4.078125000e-2,
4.812500000e+1,-3.206250000e-2,-5.015625000e-2,1.000000000e-2,
4.771875000e+1,-3.578125000e-2,-2.976562500e-2,4.007812500e-2,
5.368750000e+1,-3.978125000e-2,-2.976562500e-2,1.992187500e-2,
5.237500000e+1,-4.390625000e-2,-2.039062500e-2,5.015625000e-2,
4.601562500e+1,-4.403125000e-2,-5.093750000e-2,2.929687500e-2,
4.989062500e+1,-3.978125000e-2,-4.976562500e-2,3.078125000e-2,
4.806250000e+1,-3.981250000e-2,-4.062500000e-2,5.023437500e-2,
4.582812500e+1,-1.615625000e-2,-4.867187500e-2,4.976562500e-2,
5.204687500e+1,-4.818750000e-2,-2.062500000e-2,3.906250000e-2,
4.417187500e+1,-3.575000000e-2,-4.945312500e-2,1.992187500e-2,
4.789062500e+1,-3.615625000e-2,-7.031250000e-3,4.187500000e-2,
4.601562500e+1,-4.400000000e-2,-2.156250000e-2,4.757812500e-2,
4.987500000e+1,-3.193750000e-2,-1.867187500e-2,2.070312500e-2,
4.817187500e+1,-3.618750000e-2,-2.328125000e-2,6.101562500e-2,
4.575000000e+1,-3.600000000e-2,-4.953125000e-2,3.843750000e-2,
5.400000000e+1,-4.050000000e-2,-1.875000000e-2,3.960937500e-2,
4.617187500e+1,-4.346875000e-2,-3.117187500e-2,3.101562500e-2,
4.984375000e+1,-3.190625000e-2,-2.890625000e-2,4.914062500e-2,
5.203125000e+1,-4.040625000e-2,-9.921875000e-3,1.992187500e-2,
5.017187500e+1,-4.009375000e-2,-3.156250000e-2,5.085937500e-2,
4.792187500e+1,-4.818750000e-2,-3.929687500e-2,4.976562500e-2,
4.998437500e+1,-4.406250000e-2,-1.945312500e-2,4.992187500e-2,
4.804687500e+1,-3.200000000e-2,-1.992187500e-2,7.000000000e-2,
4.806250000e+1,-3.587500000e-2,-1.000000000e-2,5.015625000e-2,
4.601562500e+1,-3.603125000e-2,-1.929687500e-2,5.000000000e-2,
4.784375000e+1,-3.946875000e-2,-2.859375000e-2,4.000000000e-2,
4.648437500e+1,-4.100000000e-2,-4.156250000e-2,4.984375000e-2,
4.415625000e+1,-2.846875000e-2,-2.226562500e-2,5.054687500e-2,
5.420312500e+1,-3.528125000e-2,-2.046875000e-2,3.039062500e-2,
4.990625000e+1,-3.643750000e-2,-1.000000000e-2,1.875000000e-2,
5.428125000e+1,-3.184375000e-2,-2.992187500e-2,6.914062500e-2,
5.379687500e+1,-3.603125000e-2,0.000000000e+0,5.031250000e-2,
4.803125000e+1,-3.515625000e-2,-1.984375000e-2,5.992187500e-2,
5.201562500e+1,-5.187500000e-2,-3.992187500e-2,4.976562500e-2,
4.787500000e+1,-4.009375000e-2,-1.085937500e-2,7.000000000e-2,
5.221875000e+1,-4.740625000e-2,0.000000000e+0,4.046875000e-2,
5.595312500e+1,-4.831250000e-2,-1.000000000e-2,2.992187500e-2,
5.190625000e+1,-3.600000000e-2,-3.007812500e-2,5.992187500e-2,
5.204687500e+1,-4.003125000e-2,7.812500000e-5,5.078125000e-2,
5.193750000e+1,-3.206250000e-2,-3.015625000e-2,2.992187500e-2,
4.800000000e+1,-3.181250000e-2,-3.984375000e-2,3.984375000e-2,
4.800000000e+1,-3.612500000e-2,-1.039062500e-2,3.968750000e-2,
5.400000000e+1,-2.803125000e-2,-3.125000000e-4,5.007812500e-2,
4.792187500e+1,-3.593750000e-2,-9.765625000e-3,3.000000000e-2,
5.004687500e+1,-4.000000000e-2,-4.687500000e-4,4.992187500e-2,
4.985937500e+1,-4.403125000e-2,-3.023437500e-2,5.000000000e-2,
4.601562500e+1,-4.396875000e-2,-1.000000000e-2,5.984375000e-2,
5.001562500e+1,-3.990625000e-2,0.000000000e+0,5.054687500e-2,
4.800000000e+1,-3.590625000e-2,9.765625000e-3,4.000000000e-2,
4.998437500e+1,-3.196875000e-2,-1.000000000e-2,5.000000000e-2,
4.601562500e+1,-3.615625000e-2,1.000000000e-2,6.007812500e-2,
4.990625000e+1,-4.003125000e-2,-9.921875000e-3,5.000000000e-2,
5.200000000e+1,-3.206250000e-2,-1.000000000e-2,5.031250000e-2,
5.196875000e+1,-3.950000000e-2,-1.007812500e-2,3.992187500e-2,
5.000000000e+1,-4.425000000e-2,9.921875000e-3,5.976562500e-2,
4.396875000e+1,-3.212500000e-2,-9.765625000e-3,2.992187500e-2,
5.600000000e+1,-3.571875000e-2,-9.375000000e-4,6.984375000e-2,
4.970312500e+1,-3.259375000e-2,6.250000000e-4,5.054687500e-2,
4.398437500e+1,-2.409375000e-2,-8.437500000e-3,5.921875000e-2,
5.195312500e+1,-3.359375000e-2,-1.328125000e-2,6.062500000e-2,
4.996875000e+1,-4.837500000e-2,1.015625000e-2,4.101562500e-2,
5.000000000e+1,-4.006250000e-2,-8.906250000e-3,3.992187500e-2,
4.796875000e+1,-4.400000000e-2,7.343750000e-3,4.851562500e-2,
5.400000000e+1,-3.618750000e-2,1.265625000e-2,7.101562500e-2,
5.620312500e+1,-3.993750000e-2,-1.992187500e-2,2.054687500e-2,
4.606250000e+1,-4.006250000e-2,8.359375000e-3,2.890625000e-2,
4.992187500e+1,-3.628125000e-2,1.171875000e-3,4.992187500e-2,
4.806250000e+1,-3.218750000e-2,-2.343750000e-4,4.023437500e-2,
5.154687500e+1,-5.203125000e-2,1.562500000e-4,3.945312500e-2,
5.617187500e+1,-2.809375000e-2,-1.562500000e-4,5.992187500e-2,
4.626562500e+1,-2.821875000e-2,2.343750000e-4,5.015625000e-2,
5.159375000e+1,-3.600000000e-2,-1.015625000e-2,5.007812500e-2,
5.401562500e+1,-3.987500000e-2,0.000000000e+0,4.000000000e-2,
5.214062500e+1,-2.378125000e-2,-9.843750000e-3,4.992187500e-2,
4.603125000e+1,-2.815625000e-2,2.054687500e-2,4.984375000e-2,
4.796875000e+1,-4.412500000e-2,9.609375000e-3,6.000000000e-2,
4.796875000e+1,-3.993750000e-2,1.015625000e-2,3.984375000e-2,
5.596875000e+1,-3.993750000e-2,1.000000000e-2,1.984375000e-2,
5.193750000e+1,-3.628125000e-2,7.812500000e-5,2.984375000e-2,
4.796875000e+1,-4.381250000e-2,-1.007812500e-2,4.968750000e-2,
4.600000000e+1,-3.203125000e-2,-1.000000000e-2,5.023437500e-2,
4.800000000e+1,-4.415625000e-2,-1.562500000e-4,4.000000000e-2,
4.598437500e+1,-3.146875000e-2,-1.000000000e-2,4.976562500e-2,
4.793750000e+1,-3.218750000e-2,1.015625000e-2,4.992187500e-2,
4.965625000e+1,-3.631250000e-2,9.921875000e-3,4.992187500e-2,