CH1,CH2,CH3,CH4,Ts,parameter,value
2.259843750e+2,-9.609375000e-2,-6.800000000e+0,2.688000000e+0,2.000000000e-9,model,"TEKTRONIX,TDS 3034B,0,CF:91.1CT FV:v3.35 TDS3FFT:v1.00 TDS3TRG:v1.00"
2.260000000e+2,-9.587500000e-2,-5.987500000e+0,3.360000000e+0,,captured_at,2026-06-12T19:25:56.328Z
2.260156250e+2,-9.206250000e-2,-5.575000000e+0,4.053000000e+0,,record_length,10000
2.260156250e+2,-1.080000000e-1,-7.196875000e+0,2.016000000e+0,,nb_points,10000
2.320312500e+2,-1.040000000e-1,-5.984375000e+0,2.021250000e+0,,horizontal_scale_s_div,2.0E-6
2.319375000e+2,-1.040312500e-1,-5.612500000e+0,2.693250000e+0,,horizontal_position,
2.279375000e+2,-9.990625000e-2,-6.400000000e+0,3.339000000e+0,,sample_period_Ts,2.0E-9
2.280781250e+2,-9.600000000e-2,-6.006250000e+0,1.317750000e+0,,acquire_mode,SAMPLE
2.320000000e+2,-1.000625000e-1,-6.803125000e+0,2.005500000e+0,,acquire_numavg,16
2.280000000e+2,-1.040312500e-1,-6.390625000e+0,3.360000000e+0,,trigger_type,EDGE
2.300000000e+2,-1.000000000e-1,-7.200000000e+0,1.344000000e+0,,trigger_source,CH1
2.300000000e+2,-1.000625000e-1,-6.393750000e+0,3.328500000e+0,,trigger_slope,RISE
2.280156250e+2,-1.040000000e-1,-6.400000000e+0,4.037250000e+0,,trigger_coupling,DC
2.279843750e+2,-1.000312500e-1,-6.800000000e+0,1.333500000e+0,,trigger_level,1.78E2
2.299843750e+2,-1.040312500e-1,-6.800000000e+0,2.005500000e+0,,CH1_scale_V_div,1.0E2
2.280312500e+2,-9.600000000e-2,-6.806250000e+0,1.349250000e+0,,CH1_position_div,-2.02E0
2.259843750e+2,-9.203125000e-2,-6.403125000e+0,2.016000000e+0,,CH1_offset_V,0.0E0
2.260156250e+2,-1.001250000e-1,-6.800000000e+0,2.677500000e+0,,CH1_coupling_AC_DC,DC
2.280000000e+2,-1.079687500e-1,-6.803125000e+0,4.688250000e+0,,CH1_impedance,MEG
2.300468750e+2,-9.996875000e-2,-6.400000000e+0,4.032000000e+0,,CH1_bandwidth_limit,TWENTY
2.319687500e+2,-1.039687500e-1,-6.800000000e+0,2.688000000e+0,,CH1_invert,0
2.300312500e+2,-9.593750000e-2,-6.400000000e+0,3.344250000e+0,,CH1_probe_atten,1.0E2
2.339843750e+2,-1.000000000e-1,-6.803125000e+0,3.370500000e+0,,CH1_yunit,V
2.280156250e+2,-9.600000000e-2,-6.400000000e+0,2.016000000e+0,,CH2_scale_V_div,2.0E-1
2.300000000e+2,-1.000000000e-1,-6.800000000e+0,2.016000000e+0,,CH2_position_div,-1.32E0
2.279843750e+2,-1.039687500e-1,-6.400000000e+0,2.016000000e+0,,CH2_offset_V,0.0E0
2.339843750e+2,-9.596875000e-2,-6.809375000e+0,2.005500000e+0,,CH2_coupling_AC_DC,DC
2.300312500e+2,-1.000625000e-1,-6.793750000e+0,2.016000000e+0,,CH2_impedance,FIFTY
2.300312500e+2,-1.000937500e-1,-6.000000000e+0,4.032000000e+0,,CH2_bandwidth_limit,TWENTY
2.240625000e+2,-1.080000000e-1,-6.787500000e+0,1.354500000e+0,,CH2_invert,0
2.260781250e+2,-9.996875000e-2,-6.400000000e+0,2.677500000e+0,,CH2_probe_atten,1.0E1
2.320781250e+2,-1.040937500e-1,-6.400000000e+0,2.688000000e+0,,CH2_yunit,A
2.339531250e+2,-1.039375000e-1,-6.403125000e+0,4.704000000e+0,,CH3_scale_V_div,2.24E1
2.279687500e+2,-1.000312500e-1,-7.206250000e+0,3.365250000e+0,,CH3_position_div,-1.8E-1
2.280000000e+2,-1.040000000e-1,-7.206250000e+0,4.032000000e+0,,CH3_offset_V,0.0E0
2.280000000e+2,-1.000000000e-1,-6.803125000e+0,2.682750000e+0,,CH3_coupling_AC_DC,DC
2.300000000e+2,-1.040937500e-1,-6.803125000e+0,2.667000000e+0,,CH3_impedance,MEG
2.300156250e+2,-1.038750000e-1,-6.403125000e+0,4.042500000e+0,,CH3_bandwidth_limit,TWENTY
2.340000000e+2,-9.593750000e-2,-6.400000000e+0,1.344000000e+0,,CH3_invert,1
2.280000000e+2,-1.002187500e-1,-6.803125000e+0,3.354750000e+0,,CH3_probe_atten,1.0E1
2.320000000e+2,-1.038750000e-1,-6.396875000e+0,2.709000000e+0,,CH3_yunit,V
2.299843750e+2,-9.593750000e-2,-6.000000000e+0,2.016000000e+0,,CH4_scale_V_div,3.36E1
2.300000000e+2,-1.000000000e-1,-5.993750000e+0,4.672500000e+0,,CH4_position_div,6.0E-2
2.299843750e+2,-1.040312500e-1,-6.396875000e+0,4.047750000e+0,,CH4_offset_V,0.0E0
2.320000000e+2,-1.080000000e-1,-7.196875000e+0,3.354750000e+0,,CH4_coupling_AC_DC,DC
2.319375000e+2,-1.039687500e-1,-7.196875000e+0,3.365250000e+0,,CH4_impedance,MEG
2.280468750e+2,-1.040312500e-1,-7.206250000e+0,4.032000000e+0,,CH4_bandwidth_limit,TWENTY
2.359687500e+2,-1.040000000e-1,-7.196875000e+0,3.365250000e+0,,CH4_invert,0
2.280000000e+2,-9.996875000e-2,-6.000000000e+0,4.704000000e+0,,CH4_probe_atten,1.0E1
2.398750000e+2,-9.200000000e-2,-7.200000000e+0,2.688000000e+0,,CH4_yunit,V
2.342031250e+2,-9.987500000e-2,-6.400000000e+0,6.042750000e+0,,cursor_function,OFF
2.280000000e+2,-1.000937500e-1,-7.200000000e+0,2.688000000e+0,,,
2.318281250e+2,-9.596875000e-2,-6.796875000e+0,4.032000000e+0,,,
2.361250000e+2,-1.039687500e-1,-6.396875000e+0,2.682750000e+0,,,
2.280781250e+2,-1.002187500e-1,-5.990625000e+0,4.032000000e+0,,,
2.318593750e+2,-9.587500000e-2,-7.196875000e+0,2.016000000e+0,,,
2.319687500e+2,-1.000312500e-1,-6.800000000e+0,4.677750000e+0,,,
2.300000000e+2,-9.596875000e-2,-7.606250000e+0,4.698750000e+0,,,
2.320156250e+2,-1.040000000e-1,-6.406250000e+0,5.365500000e+0,,,
2.340000000e+2,-9.600000000e-2,-8.000000000e+0,4.032000000e+0,,,
2.339843750e+2,-1.040000000e-1,-6.400000000e+0,5.376000000e+0,,,
2.340000000e+2,-9.600000000e-2,-7.600000000e+0,3.360000000e+0,,,
2.340000000e+2,-1.077812500e-1,-6.415625000e+0,4.693500000e+0,,,
2.340625000e+2,-1.001875000e-1,-7.596875000e+0,3.360000000e+0,,,
2.299687500e+2,-9.987500000e-2,-7.587500000e+0,4.730250000e+0,,,
2.359843750e+2,-1.080000000e-1,-6.806250000e+0,5.365500000e+0,,,
2.320156250e+2,-1.000625000e-1,-8.037500000e+0,4.026750000e+0,,,
2.359531250e+2,-9.600000000e-2,-8.384375000e+0,4.037250000e+0,,,
2.340312500e+2,-9.984375000e-2,-6.806250000e+0,4.704000000e+0,,,
2.319531250e+2,-1.040625000e-1,-7.200000000e+0,5.376000000e+0,,,
2.300156250e+2,-1.000000000e-1,-6.800000000e+0,4.698750000e+0,,,
2.340156250e+2,-1.119687500e-1,-7.596875000e+0,4.021500000e+0,,,
2.360000000e+2,-1.120000000e-1,-6.393750000e+0,3.360000000e+0,,,
2.359843750e+2,-1.080000000e-1,-6.800000000e+0,5.365500000e+0,,,
2.340156250e+2,-9.603125000e-2,-7.215625000e+0,2.682750000e+0,,,
2.300000000e+2,-1.036562500e-1,-8.384375000e+0,5.355000000e+0,,,
2.300312500e+2,-1.080625000e-1,-7.615625000e+0,4.704000000e+0,,,
2.399843750e+2,-1.000000000e-1,-6.806250000e+0,4.032000000e+0,,,
2.320156250e+2,-1.000000000e-1,-8.015625000e+0,5.376000000e+0,,,
2.360000000e+2,-9.603125000e-2,-7.996875000e+0,3.365250000e+0,,,
2.340000000e+2,-9.206250000e-2,-7.203125000e+0,4.037250000e+0,,,
2.360468750e+2,-1.080000000e-1,-8.000000000e+0,4.683000000e+0,,,
2.300000000e+2,-9.615625000e-2,-7.196875000e+0,5.370750000e+0,,,
2.379843750e+2,-1.000312500e-1,-8.400000000e+0,4.026750000e+0,,,
2.320000000e+2,-9.584375000e-2,-7.200000000e+0,4.704000000e+0,,,
2.380625000e+2,-1.160000000e-1,-7.993750000e+0,4.011000000e+0,,,
2.379843750e+2,-1.040312500e-1,-5.993750000e+0,3.391500000e+0,,,
2.340156250e+2,-1.079687500e-1,-7.621875000e+0,6.042750000e+0,,,
2.340000000e+2,-1.003750000e-1,-7.615625000e+0,4.719750000e+0,,,
2.340000000e+2,-9.584375000e-2,-7.600000000e+0,4.704000000e+0,,,
2.359687500e+2,-1.080312500e-1,-7.600000000e+0,5.376000000e+0,,,
2.419843750e+2,-1.000000000e-1,-7.600000000e+0,4.032000000e+0,,,
2.380312500e+2,-1.120000000e-1,-7.600000000e+0,4.709250000e+0,,,
2.339531250e+2,-1.080000000e-1,-6.809375000e+0,5.376000000e+0,,,
2.379843750e+2,-1.000000000e-1,-8.393750000e+0,5.376000000e+0,,,
2.321093750e+2,-1.075937500e-1,-8.821875000e+0,4.709250000e+0,,,
2.300781250e+2,-1.120000000e-1,-7.600000000e+0,6.063750000e+0,,,
2.380625000e+2,-1.040000000e-1,-7.203125000e+0,8.736000000e+0,,,
2.359062500e+2,-1.080312500e-1,-8.006250000e+0,5.349750000e+0,,,
2.319843750e+2,-1.080000000e-1,-8.803125000e+0,5.376000000e+0,,,
2.361093750e+2,-1.039687500e-1,-8.393750000e+0,6.037500000e+0,,,
2.419687500e+2,-1.000000000e-1,-8.003125000e+0,7.397250000e+0,,,
2.360468750e+2,-1.038750000e-1,-8.000000000e+0,4.011000000e+0,,,
2.379375000e+2,-1.080625000e-1,-8.409375000e+0,4.709250000e+0,,,
2.380156250e+2,-9.600000000e-2,-9.200000000e+0,5.370750000e+0,,,
2.340000000e+2,-1.000312500e-1,-8.384375000e+0,6.079500000e+0,,,
2.359687500e+2,-8.796875000e-2,-8.409375000e+0,7.386750000e+0,,,
2.379687500e+2,-9.196875000e-2,-8.400000000e+0,4.704000000e+0,,,
2.400000000e+2,-9.578125000e-2,-7.625000000e+0,5.381250000e+0,,,
2.379687500e+2,-1.040000000e-1,-7.203125000e+0,6.720000000e+0,,,
2.380000000e+2,-9.600000000e-2,-8.006250000e+0,5.365500000e+0,,,
2.380000000e+2,-1.000000000e-1,-8.800000000e+0,4.714500000e+0,,,
2.380000000e+2,-1.000312500e-1,-7.993750000e+0,6.042750000e+0,,,
2.380156250e+2,-1.080000000e-1,-8.000000000e+0,5.370750000e+0,,,
2.340000000e+2,-1.080937500e-1,-8.393750000e+0,6.725250000e+0,,,
2.380000000e+2,-1.000000000e-1,-8.806250000e+0,6.720000000e+0,,,
2.379843750e+2,-1.040000000e-1,-8.009375000e+0,6.714750000e+0,,,
2.399687500e+2,-1.000000000e-1,-7.996875000e+0,6.720000000e+0,,,
2.440000000e+2,-1.080000000e-1,-8.800000000e+0,6.048000000e+0,,,
2.380781250e+2,-1.000000000e-1,-8.400000000e+0,6.048000000e+0,,,
2.339843750e+2,-1.080312500e-1,-8.800000000e+0,5.376000000e+0,,,
2.399218750e+2,-1.041250000e-1,-8.403125000e+0,6.037500000e+0,,,
2.440000000e+2,-9.206250000e-2,-8.803125000e+0,6.048000000e+0,,,
2.400000000e+2,-9.981250000e-2,-8.800000000e+0,6.069000000e+0,,,
2.400156250e+2,-1.160000000e-1,-9.203125000e+0,7.360500000e+0,,,
2.420312500e+2,-1.039375000e-1,-8.790625000e+0,4.693500000e+0,,,
2.419062500e+2,-1.000000000e-1,-8.803125000e+0,6.063750000e+0,,,
2.340468750e+2,-1.000000000e-1,-8.796875000e+0,5.365500000e+0,,,
2.459843750e+2,-9.987500000e-2,-8.396875000e+0,5.370750000e+0,,,
2.380312500e+2,-1.079687500e-1,-8.800000000e+0,6.037500000e+0,,,
2.360000000e+2,-1.040625000e-1,-8.396875000e+0,6.714750000e+0,,,
2.379843750e+2,-9.600000000e-2,-8.400000000e+0,5.381250000e+0,,,
2.379687500e+2,-1.000000000e-1,-8.400000000e+0,5.365500000e+0,,,
2.419375000e+2,-1.039687500e-1,-8.800000000e+0,6.048000000e+0,,,
2.420781250e+2,-1.120000000e-1,-9.193750000e+0,6.042750000e+0,,,
2.400312500e+2,-1.040000000e-1,-9.612500000e+0,6.720000000e+0,,,
2.440000000e+2,-9.600000000e-2,-8.800000000e+0,6.725250000e+0,,,
2.399531250e+2,-1.120625000e-1,-9.200000000e+0,8.064000000e+0,,,
2.420781250e+2,-1.038750000e-1,-8.400000000e+0,6.048000000e+0,,,
2.459687500e+2,-1.000625000e-1,-9.203125000e+0,6.063750000e+0,,,
2.399218750e+2,-1.040312500e-1,-9.193750000e+0,7.386750000e+0,,,
2.400468750e+2,-1.000312500e-1,-8.800000000e+0,6.730500000e+0,,,
2.439843750e+2,-1.000937500e-1,-9.196875000e+0,6.720000000e+0,,,
2.419843750e+2,-9.196875000e-2,-9.603125000e+0,6.720000000e+0,,,
2.440625000e+2,-1.080312500e-1,-9.190625000e+0,5.376000000e+0,,,
2.360156250e+2,-9.996875000e-2,-8.406250000e+0,6.725250000e+0,,,
2.438750000e+2,-1.000000000e-1,-9.606250000e+0,6.048000000e+0,,,
2.460781250e+2,-1.120312500e-1,-9.203125000e+0,7.392000000e+0,,,
2.420468750e+2,-1.040000000e-1,-1.000312500e+1,6.042750000e+0,,,
2.500312500e+2,-1.120312500e-1,-9.203125000e+0,6.720000000e+0,,,
2.439218750e+2,-1.000000000e-1,-1.040312500e+1,6.720000000e+0,,,
2.420312500e+2,-1.040000000e-1,-9.200000000e+0,7.392000000e+0,,,
2.440000000e+2,-9.600000000e-2,-9.621875000e+0,6.714750000e+0,,,
2.420000000e+2,-1.040000000e-1,-1.040000000e+1,6.048000000e+0,,,
2.439843750e+2,-1.040625000e-1,-8.831250000e+0,6.042750000e+0,,,
2.399531250e+2,-1.080000000e-1,-9.196875000e+0,7.402500000e+0,,,
2.380000000e+2,-1.119687500e-1,-9.600000000e+0,8.741250000e+0,,,
2.399687500e+2,-9.596875000e-2,-8.796875000e+0,7.392000000e+0,,,
2.440156250e+2,-1.040625000e-1,-1.040625000e+1,8.074500000e+0,,,
2.440156250e+2,-9.590625000e-2,-9.590625000e+0,1.008000000e+1,,,
2.399843750e+2,-1.002187500e-1,-9.596875000e+0,7.402500000e+0,,,
2.459687500e+2,-1.120000000e-1,-9.243750000e+0,8.058750000e+0,,,
2.440000000e+2,-1.000625000e-1,-8.400000000e+0,7.386750000e+0,,,
2.460000000e+2,-9.603125000e-2,-9.209375000e+0,8.730750000e+0,,,
2.439687500e+2,-1.080000000e-1,-1.000625000e+1,6.032250000e+0,,,
2.440156250e+2,-9.578125000e-2,-9.990625000e+0,8.085000000e+0,,,
2.460000000e+2,-9.212500000e-2,-9.600000000e+0,8.064000000e+0,,,
2.439843750e+2,-1.040000000e-1,-9.215625000e+0,7.392000000e+0,,,
2.440000000e+2,-9.600000000e-2,-8.406250000e+0,8.064000000e+0,,,
2.440000000e+2,-1.040000000e-1,-1.039375000e+1,7.392000000e+0,,,
2.480000000e+2,-9.600000000e-2,-1.040000000e+1,8.079750000e+0,,,
2.460000000e+2,-1.000312500e-1,-1.079375000e+1,9.408000000e+0,,,
2.460625000e+2,-9.593750000e-2,-9.600000000e+0,7.397250000e+0,,,
2.380312500e+2,-9.603125000e-2,-1.039687500e+1,8.064000000e+0,,,
2.419531250e+2,-1.040000000e-1,-1.000312500e+1,1.008000000e+1,,,
2.419531250e+2,-9.590625000e-2,-1.040000000e+1,8.074500000e+0,,,
2.420625000e+2,-9.606250000e-2,-1.000000000e+1,6.725250000e+0,,,
2.480000000e+2,-1.041562500e-1,-1.081875000e+1,9.408000000e+0,,,
2.439843750e+2,-1.078437500e-1,-1.119375000e+1,7.392000000e+0,,,
2.480000000e+2,-9.196875000e-2,-9.600000000e+0,8.736000000e+0,,,
2.439843750e+2,-1.040625000e-1,-9.596875000e+0,1.008000000e+1,,,
2.479218750e+2,-9.606250000e-2,-1.040000000e+1,8.741250000e+0,,,
2.480625000e+2,-1.040000000e-1,-1.000000000e+1,8.064000000e+0,,,
2.440000000e+2,-1.080625000e-1,-1.040000000e+1,8.074500000e+0,,,
2.459218750e+2,-9.996875000e-2,-9.587500000e+0,8.730750000e+0,,,
2.520000000e+2,-1.041250000e-1,-9.603125000e+0,7.392000000e+0,,,
2.460937500e+2,-1.079687500e-1,-1.040000000e+1,9.408000000e+0,,,
2.458437500e+2,-9.606250000e-2,-9.209375000e+0,8.757000000e+0,,,
2.520312500e+2,-1.040000000e-1,-1.000000000e+1,8.058750000e+0,,,
2.499843750e+2,-1.000000000e-1,-1.000000000e+1,9.413250000e+0,,,
2.520000000e+2,-1.039062500e-1,-9.590625000e+0,8.730750000e+0,,,
2.499843750e+2,-9.206250000e-2,-9.203125000e+0,8.064000000e+0,,,
2.500000000e+2,-1.080312500e-1,-1.040000000e+1,8.064000000e+0,,,
2.499843750e+2,-9.596875000e-2,-1.000000000e+1,8.741250000e+0,,,
2.480000000e+2,-1.115625000e-1,-1.038750000e+1,9.423750000e+0,,,
2.439843750e+2,-1.118750000e-1,-1.000625000e+1,7.392000000e+0,,,
2.460000000e+2,-9.587500000e-2,-9.600000000e+0,8.736000000e+0,,,
2.480000000e+2,-1.000625000e-1,-1.000312500e+1,9.413250000e+0,,,
2.500156250e+2,-9.600000000e-2,-1.040000000e+1,8.736000000e+0,,,
2.520000000e+2,-1.000000000e-1,-1.040312500e+1,9.408000000e+0,,,
2.520625000e+2,-9.603125000e-2,-1.080625000e+1,9.444750000e+0,,,
2.459843750e+2,-1.040000000e-1,-1.039687500e+1,7.392000000e+0,,,
2.480156250e+2,-1.000000000e-1,-1.120000000e+1,8.074500000e+0,,,
2.480156250e+2,-1.040000000e-1,-1.040312500e+1,8.736000000e+0,,,
2.520625000e+2,-1.000000000e-1,-1.120000000e+1,8.736000000e+0,,,
2.540625000e+2,-1.040625000e-1,-9.990625000e+0,9.423750000e+0,,,
2.559687500e+2,-1.040312500e-1,-1.080937500e+1,1.007475000e+1,,,
2.480000000e+2,-1.041562500e-1,-1.080625000e+1,1.008000000e+1,,,
2.480000000e+2,-9.203125000e-2,-1.120000000e+1,9.402750000e+0,,,
2.500000000e+2,-1.080625000e-1,-1.119375000e+1,8.730750000e+0,,,
2.480000000e+2,-9.587500000e-2,-1.000312500e+1,8.069250000e+0,,,
2.519687500e+2,-1.001250000e-1,-1.039687500e+1,6.720000000e+0,,,
2.541093750e+2,-1.040312500e-1,-1.080625000e+1,8.058750000e+0,,,
2.460000000e+2,-1.040000000e-1,-1.160312500e+1,8.736000000e+0,,,
2.520312500e+2,-1.000312500e-1,-1.080937500e+1,8.736000000e+0,,,
2.459218750e+2,-9.993750000e-2,-1.120000000e+1,8.736000000e+0,,,
2.480312500e+2,-9.206250000e-2,-1.080312500e+1,8.079750000e+0,,,
2.500312500e+2,-1.041562500e-1,-1.040000000e+1,8.064000000e+0,,,
2.520156250e+2,-1.038437500e-1,-1.120625000e+1,1.141875000e+1,,,
2.519687500e+2,-1.000625000e-1,-1.120000000e+1,9.429000000e+0,,,
2.499687500e+2,-1.040000000e-1,-1.160625000e+1,9.413250000e+0,,,
2.499843750e+2,-1.040000000e-1,-1.120312500e+1,8.064000000e+0,,,
2.519687500e+2,-1.040000000e-1,-1.200000000e+1,9.397500000e+0,,,
2.539843750e+2,-9.593750000e-2,-1.160000000e+1,1.005375000e+1,,,
2.540000000e+2,-9.206250000e-2,-1.199687500e+1,7.376250000e+0,,,
2.540468750e+2,-9.596875000e-2,-1.119687500e+1,8.736000000e+0,,,
2.499843750e+2,-9.206250000e-2,-1.159687500e+1,1.008000000e+1,,,
2.539687500e+2,-1.038750000e-1,-1.201562500e+1,1.075200000e+1,,,
2.520156250e+2,-9.996875000e-2,-1.120000000e+1,1.075725000e+1,,,
2.559843750e+2,-1.081250000e-1,-1.119687500e+1,1.008000000e+1,,,
2.499531250e+2,-1.078750000e-1,-1.240000000e+1,1.008525000e+1,,,
2.500000000e+2,-9.993750000e-2,-1.078750000e+1,1.075200000e+1,,,
2.520000000e+2,-1.000937500e-1,-1.079375000e+1,1.008000000e+1,,,
2.559687500e+2,-1.040000000e-1,-1.158750000e+1,1.008000000e+1,,,
2.439687500e+2,-1.000000000e-1,-1.199687500e+1,1.074675000e+1,,,
2.500312500e+2,-1.040625000e-1,-1.200625000e+1,1.075725000e+1,,,
2.540000000e+2,-1.039687500e-1,-1.120312500e+1,1.008000000e+1,,,
2.520000000e+2,-1.041562500e-1,-1.120937500e+1,1.008000000e+1,,,
2.480000000e+2,-1.079062500e-1,-1.160000000e+1,1.008000000e+1,,,
2.520312500e+2,-9.996875000e-2,-1.120000000e+1,1.142400000e+1,,,
2.580000000e+2,-1.080000000e-1,-1.202187500e+1,1.345050000e+1,,,
2.520000000e+2,-1.079375000e-1,-1.040312500e+1,1.076775000e+1,,,
2.580000000e+2,-9.996875000e-2,-1.159687500e+1,1.075725000e+1,,,
2.539218750e+2,-1.000312500e-1,-1.121250000e+1,1.008000000e+1,,,
2.500156250e+2,-1.000625000e-1,-1.280625000e+1,1.075200000e+1,,,
2.540000000e+2,-1.040625000e-1,-1.200312500e+1,1.008525000e+1,,,
2.520156250e+2,-9.996875000e-2,-1.320000000e+1,1.075200000e+1,,,
2.579687500e+2,-8.815625000e-2,-1.160625000e+1,8.736000000e+0,,,
2.540625000e+2,-9.571875000e-2,-1.160000000e+1,1.139775000e+1,,,
2.539843750e+2,-1.040937500e-1,-1.199687500e+1,1.142400000e+1,,,
2.540156250e+2,-9.209375000e-2,-1.279687500e+1,1.275750000e+1,,,
2.539531250e+2,-9.593750000e-2,-1.159687500e+1,9.408000000e+0,,,
2.559375000e+2,-9.615625000e-2,-1.200000000e+1,1.209600000e+1,,,
2.579062500e+2,-9.190625000e-2,-1.121562500e+1,1.076250000e+1,,,
2.599687500e+2,-9.987500000e-2,-1.159375000e+1,1.140825000e+1,,,
2.559843750e+2,-1.000312500e-1,-1.200625000e+1,1.142400000e+1,,,
2.579843750e+2,-9.603125000e-2,-1.200937500e+1,1.074675000e+1,,,
2.539843750e+2,-9.196875000e-2,-1.319375000e+1,1.141875000e+1,,,
2.560468750e+2,-1.040000000e-1,-1.160000000e+1,1.209600000e+1,,,
2.579843750e+2,-8.800000000e-2,-1.278750000e+1,1.142400000e+1,,,
2.540000000e+2,-9.537500000e-2,-1.208125000e+1,1.076250000e+1,,,
2.560000000e+2,-1.040625000e-1,-1.080000000e+1,1.075200000e+1,,,
2.540000000e+2,-9.612500000e-2,-1.240937500e+1,1.211175000e+1,,,
2.579843750e+2,-9.984375000e-2,-1.198750000e+1,1.276800000e+1,,,
2.580312500e+2,-1.120312500e-1,-1.242500000e+1,1.208550000e+1,,,
2.540156250e+2,-9.606250000e-2,-1.279687500e+1,1.007475000e+1,,,
2.559687500e+2,-1.038750000e-1,-1.240000000e+1,1.142400000e+1,,,
2.580468750e+2,-1.000000000e-1,-1.280000000e+1,1.209600000e+1,,,
2.620000000e+2,-1.040312500e-1,-1.240000000e+1,1.275750000e+1,,,
2.579687500e+2,-9.603125000e-2,-1.279062500e+1,1.211175000e+1,,,
2.560312500e+2,-1.000000000e-1,-1.160000000e+1,1.344000000e+1,,,
2.620156250e+2,-1.040000000e-1,-1.240000000e+1,9.392250000e+0,,,
2.620312500e+2,-9.596875000e-2,-1.200625000e+1,1.145025000e+1,,,
2.520000000e+2,-1.078750000e-1,-1.280937500e+1,1.142400000e+1,,,
2.600156250e+2,-1.000625000e-1,-1.160312500e+1,1.209600000e+1,,,
2.580000000e+2,-1.000000000e-1,-1.240312500e+1,1.074675000e+1,,,
2.579843750e+2,-9.600000000e-2,-1.200625000e+1,1.141875000e+1,,,
2.620000000e+2,-1.000000000e-1,-1.280000000e+1,1.141875000e+1,,,
2.540000000e+2,-1.000000000e-1,-1.160000000e+1,1.276800000e+1,,,
2.619531250e+2,-9.600000000e-2,-1.279687500e+1,1.207500000e+1,,,
2.580000000e+2,-9.603125000e-2,-1.240000000e+1,1.411200000e+1,,,
2.619843750e+2,-9.581250000e-2,-1.320000000e+1,1.208025000e+1,,,
2.619843750e+2,-1.080937500e-1,-1.240312500e+1,1.276275000e+1,,,
2.579843750e+2,-9.200000000e-2,-1.319375000e+1,1.139775000e+1,,,
2.580000000e+2,-1.040000000e-1,-1.201562500e+1,1.079400000e+1,,,
2.580000000e+2,-9.596875000e-2,-1.441250000e+1,1.410675000e+1,,,
2.560000000e+2,-1.119375000e-1,-1.320625000e+1,1.211700000e+1,,,
2.580156250e+2,-9.625000000e-2,-1.399687500e+1,1.209600000e+1,,,
2.620000000e+2,-9.596875000e-2,-1.200000000e+1,1.276800000e+1,,,
2.560000000e+2,-9.600000000e-2,-1.320000000e+1,1.344000000e+1,,,
2.619843750e+2,-1.000000000e-1,-1.160000000e+1,1.276800000e+1,,,
2.580625000e+2,-1.000000000e-1,-1.244062500e+1,1.411200000e+1,,,
2.579375000e+2,-1.000000000e-1,-1.400000000e+1,1.075200000e+1,,,
2.619687500e+2,-1.039687500e-1,-1.240937500e+1,1.140300000e+1,,,
2.599531250e+2,-1.000000000e-1,-1.360000000e+1,1.345050000e+1,,,
2.579687500e+2,-9.600000000e-2,-1.279062500e+1,1.478925000e+1,,,
2.580468750e+2,-1.000000000e-1,-1.240000000e+1,1.207500000e+1,,,
2.620312500e+2,-9.196875000e-2,-1.282187500e+1,1.141875000e+1,,,
2.598906250e+2,-9.203125000e-2,-1.399375000e+1,1.142400000e+1,,,
2.540000000e+2,-1.000312500e-1,-1.203125000e+1,1.141350000e+1,,,
2.599218750e+2,-9.206250000e-2,-1.240000000e+1,1.412250000e+1,,,
2.619531250e+2,-9.990625000e-2,-1.319687500e+1,1.342950000e+1,,,
2.640156250e+2,-1.040625000e-1,-1.240000000e+1,1.209075000e+1,,,
2.580156250e+2,-1.000000000e-1,-1.320312500e+1,1.280475000e+1,,,
2.599531250e+2,-1.040000000e-1,-1.239062500e+1,1.411200000e+1,,,
2.620156250e+2,-1.000312500e-1,-1.320000000e+1,1.276800000e+1,,,
2.599843750e+2,-9.993750000e-2,-1.321562500e+1,1.209600000e+1,,,
2.640468750e+2,-1.040000000e-1,-1.239062500e+1,1.344000000e+1,,,
2.639843750e+2,-1.000000000e-1,-1.200312500e+1,1.209075000e+1,,,
2.600000000e+2,-8.800000000e-2,-1.320000000e+1,1.277325000e+1,,,
2.640000000e+2,-9.600000000e-2,-1.160312500e+1,1.276800000e+1,,,
2.620000000e+2,-8.400000000e-2,-1.360000000e+1,1.276800000e+1,,,
2.640000000e+2,-9.981250000e-2,-1.200937500e+1,1.276275000e+1,,,
2.620000000e+2,-1.081250000e-1,-1.319062500e+1,1.276800000e+1,,,
2.620000000e+2,-9.209375000e-2,-1.280312500e+1,1.410675000e+1,,,
2.600000000e+2,-9.600000000e-2,-1.359687500e+1,1.344000000e+1,,,
2.599843750e+2,-1.000312500e-1,-1.359687500e+1,1.276275000e+1,,,
2.639531250e+2,-9.203125000e-2,-1.360000000e+1,1.476825000e+1,,,
2.660000000e+2,-1.040312500e-1,-1.400000000e+1,1.478925000e+1,,,
2.619843750e+2,-1.000625000e-1,-1.402187500e+1,1.347150000e+1,,,
2.660000000e+2,-9.996875000e-2,-1.280000000e+1,1.276800000e+1,,,
2.620000000e+2,-1.000312500e-1,-1.360000000e+1,1.480500000e+1,,,
2.639843750e+2,-9.600000000e-2,-1.438750000e+1,1.405425000e+1,,,
2.599843750e+2,-1.000312500e-1,-1.318750000e+1,1.209075000e+1,,,
2.640312500e+2,-9.996875000e-2,-1.360625000e+1,1.277325000e+1,,,
2.639843750e+2,-8.796875000e-2,-1.400312500e+1,1.277325000e+1,,,
2.620156250e+2,-1.078750000e-1,-1.439375000e+1,1.477350000e+1,,,
2.599843750e+2,-9.215625000e-2,-1.400937500e+1,1.411200000e+1,,,
2.639687500e+2,-9.200000000e-2,-1.320625000e+1,1.477875000e+1,,,
2.660468750e+2,-9.603125000e-2,-1.400000000e+1,1.277325000e+1,,,
2.619843750e+2,-1.000000000e-1,-1.320625000e+1,1.275225000e+1,,,
2.660156250e+2,-1.080000000e-1,-1.280000000e+1,1.411200000e+1,,,
2.619687500e+2,-1.040000000e-1,-1.437812500e+1,1.344000000e+1,,,
2.700781250e+2,-1.080000000e-1,-1.482500000e+1,1.477350000e+1,,,
2.658281250e+2,-1.000000000e-1,-1.319375000e+1,1.478400000e+1,,,
2.600156250e+2,-1.000000000e-1,-1.320312500e+1,1.478400000e+1,,,
2.640312500e+2,-9.606250000e-2,-1.360000000e+1,1.478400000e+1,,,
2.619843750e+2,-1.080937500e-1,-1.480000000e+1,1.410150000e+1,,,
2.640156250e+2,-1.040000000e-1,-1.319062500e+1,1.410675000e+1,,,
2.639843750e+2,-1.041250000e-1,-1.434375000e+1,1.543500000e+1,,,
2.659531250e+2,-9.200000000e-2,-1.520000000e+1,1.545075000e+1,,,
2.680156250e+2,-1.000000000e-1,-1.438125000e+1,1.478400000e+1,,,
2.659843750e+2,-9.600000000e-2,-1.240312500e+1,1.478400000e+1,,,
2.680156250e+2,-9.606250000e-2,-1.401250000e+1,1.409625000e+1,,,
2.639687500e+2,-1.120000000e-1,-1.400000000e+1,1.344000000e+1,,,
2.699687500e+2,-9.615625000e-2,-1.480000000e+1,1.412250000e+1,,,
2.639062500e+2,-9.593750000e-2,-1.480000000e+1,1.277325000e+1,,,
2.620312500e+2,-9.996875000e-2,-1.479687500e+1,1.612800000e+1,,,
2.639843750e+2,-1.080000000e-1,-1.359375000e+1,1.411200000e+1,,,
2.620156250e+2,-9.596875000e-2,-1.360000000e+1,1.411200000e+1,,,
2.680156250e+2,-1.000000000e-1,-1.440625000e+1,1.411200000e+1,,,
2.660000000e+2,-9.600000000e-2,-1.440000000e+1,1.411200000e+1,,,
2.679843750e+2,-1.040625000e-1,-1.478437500e+1,1.410675000e+1,,,
2.639843750e+2,-9.200000000e-2,-1.520312500e+1,1.478400000e+1,,,
2.679687500e+2,-9.603125000e-2,-1.440000000e+1,1.411725000e+1,,,
2.700156250e+2,-9.600000000e-2,-1.319687500e+1,1.344000000e+1,,,
2.619843750e+2,-1.000625000e-1,-1.561250000e+1,1.344000000e+1,,,
2.659687500e+2,-1.039062500e-1,-1.478750000e+1,1.411200000e+1,,,
2.700156250e+2,-9.609375000e-2,-1.480312500e+1,1.545600000e+1,,,
2.620625000e+2,-1.117500000e-1,-1.399375000e+1,1.413825000e+1,,,
2.620000000e+2,-1.040625000e-1,-1.480312500e+1,1.410675000e+1,,,
2.680000000e+2,-1.000312500e-1,-1.440625000e+1,1.546125000e+1,,,
2.679843750e+2,-1.079687500e-1,-1.559375000e+1,1.543500000e+1,,,
2.679843750e+2,-9.190625000e-2,-1.399375000e+1,1.479450000e+1,,,
2.659843750e+2,-1.001250000e-1,-1.520625000e+1,1.612800000e+1,,,
2.660156250e+2,-1.000625000e-1,-1.400937500e+1,1.411200000e+1,,,
2.700000000e+2,-9.600000000e-2,-1.440000000e+1,1.612800000e+1,,,
2.700000000e+2,-1.000312500e-1,-1.360000000e+1,1.276800000e+1,,,
2.700000000e+2,-1.000312500e-1,-1.440000000e+1,1.547700000e+1,,,
2.700000000e+2,-1.080312500e-1,-1.520000000e+1,1.545600000e+1,,,
2.680312500e+2,-9.987500000e-2,-1.479687500e+1,1.612800000e+1,,,
2.659843750e+2,-9.600000000e-2,-1.439687500e+1,1.478400000e+1,,,
2.679843750e+2,-9.996875000e-2,-1.480625000e+1,1.680000000e+1,,,
2.679843750e+2,-1.000000000e-1,-1.439687500e+1,1.412250000e+1,,,
2.679843750e+2,-1.000000000e-1,-1.559687500e+1,1.412250000e+1,,,
2.680156250e+2,-1.000000000e-1,-1.520000000e+1,1.680525000e+1,,,
2.700000000e+2,-1.000625000e-1,-1.559687500e+1,1.612800000e+1,,,
2.700625000e+2,-1.040312500e-1,-1.480000000e+1,1.612800000e+1,,,
2.759687500e+2,-9.993750000e-2,-1.599687500e+1,1.545600000e+1,,,
2.680468750e+2,-9.600000000e-2,-1.600312500e+1,1.545600000e+1,,,
2.719687500e+2,-1.000000000e-1,-1.560312500e+1,1.478400000e+1,,,
2.680000000e+2,-1.039375000e-1,-1.560625000e+1,1.480500000e+1,,,
2.699843750e+2,-1.119687500e-1,-1.599062500e+1,1.679475000e+1,,,
2.699843750e+2,-9.993750000e-2,-1.520312500e+1,1.344000000e+1,,,
2.720156250e+2,-1.000000000e-1,-1.640000000e+1,1.478400000e+1,,,
2.699375000e+2,-9.590625000e-2,-1.521875000e+1,1.546650000e+1,,,
2.739843750e+2,-1.040312500e-1,-1.520000000e+1,1.477875000e+1,,,
2.699843750e+2,-8.796875000e-2,-1.520000000e+1,1.680525000e+1,,,
2.740312500e+2,-9.625000000e-2,-1.599687500e+1,1.477350000e+1,,,
2.719531250e+2,-1.080312500e-1,-1.520312500e+1,1.410675000e+1,,,
2.700000000e+2,-1.040000000e-1,-1.640000000e+1,1.613850000e+1,,,
2.740000000e+2,-1.079687500e-1,-1.479687500e+1,1.612800000e+1,,,
2.700000000e+2,-9.606250000e-2,-1.518437500e+1,1.613325000e+1,,,
2.719687500e+2,-1.040625000e-1,-1.519687500e+1,1.545600000e+1,,,
2.640000000e+2,-1.000000000e-1,-1.600000000e+1,1.545600000e+1,,,
2.680000000e+2,-1.040000000e-1,-1.519687500e+1,1.545075000e+1,,,
2.740156250e+2,-1.001250000e-1,-1.560000000e+1,1.612800000e+1,,,
2.720000000e+2,-1.078125000e-1,-1.559687500e+1,1.612800000e+1,,,
2.720000000e+2,-8.803125000e-2,-1.519687500e+1,1.681050000e+1,,,
2.699843750e+2,-1.080000000e-1,-1.560000000e+1,1.612800000e+1,,,
2.699843750e+2,-9.600000000e-2,-1.520000000e+1,1.746675000e+1,,,
2.700468750e+2,-1.041250000e-1,-1.560000000e+1,1.545075000e+1,,,
2.740000000e+2,-1.038750000e-1,-1.520312500e+1,1.680525000e+1,,,
2.699218750e+2,-9.600000000e-2,-1.600937500e+1,1.543500000e+1,,,
2.700000000e+2,-1.000625000e-1,-1.518437500e+1,1.611750000e+1,,,
2.720000000e+2,-9.612500000e-2,-1.479375000e+1,1.814400000e+1,,,
2.720000000e+2,-9.203125000e-2,-1.560000000e+1,1.545075000e+1,,,
2.740156250e+2,-1.001250000e-1,-1.638750000e+1,1.678950000e+1,,,
2.679531250e+2,-1.079062500e-1,-1.440312500e+1,1.545600000e+1,,,
2.799843750e+2,-1.000937500e-1,-1.599375000e+1,1.613325000e+1,,,
2.721718750e+2,-1.160937500e-1,-1.599687500e+1,1.680000000e+1,,,
2.699218750e+2,-1.000000000e-1,-1.519687500e+1,1.613850000e+1,,,
2.739218750e+2,-8.806250000e-2,-1.636875000e+1,1.614375000e+1,,,
2.679687500e+2,-1.001250000e-1,-1.640625000e+1,1.747725000e+1,,,
2.720000000e+2,-9.987500000e-2,-1.480312500e+1,1.480500000e+1,,,
2.700312500e+2,-9.193750000e-2,-1.600000000e+1,1.612800000e+1,,,
2.760468750e+2,-9.200000000e-2,-1.559062500e+1,1.814400000e+1,,,
2.739531250e+2,-9.631250000e-2,-1.559687500e+1,1.615425000e+1,,,
2.740312500e+2,-1.040000000e-1,-1.637187500e+1,1.611225000e+1,,,
2.759843750e+2,-8.800000000e-2,-1.680000000e+1,1.680000000e+1,,,
2.740468750e+2,-1.080000000e-1,-1.600000000e+1,1.679475000e+1,,,
2.719843750e+2,-9.175000000e-2,-1.480000000e+1,1.812825000e+1,,,
2.760000000e+2,-8.421875000e-2,-1.601562500e+1,1.544550000e+1,,,
2.700625000e+2,-1.040937500e-1,-1.559375000e+1,1.680000000e+1,,,
2.718906250e+2,-9.190625000e-2,-1.560000000e+1,1.612800000e+1,,,
2.780000000e+2,-1.036250000e-1,-1.600312500e+1,1.613850000e+1,,,
2.719062500e+2,-1.079687500e-1,-1.560000000e+1,1.544550000e+1,,,
2.700156250e+2,-1.039687500e-1,-1.560000000e+1,1.814400000e+1,,,
2.720000000e+2,-9.990625000e-2,-1.600000000e+1,1.746675000e+1,,,
2.720156250e+2,-9.187500000e-2,-1.520000000e+1,1.813875000e+1,,,
2.760000000e+2,-8.809375000e-2,-1.638750000e+1,1.680000000e+1,,,
2.739843750e+2,-9.996875000e-2,-1.681250000e+1,1.612275000e+1,,,
2.720000000e+2,-1.000625000e-1,-1.600625000e+1,1.544550000e+1,,,
2.740000000e+2,-1.080000000e-1,-1.639375000e+1,1.746675000e+1,,,
2.740000000e+2,-9.996875000e-2,-1.640312500e+1,1.680000000e+1,,,
2.720000000e+2,-1.039687500e-1,-1.560000000e+1,1.747200000e+1,,,
2.700000000e+2,-9.587500000e-2,-1.640312500e+1,1.680525000e+1,,,
2.740156250e+2,-1.000937500e-1,-1.640000000e+1,1.680000000e+1,,,
2.739843750e+2,-9.600000000e-2,-1.643437500e+1,1.744575000e+1,,,
2.779843750e+2,-9.203125000e-2,-1.520000000e+1,1.815450000e+1,,,
2.780000000e+2,-1.000312500e-1,-1.679687500e+1,1.611750000e+1,,,
2.720000000e+2,-9.990625000e-2,-1.599062500e+1,1.749825000e+1,,,
2.780625000e+2,-9.209375000e-2,-1.640000000e+1,1.881600000e+1,,,
2.779375000e+2,-1.040937500e-1,-1.600312500e+1,1.680000000e+1,,,
2.740156250e+2,-9.593750000e-2,-1.680000000e+1,1.881600000e+1,,,
2.780156250e+2,-9.593750000e-2,-1.640937500e+1,1.747200000e+1,,,
2.720625000e+2,-9.978125000e-2,-1.480000000e+1,1.878975000e+1,,,
2.739687500e+2,-1.120000000e-1,-1.639062500e+1,1.948800000e+1,,,
2.740156250e+2,-1.001562500e-1,-1.758750000e+1,1.881075000e+1,,,
2.759062500e+2,-9.603125000e-2,-1.559687500e+1,1.813350000e+1,,,
2.798750000e+2,-8.815625000e-2,-1.637500000e+1,1.881600000e+1,,,
2.801718750e+2,-9.156250000e-2,-1.721875000e+1,1.748775000e+1,,,
2.719843750e+2,-1.039375000e-1,-1.600625000e+1,1.744575000e+1,,,
2.780312500e+2,-1.000312500e-1,-1.639687500e+1,1.948275000e+1,,,
2.800000000e+2,-1.000312500e-1,-1.640625000e+1,1.880025000e+1,,,
2.779843750e+2,-9.203125000e-2,-1.679375000e+1,1.747725000e+1,,,
2.780156250e+2,-9.600000000e-2,-1.560000000e+1,1.747200000e+1,,,
2.779843750e+2,-9.600000000e-2,-1.639687500e+1,1.814400000e+1,,,
2.760000000e+2,-1.000312500e-1,-1.600312500e+1,2.018100000e+1,,,
2.779687500e+2,-9.218750000e-2,-1.679687500e+1,1.747200000e+1,,,
2.779843750e+2,-9.181250000e-2,-1.720312500e+1,1.883175000e+1,,,
2.800000000e+2,-1.079687500e-1,-1.718750000e+1,1.812825000e+1,,,
2.760312500e+2,-1.000312500e-1,-1.639375000e+1,1.746675000e+1,,,
2.759843750e+2,-9.987500000e-2,-1.680937500e+1,1.748250000e+1,,,
2.779375000e+2,-1.120000000e-1,-1.720000000e+1,1.881600000e+1,,,
2.819843750e+2,-1.002500000e-1,-1.720000000e+1,1.814400000e+1,,,
2.779687500e+2,-9.593750000e-2,-1.680000000e+1,1.813350000e+1,,,
2.800000000e+2,-1.000000000e-1,-1.599687500e+1,1.815975000e+1,,,
2.799687500e+2,-9.600000000e-2,-1.640312500e+1,2.083200000e+1,,,
2.759843750e+2,-1.040000000e-1,-1.680000000e+1,1.878975000e+1,,,
2.759843750e+2,-9.206250000e-2,-1.801250000e+1,1.746150000e+1,,,
2.780000000e+2,-9.581250000e-2,-1.764062500e+1,1.745100000e+1,,,
2.800000000e+2,-9.603125000e-2,-1.600937500e+1,1.948800000e+1,,,
2.780156250e+2,-9.600000000e-2,-1.600625000e+1,1.813875000e+1,,,
2.739843750e+2,-1.000000000e-1,-1.681562500e+1,1.814400000e+1,,,
2.820000000e+2,-8.800000000e-2,-1.760312500e+1,1.814400000e+1,,,
2.760156250e+2,-1.000312500e-1,-1.719062500e+1,1.747200000e+1,,,
2.779687500e+2,-9.600000000e-2,-1.640000000e+1,1.879500000e+1,,,
2.780000000e+2,-9.200000000e-2,-1.719687500e+1,1.881075000e+1,,,
2.820000000e+2,-9.590625000e-2,-1.639062500e+1,1.814925000e+1,,,
2.779843750e+2,-9.996875000e-2,-1.600312500e+1,1.881075000e+1,,,
2.799687500e+2,-1.040000000e-1,-1.640312500e+1,1.747200000e+1,,,
2.740000000e+2,-1.040625000e-1,-1.640312500e+1,1.951425000e+1,,,
2.819687500e+2,-8.803125000e-2,-1.680000000e+1,1.948275000e+1,,,
2.800000000e+2,-9.971875000e-2,-1.677500000e+1,2.017575000e+1,,,
2.799843750e+2,-1.000937500e-1,-1.800312500e+1,1.679475000e+1,,,
2.760000000e+2,-9.606250000e-2,-1.719375000e+1,1.881600000e+1,,,
2.799531250e+2,-9.200000000e-2,-1.720000000e+1,1.814400000e+1,,,
2.800000000e+2,-1.000000000e-1,-1.680000000e+1,1.814925000e+1,,,
2.779843750e+2,-1.040000000e-1,-1.681875000e+1,1.948800000e+1,,,
2.799843750e+2,-9.200000000e-2,-1.800000000e+1,1.545600000e+1,,,
2.780625000e+2,-1.036250000e-1,-1.727187500e+1,1.811775000e+1,,,
2.761093750e+2,-1.000000000e-1,-1.600000000e+1,1.882125000e+1,,,
2.839218750e+2,-9.200000000e-2,-1.760000000e+1,1.948275000e+1,,,
2.699375000e+2,-1.000312500e-1,-1.600000000e+1,2.017050000e+1,,,
2.801093750e+2,-9.596875000e-2,-1.722187500e+1,2.014950000e+1,,,
2.779375000e+2,-9.200000000e-2,-1.759062500e+1,1.747200000e+1,,,
2.780156250e+2,-9.596875000e-2,-1.679062500e+1,1.948275000e+1,,,
2.799531250e+2,-1.000625000e-1,-1.760000000e+1,1.813875000e+1,,,
2.800937500e+2,-9.212500000e-2,-1.639687500e+1,1.881075000e+1,,,
2.740000000e+2,-9.187500000e-2,-1.680000000e+1,1.746675000e+1,,,
2.779687500e+2,-1.119687500e-1,-1.599687500e+1,1.883700000e+1,,,
2.800156250e+2,-1.039375000e-1,-1.723125000e+1,1.881600000e+1,,,
2.799687500e+2,-9.603125000e-2,-1.760000000e+1,1.881600000e+1,,,
2.820625000e+2,-1.000937500e-1,-1.721562500e+1,1.814400000e+1,,,
2.759687500e+2,-9.203125000e-2,-1.680312500e+1,1.948800000e+1,,,
2.800156250e+2,-9.600000000e-2,-1.760312500e+1,1.881075000e+1,,,
2.819843750e+2,-1.000000000e-1,-1.760000000e+1,1.813875000e+1,,,
2.820000000e+2,-1.000312500e-1,-1.560312500e+1,1.813875000e+1,,,
2.820000000e+2,-1.040000000e-1,-1.760000000e+1,1.947750000e+1,,,
2.800000000e+2,-9.609375000e-2,-1.681875000e+1,2.081625000e+1,,,
2.840000000e+2,-8.803125000e-2,-1.639062500e+1,1.881600000e+1,,,
2.800156250e+2,-8.800000000e-2,-1.759062500e+1,2.082675000e+1,,,
2.799843750e+2,-9.200000000e-2,-1.760312500e+1,1.814400000e+1,,,
2.820000000e+2,-1.000312500e-1,-1.680625000e+1,1.881075000e+1,,,
2.780000000e+2,-8.800000000e-2,-1.760000000e+1,1.882125000e+1,,,
2.819843750e+2,-1.000312500e-1,-1.640000000e+1,1.814400000e+1,,,
2.819843750e+2,-9.212500000e-2,-1.797187500e+1,1.880025000e+1,,,
2.860000000e+2,-8.800000000e-2,-1.759687500e+1,1.948800000e+1,,,
2.820000000e+2,-9.196875000e-2,-1.720000000e+1,2.084250000e+1,,,
2.779843750e+2,-9.600000000e-2,-1.761562500e+1,2.010225000e+1,,,
2.739687500e+2,-9.603125000e-2,-1.757500000e+1,1.746150000e+1,,,
2.740625000e+2,-1.000000000e-1,-1.640000000e+1,1.816500000e+1,,,
2.819843750e+2,-9.600000000e-2,-1.761250000e+1,1.880025000e+1,,,
2.760000000e+2,-9.978125000e-2,-1.762812500e+1,1.812300000e+1,,,
2.819687500e+2,-1.040312500e-1,-1.720000000e+1,2.082675000e+1,,,
2.820000000e+2,-9.603125000e-2,-1.760312500e+1,1.879500000e+1,,,
2.819687500e+2,-9.600000000e-2,-1.760000000e+1,1.948275000e+1,,,
2.839843750e+2,-9.600000000e-2,-1.760000000e+1,2.016000000e+1,,,
2.820937500e+2,-9.596875000e-2,-1.800000000e+1,2.016000000e+1,,,
2.779531250e+2,-1.038750000e-1,-1.760625000e+1,2.015475000e+1,,,
2.820000000e+2,-1.040000000e-1,-1.760312500e+1,2.016525000e+1,,,
2.779531250e+2,-8.800000000e-2,-1.760000000e+1,1.881075000e+1,,,
2.800156250e+2,-8.806250000e-2,-1.758750000e+1,1.948275000e+1,,,
2.799843750e+2,-9.203125000e-2,-1.600000000e+1,2.016000000e+1,,,
2.800000000e+2,-9.606250000e-2,-1.800000000e+1,2.014950000e+1,,,
2.799531250e+2,-9.593750000e-2,-1.598437500e+1,1.948800000e+1,,,
2.780156250e+2,-8.796875000e-2,-1.714062500e+1,2.012850000e+1,,,
2.839531250e+2,-9.600000000e-2,-1.760000000e+1,2.150400000e+1,,,
2.820312500e+2,-8.800000000e-2,-1.720000000e+1,2.016000000e+1,,,
2.819843750e+2,-9.606250000e-2,-1.719687500e+1,1.881600000e+1,,,
2.820000000e+2,-1.040000000e-1,-1.680625000e+1,2.017050000e+1,,,
2.820000000e+2,-9.200000000e-2,-1.759375000e+1,1.948275000e+1,,,
2.819687500e+2,-9.993750000e-2,-1.640312500e+1,1.880025000e+1,,,
2.840312500e+2,-9.609375000e-2,-1.799062500e+1,2.083200000e+1,,,
2.839687500e+2,-9.203125000e-2,-1.800000000e+1,1.948800000e+1,,,
2.799687500e+2,-9.200000000e-2,-1.798437500e+1,1.814400000e+1,,,
2.800156250e+2,-9.603125000e-2,-1.640000000e+1,1.881600000e+1,,,
2.820000000e+2,-1.000000000e-1,-1.881562500e+1,1.881600000e+1,,,
2.820000000e+2,-9.200000000e-2,-1.760000000e+1,1.881600000e+1,,,
2.859843750e+2,-9.590625000e-2,-1.798125000e+1,1.881075000e+1,,,
2.799375000e+2,-9.600000000e-2,-1.800000000e+1,1.948275000e+1,,,
2.799687500e+2,-8.796875000e-2,-1.800000000e+1,1.813350000e+1,,,
2.859843750e+2,-8.806250000e-2,-1.720312500e+1,2.082675000e+1,,,
2.839843750e+2,-9.200000000e-2,-1.760937500e+1,1.948275000e+1,,,
2.820156250e+2,-9.209375000e-2,-1.840000000e+1,2.016000000e+1,,,
2.780156250e+2,-9.996875000e-2,-1.800312500e+1,2.015475000e+1,,,
2.779687500e+2,-9.190625000e-2,-1.840000000e+1,2.084250000e+1,,,
2.800000000e+2,-1.039687500e-1,-1.800000000e+1,1.949325000e+1,,,
2.780000000e+2,-1.000312500e-1,-1.840000000e+1,1.880550000e+1,,,
2.820156250e+2,-1.080000000e-1,-1.800625000e+1,1.746150000e+1,,,
2.799687500e+2,-9.584375000e-2,-1.878750000e+1,1.883175000e+1,,,
2.820000000e+2,-9.200000000e-2,-1.760000000e+1,2.083200000e+1,,,
2.840000000e+2,-9.190625000e-2,-1.840312500e+1,2.082675000e+1,,,
2.840000000e+2,-1.000312500e-1,-1.719687500e+1,1.948800000e+1,,,
2.880000000e+2,-8.796875000e-2,-1.800000000e+1,1.881600000e+1,,,
2.800000000e+2,-9.206250000e-2,-1.760000000e+1,1.949325000e+1,,,
2.839843750e+2,-1.000312500e-1,-1.720000000e+1,2.083200000e+1,,,
2.840468750e+2,-9.593750000e-2,-1.800625000e+1,2.150925000e+1,,,
2.800312500e+2,-9.603125000e-2,-1.879687500e+1,1.881600000e+1,,,
2.799687500e+2,-9.993750000e-2,-1.882500000e+1,2.149875000e+1,,,
2.799218750e+2,-9.996875000e-2,-1.760312500e+1,1.949850000e+1,,,
2.760000000e+2,-9.193750000e-2,-1.840000000e+1,1.882125000e+1,,,
2.821250000e+2,-9.209375000e-2,-1.798750000e+1,2.083200000e+1,,,
2.839531250e+2,-1.000937500e-1,-1.760625000e+1,1.881600000e+1,,,
2.799375000e+2,-9.993750000e-2,-1.840000000e+1,2.016000000e+1,,,
2.780000000e+2,-9.596875000e-2,-1.760000000e+1,1.950375000e+1,,,
2.799531250e+2,-9.596875000e-2,-1.839375000e+1,1.814400000e+1,,,
2.819531250e+2,-1.000000000e-1,-1.960312500e+1,1.948800000e+1,,,
2.839843750e+2,-1.000312500e-1,-1.839375000e+1,1.948275000e+1,,,
2.840000000e+2,-1.000312500e-1,-1.839062500e+1,1.948800000e+1,,,
2.820000000e+2,-9.996875000e-2,-1.760312500e+1,1.948800000e+1,,,
2.800312500e+2,-9.603125000e-2,-1.880312500e+1,2.083200000e+1,,,
2.780156250e+2,-1.037812500e-1,-1.840000000e+1,1.950900000e+1,,,
2.821562500e+2,-1.120000000e-1,-1.880000000e+1,1.948275000e+1,,,
2.879375000e+2,-1.079687500e-1,-1.760000000e+1,2.084250000e+1,,,
2.799375000e+2,-9.993750000e-2,-1.880625000e+1,2.082675000e+1,,,
2.840625000e+2,-9.600000000e-2,-1.800000000e+1,1.948275000e+1,,,
2.860000000e+2,-9.596875000e-2,-1.840000000e+1,2.151450000e+1,,,
2.840000000e+2,-9.606250000e-2,-1.760000000e+1,2.082675000e+1,,,
2.860000000e+2,-1.077187500e-1,-1.838125000e+1,2.016525000e+1,,,
2.859218750e+2,-1.078750000e-1,-1.840000000e+1,2.016000000e+1,,,
2.780000000e+2,-8.775000000e-2,-1.880000000e+1,2.150400000e+1,,,
2.880000000e+2,-9.237500000e-2,-1.799687500e+1,2.083725000e+1,,,
2.839687500e+2,-1.079687500e-1,-1.800000000e+1,2.083200000e+1,,,
2.800000000e+2,-9.178125000e-2,-1.839687500e+1,2.016000000e+1,,,
2.839531250e+2,-9.612500000e-2,-1.799062500e+1,1.950375000e+1,,,
2.840000000e+2,-1.000000000e-1,-1.919375000e+1,1.881600000e+1,,,
2.860312500e+2,-9.596875000e-2,-1.879375000e+1,1.949325000e+1,,,
2.859375000e+2,-9.203125000e-2,-1.839687500e+1,2.016525000e+1,,,
2.799062500e+2,-1.001562500e-1,-1.840937500e+1,2.083200000e+1,,,
2.801093750e+2,-1.040625000e-1,-1.878125000e+1,2.013375000e+1,,,
2.860000000e+2,-1.080000000e-1,-1.760000000e+1,1.948275000e+1,,,
2.820000000e+2,-1.002187500e-1,-1.877187500e+1,2.082675000e+1,,,
2.840156250e+2,-9.203125000e-2,-1.840000000e+1,2.016000000e+1,,,
2.860000000e+2,-1.080625000e-1,-1.840000000e+1,2.084250000e+1,,,
2.820156250e+2,-9.581250000e-2,-1.840000000e+1,1.881600000e+1,,,
2.839843750e+2,-9.615625000e-2,-1.879687500e+1,2.083725000e+1,,,
2.859843750e+2,-1.080625000e-1,-1.920625000e+1,2.017575000e+1,,,
2.859843750e+2,-1.040000000e-1,-2.000000000e+1,2.014425000e+1,,,
2.859531250e+2,-9.996875000e-2,-1.922500000e+1,2.217600000e+1,,,
2.819531250e+2,-1.001250000e-1,-1.880000000e+1,2.083725000e+1,,,
2.840468750e+2,-1.078750000e-1,-1.920000000e+1,2.082150000e+1,,,
2.880000000e+2,-9.187500000e-2,-1.880000000e+1,2.083200000e+1,,,
2.859687500e+2,-1.003437500e-1,-1.879687500e+1,2.016000000e+1,,,
2.880625000e+2,-1.080000000e-1,-1.800312500e+1,2.081625000e+1,,,
2.920000000e+2,-1.000000000e-1,-1.796250000e+1,2.150925000e+1,,,
2.880312500e+2,-9.200000000e-2,-1.880000000e+1,2.083200000e+1,,,
2.860000000e+2,-1.040000000e-1,-1.760000000e+1,2.150400000e+1,,,
2.859843750e+2,-9.984375000e-2,-1.920937500e+1,2.014425000e+1,,,
2.880000000e+2,-9.215625000e-2,-1.998437500e+1,2.016000000e+1,,,
2.839843750e+2,-1.121250000e-1,-1.839062500e+1,2.083200000e+1,,,
2.899531250e+2,-9.981250000e-2,-1.840000000e+1,2.284800000e+1,,,
2.880625000e+2,-9.593750000e-2,-1.883437500e+1,2.017575000e+1,,,
2.880781250e+2,-9.603125000e-2,-1.800000000e+1,2.081625000e+1,,,
2.939687500e+2,-1.001250000e-1,-1.959687500e+1,2.150400000e+1,,,
2.859531250e+2,-1.039062500e-1,-1.879687500e+1,2.218125000e+1,,,
2.880000000e+2,-9.187500000e-2,-1.880937500e+1,2.284800000e+1,,,
2.860000000e+2,-9.209375000e-2,-1.960000000e+1,2.150400000e+1,,,
2.880000000e+2,-9.600000000e-2,-1.881562500e+1,2.083200000e+1,,,
2.860000000e+2,-9.603125000e-2,-1.878750000e+1,2.148300000e+1,,,
2.900000000e+2,-9.996875000e-2,-1.959687500e+1,2.285325000e+1,,,
2.860000000e+2,-9.606250000e-2,-1.880625000e+1,2.083200000e+1,,,
2.840000000e+2,-1.041562500e-1,-1.800000000e+1,2.150400000e+1,,,
2.840000000e+2,-9.975000000e-2,-1.840312500e+1,2.016525000e+1,,,
2.900000000e+2,-9.618750000e-2,-1.840000000e+1,2.217600000e+1,,,
2.860000000e+2,-1.080000000e-1,-1.878125000e+1,2.352000000e+1,,,
2.879843750e+2,-1.039375000e-1,-1.920000000e+1,2.219175000e+1,,,
2.880000000e+2,-1.040000000e-1,-1.880312500e+1,2.083200000e+1,,,
2.859843750e+2,-1.040000000e-1,-1.840000000e+1,2.151975000e+1,,,
2.860312500e+2,-1.000000000e-1,-1.839062500e+1,2.217600000e+1,,,
2.879531250e+2,-9.990625000e-2,-1.760000000e+1,2.082675000e+1,,,
2.820000000e+2,-9.203125000e-2,-1.840000000e+1,2.150400000e+1,,,
2.879375000e+2,-1.000937500e-1,-1.840312500e+1,2.083200000e+1,,,
2.860156250e+2,-9.190625000e-2,-1.760000000e+1,2.215500000e+1,,,
2.880000000e+2,-1.079062500e-1,-1.919687500e+1,2.284800000e+1,,,
2.859687500e+2,-1.001250000e-1,-1.879062500e+1,2.284275000e+1,,,
2.880468750e+2,-1.000000000e-1,-1.840000000e+1,2.149875000e+1,,,
2.858437500e+2,-9.603125000e-2,-1.840000000e+1,2.284800000e+1,,,
2.940312500e+2,-9.628125000e-2,-1.877500000e+1,2.217600000e+1,,,
2.859843750e+2,-8.793750000e-2,-2.000000000e+1,2.219175000e+1,,,
2.920000000e+2,-9.996875000e-2,-1.921250000e+1,2.082675000e+1,,,
2.860000000e+2,-9.203125000e-2,-1.880312500e+1,2.286900000e+1,,,
2.920000000e+2,-9.600000000e-2,-1.920625000e+1,2.352000000e+1,,,
2.879375000e+2,-9.600000000e-2,-1.960000000e+1,2.217600000e+1,,,
2.860000000e+2,-9.200000000e-2,-1.920625000e+1,2.150400000e+1,,,
2.900000000e+2,-9.993750000e-2,-1.842812500e+1,2.219175000e+1,,,
2.901250000e+2,-9.215625000e-2,-1.800000000e+1,2.150400000e+1,,,
2.839687500e+2,-9.187500000e-2,-1.880937500e+1,2.352525000e+1,,,
2.939687500e+2,-1.000312500e-1,-1.959375000e+1,2.214975000e+1,,,
2.900781250e+2,-8.803125000e-2,-1.921875000e+1,2.218125000e+1,,,
2.879375000e+2,-9.190625000e-2,-1.998750000e+1,2.349900000e+1,,,
2.920312500e+2,-9.606250000e-2,-1.800312500e+1,1.948800000e+1,,,
2.839375000e+2,-8.821875000e-2,-1.920000000e+1,2.217600000e+1,,,
2.860312500e+2,-8.390625000e-2,-1.800000000e+1,2.283750000e+1,,,
2.860000000e+2,-9.600000000e-2,-1.921250000e+1,2.217075000e+1,,,
2.880156250e+2,-8.800000000e-2,-1.920625000e+1,2.150400000e+1,,,
2.900000000e+2,-8.800000000e-2,-2.080000000e+1,2.083200000e+1,,,
2.900312500e+2,-8.796875000e-2,-1.957500000e+1,2.219175000e+1,,,
2.820000000e+2,-9.587500000e-2,-1.878125000e+1,2.283750000e+1,,,
2.900156250e+2,-9.209375000e-2,-1.960312500e+1,2.352000000e+1,,,
2.880000000e+2,-8.800000000e-2,-1.840312500e+1,2.149875000e+1,,,
2.879687500e+2,-9.600000000e-2,-1.960000000e+1,2.285325000e+1,,,
2.940000000e+2,-9.203125000e-2,-1.799687500e+1,2.016000000e+1,,,
2.900156250e+2,-9.200000000e-2,-1.880937500e+1,2.218125000e+1,,,
2.899687500e+2,-9.200000000e-2,-1.880000000e+1,2.150400000e+1,,,
2.900000000e+2,-8.803125000e-2,-1.918750000e+1,2.217075000e+1,,,
2.880000000e+2,-8.812500000e-2,-1.959062500e+1,2.083725000e+1,,,
2.900000000e+2,-8.000000000e-2,-1.757500000e+1,2.217075000e+1,,,
2.899843750e+2,-8.800000000e-2,-1.801875000e+1,2.015475000e+1,,,
2.900000000e+2,-8.803125000e-2,-1.961562500e+1,2.219700000e+1,,,
2.920000000e+2,-7.996875000e-2,-1.918750000e+1,2.150400000e+1,,,
2.900000000e+2,-9.190625000e-2,-1.842812500e+1,2.149350000e+1,,,
2.879843750e+2,-8.800000000e-2,-1.760312500e+1,2.284800000e+1,,,
2.879843750e+2,-9.206250000e-2,-1.880312500e+1,2.217600000e+1,,,
2.900156250e+2,-7.603125000e-2,-1.800000000e+1,2.150400000e+1,,,
2.860000000e+2,-8.400000000e-2,-1.880000000e+1,2.150925000e+1,,,
2.879687500e+2,-9.600000000e-2,-1.920937500e+1,2.284800000e+1,,,
2.879843750e+2,-8.800000000e-2,-1.960000000e+1,2.150400000e+1,,,
2.899843750e+2,-8.784375000e-2,-1.921250000e+1,2.150400000e+1,,,
2.900000000e+2,-9.200000000e-2,-1.920000000e+1,2.218650000e+1,,,
2.899687500e+2,-9.196875000e-2,-1.920000000e+1,2.418675000e+1,,,
2.859375000e+2,-7.993750000e-2,-1.880000000e+1,2.282175000e+1,,,
2.840000000e+2,-7.603125000e-2,-1.880937500e+1,2.082675000e+1,,,
2.860625000e+2,-8.406250000e-2,-1.920000000e+1,2.217075000e+1,,,
2.899687500e+2,-9.206250000e-2,-1.841875000e+1,2.150400000e+1,,,
2.860156250e+2,-8.803125000e-2,-1.840000000e+1,2.151450000e+1,,,
2.899218750e+2,-9.196875000e-2,-1.960937500e+1,2.217075000e+1,,,
2.900156250e+2,-9.203125000e-2,-1.959687500e+1,2.014950000e+1,,,
2.860000000e+2,-8.803125000e-2,-1.877812500e+1,2.085825000e+1,,,
2.879062500e+2,-8.400000000e-2,-1.799687500e+1,2.150925000e+1,,,
2.940625000e+2,-8.800000000e-2,-1.840000000e+1,2.217600000e+1,,,
2.840625000e+2,-8.803125000e-2,-1.840937500e+1,2.150400000e+1,,,
2.900937500e+2,-8.803125000e-2,-1.840625000e+1,2.284800000e+1,,,
2.899843750e+2,-8.400000000e-2,-1.920312500e+1,2.149875000e+1,,,
2.880156250e+2,-8.000000000e-2,-1.880000000e+1,2.150400000e+1,,,
2.920000000e+2,-8.003125000e-2,-1.881250000e+1,2.149875000e+1,,,
2.900000000e+2,-8.400000000e-2,-1.960000000e+1,2.284275000e+1,,,
2.920000000e+2,-9.190625000e-2,-1.760625000e+1,2.214975000e+1,,,
2.860000000e+2,-9.612500000e-2,-1.878125000e+1,2.016000000e+1,,,
2.859843750e+2,-7.609375000e-2,-1.880625000e+1,2.282700000e+1,,,
2.899687500e+2,-8.000000000e-2,-1.840312500e+1,2.217600000e+1,,,
2.920000000e+2,-8.396875000e-2,-1.840312500e+1,2.083200000e+1,,,
2.880000000e+2,-8.800000000e-2,-1.880000000e+1,2.150400000e+1,,,
2.919843750e+2,-8.396875000e-2,-1.920312500e+1,2.016000000e+1,,,
2.920156250e+2,-7.996875000e-2,-1.800937500e+1,2.081100000e+1,,,
2.920000000e+2,-8.793750000e-2,-1.840312500e+1,2.150400000e+1,,,
2.920000000e+2,-8.809375000e-2,-1.840000000e+1,2.151450000e+1,,,
2.879687500e+2,-8.400000000e-2,-1.920937500e+1,2.215500000e+1,,,
2.880312500e+2,-9.206250000e-2,-1.879062500e+1,2.014950000e+1,,,
2.899531250e+2,-1.000312500e-1,-1.880312500e+1,2.084250000e+1,,,
2.860312500e+2,-9.606250000e-2,-1.920312500e+1,2.082675000e+1,,,
2.939843750e+2,-8.834375000e-2,-1.921562500e+1,2.082150000e+1,,,
2.880156250e+2,-7.993750000e-2,-1.880312500e+1,2.150400000e+1,,,
2.900000000e+2,-8.800000000e-2,-1.880000000e+1,2.082675000e+1,,,
2.880312500e+2,-8.003125000e-2,-1.880312500e+1,2.149875000e+1,,,
2.879218750e+2,-9.200000000e-2,-1.920312500e+1,2.217600000e+1,,,
2.920937500e+2,-8.400000000e-2,-1.840000000e+1,2.284800000e+1,,,
2.820781250e+2,-9.203125000e-2,-1.879062500e+1,2.353050000e+1,,,
2.881093750e+2,-8.000000000e-2,-1.919687500e+1,2.151975000e+1,,,
2.879843750e+2,-8.800000000e-2,-1.879687500e+1,2.083200000e+1,,,
2.879843750e+2,-8.396875000e-2,-1.800625000e+1,2.150400000e+1,,,
2.860156250e+2,-8.403125000e-2,-1.920000000e+1,2.083200000e+1,,,
2.879687500e+2,-8.803125000e-2,-1.880312500e+1,2.082150000e+1,,,
2.839531250e+2,-8.796875000e-2,-1.959062500e+1,1.948275000e+1,,,
2.860625000e+2,-8.793750000e-2,-1.800000000e+1,2.149350000e+1,,,
2.920000000e+2,-9.203125000e-2,-1.959687500e+1,2.016000000e+1,,,
2.860625000e+2,-8.403125000e-2,-1.919687500e+1,2.150400000e+1,,,
2.859843750e+2,-8.403125000e-2,-1.920000000e+1,2.083200000e+1,,,
2.859843750e+2,-8.803125000e-2,-1.839375000e+1,2.285325000e+1,,,
2.879843750e+2,-8.800000000e-2,-1.800312500e+1,2.149875000e+1,,,
2.860625000e+2,-8.796875000e-2,-1.840312500e+1,2.150925000e+1,,,
2.840156250e+2,-8.812500000e-2,-1.839062500e+1,2.016000000e+1,,,
2.880156250e+2,-8.000000000e-2,-1.960000000e+1,2.150400000e+1,,,
2.880000000e+2,-9.200000000e-2,-1.799062500e+1,2.083200000e+1,,,
2.900000000e+2,-8.800000000e-2,-1.840000000e+1,2.082150000e+1,,,
2.879843750e+2,-9.193750000e-2,-1.840312500e+1,1.881075000e+1,,,
2.860000000e+2,-7.200000000e-2,-1.880000000e+1,1.948800000e+1,,,
2.879843750e+2,-8.381250000e-2,-1.839687500e+1,2.149875000e+1,,,
2.839687500e+2,-8.400000000e-2,-1.880312500e+1,2.082675000e+1,,,
2.840000000e+2,-7.996875000e-2,-1.760000000e+1,2.015475000e+1,,,
2.839843750e+2,-7.206250000e-2,-1.799687500e+1,2.149875000e+1,,,
2.879843750e+2,-8.406250000e-2,-1.880000000e+1,2.150400000e+1,,,
2.820000000e+2,-7.990625000e-2,-1.839687500e+1,2.150400000e+1,,,
2.879843750e+2,-8.006250000e-2,-1.879687500e+1,2.015475000e+1,,,
2.840468750e+2,-8.393750000e-2,-1.915937500e+1,2.149875000e+1,,,
2.860000000e+2,-8.400000000e-2,-1.957812500e+1,2.016000000e+1,,,
2.920000000e+2,-8.400000000e-2,-1.760000000e+1,2.083200000e+1,,,
2.839687500e+2,-8.396875000e-2,-1.962500000e+1,2.080575000e+1,,,
2.900312500e+2,-7.603125000e-2,-1.915625000e+1,1.948275000e+1,,,
2.859687500e+2,-8.403125000e-2,-1.840312500e+1,1.948800000e+1,,,
2.860000000e+2,-7.996875000e-2,-1.879687500e+1,1.882125000e+1,,,
2.860000000e+2,-8.803125000e-2,-1.798750000e+1,2.150400000e+1,,,
2.860000000e+2,-7.203125000e-2,-1.720000000e+1,1.948800000e+1,,,
2.860000000e+2,-9.206250000e-2,-1.840000000e+1,2.151450000e+1,,,
2.880000000e+2,-8.781250000e-2,-1.839687500e+1,2.083200000e+1,,,
2.860000000e+2,-7.587500000e-2,-1.840000000e+1,2.083200000e+1,,,
2.879843750e+2,-7.606250000e-2,-1.840312500e+1,2.083200000e+1,,,
2.860156250e+2,-9.193750000e-2,-1.800312500e+1,2.083725000e+1,,,
2.839375000e+2,-7.984375000e-2,-1.839687500e+1,1.948800000e+1,,,
2.820156250e+2,-7.200000000e-2,-1.880000000e+1,2.017050000e+1,,,
2.860625000e+2,-7.615625000e-2,-1.839375000e+1,2.217075000e+1,,,
2.858906250e+2,-8.400000000e-2,-1.840312500e+1,1.949325000e+1,,,
2.800312500e+2,-7.996875000e-2,-1.880000000e+1,2.083200000e+1,,,
2.859843750e+2,-8.403125000e-2,-1.880312500e+1,2.150925000e+1,,,
2.780312500e+2,-8.403125000e-2,-1.800625000e+1,2.083200000e+1,,,
2.839375000e+2,-8.400000000e-2,-1.760000000e+1,2.150400000e+1,,,
2.819843750e+2,-8.396875000e-2,-1.800625000e+1,1.946700000e+1,,,
2.859531250e+2,-8.396875000e-2,-1.840000000e+1,1.949325000e+1,,,
2.880000000e+2,-7.593750000e-2,-1.840312500e+1,2.150400000e+1,,,
2.860312500e+2,-7.606250000e-2,-1.920000000e+1,2.016000000e+1,,,
2.840937500e+2,-8.784375000e-2,-1.800312500e+1,2.083200000e+1,,,
2.820781250e+2,-8.803125000e-2,-1.880000000e+1,1.948800000e+1,,,
2.879843750e+2,-8.396875000e-2,-1.760000000e+1,2.017575000e+1,,,
2.820000000e+2,-8.003125000e-2,-1.801562500e+1,2.082675000e+1,,,
2.880156250e+2,-7.993750000e-2,-1.840000000e+1,1.948800000e+1,,,
2.819843750e+2,-7.196875000e-2,-1.760000000e+1,2.084250000e+1,,,
2.840000000e+2,-7.606250000e-2,-1.880312500e+1,2.082675000e+1,,,
2.820000000e+2,-7.612500000e-2,-1.805000000e+1,2.017050000e+1,,,
2.819843750e+2,-7.200000000e-2,-1.759375000e+1,1.948800000e+1,,,
2.800000000e+2,-7.612500000e-2,-1.840000000e+1,1.948800000e+1,,,
2.840000000e+2,-8.000000000e-2,-1.760000000e+1,2.016000000e+1,,,
2.880000000e+2,-7.596875000e-2,-1.840000000e+1,1.948800000e+1,,,
2.860000000e+2,-7.590625000e-2,-1.799375000e+1,1.948800000e+1,,,
2.840156250e+2,-7.215625000e-2,-1.760312500e+1,2.017575000e+1,,,
2.819843750e+2,-9.200000000e-2,-1.799062500e+1,1.881600000e+1,,,
2.820156250e+2,-7.193750000e-2,-1.880000000e+1,2.017050000e+1,,,
2.839843750e+2,-7.612500000e-2,-1.798750000e+1,2.015475000e+1,,,
2.819843750e+2,-8.415625000e-2,-1.800937500e+1,1.947750000e+1,,,
2.840468750e+2,-8.378125000e-2,-1.838437500e+1,1.950375000e+1,,,
2.860156250e+2,-6.803125000e-2,-1.719375000e+1,2.016000000e+1,,,
2.880000000e+2,-8.387500000e-2,-1.758125000e+1,1.881600000e+1,,,
2.839843750e+2,-7.596875000e-2,-1.760000000e+1,1.948800000e+1,,,
2.840000000e+2,-7.606250000e-2,-1.760000000e+1,1.948800000e+1,,,
2.839687500e+2,-8.000000000e-2,-1.720312500e+1,2.015475000e+1,,,
2.840156250e+2,-7.600000000e-2,-1.719687500e+1,2.015475000e+1,,,
2.780625000e+2,-8.006250000e-2,-1.800000000e+1,1.882125000e+1,,,
2.799375000e+2,-8.000000000e-2,-1.719687500e+1,1.880550000e+1,,,
2.840937500e+2,-7.196875000e-2,-1.839687500e+1,2.017050000e+1,,,
2.859218750e+2,-7.203125000e-2,-1.760000000e+1,2.016525000e+1,,,
2.799843750e+2,-7.609375000e-2,-1.840312500e+1,1.815975000e+1,,,
2.820156250e+2,-8.003125000e-2,-1.680000000e+1,1.814400000e+1,,,
2.799687500e+2,-7.993750000e-2,-1.761875000e+1,1.881075000e+1,,,
2.800000000e+2,-7.596875000e-2,-1.800312500e+1,1.947750000e+1,,,
2.800156250e+2,-7.600000000e-2,-1.717187500e+1,1.950375000e+1,,,
2.819843750e+2,-7.600000000e-2,-1.880312500e+1,1.814400000e+1,,,
2.800625000e+2,-8.000000000e-2,-1.760000000e+1,1.881075000e+1,,,
2.779843750e+2,-7.593750000e-2,-1.760000000e+1,1.879500000e+1,,,
2.840000000e+2,-7.203125000e-2,-1.760937500e+1,1.747200000e+1,,,
2.780156250e+2,-8.018750000e-2,-1.799375000e+1,1.948800000e+1,,,
2.839531250e+2,-8.396875000e-2,-1.680000000e+1,1.948800000e+1,,,
2.819843750e+2,-7.993750000e-2,-1.799062500e+1,1.882125000e+1,,,
2.860312500e+2,-8.400000000e-2,-1.680000000e+1,1.881075000e+1,,,
2.839687500e+2,-8.006250000e-2,-1.679687500e+1,1.948800000e+1,,,
2.819687500e+2,-8.800000000e-2,-1.760000000e+1,1.947750000e+1,,,
2.779843750e+2,-7.587500000e-2,-1.679375000e+1,1.814400000e+1,,,
2.800000000e+2,-7.196875000e-2,-1.680000000e+1,1.881600000e+1,,,
2.779687500e+2,-6.800000000e-2,-1.678750000e+1,1.813875000e+1,,,
2.740000000e+2,-7.209375000e-2,-1.760312500e+1,1.813875000e+1,,,
2.780156250e+2,-8.018750000e-2,-1.680000000e+1,1.947225000e+1,,,
2.800000000e+2,-8.803125000e-2,-1.760000000e+1,2.016000000e+1,,,
2.820000000e+2,-8.390625000e-2,-1.680000000e+1,1.882125000e+1,,,
2.780000000e+2,-7.987500000e-2,-1.760000000e+1,1.814925000e+1,,,
2.739843750e+2,-7.600000000e-2,-1.680000000e+1,1.747200000e+1,,,
2.739843750e+2,-8.000000000e-2,-1.599375000e+1,1.948800000e+1,,,
2.759687500e+2,-7.996875000e-2,-1.679687500e+1,1.748250000e+1,,,
2.820000000e+2,-7.600000000e-2,-1.680000000e+1,1.814400000e+1,,,
2.759375000e+2,-7.596875000e-2,-1.681250000e+1,1.816500000e+1,,,
2.780625000e+2,-6.800000000e-2,-1.760000000e+1,2.083200000e+1,,,
2.819531250e+2,-7.615625000e-2,-1.680000000e+1,1.746675000e+1,,,
2.760156250e+2,-7.593750000e-2,-1.720000000e+1,2.016000000e+1,,,
2.839375000e+2,-6.796875000e-2,-1.680312500e+1,1.814400000e+1,,,
2.781406250e+2,-7.587500000e-2,-1.640000000e+1,2.081100000e+1,,,
2.759531250e+2,-7.603125000e-2,-1.719687500e+1,1.948800000e+1,,,
2.799218750e+2,-7.603125000e-2,-1.719375000e+1,1.947750000e+1,,,
2.800781250e+2,-7.596875000e-2,-1.640000000e+1,1.679475000e+1,,,
2.779218750e+2,-7.990625000e-2,-1.679062500e+1,1.881600000e+1,,,
2.819531250e+2,-7.650000000e-2,-1.720625000e+1,1.747725000e+1,,,
2.799687500e+2,-6.784375000e-2,-1.680312500e+1,1.879500000e+1,,,
2.820156250e+2,-8.393750000e-2,-1.680312500e+1,1.882125000e+1,,,
2.840000000e+2,-7.206250000e-2,-1.640625000e+1,1.746675000e+1,,,
2.819687500e+2,-6.796875000e-2,-1.720000000e+1,1.880550000e+1,,,
2.760000000e+2,-8.000000000e-2,-1.640000000e+1,1.948800000e+1,,,
2.780000000e+2,-8.000000000e-2,-1.680000000e+1,1.747200000e+1,,,
2.760000000e+2,-7.987500000e-2,-1.638750000e+1,1.808625000e+1,,,
2.759843750e+2,-8.012500000e-2,-1.720000000e+1,1.948800000e+1,,,
2.760000000e+2,-7.203125000e-2,-1.680312500e+1,1.812825000e+1,,,
2.759843750e+2,-7.600000000e-2,-1.759687500e+1,1.814925000e+1,,,
2.779843750e+2,-7.200000000e-2,-1.638437500e+1,1.814400000e+1,,,
2.799687500e+2,-7.593750000e-2,-1.680937500e+1,1.814400000e+1,,,
2.820156250e+2,-7.993750000e-2,-1.680000000e+1,1.881600000e+1,,,
2.800312500e+2,-7.628125000e-2,-1.680000000e+1,1.948800000e+1,,,
2.839843750e+2,-6.396875000e-2,-1.640000000e+1,1.813350000e+1,,,
2.779843750e+2,-7.996875000e-2,-1.639062500e+1,1.882650000e+1,,,
2.800468750e+2,-7.600000000e-2,-1.559375000e+1,1.948800000e+1,,,
2.799843750e+2,-6.800000000e-2,-1.600000000e+1,1.881075000e+1,,,
2.760156250e+2,-7.190625000e-2,-1.720312500e+1,1.812825000e+1,,,
2.760000000e+2,-7.618750000e-2,-1.642812500e+1,1.745625000e+1,,,
2.760000000e+2,-6.800000000e-2,-1.600000000e+1,1.948800000e+1,,,
2.779843750e+2,-7.600000000e-2,-1.640937500e+1,1.813875000e+1,,,
2.780156250e+2,-7.200000000e-2,-1.679062500e+1,1.881600000e+1,,,
2.740000000e+2,-7.600000000e-2,-1.559687500e+1,1.747200000e+1,,,
2.740000000e+2,-7.203125000e-2,-1.600312500e+1,1.814925000e+1,,,
2.740156250e+2,-8.000000000e-2,-1.599687500e+1,1.879500000e+1,,,
2.720000000e+2,-7.206250000e-2,-1.678750000e+1,1.880025000e+1,,,
2.739843750e+2,-7.981250000e-2,-1.720000000e+1,1.544025000e+1,,,
2.759843750e+2,-8.406250000e-2,-1.637187500e+1,1.748250000e+1,,,
2.719531250e+2,-7.600000000e-2,-1.520625000e+1,1.813875000e+1,,,
2.720156250e+2,-7.200000000e-2,-1.640937500e+1,1.814400000e+1,,,
2.780000000e+2,-7.600000000e-2,-1.559375000e+1,1.814925000e+1,,,
2.700000000e+2,-7.203125000e-2,-1.599062500e+1,1.680525000e+1,,,
2.720156250e+2,-7.596875000e-2,-1.560000000e+1,1.747725000e+1,,,
2.759843750e+2,-7.209375000e-2,-1.560937500e+1,1.814400000e+1,,,
2.760000000e+2,-6.796875000e-2,-1.640000000e+1,1.747200000e+1,,,
2.760000000e+2,-8.000000000e-2,-1.560000000e+1,1.680000000e+1,,,
2.740000000e+2,-7.600000000e-2,-1.562500000e+1,1.747200000e+1,,,
2.740000000e+2,-6.400000000e-2,-1.719687500e+1,1.680000000e+1,,,
2.720156250e+2,-7.559375000e-2,-1.644062500e+1,1.679475000e+1,,,
2.720000000e+2,-7.600000000e-2,-1.600000000e+1,1.747725000e+1,,,
2.719843750e+2,-7.200000000e-2,-1.680937500e+1,1.814400000e+1,,,
2.720312500e+2,-7.596875000e-2,-1.679687500e+1,1.746675000e+1,,,
2.760312500e+2,-6.400000000e-2,-1.599375000e+1,1.746675000e+1,,,
2.739218750e+2,-7.203125000e-2,-1.600937500e+1,1.679475000e+1,,,
2.700156250e+2,-7.209375000e-2,-1.640625000e+1,1.813350000e+1,,,
2.740156250e+2,-6.393750000e-2,-1.560000000e+1,1.881600000e+1,,,
2.699375000e+2,-7.993750000e-2,-1.560937500e+1,1.813350000e+1,,,
2.780000000e+2,-7.603125000e-2,-1.680312500e+1,1.678950000e+1,,,
2.700156250e+2,-7.606250000e-2,-1.638437500e+1,1.612800000e+1,,,
2.739218750e+2,-6.396875000e-2,-1.600000000e+1,1.680525000e+1,,,
2.760625000e+2,-6.796875000e-2,-1.600000000e+1,1.747200000e+1,,,
2.700000000e+2,-7.190625000e-2,-1.600625000e+1,1.612275000e+1,,,
2.760468750e+2,-7.600000000e-2,-1.559375000e+1,1.680000000e+1,,,
2.739843750e+2,-7.200000000e-2,-1.480000000e+1,1.612800000e+1,,,
2.740156250e+2,-6.800000000e-2,-1.520000000e+1,1.680000000e+1,,,
2.760000000e+2,-6.400000000e-2,-1.480937500e+1,1.679475000e+1,,,
2.740156250e+2,-6.400000000e-2,-1.640000000e+1,1.747200000e+1,,,
2.700000000e+2,-7.587500000e-2,-1.521562500e+1,1.612275000e+1,,,
2.720000000e+2,-8.403125000e-2,-1.518750000e+1,1.680000000e+1,,,
2.720156250e+2,-7.215625000e-2,-1.600312500e+1,1.680525000e+1,,,
2.680000000e+2,-6.400000000e-2,-1.520312500e+1,1.612800000e+1,,,
2.700000000e+2,-7.600000000e-2,-1.560312500e+1,1.680000000e+1,,,
2.659687500e+2,-6.387500000e-2,-1.480000000e+1,1.613325000e+1,,,
2.739843750e+2,-6.806250000e-2,-1.480312500e+1,1.612275000e+1,,,
2.699687500e+2,-8.003125000e-2,-1.438125000e+1,1.680525000e+1,,,
2.780000000e+2,-6.806250000e-2,-1.600312500e+1,1.612800000e+1,,,
2.680000000e+2,-6.806250000e-2,-1.480000000e+1,1.817550000e+1,,,
2.700000000e+2,-6.000000000e-2,-1.482187500e+1,1.807050000e+1,,,
2.639687500e+2,-7.606250000e-2,-1.519062500e+1,1.477875000e+1,,,
2.700625000e+2,-7.600000000e-2,-1.480312500e+1,1.613850000e+1,,,
2.740000000e+2,-7.203125000e-2,-1.560625000e+1,1.545075000e+1,,,
2.740000000e+2,-7.203125000e-2,-1.523750000e+1,1.677375000e+1,,,
2.720000000e+2,-6.806250000e-2,-1.479687500e+1,1.747725000e+1,,,
2.739843750e+2,-6.400000000e-2,-1.560625000e+1,1.612275000e+1,,,
2.740468750e+2,-7.203125000e-2,-1.519687500e+1,1.613325000e+1,,,
2.699843750e+2,-6.800000000e-2,-1.480312500e+1,1.477350000e+1,,,
2.720625000e+2,-6.003125000e-2,-1.440000000e+1,1.680000000e+1,,,
2.659218750e+2,-6.387500000e-2,-1.480000000e+1,1.479975000e+1,,,
2.739843750e+2,-7.200000000e-2,-1.441562500e+1,1.545075000e+1,,,
2.659687500e+2,-7.200000000e-2,-1.440312500e+1,1.478400000e+1,,,
2.740781250e+2,-6.806250000e-2,-1.520000000e+1,1.612800000e+1,,,
2.739531250e+2,-7.596875000e-2,-1.480000000e+1,1.478400000e+1,,,
2.698906250e+2,-6.390625000e-2,-1.520000000e+1,1.613325000e+1,,,
2.660000000e+2,-7.215625000e-2,-1.480000000e+1,1.545600000e+1,,,
2.700312500e+2,-8.009375000e-2,-1.516875000e+1,1.612800000e+1,,,
2.719843750e+2,-6.809375000e-2,-1.520937500e+1,1.545600000e+1,,,
2.720312500e+2,-7.196875000e-2,-1.319687500e+1,1.612800000e+1,,,
2.680468750e+2,-7.600000000e-2,-1.441562500e+1,1.411200000e+1,,,
2.659843750e+2,-7.203125000e-2,-1.480312500e+1,1.549275000e+1,,,
2.679843750e+2,-8.000000000e-2,-1.478750000e+1,1.679475000e+1,,,
2.679687500e+2,-7.609375000e-2,-1.360312500e+1,1.479450000e+1,,,
2.700000000e+2,-6.806250000e-2,-1.439062500e+1,1.477875000e+1,,,
2.679687500e+2,-6.800000000e-2,-1.480312500e+1,1.411200000e+1,,,
2.680156250e+2,-7.200000000e-2,-1.480000000e+1,1.411200000e+1,,,
2.700156250e+2,-7.996875000e-2,-1.440000000e+1,1.478400000e+1,,,
2.699843750e+2,-5.996875000e-2,-1.400000000e+1,1.411200000e+1,,,
2.660000000e+2,-6.800000000e-2,-1.440000000e+1,1.478400000e+1,,,
2.679843750e+2,-7.593750000e-2,-1.517812500e+1,1.478400000e+1,,,
2.620000000e+2,-7.600000000e-2,-1.560312500e+1,1.477875000e+1,,,
2.660000000e+2,-7.600000000e-2,-1.480000000e+1,1.410675000e+1,,,
2.600156250e+2,-7.596875000e-2,-1.479687500e+1,1.545075000e+1,,,
2.620312500e+2,-6.796875000e-2,-1.600000000e+1,1.477875000e+1,,,
2.679687500e+2,-5.990625000e-2,-1.519687500e+1,1.411200000e+1,,,
2.680000000e+2,-5.196875000e-2,-1.599687500e+1,1.610700000e+1,,,
2.660312500e+2,-5.206250000e-2,-1.599062500e+1,1.943025000e+1,,,
2.620000000e+2,-5.200000000e-2,-1.639687500e+1,2.014425000e+1,,,
2.640000000e+2,-5.596875000e-2,-1.640312500e+1,2.287425000e+1,,,
2.640312500e+2,-4.400000000e-2,-1.801875000e+1,2.696400000e+1,,,
2.680000000e+2,-5.212500000e-2,-1.838750000e+1,3.226650000e+1,,,
2.659531250e+2,-5.993750000e-2,-1.800625000e+1,3.696000000e+1,,,
2.660156250e+2,-7.196875000e-2,-1.998750000e+1,4.034625000e+1,,,
2.720000000e+2,-1.037812500e-1,-1.999062500e+1,4.435200000e+1,,,
2.700000000e+2,-1.282187500e-1,-2.079062500e+1,4.434150000e+1,,,
2.720000000e+2,-1.602812500e-1,-2.240000000e+1,4.636800000e+1,,,
2.739843750e+2,-1.963750000e-1,-2.439687500e+1,4.435200000e+1,,,
2.739687500e+2,-2.240625000e-1,-2.440625000e+1,4.369575000e+1,,,
2.760156250e+2,-2.240312500e-1,-2.559687500e+1,4.032000000e+1,,,
2.720312500e+2,-2.281250000e-1,-2.638437500e+1,3.832500000e+1,,,
2.720468750e+2,-2.079062500e-1,-2.719062500e+1,3.497025000e+1,,,
2.740000000e+2,-1.760937500e-1,-2.879375000e+1,3.090150000e+1,,,
2.719531250e+2,-1.476875000e-1,-2.920937500e+1,3.291750000e+1,,,
2.699375000e+2,-8.756250000e-2,-3.120937500e+1,2.823450000e+1,,,
2.680312500e+2,-2.675000000e-2,-3.200000000e+1,3.024000000e+1,,,
2.719843750e+2,6.803125000e-2,-3.199375000e+1,2.623425000e+1,,,
2.699531250e+2,1.560000000e-1,-3.359375000e+1,2.553600000e+1,,,
2.778906250e+2,2.720000000e-1,-3.400625000e+1,2.553600000e+1,,,
2.799687500e+2,3.799687500e-1,-3.440312500e+1,2.620800000e+1,,,
2.859218750e+2,5.040625000e-1,-3.520000000e+1,2.823975000e+1,,,
2.980000000e+2,6.160312500e-1,-3.520937500e+1,3.024000000e+1,,,
2.960625000e+2,7.247500000e-1,-3.760625000e+1,3.427200000e+1,,,
3.016093750e+2,8.106250000e-1,-3.641250000e+1,3.759000000e+1,,,
3.161718750e+2,8.954375000e-1,-3.760000000e+1,4.297650000e+1,,,
3.220937500e+2,9.523437500e-1,-3.800000000e+1,4.569075000e+1,,,
3.321250000e+2,9.841562500e-1,-3.920625000e+1,5.178600000e+1,,,
3.419843750e+2,1.004031250e+0,-3.880000000e+1,5.641125000e+1,,,
3.440312500e+2,1.008031250e+0,-3.880000000e+1,6.048000000e+1,,,
3.500625000e+2,1.012000000e+0,-4.040625000e+1,6.386100000e+1,,,
3.620000000e+2,1.000375000e+0,-3.998750000e+1,6.648600000e+1,,,
3.639218750e+2,9.839375000e-1,-4.159375000e+1,7.123200000e+1,,,
3.660000000e+2,9.434375000e-1,-4.199062500e+1,7.257600000e+1,,,
3.760000000e+2,9.154375000e-1,-4.239375000e+1,7.389900000e+1,,,
3.820156250e+2,8.671875000e-1,-4.400000000e+1,7.593600000e+1,,,
3.820000000e+2,8.192500000e-1,-4.519687500e+1,7.660800000e+1,,,
3.839375000e+2,7.680000000e-1,-4.479375000e+1,7.595700000e+1,,,
3.880000000e+2,7.080000000e-1,-4.520312500e+1,7.526400000e+1,,,
3.860156250e+2,6.435000000e-1,-4.520000000e+1,7.458675000e+1,,,
3.940625000e+2,5.799687500e-1,-4.643125000e+1,7.188825000e+1,,,
3.919062500e+2,5.150937500e-1,-4.760000000e+1,7.053900000e+1,,,
3.899843750e+2,4.594687500e-1,-4.719375000e+1,6.850200000e+1,,,
3.920156250e+2,3.919375000e-1,-4.720937500e+1,6.587700000e+1,,,
3.960000000e+2,3.442500000e-1,-4.871250000e+1,6.318900000e+1,,,
3.919687500e+2,2.996250000e-1,-5.000000000e+1,6.045375000e+1,,,
3.900156250e+2,2.520000000e-1,-4.799062500e+1,5.644800000e+1,,,
3.879375000e+2,2.359687500e-1,-4.919375000e+1,5.578125000e+1,,,
3.960000000e+2,2.116562500e-1,-4.959687500e+1,5.441625000e+1,,,
3.880937500e+2,1.880000000e-1,-5.000312500e+1,5.172825000e+1,,,
3.899531250e+2,1.960000000e-1,-5.000625000e+1,5.307750000e+1,,,
3.878437500e+2,2.039062500e-1,-4.998750000e+1,5.106150000e+1,,,
3.839843750e+2,2.119687500e-1,-5.079687500e+1,5.107200000e+1,,,
3.859687500e+2,2.405625000e-1,-5.119687500e+1,5.040525000e+1,,,
3.841250000e+2,2.763125000e-1,-5.160000000e+1,5.107200000e+1,,,
3.939843750e+2,3.173125000e-1,-5.119375000e+1,5.240550000e+1,,,
3.839218750e+2,3.612187500e-1,-5.040625000e+1,5.307225000e+1,,,
3.880468750e+2,4.000000000e-1,-4.959687500e+1,5.509875000e+1,,,
3.860156250e+2,4.520000000e-1,-5.080625000e+1,5.510400000e+1,,,
3.860000000e+2,4.880000000e-1,-5.120000000e+1,5.710425000e+1,,,
3.859843750e+2,5.120625000e-1,-5.039687500e+1,5.844825000e+1,,,
3.899843750e+2,5.482187500e-1,-5.000625000e+1,5.846400000e+1,,,
3.879687500e+2,5.519687500e-1,-5.040625000e+1,6.249600000e+1,,,
3.939687500e+2,5.480312500e-1,-5.000625000e+1,6.451200000e+1,,,
3.920000000e+2,5.445312500e-1,-4.921875000e+1,6.518400000e+1,,,
3.960625000e+2,5.118750000e-1,-4.880000000e+1,6.786675000e+1,,,
3.979843750e+2,4.716875000e-1,-4.839687500e+1,6.921600000e+1,,,
3.960000000e+2,4.313125000e-1,-4.960312500e+1,7.190400000e+1,,,
3.959687500e+2,3.835937500e-1,-4.879375000e+1,7.124250000e+1,,,
3.900000000e+2,3.315625000e-1,-4.879687500e+1,7.123200000e+1,,,
3.940312500e+2,2.724687500e-1,-4.880312500e+1,7.122675000e+1,,,
3.979843750e+2,2.074062500e-1,-4.840625000e+1,6.988275000e+1,,,
3.919843750e+2,1.431562500e-1,-4.800000000e+1,7.121100000e+1,,,
3.940000000e+2,9.934375000e-2,-4.760312500e+1,7.056000000e+1,,,
3.960000000e+2,5.043750000e-2,-4.720312500e+1,6.788250000e+1,,,
3.980000000e+2,2.406250000e-3,-4.760312500e+1,6.718950000e+1,,,
3.899687500e+2,-3.303125000e-2,-4.760000000e+1,6.585600000e+1,,,
3.919843750e+2,-6.000000000e-2,-4.681562500e+1,6.388200000e+1,,,
3.920156250e+2,-7.600000000e-2,-4.680000000e+1,6.115725000e+1,,,
3.880000000e+2,-1.001562500e-1,-4.679687500e+1,5.913600000e+1,,,
3.960312500e+2,-1.159687500e-1,-4.760000000e+1,5.780250000e+1,,,
3.919218750e+2,-1.036562500e-1,-4.679062500e+1,5.712000000e+1,,,
3.900156250e+2,-9.200000000e-2,-4.680000000e+1,5.443725000e+1,,,
3.940468750e+2,-9.209375000e-2,-4.640000000e+1,5.510400000e+1,,,
3.960625000e+2,-7.259375000e-2,-4.680000000e+1,5.241600000e+1,,,
3.900781250e+2,-6.425000000e-2,-4.640000000e+1,5.374950000e+1,,,
3.899687500e+2,-3.628125000e-2,-4.720000000e+1,5.308800000e+1,,,
3.900000000e+2,-1.212500000e-2,-4.640312500e+1,5.443200000e+1,,,
3.900781250e+2,1.193750000e-2,-4.719687500e+1,5.376000000e+1,,,
3.841875000e+2,4.715625000e-2,-4.560312500e+1,5.577600000e+1,,,
3.819062500e+2,6.718750000e-2,-4.678750000e+1,5.577600000e+1,,,
3.880312500e+2,9.168750000e-2,-4.600625000e+1,5.777625000e+1,,,
3.859687500e+2,1.079687500e-1,-4.640000000e+1,5.845350000e+1,,,
3.820000000e+2,1.318437500e-1,-4.600937500e+1,6.048000000e+1,,,
3.880156250e+2,1.438750000e-1,-4.679375000e+1,6.180825000e+1,,,
3.880156250e+2,1.640000000e-1,-4.440000000e+1,6.384000000e+1,,,
3.919843750e+2,1.520000000e-1,-4.519062500e+1,6.384000000e+1,,,
3.860000000e+2,1.713125000e-1,-4.521250000e+1,6.582450000e+1,,,
3.940156250e+2,1.683437500e-1,-4.559687500e+1,6.518400000e+1,,,
3.840781250e+2,1.480937500e-1,-4.599375000e+1,6.653850000e+1,,,
3.879531250e+2,1.439062500e-1,-4.520625000e+1,6.652800000e+1,,,
3.940000000e+2,1.281562500e-1,-4.599687500e+1,6.720000000e+1,,,
3.900625000e+2,1.040000000e-1,-4.479062500e+1,6.652275000e+1,,,
3.899531250e+2,8.468750000e-2,-4.480312500e+1,6.652800000e+1,,,
3.940156250e+2,6.040625000e-2,-4.440312500e+1,6.652800000e+1,,,
3.940312500e+2,2.809375000e-2,-4.520000000e+1,6.651750000e+1,,,
3.979843750e+2,-1.175000000e-2,-4.599375000e+1,6.519450000e+1,,,
3.920000000e+2,-3.600000000e-2,-4.520000000e+1,6.652800000e+1,,,
3.980000000e+2,-6.400000000e-2,-4.600000000e+1,6.314175000e+1,,,
3.940312500e+2,-8.796875000e-2,-4.519062500e+1,6.182925000e+1,,,
3.900000000e+2,-1.150937500e-1,-4.518437500e+1,6.181350000e+1,,,
3.879843750e+2,-1.280312500e-1,-4.560312500e+1,6.115200000e+1,,,
3.859843750e+2,-1.400000000e-1,-4.560625000e+1,5.913075000e+1,,,
3.899687500e+2,-1.440000000e-1,-4.640625000e+1,5.980800000e+1,,,
3.940000000e+2,-1.440000000e-1,-4.559062500e+1,5.846925000e+1,,,
3.860312500e+2,-1.479375000e-1,-4.400937500e+1,5.845875000e+1,,,
3.840000000e+2,-1.280000000e-1,-4.639375000e+1,5.779725000e+1,,,
3.840000000e+2,-1.122812500e-1,-4.561250000e+1,5.710425000e+1,,,
3.880000000e+2,-9.225000000e-2,-4.600937500e+1,5.441625000e+1,,,
3.820000000e+2,-7.625000000e-2,-4.598125000e+1,5.578650000e+1,,,
3.880781250e+2,-4.400000000e-2,-4.480312500e+1,5.712000000e+1,,,
3.899843750e+2,-2.818750000e-2,-4.601562500e+1,5.711475000e+1,,,
3.840156250e+2,3.937500000e-3,-4.559375000e+1,5.712000000e+1,,,
3.840000000e+2,1.940625000e-2,-4.521562500e+1,5.645850000e+1,,,
3.799843750e+2,3.962500000e-2,-4.440000000e+1,5.780775000e+1,,,
3.819843750e+2,6.000000000e-2,-4.521250000e+1,6.115200000e+1,,,
3.840156250e+2,6.790625000e-2,-4.600312500e+1,5.846400000e+1,,,
3.800000000e+2,8.000000000e-2,-4.560000000e+1,5.981850000e+1,,,
3.819531250e+2,8.000000000e-2,-4.521875000e+1,6.182400000e+1,,,
3.840000000e+2,8.400000000e-2,-4.679687500e+1,6.316800000e+1,,,
3.839687500e+2,7.990625000e-2,-4.644687500e+1,6.182400000e+1,,,
3.859687500e+2,8.400000000e-2,-4.520000000e+1,6.452250000e+1,,,
3.819687500e+2,6.790625000e-2,-4.520312500e+1,6.450150000e+1,,,
3.840156250e+2,6.390625000e-2,-4.520312500e+1,6.652275000e+1,,,
3.840000000e+2,4.790625000e-2,-4.561875000e+1,6.450675000e+1,,,
3.860156250e+2,3.987500000e-2,-4.679375000e+1,6.517875000e+1,,,
3.859843750e+2,1.987500000e-2,-4.520937500e+1,6.518400000e+1,,,
3.840468750e+2,1.606250000e-2,-4.600000000e+1,6.518925000e+1,,,
3.819687500e+2,-3.968750000e-3,-4.560000000e+1,6.449625000e+1,,,
3.859843750e+2,-1.203125000e-2,-4.600000000e+1,6.181350000e+1,,,
3.860000000e+2,-2.790625000e-2,-4.518125000e+1,6.253800000e+1,,,
3.859531250e+2,-4.003125000e-2,-4.520937500e+1,6.316275000e+1,,,
3.939375000e+2,-3.590625000e-2,-4.560000000e+1,6.115200000e+1,,,
3.921093750e+2,-6.353125000e-2,-4.524062500e+1,6.048000000e+1,,,
3.880156250e+2,-5.993750000e-2,-4.400625000e+1,6.182400000e+1,,,
3.899843750e+2,-8.000000000e-2,-4.560625000e+1,5.777100000e+1,,,
3.840000000e+2,-8.400000000e-2,-4.520000000e+1,5.714625000e+1,,,
3.879843750e+2,-8.403125000e-2,-4.479375000e+1,5.913075000e+1,,,
3.820000000e+2,-9.200000000e-2,-4.440000000e+1,5.778675000e+1,,,
3.880000000e+2,-8.809375000e-2,-4.599687500e+1,6.049050000e+1,,,
3.860000000e+2,-7.600000000e-2,-4.481875000e+1,5.846400000e+1,,,
3.880000000e+2,-7.200000000e-2,-4.479062500e+1,5.710950000e+1,,,
3.840312500e+2,-6.000000000e-2,-4.560000000e+1,5.846400000e+1,,,
3.780156250e+2,-5.212500000e-2,-4.480625000e+1,5.779200000e+1,,,
3.799531250e+2,-3.203125000e-2,-4.600000000e+1,5.778675000e+1,,,
3.859687500e+2,-3.193750000e-2,-4.440937500e+1,5.979225000e+1,,,
3.880312500e+2,-1.612500000e-2,-4.397187500e+1,6.118875000e+1,,,
3.840000000e+2,8.000000000e-3,-4.560625000e+1,5.779200000e+1,,,
3.860000000e+2,1.600000000e-2,-4.520000000e+1,5.919900000e+1,,,
3.859687500e+2,3.200000000e-2,-4.439062500e+1,6.247500000e+1,,,
3.840000000e+2,3.606250000e-2,-4.441562500e+1,5.910975000e+1,,,
3.860000000e+2,4.809375000e-2,-4.479375000e+1,6.050625000e+1,,,
3.840000000e+2,6.393750000e-2,-4.400312500e+1,6.115200000e+1,,,
3.860000000e+2,6.418750000e-2,-4.518437500e+1,6.182400000e+1,,,
3.819843750e+2,5.600000000e-2,-4.440937500e+1,6.182925000e+1,,,
3.879531250e+2,6.396875000e-2,-4.399687500e+1,6.251175000e+1,,,
3.920937500e+2,6.396875000e-2,-4.360312500e+1,6.450675000e+1,,,
3.820156250e+2,6.000000000e-2,-4.479687500e+1,6.317325000e+1,,,
3.879531250e+2,4.809375000e-2,-4.440000000e+1,6.384000000e+1,,,
3.822031250e+2,3.603125000e-2,-4.479062500e+1,6.251700000e+1,,,
3.800625000e+2,3.200000000e-2,-4.521250000e+1,6.181350000e+1,,,
3.861093750e+2,2.000000000e-2,-4.440000000e+1,6.317325000e+1,,,
3.879531250e+2,1.206250000e-2,-4.480625000e+1,6.317850000e+1,,,
3.839687500e+2,4.000000000e-3,-4.440000000e+1,5.980800000e+1,,,
3.860625000e+2,-9.375000000e-5,-4.400312500e+1,6.186075000e+1,,,
3.880156250e+2,-8.000000000e-3,-4.519687500e+1,6.317325000e+1,,,
3.879687500e+2,-4.093750000e-3,-4.363750000e+1,5.983425000e+1,,,
3.859687500e+2,-3.937500000e-3,-4.400000000e+1,6.047475000e+1,,,
3.899687500e+2,-8.031250000e-3,-4.399062500e+1,5.846400000e+1,,,
3.880156250e+2,3.125000000e-5,-4.279687500e+1,6.048000000e+1,,,
3.860312500e+2,3.125000000e-5,-4.361250000e+1,5.977650000e+1,,,
3.800156250e+2,8.000000000e-3,-4.399375000e+1,5.778150000e+1,,,
3.839062500e+2,1.996875000e-2,-4.360312500e+1,5.777625000e+1,,,
3.860312500e+2,2.796875000e-2,-4.479375000e+1,5.914125000e+1,,,
3.879843750e+2,3.196875000e-2,-4.480000000e+1,5.913600000e+1,,,
3.839531250e+2,3.600000000e-2,-4.439375000e+1,5.980800000e+1,,,
3.820156250e+2,4.409375000e-2,-4.360000000e+1,5.913075000e+1,,,
3.840000000e+2,6.412500000e-2,-4.441250000e+1,5.846400000e+1,,,
3.840000000e+2,8.000000000e-2,-4.480000000e+1,5.980800000e+1,,,
3.840000000e+2,6.387500000e-2,-4.520937500e+1,5.913075000e+1,,,
3.839531250e+2,9.200000000e-2,-4.440312500e+1,6.048000000e+1,,,
3.799843750e+2,9.606250000e-2,-4.480000000e+1,5.914125000e+1,,,
3.879843750e+2,1.120625000e-1,-4.480000000e+1,5.980800000e+1,,,
3.839843750e+2,1.079062500e-1,-4.480312500e+1,5.914125000e+1,,,
3.860156250e+2,1.080000000e-1,-4.438750000e+1,6.182400000e+1,,,
3.800000000e+2,1.120937500e-1,-4.359375000e+1,6.115200000e+1,,,
3.839843750e+2,1.199375000e-1,-4.480000000e+1,6.250650000e+1,,,
3.820000000e+2,1.159687500e-1,-4.400000000e+1,6.114675000e+1,,,
3.860000000e+2,1.240312500e-1,-4.479687500e+1,6.315750000e+1,,,
3.859843750e+2,1.280000000e-1,-4.360000000e+1,5.909400000e+1,,,
3.880312500e+2,1.239375000e-1,-4.523437500e+1,6.117825000e+1,,,
3.899843750e+2,1.240625000e-1,-4.520000000e+1,6.249600000e+1,,,
3.839687500e+2,1.280312500e-1,-4.560625000e+1,6.249075000e+1,,,
3.840000000e+2,1.160312500e-1,-4.439062500e+1,6.182400000e+1,,,
3.880000000e+2,1.159375000e-1,-4.439687500e+1,6.048000000e+1,,,
3.860000000e+2,9.993750000e-2,-4.560000000e+1,6.181350000e+1,,,
3.839843750e+2,1.042187500e-1,-4.559375000e+1,5.980800000e+1,,,
3.880000000e+2,1.119062500e-1,-4.479687500e+1,6.249600000e+1,,,
3.840156250e+2,9.187500000e-2,-4.440000000e+1,5.980800000e+1,,,
3.859843750e+2,8.387500000e-2,-4.477812500e+1,6.316800000e+1,,,
3.839531250e+2,9.206250000e-2,-4.560000000e+1,5.982375000e+1,,,
3.840156250e+2,8.790625000e-2,-4.480000000e+1,5.914125000e+1,,,
3.860156250e+2,8.400000000e-2,-4.560937500e+1,6.183450000e+1,,,
3.859687500e+2,8.800000000e-2,-4.559687500e+1,6.249600000e+1,,,
3.839687500e+2,8.809375000e-2,-4.560000000e+1,6.115200000e+1,,,
3.840000000e+2,1.000937500e-1,-4.560000000e+1,6.181875000e+1,,,
3.859218750e+2,1.080937500e-1,-4.559687500e+1,5.981850000e+1,,,
3.899843750e+2,1.000000000e-1,-4.639687500e+1,5.846400000e+1,,,
3.880000000e+2,1.159375000e-1,-4.599062500e+1,5.914650000e+1,,,
3.879687500e+2,1.118750000e-1,-4.520000000e+1,5.980800000e+1,,,
3.880312500e+2,1.201250000e-1,-4.560000000e+1,5.980800000e+1,,,
3.840000000e+2,1.360312500e-1,-4.479687500e+1,6.048000000e+1,,,
3.879531250e+2,1.320000000e-1,-4.438750000e+1,6.049575000e+1,,,
3.880468750e+2,1.439062500e-1,-4.560000000e+1,5.913600000e+1,,,
3.919531250e+2,1.560312500e-1,-4.520000000e+1,5.981850000e+1,,,
3.860000000e+2,1.519375000e-1,-4.480000000e+1,6.048000000e+1,,,
3.920312500e+2,1.560625000e-1,-4.480000000e+1,5.980275000e+1,,,
3.879843750e+2,1.600625000e-1,-4.480000000e+1,6.115725000e+1,,,
3.879843750e+2,1.640000000e-1,-4.520312500e+1,6.047475000e+1,,,
3.860000000e+2,1.562187500e-1,-4.562812500e+1,6.048525000e+1,,,
3.860000000e+2,1.479687500e-1,-4.479687500e+1,6.048000000e+1,,,
3.840000000e+2,1.522187500e-1,-4.599687500e+1,6.249600000e+1,,,
3.840000000e+2,1.599062500e-1,-4.480000000e+1,6.183975000e+1,,,
3.859843750e+2,1.479062500e-1,-4.640000000e+1,6.115200000e+1,,,
3.820000000e+2,1.519375000e-1,-4.558750000e+1,6.115200000e+1,,,
3.899218750e+2,1.399375000e-1,-4.481875000e+1,6.117825000e+1,,,
3.879687500e+2,1.400000000e-1,-4.478125000e+1,6.048000000e+1,,,
3.840156250e+2,1.399687500e-1,-4.639375000e+1,6.181350000e+1,,,
3.880312500e+2,1.319375000e-1,-4.397500000e+1,5.980800000e+1,,,
3.859218750e+2,1.320937500e-1,-4.480937500e+1,6.184500000e+1,,,
3.840312500e+2,1.360312500e-1,-4.480000000e+1,6.113625000e+1,,,
3.880156250e+2,1.318750000e-1,-4.560625000e+1,6.115200000e+1,,,
3.880000000e+2,1.199687500e-1,-4.525625000e+1,6.115200000e+1,,,
3.879843750e+2,1.320312500e-1,-4.440000000e+1,6.046950000e+1,,,
3.839843750e+2,1.319062500e-1,-4.641562500e+1,5.914125000e+1,,,
3.899843750e+2,1.321250000e-1,-4.600625000e+1,5.913075000e+1,,,
3.860000000e+2,1.398437500e-1,-4.480312500e+1,5.980800000e+1,,,
3.880625000e+2,1.199687500e-1,-4.560312500e+1,5.913600000e+1,,,
3.800312500e+2,1.360000000e-1,-4.561562500e+1,5.980275000e+1,,,
3.841406250e+2,1.279375000e-1,-4.480937500e+1,5.980800000e+1,,,
3.839062500e+2,1.360625000e-1,-4.519687500e+1,5.980800000e+1,,,
3.800000000e+2,1.318125000e-1,-4.600000000e+1,5.913075000e+1,,,
3.861250000e+2,1.280937500e-1,-4.560000000e+1,5.980800000e+1,,,
3.879062500e+2,1.442187500e-1,-4.601562500e+1,5.912550000e+1,,,
3.819843750e+2,1.439687500e-1,-4.640625000e+1,6.179775000e+1,,,
3.880625000e+2,1.440000000e-1,-4.483437500e+1,6.118350000e+1,,,
3.880000000e+2,1.400000000e-1,-4.520312500e+1,5.913600000e+1,,,
3.880468750e+2,1.480000000e-1,-4.560000000e+1,5.980275000e+1,,,
3.820156250e+2,1.560000000e-1,-4.480312500e+1,6.045900000e+1,,,
3.839843750e+2,1.600000000e-1,-4.600000000e+1,5.913600000e+1,,,
3.839687500e+2,1.640937500e-1,-4.480000000e+1,6.182400000e+1,,,
3.899218750e+2,1.680937500e-1,-4.600000000e+1,6.182400000e+1,,,
3.920312500e+2,1.721875000e-1,-4.485000000e+1,6.115725000e+1,,,
3.879218750e+2,1.559062500e-1,-4.480000000e+1,6.113100000e+1,,,
3.860468750e+2,1.560625000e-1,-4.560000000e+1,6.182400000e+1,,,
3.920312500e+2,1.559375000e-1,-4.520312500e+1,5.845875000e+1,,,
3.899687500e+2,1.519375000e-1,-4.599375000e+1,6.112575000e+1,,,
3.860000000e+2,1.520937500e-1,-4.440000000e+1,6.115200000e+1,,,
3.879687500e+2,1.560312500e-1,-4.599375000e+1,6.047475000e+1,,,
3.799843750e+2,1.438125000e-1,-4.480937500e+1,6.047475000e+1,,,
3.840312500e+2,1.401250000e-1,-4.559375000e+1,6.114150000e+1,,,
3.880000000e+2,1.479375000e-1,-4.520312500e+1,6.182400000e+1,,,
3.860000000e+2,1.359062500e-1,-4.479375000e+1,6.115200000e+1,,,
3.860000000e+2,1.441250000e-1,-4.440000000e+1,6.114675000e+1,,,
3.879843750e+2,1.398750000e-1,-4.480000000e+1,6.115200000e+1,,,
3.840156250e+2,1.400000000e-1,-4.520625000e+1,6.113625000e+1,,,
3.819843750e+2,1.319375000e-1,-4.480000000e+1,6.182400000e+1,,,
3.880000000e+2,1.320312500e-1,-4.520000000e+1,6.047475000e+1,,,
3.879375000e+2,1.400625000e-1,-4.520000000e+1,6.048000000e+1,,,
3.820000000e+2,1.439375000e-1,-4.520000000e+1,5.980800000e+1,,,
3.860000000e+2,1.399687500e-1,-4.520312500e+1,6.049050000e+1,,,
3.840312500e+2,1.440625000e-1,-4.560000000e+1,6.048000000e+1,,,
3.919531250e+2,1.482812500e-1,-4.480312500e+1,5.846400000e+1,,,
3.861562500e+2,1.360625000e-1,-4.520000000e+1,5.978175000e+1,,,
3.819687500e+2,1.439062500e-1,-4.440000000e+1,6.048000000e+1,,,
3.858906250e+2,1.440000000e-1,-4.560625000e+1,6.048000000e+1,,,
3.861875000e+2,1.519062500e-1,-4.479687500e+1,6.048000000e+1,,,
3.799531250e+2,1.639687500e-1,-4.479062500e+1,6.115200000e+1,,,
3.859531250e+2,1.599687500e-1,-4.560625000e+1,6.182400000e+1,,,
3.819843750e+2,1.640625000e-1,-4.519687500e+1,6.049575000e+1,,,
3.860000000e+2,1.520937500e-1,-4.600625000e+1,5.981325000e+1,,,
3.840000000e+2,1.519687500e-1,-4.480312500e+1,5.913600000e+1,,,
3.880000000e+2,1.599375000e-1,-4.600625000e+1,6.046950000e+1,,,
3.859843750e+2,1.640000000e-1,-4.440000000e+1,6.182400000e+1,,,
3.880000000e+2,1.600000000e-1,-4.399687500e+1,6.115200000e+1,,,
3.860000000e+2,1.679687500e-1,-4.439062500e+1,6.115725000e+1,,,
3.880468750e+2,1.600937500e-1,-4.479687500e+1,6.048000000e+1,,,
3.820312500e+2,1.600312500e-1,-4.560312500e+1,6.116775000e+1,,,
3.839843750e+2,1.520312500e-1,-4.560000000e+1,6.181350000e+1,,,
3.860312500e+2,1.559375000e-1,-4.560000000e+1,6.047475000e+1,,,
3.839531250e+2,1.640000000e-1,-4.519375000e+1,6.047475000e+1,,,
3.919062500e+2,1.600312500e-1,-4.519687500e+1,6.048000000e+1,,,
3.898750000e+2,1.600625000e-1,-4.600000000e+1,6.249600000e+1,,,
3.819531250e+2,1.559687500e-1,-4.520000000e+1,6.113100000e+1,,,
3.840156250e+2,1.639687500e-1,-4.560000000e+1,6.116250000e+1,,,
3.860000000e+2,1.600000000e-1,-4.479062500e+1,6.249600000e+1,,,
3.859843750e+2,1.560000000e-1,-4.480000000e+1,6.179775000e+1,,,
3.840156250e+2,1.559687500e-1,-4.640937500e+1,5.912025000e+1,,,
3.820000000e+2,1.599062500e-1,-4.563125000e+1,6.045900000e+1,,,
3.820156250e+2,1.639062500e-1,-4.480625000e+1,6.182400000e+1,,,
3.879687500e+2,1.720000000e-1,-4.440625000e+1,6.181875000e+1,,,
3.880000000e+2,1.600000000e-1,-4.561562500e+1,6.115725000e+1,,,
3.860000000e+2,1.560000000e-1,-4.559687500e+1,5.980800000e+1,,,
3.839687500e+2,1.560625000e-1,-4.480000000e+1,6.115725000e+1,,,
3.939687500e+2,1.720000000e-1,-4.559687500e+1,6.114675000e+1,,,
3.860000000e+2,1.600312500e-1,-4.559687500e+1,6.114150000e+1,,,
3.860000000e+2,1.719062500e-1,-4.600312500e+1,5.914125000e+1,,,
3.859843750e+2,1.640625000e-1,-4.517187500e+1,6.115200000e+1,,,
3.839687500e+2,1.680000000e-1,-4.400312500e+1,5.909400000e+1,,,
3.840156250e+2,1.679687500e-1,-4.481562500e+1,5.714625000e+1,,,
3.880000000e+2,1.759687500e-1,-4.479687500e+1,6.113100000e+1,,,
3.840000000e+2,1.760000000e-1,-4.479687500e+1,6.183975000e+1,,,
3.739843750e+2,1.760312500e-1,-4.480000000e+1,6.047475000e+1,,,
3.819375000e+2,1.759375000e-1,-4.480312500e+1,6.048000000e+1,,,
3.880156250e+2,1.839687500e-1,-4.520000000e+1,6.048000000e+1,,,
3.840156250e+2,1.800000000e-1,-4.480000000e+1,5.980800000e+1,,,
3.839531250e+2,1.800000000e-1,-4.479375000e+1,6.115200000e+1,,,
3.879375000e+2,1.880000000e-1,-4.440000000e+1,6.115200000e+1,,,
3.880781250e+2,1.840312500e-1,-4.520000000e+1,6.049050000e+1,,,
3.819687500e+2,1.880000000e-1,-4.480000000e+1,6.116775000e+1,,,
3.860781250e+2,1.880000000e-1,-4.600000000e+1,6.451200000e+1,,,
3.879531250e+2,1.879375000e-1,-4.560312500e+1,6.113100000e+1,,,
3.840000000e+2,1.760000000e-1,-4.679687500e+1,6.250125000e+1,,,
3.880000000e+2,1.880312500e-1,-4.519375000e+1,6.249600000e+1,,,
3.840000000e+2,1.839375000e-1,-4.560312500e+1,6.250125000e+1,,,
3.879843750e+2,1.921875000e-1,-4.480000000e+1,6.046425000e+1,,,
3.840781250e+2,1.680312500e-1,-4.520625000e+1,5.980800000e+1,,,
3.839687500e+2,1.878125000e-1,-4.520000000e+1,6.116250000e+1,,,
3.899843750e+2,1.840312500e-1,-4.519687500e+1,6.181875000e+1,,,
3.879843750e+2,1.800000000e-1,-4.562812500e+1,6.181875000e+1,,,
3.940000000e+2,1.840000000e-1,-4.640000000e+1,6.048000000e+1,,,
3.880156250e+2,1.797187500e-1,-4.406562500e+1,5.913075000e+1,,,
3.919687500e+2,1.920000000e-1,-4.361875000e+1,5.980800000e+1,,,
3.839843750e+2,1.760000000e-1,-4.520312500e+1,6.048000000e+1,,,
3.900468750e+2,1.960000000e-1,-4.440000000e+1,6.047475000e+1,,,
3.879843750e+2,1.880000000e-1,-4.560937500e+1,6.047475000e+1,,,
3.860156250e+2,1.960000000e-1,-4.520000000e+1,6.114675000e+1,,,
3.840000000e+2,1.800625000e-1,-4.480000000e+1,6.113625000e+1,,,
3.780000000e+2,1.839687500e-1,-4.480312500e+1,5.913600000e+1,,,
3.859687500e+2,1.799687500e-1,-4.440625000e+1,6.045375000e+1,,,
3.860156250e+2,1.920000000e-1,-4.439687500e+1,6.182400000e+1,,,
3.800312500e+2,1.919375000e-1,-4.520937500e+1,6.048000000e+1,,,
3.779218750e+2,2.080625000e-1,-4.520000000e+1,6.180825000e+1,,,
3.899531250e+2,1.999062500e-1,-4.400312500e+1,6.049050000e+1,,,
3.880312500e+2,1.879062500e-1,-4.477500000e+1,5.845875000e+1,,,
3.880156250e+2,2.039375000e-1,-4.520000000e+1,6.048000000e+1,,,
3.820000000e+2,1.921250000e-1,-4.480000000e+1,6.114150000e+1,,,
3.900000000e+2,1.920000000e-1,-4.480625000e+1,6.046950000e+1,,,
3.819687500e+2,1.960000000e-1,-4.479062500e+1,6.048525000e+1,,,
3.860156250e+2,1.960312500e-1,-4.440312500e+1,6.047475000e+1,,,
3.819687500e+2,2.079375000e-1,-4.480312500e+1,5.980275000e+1,,,
3.839843750e+2,2.080937500e-1,-4.442812500e+1,5.980275000e+1,,,
3.859843750e+2,2.040312500e-1,-4.439062500e+1,5.980800000e+1,,,
3.879843750e+2,2.079375000e-1,-4.559687500e+1,5.980275000e+1,,,
3.900468750e+2,2.159375000e-1,-4.440000000e+1,6.046950000e+1,,,
3.840156250e+2,1.960000000e-1,-4.519687500e+1,6.182400000e+1,,,
3.879218750e+2,2.200000000e-1,-4.520000000e+1,6.115200000e+1,,,
3.862187500e+2,1.963437500e-1,-4.560625000e+1,6.181875000e+1,,,
3.780000000e+2,1.960000000e-1,-4.442187500e+1,6.116250000e+1,,,
3.861093750e+2,2.120000000e-1,-4.440312500e+1,6.048000000e+1,,,
3.860000000e+2,1.918750000e-1,-4.520625000e+1,6.182400000e+1,,,
3.879531250e+2,1.961562500e-1,-4.560000000e+1,6.048000000e+1,,,
3.819218750e+2,2.079687500e-1,-4.520000000e+1,6.049575000e+1,,,
3.840781250e+2,1.999375000e-1,-4.559375000e+1,6.182400000e+1,,,
3.879687500e+2,2.078437500e-1,-4.440312500e+1,6.051150000e+1,,,
3.840000000e+2,2.120625000e-1,-4.520000000e+1,5.980800000e+1,,,
3.879843750e+2,2.079687500e-1,-4.439375000e+1,6.048000000e+1,,,
3.840468750e+2,2.160000000e-1,-4.481250000e+1,6.048000000e+1,,,
3.839843750e+2,2.079687500e-1,-4.560000000e+1,6.114675000e+1,,,
3.859375000e+2,2.080000000e-1,-4.479062500e+1,5.980275000e+1,,,
3.900156250e+2,2.080312500e-1,-4.479687500e+1,5.979750000e+1,,,
3.859687500e+2,2.078437500e-1,-4.520000000e+1,6.048000000e+1,,,
3.880000000e+2,2.200000000e-1,-4.520000000e+1,5.980800000e+1,,,
3.860000000e+2,2.080000000e-1,-4.519062500e+1,6.048000000e+1,,,
3.880156250e+2,2.160312500e-1,-4.400000000e+1,5.981325000e+1,,,
3.859687500e+2,2.200000000e-1,-4.561562500e+1,6.181875000e+1,,,
3.820000000e+2,2.200000000e-1,-4.520000000e+1,5.913600000e+1,,,
3.860000000e+2,2.120625000e-1,-4.521875000e+1,5.980275000e+1,,,
3.839531250e+2,2.160000000e-1,-4.400312500e+1,6.048525000e+1,,,
3.820000000e+2,2.240312500e-1,-4.480000000e+1,6.115725000e+1,,,
3.839687500e+2,2.239375000e-1,-4.480000000e+1,5.980800000e+1,,,
3.880156250e+2,2.240312500e-1,-4.480625000e+1,6.048000000e+1,,,
3.880156250e+2,2.279687500e-1,-4.559687500e+1,6.048000000e+1,,,
3.820000000e+2,2.239687500e-1,-4.480312500e+1,6.181350000e+1,,,
3.859375000e+2,2.279062500e-1,-4.557812500e+1,6.185550000e+1,,,
3.880000000e+2,2.279687500e-1,-4.560625000e+1,6.048000000e+1,,,
3.840000000e+2,2.320000000e-1,-4.599687500e+1,6.182400000e+1,,,
3.840312500e+2,2.280000000e-1,-4.479062500e+1,6.112050000e+1,,,
3.839687500e+2,2.320937500e-1,-4.523437500e+1,6.048525000e+1,,,
3.799843750e+2,2.359687500e-1,-4.600000000e+1,6.115200000e+1,,,
3.840156250e+2,2.320312500e-1,-4.481562500e+1,6.047475000e+1,,,
3.860000000e+2,2.359687500e-1,-4.440312500e+1,5.980800000e+1,,,
3.880000000e+2,2.400000000e-1,-4.440000000e+1,5.980275000e+1,,,
3.840000000e+2,2.359375000e-1,-4.480000000e+1,6.116250000e+1,,,
3.819843750e+2,2.278437500e-1,-4.520312500e+1,6.115200000e+1,,,
3.878437500e+2,2.200625000e-1,-4.560312500e+1,5.980800000e+1,,,
3.940781250e+2,2.320312500e-1,-4.559375000e+1,6.115200000e+1,,,
3.820625000e+2,2.318750000e-1,-4.641250000e+1,6.115725000e+1,,,
3.861250000e+2,2.440312500e-1,-4.520312500e+1,5.914125000e+1,,,
3.880000000e+2,2.398750000e-1,-4.600000000e+1,5.981325000e+1,,,
3.859062500e+2,2.360937500e-1,-4.518750000e+1,6.115725000e+1,,,
3.820468750e+2,2.439687500e-1,-4.479687500e+1,6.182400000e+1,,,
3.880000000e+2,2.317812500e-1,-4.480000000e+1,6.115200000e+1,,,
3.819531250e+2,2.320937500e-1,-4.600312500e+1,6.047475000e+1,,,
3.839843750e+2,2.400312500e-1,-4.440312500e+1,6.048000000e+1,,,
3.820000000e+2,2.320000000e-1,-4.520000000e+1,5.980800000e+1,,,
3.839843750e+2,2.398750000e-1,-4.440000000e+1,6.049050000e+1,,,
3.839687500e+2,2.479375000e-1,-4.561250000e+1,6.115200000e+1,,,
3.880000000e+2,2.399375000e-1,-4.520000000e+1,6.048000000e+1,,,
3.820781250e+2,2.440312500e-1,-4.519687500e+1,6.048000000e+1,,,
3.818750000e+2,2.481250000e-1,-4.438750000e+1,6.182400000e+1,,,
3.860000000e+2,2.399687500e-1,-4.600000000e+1,6.048525000e+1,,,
3.840156250e+2,2.560312500e-1,-4.480000000e+1,6.047475000e+1,,,
3.880000000e+2,2.520000000e-1,-4.560937500e+1,5.913600000e+1,,,
3.839531250e+2,2.558437500e-1,-4.519687500e+1,6.046950000e+1,,,
3.840000000e+2,2.400000000e-1,-4.480000000e+1,6.115200000e+1,,,
3.860156250e+2,2.561250000e-1,-4.480312500e+1,6.114675000e+1,,,
3.900000000e+2,2.522187500e-1,-4.520625000e+1,6.048000000e+1,,,
3.819531250e+2,2.479687500e-1,-4.519375000e+1,6.048000000e+1,,,
3.840000000e+2,2.481250000e-1,-4.599687500e+1,5.980800000e+1,,,
3.860000000e+2,2.559687500e-1,-4.439687500e+1,5.981325000e+1,,,
3.879843750e+2,2.479375000e-1,-4.480000000e+1,5.913600000e+1,,,
3.840000000e+2,2.519375000e-1,-4.480000000e+1,6.048000000e+1,,,
3.880000000e+2,2.439375000e-1,-4.518437500e+1,6.049050000e+1,,,
3.840000000e+2,2.520000000e-1,-4.560312500e+1,5.980800000e+1,,,
3.880156250e+2,2.600000000e-1,-4.480000000e+1,6.050100000e+1,,,
3.859843750e+2,2.519062500e-1,-4.479062500e+1,6.249600000e+1,,,
3.880312500e+2,2.520937500e-1,-4.400312500e+1,6.044325000e+1,,,
3.880156250e+2,2.559375000e-1,-4.521562500e+1,6.049575000e+1,,,
3.879687500e+2,2.520000000e-1,-4.479687500e+1,6.114675000e+1,,,
3.820000000e+2,2.638437500e-1,-4.517500000e+1,6.115200000e+1,,,
3.920000000e+2,2.639687500e-1,-4.520000000e+1,6.114675000e+1,,,
3.820156250e+2,2.559375000e-1,-4.480625000e+1,6.049575000e+1,,,
3.859062500e+2,2.560937500e-1,-4.600000000e+1,5.846400000e+1,,,
3.900000000e+2,2.640312500e-1,-4.520312500e+1,6.048000000e+1,,,
3.860625000e+2,2.640000000e-1,-4.520000000e+1,5.914125000e+1,,,
3.859843750e+2,2.720000000e-1,-4.481875000e+1,6.047475000e+1,,,
3.860000000e+2,2.678750000e-1,-4.400000000e+1,5.980800000e+1,,,
3.859375000e+2,2.600312500e-1,-4.479687500e+1,6.114675000e+1,,,
3.819687500e+2,2.680000000e-1,-4.480000000e+1,6.048525000e+1,,,
3.841406250e+2,2.599687500e-1,-4.480000000e+1,6.048000000e+1,,,
3.899375000e+2,2.682500000e-1,-4.520312500e+1,5.980275000e+1,,,
3.819687500e+2,2.677187500e-1,-4.480312500e+1,6.179775000e+1,,,
3.880468750e+2,2.560000000e-1,-4.440937500e+1,6.118875000e+1,,,
3.840468750e+2,2.640000000e-1,-4.480625000e+1,5.846400000e+1,,,
3.839531250e+2,2.640000000e-1,-4.600000000e+1,5.979750000e+1,,,
3.879843750e+2,2.680000000e-1,-4.520000000e+1,6.047475000e+1,,,
3.880000000e+2,2.680312500e-1,-4.559687500e+1,5.979750000e+1,,,
3.879843750e+2,2.719687500e-1,-4.480000000e+1,5.980800000e+1,,,
3.899687500e+2,2.680312500e-1,-4.520000000e+1,6.048000000e+1,,,
3.900468750e+2,2.759375000e-1,-4.481562500e+1,6.114675000e+1,,,
3.880468750e+2,2.679062500e-1,-4.520000000e+1,6.116250000e+1,,,
3.940000000e+2,2.680625000e-1,-4.600000000e+1,5.980800000e+1,,,
3.879687500e+2,2.720000000e-1,-4.519687500e+1,6.116775000e+1,,,
3.879687500e+2,2.679375000e-1,-4.480625000e+1,6.116250000e+1,,,
3.820000000e+2,2.680000000e-1,-4.559375000e+1,5.980800000e+1,,,
3.860000000e+2,2.719375000e-1,-4.560937500e+1,5.980800000e+1,,,
3.840000000e+2,2.801250000e-1,-4.520000000e+1,5.980275000e+1,,,
3.860156250e+2,2.838125000e-1,-4.520937500e+1,5.981850000e+1,,,
3.900000000e+2,2.720312500e-1,-4.400000000e+1,5.913600000e+1,,,
3.880000000e+2,2.840625000e-1,-4.520937500e+1,6.114675000e+1,,,
3.840000000e+2,2.717500000e-1,-4.480000000e+1,6.049050000e+1,,,
3.860000000e+2,2.761875000e-1,-4.520000000e+1,6.115200000e+1,,,
3.860000000e+2,2.800000000e-1,-4.480000000e+1,6.185550000e+1,,,
3.860000000e+2,2.840000000e-1,-4.520000000e+1,5.914650000e+1,,,
3.860000000e+2,2.840000000e-1,-4.480000000e+1,6.049575000e+1,,,
3.860156250e+2,2.840312500e-1,-4.561562500e+1,6.115725000e+1,,,
3.880000000e+2,2.880000000e-1,-4.559062500e+1,6.115200000e+1,,,
3.859375000e+2,2.838750000e-1,-4.479375000e+1,5.846400000e+1,,,
3.840468750e+2,2.800000000e-1,-4.400000000e+1,6.115200000e+1,,,
3.919531250e+2,2.800000000e-1,-4.479687500e+1,6.115200000e+1,,,
3.861562500e+2,2.799375000e-1,-4.480000000e+1,5.846400000e+1,,,
3.819843750e+2,2.839687500e-1,-4.440312500e+1,6.182400000e+1,,,
3.859062500e+2,2.839687500e-1,-4.440312500e+1,6.315750000e+1,,,
3.880000000e+2,2.880000000e-1,-4.440000000e+1,5.915700000e+1,,,
3.861250000e+2,2.879687500e-1,-4.438437500e+1,6.048000000e+1,,,
3.838750000e+2,2.917812500e-1,-4.600625000e+1,6.249600000e+1,,,
3.900000000e+2,2.959687500e-1,-4.480000000e+1,6.116775000e+1,,,
3.819687500e+2,2.960000000e-1,-4.640000000e+1,6.115200000e+1,,,
3.820000000e+2,2.999687500e-1,-4.479375000e+1,6.047475000e+1,,,
3.820156250e+2,3.000312500e-1,-4.601250000e+1,5.980800000e+1,,,
3.860468750e+2,2.920000000e-1,-4.560000000e+1,5.980800000e+1,,,
3.879843750e+2,2.880000000e-1,-4.480312500e+1,5.980800000e+1,,,
3.820000000e+2,2.997812500e-1,-4.477812500e+1,6.113625000e+1,,,
3.859687500e+2,2.961562500e-1,-4.520312500e+1,6.048000000e+1,,,
3.820312500e+2,2.881562500e-1,-4.439687500e+1,6.048000000e+1,,,
3.819843750e+2,2.799687500e-1,-4.481250000e+1,6.117300000e+1,,,
3.840000000e+2,2.919062500e-1,-4.479687500e+1,6.249600000e+1,,,
3.839843750e+2,3.001250000e-1,-4.480000000e+1,6.112575000e+1,,,
3.860156250e+2,2.840312500e-1,-4.480000000e+1,6.048000000e+1,,,
3.840000000e+2,2.996562500e-1,-4.480312500e+1,6.316800000e+1,,,
3.880468750e+2,3.040937500e-1,-4.520000000e+1,6.047475000e+1,,,
3.879843750e+2,2.960000000e-1,-4.559687500e+1,6.250650000e+1,,,
3.860156250e+2,3.000000000e-1,-4.520000000e+1,6.048000000e+1,,,
3.900000000e+2,3.040000000e-1,-4.560000000e+1,5.980275000e+1,,,
3.880156250e+2,3.040937500e-1,-4.559687500e+1,5.982900000e+1,,,
3.860000000e+2,2.920625000e-1,-4.520625000e+1,6.181875000e+1,,,
3.799843750e+2,3.038125000e-1,-4.480937500e+1,6.048000000e+1,,,
3.819687500e+2,3.120000000e-1,-4.359687500e+1,6.048000000e+1,,,
3.859687500e+2,3.000000000e-1,-4.442812500e+1,6.115200000e+1,,,
3.880000000e+2,3.079687500e-1,-4.560000000e+1,5.980800000e+1,,,
3.900156250e+2,3.040000000e-1,-4.399687500e+1,6.115200000e+1,,,
3.840468750e+2,3.080000000e-1,-4.599375000e+1,6.046425000e+1,,,
3.820000000e+2,3.040937500e-1,-4.600625000e+1,6.181875000e+1,,,
3.780000000e+2,3.038750000e-1,-4.600000000e+1,5.913600000e+1,,,
3.800468750e+2,3.119687500e-1,-4.518437500e+1,6.182925000e+1,,,
3.900312500e+2,3.080000000e-1,-4.480625000e+1,6.046425000e+1,,,
3.879687500e+2,3.079687500e-1,-4.560625000e+1,6.046950000e+1,,,
3.840156250e+2,3.119687500e-1,-4.519375000e+1,5.980275000e+1,,,
3.820000000e+2,3.120625000e-1,-4.519687500e+1,6.180825000e+1,,,
3.800156250e+2,3.080625000e-1,-4.520000000e+1,6.114150000e+1,,,
3.879687500e+2,3.079062500e-1,-4.519687500e+1,5.913600000e+1,,,
3.860156250e+2,3.160000000e-1,-4.480312500e+1,5.846400000e+1,,,
3.880000000e+2,3.080000000e-1,-4.560000000e+1,6.116250000e+1,,,
3.860625000e+2,3.200000000e-1,-4.479687500e+1,6.115200000e+1,,,
3.819843750e+2,3.040000000e-1,-4.559687500e+1,6.182400000e+1,,,
3.859375000e+2,3.159062500e-1,-4.603125000e+1,5.981850000e+1,,,
3.859687500e+2,3.080000000e-1,-4.520000000e+1,6.048525000e+1,,,
3.839843750e+2,3.240312500e-1,-4.640000000e+1,6.115725000e+1,,,
3.840156250e+2,3.160000000e-1,-4.520000000e+1,5.912550000e+1,,,
3.839531250e+2,3.280000000e-1,-4.601250000e+1,6.048525000e+1,,,
3.820312500e+2,3.159687500e-1,-4.600000000e+1,6.115200000e+1,,,
3.880156250e+2,3.199687500e-1,-4.561562500e+1,6.049050000e+1,,,
3.860156250e+2,3.160000000e-1,-4.480000000e+1,5.846400000e+1,,,
3.860468750e+2,3.199687500e-1,-4.480000000e+1,5.981325000e+1,,,
3.820000000e+2,3.160625000e-1,-4.480312500e+1,5.979225000e+1,,,
3.859843750e+2,3.120000000e-1,-4.559375000e+1,5.983950000e+1,,,
3.860156250e+2,3.160312500e-1,-4.480000000e+1,6.182400000e+1,,,
3.859843750e+2,3.239687500e-1,-4.560000000e+1,5.980800000e+1,,,
3.879375000e+2,3.238437500e-1,-4.444375000e+1,6.048000000e+1,,,
3.899843750e+2,3.319687500e-1,-4.400937500e+1,6.048000000e+1,,,
3.859687500e+2,3.280000000e-1,-4.520625000e+1,5.846400000e+1,,,
3.820156250e+2,3.280000000e-1,-4.520000000e+1,6.049050000e+1,,,
3.840000000e+2,3.319687500e-1,-4.440625000e+1,5.980800000e+1,,,
3.819687500e+2,3.240000000e-1,-4.560000000e+1,5.980275000e+1,,,
3.900000000e+2,3.200000000e-1,-4.480625000e+1,6.114675000e+1,,,
3.840000000e+2,3.238750000e-1,-4.480625000e+1,5.980800000e+1,,,
3.859843750e+2,3.360312500e-1,-4.399687500e+1,6.114675000e+1,,,
3.880156250e+2,3.280000000e-1,-4.480000000e+1,5.980800000e+1,,,
3.820156250e+2,3.359375000e-1,-4.400625000e+1,6.047475000e+1,,,
3.839687500e+2,3.440000000e-1,-4.560000000e+1,6.046950000e+1,,,
3.840000000e+2,3.399375000e-1,-4.440000000e+1,6.115725000e+1,,,
3.840156250e+2,3.319375000e-1,-4.558437500e+1,5.916750000e+1,,,
3.820000000e+2,3.439375000e-1,-4.480000000e+1,5.913600000e+1,,,
3.840000000e+2,3.400312500e-1,-4.520000000e+1,6.050625000e+1,,,
3.859531250e+2,3.400000000e-1,-4.559375000e+1,6.181875000e+1,,,
3.820468750e+2,3.320000000e-1,-4.478125000e+1,6.046425000e+1,,,
3.879375000e+2,3.400312500e-1,-4.440312500e+1,5.980275000e+1,,,
3.760000000e+2,3.439687500e-1,-4.521562500e+1,5.980800000e+1,,,
3.899531250e+2,3.440937500e-1,-4.605000000e+1,6.046425000e+1,,,
3.860000000e+2,3.399687500e-1,-4.400937500e+1,6.115725000e+1,,,
3.880000000e+2,3.479687500e-1,-4.481562500e+1,5.979750000e+1,,,
3.860781250e+2,3.439687500e-1,-4.520000000e+1,6.047475000e+1,,,
3.819687500e+2,3.400000000e-1,-4.440000000e+1,6.114675000e+1,,,
3.879218750e+2,3.399687500e-1,-4.520000000e+1,6.048000000e+1,,,
3.861093750e+2,3.438437500e-1,-4.560312500e+1,5.914650000e+1,,,
3.840156250e+2,3.560000000e-1,-4.520312500e+1,5.912550000e+1,,,
3.860156250e+2,3.520000000e-1,-4.519687500e+1,6.048525000e+1,,,
3.839375000e+2,3.439687500e-1,-4.439062500e+1,6.114675000e+1,,,
3.820937500e+2,3.480937500e-1,-4.440000000e+1,6.115200000e+1,,,
3.899531250e+2,3.560312500e-1,-4.600312500e+1,6.048525000e+1,,,
3.799531250e+2,3.519375000e-1,-4.478125000e+1,6.181875000e+1,,,
3.860312500e+2,3.480625000e-1,-4.439062500e+1,6.118875000e+1,,,
3.820312500e+2,3.440000000e-1,-4.440312500e+1,5.912550000e+1,,,
3.839843750e+2,3.479687500e-1,-4.399375000e+1,5.913600000e+1,,,
3.820468750e+2,3.520312500e-1,-4.400937500e+1,5.980800000e+1,,,
3.819375000e+2,3.599687500e-1,-4.520312500e+1,6.181350000e+1,,,
3.880312500e+2,3.480000000e-1,-4.438750000e+1,5.980800000e+1,,,
3.800781250e+2,3.478750000e-1,-4.439687500e+1,6.181875000e+1,,,
3.840781250e+2,3.560312500e-1,-4.520000000e+1,5.980275000e+1,,,
3.859687500e+2,3.440312500e-1,-4.480000000e+1,6.048000000e+1,,,
3.839687500e+2,3.480000000e-1,-4.480000000e+1,6.115200000e+1,,,
3.860468750e+2,3.560625000e-1,-4.440000000e+1,6.249075000e+1,,,
3.899843750e+2,3.640312500e-1,-4.441875000e+1,5.979750000e+1,,,
3.840000000e+2,3.640000000e-1,-4.600000000e+1,5.980800000e+1,,,
3.880000000e+2,3.520937500e-1,-4.480937500e+1,6.047475000e+1,,,
3.859843750e+2,3.560000000e-1,-4.599687500e+1,6.047475000e+1,,,
3.860000000e+2,3.600000000e-1,-4.560000000e+1,5.980275000e+1,,,
3.839843750e+2,3.600312500e-1,-4.479687500e+1,6.114675000e+1,,,
3.900000000e+2,3.639687500e-1,-4.641250000e+1,6.115200000e+1,,,
3.860156250e+2,3.600000000e-1,-4.598437500e+1,6.182400000e+1,,,
3.860000000e+2,3.640000000e-1,-4.520000000e+1,6.046950000e+1,,,
3.860156250e+2,3.599687500e-1,-4.559375000e+1,6.251175000e+1,,,
3.820000000e+2,3.640000000e-1,-4.519375000e+1,5.981325000e+1,,,
3.820000000e+2,3.600312500e-1,-4.480000000e+1,6.046950000e+1,,,
3.880000000e+2,3.720312500e-1,-4.480625000e+1,5.777625000e+1,,,
3.839843750e+2,3.719375000e-1,-4.477812500e+1,6.050625000e+1,,,
3.880000000e+2,3.719687500e-1,-4.400312500e+1,6.048000000e+1,,,
3.860000000e+2,3.719375000e-1,-4.479375000e+1,5.913600000e+1,,,
3.880000000e+2,3.760000000e-1,-4.439375000e+1,6.048000000e+1,,,
3.860000000e+2,3.679687500e-1,-4.440000000e+1,6.115200000e+1,,,
3.880000000e+2,3.719687500e-1,-4.480000000e+1,6.048000000e+1,,,
3.820156250e+2,3.640312500e-1,-4.480000000e+1,6.115200000e+1,,,
3.819218750e+2,3.760937500e-1,-4.480000000e+1,6.048525000e+1,,,
3.879375000e+2,3.719687500e-1,-4.480000000e+1,5.913600000e+1,,,
3.860937500e+2,3.677812500e-1,-4.519375000e+1,6.181875000e+1,,,
3.800625000e+2,3.800312500e-1,-4.520000000e+1,5.981325000e+1,,,
3.900625000e+2,3.759687500e-1,-4.520000000e+1,5.981325000e+1,,,
3.858750000e+2,3.759062500e-1,-4.520000000e+1,6.115200000e+1,,,
3.860468750e+2,3.679687500e-1,-4.520625000e+1,6.048000000e+1,,,
3.880000000e+2,3.761562500e-1,-4.560000000e+1,6.115200000e+1,,,
3.859687500e+2,3.800625000e-1,-4.480312500e+1,6.183450000e+1,,,
3.859375000e+2,3.840937500e-1,-4.519687500e+1,5.981325000e+1,,,
3.880625000e+2,3.680000000e-1,-4.560625000e+1,6.048000000e+1,,,
3.820000000e+2,3.798437500e-1,-4.479687500e+1,5.847450000e+1,,,
3.879375000e+2,3.839375000e-1,-4.521562500e+1,6.115200000e+1,,,
3.900156250e+2,3.800000000e-1,-4.560000000e+1,5.846400000e+1,,,
3.880156250e+2,3.799375000e-1,-4.519687500e+1,6.115200000e+1,,,
3.880156250e+2,3.680000000e-1,-4.440625000e+1,6.049575000e+1,,,
3.860000000e+2,3.799375000e-1,-4.480000000e+1,6.048000000e+1,,,
3.880468750e+2,3.800312500e-1,-4.520000000e+1,6.046425000e+1,,,
3.879531250e+2,3.879687500e-1,-4.478125000e+1,5.845875000e+1,,,
3.839531250e+2,3.799375000e-1,-4.400625000e+1,5.979750000e+1,,,
3.840156250e+2,3.882187500e-1,-4.640000000e+1,6.046950000e+1,,,
3.900000000e+2,3.958437500e-1,-4.439687500e+1,5.980800000e+1,,,
3.860000000e+2,3.760625000e-1,-4.557500000e+1,6.114150000e+1,,,
3.799843750e+2,3.921250000e-1,-4.480000000e+1,6.048000000e+1,,,
3.820000000e+2,3.878125000e-1,-4.519375000e+1,6.048000000e+1,,,
3.860000000e+2,3.840000000e-1,-4.359375000e+1,5.913075000e+1,,,
3.879843750e+2,3.880625000e-1,-4.520000000e+1,6.115200000e+1,,,
3.840000000e+2,3.880000000e-1,-4.639375000e+1,6.115200000e+1,,,
3.879843750e+2,3.879687500e-1,-4.483125000e+1,5.913075000e+1,,,
3.839843750e+2,3.840000000e-1,-4.439687500e+1,6.048000000e+1,,,
3.860312500e+2,3.880312500e-1,-4.521250000e+1,5.979750000e+1,,,
3.880000000e+2,3.920000000e-1,-4.599062500e+1,6.048525000e+1,,,
3.859218750e+2,3.919062500e-1,-4.479375000e+1,6.112575000e+1,,,
3.840781250e+2,3.879687500e-1,-4.521250000e+1,5.912550000e+1,,,
3.899843750e+2,3.920312500e-1,-4.520312500e+1,6.113625000e+1,,,
3.820000000e+2,3.959687500e-1,-4.558437500e+1,6.250125000e+1,,,
3.880156250e+2,3.960000000e-1,-4.560000000e+1,5.979225000e+1,,,
3.859843750e+2,3.959687500e-1,-4.479375000e+1,5.912025000e+1,,,
3.899531250e+2,3.960625000e-1,-4.479687500e+1,6.047475000e+1,,,
3.900156250e+2,3.999375000e-1,-4.599687500e+1,6.047475000e+1,,,
3.860625000e+2,3.919687500e-1,-4.600000000e+1,5.979750000e+1,,,
3.839843750e+2,4.000000000e-1,-4.600625000e+1,6.048525000e+1,,,
3.839062500e+2,4.039375000e-1,-4.522812500e+1,5.845350000e+1,,,
3.800156250e+2,3.919062500e-1,-4.440000000e+1,5.979750000e+1,,,
3.860156250e+2,3.921562500e-1,-4.559375000e+1,6.048525000e+1,,,
3.860468750e+2,4.000312500e-1,-4.600000000e+1,5.980800000e+1,,,
3.899687500e+2,3.958437500e-1,-4.558750000e+1,5.980275000e+1,,,
3.839218750e+2,3.961875000e-1,-4.440625000e+1,6.046950000e+1,,,
3.840625000e+2,4.000000000e-1,-4.400312500e+1,6.049050000e+1,,,
3.860312500e+2,3.920000000e-1,-4.440312500e+1,5.980800000e+1,,,
3.800000000e+2,4.040000000e-1,-4.480000000e+1,6.048000000e+1,,,
3.859687500e+2,4.079062500e-1,-4.440312500e+1,5.978700000e+1,,,
3.860000000e+2,4.000312500e-1,-4.560937500e+1,5.914650000e+1,,,
3.839843750e+2,4.079687500e-1,-4.520000000e+1,6.115200000e+1,,,
3.879218750e+2,3.958437500e-1,-4.560312500e+1,6.048000000e+1,,,
3.881406250e+2,3.957812500e-1,-4.482812500e+1,6.181875000e+1,,,
3.800156250e+2,4.040312500e-1,-4.480000000e+1,6.115200000e+1,,,
3.901093750e+2,4.039687500e-1,-4.520000000e+1,6.115200000e+1,,,
3.899687500e+2,4.039062500e-1,-4.520000000e+1,5.913600000e+1,,,
3.879687500e+2,4.000312500e-1,-4.520000000e+1,6.113100000e+1,,,
3.820000000e+2,4.080937500e-1,-4.520000000e+1,6.115200000e+1,,,
3.899843750e+2,4.080000000e-1,-4.520000000e+1,5.980275000e+1,,,
3.799687500e+2,4.039687500e-1,-4.520000000e+1,6.047475000e+1,,,
3.820312500e+2,4.081562500e-1,-4.519687500e+1,6.048000000e+1,,,
3.880000000e+2,4.160312500e-1,-4.520312500e+1,6.115200000e+1,,,
3.880000000e+2,4.119687500e-1,-4.440937500e+1,6.114675000e+1,,,
3.880000000e+2,4.119062500e-1,-4.560000000e+1,6.183450000e+1,,,
3.819843750e+2,4.080937500e-1,-4.440000000e+1,6.048000000e+1,,,
3.839687500e+2,4.200000000e-1,-4.477187500e+1,6.248550000e+1,,,
3.879843750e+2,4.199375000e-1,-4.520000000e+1,6.050100000e+1,,,
3.880000000e+2,4.159687500e-1,-4.520000000e+1,5.981325000e+1,,,
3.859687500e+2,4.160000000e-1,-4.521562500e+1,6.116250000e+1,,,
3.860468750e+2,4.160000000e-1,-4.599687500e+1,6.182400000e+1,,,
3.900000000e+2,4.159687500e-1,-4.479375000e+1,6.114675000e+1,,,
3.839375000e+2,4.159687500e-1,-4.440000000e+1,6.115200000e+1,,,
3.819375000e+2,4.236562500e-1,-4.479687500e+1,6.115200000e+1,,,
3.859843750e+2,4.280625000e-1,-4.560000000e+1,5.982375000e+1,,,
3.839687500e+2,4.200937500e-1,-4.560000000e+1,5.980800000e+1,,,
3.898750000e+2,4.199687500e-1,-4.559062500e+1,6.115725000e+1,,,
3.881875000e+2,4.239375000e-1,-4.400000000e+1,6.116775000e+1,,,
3.838906250e+2,4.358437500e-1,-4.518125000e+1,5.913600000e+1,,,
3.900156250e+2,4.360312500e-1,-4.561562500e+1,6.045900000e+1,,,
3.839687500e+2,4.322187500e-1,-4.520000000e+1,6.116250000e+1,,,
3.880000000e+2,4.199687500e-1,-4.560000000e+1,5.981325000e+1,,,
3.860000000e+2,4.319687500e-1,-4.520312500e+1,5.982375000e+1,,,
3.879843750e+2,4.280312500e-1,-4.559687500e+1,6.181875000e+1,,,
3.839375000e+2,4.200000000e-1,-4.440000000e+1,6.048000000e+1,,,
3.820156250e+2,4.360000000e-1,-4.479687500e+1,6.115200000e+1,,,
3.880000000e+2,4.282187500e-1,-4.479687500e+1,6.119925000e+1,,,
3.901250000e+2,4.358125000e-1,-4.520000000e+1,5.980800000e+1,,,
3.819843750e+2,4.362187500e-1,-4.520312500e+1,6.114150000e+1,,,
3.899843750e+2,4.199687500e-1,-4.559687500e+1,5.913600000e+1,,,
3.860781250e+2,4.399375000e-1,-4.478125000e+1,6.183450000e+1,,,
3.819843750e+2,4.360312500e-1,-4.481250000e+1,6.181350000e+1,,,
3.859531250e+2,4.399687500e-1,-4.560000000e+1,6.115200000e+1,,,
3.859843750e+2,4.320625000e-1,-4.520312500e+1,6.048000000e+1,,,
3.880468750e+2,4.359375000e-1,-4.600000000e+1,6.115200000e+1,,,
3.899843750e+2,4.399687500e-1,-4.519375000e+1,6.115200000e+1,,,
3.860312500e+2,4.400000000e-1,-4.519375000e+1,6.182400000e+1,,,
3.940000000e+2,4.400000000e-1,-4.400000000e+1,6.113625000e+1,,,
3.880312500e+2,4.360937500e-1,-4.562500000e+1,6.050100000e+1,,,
3.860000000e+2,4.317187500e-1,-4.602187500e+1,6.248550000e+1,,,
3.859843750e+2,4.479062500e-1,-4.481250000e+1,6.048000000e+1,,,
3.820156250e+2,4.440000000e-1,-4.440625000e+1,5.914650000e+1,,,
3.799843750e+2,4.360000000e-1,-4.521562500e+1,6.316800000e+1,,,
3.840000000e+2,4.479375000e-1,-4.560000000e+1,5.846925000e+1,,,
3.860156250e+2,4.520000000e-1,-4.479375000e+1,6.116250000e+1,,,
3.780312500e+2,4.480000000e-1,-4.480000000e+1,6.117300000e+1,,,
3.820000000e+2,4.440000000e-1,-4.520000000e+1,5.979750000e+1,,,
3.799843750e+2,4.478125000e-1,-4.479687500e+1,5.848500000e+1,,,
3.860156250e+2,4.522187500e-1,-4.439687500e+1,6.115200000e+1,,,
3.859843750e+2,4.320000000e-1,-4.440000000e+1,5.912025000e+1,,,
3.859843750e+2,4.519062500e-1,-4.440625000e+1,6.050625000e+1,,,
3.840000000e+2,4.560937500e-1,-4.479687500e+1,6.048000000e+1,,,
3.840000000e+2,4.480937500e-1,-4.438125000e+1,5.979750000e+1,,,
3.800000000e+2,4.478750000e-1,-4.560312500e+1,6.115200000e+1,,,
3.839843750e+2,4.559375000e-1,-4.520000000e+1,5.980800000e+1,,,
3.839843750e+2,4.599687500e-1,-4.559687500e+1,5.980800000e+1,,,
3.860156250e+2,4.600000000e-1,-4.440000000e+1,5.981325000e+1,,,
3.799375000e+2,4.600000000e-1,-4.521875000e+1,6.182400000e+1,,,
3.919062500e+2,4.520000000e-1,-4.520312500e+1,5.980800000e+1,,,
3.880781250e+2,4.478750000e-1,-4.444062500e+1,6.046950000e+1,,,
3.859531250e+2,4.520000000e-1,-4.400000000e+1,6.048000000e+1,,,
3.840625000e+2,4.520312500e-1,-4.560625000e+1,6.114675000e+1,,,
3.899843750e+2,4.640312500e-1,-4.479687500e+1,6.181350000e+1,,,
3.840000000e+2,4.639687500e-1,-4.441875000e+1,6.047475000e+1,,,
3.899843750e+2,4.600000000e-1,-4.600312500e+1,6.114675000e+1,,,
3.819531250e+2,4.679687500e-1,-4.481875000e+1,6.114675000e+1,,,
3.859062500e+2,4.561250000e-1,-4.480000000e+1,6.181875000e+1,,,
3.880000000e+2,4.559375000e-1,-4.440000000e+1,6.047475000e+1,,,
3.860156250e+2,4.600000000e-1,-4.480312500e+1,6.047475000e+1,,,
3.839843750e+2,4.599687500e-1,-4.519687500e+1,5.911500000e+1,,,
3.880000000e+2,4.639687500e-1,-4.521562500e+1,6.049050000e+1,,,
3.820312500e+2,4.560000000e-1,-4.600000000e+1,6.249600000e+1,,,
3.839843750e+2,4.637812500e-1,-4.523125000e+1,5.913075000e+1,,,
3.820000000e+2,4.640000000e-1,-4.480625000e+1,6.115200000e+1,,,
3.840000000e+2,4.600000000e-1,-4.560312500e+1,6.047475000e+1,,,
3.820625000e+2,4.600000000e-1,-4.520000000e+1,5.980275000e+1,,,
3.940156250e+2,4.680312500e-1,-4.559687500e+1,5.980275000e+1,,,
3.860312500e+2,4.720000000e-1,-4.440000000e+1,6.115200000e+1,,,
3.860000000e+2,4.760000000e-1,-4.478750000e+1,5.980275000e+1,,,
3.840000000e+2,4.759687500e-1,-4.560312500e+1,6.048000000e+1,,,
3.780000000e+2,4.800312500e-1,-4.480312500e+1,5.981325000e+1,,,
3.839531250e+2,4.720000000e-1,-4.520000000e+1,6.048000000e+1,,,
3.880156250e+2,4.799687500e-1,-4.480312500e+1,6.115200000e+1,,,
3.800000000e+2,4.799375000e-1,-4.560000000e+1,6.048000000e+1,,,
3.879687500e+2,4.719687500e-1,-4.480625000e+1,6.114675000e+1,,,
3.860468750e+2,4.719062500e-1,-4.401562500e+1,6.117300000e+1,,,
3.859843750e+2,4.799687500e-1,-4.400625000e+1,5.980800000e+1,,,
3.900000000e+2,4.760625000e-1,-4.560000000e+1,6.115200000e+1,,,
3.859687500e+2,4.720000000e-1,-4.520000000e+1,5.979225000e+1,,,
3.880625000e+2,4.760000000e-1,-4.559375000e+1,6.048000000e+1,,,
3.899375000e+2,4.760000000e-1,-4.439687500e+1,5.980800000e+1,,,
3.819843750e+2,4.800000000e-1,-4.480625000e+1,6.047475000e+1,,,
3.879843750e+2,4.763125000e-1,-4.480937500e+1,5.979750000e+1,,,
3.860000000e+2,4.679375000e-1,-4.480000000e+1,6.181350000e+1,,,
3.880000000e+2,4.839375000e-1,-4.480000000e+1,6.114675000e+1,,,
3.840312500e+2,4.839687500e-1,-4.480000000e+1,6.115725000e+1,,,
3.839687500e+2,4.800000000e-1,-4.480000000e+1,5.981325000e+1,,,
3.840312500e+2,4.879687500e-1,-4.520000000e+1,6.048000000e+1,,,
3.819531250e+2,4.841250000e-1,-4.561250000e+1,6.115725000e+1,,,
3.860312500e+2,4.800000000e-1,-4.439687500e+1,5.981850000e+1,,,
3.860312500e+2,4.880000000e-1,-4.560312500e+1,5.913600000e+1,,,
3.900156250e+2,4.799375000e-1,-4.479687500e+1,5.979750000e+1,,,
3.879375000e+2,4.880937500e-1,-4.520000000e+1,6.115200000e+1,,,
3.839218750e+2,4.918750000e-1,-4.480312500e+1,5.981850000e+1,,,
3.820312500e+2,4.840312500e-1,-4.560312500e+1,6.249600000e+1,,,
3.859843750e+2,4.960000000e-1,-4.482500000e+1,5.916225000e+1,,,
3.839218750e+2,4.840312500e-1,-4.440312500e+1,6.047475000e+1,,,
3.920156250e+2,4.959687500e-1,-4.400625000e+1,5.846400000e+1,,,
3.820625000e+2,4.919375000e-1,-4.520625000e+1,5.980800000e+1,,,
3.859531250e+2,4.840000000e-1,-4.519687500e+1,6.180300000e+1,,,
3.840312500e+2,4.920000000e-1,-4.519375000e+1,5.913600000e+1,,,
3.839531250e+2,4.760000000e-1,-4.480000000e+1,6.179250000e+1,,,
3.859687500e+2,4.879062500e-1,-4.559687500e+1,6.181350000e+1,,,
3.819687500e+2,4.800000000e-1,-4.520000000e+1,5.980800000e+1,,,
3.840468750e+2,4.840000000e-1,-4.520312500e+1,6.048000000e+1,,,
3.879843750e+2,4.880312500e-1,-4.520000000e+1,6.115200000e+1,,,
3.839843750e+2,4.920312500e-1,-4.520312500e+1,6.048000000e+1,,,
3.860000000e+2,5.000000000e-1,-4.560000000e+1,6.182400000e+1,,,
3.899843750e+2,4.880312500e-1,-4.601250000e+1,5.981325000e+1,,,
3.819687500e+2,4.920000000e-1,-4.480625000e+1,6.048525000e+1,,,
3.859843750e+2,4.840312500e-1,-4.440000000e+1,6.181350000e+1,,,
3.859843750e+2,5.000625000e-1,-4.520000000e+1,6.182925000e+1,,,
3.879843750e+2,4.919375000e-1,-4.480312500e+1,6.047475000e+1,,,
3.840312500e+2,5.000625000e-1,-4.560312500e+1,6.048000000e+1,,,
3.800156250e+2,4.958750000e-1,-4.480625000e+1,6.181875000e+1,,,
3.800312500e+2,4.920000000e-1,-4.478437500e+1,6.053250000e+1,,,
3.780000000e+2,4.959687500e-1,-4.479375000e+1,5.913075000e+1,,,
3.880000000e+2,4.999687500e-1,-4.440312500e+1,6.115725000e+1,,,
3.839218750e+2,4.920312500e-1,-4.561562500e+1,6.110475000e+1,,,
3.840156250e+2,5.080937500e-1,-4.557187500e+1,5.914125000e+1,,,
3.839843750e+2,4.998750000e-1,-4.439687500e+1,6.115200000e+1,,,
3.820000000e+2,4.999062500e-1,-4.478750000e+1,5.981325000e+1,,,
3.860000000e+2,5.040000000e-1,-4.518750000e+1,6.249600000e+1,,,
3.820000000e+2,4.960000000e-1,-4.439375000e+1,5.981325000e+1,,,
3.860000000e+2,5.040000000e-1,-4.680000000e+1,6.048525000e+1,,,
3.880000000e+2,4.999062500e-1,-4.438750000e+1,6.048000000e+1,,,
3.839687500e+2,5.000625000e-1,-4.560625000e+1,6.181875000e+1,,,
3.880156250e+2,5.080312500e-1,-4.560312500e+1,6.182400000e+1,,,
3.800781250e+2,5.081875000e-1,-4.560937500e+1,6.049050000e+1,,,
3.801406250e+2,5.000000000e-1,-4.480312500e+1,5.913075000e+1,,,
3.880156250e+2,5.120625000e-1,-4.519687500e+1,6.183450000e+1,,,
3.839375000e+2,5.119687500e-1,-4.560000000e+1,6.181350000e+1,,,
3.860312500e+2,5.160312500e-1,-4.519687500e+1,5.980800000e+1,,,
3.860156250e+2,5.159062500e-1,-4.480000000e+1,6.182400000e+1,,,
3.859218750e+2,5.120312500e-1,-4.480000000e+1,5.982375000e+1,,,
3.800000000e+2,5.160000000e-1,-4.520000000e+1,5.980800000e+1,,,
3.858750000e+2,5.040000000e-1,-4.520625000e+1,5.980800000e+1,,,
3.860156250e+2,4.998437500e-1,-4.480000000e+1,5.981850000e+1,,,
3.800156250e+2,5.200000000e-1,-4.520625000e+1,6.047475000e+1,,,
3.859062500e+2,5.119375000e-1,-4.520000000e+1,5.846400000e+1,,,
3.900625000e+2,5.240312500e-1,-4.520000000e+1,6.115200000e+1,,,
3.839218750e+2,5.203125000e-1,-4.480312500e+1,6.051150000e+1,,,
3.920312500e+2,5.040312500e-1,-4.480000000e+1,5.979750000e+1,,,
3.859062500e+2,5.120625000e-1,-4.440000000e+1,6.249075000e+1,,,
3.881093750e+2,5.199687500e-1,-4.480937500e+1,5.912550000e+1,,,
3.919375000e+2,5.118750000e-1,-4.520312500e+1,6.047475000e+1,,,
3.819843750e+2,5.120937500e-1,-4.520000000e+1,5.980800000e+1,,,
3.880000000e+2,5.199687500e-1,-4.519687500e+1,6.182925000e+1,,,
3.840000000e+2,5.159062500e-1,-4.437500000e+1,6.117300000e+1,,,
3.840156250e+2,5.280625000e-1,-4.560312500e+1,5.980800000e+1,,,
3.860000000e+2,5.238125000e-1,-4.399062500e+1,5.980800000e+1,,,
3.860000000e+2,5.200625000e-1,-4.480937500e+1,6.048525000e+1,,,
3.840000000e+2,5.280625000e-1,-4.520000000e+1,5.913600000e+1,,,
3.880000000e+2,5.238750000e-1,-4.440000000e+1,5.913600000e+1,,,
3.900156250e+2,5.200000000e-1,-4.480000000e+1,5.911500000e+1,,,
3.859687500e+2,5.200000000e-1,-4.440000000e+1,6.048000000e+1,,,
3.820156250e+2,5.200625000e-1,-4.520625000e+1,5.980275000e+1,,,
3.860156250e+2,5.360937500e-1,-4.477812500e+1,6.048000000e+1,,,
3.840000000e+2,5.317187500e-1,-4.400312500e+1,6.049575000e+1,,,
3.880625000e+2,5.199375000e-1,-4.521875000e+1,6.182400000e+1,,,
3.879843750e+2,5.281250000e-1,-4.520000000e+1,6.114675000e+1,,,
3.840000000e+2,5.360312500e-1,-4.522812500e+1,6.249600000e+1,,,
3.880156250e+2,5.320000000e-1,-4.440000000e+1,6.114150000e+1,,,
3.879843750e+2,5.400625000e-1,-4.479687500e+1,6.046950000e+1,,,
3.899843750e+2,5.399687500e-1,-4.320312500e+1,6.115200000e+1,,,
3.900000000e+2,5.358750000e-1,-4.399375000e+1,5.980275000e+1,,,
3.880781250e+2,5.280000000e-1,-4.520312500e+1,6.047475000e+1,,,
3.839687500e+2,5.360000000e-1,-4.480312500e+1,6.048000000e+1,,,
3.859062500e+2,5.359375000e-1,-4.520625000e+1,6.115725000e+1,,,
3.779375000e+2,5.360000000e-1,-4.440000000e+1,6.115200000e+1,,,
3.820468750e+2,5.400937500e-1,-4.520000000e+1,6.046950000e+1,,,
3.840312500e+2,5.440000000e-1,-4.480000000e+1,6.115200000e+1,,,
3.859687500e+2,5.398125000e-1,-4.440000000e+1,5.846400000e+1,,,
3.840156250e+2,5.361250000e-1,-4.479687500e+1,6.112575000e+1,,,
3.880312500e+2,5.440000000e-1,-4.520937500e+1,6.049575000e+1,,,
3.860468750e+2,5.400000000e-1,-4.480312500e+1,6.048000000e+1,,,
3.819843750e+2,5.440000000e-1,-4.560000000e+1,6.048000000e+1,,,
3.859843750e+2,5.319375000e-1,-4.560000000e+1,5.977650000e+1,,,
3.860156250e+2,5.401875000e-1,-4.520312500e+1,5.779725000e+1,,,
3.819531250e+2,5.480312500e-1,-4.560312500e+1,6.048000000e+1,,,
3.899218750e+2,5.438750000e-1,-4.520312500e+1,6.048000000e+1,,,
3.880937500e+2,5.399062500e-1,-4.483125000e+1,5.844825000e+1,,,
3.860468750e+2,5.440000000e-1,-4.400000000e+1,6.115200000e+1,,,
3.920312500e+2,5.440312500e-1,-4.479687500e+1,5.846400000e+1,,,
3.879687500e+2,5.521250000e-1,-4.520312500e+1,6.117825000e+1,,,
3.859687500e+2,5.560000000e-1,-4.519375000e+1,6.183975000e+1,,,
3.820000000e+2,5.560312500e-1,-4.479375000e+1,6.048000000e+1,,,
3.840000000e+2,5.560312500e-1,-4.560625000e+1,6.114675000e+1,,,
3.839843750e+2,5.438125000e-1,-4.440312500e+1,5.914125000e+1,,,
3.820000000e+2,5.401250000e-1,-4.520000000e+1,5.979225000e+1,,,
3.860000000e+2,5.521562500e-1,-4.400312500e+1,5.980800000e+1,,,
3.860000000e+2,5.518437500e-1,-4.481562500e+1,5.845350000e+1,,,
3.840000000e+2,5.480625000e-1,-4.479687500e+1,6.181875000e+1,,,
3.859843750e+2,5.561875000e-1,-4.400000000e+1,5.913600000e+1,,,
3.819843750e+2,5.560000000e-1,-4.398750000e+1,5.979225000e+1,,,
3.879687500e+2,5.439062500e-1,-4.440000000e+1,5.979750000e+1,,,
3.900000000e+2,5.480625000e-1,-4.440000000e+1,6.114675000e+1,,,
3.899843750e+2,5.599687500e-1,-4.440625000e+1,5.980800000e+1,,,
3.879843750e+2,5.519375000e-1,-4.479687500e+1,6.048000000e+1,,,
3.859687500e+2,5.601250000e-1,-4.440312500e+1,5.847450000e+1,,,
3.860468750e+2,5.599687500e-1,-4.520000000e+1,6.115200000e+1,,,
3.919687500e+2,5.600000000e-1,-4.440000000e+1,5.779200000e+1,,,
3.880468750e+2,5.599375000e-1,-4.560000000e+1,6.044850000e+1,,,
3.880468750e+2,5.639687500e-1,-4.480312500e+1,6.048000000e+1,,,
3.839531250e+2,5.601250000e-1,-4.480312500e+1,6.115200000e+1,,,
3.918750000e+2,5.559687500e-1,-4.480000000e+1,6.047475000e+1,,,
3.882343750e+2,5.676875000e-1,-4.480000000e+1,6.115200000e+1,,,
3.839531250e+2,5.723125000e-1,-4.481250000e+1,5.912550000e+1,,,
3.859843750e+2,5.600937500e-1,-4.439687500e+1,6.247500000e+1,,,
3.799843750e+2,5.639687500e-1,-4.559687500e+1,6.115200000e+1,,,
3.840156250e+2,5.639687500e-1,-4.519687500e+1,6.182400000e+1,,,
3.859843750e+2,5.719687500e-1,-4.520000000e+1,6.115200000e+1,,,
3.820000000e+2,5.680000000e-1,-4.480000000e+1,6.182400000e+1,,,
3.860000000e+2,5.680000000e-1,-4.519375000e+1,5.913600000e+1,,,
3.820000000e+2,5.759375000e-1,-4.523437500e+1,5.976075000e+1,,,
3.839687500e+2,5.644062500e-1,-4.440000000e+1,6.115200000e+1,,,
3.839687500e+2,5.480000000e-1,-4.520625000e+1,6.044850000e+1,,,
3.880000000e+2,5.598750000e-1,-4.518750000e+1,5.845350000e+1,,,
3.820468750e+2,5.679375000e-1,-4.521875000e+1,5.981850000e+1,,,
3.858593750e+2,5.720937500e-1,-4.559062500e+1,6.115200000e+1,,,
3.920625000e+2,5.600625000e-1,-4.440312500e+1,6.048000000e+1,,,
3.818906250e+2,5.677500000e-1,-4.520312500e+1,5.980800000e+1,,,
3.861718750e+2,5.759687500e-1,-4.520000000e+1,6.048525000e+1,,,
3.939843750e+2,5.760000000e-1,-4.599062500e+1,6.047475000e+1,,,
3.819375000e+2,5.720000000e-1,-4.438750000e+1,5.980800000e+1,,,
3.880312500e+2,5.680000000e-1,-4.440000000e+1,5.981325000e+1,,,
3.900000000e+2,5.799687500e-1,-4.520937500e+1,6.116250000e+1,,,
3.880000000e+2,5.721562500e-1,-4.520937500e+1,6.115725000e+1,,,
3.819687500e+2,5.759375000e-1,-4.480312500e+1,6.048000000e+1,,,
3.819843750e+2,5.800000000e-1,-4.480625000e+1,6.048525000e+1,,,
3.859843750e+2,5.800000000e-1,-4.520000000e+1,6.249600000e+1,,,
3.840000000e+2,5.800000000e-1,-4.480000000e+1,6.048000000e+1,,,
3.859843750e+2,5.760000000e-1,-4.520937500e+1,6.181875000e+1,,,
3.860156250e+2,5.840000000e-1,-4.560312500e+1,5.983425000e+1,,,
3.840000000e+2,5.800937500e-1,-4.440937500e+1,5.980275000e+1,,,
3.840000000e+2,5.799062500e-1,-4.440000000e+1,5.917275000e+1,,,
3.840312500e+2,5.840312500e-1,-4.359687500e+1,6.316800000e+1,,,
3.920312500e+2,5.800000000e-1,-4.440937500e+1,5.978175000e+1,,,
3.919843750e+2,5.879687500e-1,-4.520625000e+1,6.050100000e+1,,,
3.900312500e+2,5.840625000e-1,-4.520000000e+1,6.048000000e+1,,,
3.840000000e+2,5.837812500e-1,-4.519687500e+1,5.980275000e+1,,,
3.820156250e+2,5.880937500e-1,-4.479687500e+1,6.182925000e+1,,,
3.899687500e+2,5.799687500e-1,-4.400625000e+1,6.182400000e+1,,,
3.900468750e+2,5.919687500e-1,-4.520312500e+1,6.048000000e+1,,,
3.860156250e+2,5.880000000e-1,-4.480000000e+1,5.913600000e+1,,,
3.859531250e+2,5.760000000e-1,-4.440937500e+1,6.115200000e+1,,,
3.880000000e+2,5.840000000e-1,-4.520000000e+1,5.913600000e+1,,,
3.860312500e+2,5.879375000e-1,-4.444687500e+1,5.911500000e+1,,,
3.860468750e+2,5.920000000e-1,-4.440000000e+1,6.115725000e+1,,,
3.900156250e+2,5.960000000e-1,-4.640000000e+1,6.048525000e+1,,,
3.879531250e+2,5.919687500e-1,-4.479687500e+1,5.981325000e+1,,,
3.859843750e+2,5.920000000e-1,-4.520000000e+1,6.115200000e+1,,,
3.839531250e+2,5.919687500e-1,-4.440625000e+1,6.048000000e+1,,,
3.820312500e+2,5.880000000e-1,-4.560000000e+1,6.115200000e+1,,,
3.860156250e+2,5.879687500e-1,-4.440000000e+1,6.047475000e+1,,,
3.819687500e+2,5.879687500e-1,-4.480937500e+1,6.047475000e+1,,,
3.879843750e+2,5.880937500e-1,-4.520312500e+1,5.979750000e+1,,,
3.840312500e+2,5.839375000e-1,-4.521250000e+1,5.982375000e+1,,,
3.799531250e+2,6.040312500e-1,-4.559062500e+1,6.182925000e+1,,,
3.879375000e+2,5.960312500e-1,-4.480000000e+1,6.182400000e+1,,,
3.860781250e+2,5.918750000e-1,-4.559375000e+1,5.913075000e+1,,,
3.860937500e+2,5.959687500e-1,-4.479062500e+1,6.048000000e+1,,,
3.919843750e+2,5.960000000e-1,-4.440000000e+1,6.047475000e+1,,,
3.819687500e+2,6.000000000e-1,-4.480000000e+1,5.979750000e+1,,,
3.880156250e+2,6.000312500e-1,-4.520312500e+1,5.913075000e+1,,,
3.859843750e+2,6.080000000e-1,-4.520000000e+1,6.048000000e+1,,,
3.900000000e+2,6.000937500e-1,-4.440625000e+1,5.912550000e+1,,,
3.860000000e+2,5.959375000e-1,-4.399687500e+1,5.913600000e+1,,,
3.820000000e+2,6.000000000e-1,-4.440000000e+1,5.913600000e+1,,,
3.839687500e+2,5.960000000e-1,-4.400312500e+1,5.913600000e+1,,,
3.900000000e+2,6.039687500e-1,-4.400000000e+1,5.980275000e+1,,,
3.820468750e+2,6.040000000e-1,-4.440000000e+1,6.049050000e+1,,,
3.839843750e+2,6.079687500e-1,-4.520312500e+1,5.779725000e+1,,,
3.839843750e+2,5.999375000e-1,-4.403125000e+1,5.846400000e+1,,,
3.860000000e+2,6.119687500e-1,-4.400625000e+1,5.779200000e+1,,,
3.820000000e+2,6.000937500e-1,-4.520000000e+1,6.052725000e+1,,,
3.799843750e+2,6.000000000e-1,-4.398125000e+1,6.174525000e+1,,,
3.800468750e+2,5.999062500e-1,-4.400000000e+1,5.779200000e+1,,,
3.860000000e+2,5.800000000e-1,-4.360312500e+1,6.048525000e+1,,,
3.799375000e+2,5.999062500e-1,-4.440625000e+1,5.778150000e+1,,,
3.780000000e+2,6.000937500e-1,-4.404062500e+1,5.978175000e+1,,,
3.799687500e+2,6.000312500e-1,-4.359375000e+1,5.915700000e+1,,,
3.840000000e+2,5.880312500e-1,-4.480312500e+1,5.780250000e+1,,,
3.780781250e+2,5.879687500e-1,-4.399687500e+1,5.913600000e+1,,,
3.779218750e+2,5.840000000e-1,-4.400000000e+1,5.712525000e+1,,,
3.819843750e+2,5.959687500e-1,-4.400000000e+1,5.846400000e+1,,,
3.781718750e+2,5.880937500e-1,-4.480312500e+1,5.849550000e+1,,,
3.740468750e+2,5.880000000e-1,-4.363125000e+1,5.643750000e+1,,,
3.800781250e+2,5.880000000e-1,-4.320000000e+1,5.913600000e+1,,,
3.779218750e+2,5.800937500e-1,-4.359687500e+1,5.712000000e+1,,,
3.740156250e+2,5.879375000e-1,-4.320000000e+1,5.846400000e+1,,,
3.800937500e+2,5.638437500e-1,-4.440312500e+1,5.577600000e+1,,,
3.799218750e+2,5.720937500e-1,-4.398750000e+1,5.912550000e+1,,,
3.760156250e+2,5.680312500e-1,-4.319375000e+1,5.847975000e+1,,,
3.800156250e+2,5.719687500e-1,-4.320625000e+1,5.777625000e+1,,,
3.740000000e+2,5.719687500e-1,-4.159375000e+1,5.443200000e+1,,,
3.799687500e+2,5.759687500e-1,-4.241562500e+1,5.577600000e+1,,,
3.760000000e+2,5.639375000e-1,-4.320000000e+1,5.510400000e+1,,,
3.799687500e+2,5.600000000e-1,-4.238125000e+1,5.645325000e+1,,,
3.761250000e+2,5.679687500e-1,-4.160000000e+1,5.644800000e+1,,,
3.720625000e+2,5.600937500e-1,-4.238750000e+1,5.644275000e+1,,,
3.780000000e+2,5.560312500e-1,-4.279687500e+1,5.510400000e+1,,,
3.699687500e+2,5.480000000e-1,-4.159062500e+1,5.577600000e+1,,,
3.720156250e+2,5.440625000e-1,-4.080000000e+1,5.509350000e+1,,,
3.679843750e+2,5.640000000e-1,-4.120312500e+1,5.376000000e+1,,,
3.680000000e+2,5.480000000e-1,-4.120000000e+1,5.510400000e+1,,,
3.659843750e+2,5.440312500e-1,-4.199687500e+1,5.443725000e+1,,,
3.660000000e+2,5.400000000e-1,-4.160000000e+1,5.376000000e+1,,,
3.679843750e+2,5.440000000e-1,-4.200000000e+1,5.442150000e+1,,,
3.700000000e+2,5.437812500e-1,-4.080312500e+1,5.377050000e+1,,,
3.679843750e+2,5.280625000e-1,-4.121250000e+1,5.174400000e+1,,,
3.680156250e+2,5.440937500e-1,-4.119062500e+1,5.376000000e+1,,,
3.620000000e+2,5.277187500e-1,-4.000000000e+1,5.242125000e+1,,,
3.679531250e+2,5.198750000e-1,-4.004062500e+1,5.243175000e+1,,,
3.640000000e+2,5.240312500e-1,-3.880312500e+1,5.107200000e+1,,,
3.600000000e+2,5.079375000e-1,-4.000937500e+1,5.173875000e+1,,,
3.640000000e+2,5.080312500e-1,-3.918125000e+1,5.036850000e+1,,,
3.579531250e+2,5.199062500e-1,-3.840625000e+1,5.042100000e+1,,,
3.560000000e+2,4.999375000e-1,-3.920937500e+1,5.174400000e+1,,,
3.540000000e+2,5.039375000e-1,-3.881562500e+1,4.904550000e+1,,,
3.580000000e+2,4.920625000e-1,-3.759687500e+1,4.972800000e+1,,,
3.540000000e+2,4.879062500e-1,-3.760000000e+1,4.705050000e+1,,,
3.520000000e+2,4.679375000e-1,-3.800000000e+1,4.637325000e+1,,,
3.520156250e+2,4.720937500e-1,-3.679687500e+1,4.704000000e+1,,,
3.480312500e+2,4.638750000e-1,-3.720000000e+1,4.838925000e+1,,,
3.479531250e+2,4.519062500e-1,-3.680625000e+1,4.569600000e+1,,,
3.480156250e+2,4.402812500e-1,-3.601562500e+1,4.637850000e+1,,,
3.398906250e+2,4.320000000e-1,-3.560625000e+1,4.301850000e+1,,,
3.380000000e+2,4.280625000e-1,-3.480625000e+1,4.368000000e+1,,,
3.359375000e+2,4.238437500e-1,-3.440312500e+1,4.366950000e+1,,,
3.339375000e+2,4.038437500e-1,-3.480937500e+1,4.167450000e+1,,,
3.299687500e+2,3.958750000e-1,-3.480000000e+1,4.099200000e+1,,,
3.279687500e+2,3.799375000e-1,-3.320625000e+1,4.099200000e+1,,,
3.240468750e+2,3.600000000e-1,-3.320625000e+1,3.898650000e+1,,,
3.220468750e+2,3.480000000e-1,-3.200312500e+1,3.763200000e+1,,,
3.180156250e+2,3.320312500e-1,-3.159687500e+1,3.697575000e+1,,,
3.160000000e+2,3.200625000e-1,-3.039062500e+1,3.829875000e+1,,,
3.120000000e+2,3.120000000e-1,-3.080312500e+1,3.628800000e+1,,,
3.100156250e+2,2.918437500e-1,-3.119375000e+1,3.696000000e+1,,,
3.060781250e+2,2.761875000e-1,-2.922500000e+1,3.298050000e+1,,,
3.039375000e+2,2.640937500e-1,-2.880000000e+1,3.091725000e+1,,,
2.999843750e+2,2.518750000e-1,-2.720000000e+1,3.158925000e+1,,,
2.999531250e+2,2.358125000e-1,-2.760937500e+1,2.955750000e+1,,,
2.919687500e+2,2.199062500e-1,-2.679375000e+1,2.889600000e+1,,,
2.919843750e+2,2.120000000e-1,-2.560000000e+1,2.890125000e+1,,,
2.899843750e+2,2.039687500e-1,-2.479687500e+1,2.889075000e+1,,,
2.880000000e+2,1.845312500e-1,-2.482500000e+1,2.758875000e+1,,,
2.839843750e+2,1.720625000e-1,-2.360625000e+1,2.419200000e+1,,,
2.820000000e+2,1.678437500e-1,-2.320937500e+1,2.419200000e+1,,,
2.820000000e+2,1.517500000e-1,-2.319687500e+1,2.485350000e+1,,,
2.839843750e+2,1.439375000e-1,-2.160000000e+1,2.419200000e+1,,,
2.800000000e+2,1.399375000e-1,-2.320625000e+1,2.150400000e+1,,,
2.779218750e+2,1.319062500e-1,-2.085312500e+1,2.282175000e+1,,,
2.819687500e+2,1.200000000e-1,-2.039687500e+1,2.217600000e+1,,,
2.719687500e+2,1.240000000e-1,-1.960312500e+1,2.150400000e+1,,,
2.740468750e+2,1.239687500e-1,-1.959062500e+1,2.217600000e+1,,,
2.698281250e+2,1.158437500e-1,-1.880625000e+1,2.214450000e+1,,,
2.640781250e+2,1.120000000e-1,-1.959062500e+1,2.014425000e+1,,,
2.740156250e+2,1.120000000e-1,-1.798437500e+1,2.082675000e+1,,,
2.680000000e+2,1.080000000e-1,-1.760312500e+1,2.083200000e+1,,,
2.679843750e+2,1.039375000e-1,-1.720000000e+1,2.016000000e+1,,,
2.660156250e+2,9.190625000e-2,-1.680312500e+1,2.083200000e+1,,,
2.619843750e+2,8.812500000e-2,-1.640625000e+1,1.882125000e+1,,,
2.640000000e+2,9.593750000e-2,-1.560312500e+1,1.881075000e+1,,,
2.621250000e+2,7.990625000e-2,-1.599687500e+1,1.747200000e+1,,,
2.540312500e+2,8.400000000e-2,-1.481250000e+1,1.746150000e+1,,,
2.560625000e+2,8.803125000e-2,-1.480625000e+1,1.746675000e+1,,,
2.559375000e+2,9.193750000e-2,-1.400625000e+1,1.613325000e+1,,,
2.519843750e+2,8.400000000e-2,-1.320625000e+1,1.612275000e+1,,,
2.520468750e+2,9.203125000e-2,-1.280000000e+1,1.545600000e+1,,,
2.518593750e+2,8.384375000e-2,-1.240000000e+1,1.411725000e+1,,,
2.419687500e+2,8.406250000e-2,-1.240000000e+1,1.411200000e+1,,,
2.480781250e+2,8.400000000e-2,-1.242500000e+1,1.278900000e+1,,,
2.460312500e+2,9.200000000e-2,-1.200000000e+1,1.142400000e+1,,,
2.439843750e+2,1.000000000e-1,-1.240000000e+1,1.209600000e+1,,,
2.440156250e+2,8.793750000e-2,-9.993750000e+0,1.138725000e+1,,,
2.400468750e+2,1.001875000e-1,-1.040937500e+1,8.741250000e+0,,,
2.320625000e+2,1.040000000e-1,-9.996875000e+0,1.075200000e+1,,,
2.319062500e+2,9.990625000e-2,-1.000000000e+1,9.408000000e+0,,,
2.360000000e+2,9.981250000e-2,-1.005312500e+1,8.720250000e+0,,,
2.298750000e+2,1.120625000e-1,-8.400000000e+0,9.418500000e+0,,,
2.240000000e+2,1.118125000e-1,-8.803125000e+0,6.720000000e+0,,,
2.260156250e+2,1.040937500e-1,-7.600000000e+0,8.751750000e+0,,,
2.219687500e+2,1.201250000e-1,-8.806250000e+0,7.407750000e+0,,,
2.200000000e+2,1.158750000e-1,-8.003125000e+0,6.048000000e+0,,,
2.239843750e+2,1.159687500e-1,-8.012500000e+0,5.370750000e+0,,,
2.159531250e+2,1.200625000e-1,-6.809375000e+0,4.698750000e+0,,,
2.119843750e+2,1.240625000e-1,-6.800000000e+0,4.698750000e+0,,,
2.120000000e+2,1.238750000e-1,-6.400000000e+0,3.360000000e+0,,,
2.120000000e+2,1.159375000e-1,-7.196875000e+0,2.021250000e+0,,,
2.100000000e+2,1.200937500e-1,-5.996875000e+0,2.005500000e+0,,,
2.039843750e+2,1.199375000e-1,-6.400000000e+0,2.016000000e+0,,,
2.079843750e+2,1.160000000e-1,-6.468750000e+0,6.930000000e-1,,,
2.060156250e+2,1.120312500e-1,-4.006250000e+0,0.000000000e+0,,,
2.020000000e+2,1.200000000e-1,-5.196875000e+0,-6.720000000e-1,,,
1.980156250e+2,1.160312500e-1,-4.771875000e+0,-6.667500000e-1,,,
2.000156250e+2,1.197500000e-1,-3.190625000e+0,-1.344000000e+0,,,
1.979687500e+2,1.000000000e-1,-3.600000000e+0,-3.349500000e+0,,,
1.960312500e+2,1.201250000e-1,-2.800000000e+0,-1.344000000e+0,,,
1.961093750e+2,1.167500000e-1,-2.803125000e+0,-4.032000000e+0,,,
1.861406250e+2,1.000937500e-1,-2.000000000e+0,-3.365250000e+0,,,
1.858906250e+2,1.039062500e-1,-2.803125000e+0,-4.704000000e+0,,,
1.919843750e+2,1.001250000e-1,-1.584375000e+0,-4.037250000e+0,,,
1.881875000e+2,9.200000000e-2,-4.000000000e-1,-6.042750000e+0,,,
1.840312500e+2,9.593750000e-2,-1.187500000e+0,-5.376000000e+0,,,
1.840781250e+2,9.609375000e-2,-1.215625000e+0,-6.048000000e+0,,,
1.799843750e+2,9.212500000e-2,-8.031250000e-1,-6.709500000e+0,,,
1.759687500e+2,8.403125000e-2,-1.200000000e+0,-8.058750000e+0,,,
1.720000000e+2,8.000000000e-2,-1.606250000e+0,-8.058750000e+0,,,
1.760000000e+2,8.000000000e-2,-2.406250000e+0,-8.064000000e+0,,,
1.739843750e+2,7.600000000e-2,-2.000000000e+0,-8.064000000e+0,,,
1.760000000e+2,7.600000000e-2,-8.093750000e-1,-8.736000000e+0,,,
1.740000000e+2,6.062500000e-2,6.250000000e-3,-7.355250000e+0,,,
1.700312500e+2,5.581250000e-2,-7.968750000e-1,-1.008000000e+1,,,
1.699843750e+2,6.406250000e-2,-1.196875000e+0,-8.736000000e+0,,,
1.700000000e+2,4.406250000e-2,-1.215625000e+0,-1.077300000e+1,,,
1.700000000e+2,4.403125000e-2,-1.596875000e+0,-1.007475000e+1,,,
1.660468750e+2,3.603125000e-2,-7.937500000e-1,-9.413250000e+0,,,
1.640000000e+2,2.818750000e-2,-1.196875000e+0,-1.075200000e+1,,,
1.640312500e+2,2.012500000e-2,-1.603125000e+0,-1.142400000e+1,,,
1.660000000e+2,1.196875000e-2,-1.600000000e+0,-1.141875000e+1,,,
1.639843750e+2,8.031250000e-3,-1.200000000e+0,-1.007475000e+1,,,
1.640312500e+2,0.000000000e+0,-1.200000000e+0,-9.408000000e+0,,,
1.680000000e+2,-1.200000000e-2,-4.000000000e-1,-8.741250000e+0,,,
1.660312500e+2,-2.409375000e-2,-4.062500000e-1,-1.009050000e+1,,,
1.580000000e+2,-1.959375000e-2,-7.906250000e-1,-1.008000000e+1,,,
1.640156250e+2,-3.606250000e-2,-1.200000000e+0,-1.075200000e+1,,,
1.639843750e+2,-3.200000000e-2,-3.875000000e-1,-1.007475000e+1,,,
1.679843750e+2,-6.000000000e-2,7.906250000e-1,-8.736000000e+0,,,
1.660000000e+2,-6.000000000e-2,-4.000000000e-1,-1.008000000e+1,,,
1.660000000e+2,-6.409375000e-2,1.209375000e+0,-9.408000000e+0,,,
1.660468750e+2,-8.400000000e-2,1.196875000e+0,-9.439500000e+0,,,
1.640000000e+2,-7.600000000e-2,1.606250000e+0,-7.397250000e+0,,,
1.719687500e+2,-9.181250000e-2,8.000000000e-1,-1.010100000e+1,,,
1.700000000e+2,-9.206250000e-2,1.600000000e+0,-9.413250000e+0,,,
1.720000000e+2,-9.600000000e-2,7.937500000e-1,-1.075200000e+1,,,
1.720000000e+2,-1.039687500e-1,1.206250000e+0,-8.720250000e+0,,,
1.740000000e+2,-1.080312500e-1,1.193750000e+0,-9.408000000e+0,,,
1.720000000e+2,-1.079687500e-1,1.187500000e+0,-8.736000000e+0,,,
1.780000000e+2,-1.118437500e-1,2.003125000e+0,-8.730750000e+0,,,
1.740156250e+2,-1.200000000e-1,2.390625000e+0,-7.392000000e+0,,,
1.739843750e+2,-1.160312500e-1,1.600000000e+0,-8.064000000e+0,,,
1.759843750e+2,-1.160000000e-1,2.400000000e+0,-8.064000000e+0,,,
1.780000000e+2,-1.280000000e-1,2.381250000e+0,-8.064000000e+0,,,
1.779843750e+2,-1.160000000e-1,1.596875000e+0,-8.736000000e+0,,,
1.799843750e+2,-1.279687500e-1,2.746875000e+0,-8.058750000e+0,,,
1.779687500e+2,-1.160000000e-1,2.800000000e+0,-8.730750000e+0,,,
1.759843750e+2,-1.200000000e-1,1.206250000e+0,-6.048000000e+0,,,
1.739375000e+2,-1.119375000e-1,3.603125000e+0,-8.767500000e+0,,,
1.700000000e+2,-9.993750000e-2,2.393750000e+0,-8.730750000e+0,,,
1.761093750e+2,-9.600000000e-2,3.603125000e+0,-6.720000000e+0,,,
1.820156250e+2,-9.596875000e-2,2.812500000e+0,-9.402750000e+0,,,
1.800781250e+2,-1.000000000e-1,3.200000000e+0,-8.053500000e+0,,,
1.740625000e+2,-9.209375000e-2,3.196875000e+0,-9.418500000e+0,,,
1.739843750e+2,-8.396875000e-2,2.796875000e+0,-1.007475000e+1,,,
1.759843750e+2,-8.803125000e-2,2.425000000e+0,-8.694000000e+0,,,
1.760000000e+2,-7.996875000e-2,4.003125000e+0,-8.069250000e+0,,,
1.760000000e+2,-7.606250000e-2,3.200000000e+0,-1.008000000e+1,,,
1.740625000e+2,-6.831250000e-2,3.618750000e+0,-8.736000000e+0,,,
1.720468750e+2,-6.003125000e-2,1.996875000e+0,-9.408000000e+0,,,
1.759843750e+2,-6.000000000e-2,3.203125000e+0,-9.413250000e+0,,,
1.699687500e+2,-6.400000000e-2,3.200000000e+0,-1.006950000e+1,,,
1.720000000e+2,-5.996875000e-2,2.803125000e+0,-8.736000000e+0,,,
1.700156250e+2,-5.600000000e-2,3.600000000e+0,-1.075200000e+1,,,
1.680000000e+2,-5.193750000e-2,3.200000000e+0,-9.402750000e+0,,,
1.700000000e+2,-5.203125000e-2,3.600000000e+0,-1.142400000e+1,,,
1.620312500e+2,-3.609375000e-2,2.809375000e+0,-1.211175000e+1,,,
1.619843750e+2,-2.800000000e-2,2.396875000e+0,-1.075200000e+1,,,
1.640000000e+2,-2.403125000e-2,3.596875000e+0,-1.141875000e+1,,,
1.599843750e+2,-2.003125000e-2,2.800000000e+0,-1.278375000e+1,,,
1.659843750e+2,-2.403125000e-2,3.996875000e+0,-1.075200000e+1,,,
1.640156250e+2,-2.406250000e-2,3.196875000e+0,-1.339800000e+1,,,
1.640156250e+2,-2.393750000e-2,4.803125000e+0,-1.344000000e+1,,,
1.600000000e+2,-3.596875000e-2,4.400000000e+0,-1.273650000e+1,,,
1.620000000e+2,-2.800000000e-2,3.590625000e+0,-1.147125000e+1,,,
1.579843750e+2,-2.400000000e-2,3.612500000e+0,-1.547700000e+1,,,
1.579843750e+2,-2.803125000e-2,3.993750000e+0,-1.408050000e+1,,,
1.560468750e+2,-2.800000000e-2,3.603125000e+0,-1.343475000e+1,,,
1.620000000e+2,-3.196875000e-2,4.771875000e+0,-1.340850000e+1,,,
1.540000000e+2,-3.196875000e-2,4.409375000e+0,-1.612800000e+1,,,
1.599843750e+2,-4.000000000e-2,4.000000000e+0,-1.341375000e+1,,,
1.580312500e+2,-3.196875000e-2,4.400000000e+0,-1.276800000e+1,,,
1.579687500e+2,-3.200000000e-2,4.400000000e+0,-1.410150000e+1,,,
1.580625000e+2,-3.596875000e-2,4.000000000e+0,-1.478400000e+1,,,
1.539218750e+2,-3.993750000e-2,5.603125000e+0,-1.413300000e+1,,,
1.599687500e+2,-4.400000000e-2,3.640625000e+0,-1.342950000e+1,,,
1.519375000e+2,-3.600000000e-2,4.006250000e+0,-1.478400000e+1,,,
1.560312500e+2,-4.800000000e-2,5.200000000e+0,-1.344000000e+1,,,
1.519218750e+2,-4.400000000e-2,4.400000000e+0,-1.545600000e+1,,,
1.500312500e+2,-5.612500000e-2,4.403125000e+0,-1.612275000e+1,,,
1.540312500e+2,-5.593750000e-2,5.206250000e+0,-1.546125000e+1,,,
1.560312500e+2,-5.206250000e-2,5.206250000e+0,-1.479975000e+1,,,
1.600156250e+2,-5.196875000e-2,5.200000000e+0,-1.479450000e+1,,,
1.540781250e+2,-5.996875000e-2,5.193750000e+0,-1.680000000e+1,,,
1.519843750e+2,-6.403125000e-2,5.203125000e+0,-1.478400000e+1,,,
1.519843750e+2,-6.403125000e-2,6.406250000e+0,-1.482600000e+1,,,
1.520156250e+2,-6.800000000e-2,6.390625000e+0,-1.747200000e+1,,,
1.519218750e+2,-6.803125000e-2,5.996875000e+0,-1.481550000e+1,,,
1.580625000e+2,-6.800000000e-2,5.996875000e+0,-1.479450000e+1,,,
1.579375000e+2,-6.800000000e-2,5.596875000e+0,-1.747200000e+1,,,
1.520000000e+2,-6.800000000e-2,5.206250000e+0,-1.478400000e+1,,,
1.560312500e+2,-6.003125000e-2,7.200000000e+0,-1.815450000e+1,,,
1.539843750e+2,-7.203125000e-2,7.175000000e+0,-1.679475000e+1,,,
1.520000000e+2,-6.800000000e-2,5.600000000e+0,-1.612800000e+1,,,
1.499843750e+2,-7.196875000e-2,6.737500000e+0,-1.612800000e+1,,,
1.500156250e+2,-7.200000000e-2,7.603125000e+0,-1.680000000e+1,,,
1.519843750e+2,-7.196875000e-2,6.000000000e+0,-1.612800000e+1,,,
1.519843750e+2,-6.403125000e-2,8.400000000e+0,-1.747200000e+1,,,
1.539843750e+2,-7.203125000e-2,5.978125000e+0,-1.680000000e+1,,,
1.480156250e+2,-6.393750000e-2,6.012500000e+0,-1.747200000e+1,,,
1.499843750e+2,-6.393750000e-2,6.787500000e+0,-1.547175000e+1,,,
1.500312500e+2,-5.968750000e-2,7.618750000e+0,-1.544550000e+1,,,
1.480000000e+2,-7.600000000e-2,6.384375000e+0,-1.611750000e+1,,,
1.520000000e+2,-6.000000000e-2,6.815625000e+0,-1.815450000e+1,,,
1.479375000e+2,-7.603125000e-2,7.996875000e+0,-1.811775000e+1,,,
1.480625000e+2,-6.384375000e-2,6.778125000e+0,-1.680000000e+1,,,
1.519687500e+2,-6.406250000e-2,7.206250000e+0,-1.814400000e+1,,,
1.440000000e+2,-6.400000000e-2,7.600000000e+0,-1.881075000e+1,,,
1.520000000e+2,-6.003125000e-2,7.603125000e+0,-1.680000000e+1,,,
1.500000000e+2,-5.600000000e-2,8.003125000e+0,-1.814400000e+1,,,
1.420000000e+2,-5.996875000e-2,6.800000000e+0,-1.746675000e+1,,,
1.459687500e+2,-4.809375000e-2,7.209375000e+0,-1.814400000e+1,,,
1.499218750e+2,-6.396875000e-2,7.600000000e+0,-1.881075000e+1,,,
1.520937500e+2,-4.396875000e-2,7.206250000e+0,-1.948800000e+1,,,
1.400468750e+2,-5.571875000e-2,6.793750000e+0,-1.747725000e+1,,,
1.420937500e+2,-5.600000000e-2,7.196875000e+0,-1.881600000e+1,,,
1.440156250e+2,-5.593750000e-2,7.196875000e+0,-1.813875000e+1,,,
1.439375000e+2,-4.396875000e-2,7.615625000e+0,-1.747725000e+1,,,
1.400000000e+2,-4.806250000e-2,8.803125000e+0,-1.948800000e+1,,,
1.440312500e+2,-4.393750000e-2,8.000000000e+0,-1.814400000e+1,,,
1.419531250e+2,-4.400000000e-2,7.196875000e+0,-1.813875000e+1,,,
1.419687500e+2,-4.400000000e-2,8.390625000e+0,-1.881075000e+1,,,
1.439531250e+2,-5.200000000e-2,9.206250000e+0,-1.948800000e+1,,,
1.440156250e+2,-5.609375000e-2,8.396875000e+0,-1.947750000e+1,,,
1.400156250e+2,-4.396875000e-2,9.212500000e+0,-1.949850000e+1,,,
1.379843750e+2,-4.806250000e-2,8.793750000e+0,-2.150400000e+1,,,
1.380000000e+2,-4.803125000e-2,7.603125000e+0,-2.016000000e+1,,,
1.360156250e+2,-5.203125000e-2,9.581250000e+0,-1.882650000e+1,,,
1.359687500e+2,-4.406250000e-2,8.800000000e+0,-1.881075000e+1,,,
1.340000000e+2,-3.996875000e-2,9.200000000e+0,-2.016525000e+1,,,
1.360156250e+2,-3.206250000e-2,8.803125000e+0,-2.016525000e+1,,,
1.360000000e+2,-4.415625000e-2,9.600000000e+0,-2.083725000e+1,,,
1.380000000e+2,-4.390625000e-2,9.200000000e+0,-1.947750000e+1,,,
1.380000000e+2,-4.003125000e-2,9.200000000e+0,-2.017050000e+1,,,
1.380000000e+2,-4.793750000e-2,9.590625000e+0,-2.149350000e+1,,,
1.399687500e+2,-4.396875000e-2,9.603125000e+0,-2.217600000e+1,,,
1.340000000e+2,-4.809375000e-2,9.600000000e+0,-2.217600000e+1,,,
1.360000000e+2,-5.215625000e-2,1.000312500e+1,-2.218125000e+1,,,
1.340000000e+2,-6.003125000e-2,1.040000000e+1,-2.150400000e+1,,,
1.360000000e+2,-5.168750000e-2,9.593750000e+0,-2.150400000e+1,,,
1.320000000e+2,-4.009375000e-2,9.593750000e+0,-2.083200000e+1,,,
1.360156250e+2,-5.200000000e-2,9.600000000e+0,-2.150400000e+1,,,
1.360000000e+2,-4.003125000e-2,9.603125000e+0,-2.150400000e+1,,,
1.359375000e+2,-6.006250000e-2,9.996875000e+0,-2.218125000e+1,,,
1.299375000e+2,-5.196875000e-2,9.600000000e+0,-2.285850000e+1,,,
1.320625000e+2,-6.003125000e-2,1.040937500e+1,-2.283750000e+1,,,
1.340000000e+2,-4.790625000e-2,1.040312500e+1,-2.218125000e+1,,,
1.340000000e+2,-4.009375000e-2,1.080312500e+1,-2.217075000e+1,,,
1.320156250e+2,-4.006250000e-2,1.000000000e+1,-2.352000000e+1,,,
1.379843750e+2,-5.603125000e-2,1.000625000e+1,-2.219175000e+1,,,
1.340625000e+2,-4.784375000e-2,1.119375000e+1,-2.217600000e+1,,,
1.300000000e+2,-4.809375000e-2,1.120000000e+1,-2.285325000e+1,,,
1.319687500e+2,-5.609375000e-2,1.119687500e+1,-2.352000000e+1,,,
1.319687500e+2,-6.000000000e-2,1.040312500e+1,-2.286900000e+1,,,
1.339375000e+2,-4.790625000e-2,1.116562500e+1,-2.151450000e+1,,,
1.279375000e+2,-4.403125000e-2,1.200000000e+1,-2.351475000e+1,,,
1.300468750e+2,-4.812500000e-2,1.080312500e+1,-2.284275000e+1,,,
1.299375000e+2,-5.196875000e-2,1.080000000e+1,-2.419200000e+1,,,
1.259531250e+2,-4.809375000e-2,1.159687500e+1,-2.150925000e+1,,,
1.260000000e+2,-5.193750000e-2,1.080000000e+1,-2.283225000e+1,,,
1.260156250e+2,-4.400000000e-2,1.155937500e+1,-2.349375000e+1,,,
1.299375000e+2,-5.600000000e-2,1.200000000e+1,-2.620800000e+1,,,
1.320625000e+2,-5.600000000e-2,1.160000000e+1,-2.487450000e+1,,,
1.240156250e+2,-4.796875000e-2,1.240312500e+1,-2.419200000e+1,,,
1.260000000e+2,-4.396875000e-2,1.237812500e+1,-2.420250000e+1,,,
1.219687500e+2,-4.412500000e-2,1.119375000e+1,-2.486400000e+1,,,
1.299062500e+2,-5.200000000e-2,1.199375000e+1,-2.419200000e+1,,,
1.300468750e+2,-4.796875000e-2,1.279687500e+1,-2.484300000e+1,,,
1.279843750e+2,-5.603125000e-2,1.280000000e+1,-2.689050000e+1,,,
1.280000000e+2,-5.200000000e-2,1.280312500e+1,-2.486400000e+1,,,
1.259843750e+2,-5.184375000e-2,1.159687500e+1,-2.621325000e+1,,,
1.239843750e+2,-4.006250000e-2,1.201250000e+1,-2.487450000e+1,,,
1.240000000e+2,-5.200000000e-2,1.359375000e+1,-2.620800000e+1,,,
1.259687500e+2,-4.000000000e-2,1.322187500e+1,-2.688000000e+1,,,
1.179687500e+2,-5.209375000e-2,1.240000000e+1,-2.621850000e+1,,,
1.200000000e+2,-4.378125000e-2,1.280000000e+1,-2.553600000e+1,,,
1.200000000e+2,-4.006250000e-2,1.279375000e+1,-2.620800000e+1,,,
1.200000000e+2,-4.815625000e-2,1.400312500e+1,-2.620800000e+1,,,
1.240000000e+2,-5.209375000e-2,1.360000000e+1,-2.620800000e+1,,,
1.219843750e+2,-5.190625000e-2,1.400000000e+1,-2.553600000e+1,,,
1.200000000e+2,-4.400000000e-2,1.320937500e+1,-2.417625000e+1,,,
1.199843750e+2,-4.806250000e-2,1.360000000e+1,-2.685900000e+1,,,
1.220000000e+2,-5.606250000e-2,1.320000000e+1,-2.754675000e+1,,,
1.199687500e+2,-5.993750000e-2,1.323125000e+1,-2.618175000e+1,,,
1.200000000e+2,-4.793750000e-2,1.520625000e+1,-2.486400000e+1,,,
1.220312500e+2,-5.190625000e-2,1.359062500e+1,-2.821875000e+1,,,
1.240000000e+2,-4.003125000e-2,1.280000000e+1,-2.419200000e+1,,,
1.201093750e+2,-5.584375000e-2,1.439375000e+1,-2.620800000e+1,,,
1.140781250e+2,-4.412500000e-2,1.400000000e+1,-2.687475000e+1,,,
1.119843750e+2,-5.184375000e-2,1.440000000e+1,-2.755200000e+1,,,
1.139531250e+2,-5.600000000e-2,1.400000000e+1,-2.688525000e+1,,,
1.159843750e+2,-5.209375000e-2,1.480000000e+1,-2.820825000e+1,,,
1.159843750e+2,-4.409375000e-2,1.439687500e+1,-2.889600000e+1,,,
1.160156250e+2,-4.765625000e-2,1.480625000e+1,-2.756775000e+1,,,
1.139843750e+2,-5.212500000e-2,1.360625000e+1,-2.687475000e+1,,,
1.140000000e+2,-4.003125000e-2,1.399062500e+1,-2.755200000e+1,,,
1.160000000e+2,-4.400000000e-2,1.440000000e+1,-2.756775000e+1,,,
1.139687500e+2,-4.000000000e-2,1.439062500e+1,-2.890125000e+1,,,
1.080000000e+2,-4.800000000e-2,1.400000000e+1,-2.620800000e+1,,,
1.140156250e+2,-4.400000000e-2,1.518750000e+1,-2.889600000e+1,,,
1.140000000e+2,-5.175000000e-2,1.525937500e+1,-2.889600000e+1,,,
1.100468750e+2,-5.206250000e-2,1.360000000e+1,-2.956800000e+1,,,
1.099843750e+2,-4.809375000e-2,1.481562500e+1,-2.822925000e+1,,,
1.099843750e+2,-4.400000000e-2,1.600625000e+1,-2.956800000e+1,,,
1.120156250e+2,-4.800000000e-2,1.558437500e+1,-2.822400000e+1,,,
1.080156250e+2,-4.796875000e-2,1.520312500e+1,-2.957850000e+1,,,
1.099687500e+2,-5.587500000e-2,1.560000000e+1,-2.889600000e+1,,,
1.099843750e+2,-4.831250000e-2,1.520000000e+1,-2.889600000e+1,,,
1.100000000e+2,-3.987500000e-2,1.560000000e+1,-2.957850000e+1,,,
1.100000000e+2,-6.396875000e-2,1.600312500e+1,-3.022950000e+1,,,
1.100000000e+2,-5.200000000e-2,1.558750000e+1,-2.956800000e+1,,,
1.100000000e+2,-4.400000000e-2,1.440000000e+1,-3.158400000e+1,,,
1.100156250e+2,-4.793750000e-2,1.561250000e+1,-2.955750000e+1,,,
1.040000000e+2,-4.812500000e-2,1.560312500e+1,-3.024000000e+1,,,
1.060000000e+2,-4.403125000e-2,1.599375000e+1,-2.889600000e+1,,,
1.040156250e+2,-4.800000000e-2,1.639375000e+1,-3.024525000e+1,,,
1.019687500e+2,-5.600000000e-2,1.600312500e+1,-2.956275000e+1,,,
1.120000000e+2,-4.800000000e-2,1.680000000e+1,-3.158925000e+1,,,
1.080000000e+2,-5.603125000e-2,1.639375000e+1,-2.822400000e+1,,,
1.100312500e+2,-5.200000000e-2,1.600312500e+1,-3.153150000e+1,,,
1.020000000e+2,-4.806250000e-2,1.560000000e+1,-3.158400000e+1,,,
1.020000000e+2,-4.793750000e-2,1.600312500e+1,-3.156300000e+1,,,
1.020000000e+2,-5.203125000e-2,1.681562500e+1,-3.024525000e+1,,,
1.039843750e+2,-4.800000000e-2,1.719375000e+1,-3.292800000e+1,,,
1.020000000e+2,-5.196875000e-2,1.638437500e+1,-3.022425000e+1,,,
1.040000000e+2,-5.603125000e-2,1.640625000e+1,-3.225075000e+1,,,
1.000000000e+2,-4.821875000e-2,1.717812500e+1,-3.158400000e+1,,,
1.019843750e+2,-4.403125000e-2,1.760000000e+1,-3.360525000e+1,,,
9.800000000e+1,-4.396875000e-2,1.760937500e+1,-3.292800000e+1,,,
1.019531250e+2,-4.800000000e-2,1.839375000e+1,-3.225600000e+1,,,
1.039843750e+2,-4.800000000e-2,1.640000000e+1,-3.292275000e+1,,,
1.040156250e+2,-4.800000000e-2,1.722187500e+1,-3.091200000e+1,,,
1.020312500e+2,-4.800000000e-2,1.759687500e+1,-3.091200000e+1,,,
1.000000000e+2,-5.171875000e-2,1.759687500e+1,-3.292800000e+1,,,
9.998437500e+1,-5.600000000e-2,1.760000000e+1,-3.090675000e+1,,,
9.796875000e+1,-4.396875000e-2,1.760000000e+1,-3.090675000e+1,,,
9.801562500e+1,-4.400000000e-2,1.759687500e+1,-3.226650000e+1,,,
1.000312500e+2,-4.003125000e-2,1.721250000e+1,-3.292800000e+1,,,
1.020000000e+2,-4.809375000e-2,1.840000000e+1,-3.226650000e+1,,,
9.996875000e+1,-6.003125000e-2,1.683125000e+1,-3.091200000e+1,,,
9.604687500e+1,-5.606250000e-2,1.680000000e+1,-3.226650000e+1,,,
9.395312500e+1,-5.606250000e-2,1.840625000e+1,-3.361050000e+1,,,
9.798437500e+1,-5.193750000e-2,1.839687500e+1,-3.494925000e+1,,,
9.800000000e+1,-6.400000000e-2,1.803125000e+1,-3.423000000e+1,,,
9.598437500e+1,-5.596875000e-2,1.918437500e+1,-3.292800000e+1,,,
9.993750000e+1,-5.600000000e-2,1.720000000e+1,-3.427200000e+1,,,
9.814062500e+1,-5.609375000e-2,1.836562500e+1,-3.360525000e+1,,,
8.996875000e+1,-5.203125000e-2,1.839687500e+1,-3.494400000e+1,,,
9.401562500e+1,-4.800000000e-2,1.839687500e+1,-3.427200000e+1,,,
9.401562500e+1,-5.200000000e-2,1.800000000e+1,-3.494925000e+1,,,
9.598437500e+1,-5.203125000e-2,1.880312500e+1,-3.427725000e+1,,,
9.000000000e+1,-5.600000000e-2,1.880000000e+1,-3.427200000e+1,,,
9.400000000e+1,-5.200000000e-2,1.880312500e+1,-3.426150000e+1,,,
8.800000000e+1,-5.206250000e-2,1.878750000e+1,-3.427200000e+1,,,
8.996875000e+1,-4.400000000e-2,1.999062500e+1,-3.694950000e+1,,,
9.600000000e+1,-5.200000000e-2,1.960625000e+1,-3.628800000e+1,,,
9.001562500e+1,-5.203125000e-2,1.840000000e+1,-3.495450000e+1,,,
8.995312500e+1,-4.403125000e-2,1.920000000e+1,-3.427200000e+1,,,
9.398437500e+1,-5.603125000e-2,1.920000000e+1,-3.493875000e+1,,,
9.201562500e+1,-5.212500000e-2,1.918750000e+1,-3.628800000e+1,,,
9.001562500e+1,-4.406250000e-2,1.919687500e+1,-3.561600000e+1,,,
8.800000000e+1,-4.787500000e-2,1.840000000e+1,-3.627750000e+1,,,
8.195312500e+1,-6.400000000e-2,1.961875000e+1,-3.495450000e+1,,,
8.407812500e+1,-5.996875000e-2,1.959375000e+1,-3.697050000e+1,,,
9.196875000e+1,-5.596875000e-2,1.959687500e+1,-3.697050000e+1,,,
8.600000000e+1,-4.803125000e-2,1.920000000e+1,-3.761100000e+1,,,
9.398437500e+1,-4.787500000e-2,1.959375000e+1,-3.427725000e+1,,,
8.801562500e+1,-5.203125000e-2,1.959687500e+1,-3.694425000e+1,,,
8.798437500e+1,-4.800000000e-2,2.039687500e+1,-3.560025000e+1,,,
9.203125000e+1,-5.603125000e-2,2.000312500e+1,-3.628275000e+1,,,
8.404687500e+1,-5.200000000e-2,2.120000000e+1,-3.763725000e+1,,,
8.596875000e+1,-4.803125000e-2,2.000000000e+1,-3.628800000e+1,,,
8.398437500e+1,-4.403125000e-2,1.959375000e+1,-3.694425000e+1,,,
8.592187500e+1,-4.400000000e-2,2.036875000e+1,-3.763725000e+1,,,
8.004687500e+1,-4.800000000e-2,2.120000000e+1,-3.696000000e+1,,,
8.801562500e+1,-4.400000000e-2,2.040312500e+1,-3.763200000e+1,,,
7.989062500e+1,-5.203125000e-2,2.160000000e+1,-3.763200000e+1,,,
8.007812500e+1,-5.206250000e-2,1.999687500e+1,-3.628800000e+1,,,
8.403125000e+1,-6.003125000e-2,2.081250000e+1,-3.762675000e+1,,,
8.396875000e+1,-5.215625000e-2,2.119687500e+1,-3.833025000e+1,,,
8.200000000e+1,-4.403125000e-2,2.159687500e+1,-3.697050000e+1,,,
8.395312500e+1,-4.396875000e-2,2.159375000e+1,-4.032000000e+1,,,
8.598437500e+1,-5.200000000e-2,2.120000000e+1,-3.897600000e+1,,,
8.404687500e+1,-4.403125000e-2,2.160000000e+1,-3.829875000e+1,,,
7.803125000e+1,-5.600000000e-2,2.120312500e+1,-3.763200000e+1,,,
7.992187500e+1,-4.812500000e-2,2.160000000e+1,-3.830400000e+1,,,
8.203125000e+1,-4.400000000e-2,2.040000000e+1,-3.898650000e+1,,,
8.193750000e+1,-4.796875000e-2,2.120000000e+1,-4.032000000e+1,,,
7.603125000e+1,-5.200000000e-2,2.080000000e+1,-3.897600000e+1,,,
8.403125000e+1,-5.600000000e-2,2.200000000e+1,-3.898125000e+1,,,
7.796875000e+1,-5.193750000e-2,2.159687500e+1,-4.032525000e+1,,,
7.800000000e+1,-3.600000000e-2,2.200000000e+1,-3.964800000e+1,,,
7.800000000e+1,-3.981250000e-2,2.120937500e+1,-3.897600000e+1,,,
8.001562500e+1,-5.200000000e-2,2.159687500e+1,-4.032000000e+1,,,
8.000000000e+1,-5.196875000e-2,2.200000000e+1,-3.898125000e+1,,,
7.800000000e+1,-3.996875000e-2,2.240000000e+1,-4.031475000e+1,,,
7.798437500e+1,-4.809375000e-2,2.199375000e+1,-4.032525000e+1,,,
7.600000000e+1,-4.790625000e-2,2.159375000e+1,-4.099200000e+1,,,
7.601562500e+1,-4.409375000e-2,2.198437500e+1,-3.898650000e+1,,,
7.200000000e+1,-5.581250000e-2,2.360000000e+1,-4.026225000e+1,,,
7.200000000e+1,-5.203125000e-2,2.238750000e+1,-4.099725000e+1,,,
7.000000000e+1,-4.800000000e-2,2.280625000e+1,-3.965325000e+1,,,
7.009375000e+1,-5.203125000e-2,2.279062500e+1,-4.235175000e+1,,,
8.004687500e+1,-5.203125000e-2,2.240312500e+1,-4.030425000e+1,,,
7.593750000e+1,-5.196875000e-2,2.320937500e+1,-4.099200000e+1,,,
7.000000000e+1,-4.406250000e-2,2.360625000e+1,-4.166400000e+1,,,
7.600000000e+1,-4.400000000e-2,2.279687500e+1,-4.032000000e+1,,,
7.800000000e+1,-4.806250000e-2,2.280000000e+1,-4.234125000e+1,,,
7.000000000e+1,-6.003125000e-2,2.240000000e+1,-3.897075000e+1,,,
7.798437500e+1,-5.187500000e-2,2.320312500e+1,-4.166400000e+1,,,
7.204687500e+1,-4.790625000e-2,2.320000000e+1,-4.099200000e+1,,,
7.592187500e+1,-4.406250000e-2,2.320937500e+1,-4.233600000e+1,,,
7.601562500e+1,-5.981250000e-2,2.238437500e+1,-4.099200000e+1,,,
6.985937500e+1,-5.184375000e-2,2.439375000e+1,-4.233075000e+1,,,
6.603125000e+1,-4.000000000e-2,2.400625000e+1,-4.233075000e+1,,,
7.206250000e+1,-4.415625000e-2,2.280312500e+1,-4.099200000e+1,,,
7.198437500e+1,-4.793750000e-2,2.400937500e+1,-4.166400000e+1,,,
7.200000000e+1,-4.000000000e-2,2.360000000e+1,-4.166400000e+1,,,
6.992187500e+1,-4.803125000e-2,2.320000000e+1,-4.300800000e+1,,,
6.592187500e+1,-4.403125000e-2,2.319687500e+1,-4.300800000e+1,,,
7.204687500e+1,-5.200000000e-2,2.400312500e+1,-4.368000000e+1,,,
6.201562500e+1,-5.209375000e-2,2.319375000e+1,-4.299225000e+1,,,
6.589062500e+1,-4.403125000e-2,2.401875000e+1,-4.234650000e+1,,,
7.198437500e+1,-5.203125000e-2,2.440000000e+1,-4.502400000e+1,,,
6.615625000e+1,-4.800000000e-2,2.400312500e+1,-4.368000000e+1,,,
5.987500000e+1,-5.193750000e-2,2.558750000e+1,-4.164825000e+1,,,
7.009375000e+1,-5.200000000e-2,2.480000000e+1,-4.434675000e+1,,,
6.587500000e+1,-5.200000000e-2,2.440000000e+1,-4.299225000e+1,,,
6.403125000e+1,-4.800000000e-2,2.440625000e+1,-4.436250000e+1,,,
6.595312500e+1,-4.796875000e-2,2.479687500e+1,-4.570650000e+1,,,
6.000000000e+1,-4.403125000e-2,2.400000000e+1,-4.231500000e+1,,,
6.801562500e+1,-5.209375000e-2,2.480312500e+1,-4.301850000e+1,,,
6.400000000e+1,-5.218750000e-2,2.482500000e+1,-4.436250000e+1,,,
6.601562500e+1,-4.396875000e-2,2.439687500e+1,-4.300800000e+1,,,
6.400000000e+1,-4.815625000e-2,2.520312500e+1,-4.502400000e+1,,,
6.200000000e+1,-5.193750000e-2,2.479687500e+1,-4.501875000e+1,,,
5.998437500e+1,-4.393750000e-2,2.480000000e+1,-4.569600000e+1,,,
6.000000000e+1,-4.806250000e-2,2.480625000e+1,-4.368000000e+1,,,
5.995312500e+1,-4.806250000e-2,2.559687500e+1,-4.503975000e+1,,,
6.601562500e+1,-5.600000000e-2,2.480937500e+1,-4.300800000e+1,,,
6.600000000e+1,-4.800000000e-2,2.521562500e+1,-4.502400000e+1,,,
6.595312500e+1,-5.200000000e-2,2.639062500e+1,-4.368525000e+1,,,
5.990625000e+1,-4.393750000e-2,2.479062500e+1,-4.637850000e+1,,,
6.010937500e+1,-4.812500000e-2,2.562500000e+1,-4.432575000e+1,,,
6.600000000e+1,-5.200000000e-2,2.559062500e+1,-4.501875000e+1,,,
6.000000000e+1,-4.806250000e-2,2.519062500e+1,-4.569600000e+1,,,
6.400000000e+1,-4.800000000e-2,2.560000000e+1,-4.569075000e+1,,,
6.001562500e+1,-4.796875000e-2,2.560312500e+1,-4.435725000e+1,,,
5.796875000e+1,-3.993750000e-2,2.639687500e+1,-4.568550000e+1,,,
6.198437500e+1,-4.006250000e-2,2.600000000e+1,-4.704525000e+1,,,
6.000000000e+1,-4.406250000e-2,2.599687500e+1,-4.704525000e+1,,,
6.196875000e+1,-4.800000000e-2,2.558750000e+1,-4.570650000e+1,,,
5.984375000e+1,-4.403125000e-2,2.679062500e+1,-4.502925000e+1,,,
5.395312500e+1,-5.206250000e-2,2.600000000e+1,-4.569600000e+1,,,
5.601562500e+1,-4.790625000e-2,2.639687500e+1,-4.569075000e+1,,,
5.604687500e+1,-4.393750000e-2,2.680000000e+1,-4.704000000e+1,,,
5.789062500e+1,-4.009375000e-2,2.679375000e+1,-4.704000000e+1,,,
4.998437500e+1,-4.809375000e-2,2.679375000e+1,-4.773300000e+1,,,
5.812500000e+1,-4.800000000e-2,2.796562500e+1,-4.570125000e+1,,,
6.004687500e+1,-5.200000000e-2,2.759375000e+1,-4.771200000e+1,,,
5.404687500e+1,-4.400000000e-2,2.640000000e+1,-4.838400000e+1,,,
5.400000000e+1,-3.206250000e-2,2.760625000e+1,-4.838925000e+1,,,
5.401562500e+1,-4.818750000e-2,2.799375000e+1,-4.837875000e+1,,,
4.998437500e+1,-4.793750000e-2,2.718437500e+1,-4.704000000e+1,,,
5.592187500e+1,-4.400000000e-2,2.639687500e+1,-4.771200000e+1,,,
5.604687500e+1,-5.165625000e-2,2.803437500e+1,-4.906650000e+1,,,
5.400000000e+1,-6.400000000e-2,2.600000000e+1,-4.704000000e+1,,,
5.604687500e+1,-5.590625000e-2,2.799687500e+1,-4.838400000e+1,,,
5.593750000e+1,-5.184375000e-2,2.680000000e+1,-4.635750000e+1,,,
5.000000000e+1,-4.409375000e-2,2.800937500e+1,-4.703475000e+1,,,
5.600000000e+1,-5.600000000e-2,2.761250000e+1,-4.771200000e+1,,,
4.998437500e+1,-4.403125000e-2,2.679062500e+1,-4.906125000e+1,,,
5.400000000e+1,-5.200000000e-2,2.799375000e+1,-4.839975000e+1,,,
5.196875000e+1,-3.990625000e-2,2.760000000e+1,-4.770150000e+1,,,
4.800000000e+1,-4.821875000e-2,2.839687500e+1,-4.905600000e+1,,,
5.000000000e+1,-5.187500000e-2,2.798750000e+1,-4.771725000e+1,,,
5.200000000e+1,-4.393750000e-2,2.760000000e+1,-4.837875000e+1,,,
4.798437500e+1,-4.818750000e-2,2.800000000e+1,-4.771200000e+1,,,
5.000000000e+1,-5.200000000e-2,2.840000000e+1,-4.770675000e+1,,,
4.798437500e+1,-5.196875000e-2,2.839375000e+1,-4.837875000e+1,,,
5.400000000e+1,-5.203125000e-2,2.959687500e+1,-4.905075000e+1,,,
4.595312500e+1,-5.596875000e-2,2.877812500e+1,-4.837875000e+1,,,
4.801562500e+1,-4.793750000e-2,2.840937500e+1,-4.905600000e+1,,,
4.600000000e+1,-5.218750000e-2,2.920000000e+1,-5.040000000e+1,,,
4.800000000e+1,-5.596875000e-2,2.880000000e+1,-4.905600000e+1,,,
4.601562500e+1,-4.425000000e-2,2.879375000e+1,-4.838400000e+1,,,
4.606250000e+1,-4.787500000e-2,3.000000000e+1,-4.837350000e+1,,,
4.198437500e+1,-5.200000000e-2,2.880625000e+1,-4.972800000e+1,,,
4.785937500e+1,-5.200000000e-2,2.801250000e+1,-5.040000000e+1,,,
4.815625000e+1,-5.206250000e-2,3.000312500e+1,-4.973850000e+1,,,
4.204687500e+1,-4.796875000e-2,2.920000000e+1,-4.972800000e+1,,,
4.393750000e+1,-5.571875000e-2,3.000625000e+1,-5.107725000e+1,,,
4.400000000e+1,-5.612500000e-2,2.840312500e+1,-4.907175000e+1,,,
4.600000000e+1,-4.803125000e-2,2.958437500e+1,-4.972800000e+1,,,
4.596875000e+1,-4.803125000e-2,2.917812500e+1,-4.973850000e+1,,,
3.795312500e+1,-4.400000000e-2,2.801250000e+1,-5.107200000e+1,,,
3.401562500e+1,-5.200000000e-2,3.080000000e+1,-4.972800000e+1,,,
4.003125000e+1,-3.600000000e-2,2.921562500e+1,-4.972800000e+1,,,
4.400000000e+1,-4.378125000e-2,2.955000000e+1,-5.104575000e+1,,,
4.396875000e+1,-4.387500000e-2,3.000000000e+1,-5.040000000e+1,,,
4.600000000e+1,-5.587500000e-2,2.960312500e+1,-4.839450000e+1,,,
4.003125000e+1,-5.221875000e-2,3.039687500e+1,-5.109825000e+1,,,
3.800000000e+1,-3.600000000e-2,2.917500000e+1,-5.040000000e+1,,,
3.795312500e+1,-5.590625000e-2,3.002812500e+1,-5.041575000e+1,,,
4.195312500e+1,-4.818750000e-2,3.120312500e+1,-5.241600000e+1,,,
4.195312500e+1,-5.203125000e-2,2.879375000e+1,-5.107200000e+1,,,
4.000000000e+1,-4.406250000e-2,2.960000000e+1,-5.108775000e+1,,,
4.200000000e+1,-4.400000000e-2,3.000000000e+1,-5.241600000e+1,,,
3.996875000e+1,-4.800000000e-2,2.999687500e+1,-5.174400000e+1,,,
4.000000000e+1,-6.400000000e-2,3.000000000e+1,-5.309850000e+1,,,
4.200000000e+1,-5.606250000e-2,3.040937500e+1,-5.240550000e+1,,,
3.800000000e+1,-5.987500000e-2,3.120312500e+1,-5.175450000e+1,,,
3.398437500e+1,-5.609375000e-2,3.079375000e+1,-5.040000000e+1,,,
3.398437500e+1,-4.400000000e-2,3.200000000e+1,-5.175450000e+1,,,
3.598437500e+1,-4.400000000e-2,3.037187500e+1,-5.242125000e+1,,,
3.800000000e+1,-4.800000000e-2,3.000312500e+1,-5.107200000e+1,,,
3.600000000e+1,-4.803125000e-2,3.160312500e+1,-5.242125000e+1,,,
3.593750000e+1,-5.600000000e-2,3.080000000e+1,-5.241600000e+1,,,
4.000000000e+1,-5.628125000e-2,3.119687500e+1,-5.309325000e+1,,,
3.603125000e+1,-4.006250000e-2,3.079062500e+1,-5.306700000e+1,,,
3.196875000e+1,-5.181250000e-2,3.082187500e+1,-5.107200000e+1,,,
2.801562500e+1,-5.600000000e-2,3.240625000e+1,-5.243175000e+1,,,
3.201562500e+1,-5.206250000e-2,3.156875000e+1,-5.309325000e+1,,,
3.200000000e+1,-4.000000000e-2,3.081250000e+1,-5.309325000e+1,,,
3.000000000e+1,-5.165625000e-2,3.240000000e+1,-5.240025000e+1,,,
3.200000000e+1,-5.609375000e-2,3.119687500e+1,-5.510925000e+1,,,
3.200000000e+1,-4.806250000e-2,3.201562500e+1,-5.308800000e+1,,,
3.193750000e+1,-4.403125000e-2,3.239375000e+1,-5.443200000e+1,,,
3.800000000e+1,-4.400000000e-2,3.080000000e+1,-5.308275000e+1,,,
3.001562500e+1,-5.200000000e-2,3.240000000e+1,-5.308800000e+1,,,
3.401562500e+1,-5.200000000e-2,3.080000000e+1,-5.376000000e+1,,,
2.603125000e+1,-5.196875000e-2,3.198125000e+1,-5.510925000e+1,,,
3.003125000e+1,-5.200000000e-2,3.120000000e+1,-5.375475000e+1,,,
2.796875000e+1,-5.203125000e-2,3.201250000e+1,-5.376000000e+1,,,
3.004687500e+1,-5.600000000e-2,3.279687500e+1,-5.443725000e+1,,,
3.198437500e+1,-4.796875000e-2,3.160000000e+1,-5.443200000e+1,,,
2.998437500e+1,-4.806250000e-2,3.280625000e+1,-5.443200000e+1,,,
3.001562500e+1,-6.006250000e-2,3.203750000e+1,-5.510400000e+1,,,
2.804687500e+1,-4.009375000e-2,3.160000000e+1,-5.442675000e+1,,,
2.401562500e+1,-5.584375000e-2,3.360000000e+1,-5.443725000e+1,,,
2.598437500e+1,-5.606250000e-2,3.199687500e+1,-5.511450000e+1,,,
2.796875000e+1,-5.203125000e-2,3.284375000e+1,-5.508300000e+1,,,
3.193750000e+1,-4.800000000e-2,3.316562500e+1,-5.376000000e+1,,,
3.606250000e+1,-5.196875000e-2,3.160000000e+1,-5.510400000e+1,,,
2.614062500e+1,-5.618750000e-2,3.316562500e+1,-5.577600000e+1,,,
2.609375000e+1,-4.800000000e-2,3.320000000e+1,-5.510400000e+1,,,
2.998437500e+1,-5.600000000e-2,3.359687500e+1,-5.443200000e+1,,,
2.401562500e+1,-4.400000000e-2,3.240000000e+1,-5.511450000e+1,,,
3.200000000e+1,-4.803125000e-2,3.320312500e+1,-5.644275000e+1,,,
2.603125000e+1,-4.800000000e-2,3.280000000e+1,-5.644800000e+1,,,
2.400000000e+1,-6.000000000e-2,3.359687500e+1,-5.644275000e+1,,,
2.400000000e+1,-4.815625000e-2,3.281250000e+1,-5.577600000e+1,,,
2.000000000e+1,-4.393750000e-2,3.239687500e+1,-5.710425000e+1,,,
2.396875000e+1,-5.200000000e-2,3.279687500e+1,-5.779200000e+1,,,
2.601562500e+1,-4.806250000e-2,3.279687500e+1,-5.645325000e+1,,,
1.796875000e+1,-4.000000000e-2,3.320000000e+1,-5.645325000e+1,,,
2.798437500e+1,-4.403125000e-2,3.359687500e+1,-5.577600000e+1,,,
2.001562500e+1,-4.800000000e-2,3.396562500e+1,-5.712525000e+1,,,
2.600000000e+1,-4.800000000e-2,3.520000000e+1,-5.577600000e+1,,,
1.800000000e+1,-4.803125000e-2,3.400000000e+1,-5.778675000e+1,,,
1.603125000e+1,-4.400000000e-2,3.521250000e+1,-5.578125000e+1,,,
2.206250000e+1,-4.803125000e-2,3.395937500e+1,-5.847450000e+1,,,
2.393750000e+1,-5.200000000e-2,3.360937500e+1,-5.710425000e+1,,,
1.595312500e+1,-4.803125000e-2,3.439375000e+1,-5.780775000e+1,,,
1.796875000e+1,-4.406250000e-2,3.357500000e+1,-5.847975000e+1,,,
2.198437500e+1,-4.400000000e-2,3.519375000e+1,-5.711475000e+1,,,
2.000000000e+1,-4.796875000e-2,3.438437500e+1,-5.846400000e+1,,,
2.203125000e+1,-5.203125000e-2,3.440625000e+1,-5.645325000e+1,,,
1.603125000e+1,-5.600000000e-2,3.600312500e+1,-5.778150000e+1,,,
1.984375000e+1,-5.203125000e-2,3.360000000e+1,-5.779200000e+1,,,
2.417187500e+1,-4.796875000e-2,3.518125000e+1,-5.779200000e+1,,,
1.601562500e+1,-5.200000000e-2,3.482187500e+1,-5.845875000e+1,,,
2.400000000e+1,-4.800000000e-2,3.480000000e+1,-5.913600000e+1,,,
1.392187500e+1,-5.603125000e-2,3.479375000e+1,-5.846925000e+1,,,
1.403125000e+1,-5.196875000e-2,3.440000000e+1,-5.846400000e+1,,,
1.398437500e+1,-5.193750000e-2,3.520312500e+1,-5.779200000e+1,,,
1.612500000e+1,-4.809375000e-2,3.559062500e+1,-5.779200000e+1,,,
2.598437500e+1,-6.000000000e-2,3.442812500e+1,-5.779200000e+1,,,
1.610937500e+1,-4.812500000e-2,3.439687500e+1,-5.847450000e+1,,,
1.595312500e+1,-4.800000000e-2,3.520312500e+1,-6.048000000e+1,,,
1.407812500e+1,-5.203125000e-2,3.520000000e+1,-5.846400000e+1,,,
9.953125000e+0,-5.203125000e-2,3.519062500e+1,-5.916225000e+1,,,
1.992187500e+1,-5.600000000e-2,3.440625000e+1,-6.048525000e+1,,,
1.610937500e+1,-5.603125000e-2,3.599062500e+1,-5.982900000e+1,,,
1.401562500e+1,-5.209375000e-2,3.600937500e+1,-5.846400000e+1,,,
1.601562500e+1,-4.800000000e-2,3.479375000e+1,-5.980800000e+1,,,
1.598437500e+1,-5.200000000e-2,3.440625000e+1,-5.913600000e+1,,,
1.601562500e+1,-4.803125000e-2,3.560000000e+1,-6.048525000e+1,,,
1.800000000e+1,-5.603125000e-2,3.557500000e+1,-5.980800000e+1,,,
1.600000000e+1,-5.200000000e-2,3.400000000e+1,-6.048000000e+1,,,
1.198437500e+1,-4.406250000e-2,3.554375000e+1,-5.981850000e+1,,,
1.398437500e+1,-4.800000000e-2,3.600312500e+1,-5.845875000e+1,,,
8.000000000e+0,-4.800000000e-2,3.480000000e+1,-5.844825000e+1,,,
1.196875000e+1,-4.403125000e-2,3.639375000e+1,-6.114675000e+1,,,
1.398437500e+1,-5.618750000e-2,3.638437500e+1,-6.047475000e+1,,,
1.000000000e+1,-6.381250000e-2,3.560000000e+1,-5.980800000e+1,,,
1.201562500e+1,-3.981250000e-2,3.678750000e+1,-6.114675000e+1,,,
4.031250000e+0,-4.756250000e-2,3.722187500e+1,-6.113100000e+1,,,
6.000000000e+0,-5.596875000e-2,3.638750000e+1,-6.182925000e+1,,,
8.000000000e+0,-5.603125000e-2,3.600625000e+1,-5.981325000e+1,,,
1.403125000e+1,-6.000000000e-2,3.639687500e+1,-6.253275000e+1,,,
9.937500000e+0,-5.581250000e-2,3.559062500e+1,-6.181350000e+1,,,
4.000000000e+0,-4.409375000e-2,3.600000000e+1,-6.182400000e+1,,,
4.015625000e+0,-5.993750000e-2,3.638750000e+1,-6.114675000e+1,,,
8.000000000e+0,-4.806250000e-2,3.760000000e+1,-5.980800000e+1,,,
8.000000000e+0,-4.800000000e-2,3.759687500e+1,-6.181875000e+1,,,
8.000000000e+0,-4.803125000e-2,3.840000000e+1,-6.180825000e+1,,,
1.598437500e+1,-5.618750000e-2,3.678437500e+1,-6.048000000e+1,,,
1.012500000e+1,-6.390625000e-2,3.640312500e+1,-6.181350000e+1,,,
5.953125000e+0,-5.200000000e-2,3.759375000e+1,-6.316800000e+1,,,
9.968750000e+0,-5.981250000e-2,3.722500000e+1,-6.115725000e+1,,,
5.906250000e+0,-5.590625000e-2,3.679687500e+1,-6.249600000e+1,,,
4.000000000e+0,-4.800000000e-2,3.760000000e+1,-6.182400000e+1,,,
3.968750000e+0,-5.615625000e-2,3.679687500e+1,-6.182925000e+1,,,
1.953125000e+0,-6.000000000e-2,3.760312500e+1,-6.250125000e+1,,,
2.062500000e+0,-5.584375000e-2,3.720000000e+1,-6.115200000e+1,,,
7.984375000e+0,-4.793750000e-2,3.720000000e+1,-6.250650000e+1,,,
3.984375000e+0,-5.178125000e-2,3.719687500e+1,-6.047475000e+1,,,
9.937500000e+0,-7.200000000e-2,3.759687500e+1,-6.384000000e+1,,,
6.031250000e+0,-4.825000000e-2,3.719062500e+1,-6.247500000e+1,,,
1.984375000e+0,-4.412500000e-2,3.681250000e+1,-6.250125000e+1,,,
1.984375000e+0,-5.606250000e-2,3.800000000e+1,-6.316800000e+1,,,
3.125000000e-2,-5.603125000e-2,3.720312500e+1,-6.316800000e+1,,,
-6.250000000e-2,-5.993750000e-2,3.879375000e+1,-6.384000000e+1,,,
4.078125000e+0,-6.003125000e-2,3.760000000e+1,-6.317325000e+1,,,
5.984375000e+0,-5.593750000e-2,3.840000000e+1,-6.315750000e+1,,,
3.968750000e+0,-4.396875000e-2,3.719375000e+1,-6.182925000e+1,,,
4.015625000e+0,-4.806250000e-2,3.800312500e+1,-6.383475000e+1,,,
3.984375000e+0,-4.390625000e-2,3.800000000e+1,-6.382425000e+1,,,
-1.562500000e-2,-4.003125000e-2,3.840000000e+1,-6.249600000e+1,,,
2.000000000e+0,-4.400000000e-2,3.841562500e+1,-6.383475000e+1,,,
1.968750000e+0,-4.406250000e-2,3.800000000e+1,-6.316800000e+1,,,
0.000000000e+0,-5.200000000e-2,3.840312500e+1,-6.384000000e+1,,,
4.000000000e+0,-4.393750000e-2,3.840000000e+1,-6.384000000e+1,,,
-3.125000000e-2,-4.390625000e-2,3.840000000e+1,-6.384000000e+1,,,
-2.000000000e+0,-3.178125000e-2,3.799687500e+1,-6.249600000e+1,,,
3.906250000e+0,-2.812500000e-2,3.800937500e+1,-6.379800000e+1,,,
5.984375000e+0,-4.000000000e-2,3.798750000e+1,-6.451200000e+1,,,
1.953125000e+0,-2.800000000e-2,3.960000000e+1,-6.315750000e+1,,,
2.046875000e+0,-3.609375000e-2,3.838125000e+1,-6.317325000e+1,,,
6.031250000e+0,-4.015625000e-2,3.840000000e+1,-6.455400000e+1,,,
6.015625000e+0,-4.384375000e-2,3.799375000e+1,-6.584025000e+1,,,
7.984375000e+0,-2.396875000e-2,3.840312500e+1,-6.384525000e+1,,,
4.000000000e+0,-3.187500000e-2,3.840625000e+1,-6.451200000e+1,,,
1.000000000e+1,-2.796875000e-2,3.840000000e+1,-6.451200000e+1,,,
6.031250000e+0,-2.396875000e-2,3.879687500e+1,-6.383475000e+1,,,
-1.562500000e-2,-2.406250000e-2,3.879687500e+1,-6.451725000e+1,,,
3.984375000e+0,-3.215625000e-2,3.960000000e+1,-6.316275000e+1,,,
2.015625000e+0,-4.000000000e-2,3.879687500e+1,-6.248550000e+1,,,
3.968750000e+0,-3.200000000e-2,3.920937500e+1,-6.517875000e+1,,,
6.078125000e+0,-2.403125000e-2,3.800000000e+1,-6.314700000e+1,,,
7.921875000e+0,-2.806250000e-2,3.919687500e+1,-6.316275000e+1,,,
1.984375000e+0,-2.387500000e-2,3.840000000e+1,-6.448575000e+1,,,
6.078125000e+0,-2.006250000e-2,3.880000000e+1,-6.585600000e+1,,,
5.968750000e+0,-2.387500000e-2,3.998125000e+1,-6.385050000e+1,,,
3.953125000e+0,-1.606250000e-2,3.760312500e+1,-6.380850000e+1,,,
2.000000000e+0,-2.800000000e-2,3.912187500e+1,-6.651225000e+1,,,
3.984375000e+0,-2.400000000e-2,3.959375000e+1,-6.585600000e+1,,,
4.000000000e+0,-2.400000000e-2,3.800000000e+1,-6.519975000e+1,,,
4.000000000e+0,-2.393750000e-2,3.880312500e+1,-6.253275000e+1,,,
2.000000000e+0,-1.600000000e-2,3.920625000e+1,-6.789825000e+1,,,
3.890625000e+0,-2.412500000e-2,3.960000000e+1,-6.518400000e+1,,,
1.001562500e+1,-2.396875000e-2,3.920312500e+1,-6.384000000e+1,,,
2.125000000e+0,-2.393750000e-2,3.838125000e+1,-6.451200000e+1,,,
2.062500000e+0,-2.396875000e-2,3.920000000e+1,-6.318375000e+1,,,
6.046875000e+0,-2.009375000e-2,3.840000000e+1,-6.316800000e+1,,,
5.953125000e+0,-2.787500000e-2,3.920625000e+1,-6.451725000e+1,,,
-3.125000000e-2,-1.196875000e-2,3.999062500e+1,-6.452250000e+1,,,
0.000000000e+0,-2.406250000e-2,3.879687500e+1,-6.451200000e+1,,,
4.015625000e+0,-1.600000000e-2,3.960625000e+1,-6.518925000e+1,,,
5.984375000e+0,-2.821875000e-2,3.801250000e+1,-6.586125000e+1,,,
0.000000000e+0,-3.178125000e-2,3.878437500e+1,-6.519450000e+1,,,
6.000000000e+0,-1.600000000e-2,3.959687500e+1,-6.518400000e+1,,,
6.000000000e+0,-2.800000000e-2,3.918750000e+1,-6.585600000e+1,,,
4.000000000e+0,-1.600000000e-2,3.880000000e+1,-6.517875000e+1,,,
1.984375000e+0,-3.228125000e-2,3.960000000e+1,-6.652800000e+1,,,
-1.562500000e-2,-2.800000000e-2,3.880312500e+1,-6.518925000e+1,,,
3.984375000e+0,-2.800000000e-2,3.959687500e+1,-6.652275000e+1,,,
4.000000000e+0,-2.400000000e-2,3.960000000e+1,-6.585600000e+1,,,
5.984375000e+0,-2.796875000e-2,3.960000000e+1,-6.585075000e+1,,,
4.015625000e+0,-1.596875000e-2,3.958750000e+1,-6.451200000e+1,,,
5.968750000e+0,-2.412500000e-2,3.920312500e+1,-6.586125000e+1,,,
-2.015625000e+0,-1.996875000e-2,4.080000000e+1,-6.451200000e+1,,,
1.937500000e+0,-1.621875000e-2,4.000312500e+1,-6.518400000e+1,,,
7.812500000e-2,-1.571875000e-2,4.000000000e+1,-6.653850000e+1,,,
-9.375000000e-2,-3.587500000e-2,4.000000000e+1,-6.518400000e+1,,,
9.843750000e+0,-2.825000000e-2,4.000000000e+1,-6.721050000e+1,,,
8.218750000e+0,-1.600000000e-2,4.040000000e+1,-6.721575000e+1,,,
1.968750000e+0,-1.990625000e-2,4.039375000e+1,-6.585600000e+1,,,
6.000000000e+0,-2.009375000e-2,4.081875000e+1,-6.584550000e+1,,,
1.984375000e+0,-1.996875000e-2,3.959687500e+1,-6.588225000e+1,,,
4.000000000e+0,-2.393750000e-2,4.079062500e+1,-6.450150000e+1,,,
2.015625000e+0,-2.803125000e-2,3.998750000e+1,-6.856500000e+1,,,
8.000000000e+0,-2.000000000e-2,3.960312500e+1,-6.721050000e+1,,,
1.937500000e+0,-2.800000000e-2,4.040000000e+1,-6.652800000e+1,,,
2.000000000e+0,-2.000000000e-2,4.078750000e+1,-6.720000000e+1,,,
4.000000000e+0,-2.359375000e-2,4.164375000e+1,-6.658575000e+1,,,
6.046875000e+0,-3.196875000e-2,3.920937500e+1,-6.518400000e+1,,,
1.968750000e+0,-2.806250000e-2,3.921250000e+1,-6.721050000e+1,,,
8.000000000e+0,-2.800000000e-2,3.999687500e+1,-6.584025000e+1,,,
2.078125000e+0,-2.800000000e-2,3.959375000e+1,-6.653325000e+1,,,
-9.375000000e-2,-2.790625000e-2,4.041562500e+1,-6.721050000e+1,,,
7.984375000e+0,-3.612500000e-2,4.080312500e+1,-6.854400000e+1,,,
3.984375000e+0,-2.021875000e-2,3.919687500e+1,-6.720000000e+1,,,
1.006250000e+1,-2.390625000e-2,4.000000000e+1,-6.587175000e+1,,,
9.984375000e+0,-3.196875000e-2,4.080312500e+1,-6.787200000e+1,,,
8.000000000e+0,-3.200000000e-2,4.080000000e+1,-6.585600000e+1,,,
5.968750000e+0,-2.000000000e-2,4.120000000e+1,-6.788250000e+1,,,
2.000000000e+0,-2.796875000e-2,4.079687500e+1,-6.651225000e+1,,,
4.000000000e+0,-2.406250000e-2,4.119062500e+1,-6.653325000e+1,,,
3.984375000e+0,-2.800000000e-2,4.120000000e+1,-6.652800000e+1,,,
0.000000000e+0,-2.800000000e-2,4.160625000e+1,-6.854400000e+1,,,
1.984375000e+0,-3.200000000e-2,4.158437500e+1,-6.653325000e+1,,,
4.000000000e+0,-3.596875000e-2,4.039687500e+1,-6.787200000e+1,,,
2.000000000e+0,-3.996875000e-2,4.120312500e+1,-6.720000000e+1,,,
4.000000000e+0,-2.400000000e-2,4.040000000e+1,-6.722625000e+1,,,
2.000000000e+0,-1.981250000e-2,4.079687500e+1,-6.586125000e+1,,,
6.000000000e+0,-3.578125000e-2,4.039687500e+1,-6.857025000e+1,,,
1.984375000e+0,-3.609375000e-2,4.080937500e+1,-6.786675000e+1,,,
2.031250000e+0,-3.200000000e-2,4.120312500e+1,-6.719475000e+1,,,
4.000000000e+0,-2.800000000e-2,4.159375000e+1,-6.721575000e+1,,,
2.000000000e+0,-3.193750000e-2,4.078750000e+1,-6.853875000e+1,,,
4.000000000e+0,-2.843750000e-2,4.078125000e+1,-6.923700000e+1,,,
-4.015625000e+0,-1.590625000e-2,4.160312500e+1,-6.584550000e+1,,,
1.968750000e+0,-3.193750000e-2,4.159375000e+1,-6.652800000e+1,,,
4.000000000e+0,-2.403125000e-2,4.120000000e+1,-6.720000000e+1,,,
7.984375000e+0,-2.800000000e-2,4.160000000e+1,-6.854925000e+1,,,
8.062500000e+0,-3.200000000e-2,4.159687500e+1,-6.787200000e+1,,,
3.984375000e+0,-2.800000000e-2,4.160000000e+1,-6.720000000e+1,,,
7.968750000e+0,-3.628125000e-2,4.159687500e+1,-6.853350000e+1,,,
3.921875000e+0,-2.000000000e-2,4.160000000e+1,-6.786150000e+1,,,
-1.562500000e-2,-2.803125000e-2,4.119375000e+1,-6.585075000e+1,,,
0.000000000e+0,-2.800000000e-2,4.080000000e+1,-6.922125000e+1,,,
1.562500000e-2,-2.396875000e-2,4.121250000e+1,-6.652275000e+1,,,
4.062500000e+0,-2.000000000e-2,4.199687500e+1,-6.786675000e+1,,,
8.031250000e+0,-2.000000000e-2,4.120937500e+1,-6.787725000e+1,,,
8.078125000e+0,-1.996875000e-2,4.160000000e+1,-6.719475000e+1,,,
9.375000000e-2,-2.400000000e-2,4.199375000e+1,-6.788250000e+1,,,
-1.562500000e-2,-2.400000000e-2,4.079687500e+1,-6.921600000e+1,,,
1.968750000e+0,-2.800000000e-2,4.123437500e+1,-6.714750000e+1,,,
5.984375000e+0,-2.396875000e-2,4.197500000e+1,-6.653325000e+1,,,
7.984375000e+0,-2.003125000e-2,4.040000000e+1,-6.854400000e+1,,,
8.015625000e+0,-1.609375000e-2,4.156875000e+1,-6.787200000e+1,,,
5.953125000e+0,-1.600000000e-2,4.118750000e+1,-6.787200000e+1,,,
4.000000000e+0,-2.000000000e-2,4.120312500e+1,-6.922125000e+1,,,
6.046875000e+0,-2.400000000e-2,4.240000000e+1,-6.853875000e+1,,,
9.984375000e+0,-2.400000000e-2,4.118437500e+1,-6.921600000e+1,,,
4.015625000e+0,-2.000000000e-2,4.120000000e+1,-6.922125000e+1,,,
4.000000000e+0,-3.196875000e-2,4.239375000e+1,-6.786150000e+1,,,
6.000000000e+0,-2.809375000e-2,4.201250000e+1,-6.720000000e+1,,,
0.000000000e+0,-2.793750000e-2,4.120000000e+1,-6.854925000e+1,,,
3.984375000e+0,-3.600000000e-2,4.080312500e+1,-6.720000000e+1,,,
2.015625000e+0,-2.806250000e-2,4.040000000e+1,-6.853875000e+1,,,
-6.250000000e-2,-2.400000000e-2,4.080000000e+1,-6.854400000e+1,,,
8.000000000e+0,-2.806250000e-2,4.119687500e+1,-6.854925000e+1,,,
0.000000000e+0,-3.609375000e-2,4.160312500e+1,-6.720000000e+1,,,
7.984375000e+0,-2.400000000e-2,4.120000000e+1,-6.854400000e+1,,,
2.000000000e+0,-3.600000000e-2,4.160000000e+1,-6.784575000e+1,,,
5.984375000e+0,-2.400000000e-2,4.119687500e+1,-6.724725000e+1,,,
0.000000000e+0,-3.203125000e-2,4.160312500e+1,-6.989850000e+1,,,
6.015625000e+0,-3.200000000e-2,4.160312500e+1,-6.920550000e+1,,,
1.984375000e+0,-2.800000000e-2,4.199687500e+1,-6.989850000e+1,,,
6.000000000e+0,-3.600000000e-2,4.120625000e+1,-6.989850000e+1,,,
2.000000000e+0,-2.806250000e-2,4.159687500e+1,-6.922125000e+1,,,
3.984375000e+0,-2.403125000e-2,4.160312500e+1,-6.922125000e+1,,,
3.984375000e+0,-2.000000000e-2,4.240000000e+1,-6.922125000e+1,,,
5.984375000e+0,-2.000000000e-2,4.160312500e+1,-6.855450000e+1,,,
6.000000000e+0,-2.400000000e-2,4.160000000e+1,-6.787200000e+1,,,
6.015625000e+0,-2.406250000e-2,4.120000000e+1,-6.853875000e+1,,,
3.968750000e+0,-1.600000000e-2,4.158437500e+1,-6.854400000e+1,,,
4.015625000e+0,-8.000000000e-3,4.200000000e+1,-6.921600000e+1,,,
3.984375000e+0,-8.093750000e-3,4.160000000e+1,-6.854925000e+1,,,
1.984375000e+0,-1.193750000e-2,4.160000000e+1,-6.854400000e+1,,,
4.062500000e+0,6.250000000e-5,4.080000000e+1,-6.922125000e+1,,,
6.000000000e+0,-8.156250000e-3,4.159062500e+1,-6.921600000e+1,,,
3.953125000e+0,-1.603125000e-2,4.038125000e+1,-6.922650000e+1,,,
1.953125000e+0,-8.093750000e-3,4.239375000e+1,-6.786150000e+1,,,
5.984375000e+0,-4.000000000e-3,4.199375000e+1,-6.652800000e+1,,,
2.062500000e+0,-8.031250000e-3,4.199062500e+1,-6.921600000e+1,,,
-1.562500000e-2,-1.203125000e-2,4.080000000e+1,-6.651225000e+1,,,
1.968750000e+0,-1.600000000e-2,4.201875000e+1,-6.787725000e+1,,,
2.015625000e+0,-9.375000000e-5,4.200312500e+1,-6.721575000e+1,,,
2.015625000e+0,-3.906250000e-3,4.040937500e+1,-6.720525000e+1,,,
3.968750000e+0,-7.968750000e-3,4.000000000e+1,-6.854400000e+1,,,
4.046875000e+0,-1.200000000e-2,4.081562500e+1,-6.854400000e+1,,,
1.203125000e+1,-3.968750000e-3,4.240000000e+1,-6.854925000e+1,,,
5.953125000e+0,0.000000000e+0,4.078125000e+1,-6.921600000e+1,,,
0.000000000e+0,0.000000000e+0,4.120000000e+1,-6.854400000e+1,,,
1.003125000e+1,-3.875000000e-3,4.162812500e+1,-7.056000000e+1,,,
7.890625000e+0,-8.000000000e-3,4.040000000e+1,-6.921075000e+1,,,
-3.968750000e+0,-4.000000000e-3,4.120000000e+1,-6.921075000e+1,,,
-3.125000000e-2,-8.062500000e-3,4.080000000e+1,-6.854925000e+1,,,
3.984375000e+0,-7.968750000e-3,4.119687500e+1,-6.787725000e+1,,,
-4.015625000e+0,-8.031250000e-3,4.080312500e+1,-6.988800000e+1,,,
5.984375000e+0,-1.209375000e-2,4.159687500e+1,-6.856500000e+1,,,
6.250000000e-2,-1.603125000e-2,4.122812500e+1,-6.847575000e+1,,,
2.000000000e+0,-1.203125000e-2,4.120937500e+1,-7.056525000e+1,,,
4.000000000e+0,-1.200000000e-2,4.200000000e+1,-6.720000000e+1,,,
5.968750000e+0,-7.968750000e-3,4.118437500e+1,-6.995100000e+1,,,
1.953125000e+0,-3.937500000e-3,4.081250000e+1,-6.986175000e+1,,,
2.031250000e+0,-6.250000000e-5,4.119375000e+1,-6.720000000e+1,,,
8.000000000e+0,-7.968750000e-3,4.078750000e+1,-6.922125000e+1,,,
2.000000000e+0,-4.031250000e-3,4.240625000e+1,-6.787200000e+1,,,
8.000000000e+0,-4.093750000e-3,4.160312500e+1,-6.921600000e+1,,,
6.000000000e+0,-2.403125000e-2,4.120000000e+1,-6.788250000e+1,,,
5.984375000e+0,-1.184375000e-2,4.080937500e+1,-6.988800000e+1,,,
8.000000000e+0,-1.196875000e-2,4.199687500e+1,-6.653325000e+1,,,
4.062500000e+0,-1.209375000e-2,4.042187500e+1,-6.921600000e+1,,,
1.953125000e+0,-3.196875000e-2,3.918750000e+1,-6.720000000e+1,,,
5.984375000e+0,-1.587500000e-2,4.079062500e+1,-6.988275000e+1,,,
2.000000000e+0,-2.009375000e-2,4.120312500e+1,-6.853875000e+1,,,
5.984375000e+0,-2.000000000e-2,3.999062500e+1,-6.786150000e+1,,,
2.078125000e+0,-2.003125000e-2,4.081250000e+1,-6.585600000e+1,,,
1.201562500e+1,-1.993750000e-2,4.160000000e+1,-6.854400000e+1,,,
3.890625000e+0,-1.603125000e-2,4.080000000e+1,-6.856500000e+1,,,
5.875000000e+0,-2.400000000e-2,4.120312500e+1,-6.787200000e+1,,,
1.001562500e+1,-2.400000000e-2,4.000937500e+1,-6.921600000e+1,,,
6.000000000e+0,-3.200000000e-2,4.040937500e+1,-6.920550000e+1,,,
9.968750000e+0,-3.206250000e-2,4.161250000e+1,-6.787200000e+1,,,
8.031250000e+0,-3.590625000e-2,4.159687500e+1,-6.854400000e+1,,,
6.000000000e+0,-2.000000000e-2,4.119687500e+1,-6.787200000e+1,,,
5.984375000e+0,-3.181250000e-2,4.079687500e+1,-6.787725000e+1,,,
5.968750000e+0,-3.200000000e-2,4.120000000e+1,-6.720000000e+1,,,
3.968750000e+0,-3.200000000e-2,4.120000000e+1,-6.787200000e+1,,,
4.015625000e+0,-2.793750000e-2,4.160312500e+1,-6.787725000e+1,,,
3.968750000e+0,-2.809375000e-2,4.159687500e+1,-6.921600000e+1,,,
-1.562500000e-2,-3.603125000e-2,4.120000000e+1,-6.786150000e+1,,,
2.031250000e+0,-3.196875000e-2,4.240625000e+1,-6.787725000e+1,,,
8.000000000e+0,-3.584375000e-2,4.282187500e+1,-6.854925000e+1,,,
1.937500000e+0,-3.593750000e-2,4.160937500e+1,-6.720000000e+1,,,
2.000000000e+0,-2.796875000e-2,4.121250000e+1,-6.720000000e+1,,,
6.000000000e+0,-3.203125000e-2,4.199687500e+1,-6.852825000e+1,,,
7.984375000e+0,-3.221875000e-2,4.040000000e+1,-6.921600000e+1,,,
4.000000000e+0,-4.812500000e-2,4.160312500e+1,-6.854400000e+1,,,
7.984375000e+0,-3.987500000e-2,4.080625000e+1,-6.588750000e+1,,,
3.984375000e+0,-3.200000000e-2,4.159687500e+1,-6.720000000e+1,,,
6.000000000e+0,-3.603125000e-2,4.119687500e+1,-6.989325000e+1,,,
-7.812500000e-2,-3.596875000e-2,4.201250000e+1,-6.921075000e+1,,,
6.250000000e-2,-3.196875000e-2,4.199687500e+1,-6.852300000e+1,,,
4.078125000e+0,-3.200000000e-2,4.159375000e+1,-6.790875000e+1,,,
6.000000000e+0,-3.206250000e-2,4.119375000e+1,-7.056000000e+1,,,
4.000000000e+0,-3.612500000e-2,4.080000000e+1,-6.787725000e+1,,,
8.000000000e+0,-2.400000000e-2,4.120000000e+1,-6.921600000e+1,,,
4.000000000e+0,-3.612500000e-2,4.159375000e+1,-6.721050000e+1,,,
5.937500000e+0,-3.181250000e-2,4.119687500e+1,-6.853875000e+1,,,
8.015625000e+0,-2.406250000e-2,4.199687500e+1,-6.921600000e+1,,,
9.375000000e-2,-3.612500000e-2,4.199687500e+1,-6.854925000e+1,,,
1.906250000e+0,-3.600000000e-2,4.120937500e+1,-6.720525000e+1,,,
5.953125000e+0,-2.400000000e-2,4.118125000e+1,-6.721050000e+1,,,
1.937500000e+0,-3.612500000e-2,4.160000000e+1,-6.720525000e+1,,,
1.968750000e+0,-3.993750000e-2,4.079687500e+1,-6.651225000e+1,,,
1.250000000e-1,-3.603125000e-2,4.200000000e+1,-6.988800000e+1,,,
1.001562500e+1,-3.990625000e-2,4.118750000e+1,-7.123725000e+1,,,
1.921875000e+0,-3.203125000e-2,4.120000000e+1,-6.857025000e+1,,,
6.109375000e+0,-3.600000000e-2,4.118437500e+1,-6.918975000e+1,,,
8.062500000e+0,-2.000000000e-2,4.159687500e+1,-6.988800000e+1,,,
0.000000000e+0,-3.600000000e-2,4.080000000e+1,-6.855450000e+1,,,
5.984375000e+0,-3.990625000e-2,4.160312500e+1,-6.790350000e+1,,,
2.000000000e+0,-2.790625000e-2,4.199062500e+1,-7.056525000e+1,,,
3.921875000e+0,-2.800000000e-2,4.119062500e+1,-6.787200000e+1,,,
8.015625000e+0,-2.809375000e-2,4.119687500e+1,-6.787200000e+1,,,
3.984375000e+0,-3.593750000e-2,4.204375000e+1,-6.854925000e+1,,,
7.984375000e+0,-3.193750000e-2,4.000000000e+1,-6.721575000e+1,,,
1.968750000e+0,-3.206250000e-2,4.079687500e+1,-6.720000000e+1,,,
6.015625000e+0,-3.603125000e-2,4.080000000e+1,-6.921075000e+1,,,
4.000000000e+0,-3.193750000e-2,4.080000000e+1,-6.721575000e+1,,,
8.000000000e+0,-2.796875000e-2,4.080312500e+1,-6.854400000e+1,,,
9.984375000e+0,-2.796875000e-2,4.078437500e+1,-6.922125000e+1,,,
3.968750000e+0,-3.603125000e-2,4.198750000e+1,-6.922125000e+1,,,
2.000000000e+0,-3.193750000e-2,4.161562500e+1,-6.922125000e+1,,,
4.000000000e+0,-3.203125000e-2,4.040000000e+1,-6.921600000e+1,,,
1.000000000e+1,-3.187500000e-2,4.160937500e+1,-7.056525000e+1,,,
8.000000000e+0,-2.815625000e-2,4.119687500e+1,-6.855450000e+1,,,
1.968750000e+0,-3.603125000e-2,4.120000000e+1,-6.854400000e+1,,,
1.984375000e+0,-3.200000000e-2,4.080000000e+1,-6.719475000e+1,,,
3.968750000e+0,-4.406250000e-2,4.119687500e+1,-6.920025000e+1,,,
1.000000000e+1,-3.996875000e-2,4.120000000e+1,-6.921075000e+1,,,
5.953125000e+0,-3.593750000e-2,4.119687500e+1,-6.853875000e+1,,,
6.000000000e+0,-2.806250000e-2,4.120625000e+1,-6.787200000e+1,,,
6.031250000e+0,-3.603125000e-2,4.200312500e+1,-6.854400000e+1,,,
9.984375000e+0,-2.793750000e-2,4.240000000e+1,-6.787200000e+1,,,
4.062500000e+0,-2.771875000e-2,4.200312500e+1,-6.921600000e+1,,,
5.968750000e+0,-3.590625000e-2,4.160000000e+1,-6.854400000e+1,,,
5.953125000e+0,-3.603125000e-2,4.120000000e+1,-6.921600000e+1,,,
1.190625000e+1,-3.603125000e-2,4.160000000e+1,-6.787200000e+1,,,
1.015625000e+1,-3.206250000e-2,4.119687500e+1,-6.921600000e+1,,,
6.015625000e+0,-3.181250000e-2,4.119375000e+1,-6.787200000e+1,,,
6.078125000e+0,-4.009375000e-2,4.121875000e+1,-6.854400000e+1,,,
1.984375000e+0,-3.203125000e-2,4.000625000e+1,-6.786675000e+1,,,
6.015625000e+0,-3.993750000e-2,4.078437500e+1,-6.921600000e+1,,,
8.000000000e+0,-3.603125000e-2,4.200000000e+1,-6.787200000e+1,,,
7.984375000e+0,-3.203125000e-2,4.159375000e+1,-6.921600000e+1,,,
3.953125000e+0,-2.800000000e-2,4.160000000e+1,-6.787200000e+1,,,
0.000000000e+0,-4.400000000e-2,4.159687500e+1,-6.787200000e+1,,,
4.000000000e+0,-4.028125000e-2,4.163750000e+1,-6.850725000e+1,,,
1.953125000e+0,-3.609375000e-2,4.079687500e+1,-6.988800000e+1,,,
7.984375000e+0,-3.200000000e-2,4.199687500e+1,-6.853350000e+1,,,
4.000000000e+0,-3.593750000e-2,3.995000000e+1,-6.854400000e+1,,,
5.984375000e+0,-4.003125000e-2,4.045312500e+1,-6.719475000e+1,,,
5.984375000e+0,-3.200000000e-2,4.240625000e+1,-6.653325000e+1,,,
8.015625000e+0,-4.381250000e-2,4.160312500e+1,-6.787200000e+1,,,
6.031250000e+0,-4.015625000e-2,4.159687500e+1,-6.854400000e+1,,,
1.203125000e+1,-3.603125000e-2,4.080000000e+1,-6.787725000e+1,,,
7.968750000e+0,-3.996875000e-2,4.040000000e+1,-6.854400000e+1,,,
4.031250000e+0,-4.800000000e-2,4.080625000e+1,-6.720000000e+1,,,
7.984375000e+0,-3.600000000e-2,4.120000000e+1,-6.788775000e+1,,,
2.015625000e+0,-4.790625000e-2,4.080312500e+1,-6.853350000e+1,,,
2.000000000e+0,-4.053125000e-2,4.158750000e+1,-6.786675000e+1,,,
4.000000000e+0,-3.193750000e-2,4.120625000e+1,-6.988800000e+1,,,
4.000000000e+0,-4.400000000e-2,4.120625000e+1,-6.853875000e+1,,,
3.984375000e+0,-4.000000000e-2,4.159375000e+1,-6.854925000e+1,,,
8.000000000e+0,-4.000000000e-2,4.079687500e+1,-6.720000000e+1,,,
4.031250000e+0,-3.996875000e-2,4.120625000e+1,-6.854925000e+1,,,
-3.125000000e-2,-3.200000000e-2,4.120312500e+1,-6.790350000e+1,,,
6.000000000e+0,-4.378125000e-2,4.040312500e+1,-6.721050000e+1,,,
6.000000000e+0,-4.806250000e-2,4.080312500e+1,-6.989850000e+1,,,
4.000000000e+0,-4.403125000e-2,4.080000000e+1,-6.854400000e+1,,,
6.000000000e+0,-4.400000000e-2,4.120625000e+1,-6.923700000e+1,,,
4.000000000e+0,-4.003125000e-2,4.200000000e+1,-6.987225000e+1,,,
5.984375000e+0,-4.000000000e-2,4.159375000e+1,-6.788250000e+1,,,
8.000000000e+0,-3.996875000e-2,4.197812500e+1,-6.784575000e+1,,,
3.984375000e+0,-4.393750000e-2,4.239687500e+1,-7.056000000e+1,,,
3.984375000e+0,-4.406250000e-2,4.159062500e+1,-6.787200000e+1,,,
7.968750000e+0,-3.603125000e-2,4.120000000e+1,-6.787200000e+1,,,
8.000000000e+0,-3.600000000e-2,4.200000000e+1,-6.854400000e+1,,,
6.046875000e+0,-4.400000000e-2,4.077812500e+1,-6.787200000e+1,,,
3.968750000e+0,-4.400000000e-2,4.040312500e+1,-6.988800000e+1,,,
7.968750000e+0,-4.403125000e-2,3.995937500e+1,-6.788250000e+1,,,
5.968750000e+0,-4.400000000e-2,4.200000000e+1,-6.854400000e+1,,,
5.984375000e+0,-5.203125000e-2,4.159375000e+1,-6.720525000e+1,,,
3.984375000e+0,-5.193750000e-2,4.199687500e+1,-6.720525000e+1,,,
3.968750000e+0,-3.596875000e-2,4.119062500e+1,-6.720000000e+1,,,
2.015625000e+0,-4.000000000e-2,4.120625000e+1,-6.720000000e+1,,,
6.031250000e+0,-3.203125000e-2,4.161250000e+1,-6.720000000e+1,,,
6.015625000e+0,-3.984375000e-2,4.080000000e+1,-6.720525000e+1,,,
4.046875000e+0,-4.409375000e-2,4.120000000e+1,-6.854925000e+1,,,
2.000000000e+0,-3.603125000e-2,4.080000000e+1,-6.852825000e+1,,,
1.984375000e+0,-4.396875000e-2,4.122187500e+1,-6.650700000e+1,,,
3.984375000e+0,-4.396875000e-2,4.158437500e+1,-6.788250000e+1,,,
6.000000000e+0,-3.603125000e-2,4.120000000e+1,-6.921600000e+1,,,
5.984375000e+0,-3.571875000e-2,4.240000000e+1,-6.652275000e+1,,,
8.031250000e+0,-4.800000000e-2,4.078437500e+1,-6.720000000e+1,,,
7.984375000e+0,-4.000000000e-2,4.040000000e+1,-6.922125000e+1,,,
4.000000000e+0,-3.600000000e-2,4.080000000e+1,-6.787200000e+1,,,
8.000000000e+0,-4.006250000e-2,4.160625000e+1,-6.988800000e+1,,,
6.000000000e+0,-4.800000000e-2,4.200000000e+1,-6.854925000e+1,,,
6.000000000e+0,-4.003125000e-2,4.120312500e+1,-6.855450000e+1,,,
4.000000000e+0,-4.003125000e-2,4.120000000e+1,-6.854400000e+1,,,
-1.562500000e-2,-3.200000000e-2,4.080000000e+1,-6.787200000e+1,,,
5.984375000e+0,-4.000000000e-2,4.119687500e+1,-6.988800000e+1,,,
2.000000000e+0,-4.003125000e-2,4.159375000e+1,-7.056525000e+1,,,
3.968750000e+0,-3.587500000e-2,4.080000000e+1,-6.855975000e+1,,,
5.984375000e+0,-2.403125000e-2,4.119687500e+1,-6.854400000e+1,,,
6.000000000e+0,-4.396875000e-2,4.161875000e+1,-6.922650000e+1,,,
6.000000000e+0,-3.206250000e-2,4.080312500e+1,-6.787200000e+1,,,
4.000000000e+0,-4.000000000e-2,4.240000000e+1,-6.787200000e+1,,,
2.015625000e+0,-3.200000000e-2,4.156250000e+1,-6.789825000e+1,,,
8.062500000e+0,-4.006250000e-2,4.080937500e+1,-6.989850000e+1,,,
9.937500000e+0,-4.403125000e-2,4.119687500e+1,-6.851250000e+1,,,
3.984375000e+0,-4.406250000e-2,4.080000000e+1,-6.721050000e+1,,,
7.984375000e+0,-3.203125000e-2,4.194687500e+1,-6.854400000e+1,,,
6.015625000e+0,-3.996875000e-2,4.240625000e+1,-6.720525000e+1,,,
3.984375000e+0,-3.203125000e-2,4.119375000e+1,-6.854925000e+1,,,
8.031250000e+0,-3.203125000e-2,4.120000000e+1,-6.787200000e+1,,,
1.984375000e+0,-4.000000000e-2,4.120000000e+1,-6.920550000e+1,,,
8.015625000e+0,-4.000000000e-2,4.120000000e+1,-6.921600000e+1,,,
9.375000000e-2,-3.996875000e-2,4.040625000e+1,-6.854925000e+1,,,
4.046875000e+0,-4.800000000e-2,4.078125000e+1,-6.854400000e+1,,,
2.000000000e+0,-5.200000000e-2,4.160312500e+1,-6.854400000e+1,,,
3.984375000e+0,-4.003125000e-2,4.200000000e+1,-6.854400000e+1,,,
-1.562500000e-2,-4.796875000e-2,4.160000000e+1,-6.921600000e+1,,,
4.062500000e+0,-3.603125000e-2,4.079687500e+1,-6.987750000e+1,,,
3.984375000e+0,-5.212500000e-2,4.119687500e+1,-6.721050000e+1,,,
4.000000000e+0,-4.818750000e-2,4.041875000e+1,-6.718950000e+1,,,
4.015625000e+0,-4.003125000e-2,4.119062500e+1,-6.788250000e+1,,,
2.000000000e+0,-4.396875000e-2,4.239062500e+1,-6.921600000e+1,,,
3.953125000e+0,-4.803125000e-2,4.038750000e+1,-6.787200000e+1,,,
6.000000000e+0,-4.800000000e-2,4.120937500e+1,-6.721575000e+1,,,
6.015625000e+0,-4.400000000e-2,4.160312500e+1,-6.922650000e+1,,,
5.953125000e+0,-5.193750000e-2,4.200312500e+1,-6.921075000e+1,,,
7.984375000e+0,-5.212500000e-2,4.159375000e+1,-7.056000000e+1,,,
3.953125000e+0,-4.796875000e-2,4.239687500e+1,-6.854400000e+1,,,
2.015625000e+0,-6.000000000e-2,4.120000000e+1,-6.921600000e+1,,,
6.031250000e+0,-3.996875000e-2,4.240000000e+1,-6.787725000e+1,,,
8.000000000e+0,-5.203125000e-2,4.157500000e+1,-7.056525000e+1,,,
6.000000000e+0,-4.400000000e-2,4.040000000e+1,-6.921600000e+1,,,
7.968750000e+0,-5.181250000e-2,4.120937500e+1,-6.855450000e+1,,,
-3.125000000e-2,-5.600000000e-2,4.000000000e+1,-6.652800000e+1,,,
5.968750000e+0,-5.200000000e-2,4.120000000e+1,-6.785625000e+1,,,
8.000000000e+0,-5.200000000e-2,4.159687500e+1,-6.854400000e+1,,,
5.984375000e+0,-4.796875000e-2,4.159375000e+1,-6.854925000e+1,,,
6.000000000e+0,-4.806250000e-2,4.079375000e+1,-6.921600000e+1,,,
4.015625000e+0,-5.203125000e-2,4.119062500e+1,-6.922650000e+1,,,
1.953125000e+0,-4.825000000e-2,4.162187500e+1,-6.788250000e+1,,,
6.000000000e+0,-4.400000000e-2,4.079375000e+1,-6.787200000e+1,,,
0.000000000e+0,-5.200000000e-2,4.120312500e+1,-6.788250000e+1,,,
3.984375000e+0,-4.403125000e-2,4.119687500e+1,-6.991950000e+1,,,
-2.015625000e+0,-5.615625000e-2,4.119687500e+1,-6.986175000e+1,,,
4.015625000e+0,-5.596875000e-2,4.120312500e+1,-6.787200000e+1,,,
4.000000000e+0,-5.206250000e-2,4.199687500e+1,-7.056000000e+1,,,
6.000000000e+0,-4.800000000e-2,4.160000000e+1,-6.787200000e+1,,,
6.000000000e+0,-5.200000000e-2,4.200000000e+1,-6.988800000e+1,,,
6.000000000e+0,-4.803125000e-2,4.120000000e+1,-6.853350000e+1,,,
2.000000000e+0,-5.612500000e-2,4.120937500e+1,-6.787200000e+1,,,
3.984375000e+0,-5.590625000e-2,4.240000000e+1,-6.720000000e+1,,,
2.015625000e+0,-4.796875000e-2,4.160937500e+1,-6.787200000e+1,,,
3.953125000e+0,-4.806250000e-2,4.080937500e+1,-6.786675000e+1,,,
5.968750000e+0,-4.809375000e-2,4.079687500e+1,-6.921075000e+1,,,
1.937500000e+0,-6.000000000e-2,4.120000000e+1,-6.921600000e+1,,,
2.062500000e+0,-4.787500000e-2,4.040625000e+1,-6.854400000e+1,,,
6.062500000e+0,-5.221875000e-2,4.200625000e+1,-6.854925000e+1,,,
5.937500000e+0,-5.981250000e-2,4.120000000e+1,-6.720000000e+1,,,
2.015625000e+0,-3.993750000e-2,4.120000000e+1,-6.785625000e+1,,,
6.015625000e+0,-4.796875000e-2,4.119687500e+1,-6.921600000e+1,,,
4.687500000e-2,-4.400000000e-2,4.160937500e+1,-6.854400000e+1,,,
3.968750000e+0,-5.987500000e-2,4.040000000e+1,-6.854400000e+1,,,
6.031250000e+0,-5.987500000e-2,4.202500000e+1,-6.854925000e+1,,,
3.968750000e+0,-4.390625000e-2,4.199687500e+1,-6.988800000e+1,,,
8.031250000e+0,-4.403125000e-2,4.119687500e+1,-6.921600000e+1,,,
1.250000000e-1,-5.181250000e-2,4.160625000e+1,-6.720000000e+1,,,
2.093750000e+0,-5.606250000e-2,4.040000000e+1,-6.921075000e+1,,,
6.031250000e+0,-3.993750000e-2,4.080000000e+1,-6.919500000e+1,,,
6.031250000e+0,-4.012500000e-2,4.079687500e+1,-6.720000000e+1,,,
7.953125000e+0,-4.812500000e-2,4.120625000e+1,-6.854925000e+1,,,
-1.562500000e-2,-5.203125000e-2,4.240000000e+1,-6.652800000e+1,,,
4.000000000e+0,-4.787500000e-2,4.159687500e+1,-6.787200000e+1,,,
2.000000000e+0,-3.606250000e-2,4.196562500e+1,-6.652800000e+1,,,
8.046875000e+0,-4.818750000e-2,4.200937500e+1,-6.854400000e+1,,,
1.000000000e+1,-5.993750000e-2,4.080625000e+1,-6.854400000e+1,,,
6.000000000e+0,-4.787500000e-2,4.199687500e+1,-6.855975000e+1,,,
2.000000000e+0,-5.209375000e-2,4.000000000e+1,-6.720000000e+1,,,
6.000000000e+0,-5.203125000e-2,4.161250000e+1,-6.854400000e+1,,,
6.046875000e+0,-5.606250000e-2,4.122187500e+1,-6.920025000e+1,,,
1.984375000e+0,-5.600000000e-2,4.119687500e+1,-6.921600000e+1,,,
2.015625000e+0,-4.803125000e-2,4.160000000e+1,-6.721050000e+1,,,
6.062500000e+0,-6.009375000e-2,4.160625000e+1,-6.989325000e+1,,,
9.984375000e+0,-5.990625000e-2,4.200000000e+1,-6.783000000e+1,,,
8.031250000e+0,-5.596875000e-2,4.117500000e+1,-6.790875000e+1,,,
1.198437500e+1,-5.603125000e-2,4.080312500e+1,-6.988800000e+1,,,
4.000000000e+0,-5.609375000e-2,4.119687500e+1,-6.854925000e+1,,,
6.015625000e+0,-5.203125000e-2,4.080000000e+1,-6.853875000e+1,,,
1.000000000e+1,-6.406250000e-2,4.080312500e+1,-6.720000000e+1,,,
6.046875000e+0,-5.578125000e-2,4.159687500e+1,-6.853875000e+1,,,
5.984375000e+0,-4.809375000e-2,4.160000000e+1,-6.854925000e+1,,,
1.007812500e+1,-6.415625000e-2,4.160000000e+1,-6.989325000e+1,,,
1.984375000e+0,-6.800000000e-2,4.160000000e+1,-6.721050000e+1,,,
1.010937500e+1,-5.993750000e-2,4.158125000e+1,-6.855975000e+1,,,
3.843750000e+0,-5.200000000e-2,4.200625000e+1,-6.854400000e+1,,,
2.031250000e+0,-4.787500000e-2,4.000312500e+1,-6.854925000e+1,,,
8.109375000e+0,-4.412500000e-2,4.120000000e+1,-6.787200000e+1,,,
7.859375000e+0,-6.025000000e-2,4.199687500e+1,-6.787725000e+1,,,
-4.687500000e-2,-5.990625000e-2,4.160000000e+1,-6.719475000e+1,,,
4.109375000e+0,-5.600000000e-2,4.161250000e+1,-6.918450000e+1,,,
7.984375000e+0,-5.200000000e-2,4.079687500e+1,-6.988800000e+1,,,
4.109375000e+0,-5.600000000e-2,4.080000000e+1,-6.788250000e+1,,,
-2.000000000e+0,-5.203125000e-2,4.120000000e+1,-6.790350000e+1,,,
1.968750000e+0,-6.006250000e-2,4.120625000e+1,-6.989850000e+1,,,
4.000000000e+0,-5.596875000e-2,4.159687500e+1,-6.854400000e+1,,,
4.015625000e+0,-5.593750000e-2,4.080312500e+1,-6.720000000e+1,,,
3.937500000e+0,-5.181250000e-2,4.081250000e+1,-6.921600000e+1,,,
7.984375000e+0,-6.400000000e-2,4.040000000e+1,-6.721050000e+1,,,
6.031250000e+0,-5.196875000e-2,4.120000000e+1,-6.787200000e+1,,,
1.201562500e+1,-6.000000000e-2,4.039687500e+1,-6.719475000e+1,,,
5.968750000e+0,-4.790625000e-2,4.040937500e+1,-6.720000000e+1,,,
4.000000000e+0,-5.206250000e-2,4.159375000e+1,-6.787200000e+1,,,
8.000000000e+0,-5.200000000e-2,4.121250000e+1,-6.854400000e+1,,,
5.984375000e+0,-5.593750000e-2,4.080625000e+1,-6.787725000e+1,,,
5.984375000e+0,-4.796875000e-2,4.039687500e+1,-6.853875000e+1,,,
2.000000000e+0,-5.625000000e-2,4.119375000e+1,-6.921600000e+1,,,
8.000000000e+0,-5.965625000e-2,4.159687500e+1,-6.921600000e+1,,,
4.000000000e+0,-4.406250000e-2,4.119687500e+1,-6.922125000e+1,,,
5.984375000e+0,-6.440625000e-2,4.120000000e+1,-6.854400000e+1,,,
2.000000000e+0,-6.000000000e-2,4.200937500e+1,-6.858075000e+1,,,
6.000000000e+0,-4.796875000e-2,4.120000000e+1,-6.651750000e+1,,,
2.000000000e+0,-5.606250000e-2,4.200312500e+1,-6.991425000e+1,,,
6.046875000e+0,-6.393750000e-2,4.038437500e+1,-6.851250000e+1,,,
7.968750000e+0,-4.784375000e-2,4.122500000e+1,-6.652800000e+1,,,
3.968750000e+0,-5.215625000e-2,4.200312500e+1,-6.787725000e+1,,,
4.000000000e+0,-5.196875000e-2,4.200000000e+1,-6.720000000e+1,,,
3.953125000e+0,-4.031250000e-2,4.120000000e+1,-6.854400000e+1,,,
6.031250000e+0,-4.371875000e-2,4.200000000e+1,-6.789300000e+1,,,
2.046875000e+0,-5.990625000e-2,4.120625000e+1,-6.720000000e+1,,,
3.812500000e+0,-5.618750000e-2,4.000937500e+1,-6.855450000e+1,,,
1.004687500e+1,-5.190625000e-2,4.200312500e+1,-6.989325000e+1,,,
4.062500000e+0,-6.406250000e-2,4.120000000e+1,-6.854400000e+1,,,
6.000000000e+0,-5.206250000e-2,4.199687500e+1,-6.787725000e+1,,,
1.984375000e+0,-6.390625000e-2,4.041250000e+1,-6.719475000e+1,,,
4.000000000e+0,-6.000000000e-2,4.038437500e+1,-6.787725000e+1,,,
4.000000000e+0,-6.800000000e-2,4.159375000e+1,-6.652800000e+1,,,
5.984375000e+0,-6.009375000e-2,4.080312500e+1,-6.786675000e+1,,,
2.000000000e+0,-4.800000000e-2,4.240000000e+1,-6.787200000e+1,,,
6.000000000e+0,-5.600000000e-2,4.120625000e+1,-6.854400000e+1,,,
2.000000000e+0,-6.400000000e-2,4.197187500e+1,-6.853350000e+1,,,
5.953125000e+0,-6.393750000e-2,4.160312500e+1,-6.854400000e+1,,,
4.015625000e+0,-7.200000000e-2,4.120000000e+1,-6.721050000e+1,,,
4.000000000e+0,-6.796875000e-2,4.120625000e+1,-6.923700000e+1,,,
4.046875000e+0,-7.206250000e-2,4.117812500e+1,-6.853875000e+1,,,
-4.687500000e-2,-5.600000000e-2,4.081562500e+1,-6.786675000e+1,,,
9.890625000e+0,-7.168750000e-2,4.240000000e+1,-6.720000000e+1,,,
1.198437500e+1,-6.825000000e-2,4.079375000e+1,-6.787200000e+1,,,
1.198437500e+1,-5.996875000e-2,4.120000000e+1,-6.787200000e+1,,,
9.984375000e+0,-6.800000000e-2,4.120312500e+1,-6.854400000e+1,,,
7.984375000e+0,-6.400000000e-2,4.160312500e+1,-6.854400000e+1,,,
3.984375000e+0,-6.000000000e-2,4.160000000e+1,-6.921075000e+1,,,
4.000000000e+0,-6.396875000e-2,4.120000000e+1,-6.786675000e+1,,,
4.000000000e+0,-6.021875000e-2,4.159062500e+1,-6.853875000e+1,,,
0.000000000e+0,-5.603125000e-2,4.160000000e+1,-6.854400000e+1,,,
3.968750000e+0,-5.600000000e-2,4.159687500e+1,-6.853875000e+1,,,
5.984375000e+0,-6.000000000e-2,4.120000000e+1,-6.719475000e+1,,,
6.000000000e+0,-5.603125000e-2,4.160000000e+1,-6.988800000e+1,,,
8.000000000e+0,-5.596875000e-2,4.160312500e+1,-6.719475000e+1,,,
5.984375000e+0,-4.800000000e-2,4.200000000e+1,-6.853350000e+1,,,
8.000000000e+0,-6.390625000e-2,4.121562500e+1,-6.787725000e+1,,,
2.031250000e+0,-5.603125000e-2,4.080625000e+1,-6.987750000e+1,,,
-3.125000000e-2,-6.409375000e-2,4.201250000e+1,-6.720000000e+1,,,
-4.000000000e+0,-5.200000000e-2,4.159062500e+1,-6.923700000e+1,,,
2.031250000e+0,-7.196875000e-2,4.119687500e+1,-6.850200000e+1,,,
3.984375000e+0,-6.409375000e-2,4.161250000e+1,-6.719475000e+1,,,
6.000000000e+0,-6.412500000e-2,4.240625000e+1,-6.987750000e+1,,,
-4.015625000e+0,-5.593750000e-2,4.200000000e+1,-6.853875000e+1,,,
1.953125000e+0,-6.796875000e-2,4.279687500e+1,-6.787200000e+1,,,
7.984375000e+0,-6.003125000e-2,4.119375000e+1,-6.720000000e+1,,,
8.015625000e+0,-6.400000000e-2,4.160000000e+1,-6.854400000e+1,,,
4.015625000e+0,-6.000000000e-2,4.159062500e+1,-6.720000000e+1,,,
5.968750000e+0,-7.200000000e-2,4.120000000e+1,-6.720000000e+1,,,
5.968750000e+0,-7.606250000e-2,4.157812500e+1,-6.852825000e+1,,,
7.968750000e+0,-7.200000000e-2,4.160000000e+1,-6.921075000e+1,,,
1.921875000e+0,-6.396875000e-2,4.080625000e+1,-6.653325000e+1,,,
0.000000000e+0,-6.393750000e-2,4.159687500e+1,-6.855975000e+1,,,
2.078125000e+0,-4.800000000e-2,4.000312500e+1,-6.787200000e+1,,,
8.015625000e+0,-6.409375000e-2,4.200625000e+1,-6.854400000e+1,,,
3.937500000e+0,-6.806250000e-2,4.120312500e+1,-6.854400000e+1,,,
1.968750000e+0,-6.803125000e-2,4.200000000e+1,-6.853875000e+1,,,
3.984375000e+0,-6.800000000e-2,4.119062500e+1,-6.787725000e+1,,,
2.000000000e+0,-7.196875000e-2,4.080000000e+1,-6.922125000e+1,,,
1.984375000e+0,-7.203125000e-2,4.120625000e+1,-6.852300000e+1,,,
5.968750000e+0,-6.396875000e-2,4.119375000e+1,-6.854925000e+1,,,
7.984375000e+0,-5.993750000e-2,4.080000000e+1,-6.921600000e+1,,,
6.140625000e+0,-7.993750000e-2,4.115937500e+1,-6.921075000e+1,,,
-2.015625000e+0,-6.406250000e-2,4.239375000e+1,-6.787200000e+1,,,
4.015625000e+0,-6.400000000e-2,4.079375000e+1,-6.854400000e+1,,,
3.968750000e+0,-6.400000000e-2,4.120000000e+1,-6.788250000e+1,,,
4.000000000e+0,-5.600000000e-2,4.200000000e+1,-6.988800000e+1,,,
4.000000000e+0,-6.400000000e-2,4.160000000e+1,-6.855450000e+1,,,
4.000000000e+0,-6.800000000e-2,4.160000000e+1,-6.719475000e+1,,,
6.000000000e+0,-7.200000000e-2,4.120000000e+1,-6.720000000e+1,,,
6.015625000e+0,-6.809375000e-2,4.159375000e+1,-6.921075000e+1,,,
2.015625000e+0,-6.000000000e-2,4.160000000e+1,-6.854400000e+1,,,
2.000000000e+0,-6.803125000e-2,4.119687500e+1,-6.854400000e+1,,,
-3.125000000e-2,-5.590625000e-2,4.120000000e+1,-6.921600000e+1,,,
7.968750000e+0,-5.603125000e-2,4.160000000e+1,-6.788250000e+1,,,
6.015625000e+0,-6.003125000e-2,4.119375000e+1,-6.718425000e+1,,,
8.000000000e+0,-5.603125000e-2,4.200000000e+1,-6.854400000e+1,,,
4.000000000e+0,-6.000000000e-2,4.160000000e+1,-6.717375000e+1,,,
6.000000000e+0,-6.000000000e-2,4.162812500e+1,-6.727350000e+1,,,
3.984375000e+0,-6.803125000e-2,4.279375000e+1,-7.056525000e+1,,,
6.000000000e+0,-6.396875000e-2,4.159375000e+1,-6.851775000e+1,,,
6.015625000e+0,-6.000000000e-2,4.200000000e+1,-6.854925000e+1,,,
1.000000000e+1,-6.790625000e-2,4.120312500e+1,-6.853350000e+1,,,
6.015625000e+0,-6.409375000e-2,4.199375000e+1,-6.922650000e+1,,,
4.000000000e+0,-6.000000000e-2,4.199375000e+1,-6.787200000e+1,,,
4.031250000e+0,-6.403125000e-2,4.200000000e+1,-6.921600000e+1,,,
1.953125000e+0,-6.800000000e-2,4.240000000e+1,-6.855450000e+1,,,
7.937500000e+0,-8.003125000e-2,4.160000000e+1,-6.854400000e+1,,,
6.078125000e+0,-6.403125000e-2,4.161250000e+1,-6.856500000e+1,,,
3.968750000e+0,-8.000000000e-2,4.001250000e+1,-6.653325000e+1,,,
4.031250000e+0,-7.600000000e-2,4.080312500e+1,-6.788250000e+1,,,
6.015625000e+0,-6.803125000e-2,4.120937500e+1,-6.854400000e+1,,,
3.906250000e+0,-7.203125000e-2,4.240000000e+1,-6.854400000e+1,,,
-2.031250000e+0,-7.203125000e-2,4.079375000e+1,-6.854400000e+1,,,
2.062500000e+0,-7.606250000e-2,4.120625000e+1,-6.787725000e+1,,,
3.953125000e+0,-7.215625000e-2,4.119375000e+1,-6.721050000e+1,,,
3.906250000e+0,-6.006250000e-2,4.160000000e+1,-6.720525000e+1,,,
1.201562500e+1,-6.396875000e-2,4.120000000e+1,-6.787200000e+1,,,
2.093750000e+0,-7.203125000e-2,4.200312500e+1,-6.787200000e+1,,,
3.953125000e+0,-6.800000000e-2,4.158750000e+1,-6.788775000e+1,,,
4.015625000e+0,-7.200000000e-2,4.121250000e+1,-6.921600000e+1,,,
3.937500000e+0,-7.206250000e-2,4.279375000e+1,-6.788250000e+1,,,
8.015625000e+0,-6.793750000e-2,4.240625000e+1,-6.854925000e+1,,,
5.984375000e+0,-7.600000000e-2,4.159375000e+1,-6.854400000e+1,,,
5.968750000e+0,-6.800000000e-2,4.080937500e+1,-6.652800000e+1,,,
2.000000000e+0,-5.603125000e-2,4.200000000e+1,-6.721050000e+1,,,
6.015625000e+0,-7.206250000e-2,4.038125000e+1,-6.922125000e+1,,,
6.000000000e+0,-6.800000000e-2,4.080000000e+1,-6.787200000e+1,,,
1.984375000e+0,-6.396875000e-2,4.161250000e+1,-6.787200000e+1,,,
4.015625000e+0,-7.600000000e-2,4.080000000e+1,-6.854925000e+1,,,
4.000000000e+0,-7.996875000e-2,4.160000000e+1,-6.854400000e+1,,,
3.984375000e+0,-6.400000000e-2,4.080000000e+1,-6.921600000e+1,,,
5.984375000e+0,-8.012500000e-2,4.120312500e+1,-6.921075000e+1,,,
2.000000000e+0,-7.587500000e-2,4.119687500e+1,-6.787200000e+1,,,
6.000000000e+0,-7.609375000e-2,4.120000000e+1,-6.787725000e+1,,,
0.000000000e+0,-8.390625000e-2,4.121562500e+1,-6.719475000e+1,,,
4.000000000e+0,-8.003125000e-2,4.121562500e+1,-6.853875000e+1,,,
0.000000000e+0,-7.600000000e-2,4.239687500e+1,-6.854400000e+1,,,
4.062500000e+0,-8.000000000e-2,4.078125000e+1,-6.854925000e+1,,,
5.984375000e+0,-7.596875000e-2,4.082187500e+1,-6.854400000e+1,,,
3.984375000e+0,-7.600000000e-2,4.119687500e+1,-6.854400000e+1,,,
2.000000000e+0,-7.203125000e-2,4.079687500e+1,-6.854400000e+1,,,
4.000000000e+0,-7.200000000e-2,4.160312500e+1,-6.854400000e+1,,,
4.000000000e+0,-7.606250000e-2,4.160000000e+1,-6.922125000e+1,,,
4.000000000e+0,-8.403125000e-2,4.160000000e+1,-6.786150000e+1,,,
2.000000000e+0,-7.993750000e-2,4.119375000e+1,-6.787200000e+1,,,
3.921875000e+0,-7.590625000e-2,4.120312500e+1,-6.854400000e+1,,,
6.062500000e+0,-7.203125000e-2,4.200937500e+1,-6.854400000e+1,,,
-1.984375000e+0,-8.387500000e-2,4.001875000e+1,-6.854400000e+1,,,
2.046875000e+0,-7.178125000e-2,4.119062500e+1,-6.853875000e+1,,,
-4.687500000e-2,-5.609375000e-2,4.199687500e+1,-6.988800000e+1,,,
7.812500000e-2,-7.212500000e-2,4.158125000e+1,-6.787200000e+1,,,
4.015625000e+0,-6.393750000e-2,4.040312500e+1,-6.921600000e+1,,,
1.984375000e+0,-6.803125000e-2,4.120000000e+1,-6.787200000e+1,,,
4.000000000e+0,-6.396875000e-2,4.040000000e+1,-6.854925000e+1,,,
2.015625000e+0,-6.796875000e-2,4.119687500e+1,-6.786675000e+1,,,
3.921875000e+0,-7.200000000e-2,4.120937500e+1,-6.988800000e+1,,,
6.000000000e+0,-7.206250000e-2,4.080312500e+1,-6.785625000e+1,,,
2.015625000e+0,-6.806250000e-2,4.200937500e+1,-6.855450000e+1,,,
1.984375000e+0,-7.600000000e-2,4.159687500e+1,-6.988800000e+1,,,
2.031250000e+0,-6.800000000e-2,4.160000000e+1,-6.988800000e+1,,,
1.890625000e+0,-7.184375000e-2,4.201562500e+1,-6.853875000e+1,,,
1.007812500e+1,-7.603125000e-2,4.040000000e+1,-6.988800000e+1,,,
5.796875000e+0,-6.393750000e-2,4.080000000e+1,-6.853875000e+1,,,
-1.984375000e+0,-6.015625000e-2,4.161562500e+1,-6.921600000e+1,,,
4.000000000e+0,-7.612500000e-2,4.239687500e+1,-6.855450000e+1,,,
-2.000000000e+0,-7.600000000e-2,4.080000000e+1,-6.652275000e+1,,,
6.031250000e+0,-8.000000000e-2,4.200312500e+1,-6.720525000e+1,,,
6.000000000e+0,-7.593750000e-2,4.166250000e+1,-6.784575000e+1,,,
7.984375000e+0,-7.996875000e-2,4.039687500e+1,-6.988800000e+1,,,
4.000000000e+0,-7.615625000e-2,4.160625000e+1,-6.787200000e+1,,,
6.000000000e+0,-9.209375000e-2,4.119687500e+1,-6.985650000e+1,,,
6.000000000e+0,-8.393750000e-2,4.120000000e+1,-6.988800000e+1,,,
8.000000000e+0,-8.790625000e-2,4.081250000e+1,-6.720000000e+1,,,
-1.937500000e+0,-7.606250000e-2,4.240625000e+1,-6.915825000e+1,,,
2.015625000e+0,-8.400000000e-2,4.041250000e+1,-6.988800000e+1,,,
4.031250000e+0,-6.393750000e-2,4.080625000e+1,-6.786150000e+1,,,
7.937500000e+0,-6.818750000e-2,4.080625000e+1,-6.787200000e+1,,,
-6.250000000e-2,-8.409375000e-2,4.160312500e+1,-6.788775000e+1,,,
4.078125000e+0,-7.587500000e-2,4.158750000e+1,-6.852825000e+1,,,
4.000000000e+0,-7.609375000e-2,4.120000000e+1,-6.720000000e+1,,,
4.000000000e+0,-8.009375000e-2,4.158125000e+1,-6.921600000e+1,,,
1.001562500e+1,-6.800000000e-2,4.160000000e+1,-6.787200000e+1,,,
1.001562500e+1,-7.609375000e-2,4.079375000e+1,-6.853350000e+1,,,
4.000000000e+0,-7.593750000e-2,4.079687500e+1,-6.921600000e+1,,,
7.984375000e+0,-7.200000000e-2,4.159687500e+1,-6.921600000e+1,,,
6.093750000e+0,-7.609375000e-2,4.159687500e+1,-6.921075000e+1,,,
2.000000000e+0,-8.000000000e-2,4.119687500e+1,-6.922650000e+1,,,
6.093750000e+0,-7.190625000e-2,4.159375000e+1,-6.787200000e+1,,,
7.984375000e+0,-6.806250000e-2,4.120000000e+1,-6.854400000e+1,,,
5.984375000e+0,-7.606250000e-2,4.119687500e+1,-6.787200000e+1,,,
3.953125000e+0,-7.190625000e-2,4.200000000e+1,-6.921600000e+1,,,
1.968750000e+0,-7.221875000e-2,4.119375000e+1,-6.921600000e+1,,,
2.031250000e+0,-8.415625000e-2,4.159687500e+1,-6.923700000e+1,,,
3.984375000e+0,-8.000000000e-2,4.162812500e+1,-6.720525000e+1,,,
2.000000000e+0,-7.200000000e-2,4.039687500e+1,-6.854400000e+1,,,
3.968750000e+0,-7.600000000e-2,4.080000000e+1,-6.787200000e+1,,,
4.000000000e+0,-7.603125000e-2,4.280000000e+1,-6.923700000e+1,,,
4.000000000e+0,-8.003125000e-2,4.077500000e+1,-6.921075000e+1,,,
3.953125000e+0,-7.590625000e-2,4.120312500e+1,-6.787200000e+1,,,
6.062500000e+0,-7.206250000e-2,4.079687500e+1,-6.720000000e+1,,,
-1.921875000e+0,-8.365625000e-2,4.163437500e+1,-6.854925000e+1,,,
2.140625000e+0,-9.193750000e-2,4.000000000e+1,-6.720000000e+1,,,
7.953125000e+0,-7.990625000e-2,4.159375000e+1,-6.921600000e+1,,,
-3.125000000e-2,-7.996875000e-2,4.119687500e+1,-6.786150000e+1,,,
4.000000000e+0,-7.603125000e-2,4.080312500e+1,-6.853875000e+1,,,
0.000000000e+0,-8.415625000e-2,4.198437500e+1,-6.921600000e+1,,,
4.015625000e+0,-8.803125000e-2,4.203125000e+1,-6.989325000e+1,,,
6.000000000e+0,-8.000000000e-2,4.000625000e+1,-6.990375000e+1,,,
5.984375000e+0,-8.400000000e-2,4.118437500e+1,-6.787200000e+1,,,
4.000000000e+0,-7.587500000e-2,4.120000000e+1,-6.921600000e+1,,,
4.000000000e+0,-7.621875000e-2,4.080000000e+1,-6.854925000e+1,,,
4.000000000e+0,-8.393750000e-2,4.120000000e+1,-6.853875000e+1,,,
3.984375000e+0,-7.171875000e-2,4.120000000e+1,-6.854400000e+1,,,
1.984375000e+0,-7.200000000e-2,4.160937500e+1,-6.787200000e+1,,,
5.984375000e+0,-8.000000000e-2,4.080000000e+1,-6.853875000e+1,,,
4.000000000e+0,-7.196875000e-2,4.119687500e+1,-6.854925000e+1,,,
5.984375000e+0,-7.206250000e-2,4.120312500e+1,-6.852825000e+1,,,
4.015625000e+0,-8.006250000e-2,4.160000000e+1,-6.720000000e+1,,,
8.015625000e+0,-8.012500000e-2,4.160312500e+1,-6.989325000e+1,,,
3.953125000e+0,-8.800000000e-2,4.240000000e+1,-6.787200000e+1,,,
2.015625000e+0,-7.625000000e-2,4.200312500e+1,-6.854400000e+1,,,
1.968750000e+0,-7.993750000e-2,4.160000000e+1,-6.721050000e+1,,,
3.953125000e+0,-7.993750000e-2,4.160000000e+1,-6.787200000e+1,,,
6.000000000e+0,-8.409375000e-2,4.120312500e+1,-6.787200000e+1,,,
4.062500000e+0,-7.203125000e-2,4.200000000e+1,-6.720000000e+1,,,
3.906250000e+0,-7.990625000e-2,4.161250000e+1,-6.787200000e+1,,,
6.062500000e+0,-7.609375000e-2,4.118437500e+1,-6.789300000e+1,,,
1.984375000e+0,-7.996875000e-2,4.199687500e+1,-6.585075000e+1,,,
6.015625000e+0,-7.606250000e-2,4.120312500e+1,-6.853350000e+1,,,
6.000000000e+0,-7.200000000e-2,4.119687500e+1,-6.854400000e+1,,,
5.984375000e+0,-7.596875000e-2,4.080000000e+1,-6.988800000e+1,,,
3.984375000e+0,-8.400000000e-2,4.160000000e+1,-6.854400000e+1,,,
1.984375000e+0,-8.400000000e-2,4.160000000e+1,-6.652800000e+1,,,
2.000000000e+0,-7.962500000e-2,4.198750000e+1,-6.778275000e+1,,,
7.953125000e+0,-9.206250000e-2,4.200000000e+1,-6.988800000e+1,,,
6.031250000e+0,-8.000000000e-2,4.159375000e+1,-6.652275000e+1,,,
6.000000000e+0,-9.593750000e-2,4.078750000e+1,-6.924225000e+1,,,
6.031250000e+0,-9.200000000e-2,4.121875000e+1,-6.786675000e+1,,,
3.937500000e+0,-9.596875000e-2,4.200312500e+1,-6.788250000e+1,,,
1.003125000e+1,-8.828125000e-2,4.160312500e+1,-6.854400000e+1,,,
1.968750000e+0,-7.618750000e-2,4.119687500e+1,-6.854400000e+1,,,
8.062500000e+0,-7.587500000e-2,4.080000000e+1,-6.855450000e+1,,,
5.984375000e+0,-9.593750000e-2,4.121250000e+1,-6.921075000e+1,,,
3.984375000e+0,-9.200000000e-2,4.159375000e+1,-6.720000000e+1,,,
4.000000000e+0,-6.800000000e-2,4.120000000e+1,-6.721050000e+1,,,
6.015625000e+0,-7.581250000e-2,4.200000000e+1,-6.788250000e+1,,,
0.000000000e+0,-8.803125000e-2,4.122500000e+1,-6.788250000e+1,,,
2.000000000e+0,-8.009375000e-2,4.119062500e+1,-6.652800000e+1,,,
-1.562500000e-2,-8.000000000e-2,4.200625000e+1,-6.720525000e+1,,,
3.984375000e+0,-8.400000000e-2,4.116875000e+1,-6.786675000e+1,,,
4.000000000e+0,-7.603125000e-2,3.960000000e+1,-6.854400000e+1,,,
2.015625000e+0,-8.003125000e-2,4.161562500e+1,-6.854400000e+1,,,
-4.687500000e-2,-8.000000000e-2,4.160000000e+1,-6.855450000e+1,,,
6.000000000e+0,-8.003125000e-2,4.120937500e+1,-6.787200000e+1,,,
4.000000000e+0,-7.993750000e-2,4.080625000e+1,-6.787725000e+1,,,
4.000000000e+0,-8.400000000e-2,4.200000000e+1,-6.787200000e+1,,,
4.000000000e+0,-8.000000000e-2,4.119687500e+1,-6.787725000e+1,,,
4.000000000e+0,-8.003125000e-2,4.241250000e+1,-6.855975000e+1,,,
4.015625000e+0,-7.193750000e-2,4.199687500e+1,-6.854925000e+1,,,
0.000000000e+0,-8.790625000e-2,4.203125000e+1,-6.721050000e+1,,,
2.000000000e+0,-7.612500000e-2,4.080312500e+1,-6.652800000e+1,,,
2.000000000e+0,-8.387500000e-2,4.280312500e+1,-6.652800000e+1,,,
2.031250000e+0,-8.803125000e-2,4.079375000e+1,-6.787200000e+1,,,
-1.562500000e-2,-8.000000000e-2,4.120000000e+1,-6.922125000e+1,,,
5.984375000e+0,-7.600000000e-2,4.157812500e+1,-6.854400000e+1,,,
3.984375000e+0,-9.600000000e-2,4.000000000e+1,-6.854400000e+1,,,
9.937500000e+0,-8.843750000e-2,4.156562500e+1,-6.922125000e+1,,,
7.906250000e+0,-8.400000000e-2,4.120000000e+1,-6.786675000e+1,,,
1.984375000e+0,-8.406250000e-2,4.160625000e+1,-6.787725000e+1,,,
4.000000000e+0,-9.600000000e-2,4.159687500e+1,-6.720000000e+1,,,
-4.687500000e-2,-8.400000000e-2,4.079062500e+1,-6.787725000e+1,,,
2.062500000e+0,-9.200000000e-2,4.080937500e+1,-6.786675000e+1,,,
6.015625000e+0,-8.003125000e-2,4.160312500e+1,-6.921600000e+1,,,
4.109375000e+0,-9.184375000e-2,4.080000000e+1,-6.786675000e+1,,,
-2.062500000e+0,-9.206250000e-2,4.120625000e+1,-6.854925000e+1,,,
7.953125000e+0,-8.806250000e-2,4.160000000e+1,-6.854925000e+1,,,
8.015625000e+0,-8.400000000e-2,4.120000000e+1,-6.920550000e+1,,,
1.984375000e+0,-8.800000000e-2,4.160312500e+1,-6.787200000e+1,,,
7.984375000e+0,-8.403125000e-2,4.120000000e+1,-6.921600000e+1,,,
3.968750000e+0,-8.406250000e-2,4.080625000e+1,-6.921600000e+1,,,
1.001562500e+1,-8.000000000e-2,4.080312500e+1,-6.854400000e+1,,,
3.968750000e+0,-8.800000000e-2,4.120000000e+1,-6.854925000e+1,,,
2.046875000e+0,-9.600000000e-2,4.080000000e+1,-6.990375000e+1,,,
8.000000000e+0,-8.400000000e-2,4.160625000e+1,-6.989850000e+1,,,
4.015625000e+0,-9.200000000e-2,4.200000000e+1,-6.787725000e+1,,,
4.000000000e+0,-8.400000000e-2,4.200625000e+1,-6.854925000e+1,,,
4.000000000e+0,-9.200000000e-2,4.120312500e+1,-6.787200000e+1,,,
3.984375000e+0,-8.403125000e-2,4.159375000e+1,-6.854925000e+1,,,
6.000000000e+0,-8.800000000e-2,4.160000000e+1,-6.787200000e+1,,,
2.015625000e+0,-8.406250000e-2,4.158750000e+1,-6.921600000e+1,,,
-7.812500000e-2,-7.609375000e-2,4.040000000e+1,-6.855450000e+1,,,
8.000000000e+0,-9.606250000e-2,4.199687500e+1,-6.921075000e+1,,,
1.562500000e-2,-8.812500000e-2,4.121562500e+1,-6.990900000e+1,,,
5.984375000e+0,-8.403125000e-2,4.160000000e+1,-6.787200000e+1,,,
2.000000000e+0,-8.396875000e-2,4.160000000e+1,-6.787725000e+1,,,
3.968750000e+0,-9.200000000e-2,4.160937500e+1,-6.788250000e+1,,,
2.062500000e+0,-9.596875000e-2,4.241562500e+1,-6.854400000e+1,,,
1.401562500e+1,-8.400000000e-2,4.198437500e+1,-6.787200000e+1,,,
5.921875000e+0,-9.200000000e-2,4.039375000e+1,-6.855450000e+1,,,
6.000000000e+0,-8.821875000e-2,4.113437500e+1,-6.855450000e+1,,,
6.015625000e+0,-8.403125000e-2,4.240000000e+1,-6.787200000e+1,,,
2.000000000e+0,-8.400000000e-2,4.199062500e+1,-6.854400000e+1,,,
3.953125000e+0,-8.803125000e-2,4.200312500e+1,-6.787200000e+1,,,
5.953125000e+0,-8.800000000e-2,4.280000000e+1,-6.855450000e+1,,,
8.046875000e+0,-1.000000000e-1,4.160000000e+1,-6.652800000e+1,,,
2.140625000e+0,-8.809375000e-2,4.039062500e+1,-6.784050000e+1,,,
4.687500000e-2,-9.200000000e-2,4.159062500e+1,-6.921600000e+1,,,
4.031250000e+0,-8.800000000e-2,4.079687500e+1,-6.853875000e+1,,,
1.953125000e+0,-9.603125000e-2,4.121562500e+1,-6.787200000e+1,,,
0.000000000e+0,-9.190625000e-2,4.200000000e+1,-6.921600000e+1,,,
2.015625000e+0,-8.809375000e-2,3.999687500e+1,-6.920025000e+1,,,
2.015625000e+0,-9.600000000e-2,4.121250000e+1,-6.720525000e+1,,,
6.031250000e+0,-8.409375000e-2,4.120000000e+1,-6.788250000e+1,,,
6.046875000e+0,-8.793750000e-2,4.199687500e+1,-6.653325000e+1,,,
2.000000000e+0,-8.800000000e-2,4.199375000e+1,-6.854400000e+1,,,
4.000000000e+0,-8.803125000e-2,4.119375000e+1,-6.787200000e+1,,,
1.968750000e+0,-9.603125000e-2,4.120625000e+1,-6.721050000e+1,,,
7.984375000e+0,-9.200000000e-2,4.200312500e+1,-6.787200000e+1,,,
4.015625000e+0,-9.603125000e-2,4.160312500e+1,-6.653325000e+1,,,
8.062500000e+0,-8.809375000e-2,4.119687500e+1,-6.855450000e+1,,,
7.921875000e+0,-9.196875000e-2,4.160000000e+1,-6.921600000e+1,,,
2.015625000e+0,-1.000000000e-1,4.119687500e+1,-6.854400000e+1,,,
1.004687500e+1,-9.196875000e-2,4.160000000e+1,-6.653325000e+1,,,
7.984375000e+0,-9.200000000e-2,4.160937500e+1,-6.922125000e+1,,,
6.000000000e+0,-8.800000000e-2,4.240000000e+1,-6.787200000e+1,,,
3.984375000e+0,-1.038750000e-1,4.123750000e+1,-6.921600000e+1,,,
4.000000000e+0,-9.600000000e-2,4.040000000e+1,-6.786675000e+1,,,
4.000000000e+0,-9.200000000e-2,4.080000000e+1,-6.719475000e+1,,,
3.984375000e+0,-9.606250000e-2,4.239687500e+1,-6.853875000e+1,,,
6.000000000e+0,-9.596875000e-2,4.158750000e+1,-6.854925000e+1,,,
4.000000000e+0,-9.609375000e-2,4.120000000e+1,-6.921600000e+1,,,
5.984375000e+0,-9.987500000e-2,4.120312500e+1,-6.989325000e+1,,,
6.062500000e+0,-8.787500000e-2,4.079375000e+1,-6.792975000e+1,,,
-2.000000000e+0,-1.039687500e-1,4.161562500e+1,-6.652800000e+1,,,
4.000000000e+0,-9.600000000e-2,4.199062500e+1,-6.855450000e+1,,,
-4.687500000e-2,-1.039687500e-1,4.079062500e+1,-6.921075000e+1,,,
2.031250000e+0,-8.390625000e-2,4.121875000e+1,-6.922125000e+1,,,
3.968750000e+0,-9.209375000e-2,4.119062500e+1,-6.921600000e+1,,,
4.015625000e+0,-8.806250000e-2,4.078750000e+1,-6.718950000e+1,,,
8.000000000e+0,-9.196875000e-2,4.199375000e+1,-6.652800000e+1,,,
4.000000000e+0,-9.603125000e-2,4.040000000e+1,-6.853875000e+1,,,
4.000000000e+0,-9.600000000e-2,4.160000000e+1,-6.787725000e+1,,,
4.000000000e+0,-9.603125000e-2,4.118437500e+1,-6.921600000e+1,,,
4.000000000e+0,-9.590625000e-2,4.040312500e+1,-6.653850000e+1,,,
3.968750000e+0,-8.803125000e-2,4.199062500e+1,-6.720000000e+1,,,
6.000000000e+0,-1.000937500e-1,4.122812500e+1,-6.719475000e+1,,,
3.968750000e+0,-8.803125000e-2,4.080000000e+1,-6.920550000e+1,,,
3.984375000e+0,-1.040312500e-1,4.080000000e+1,-6.987750000e+1,,,
1.968750000e+0,-9.190625000e-2,4.039687500e+1,-6.652275000e+1,,,
4.125000000e+0,-1.001562500e-1,4.080937500e+1,-6.787200000e+1,,,
9.968750000e+0,-9.981250000e-2,4.160000000e+1,-6.720000000e+1,,,
3.953125000e+0,-8.793750000e-2,4.080000000e+1,-6.718425000e+1,,,
7.890625000e+0,-9.187500000e-2,4.120000000e+1,-6.988275000e+1,,,
1.003125000e+1,-1.040000000e-1,4.040937500e+1,-6.854400000e+1,,,
6.015625000e+0,-9.612500000e-2,4.040625000e+1,-6.989325000e+1,,,
3.937500000e+0,-9.609375000e-2,4.203125000e+1,-6.786675000e+1,,,
1.000000000e+1,-1.039687500e-1,4.239062500e+1,-6.787200000e+1,,,
4.015625000e+0,-9.600000000e-2,3.999687500e+1,-6.854400000e+1,,,
7.968750000e+0,-1.038125000e-1,4.156250000e+1,-6.720525000e+1,,,
3.968750000e+0,-1.080312500e-1,4.200000000e+1,-6.853875000e+1,,,
6.000000000e+0,-9.993750000e-2,4.080000000e+1,-6.854925000e+1,,,
3.984375000e+0,-9.206250000e-2,4.122500000e+1,-6.921600000e+1,,,
6.031250000e+0,-1.000937500e-1,4.280000000e+1,-6.788250000e+1,,,
7.984375000e+0,-9.584375000e-2,4.120000000e+1,-6.721050000e+1,,,
3.984375000e+0,-8.800000000e-2,4.159687500e+1,-6.787200000e+1,,,
6.000000000e+0,-9.587500000e-2,4.084375000e+1,-6.651225000e+1,,,
5.984375000e+0,-1.000625000e-1,4.039375000e+1,-6.988800000e+1,,,
2.000000000e+0,-1.038750000e-1,4.120625000e+1,-6.921600000e+1,,,
0.000000000e+0,-9.187500000e-2,4.079375000e+1,-6.921075000e+1,,,
4.000000000e+0,-9.615625000e-2,4.000000000e+1,-6.921600000e+1,,,
2.000000000e+0,-1.000312500e-1,4.080312500e+1,-6.854400000e+1,,,
3.984375000e+0,-1.000000000e-1,4.079687500e+1,-6.854925000e+1,,,
1.984375000e+0,-1.040000000e-1,4.120000000e+1,-6.787200000e+1,,,
4.687500000e-2,-1.079687500e-1,4.080312500e+1,-6.788250000e+1,,,
8.000000000e+0,-9.593750000e-2,4.118437500e+1,-6.922125000e+1,,,
1.953125000e+0,-9.603125000e-2,4.000625000e+1,-6.854400000e+1,,,
8.125000000e+0,-9.609375000e-2,4.202187500e+1,-6.922125000e+1,,,
9.984375000e+0,-1.040312500e-1,4.077812500e+1,-6.854925000e+1,,,
6.000000000e+0,-1.001250000e-1,4.038750000e+1,-6.787200000e+1,,,
2.000000000e+0,-9.603125000e-2,4.080000000e+1,-6.854400000e+1,,,
8.000000000e+0,-1.040312500e-1,4.159687500e+1,-6.788250000e+1,,,
1.953125000e+0,-9.590625000e-2,4.119687500e+1,-6.787200000e+1,,,
1.200000000e+1,-9.600000000e-2,4.200000000e+1,-6.854400000e+1,,,
7.812500000e-2,-9.606250000e-2,4.079375000e+1,-6.787200000e+1,,,
7.890625000e+0,-1.040000000e-1,4.077500000e+1,-6.854400000e+1,,,
5.859375000e+0,-9.990625000e-2,4.200937500e+1,-6.786675000e+1,,,
1.921875000e+0,-9.203125000e-2,4.040312500e+1,-6.787200000e+1,,,
2.046875000e+0,-1.000625000e-1,4.079687500e+1,-6.785625000e+1,,,
1.009375000e+1,-9.596875000e-2,4.120000000e+1,-6.921600000e+1,,,
7.843750000e+0,-1.001250000e-1,4.160312500e+1,-6.787200000e+1,,,
-4.687500000e-2,-9.996875000e-2,4.199687500e+1,-6.988275000e+1,,,
2.062500000e+0,-1.000000000e-1,4.238125000e+1,-6.855975000e+1,,,
4.000000000e+0,-1.040000000e-1,4.199062500e+1,-6.921600000e+1,,,
4.031250000e+0,-1.040000000e-1,4.000000000e+1,-6.922125000e+1,,,
3.968750000e+0,-1.000000000e-1,4.080312500e+1,-6.787725000e+1,,,
1.198437500e+1,-1.040937500e-1,4.119375000e+1,-6.923175000e+1,,,
6.109375000e+0,-1.037812500e-1,4.079687500e+1,-6.854400000e+1,,,
1.984375000e+0,-9.206250000e-2,4.159375000e+1,-6.720000000e+1,,,
4.000000000e+0,-1.078125000e-1,4.204062500e+1,-6.921075000e+1,,,
2.015625000e+0,-1.039687500e-1,4.080000000e+1,-6.788775000e+1,,,
6.015625000e+0,-1.080312500e-1,4.199375000e+1,-6.854400000e+1,,,
4.000000000e+0,-1.039062500e-1,4.199687500e+1,-6.988275000e+1,,,
5.984375000e+0,-9.996875000e-2,4.119687500e+1,-6.854925000e+1,,,
2.000000000e+0,-1.000312500e-1,4.119687500e+1,-6.921600000e+1,,,
2.000000000e+0,-1.039687500e-1,4.080625000e+1,-6.786675000e+1,,,
4.015625000e+0,-1.078437500e-1,4.079375000e+1,-6.785100000e+1,,,
8.000000000e+0,-8.787500000e-2,4.120000000e+1,-6.988800000e+1,,,
4.000000000e+0,-9.612500000e-2,4.080000000e+1,-6.787200000e+1,,,
0.000000000e+0,-9.184375000e-2,4.081250000e+1,-6.786675000e+1,,,
4.000000000e+0,-9.209375000e-2,4.200000000e+1,-6.920550000e+1,,,
8.000000000e+0,-9.193750000e-2,4.120000000e+1,-6.921600000e+1,,,
3.968750000e+0,-9.200000000e-2,4.120000000e+1,-6.721575000e+1,,,
1.400000000e+1,-1.000000000e-1,4.080000000e+1,-6.786675000e+1,,,
4.000000000e+0,-9.600000000e-2,4.080000000e+1,-6.787725000e+1,,,
4.078125000e+0,-1.000625000e-1,4.081250000e+1,-6.853875000e+1,,,
7.984375000e+0,-9.990625000e-2,4.201562500e+1,-6.720000000e+1,,,
1.953125000e+0,-9.606250000e-2,4.199687500e+1,-6.854400000e+1,,,
4.046875000e+0,-1.040000000e-1,4.120000000e+1,-6.585600000e+1,,,
7.984375000e+0,-1.000000000e-1,4.080000000e+1,-6.585600000e+1,,,
6.031250000e+0,-1.040625000e-1,4.080000000e+1,-6.923700000e+1,,,
6.031250000e+0,-9.600000000e-2,4.159687500e+1,-6.518400000e+1,,,
5.781250000e+0,-1.039687500e-1,4.119687500e+1,-6.855975000e+1,,,
1.606250000e+1,-1.000312500e-1,4.160000000e+1,-6.924225000e+1,,,
4.171875000e+0,-1.039687500e-1,4.119375000e+1,-6.652800000e+1,,,
7.875000000e+0,-1.001875000e-1,4.199687500e+1,-6.787200000e+1,,,
5.968750000e+0,-9.612500000e-2,4.120312500e+1,-6.587175000e+1,,,
8.015625000e+0,-9.203125000e-2,4.159375000e+1,-6.719475000e+1,,,
1.000000000e+1,-9.993750000e-2,4.159687500e+1,-6.787200000e+1,,,
7.984375000e+0,-1.119687500e-1,4.120000000e+1,-6.787200000e+1,,,
5.953125000e+0,-1.080000000e-1,4.120000000e+1,-6.787200000e+1,,,
2.000000000e+0,-9.600000000e-2,4.080312500e+1,-6.720000000e+1,,,
8.000000000e+0,-9.175000000e-2,4.114375000e+1,-6.785100000e+1,,,
1.003125000e+1,-1.038437500e-1,4.200312500e+1,-6.787200000e+1,,,
7.984375000e+0,-1.040312500e-1,3.999375000e+1,-6.652800000e+1,,,
1.000000000e+1,-1.040312500e-1,4.123437500e+1,-6.721050000e+1,,,
6.062500000e+0,-1.000000000e-1,4.118437500e+1,-6.652275000e+1,,,
1.921875000e+0,-1.039375000e-1,4.120000000e+1,-6.588750000e+1,,,
1.000000000e+1,-1.080312500e-1,4.120000000e+1,-6.988800000e+1,,,
4.000000000e+0,-1.041562500e-1,4.079687500e+1,-6.652800000e+1,,,
1.203125000e+1,-9.609375000e-2,4.080000000e+1,-6.655425000e+1,,,
5.984375000e+0,-9.196875000e-2,4.078750000e+1,-6.787200000e+1,,,
8.015625000e+0,-1.040000000e-1,4.000000000e+1,-6.652800000e+1,,,
5.984375000e+0,-8.800000000e-2,4.080000000e+1,-6.720525000e+1,,,
6.000000000e+0,-9.587500000e-2,4.079687500e+1,-6.720000000e+1,,,
4.000000000e+0,-1.001250000e-1,4.080937500e+1,-6.786675000e+1,,,
6.000000000e+0,-9.212500000e-2,4.039687500e+1,-6.854400000e+1,,,
4.015625000e+0,-8.400000000e-2,4.080000000e+1,-6.787200000e+1,,,
1.968750000e+0,-9.200000000e-2,3.998437500e+1,-6.787725000e+1,,,
1.000000000e+1,-8.800000000e-2,4.000625000e+1,-6.720000000e+1,,,
1.001562500e+1,-9.603125000e-2,4.159687500e+1,-6.787200000e+1,,,
4.046875000e+0,-9.200000000e-2,4.040000000e+1,-6.721575000e+1,,,
6.000000000e+0,-8.781250000e-2,4.120000000e+1,-6.720525000e+1,,,
1.000000000e+1,-1.039687500e-1,4.040000000e+1,-6.787200000e+1,,,
5.968750000e+0,-9.215625000e-2,4.160312500e+1,-6.720000000e+1,,,
4.015625000e+0,-9.600000000e-2,4.080000000e+1,-6.721050000e+1,,,
6.000000000e+0,-1.000312500e-1,4.200937500e+1,-6.924225000e+1,,,
4.000000000e+0,-8.800000000e-2,4.117812500e+1,-6.922125000e+1,,,
6.000000000e+0,-9.609375000e-2,4.038125000e+1,-6.855450000e+1,,,
4.000000000e+0,-8.400000000e-2,4.160312500e+1,-6.719475000e+1,,,
7.968750000e+0,-9.993750000e-2,4.119062500e+1,-6.720000000e+1,,,
1.000000000e+1,-9.996875000e-2,4.080000000e+1,-6.720000000e+1,,,
8.015625000e+0,-1.080000000e-1,4.120000000e+1,-6.854400000e+1,,,
4.046875000e+0,-1.040000000e-1,4.078750000e+1,-6.652800000e+1,,,
3.906250000e+0,-1.040000000e-1,4.040000000e+1,-6.720000000e+1,,,
1.003125000e+1,-9.631250000e-2,4.078125000e+1,-6.787725000e+1,,,
1.937500000e+0,-9.600000000e-2,4.120000000e+1,-6.652275000e+1,,,
6.046875000e+0,-1.040000000e-1,4.120000000e+1,-6.585600000e+1,,,
5.984375000e+0,-9.596875000e-2,4.119687500e+1,-6.653325000e+1,,,
8.015625000e+0,-9.606250000e-2,4.080000000e+1,-6.652800000e+1,,,
1.001562500e+1,-1.080000000e-1,4.160937500e+1,-6.652800000e+1,,,
1.201562500e+1,-9.609375000e-2,4.201250000e+1,-6.720000000e+1,,,
1.206250000e+1,-9.584375000e-2,4.080000000e+1,-6.652275000e+1,,,
6.000000000e+0,-1.040312500e-1,4.080937500e+1,-6.652800000e+1,,,
1.000000000e+1,-9.209375000e-2,4.119687500e+1,-6.652275000e+1,,,
3.984375000e+0,-9.596875000e-2,4.039687500e+1,-6.586125000e+1,,,
1.193750000e+1,-1.040312500e-1,4.121562500e+1,-6.653325000e+1,,,
1.206250000e+1,-1.000000000e-1,4.080000000e+1,-6.652800000e+1,,,
9.953125000e+0,-1.078437500e-1,4.037812500e+1,-6.720525000e+1,,,
1.403125000e+1,-1.080312500e-1,4.160312500e+1,-6.720000000e+1,,,
9.953125000e+0,-1.040000000e-1,4.079375000e+1,-6.720000000e+1,,,
4.031250000e+0,-9.200000000e-2,4.040000000e+1,-6.721050000e+1,,,
1.201562500e+1,-1.040312500e-1,4.120625000e+1,-6.787725000e+1,,,
8.015625000e+0,-1.000000000e-1,4.080000000e+1,-6.653325000e+1,,,
8.000000000e+0,-1.040000000e-1,3.960000000e+1,-6.721575000e+1,,,
1.000000000e+1,-9.609375000e-2,4.039062500e+1,-6.787200000e+1,,,
1.000000000e+1,-9.193750000e-2,4.040312500e+1,-6.721050000e+1,,,
8.000000000e+0,-9.600000000e-2,4.079375000e+1,-6.652800000e+1,,,
7.984375000e+0,-8.403125000e-2,4.159375000e+1,-6.652275000e+1,,,
9.953125000e+0,-9.200000000e-2,4.000000000e+1,-6.787200000e+1,,,
1.201562500e+1,-8.806250000e-2,4.039687500e+1,-6.720000000e+1,,,
4.000000000e+0,-1.039375000e-1,4.040312500e+1,-6.785625000e+1,,,
9.984375000e+0,-9.218750000e-2,4.080000000e+1,-6.787200000e+1,,,
8.000000000e+0,-8.400000000e-2,4.080000000e+1,-6.651750000e+1,,,
8.031250000e+0,-9.200000000e-2,3.999062500e+1,-6.653850000e+1,,,
1.198437500e+1,-1.000312500e-1,4.041875000e+1,-6.652275000e+1,,,
7.953125000e+0,-9.603125000e-2,4.079687500e+1,-6.654900000e+1,,,
1.006250000e+1,-1.040000000e-1,3.999375000e+1,-6.786675000e+1,,,
1.400000000e+1,-1.003125000e-1,3.998125000e+1,-6.587700000e+1,,,
8.015625000e+0,-9.200000000e-2,4.000625000e+1,-6.651225000e+1,,,
9.968750000e+0,-9.203125000e-2,3.960937500e+1,-6.787200000e+1,,,
1.401562500e+1,-8.800000000e-2,4.120000000e+1,-6.720000000e+1,,,
8.062500000e+0,-9.200000000e-2,4.000625000e+1,-6.788775000e+1,,,
7.937500000e+0,-9.200000000e-2,3.960000000e+1,-6.518400000e+1,,,
1.007812500e+1,-9.193750000e-2,3.919375000e+1,-6.786675000e+1,,,
6.000000000e+0,-1.000000000e-1,3.999687500e+1,-6.520500000e+1,,,
1.003125000e+1,-1.000000000e-1,4.000312500e+1,-6.586125000e+1,,,
7.968750000e+0,-1.000312500e-1,4.120000000e+1,-6.652275000e+1,,,
8.031250000e+0,-1.000000000e-1,4.000000000e+1,-6.720000000e+1,,,
9.968750000e+0,-9.600000000e-2,4.000000000e+1,-6.718950000e+1,,,
8.031250000e+0,-9.593750000e-2,4.040000000e+1,-6.586125000e+1,,,
1.401562500e+1,-8.793750000e-2,4.002187500e+1,-6.653850000e+1,,,
1.006250000e+1,-1.000312500e-1,3.999375000e+1,-6.518925000e+1,,,
9.921875000e+0,-8.800000000e-2,4.120625000e+1,-6.720000000e+1,,,
1.403125000e+1,-1.000625000e-1,4.079062500e+1,-6.652800000e+1,,,
8.000000000e+0,-1.000625000e-1,3.999375000e+1,-6.587700000e+1,,,
1.198437500e+1,-1.120000000e-1,3.960625000e+1,-6.787725000e+1,,,
8.046875000e+0,-9.609375000e-2,4.000000000e+1,-6.655425000e+1,,,
1.007812500e+1,-9.603125000e-2,3.919687500e+1,-6.586650000e+1,,,
1.395312500e+1,-9.196875000e-2,3.999687500e+1,-6.854400000e+1,,,
7.984375000e+0,-1.080000000e-1,3.879062500e+1,-6.720000000e+1,,,
1.404687500e+1,-1.039687500e-1,3.920000000e+1,-6.787200000e+1,,,
1.198437500e+1,-1.000000000e-1,3.960000000e+1,-6.652800000e+1,,,
1.000000000e+1,-1.000000000e-1,3.960000000e+1,-6.720000000e+1,,,
1.200000000e+1,-1.040312500e-1,3.960937500e+1,-6.720525000e+1,,,
1.193750000e+1,-1.040000000e-1,3.920000000e+1,-6.585075000e+1,,,
7.968750000e+0,-1.039375000e-1,3.960000000e+1,-6.517875000e+1,,,
1.796875000e+1,-8.390625000e-2,3.919687500e+1,-6.652275000e+1,,,
1.396875000e+1,-9.615625000e-2,4.000000000e+1,-6.652800000e+1,,,
1.001562500e+1,-1.040312500e-1,3.919375000e+1,-6.585600000e+1,,,
9.984375000e+0,-1.039375000e-1,3.959062500e+1,-6.651750000e+1,,,
1.201562500e+1,-9.993750000e-2,3.964687500e+1,-6.655425000e+1,,,
8.000000000e+0,-1.040312500e-1,3.880937500e+1,-6.518925000e+1,,,
1.000000000e+1,-9.596875000e-2,4.040937500e+1,-6.586650000e+1,,,
1.600000000e+1,-9.603125000e-2,3.957500000e+1,-6.718425000e+1,,,
1.200000000e+1,-1.041250000e-1,3.881875000e+1,-6.517875000e+1,,,
1.398437500e+1,-1.080000000e-1,4.000625000e+1,-6.585600000e+1,,,
5.984375000e+0,-1.000937500e-1,3.960937500e+1,-6.518400000e+1,,,
1.200000000e+1,-9.203125000e-2,3.960312500e+1,-6.518400000e+1,,,
1.000000000e+1,-9.600000000e-2,4.000000000e+1,-6.585600000e+1,,,
1.200000000e+1,-9.200000000e-2,3.960000000e+1,-6.518400000e+1,,,
1.598437500e+1,-9.612500000e-2,3.879687500e+1,-6.518400000e+1,,,
1.403125000e+1,-9.993750000e-2,3.920312500e+1,-6.383475000e+1,,,
1.395312500e+1,-9.200000000e-2,3.960625000e+1,-6.652800000e+1,,,
1.601562500e+1,-9.565625000e-2,3.841250000e+1,-6.518400000e+1,,,
1.195312500e+1,-1.039062500e-1,3.880000000e+1,-6.720000000e+1,,,
1.406250000e+1,-8.800000000e-2,3.840312500e+1,-6.517350000e+1,,,
1.590625000e+1,-1.000937500e-1,3.800312500e+1,-6.451725000e+1,,,
1.001562500e+1,-9.184375000e-2,3.880937500e+1,-6.585600000e+1,,,
1.601562500e+1,-9.225000000e-2,3.920000000e+1,-6.518400000e+1,,,
9.906250000e+0,-1.039375000e-1,3.840000000e+1,-6.517875000e+1,,,
1.182812500e+1,-8.806250000e-2,3.879375000e+1,-6.518925000e+1,,,
2.000000000e+1,-1.000000000e-1,3.960625000e+1,-6.451200000e+1,,,
1.203125000e+1,-1.000625000e-1,3.839687500e+1,-6.519975000e+1,,,
1.190625000e+1,-1.000625000e-1,3.921250000e+1,-6.585600000e+1,,,
2.001562500e+1,-1.039687500e-1,3.879375000e+1,-6.451200000e+1,,,
1.206250000e+1,-9.600000000e-2,3.800000000e+1,-6.652800000e+1,,,
1.584375000e+1,-9.987500000e-2,3.918750000e+1,-6.454350000e+1,,,
1.593750000e+1,-1.040000000e-1,3.880000000e+1,-6.384525000e+1,,,
1.406250000e+1,-1.000000000e-1,3.880000000e+1,-6.385050000e+1,,,
2.001562500e+1,-1.001250000e-1,3.920625000e+1,-6.518925000e+1,,,
1.389062500e+1,-1.080000000e-1,3.960000000e+1,-6.518925000e+1,,,
1.001562500e+1,-9.990625000e-2,3.960000000e+1,-6.382425000e+1,,,
2.001562500e+1,-1.000312500e-1,3.919687500e+1,-6.385050000e+1,,,
1.600000000e+1,-1.037812500e-1,3.882812500e+1,-6.653325000e+1,,,
1.398437500e+1,-1.119375000e-1,3.839062500e+1,-6.451200000e+1,,,
1.200000000e+1,-9.584375000e-2,3.960312500e+1,-6.720000000e+1,,,
1.600000000e+1,-1.000312500e-1,3.838750000e+1,-6.321000000e+1,,,
1.201562500e+1,-9.612500000e-2,3.760000000e+1,-6.384000000e+1,,,
2.000000000e+1,-1.080000000e-1,3.961250000e+1,-6.451200000e+1,,,
1.606250000e+1,-1.000312500e-1,3.924062500e+1,-6.450675000e+1,,,
1.600000000e+1,-1.160000000e-1,3.799687500e+1,-6.518400000e+1,,,
1.601562500e+1,-1.039375000e-1,3.880000000e+1,-6.517875000e+1,,,
2.001562500e+1,-1.000625000e-1,3.800312500e+1,-6.451200000e+1,,,
1.795312500e+1,-1.082187500e-1,3.920625000e+1,-6.449625000e+1,,,
1.801562500e+1,-1.119062500e-1,3.877187500e+1,-6.317325000e+1,,,
2.001562500e+1,-9.996875000e-2,3.840625000e+1,-6.451200000e+1,,,
2.200000000e+1,-1.039687500e-1,3.920000000e+1,-6.317325000e+1,,,
1.598437500e+1,-1.040625000e-1,3.840000000e+1,-6.316800000e+1,,,
1.998437500e+1,-1.160312500e-1,3.840000000e+1,-6.315225000e+1,,,
1.998437500e+1,-1.038437500e-1,3.839687500e+1,-6.585075000e+1,,,
2.201562500e+1,-1.000000000e-1,3.919687500e+1,-6.450675000e+1,,,
1.603125000e+1,-1.000000000e-1,3.879375000e+1,-6.383475000e+1,,,
1.993750000e+1,-1.040000000e-1,3.800625000e+1,-6.450675000e+1,,,
1.995312500e+1,-1.120000000e-1,3.800937500e+1,-6.382425000e+1,,,
1.793750000e+1,-9.987500000e-2,3.759687500e+1,-6.316275000e+1,,,
1.601562500e+1,-9.203125000e-2,3.879687500e+1,-6.517350000e+1,,,
2.003125000e+1,-1.001875000e-1,3.840000000e+1,-6.451200000e+1,,,
1.790625000e+1,-1.079375000e-1,3.919375000e+1,-6.451200000e+1,,,
1.604687500e+1,-9.990625000e-2,3.800000000e+1,-6.452250000e+1,,,
2.201562500e+1,-9.600000000e-2,3.917812500e+1,-6.384525000e+1,,,
1.998437500e+1,-8.800000000e-2,3.839375000e+1,-6.451200000e+1,,,
2.403125000e+1,-1.040000000e-1,3.800000000e+1,-6.518925000e+1,,,
1.601562500e+1,-9.193750000e-2,3.839687500e+1,-6.385575000e+1,,,
1.800000000e+1,-1.000937500e-1,3.721250000e+1,-6.586125000e+1,,,
1.596875000e+1,-1.000937500e-1,3.920000000e+1,-6.316800000e+1,,,
2.193750000e+1,-1.038750000e-1,3.760000000e+1,-6.249600000e+1,,,
2.204687500e+1,-9.190625000e-2,3.878437500e+1,-6.318900000e+1,,,
1.998437500e+1,-1.080625000e-1,3.760000000e+1,-6.113625000e+1,,,
1.998437500e+1,-9.178125000e-2,3.760000000e+1,-6.518400000e+1,,,
1.800000000e+1,-9.225000000e-2,3.760000000e+1,-6.246975000e+1,,,
2.000000000e+1,-1.040312500e-1,3.760625000e+1,-6.314700000e+1,,,
1.800000000e+1,-9.590625000e-2,3.839687500e+1,-6.451200000e+1,,,
1.398437500e+1,-9.996875000e-2,3.761562500e+1,-6.316275000e+1,,,
1.401562500e+1,-1.079062500e-1,3.720000000e+1,-6.316275000e+1,,,
1.803125000e+1,-9.603125000e-2,3.719687500e+1,-6.317850000e+1,,,
2.200000000e+1,-1.080312500e-1,3.720000000e+1,-6.249600000e+1,,,
1.800000000e+1,-9.587500000e-2,3.720937500e+1,-6.384000000e+1,,,
1.800000000e+1,-1.042187500e-1,3.800000000e+1,-6.249600000e+1,,,
2.000000000e+1,-1.040625000e-1,3.720000000e+1,-6.451200000e+1,,,
1.998437500e+1,-1.080000000e-1,3.795625000e+1,-6.322050000e+1,,,
2.200000000e+1,-1.000000000e-1,3.880000000e+1,-6.179775000e+1,,,
2.000000000e+1,-1.080312500e-1,3.800625000e+1,-6.518400000e+1,,,
2.196875000e+1,-1.078750000e-1,3.679375000e+1,-6.179775000e+1,,,
1.803125000e+1,-9.193750000e-2,3.763125000e+1,-6.316800000e+1,,,
2.598437500e+1,-1.042812500e-1,3.880000000e+1,-6.450150000e+1,,,
1.796875000e+1,-1.079687500e-1,3.800000000e+1,-6.249600000e+1,,,
2.587500000e+1,-1.003125000e-1,3.800000000e+1,-6.384000000e+1,,,
2.409375000e+1,-9.981250000e-2,3.760000000e+1,-6.183975000e+1,,,
2.001562500e+1,-1.120000000e-1,3.800000000e+1,-6.249600000e+1,,,
1.995312500e+1,-1.040625000e-1,3.719375000e+1,-6.182400000e+1,,,
2.010937500e+1,-1.080000000e-1,3.720000000e+1,-6.182400000e+1,,,
1.595312500e+1,-1.001562500e-1,3.719375000e+1,-6.249600000e+1,,,
2.184375000e+1,-1.037812500e-1,3.797812500e+1,-6.317850000e+1,,,
2.400000000e+1,-1.040937500e-1,3.800937500e+1,-6.183450000e+1,,,
2.598437500e+1,-9.609375000e-2,3.719062500e+1,-6.249600000e+1,,,
2.198437500e+1,-9.196875000e-2,3.839375000e+1,-6.249600000e+1,,,
2.400000000e+1,-1.039687500e-1,3.680000000e+1,-6.249600000e+1,,,
2.403125000e+1,-1.040000000e-1,3.840000000e+1,-6.249600000e+1,,,
2.596875000e+1,-9.200000000e-2,3.720625000e+1,-6.249600000e+1,,,
1.800000000e+1,-1.077812500e-1,3.834375000e+1,-6.112050000e+1,,,
1.987500000e+1,-9.625000000e-2,3.840625000e+1,-6.316800000e+1,,,
2.598437500e+1,-9.590625000e-2,3.679062500e+1,-6.046425000e+1,,,
2.798437500e+1,-1.039687500e-1,3.640000000e+1,-6.252750000e+1,,,
3.003125000e+1,-1.040000000e-1,3.639375000e+1,-6.317325000e+1,,,
2.403125000e+1,-1.040625000e-1,3.681250000e+1,-6.384000000e+1,,,
2.595312500e+1,-1.037812500e-1,3.760000000e+1,-6.249600000e+1,,,
2.600000000e+1,-1.160000000e-1,3.639375000e+1,-6.182400000e+1,,,
2.598437500e+1,-1.040937500e-1,3.640000000e+1,-6.115725000e+1,,,
2.398437500e+1,-1.040000000e-1,3.760937500e+1,-6.114675000e+1,,,
2.201562500e+1,-1.040000000e-1,3.719375000e+1,-6.048000000e+1,,,
2.801562500e+1,-1.040000000e-1,3.720000000e+1,-6.183450000e+1,,,
2.801562500e+1,-1.039687500e-1,3.719375000e+1,-6.181875000e+1,,,
2.400000000e+1,-1.042187500e-1,3.680625000e+1,-6.116775000e+1,,,
2.198437500e+1,-9.600000000e-2,3.718750000e+1,-6.048000000e+1,,,
1.998437500e+1,-1.000000000e-1,3.800000000e+1,-6.249600000e+1,,,
2.396875000e+1,-9.600000000e-2,3.677500000e+1,-6.049050000e+1,,,
2.600000000e+1,-9.603125000e-2,3.600312500e+1,-6.048525000e+1,,,
2.598437500e+1,-9.203125000e-2,3.760000000e+1,-5.981325000e+1,,,
2.800000000e+1,-1.000000000e-1,3.560625000e+1,-6.181875000e+1,,,
2.400000000e+1,-9.996875000e-2,3.598437500e+1,-6.048000000e+1,,,
2.198437500e+1,-1.040937500e-1,3.680625000e+1,-6.181350000e+1,,,
2.800000000e+1,-9.600000000e-2,3.760000000e+1,-5.981325000e+1,,,
2.398437500e+1,-1.040000000e-1,3.678125000e+1,-6.252225000e+1,,,
2.800000000e+1,-1.000000000e-1,3.560625000e+1,-6.245925000e+1,,,
2.400000000e+1,-1.039062500e-1,3.721875000e+1,-6.048525000e+1,,,
2.800000000e+1,-1.120000000e-1,3.722187500e+1,-6.114675000e+1,,,
2.598437500e+1,-1.041875000e-1,3.680000000e+1,-6.115725000e+1,,,
2.598437500e+1,-9.996875000e-2,3.720000000e+1,-6.182400000e+1,,,
2.798437500e+1,-1.040000000e-1,3.639375000e+1,-6.316800000e+1,,,
2.800000000e+1,-1.040000000e-1,3.600000000e+1,-6.114675000e+1,,,
2.796875000e+1,-8.800000000e-2,3.679375000e+1,-6.115200000e+1,,,
3.195312500e+1,-1.120000000e-1,3.560000000e+1,-6.384000000e+1,,,
3.204687500e+1,-1.085625000e-1,3.640312500e+1,-6.185025000e+1,,,
2.800000000e+1,-1.040000000e-1,3.560000000e+1,-6.048000000e+1,,,
2.995312500e+1,-1.120000000e-1,3.639687500e+1,-6.115200000e+1,,,
2.398437500e+1,-1.039687500e-1,3.479375000e+1,-6.115725000e+1,,,
3.007812500e+1,-1.000000000e-1,3.521875000e+1,-6.114675000e+1,,,
2.995312500e+1,-1.040625000e-1,3.640000000e+1,-5.980800000e+1,,,
2.801562500e+1,-1.160312500e-1,3.599687500e+1,-6.115725000e+1,,,
3.004687500e+1,-1.081250000e-1,3.640000000e+1,-5.845875000e+1,,,
2.395312500e+1,-1.079375000e-1,3.640000000e+1,-6.116250000e+1,,,
3.198437500e+1,-1.080625000e-1,3.639687500e+1,-6.113100000e+1,,,
2.603125000e+1,-1.000000000e-1,3.560000000e+1,-5.980800000e+1,,,
2.393750000e+1,-1.080312500e-1,3.641562500e+1,-6.115725000e+1,,,
3.587500000e+1,-1.080000000e-1,3.640000000e+1,-6.048000000e+1,,,
3.607812500e+1,-1.079062500e-1,3.639062500e+1,-5.980800000e+1,,,
3.195312500e+1,-1.080625000e-1,3.639375000e+1,-5.980800000e+1,,,
2.998437500e+1,-9.600000000e-2,3.559687500e+1,-6.048525000e+1,,,
2.801562500e+1,-1.040000000e-1,3.600000000e+1,-6.116250000e+1,,,
3.200000000e+1,-1.080312500e-1,3.600000000e+1,-6.182925000e+1,,,
3.001562500e+1,-1.080000000e-1,3.600000000e+1,-5.982375000e+1,,,
2.800000000e+1,-1.080312500e-1,3.559687500e+1,-5.847975000e+1,,,
3.200000000e+1,-1.040312500e-1,3.678437500e+1,-6.115200000e+1,,,
3.400000000e+1,-1.039687500e-1,3.680312500e+1,-6.049050000e+1,,,
3.000000000e+1,-1.080000000e-1,3.600625000e+1,-6.115200000e+1,,,
3.198437500e+1,-1.040312500e-1,3.519687500e+1,-6.049050000e+1,,,
3.198437500e+1,-9.996875000e-2,3.520000000e+1,-5.846400000e+1,,,
3.400000000e+1,-1.000625000e-1,3.559375000e+1,-5.980275000e+1,,,
3.201562500e+1,-1.120625000e-1,3.639375000e+1,-5.980275000e+1,,,
3.200000000e+1,-1.000312500e-1,3.559375000e+1,-6.048000000e+1,,,
3.200000000e+1,-1.119375000e-1,3.520000000e+1,-5.980275000e+1,,,
3.198437500e+1,-1.040000000e-1,3.640312500e+1,-5.980800000e+1,,,
3.001562500e+1,-1.000625000e-1,3.557812500e+1,-5.981325000e+1,,,
3.196875000e+1,-1.160625000e-1,3.519687500e+1,-6.116250000e+1,,,
2.598437500e+1,-1.120937500e-1,3.480625000e+1,-6.115200000e+1,,,
3.196875000e+1,-9.228125000e-2,3.560625000e+1,-6.116250000e+1,,,
3.398437500e+1,-9.587500000e-2,3.480312500e+1,-5.981325000e+1,,,
3.400000000e+1,-1.040000000e-1,3.520312500e+1,-5.981325000e+1,,,
3.204687500e+1,-1.000312500e-1,3.479687500e+1,-5.980800000e+1,,,
2.993750000e+1,-1.120000000e-1,3.480000000e+1,-6.048000000e+1,,,
3.596875000e+1,-9.603125000e-2,3.480000000e+1,-5.980800000e+1,,,
3.207812500e+1,-1.079062500e-1,3.519687500e+1,-5.980800000e+1,,,
3.200000000e+1,-1.040000000e-1,3.482187500e+1,-5.914125000e+1,,,
3.201562500e+1,-1.080000000e-1,3.440312500e+1,-5.845875000e+1,,,
3.401562500e+1,-1.039687500e-1,3.600625000e+1,-5.779725000e+1,,,
3.395312500e+1,-1.040937500e-1,3.520000000e+1,-5.779200000e+1,,,
3.200000000e+1,-1.120312500e-1,3.479687500e+1,-5.981850000e+1,,,
3.610937500e+1,-1.038750000e-1,3.479375000e+1,-5.981325000e+1,,,
4.196875000e+1,-9.990625000e-2,3.438750000e+1,-5.913075000e+1,,,
3.406250000e+1,-1.119687500e-1,3.519687500e+1,-5.980800000e+1,,,
3.596875000e+1,-1.080312500e-1,3.479375000e+1,-5.846400000e+1,,,
3.596875000e+1,-1.080312500e-1,3.480000000e+1,-5.913600000e+1,,,
3.998437500e+1,-1.120312500e-1,3.480000000e+1,-5.914650000e+1,,,
3.801562500e+1,-1.160000000e-1,3.480000000e+1,-5.980275000e+1,,,
3.800000000e+1,-1.160625000e-1,3.479687500e+1,-5.780775000e+1,,,
3.596875000e+1,-1.080312500e-1,3.480312500e+1,-5.779725000e+1,,,
3.396875000e+1,-1.120000000e-1,3.440000000e+1,-5.913600000e+1,,,
3.200000000e+1,-1.120000000e-1,3.520312500e+1,-5.712000000e+1,,,
3.604687500e+1,-1.079687500e-1,3.480000000e+1,-5.981850000e+1,,,
4.000000000e+1,-1.040000000e-1,3.480625000e+1,-5.913600000e+1,,,
3.600000000e+1,-1.080000000e-1,3.520000000e+1,-5.980800000e+1,,,
4.198437500e+1,-1.119687500e-1,3.442500000e+1,-5.847975000e+1,,,
3.393750000e+1,-1.160000000e-1,3.400000000e+1,-5.644800000e+1,,,
3.596875000e+1,-1.159687500e-1,3.440000000e+1,-5.844825000e+1,,,
3.998437500e+1,-1.079062500e-1,3.479687500e+1,-5.913600000e+1,,,
3.798437500e+1,-1.040312500e-1,3.479687500e+1,-5.913075000e+1,,,
3.798437500e+1,-1.080937500e-1,3.398750000e+1,-5.779200000e+1,,,
4.201562500e+1,-1.119687500e-1,3.359687500e+1,-5.778675000e+1,,,
3.206250000e+1,-1.080000000e-1,3.435625000e+1,-5.779725000e+1,,,
3.200000000e+1,-1.120000000e-1,3.479062500e+1,-5.779725000e+1,,,
3.600000000e+1,-1.080000000e-1,3.400000000e+1,-5.712000000e+1,,,
3.598437500e+1,-1.079687500e-1,3.439687500e+1,-5.714100000e+1,,,
3.803125000e+1,-9.990625000e-2,3.358125000e+1,-5.846925000e+1,,,
3.996875000e+1,-1.000937500e-1,3.400937500e+1,-5.779200000e+1,,,
3.600000000e+1,-1.119375000e-1,3.480312500e+1,-5.712000000e+1,,,
4.000000000e+1,-1.120312500e-1,3.400000000e+1,-5.712000000e+1,,,
4.400000000e+1,-1.080000000e-1,3.480000000e+1,-5.644800000e+1,,,
3.800000000e+1,-1.120000000e-1,3.360000000e+1,-5.712525000e+1,,,
3.998437500e+1,-1.039687500e-1,3.359375000e+1,-5.644800000e+1,,,
4.198437500e+1,-1.080312500e-1,3.280312500e+1,-5.578125000e+1,,,
4.201562500e+1,-1.080312500e-1,3.440000000e+1,-5.577600000e+1,,,
4.001562500e+1,-1.160000000e-1,3.320312500e+1,-5.643750000e+1,,,
4.001562500e+1,-1.079375000e-1,3.440000000e+1,-5.845875000e+1,,,
4.204687500e+1,-1.040000000e-1,3.280625000e+1,-5.845875000e+1,,,
4.396875000e+1,-1.000000000e-1,3.280937500e+1,-5.711475000e+1,,,
3.993750000e+1,-1.041562500e-1,3.360937500e+1,-5.644800000e+1,,,
3.998437500e+1,-1.077812500e-1,3.400000000e+1,-5.779200000e+1,,,
4.004687500e+1,-8.784375000e-2,3.240000000e+1,-5.779200000e+1,,,
4.593750000e+1,-9.181250000e-2,3.359687500e+1,-5.846925000e+1,,,
4.410937500e+1,-1.120000000e-1,3.281250000e+1,-5.712000000e+1,,,
4.000000000e+1,-1.080625000e-1,3.280937500e+1,-5.778675000e+1,,,
4.398437500e+1,-1.119687500e-1,3.400312500e+1,-5.577600000e+1,,,
4.201562500e+1,-1.040312500e-1,3.319687500e+1,-5.712000000e+1,,,
4.398437500e+1,-1.160312500e-1,3.360000000e+1,-5.779200000e+1,,,
4.393750000e+1,-1.080937500e-1,3.361875000e+1,-5.579700000e+1,,,
4.593750000e+1,-1.120000000e-1,3.240000000e+1,-5.577600000e+1,,,
3.998437500e+1,-1.079687500e-1,3.360000000e+1,-5.645850000e+1,,,
4.400000000e+1,-1.039687500e-1,3.359375000e+1,-5.712000000e+1,,,
3.793750000e+1,-1.040937500e-1,3.360000000e+1,-5.645850000e+1,,,
4.003125000e+1,-1.079375000e-1,3.360000000e+1,-5.509875000e+1,,,
4.601562500e+1,-1.000625000e-1,3.400000000e+1,-5.443200000e+1,,,
4.600000000e+1,-1.119687500e-1,3.362500000e+1,-5.508300000e+1,,,
4.996875000e+1,-9.993750000e-2,3.319687500e+1,-5.644800000e+1,,,
4.000000000e+1,-1.082187500e-1,3.360312500e+1,-5.577600000e+1,,,
4.200000000e+1,-1.119687500e-1,3.319687500e+1,-5.643750000e+1,,,
4.401562500e+1,-1.079687500e-1,3.280000000e+1,-5.644800000e+1,,,
4.800000000e+1,-1.079375000e-1,3.280312500e+1,-5.577600000e+1,,,
4.796875000e+1,-1.040312500e-1,3.320312500e+1,-5.642175000e+1,,,
4.998437500e+1,-1.120000000e-1,3.280000000e+1,-5.712000000e+1,,,
4.398437500e+1,-1.120000000e-1,3.320000000e+1,-5.576550000e+1,,,
4.601562500e+1,-1.119687500e-1,3.280000000e+1,-5.510400000e+1,,,
4.395312500e+1,-1.080000000e-1,3.319687500e+1,-5.579700000e+1,,,
4.404687500e+1,-1.120625000e-1,3.238750000e+1,-5.646375000e+1,,,
4.598437500e+1,-1.120312500e-1,3.280937500e+1,-5.645850000e+1,,,
4.200000000e+1,-1.121562500e-1,3.320312500e+1,-5.443200000e+1,,,
4.800000000e+1,-1.040625000e-1,3.280000000e+1,-5.645325000e+1,,,
4.401562500e+1,-1.240312500e-1,3.240312500e+1,-5.509350000e+1,,,
4.393750000e+1,-9.971875000e-2,3.280000000e+1,-5.779725000e+1,,,
4.998437500e+1,-1.000937500e-1,3.240000000e+1,-5.442675000e+1,,,
4.617187500e+1,-1.040625000e-1,3.279687500e+1,-5.643750000e+1,,,
3.995312500e+1,-1.120000000e-1,3.200312500e+1,-5.511450000e+1,,,
4.803125000e+1,-1.079687500e-1,3.277500000e+1,-5.578125000e+1,,,
4.400000000e+1,-1.080000000e-1,3.320000000e+1,-5.510925000e+1,,,
5.001562500e+1,-1.039375000e-1,3.280000000e+1,-5.509875000e+1,,,
4.592187500e+1,-1.040312500e-1,3.280000000e+1,-5.510400000e+1,,,
4.604687500e+1,-1.081562500e-1,3.279687500e+1,-5.443200000e+1,,,
4.800000000e+1,-1.119687500e-1,3.240000000e+1,-5.577600000e+1,,,
4.593750000e+1,-1.080000000e-1,3.237187500e+1,-5.510400000e+1,,,
4.396875000e+1,-1.120000000e-1,3.320000000e+1,-5.644800000e+1,,,
4.995312500e+1,-1.120000000e-1,3.240000000e+1,-5.645325000e+1,,,
4.998437500e+1,-1.079375000e-1,3.240000000e+1,-5.510400000e+1,,,
5.201562500e+1,-1.040937500e-1,3.280000000e+1,-5.578650000e+1,,,
4.598437500e+1,-1.118750000e-1,3.240000000e+1,-5.510400000e+1,,,
5.195312500e+1,-1.000937500e-1,3.200625000e+1,-5.376000000e+1,,,
4.812500000e+1,-1.197500000e-1,3.076875000e+1,-5.376000000e+1,,,
4.606250000e+1,-1.078437500e-1,3.280000000e+1,-5.375475000e+1,,,
5.404687500e+1,-1.040937500e-1,3.240000000e+1,-5.443200000e+1,,,
5.198437500e+1,-1.120625000e-1,3.240000000e+1,-5.375475000e+1,,,
5.398437500e+1,-1.079375000e-1,3.280000000e+1,-5.374950000e+1,,,
4.800000000e+1,-1.080000000e-1,3.200312500e+1,-5.443200000e+1,,,
5.398437500e+1,-1.080000000e-1,3.160625000e+1,-5.308800000e+1,,,
4.596875000e+1,-1.121250000e-1,3.120312500e+1,-5.376000000e+1,,,
4.801562500e+1,-1.159375000e-1,3.119375000e+1,-5.308800000e+1,,,
5.200000000e+1,-1.037187500e-1,3.160000000e+1,-5.443200000e+1,,,
5.000000000e+1,-9.612500000e-2,3.119687500e+1,-5.376525000e+1,,,
5.400000000e+1,-1.083437500e-1,3.119687500e+1,-5.374950000e+1,,,
4.796875000e+1,-1.160937500e-1,3.080000000e+1,-5.376000000e+1,,,
4.598437500e+1,-1.200000000e-1,3.119062500e+1,-5.174400000e+1,,,
5.195312500e+1,-1.118750000e-1,3.119687500e+1,-5.374425000e+1,,,
5.800000000e+1,-1.000000000e-1,3.159687500e+1,-5.374950000e+1,,,
5.193750000e+1,-1.120625000e-1,3.159062500e+1,-5.377050000e+1,,,
5.001562500e+1,-1.080625000e-1,3.120312500e+1,-5.443200000e+1,,,
4.998437500e+1,-1.159687500e-1,3.159687500e+1,-5.307750000e+1,,,
5.004687500e+1,-1.039687500e-1,3.040000000e+1,-5.308800000e+1,,,
5.603125000e+1,-1.038750000e-1,3.159062500e+1,-5.443200000e+1,,,
4.806250000e+1,-1.078437500e-1,3.240000000e+1,-5.311950000e+1,,,
5.195312500e+1,-1.159687500e-1,3.080312500e+1,-5.174400000e+1,,,
5.189062500e+1,-1.121562500e-1,3.160937500e+1,-5.309850000e+1,,,
5.806250000e+1,-1.040000000e-1,3.159687500e+1,-5.443725000e+1,,,
5.003125000e+1,-1.079375000e-1,3.121250000e+1,-5.241600000e+1,,,
5.593750000e+1,-1.080000000e-1,3.001250000e+1,-5.173875000e+1,,,
5.200000000e+1,-1.119375000e-1,3.039062500e+1,-5.241075000e+1,,,
5.598437500e+1,-1.120625000e-1,3.079687500e+1,-5.241600000e+1,,,
4.998437500e+1,-1.040312500e-1,3.079062500e+1,-5.308800000e+1,,,
5.401562500e+1,-1.040000000e-1,3.040937500e+1,-5.241600000e+1,,,
5.400000000e+1,-1.080000000e-1,3.200000000e+1,-5.308800000e+1,,,
5.598437500e+1,-1.120000000e-1,3.080312500e+1,-5.241600000e+1,,,
5.200000000e+1,-1.040625000e-1,3.120312500e+1,-5.106150000e+1,,,
5.596875000e+1,-1.118125000e-1,3.000312500e+1,-5.241600000e+1,,,
5.401562500e+1,-1.160312500e-1,3.041250000e+1,-5.243175000e+1,,,
5.598437500e+1,-1.120937500e-1,3.202812500e+1,-5.376000000e+1,,,
5.803125000e+1,-1.079687500e-1,3.197812500e+1,-5.173350000e+1,,,
5.201562500e+1,-1.200312500e-1,3.119687500e+1,-5.109825000e+1,,,
5.595312500e+1,-1.080312500e-1,3.120312500e+1,-5.376000000e+1,,,
5.598437500e+1,-1.160312500e-1,3.000000000e+1,-5.107200000e+1,,,
5.804687500e+1,-1.079375000e-1,3.120000000e+1,-5.109825000e+1,,,
5.998437500e+1,-1.240000000e-1,2.999375000e+1,-5.308800000e+1,,,
5.600000000e+1,-1.080000000e-1,3.080000000e+1,-5.107200000e+1,,,
6.000000000e+1,-1.120000000e-1,3.000000000e+1,-5.175975000e+1,,,
5.601562500e+1,-1.040000000e-1,3.079687500e+1,-5.172300000e+1,,,
5.400000000e+1,-1.156562500e-1,2.961562500e+1,-5.039475000e+1,,,
5.401562500e+1,-1.160937500e-1,3.038750000e+1,-5.241600000e+1,,,
5.998437500e+1,-1.120000000e-1,3.038750000e+1,-5.174400000e+1,,,
5.800000000e+1,-1.160000000e-1,2.960625000e+1,-5.174400000e+1,,,
6.000000000e+1,-1.120000000e-1,3.080000000e+1,-5.174400000e+1,,,
5.601562500e+1,-1.159687500e-1,2.998750000e+1,-5.174925000e+1,,,
5.596875000e+1,-1.040000000e-1,2.920000000e+1,-5.241600000e+1,,,
5.800000000e+1,-9.996875000e-2,2.958437500e+1,-5.174400000e+1,,,
6.000000000e+1,-1.039375000e-1,3.039687500e+1,-5.173350000e+1,,,
5.598437500e+1,-1.079062500e-1,3.000000000e+1,-5.040000000e+1,,,
5.804687500e+1,-1.160000000e-1,3.081250000e+1,-5.173875000e+1,,,
5.998437500e+1,-1.120312500e-1,3.076562500e+1,-4.973325000e+1,,,
5.600000000e+1,-1.079375000e-1,2.880000000e+1,-5.241075000e+1,,,
5.800000000e+1,-1.160625000e-1,3.037812500e+1,-5.175975000e+1,,,
5.801562500e+1,-1.080312500e-1,2.959687500e+1,-5.107200000e+1,,,
6.198437500e+1,-1.120312500e-1,2.960937500e+1,-5.107200000e+1,,,
6.201562500e+1,-1.000312500e-1,3.040000000e+1,-5.241600000e+1,,,
6.200000000e+1,-1.080000000e-1,2.960000000e+1,-5.173350000e+1,,,
6.206250000e+1,-1.080000000e-1,3.000000000e+1,-4.972800000e+1,,,
5.600000000e+1,-1.120000000e-1,2.960000000e+1,-5.107200000e+1,,,
5.995312500e+1,-1.081250000e-1,2.998125000e+1,-5.241075000e+1,,,
5.796875000e+1,-1.080000000e-1,3.000000000e+1,-5.173350000e+1,,,
5.800000000e+1,-1.080312500e-1,2.960000000e+1,-4.973325000e+1,,,
5.800000000e+1,-1.119687500e-1,3.000000000e+1,-5.041050000e+1,,,
6.001562500e+1,-9.596875000e-2,2.958750000e+1,-5.040525000e+1,,,
6.203125000e+1,-1.000625000e-1,2.880000000e+1,-5.107725000e+1,,,
6.396875000e+1,-1.080000000e-1,2.919375000e+1,-4.972800000e+1,,,
6.003125000e+1,-1.120312500e-1,2.920000000e+1,-5.173875000e+1,,,
6.190625000e+1,-1.080937500e-1,2.839062500e+1,-4.905600000e+1,,,
6.401562500e+1,-1.039375000e-1,2.800312500e+1,-5.109300000e+1,,,
5.598437500e+1,-1.120000000e-1,2.922812500e+1,-5.036850000e+1,,,
6.592187500e+1,-1.040000000e-1,2.916562500e+1,-4.972800000e+1,,,
6.406250000e+1,-1.079375000e-1,2.800000000e+1,-5.040000000e+1,,,
6.204687500e+1,-1.241250000e-1,2.994062500e+1,-5.040000000e+1,,,
6.001562500e+1,-1.040937500e-1,2.997500000e+1,-5.040000000e+1,,,
6.200000000e+1,-1.040000000e-1,2.800000000e+1,-4.905075000e+1,,,
6.001562500e+1,-1.080000000e-1,3.000000000e+1,-4.839450000e+1,,,
6.601562500e+1,-1.080000000e-1,2.917812500e+1,-5.039475000e+1,,,
6.400000000e+1,-1.080000000e-1,2.800000000e+1,-5.041050000e+1,,,
6.400000000e+1,-1.040625000e-1,2.919062500e+1,-4.838400000e+1,,,
6.600000000e+1,-1.039062500e-1,2.880937500e+1,-4.972800000e+1,,,
5.800000000e+1,-1.120625000e-1,2.879687500e+1,-4.906125000e+1,,,
6.596875000e+1,-1.000000000e-1,2.919687500e+1,-5.040000000e+1,,,
6.601562500e+1,-1.080000000e-1,2.918750000e+1,-5.040525000e+1,,,
6.200000000e+1,-1.000000000e-1,2.840000000e+1,-4.972275000e+1,,,
6.400000000e+1,-1.120312500e-1,2.999375000e+1,-4.973850000e+1,,,
6.200000000e+1,-1.080937500e-1,2.963125000e+1,-4.771200000e+1,,,
6.796875000e+1,-1.079687500e-1,2.839375000e+1,-4.972800000e+1,,,
7.000000000e+1,-1.120312500e-1,2.800000000e+1,-4.903500000e+1,,,
6.796875000e+1,-1.080000000e-1,2.838437500e+1,-4.839975000e+1,,,
6.803125000e+1,-1.160625000e-1,2.760000000e+1,-4.974375000e+1,,,
6.995312500e+1,-1.200000000e-1,2.840312500e+1,-5.038950000e+1,,,
6.401562500e+1,-1.120937500e-1,2.799375000e+1,-4.905075000e+1,,,
7.198437500e+1,-9.609375000e-2,2.836875000e+1,-4.905075000e+1,,,
6.603125000e+1,-1.039375000e-1,2.880000000e+1,-4.905075000e+1,,,
6.398437500e+1,-1.039687500e-1,2.799375000e+1,-4.905075000e+1,,,
6.996875000e+1,-1.120312500e-1,2.759687500e+1,-4.771725000e+1,,,
6.606250000e+1,-1.120000000e-1,2.719375000e+1,-4.771200000e+1,,,
6.592187500e+1,-1.080000000e-1,2.880000000e+1,-4.838400000e+1,,,
6.996875000e+1,-1.119375000e-1,2.840625000e+1,-4.973850000e+1,,,
6.793750000e+1,-1.120000000e-1,2.841250000e+1,-4.771725000e+1,,,
6.809375000e+1,-1.040000000e-1,2.760000000e+1,-4.837875000e+1,,,
7.195312500e+1,-1.080937500e-1,2.880000000e+1,-4.636800000e+1,,,
6.195312500e+1,-1.159375000e-1,2.760000000e+1,-4.905600000e+1,,,
6.809375000e+1,-1.040312500e-1,2.800625000e+1,-4.905600000e+1,,,
6.796875000e+1,-1.160000000e-1,2.918437500e+1,-4.906650000e+1,,,
7.003125000e+1,-1.001250000e-1,2.684375000e+1,-4.706625000e+1,,,
7.398437500e+1,-1.079062500e-1,2.759375000e+1,-4.704000000e+1,,,
7.204687500e+1,-1.119687500e-1,2.839687500e+1,-4.704000000e+1,,,
7.000000000e+1,-1.160000000e-1,2.759062500e+1,-4.838400000e+1,,,
7.000000000e+1,-1.080000000e-1,2.760000000e+1,-4.635750000e+1,,,
6.995312500e+1,-1.160000000e-1,2.801562500e+1,-4.771725000e+1,,,
7.396875000e+1,-1.080625000e-1,2.880000000e+1,-4.771200000e+1,,,
7.195312500e+1,-1.080312500e-1,2.721250000e+1,-4.838400000e+1,,,
6.998437500e+1,-1.040000000e-1,2.680000000e+1,-4.771200000e+1,,,
7.003125000e+1,-1.120000000e-1,2.720937500e+1,-4.838400000e+1,,,
7.400000000e+1,-1.080000000e-1,2.840000000e+1,-4.771200000e+1,,,
7.198437500e+1,-1.119687500e-1,2.758750000e+1,-4.838400000e+1,,,
7.200000000e+1,-1.000000000e-1,2.720000000e+1,-4.771200000e+1,,,
8.001562500e+1,-1.198437500e-1,2.641562500e+1,-4.771725000e+1,,,
7.595312500e+1,-1.120000000e-1,2.640000000e+1,-4.703475000e+1,,,
7.600000000e+1,-1.119687500e-1,2.640000000e+1,-4.570125000e+1,,,
7.401562500e+1,-1.040312500e-1,2.679687500e+1,-4.636275000e+1,,,
7.198437500e+1,-1.120937500e-1,2.719375000e+1,-4.704000000e+1,,,
7.001562500e+1,-1.078125000e-1,2.639375000e+1,-4.636800000e+1,,,
6.598437500e+1,-9.596875000e-2,2.679375000e+1,-4.568025000e+1,,,
7.398437500e+1,-1.036875000e-1,2.680937500e+1,-4.835250000e+1,,,
6.800000000e+1,-1.119687500e-1,2.680312500e+1,-4.705050000e+1,,,
7.000000000e+1,-1.160000000e-1,2.720000000e+1,-4.570125000e+1,,,
7.000000000e+1,-1.120000000e-1,2.678750000e+1,-4.772250000e+1,,,
7.200000000e+1,-1.120937500e-1,2.641875000e+1,-4.634700000e+1,,,
7.196875000e+1,-1.159687500e-1,2.719375000e+1,-4.569600000e+1,,,
7.201562500e+1,-1.040625000e-1,2.639375000e+1,-4.704525000e+1,,,
7.800000000e+1,-1.079687500e-1,2.800625000e+1,-4.704000000e+1,,,
7.400000000e+1,-1.120000000e-1,2.760000000e+1,-4.838925000e+1,,,
8.000000000e+1,-1.080312500e-1,2.760000000e+1,-4.636275000e+1,,,
7.400000000e+1,-1.160312500e-1,2.639062500e+1,-4.704000000e+1,,,
7.790625000e+1,-1.078437500e-1,2.600000000e+1,-4.569600000e+1,,,
8.003125000e+1,-1.040312500e-1,2.679687500e+1,-4.704000000e+1,,,
7.404687500e+1,-1.119062500e-1,2.601562500e+1,-4.502925000e+1,,,
7.204687500e+1,-1.038437500e-1,2.600000000e+1,-4.636275000e+1,,,
7.601562500e+1,-9.615625000e-2,2.599687500e+1,-4.636800000e+1,,,
7.398437500e+1,-1.159687500e-1,2.639687500e+1,-4.569600000e+1,,,
7.598437500e+1,-1.000312500e-1,2.600000000e+1,-4.637325000e+1,,,
7.403125000e+1,-1.242812500e-1,2.680000000e+1,-4.502400000e+1,,,
7.795312500e+1,-1.158437500e-1,2.680000000e+1,-4.501350000e+1,,,
7.196875000e+1,-1.080625000e-1,2.640312500e+1,-4.636800000e+1,,,
7.995312500e+1,-1.080000000e-1,2.600000000e+1,-4.569600000e+1,,,
7.401562500e+1,-1.200000000e-1,2.640937500e+1,-4.569600000e+1,,,
7.395312500e+1,-1.079375000e-1,2.720312500e+1,-4.570125000e+1,,,
7.798437500e+1,-1.080000000e-1,2.639062500e+1,-4.704000000e+1,,,
7.603125000e+1,-1.040312500e-1,2.519687500e+1,-4.569600000e+1,,,
7.596875000e+1,-1.117500000e-1,2.599375000e+1,-4.436250000e+1,,,
7.807812500e+1,-1.200312500e-1,2.520000000e+1,-4.435200000e+1,,,
8.196875000e+1,-1.039687500e-1,2.520000000e+1,-4.502400000e+1,,,
7.800000000e+1,-1.120937500e-1,2.440625000e+1,-4.502925000e+1,,,
8.198437500e+1,-1.079375000e-1,2.600312500e+1,-4.637850000e+1,,,
7.598437500e+1,-1.080312500e-1,2.560000000e+1,-4.300275000e+1,,,
8.003125000e+1,-1.120937500e-1,2.600000000e+1,-4.570650000e+1,,,
8.400000000e+1,-1.200312500e-1,2.601250000e+1,-4.570650000e+1,,,
7.993750000e+1,-1.119687500e-1,2.560000000e+1,-4.569600000e+1,,,
7.800000000e+1,-1.119687500e-1,2.560312500e+1,-4.569600000e+1,,,
8.200000000e+1,-1.080000000e-1,2.560000000e+1,-4.570125000e+1,,,
7.800000000e+1,-1.120937500e-1,2.520000000e+1,-4.569600000e+1,,,
8.200000000e+1,-1.119375000e-1,2.480000000e+1,-4.636800000e+1,,,
8.203125000e+1,-1.080000000e-1,2.480000000e+1,-4.503975000e+1,,,
8.000000000e+1,-1.080000000e-1,2.479687500e+1,-4.569600000e+1,,,
8.200000000e+1,-1.080000000e-1,2.479375000e+1,-4.501350000e+1,,,
8.000000000e+1,-1.080000000e-1,2.440937500e+1,-4.367475000e+1,,,
8.196875000e+1,-1.079687500e-1,2.560625000e+1,-4.370625000e+1,,,
8.006250000e+1,-1.080937500e-1,2.560000000e+1,-4.503450000e+1,,,
8.803125000e+1,-1.160000000e-1,2.558750000e+1,-4.435725000e+1,,,
8.800000000e+1,-1.080937500e-1,2.440312500e+1,-4.368000000e+1,,,
8.596875000e+1,-1.120625000e-1,2.520000000e+1,-4.435200000e+1,,,
8.200000000e+1,-1.200937500e-1,2.520312500e+1,-4.301325000e+1,,,
8.396875000e+1,-1.198437500e-1,2.560312500e+1,-4.368000000e+1,,,
8.400000000e+1,-1.038750000e-1,2.400312500e+1,-4.368000000e+1,,,
8.398437500e+1,-1.081875000e-1,2.479687500e+1,-4.367475000e+1,,,
8.401562500e+1,-1.200000000e-1,2.359375000e+1,-4.436250000e+1,,,
8.198437500e+1,-1.078437500e-1,2.517500000e+1,-4.232550000e+1,,,
8.196875000e+1,-1.041250000e-1,2.440312500e+1,-4.300275000e+1,,,
7.998437500e+1,-1.160937500e-1,2.399687500e+1,-4.369050000e+1,,,
8.204687500e+1,-1.078437500e-1,2.480000000e+1,-4.233600000e+1,,,
8.401562500e+1,-1.041562500e-1,2.479687500e+1,-4.300275000e+1,,,
8.395312500e+1,-1.120937500e-1,2.480000000e+1,-4.366950000e+1,,,
8.201562500e+1,-1.080000000e-1,2.438437500e+1,-4.435725000e+1,,,
8.598437500e+1,-1.040000000e-1,2.520000000e+1,-4.368000000e+1,,,
8.404687500e+1,-1.120000000e-1,2.440000000e+1,-4.368525000e+1,,,
8.398437500e+1,-1.040000000e-1,2.400000000e+1,-4.235175000e+1,,,
8.800000000e+1,-1.079687500e-1,2.440312500e+1,-4.503450000e+1,,,
8.403125000e+1,-9.996875000e-2,2.440312500e+1,-4.368000000e+1,,,
8.596875000e+1,-1.082187500e-1,2.480000000e+1,-4.368000000e+1,,,
8.598437500e+1,-1.200000000e-1,2.401875000e+1,-4.366950000e+1,,,
8.801562500e+1,-1.160000000e-1,2.440000000e+1,-4.436250000e+1,,,
9.006250000e+1,-1.199687500e-1,2.520000000e+1,-4.233600000e+1,,,
9.395312500e+1,-1.120000000e-1,2.439375000e+1,-4.369575000e+1,,,
8.800000000e+1,-1.201250000e-1,2.400000000e+1,-4.369050000e+1,,,
9.400000000e+1,-1.157812500e-1,2.360000000e+1,-4.300800000e+1,,,
9.395312500e+1,-1.000312500e-1,2.320312500e+1,-4.367475000e+1,,,
8.396875000e+1,-1.081250000e-1,2.320000000e+1,-4.168500000e+1,,,
8.801562500e+1,-1.121250000e-1,2.319687500e+1,-4.164300000e+1,,,
9.000000000e+1,-1.200625000e-1,2.399687500e+1,-4.435200000e+1,,,
9.000000000e+1,-1.201250000e-1,2.399375000e+1,-4.301850000e+1,,,
9.000000000e+1,-1.238125000e-1,2.359687500e+1,-4.166925000e+1,,,
8.800000000e+1,-1.077500000e-1,2.320000000e+1,-4.099200000e+1,,,
8.998437500e+1,-1.080000000e-1,2.320937500e+1,-4.099200000e+1,,,
8.998437500e+1,-1.080000000e-1,2.319375000e+1,-4.099725000e+1,,,
9.200000000e+1,-1.120312500e-1,2.440000000e+1,-4.167975000e+1,,,
8.996875000e+1,-1.159687500e-1,2.319062500e+1,-4.299225000e+1,,,
9.003125000e+1,-1.120312500e-1,2.401875000e+1,-4.099200000e+1,,,
9.195312500e+1,-1.159687500e-1,2.399375000e+1,-4.368525000e+1,,,
8.801562500e+1,-1.079687500e-1,2.280000000e+1,-4.099200000e+1,,,
9.592187500e+1,-1.117187500e-1,2.439687500e+1,-4.166400000e+1,,,
9.214062500e+1,-1.160312500e-1,2.360000000e+1,-4.098675000e+1,,,
8.800000000e+1,-1.120625000e-1,2.320312500e+1,-4.166400000e+1,,,
9.184375000e+1,-1.119375000e-1,2.280625000e+1,-3.964800000e+1,,,
9.607812500e+1,-1.160000000e-1,2.400312500e+1,-4.099200000e+1,,,
9.007812500e+1,-1.121562500e-1,2.362187500e+1,-3.964800000e+1,,,
9.192187500e+1,-1.117187500e-1,2.200625000e+1,-4.098675000e+1,,,
8.995312500e+1,-1.161562500e-1,2.278750000e+1,-3.966900000e+1,,,
8.801562500e+1,-1.040000000e-1,2.280000000e+1,-3.964800000e+1,,,
9.401562500e+1,-1.160000000e-1,2.239062500e+1,-4.031475000e+1,,,
9.200000000e+1,-1.080312500e-1,2.120000000e+1,-3.897600000e+1,,,
9.398437500e+1,-1.120000000e-1,2.200000000e+1,-4.032000000e+1,,,
9.201562500e+1,-1.080000000e-1,2.200312500e+1,-4.032000000e+1,,,
9.800000000e+1,-1.155625000e-1,2.198437500e+1,-3.962700000e+1,,,
9.401562500e+1,-1.201562500e-1,2.239687500e+1,-4.099200000e+1,,,
9.795312500e+1,-1.081250000e-1,2.240312500e+1,-3.963225000e+1,,,
9.601562500e+1,-1.118750000e-1,2.280000000e+1,-3.965325000e+1,,,
9.200000000e+1,-1.200000000e-1,2.196875000e+1,-3.964800000e+1,,,
9.592187500e+1,-1.120937500e-1,2.161250000e+1,-3.964800000e+1,,,
9.803125000e+1,-1.077812500e-1,2.280000000e+1,-3.964800000e+1,,,
9.601562500e+1,-1.122500000e-1,2.159375000e+1,-3.964800000e+1,,,
1.000156250e+2,-9.596875000e-2,2.160000000e+1,-4.032525000e+1,,,
9.596875000e+1,-1.239062500e-1,2.278437500e+1,-3.963750000e+1,,,
9.404687500e+1,-1.200000000e-1,2.079375000e+1,-3.897600000e+1,,,
1.000000000e+2,-1.080000000e-1,2.200000000e+1,-4.034625000e+1,,,
9.601562500e+1,-1.198750000e-1,2.119062500e+1,-4.164300000e+1,,,
9.400000000e+1,-1.202187500e-1,2.157812500e+1,-3.898650000e+1,,,
9.800000000e+1,-1.120937500e-1,2.160625000e+1,-4.032000000e+1,,,
9.398437500e+1,-1.120000000e-1,2.120312500e+1,-3.964275000e+1,,,
1.000000000e+2,-1.280000000e-1,2.200312500e+1,-3.830925000e+1,,,
9.400000000e+1,-1.200625000e-1,2.160000000e+1,-3.830400000e+1,,,
9.800000000e+1,-1.120312500e-1,2.199687500e+1,-3.897600000e+1,,,
9.203125000e+1,-1.240000000e-1,2.120000000e+1,-3.833550000e+1,,,
9.600000000e+1,-1.162187500e-1,2.160312500e+1,-3.764250000e+1,,,
9.800000000e+1,-1.119687500e-1,2.079687500e+1,-4.033575000e+1,,,
9.598437500e+1,-1.159375000e-1,2.202500000e+1,-3.897075000e+1,,,
9.603125000e+1,-1.160000000e-1,2.239687500e+1,-3.897075000e+1,,,
1.000000000e+2,-1.080312500e-1,2.157812500e+1,-3.763200000e+1,,,
9.801562500e+1,-1.119687500e-1,2.079687500e+1,-3.897075000e+1,,,
9.600000000e+1,-1.120312500e-1,2.118437500e+1,-3.898125000e+1,,,
9.601562500e+1,-1.158750000e-1,2.200312500e+1,-3.965325000e+1,,,
9.996875000e+1,-1.200937500e-1,2.198750000e+1,-3.964800000e+1,,,
1.040000000e+2,-1.080312500e-1,2.039687500e+1,-3.763200000e+1,,,
1.000156250e+2,-1.160000000e-1,2.120000000e+1,-3.763725000e+1,,,
9.800000000e+1,-1.120000000e-1,1.999687500e+1,-3.897600000e+1,,,
1.018437500e+2,-1.080000000e-1,2.119375000e+1,-3.897600000e+1,,,
1.100625000e+2,-1.197187500e-1,2.124687500e+1,-3.897600000e+1,,,
9.789062500e+1,-1.160000000e-1,2.000000000e+1,-3.762150000e+1,,,
1.021093750e+2,-1.080000000e-1,2.120937500e+1,-3.628800000e+1,,,
1.039218750e+2,-1.160000000e-1,2.119687500e+1,-3.764775000e+1,,,
9.798437500e+1,-1.040000000e-1,2.079375000e+1,-3.763200000e+1,,,
1.040781250e+2,-1.160312500e-1,2.040000000e+1,-3.696525000e+1,,,
1.039531250e+2,-1.080937500e-1,2.040937500e+1,-3.695475000e+1,,,
1.019687500e+2,-1.078437500e-1,2.040000000e+1,-3.830400000e+1,,,
1.060000000e+2,-1.200312500e-1,2.119687500e+1,-3.763200000e+1,,,
1.020000000e+2,-1.120312500e-1,1.999375000e+1,-3.829875000e+1,,,
1.039843750e+2,-1.200000000e-1,2.001250000e+1,-3.628275000e+1,,,
1.039687500e+2,-1.119687500e-1,2.040625000e+1,-3.763725000e+1,,,
1.099687500e+2,-1.120000000e-1,2.040000000e+1,-3.696000000e+1,,,
1.061093750e+2,-1.160625000e-1,1.999062500e+1,-3.762675000e+1,,,
1.040468750e+2,-1.120000000e-1,2.080625000e+1,-3.561600000e+1,,,
1.080000000e+2,-1.200000000e-1,2.039375000e+1,-3.629325000e+1,,,
1.039531250e+2,-1.200000000e-1,1.960000000e+1,-3.629325000e+1,,,
1.060156250e+2,-1.120000000e-1,2.040000000e+1,-3.696000000e+1,,,
1.100000000e+2,-1.200000000e-1,2.000000000e+1,-3.629325000e+1,,,
1.060000000e+2,-1.280000000e-1,2.120312500e+1,-3.629850000e+1,,,
1.100000000e+2,-1.162187500e-1,1.960937500e+1,-3.696000000e+1,,,
1.080000000e+2,-1.039062500e-1,2.038750000e+1,-3.562125000e+1,,,
1.100000000e+2,-1.240000000e-1,2.000312500e+1,-3.628800000e+1,,,
1.080156250e+2,-1.160625000e-1,1.920312500e+1,-3.629325000e+1,,,
1.060000000e+2,-1.080937500e-1,2.000000000e+1,-3.561075000e+1,,,
1.079687500e+2,-1.200312500e-1,1.960000000e+1,-3.696000000e+1,,,
1.120000000e+2,-1.120937500e-1,1.999375000e+1,-3.631425000e+1,,,
1.100000000e+2,-1.159687500e-1,1.959687500e+1,-3.561600000e+1,,,
1.120000000e+2,-1.199687500e-1,1.960000000e+1,-3.627750000e+1,,,
1.159531250e+2,-1.280000000e-1,1.958125000e+1,-3.425100000e+1,,,
1.059687500e+2,-1.239687500e-1,1.879687500e+1,-3.563700000e+1,,,
1.100000000e+2,-1.199687500e-1,1.920000000e+1,-3.627750000e+1,,,
1.060156250e+2,-1.120000000e-1,1.839062500e+1,-3.494400000e+1,,,
1.139843750e+2,-1.199687500e-1,1.873437500e+1,-3.561075000e+1,,,
1.100000000e+2,-1.160000000e-1,2.039687500e+1,-3.494925000e+1,,,
1.120000000e+2,-1.240000000e-1,1.959062500e+1,-3.426675000e+1,,,
1.080156250e+2,-1.200312500e-1,1.919687500e+1,-3.360000000e+1,,,
1.099843750e+2,-1.280000000e-1,1.879687500e+1,-3.493875000e+1,,,
1.080156250e+2,-1.160625000e-1,1.960000000e+1,-3.360000000e+1,,,
1.098750000e+2,-1.159375000e-1,1.920937500e+1,-3.291750000e+1,,,
1.140312500e+2,-1.160000000e-1,1.878437500e+1,-3.492300000e+1,,,
1.140156250e+2,-1.120000000e-1,1.919375000e+1,-3.561075000e+1,,,
1.160000000e+2,-1.200000000e-1,1.719375000e+1,-3.360525000e+1,,,
1.119218750e+2,-1.119375000e-1,1.800000000e+1,-3.494400000e+1,,,
1.100156250e+2,-1.161250000e-1,1.799687500e+1,-3.425625000e+1,,,
1.140937500e+2,-1.240312500e-1,1.760000000e+1,-3.292800000e+1,,,
1.199843750e+2,-1.240625000e-1,1.799687500e+1,-3.427200000e+1,,,
1.160468750e+2,-1.200000000e-1,1.799687500e+1,-3.292800000e+1,,,
1.159843750e+2,-1.200312500e-1,1.879687500e+1,-3.427200000e+1,,,
1.140468750e+2,-1.160000000e-1,1.799687500e+1,-3.427200000e+1,,,
1.119843750e+2,-1.160312500e-1,1.880625000e+1,-3.358425000e+1,,,
1.159375000e+2,-1.240000000e-1,1.839062500e+1,-3.293325000e+1,,,
1.180000000e+2,-1.200000000e-1,1.799687500e+1,-3.427725000e+1,,,
1.180156250e+2,-1.240000000e-1,1.760000000e+1,-3.292800000e+1,,,
1.199843750e+2,-1.160625000e-1,1.719687500e+1,-3.427200000e+1,,,
1.159687500e+2,-1.120000000e-1,1.720312500e+1,-3.292800000e+1,,,
1.180000000e+2,-1.280625000e-1,1.760000000e+1,-3.292800000e+1,,,
1.200312500e+2,-1.279375000e-1,1.759375000e+1,-3.292800000e+1,,,
1.260000000e+2,-1.080000000e-1,1.720000000e+1,-3.225600000e+1,,,
1.199687500e+2,-1.116562500e-1,1.721250000e+1,-3.427200000e+1,,,
1.179843750e+2,-1.280000000e-1,1.640312500e+1,-3.224550000e+1,,,
1.159843750e+2,-1.199687500e-1,1.640000000e+1,-3.090150000e+1,,,
1.199843750e+2,-1.200625000e-1,1.639687500e+1,-3.292275000e+1,,,
1.179687500e+2,-1.240625000e-1,1.680937500e+1,-3.292275000e+1,,,
1.140156250e+2,-1.279375000e-1,1.800625000e+1,-3.158400000e+1,,,
1.139687500e+2,-1.199375000e-1,1.721562500e+1,-3.292800000e+1,,,
1.220000000e+2,-1.237812500e-1,1.598437500e+1,-3.158400000e+1,,,
1.180000000e+2,-1.280000000e-1,1.721562500e+1,-3.292800000e+1,,,
1.220000000e+2,-1.240000000e-1,1.678437500e+1,-3.158400000e+1,,,
1.179375000e+2,-1.280000000e-1,1.559687500e+1,-3.294375000e+1,,,
1.200781250e+2,-1.199062500e-1,1.643437500e+1,-3.156825000e+1,,,
1.259531250e+2,-1.200625000e-1,1.679062500e+1,-3.091200000e+1,,,
1.180000000e+2,-1.240000000e-1,1.638437500e+1,-3.158400000e+1,,,
1.260000000e+2,-1.240000000e-1,1.800312500e+1,-3.091200000e+1,,,
1.260000000e+2,-1.239687500e-1,1.640625000e+1,-3.158400000e+1,,,
1.200000000e+2,-1.160000000e-1,1.600000000e+1,-3.158400000e+1,,,
1.239843750e+2,-1.201562500e-1,1.559687500e+1,-3.091200000e+1,,,
1.219687500e+2,-1.279687500e-1,1.560312500e+1,-3.024000000e+1,,,
1.260000000e+2,-1.200000000e-1,1.640000000e+1,-3.091200000e+1,,,
1.200468750e+2,-1.278750000e-1,1.522500000e+1,-3.090675000e+1,,,
1.179687500e+2,-1.198750000e-1,1.519375000e+1,-3.293325000e+1,,,
1.180625000e+2,-1.120625000e-1,1.639375000e+1,-3.022950000e+1,,,
1.240000000e+2,-1.240937500e-1,1.640000000e+1,-3.024525000e+1,,,
1.199687500e+2,-1.199375000e-1,1.639375000e+1,-3.090675000e+1,,,
1.240625000e+2,-1.200312500e-1,1.520000000e+1,-3.158400000e+1,,,
1.260000000e+2,-1.200000000e-1,1.519687500e+1,-3.159450000e+1,,,
1.260312500e+2,-1.200312500e-1,1.560000000e+1,-2.957850000e+1,,,
1.239843750e+2,-1.200000000e-1,1.520625000e+1,-2.956800000e+1,,,
1.260000000e+2,-1.279687500e-1,1.480312500e+1,-3.024000000e+1,,,
1.239687500e+2,-1.280000000e-1,1.560937500e+1,-2.956800000e+1,,,
1.299843750e+2,-1.279062500e-1,1.519375000e+1,-3.024000000e+1,,,
1.260468750e+2,-1.200312500e-1,1.440000000e+1,-2.889600000e+1,,,
1.278437500e+2,-1.359062500e-1,1.519375000e+1,-2.956275000e+1,,,
1.319843750e+2,-1.240625000e-1,1.480000000e+1,-2.890125000e+1,,,
1.279375000e+2,-1.200000000e-1,1.560000000e+1,-2.822400000e+1,,,
1.280000000e+2,-1.240937500e-1,1.520625000e+1,-2.890125000e+1,,,
1.280000000e+2,-1.280937500e-1,1.599687500e+1,-2.956800000e+1,,,
1.300000000e+2,-1.278437500e-1,1.440000000e+1,-2.888550000e+1,,,
1.300156250e+2,-1.119375000e-1,1.600312500e+1,-2.890125000e+1,,,
1.360000000e+2,-1.157187500e-1,1.523125000e+1,-3.024525000e+1,,,
1.339531250e+2,-1.240000000e-1,1.520000000e+1,-2.889600000e+1,,,
1.320000000e+2,-1.240625000e-1,1.480625000e+1,-2.956800000e+1,,,
1.320000000e+2,-1.321562500e-1,1.560000000e+1,-3.023475000e+1,,,
1.320156250e+2,-1.317812500e-1,1.400000000e+1,-2.956800000e+1,,,
1.360000000e+2,-1.200625000e-1,1.400625000e+1,-2.688000000e+1,,,
1.360468750e+2,-1.320625000e-1,1.439687500e+1,-2.883825000e+1,,,
1.299687500e+2,-1.200000000e-1,1.440312500e+1,-2.956800000e+1,,,
1.280156250e+2,-1.160000000e-1,1.399687500e+1,-2.754675000e+1,,,
1.300156250e+2,-1.200625000e-1,1.400937500e+1,-2.822400000e+1,,,
1.299843750e+2,-1.280937500e-1,1.440000000e+1,-2.753100000e+1,,,
1.300000000e+2,-1.279687500e-1,1.357500000e+1,-2.689050000e+1,,,
1.320312500e+2,-1.280625000e-1,1.320625000e+1,-2.755725000e+1,,,
1.380000000e+2,-1.281250000e-1,1.398125000e+1,-2.620275000e+1,,,
1.339843750e+2,-1.160000000e-1,1.400000000e+1,-2.890650000e+1,,,
1.340156250e+2,-1.240937500e-1,1.399687500e+1,-2.892750000e+1,,,
1.279375000e+2,-1.239687500e-1,1.360000000e+1,-2.620800000e+1,,,
1.399843750e+2,-1.239687500e-1,1.359687500e+1,-2.890650000e+1,,,
1.300625000e+2,-1.240625000e-1,1.400312500e+1,-2.822925000e+1,,,
1.378750000e+2,-1.320000000e-1,1.440625000e+1,-2.822400000e+1,,,
1.378750000e+2,-1.279062500e-1,1.360312500e+1,-2.688000000e+1,,,
1.339375000e+2,-1.240937500e-1,1.360312500e+1,-2.621850000e+1,,,
1.340156250e+2,-1.360625000e-1,1.279687500e+1,-2.485350000e+1,,,
1.360468750e+2,-1.279062500e-1,1.400000000e+1,-2.620800000e+1,,,
1.380000000e+2,-1.280937500e-1,1.357187500e+1,-2.419725000e+1,,,
1.380156250e+2,-1.279375000e-1,1.200000000e+1,-2.549925000e+1,,,
1.400000000e+2,-1.240000000e-1,1.357812500e+1,-2.754675000e+1,,,
1.380312500e+2,-1.200000000e-1,1.239375000e+1,-2.688000000e+1,,,
1.359687500e+2,-1.200000000e-1,1.200000000e+1,-2.688525000e+1,,,
1.399843750e+2,-1.280000000e-1,1.319687500e+1,-2.554125000e+1,,,
1.400000000e+2,-1.240312500e-1,1.158750000e+1,-2.689575000e+1,,,
1.399687500e+2,-1.279062500e-1,1.281250000e+1,-2.620800000e+1,,,
1.420000000e+2,-1.159375000e-1,1.319687500e+1,-2.419200000e+1,,,
1.400468750e+2,-1.199375000e-1,1.323437500e+1,-2.619750000e+1,,,
1.400468750e+2,-1.200625000e-1,1.200000000e+1,-2.554650000e+1,,,
1.440000000e+2,-1.321250000e-1,1.240000000e+1,-2.553600000e+1,,,
1.419843750e+2,-1.277187500e-1,1.200000000e+1,-2.484300000e+1,,,
1.440000000e+2,-1.160625000e-1,1.240312500e+1,-2.284275000e+1,,,
1.420000000e+2,-1.280625000e-1,1.200312500e+1,-2.620800000e+1,,,
1.439843750e+2,-1.200312500e-1,1.160625000e+1,-2.620800000e+1,,,
1.400000000e+2,-1.240625000e-1,1.158750000e+1,-2.621850000e+1,,,
1.460000000e+2,-1.240312500e-1,1.240000000e+1,-2.485875000e+1,,,
1.420000000e+2,-1.239062500e-1,1.160312500e+1,-2.620800000e+1,,,
1.460000000e+2,-1.159062500e-1,1.159375000e+1,-2.487450000e+1,,,
1.420000000e+2,-1.160937500e-1,1.120312500e+1,-2.418150000e+1,,,
1.480000000e+2,-1.243125000e-1,1.240000000e+1,-2.486400000e+1,,,
1.440000000e+2,-1.360000000e-1,1.082500000e+1,-2.352525000e+1,,,
1.479843750e+2,-1.238750000e-1,1.159375000e+1,-2.485350000e+1,,,
1.480000000e+2,-1.200000000e-1,1.199687500e+1,-2.486400000e+1,,,
1.480156250e+2,-1.239687500e-1,1.239062500e+1,-2.417100000e+1,,,
1.499687500e+2,-1.160625000e-1,1.159062500e+1,-2.217600000e+1,,,
1.459843750e+2,-1.280937500e-1,1.200312500e+1,-2.487450000e+1,,,
1.500156250e+2,-1.199375000e-1,1.240000000e+1,-2.284800000e+1,,,
1.499531250e+2,-1.159687500e-1,1.200000000e+1,-2.284800000e+1,,,
1.539687500e+2,-1.236562500e-1,1.240000000e+1,-2.285325000e+1,,,
1.520156250e+2,-1.400000000e-1,1.160312500e+1,-2.217600000e+1,,,
1.520156250e+2,-1.281875000e-1,1.120625000e+1,-2.217600000e+1,,,
1.500156250e+2,-1.240000000e-1,1.200000000e+1,-2.218125000e+1,,,
1.500625000e+2,-1.200625000e-1,1.120625000e+1,-2.217600000e+1,,,
1.478906250e+2,-1.237812500e-1,1.119375000e+1,-2.353050000e+1,,,
1.540000000e+2,-1.280312500e-1,1.080625000e+1,-2.151450000e+1,,,
1.500000000e+2,-1.240000000e-1,1.039062500e+1,-2.284800000e+1,,,
1.540000000e+2,-1.240312500e-1,1.160000000e+1,-2.217600000e+1,,,
1.499843750e+2,-1.160312500e-1,1.039062500e+1,-2.218125000e+1,,,
1.500468750e+2,-1.200000000e-1,1.080000000e+1,-2.083200000e+1,,,
1.539843750e+2,-1.320000000e-1,1.080000000e+1,-2.352000000e+1,,,
1.480000000e+2,-1.199062500e-1,1.042500000e+1,-2.223375000e+1,,,
1.539218750e+2,-1.358750000e-1,1.000000000e+1,-2.150400000e+1,,,
1.520312500e+2,-1.280625000e-1,1.039687500e+1,-2.150925000e+1,,,
1.500000000e+2,-1.320000000e-1,9.584375000e+0,-2.148825000e+1,,,
1.499843750e+2,-1.240312500e-1,1.001250000e+1,-2.084250000e+1,,,
1.519687500e+2,-1.279062500e-1,9.993750000e+0,-2.419200000e+1,,,
1.540000000e+2,-1.321875000e-1,9.203125000e+0,-2.016000000e+1,,,
1.540156250e+2,-1.201250000e-1,8.803125000e+0,-2.016000000e+1,,,
1.580468750e+2,-1.239687500e-1,1.000000000e+1,-2.084250000e+1,,,
1.579843750e+2,-1.240000000e-1,9.981250000e+0,-2.013375000e+1,,,
1.539687500e+2,-1.280000000e-1,9.203125000e+0,-1.814400000e+1,,,
1.560156250e+2,-1.240000000e-1,1.000000000e+1,-2.153550000e+1,,,
1.600312500e+2,-1.320000000e-1,9.190625000e+0,-2.215500000e+1,,,
1.480000000e+2,-1.278750000e-1,9.209375000e+0,-2.017575000e+1,,,
1.560312500e+2,-1.360312500e-1,8.793750000e+0,-2.016000000e+1,,,
1.560156250e+2,-1.200000000e-1,9.600000000e+0,-2.149875000e+1,,,
1.499843750e+2,-1.240000000e-1,8.384375000e+0,-1.814400000e+1,,,
1.600000000e+2,-1.280000000e-1,8.403125000e+0,-2.149875000e+1,,,
1.540000000e+2,-1.280000000e-1,9.206250000e+0,-2.015475000e+1,,,
1.580000000e+2,-1.240000000e-1,9.600000000e+0,-1.947750000e+1,,,
1.520000000e+2,-1.318750000e-1,9.215625000e+0,-2.083725000e+1,,,
1.559531250e+2,-1.320937500e-1,8.406250000e+0,-2.082150000e+1,,,
1.620156250e+2,-1.280625000e-1,1.001250000e+1,-2.016000000e+1,,,
1.600156250e+2,-1.280000000e-1,9.193750000e+0,-2.017050000e+1,,,
1.659843750e+2,-1.320312500e-1,9.193750000e+0,-2.014425000e+1,,,
1.580312500e+2,-1.240312500e-1,8.393750000e+0,-1.882125000e+1,,,
1.580000000e+2,-1.279062500e-1,8.415625000e+0,-1.948275000e+1,,,
1.620156250e+2,-1.280000000e-1,8.003125000e+0,-1.881600000e+1,,,
1.620000000e+2,-1.280625000e-1,9.600000000e+0,-1.881600000e+1,,,
1.600156250e+2,-1.200312500e-1,7.993750000e+0,-1.881600000e+1,,,
1.619687500e+2,-1.240000000e-1,8.000000000e+0,-1.948800000e+1,,,
1.660468750e+2,-1.320000000e-1,7.584375000e+0,-1.814400000e+1,,,
1.600000000e+2,-1.280000000e-1,7.196875000e+0,-2.083200000e+1,,,
1.659375000e+2,-1.357812500e-1,8.365625000e+0,-1.950900000e+1,,,
1.639531250e+2,-1.360000000e-1,8.000000000e+0,-1.813875000e+1,,,
1.619375000e+2,-1.359687500e-1,7.212500000e+0,-1.814400000e+1,,,
1.579843750e+2,-1.279375000e-1,9.200000000e+0,-1.814400000e+1,,,
1.620781250e+2,-1.200000000e-1,7.181250000e+0,-1.747200000e+1,,,
1.659843750e+2,-1.280312500e-1,7.609375000e+0,-1.747200000e+1,,,
1.640156250e+2,-1.280625000e-1,7.215625000e+0,-1.747200000e+1,,,
1.660625000e+2,-1.240000000e-1,6.800000000e+0,-1.747725000e+1,,,
1.580312500e+2,-1.279687500e-1,7.212500000e+0,-1.814400000e+1,,,
1.639687500e+2,-1.280312500e-1,8.396875000e+0,-1.748250000e+1,,,
1.660000000e+2,-1.280000000e-1,6.784375000e+0,-1.880025000e+1,,,
1.639687500e+2,-1.280312500e-1,7.203125000e+0,-1.680000000e+1,,,
1.719375000e+2,-1.319687500e-1,6.800000000e+0,-1.881600000e+1,,,
1.700625000e+2,-1.363437500e-1,7.978125000e+0,-1.746150000e+1,,,
1.679375000e+2,-1.200312500e-1,7.590625000e+0,-1.612800000e+1,,,
1.640000000e+2,-1.320000000e-1,6.393750000e+0,-1.814925000e+1,,,
1.700000000e+2,-1.240000000e-1,6.000000000e+0,-1.678425000e+1,,,
1.680156250e+2,-1.280312500e-1,6.800000000e+0,-1.546125000e+1,,,
1.739843750e+2,-1.280000000e-1,6.400000000e+0,-1.545075000e+1,,,
1.700000000e+2,-1.280000000e-1,6.800000000e+0,-1.680000000e+1,,,
1.700000000e+2,-1.280000000e-1,6.787500000e+0,-1.612800000e+1,,,
1.680156250e+2,-1.280312500e-1,7.606250000e+0,-1.747200000e+1,,,
1.659843750e+2,-1.280000000e-1,6.003125000e+0,-1.612800000e+1,,,
1.719687500e+2,-1.320000000e-1,6.800000000e+0,-1.680525000e+1,,,
1.719843750e+2,-1.280000000e-1,5.600000000e+0,-1.479450000e+1,,,
1.760000000e+2,-1.280000000e-1,6.400000000e+0,-1.545075000e+1,,,
1.720000000e+2,-1.240312500e-1,5.603125000e+0,-1.612800000e+1,,,
1.740000000e+2,-1.240000000e-1,6.400000000e+0,-1.545600000e+1,,,
1.700000000e+2,-1.240312500e-1,5.600000000e+0,-1.409625000e+1,,,
1.760000000e+2,-1.240000000e-1,6.009375000e+0,-1.415400000e+1,,,
1.699843750e+2,-1.280000000e-1,5.993750000e+0,-1.612800000e+1,,,
1.739843750e+2,-1.240312500e-1,5.590625000e+0,-1.409100000e+1,,,
1.700312500e+2,-1.360000000e-1,4.796875000e+0,-1.411725000e+1,,,
1.780000000e+2,-1.283750000e-1,5.546875000e+0,-1.410150000e+1,,,
1.700000000e+2,-1.200000000e-1,6.403125000e+0,-1.479450000e+1,,,
1.759531250e+2,-1.239687500e-1,5.587500000e+0,-1.344525000e+1,,,
1.800781250e+2,-1.280312500e-1,5.603125000e+0,-1.545600000e+1,,,
1.720156250e+2,-1.320000000e-1,6.796875000e+0,-1.413300000e+1,,,
1.779375000e+2,-1.320000000e-1,6.000000000e+0,-1.344000000e+1,,,
1.741250000e+2,-1.358437500e-1,4.406250000e+0,-1.411200000e+1,,,
1.740468750e+2,-1.400000000e-1,4.400000000e+0,-1.344000000e+1,,,
1.759843750e+2,-1.120000000e-1,4.000000000e+0,-1.411200000e+1,,,
1.739843750e+2,-1.321562500e-1,4.409375000e+0,-1.344525000e+1,,,
1.760000000e+2,-1.358750000e-1,5.200000000e+0,-1.276800000e+1,,,
1.760312500e+2,-1.280625000e-1,4.393750000e+0,-1.410675000e+1,,,
1.800625000e+2,-1.400625000e-1,4.000000000e+0,-1.209600000e+1,,,
1.819531250e+2,-1.282500000e-1,4.393750000e+0,-1.409625000e+1,,,
1.779843750e+2,-1.199375000e-1,4.796875000e+0,-1.276275000e+1,,,
1.819843750e+2,-1.280000000e-1,5.184375000e+0,-1.276800000e+1,,,
1.780468750e+2,-1.240000000e-1,3.203125000e+0,-1.276800000e+1,,,
1.799218750e+2,-1.240625000e-1,5.209375000e+0,-1.344525000e+1,,,
1.840625000e+2,-1.400000000e-1,3.990625000e+0,-1.344000000e+1,,,
1.760468750e+2,-1.360625000e-1,4.396875000e+0,-1.343475000e+1,,,
1.821093750e+2,-1.399375000e-1,3.200000000e+0,-1.343475000e+1,,,
1.839531250e+2,-1.400312500e-1,4.000000000e+0,-1.209600000e+1,,,
1.799687500e+2,-1.360000000e-1,3.603125000e+0,-1.142400000e+1,,,
1.840468750e+2,-1.319687500e-1,4.400000000e+0,-1.210125000e+1,,,
1.880000000e+2,-1.280000000e-1,2.784375000e+0,-1.209600000e+1,,,
1.860000000e+2,-1.280000000e-1,3.200000000e+0,-1.142400000e+1,,,
1.819843750e+2,-1.239062500e-1,3.981250000e+0,-1.209075000e+1,,,
1.820312500e+2,-1.320000000e-1,4.003125000e+0,-1.276800000e+1,,,
1.859843750e+2,-1.240000000e-1,2.800000000e+0,-1.209600000e+1,,,
1.840000000e+2,-1.320625000e-1,3.996875000e+0,-1.277325000e+1,,,
1.860000000e+2,-1.279687500e-1,3.193750000e+0,-1.141875000e+1,,,
1.860000000e+2,-1.320312500e-1,3.606250000e+0,-1.142400000e+1,,,
1.860000000e+2,-1.320312500e-1,3.206250000e+0,-1.143975000e+1,,,
1.840312500e+2,-1.359062500e-1,2.418750000e+0,-1.005375000e+1,,,
1.820000000e+2,-1.360312500e-1,2.406250000e+0,-1.209600000e+1,,,
1.880000000e+2,-1.320000000e-1,2.393750000e+0,-1.008000000e+1,,,
1.839375000e+2,-1.320000000e-1,1.600000000e+0,-1.211700000e+1,,,
1.840156250e+2,-1.280625000e-1,2.409375000e+0,-1.074150000e+1,,,
1.859843750e+2,-1.320000000e-1,1.993750000e+0,-1.142400000e+1,,,
1.860000000e+2,-1.201250000e-1,2.003125000e+0,-1.142400000e+1,,,
1.880000000e+2,-1.199687500e-1,2.006250000e+0,-1.075200000e+1,,,
1.920000000e+2,-1.320625000e-1,3.196875000e+0,-1.008525000e+1,,,
1.920000000e+2,-1.360312500e-1,2.800000000e+0,-1.009050000e+1,,,
1.920156250e+2,-1.400312500e-1,2.000000000e+0,-1.075200000e+1,,,
1.880156250e+2,-1.358125000e-1,2.803125000e+0,-9.413250000e+0,,,
1.899531250e+2,-1.240000000e-1,3.196875000e+0,-9.408000000e+0,,,
1.900312500e+2,-1.359375000e-1,2.821875000e+0,-9.402750000e+0,,,
1.880156250e+2,-1.279375000e-1,1.603125000e+0,-1.142400000e+1,,,
1.920312500e+2,-1.320625000e-1,1.596875000e+0,-9.402750000e+0,,,
1.919687500e+2,-1.320000000e-1,2.000000000e+0,-9.402750000e+0,,,
1.919843750e+2,-1.320625000e-1,1.593750000e+0,-8.069250000e+0,,,
1.920156250e+2,-1.318750000e-1,1.200000000e+0,-8.736000000e+0,,,
1.939843750e+2,-1.199062500e-1,1.200000000e+0,-9.413250000e+0,,,
1.919843750e+2,-1.198750000e-1,7.968750000e-1,-9.402750000e+0,,,
1.940468750e+2,-1.360000000e-1,1.996875000e+0,-1.075200000e+1,,,
1.880000000e+2,-1.321562500e-1,7.906250000e-1,-1.073625000e+1,,,
1.919375000e+2,-1.280625000e-1,8.031250000e-1,-8.058750000e+0,,,
1.960000000e+2,-1.400625000e-1,8.000000000e-1,-8.736000000e+0,,,
1.940625000e+2,-1.359687500e-1,8.000000000e-1,-9.408000000e+0,,,
1.919375000e+2,-1.320312500e-1,1.190625000e+0,-7.402500000e+0,,,
1.960468750e+2,-1.320312500e-1,1.200000000e+0,-8.730750000e+0,,,
1.960000000e+2,-1.279687500e-1,4.000000000e-1,-8.730750000e+0,,,
1.980156250e+2,-1.199687500e-1,8.000000000e-1,-8.736000000e+0,,,
1.979531250e+2,-1.241562500e-1,4.000000000e-1,-8.741250000e+0,,,
1.960156250e+2,-1.320000000e-1,1.200000000e+0,-7.392000000e+0,,,
2.020156250e+2,-1.279687500e-1,3.906250000e-1,-7.386750000e+0,,,
2.020000000e+2,-1.319375000e-1,-8.281250000e-1,-6.042750000e+0,,,
1.939531250e+2,-1.320312500e-1,1.184375000e+0,-8.736000000e+0,,,
1.960000000e+2,-1.360312500e-1,7.875000000e-1,-9.408000000e+0,,,
2.000000000e+2,-1.319062500e-1,0.000000000e+0,-8.741250000e+0,,,
1.960000000e+2,-1.280000000e-1,0.000000000e+0,-8.064000000e+0,,,
2.000000000e+2,-1.279687500e-1,4.000000000e-1,-5.376000000e+0,,,
1.999843750e+2,-1.240000000e-1,1.562500000e-2,-7.355250000e+0,,,
2.040156250e+2,-1.280000000e-1,-4.031250000e-1,-7.392000000e+0,,,
2.039843750e+2,-1.280312500e-1,0.000000000e+0,-6.714750000e+0,,,
2.019531250e+2,-1.320937500e-1,3.125000000e-3,-6.048000000e+0,,,
2.000000000e+2,-1.399375000e-1,4.000000000e-1,-6.074250000e+0,,,
2.020312500e+2,-1.278750000e-1,-9.375000000e-3,-7.386750000e+0,,,
2.020000000e+2,-1.280312500e-1,0.000000000e+0,-5.386500000e+0,,,
2.020000000e+2,-1.279375000e-1,-3.687500000e-1,-4.704000000e+0,,,
2.020000000e+2,-1.360312500e-1,-1.200000000e+0,-5.386500000e+0,,,
2.039687500e+2,-1.359062500e-1,-1.200000000e+0,-6.714750000e+0,,,
2.100312500e+2,-1.198750000e-1,-1.203125000e+0,-6.725250000e+0,,,
2.020156250e+2,-1.241875000e-1,-4.000000000e-1,-6.053250000e+0,,,
2.059218750e+2,-1.320000000e-1,-1.600000000e+0,-7.397250000e+0,,,
2.059843750e+2,-1.280000000e-1,-4.156250000e-1,-4.714500000e+0,,,
2.059218750e+2,-1.280000000e-1,-7.875000000e-1,-6.063750000e+0,,,
1.999375000e+2,-1.240000000e-1,-7.968750000e-1,-5.381250000e+0,,,
2.020312500e+2,-1.281562500e-1,-1.596875000e+0,-5.365500000e+0,,,
2.040468750e+2,-1.319062500e-1,-2.000000000e+0,-6.048000000e+0,,,
2.059531250e+2,-1.242187500e-1,-1.606250000e+0,-4.709250000e+0,,,
2.019843750e+2,-1.400000000e-1,-2.006250000e+0,-4.688250000e+0,,,
2.060625000e+2,-1.240000000e-1,-4.312500000e-1,-5.402250000e+0,,,
2.080000000e+2,-1.320000000e-1,-1.206250000e+0,-3.360000000e+0,,,
2.080312500e+2,-1.280000000e-1,-2.000000000e+0,-6.725250000e+0,,,
2.060000000e+2,-1.320312500e-1,-1.600000000e+0,-2.667000000e+0,,,
2.080000000e+2,-1.279687500e-1,-1.615625000e+0,-4.725000000e+0,,,
2.059531250e+2,-1.280937500e-1,-2.400000000e+0,-3.360000000e+0,,,
2.119687500e+2,-1.278750000e-1,-1.603125000e+0,-3.360000000e+0,,,
2.080937500e+2,-1.197812500e-1,-1.962500000e+0,-3.360000000e+0,,,
2.080937500e+2,-1.400937500e-1,-2.400000000e+0,-4.032000000e+0,,,
2.160000000e+2,-1.318437500e-1,-1.603125000e+0,-4.032000000e+0,,,
2.099531250e+2,-1.321875000e-1,-2.006250000e+0,-4.026750000e+0,,,
2.120000000e+2,-1.399687500e-1,-2.803125000e+0,-3.365250000e+0,,,
2.120000000e+2,-1.237812500e-1,-2.409375000e+0,-4.032000000e+0,,,
2.139843750e+2,-1.200000000e-1,-2.000000000e+0,-5.376000000e+0,,,
2.099843750e+2,-1.280625000e-1,-2.396875000e+0,-4.047750000e+0,,,
2.100000000e+2,-1.280625000e-1,-2.403125000e+0,-2.688000000e+0,,,
2.120000000e+2,-1.319375000e-1,-2.400000000e+0,-2.688000000e+0,,,
2.100000000e+2,-1.239687500e-1,-2.396875000e+0,-2.016000000e+0,,,
2.120000000e+2,-1.280937500e-1,-2.403125000e+0,-3.360000000e+0,,,
2.100156250e+2,-1.280937500e-1,-3.200000000e+0,-2.016000000e+0,,,
2.159843750e+2,-1.360000000e-1,-3.212500000e+0,-2.693250000e+0,,,
2.140000000e+2,-1.319062500e-1,-2.803125000e+0,-2.005500000e+0,,,
2.140000000e+2,-1.280312500e-1,-2.800000000e+0,-4.037250000e+0,,,
2.119375000e+2,-1.360312500e-1,-2.806250000e+0,-1.995000000e+0,,,
2.080312500e+2,-1.319375000e-1,-3.203125000e+0,-1.344000000e+0,,,
2.180468750e+2,-1.319687500e-1,-3.203125000e+0,-2.021250000e+0,,,
2.179843750e+2,-1.280312500e-1,-3.600000000e+0,-1.344000000e+0,,,
2.180781250e+2,-1.320937500e-1,-2.800000000e+0,-6.720000000e-1,,,
2.120468750e+2,-1.279375000e-1,-3.600000000e+0,-6.772500000e-1,,,
2.158593750e+2,-1.360625000e-1,-4.400000000e+0,0.000000000e+0,,,
2.220625000e+2,-1.240312500e-1,-3.993750000e+0,-1.050000000e-2,,,
2.141406250e+2,-1.319687500e-1,-4.003125000e+0,-2.703750000e+0,,,
2.158125000e+2,-1.242812500e-1,-4.400000000e+0,1.344000000e+0,,,
2.200000000e+2,-1.273125000e-1,-4.021875000e+0,-6.457500000e-1,,,
2.179687500e+2,-1.401875000e-1,-3.593750000e+0,-1.359750000e+0,,,
2.200156250e+2,-1.161562500e-1,-4.400000000e+0,-6.720000000e-1,,,
2.219843750e+2,-1.239375000e-1,-3.596875000e+0,-2.016000000e+0,,,
2.179687500e+2,-1.360000000e-1,-4.006250000e+0,6.615000000e-1,,,
2.160468750e+2,-1.240000000e-1,-4.000000000e+0,6.720000000e-1,,,
2.220000000e+2,-1.320000000e-1,-4.009375000e+0,-6.720000000e-1,,,
2.180000000e+2,-1.238125000e-1,-2.803125000e+0,-3.675000000e-2,,,
2.179687500e+2,-1.399375000e-1,-3.993750000e+0,6.720000000e-1,,,
2.199687500e+2,-1.281250000e-1,-4.796875000e+0,-5.250000000e-3,,,
2.239843750e+2,-1.320000000e-1,-4.400000000e+0,6.772500000e-1,,,
2.220156250e+2,-1.280000000e-1,-4.818750000e+0,6.720000000e-1,,,
2.220000000e+2,-1.360625000e-1,-5.200000000e+0,6.667500000e-1,,,
2.219687500e+2,-1.240312500e-1,-5.200000000e+0,-6.720000000e-1,,,
2.260312500e+2,-1.359062500e-1,-5.600000000e+0,-6.720000000e-1,,,
2.259531250e+2,-1.280937500e-1,-5.200000000e+0,1.050000000e-2,,,
2.240000000e+2,-1.280000000e-1,-4.793750000e+0,2.016000000e+0,,,
2.260000000e+2,-1.280000000e-1,-4.806250000e+0,2.016000000e+0,,,
2.240000000e+2,-1.280000000e-1,-5.600000000e+0,2.682750000e+0,,,
2.260000000e+2,-1.239687500e-1,-5.193750000e+0,1.333500000e+0,,,
2.220000000e+2,-1.358125000e-1,-5.187500000e+0,2.005500000e+0,,,
2.300000000e+2,-1.320625000e-1,-5.600000000e+0,2.016000000e+0,,,
2.220000000e+2,-1.320000000e-1,-5.190625000e+0,2.016000000e+0,,,
2.300000000e+2,-1.280000000e-1,-4.815625000e+0,2.021250000e+0,,,
2.220000000e+2,-1.240000000e-1,-6.403125000e+0,0.000000000e+0,,,
2.279843750e+2,-1.320312500e-1,-5.193750000e+0,2.021250000e+0,,,
2.260781250e+2,-1.280000000e-1,-5.603125000e+0,2.005500000e+0,,,
2.240000000e+2,-1.200312500e-1,-4.793750000e+0,2.677500000e+0,,,
2.299843750e+2,-1.239375000e-1,-6.409375000e+0,-1.050000000e-2,,,
2.279843750e+2,-1.240000000e-1,-5.578125000e+0,2.021250000e+0,,,
2.260156250e+2,-1.280000000e-1,-5.200000000e+0,2.010750000e+0,,,
2.300000000e+2,-1.280000000e-1,-5.625000000e+0,2.682750000e+0,,,
2.280000000e+2,-1.280000000e-1,-6.803125000e+0,2.016000000e+0,,,
2.300000000e+2,-1.319375000e-1,-6.015625000e+0,2.677500000e+0,,,
2.259843750e+2,-1.320625000e-1,-5.596875000e+0,3.360000000e+0,,,
2.279843750e+2,-1.280625000e-1,-5.209375000e+0,2.688000000e+0,,,
2.279531250e+2,-1.240000000e-1,-6.806250000e+0,3.360000000e+0,,,
2.340000000e+2,-1.280000000e-1,-6.400000000e+0,3.360000000e+0,,,
2.280312500e+2,-1.200000000e-1,-5.609375000e+0,4.032000000e+0,,,
2.338906250e+2,-1.280000000e-1,-6.796875000e+0,2.688000000e+0,,,
2.360312500e+2,-1.283750000e-1,-6.400000000e+0,6.562500000e-1,,,
2.319531250e+2,-1.200000000e-1,-7.600000000e+0,4.042500000e+0,,,
2.320156250e+2,-1.280625000e-1,-7.981250000e+0,3.354750000e+0,,,
2.319843750e+2,-1.320000000e-1,-6.000000000e+0,4.698750000e+0,,,
2.320312500e+2,-1.240000000e-1,-8.018750000e+0,3.360000000e+0,,,
2.360156250e+2,-1.320000000e-1,-7.190625000e+0,5.370750000e+0,,,
2.339531250e+2,-1.240312500e-1,-6.803125000e+0,4.042500000e+0,,,
2.319843750e+2,-1.359062500e-1,-6.400000000e+0,2.005500000e+0,,,
2.339531250e+2,-1.321250000e-1,-6.403125000e+0,2.021250000e+0,,,
2.340000000e+2,-1.279687500e-1,-6.803125000e+0,3.370500000e+0,,,
2.319687500e+2,-1.360000000e-1,-6.787500000e+0,4.698750000e+0,,,
2.399375000e+2,-1.320000000e-1,-6.831250000e+0,4.032000000e+0,,,
2.400781250e+2,-1.320312500e-1,-8.000000000e+0,4.704000000e+0,,,
2.340625000e+2,-1.280312500e-1,-6.415625000e+0,4.704000000e+0,,,
2.360625000e+2,-1.320000000e-1,-7.612500000e+0,4.704000000e+0,,,
2.400156250e+2,-1.320000000e-1,-8.003125000e+0,6.053250000e+0,,,
2.399843750e+2,-1.320000000e-1,-8.000000000e+0,6.704250000e+0,,,
2.379843750e+2,-1.279687500e-1,-7.203125000e+0,5.376000000e+0,,,
2.360000000e+2,-1.200000000e-1,-7.600000000e+0,6.714750000e+0,,,
2.380000000e+2,-1.238750000e-1,-6.403125000e+0,6.709500000e+0,,,
2.360000000e+2,-1.320625000e-1,-7.193750000e+0,5.376000000e+0,,,
2.359843750e+2,-1.200312500e-1,-7.196875000e+0,4.688250000e+0,,,
2.399687500e+2,-1.280000000e-1,-8.400000000e+0,6.720000000e+0,,,
2.420000000e+2,-1.200312500e-1,-7.600000000e+0,5.381250000e+0,,,
2.380000000e+2,-1.240937500e-1,-8.800000000e+0,5.376000000e+0,,,
2.419843750e+2,-1.239687500e-1,-8.003125000e+0,4.032000000e+0,,,
2.399843750e+2,-1.160000000e-1,-8.396875000e+0,4.677750000e+0,,,
2.459843750e+2,-1.279375000e-1,-8.003125000e+0,5.376000000e+0,,,
2.420000000e+2,-1.280312500e-1,-8.800000000e+0,4.719750000e+0,,,
2.380000000e+2,-1.280000000e-1,-8.784375000e+0,6.704250000e+0,,,
2.420468750e+2,-1.240000000e-1,-7.993750000e+0,4.021500000e+0,,,
2.439375000e+2,-1.280312500e-1,-8.818750000e+0,6.751500000e+0,,,
2.400156250e+2,-1.280312500e-1,-1.000000000e+1,6.704250000e+0,,,
2.479843750e+2,-1.238750000e-1,-8.478125000e+0,6.709500000e+0,,,
2.440000000e+2,-1.320000000e-1,-7.590625000e+0,8.053500000e+0,,,
2.460000000e+2,-1.200625000e-1,-8.803125000e+0,8.053500000e+0,,,
2.440156250e+2,-1.200312500e-1,-8.403125000e+0,6.725250000e+0,,,
2.440156250e+2,-1.240000000e-1,-9.200000000e+0,6.709500000e+0,,,
2.419843750e+2,-1.319687500e-1,-8.400000000e+0,7.392000000e+0,,,
2.439687500e+2,-1.320937500e-1,-9.184375000e+0,6.725250000e+0,,,
2.419531250e+2,-1.280000000e-1,-9.618750000e+0,6.730500000e+0,,,
2.420625000e+2,-1.360000000e-1,-8.400000000e+0,6.053250000e+0,,,
2.459843750e+2,-1.240312500e-1,-9.209375000e+0,8.720250000e+0,,,
2.419843750e+2,-1.400625000e-1,-1.000000000e+1,9.408000000e+0,,,
2.460312500e+2,-1.278437500e-1,-1.039687500e+1,5.360250000e+0,,,
2.439687500e+2,-1.280625000e-1,-8.787500000e+0,7.381500000e+0,,,
2.460312500e+2,-1.280625000e-1,-9.512500000e+0,8.058750000e+0,,,
2.480156250e+2,-1.240312500e-1,-1.080625000e+1,8.058750000e+0,,,
2.460156250e+2,-1.279687500e-1,-7.993750000e+0,6.720000000e+0,,,
2.479375000e+2,-1.320000000e-1,-1.002500000e+1,7.392000000e+0,,,
2.500312500e+2,-1.280000000e-1,-9.984375000e+0,8.074500000e+0,,,
2.460000000e+2,-1.280000000e-1,-8.800000000e+0,8.736000000e+0,,,
2.499531250e+2,-1.280312500e-1,-9.996875000e+0,8.074500000e+0,,,
2.500312500e+2,-1.279687500e-1,-1.039687500e+1,8.069250000e+0,,,
2.539843750e+2,-1.320000000e-1,-1.079687500e+1,9.408000000e+0,,,
2.499687500e+2,-1.320000000e-1,-9.593750000e+0,8.736000000e+0,,,
2.520312500e+2,-1.239687500e-1,-1.000000000e+1,8.069250000e+0,,,
2.519843750e+2,-1.200000000e-1,-1.040312500e+1,1.008000000e+1,,,
2.500000000e+2,-1.240000000e-1,-1.040000000e+1,8.736000000e+0,,,
2.499843750e+2,-1.280000000e-1,-1.039062500e+1,9.402750000e+0,,,
2.480000000e+2,-1.280000000e-1,-1.080000000e+1,9.402750000e+0,,,
2.480000000e+2,-1.360312500e-1,-1.080000000e+1,8.736000000e+0,,,
2.459843750e+2,-1.359687500e-1,-1.079687500e+1,8.736000000e+0,,,
2.520000000e+2,-1.319687500e-1,-1.160625000e+1,8.069250000e+0,,,
2.480000000e+2,-1.239375000e-1,-1.118437500e+1,1.075200000e+1,,,
2.499843750e+2,-1.240937500e-1,-1.000625000e+1,8.741250000e+0,,,
2.520312500e+2,-1.318437500e-1,-1.033750000e+1,1.073625000e+1,,,
2.460000000e+2,-1.320312500e-1,-1.160000000e+1,9.402750000e+0,,,
2.500000000e+2,-1.240000000e-1,-1.120625000e+1,1.142400000e+1,,,
2.539531250e+2,-1.280312500e-1,-1.239375000e+1,9.387000000e+0,,,
2.500156250e+2,-1.279375000e-1,-1.080000000e+1,1.145550000e+1,,,
2.580000000e+2,-1.240312500e-1,-1.240937500e+1,1.276800000e+1,,,
2.540000000e+2,-1.319375000e-1,-1.121562500e+1,1.006950000e+1,,,
2.580000000e+2,-1.320312500e-1,-1.119687500e+1,1.075200000e+1,,,
2.520000000e+2,-1.240312500e-1,-1.079687500e+1,1.075200000e+1,,,
2.520000000e+2,-1.360312500e-1,-1.240000000e+1,1.076250000e+1,,,
2.519843750e+2,-1.318750000e-1,-1.239687500e+1,1.209600000e+1,,,
2.559375000e+2,-1.280625000e-1,-1.239687500e+1,1.075725000e+1,,,
2.599531250e+2,-1.360312500e-1,-1.160000000e+1,1.008000000e+1,,,
2.620156250e+2,-1.361875000e-1,-1.200312500e+1,1.209600000e+1,,,
2.579531250e+2,-1.239062500e-1,-1.159375000e+1,9.408000000e+0,,,
2.579687500e+2,-1.281875000e-1,-1.359062500e+1,1.143450000e+1,,,
2.539375000e+2,-1.439687500e-1,-1.398437500e+1,1.276800000e+1,,,
2.561250000e+2,-1.278750000e-1,-1.279375000e+1,1.209075000e+1,,,
2.620156250e+2,-1.362500000e-1,-1.320000000e+1,1.344000000e+1,,,
2.578906250e+2,-1.399062500e-1,-1.359687500e+1,9.413250000e+0,,,
2.539687500e+2,-1.280312500e-1,-1.400000000e+1,1.208550000e+1,,,
2.579531250e+2,-1.400000000e-1,-1.399687500e+1,1.142400000e+1,,,
2.560000000e+2,-1.440937500e-1,-1.439062500e+1,1.141875000e+1,,,
2.560000000e+2,-1.400312500e-1,-1.320312500e+1,1.142925000e+1,,,
2.579687500e+2,-1.480312500e-1,-1.480937500e+1,1.276800000e+1,,,
2.620000000e+2,-1.399687500e-1,-1.519375000e+1,1.276800000e+1,,,
2.599531250e+2,-1.398750000e-1,-1.320312500e+1,1.412250000e+1,,,
2.640156250e+2,-1.479687500e-1,-1.480000000e+1,1.209600000e+1,,,
2.619843750e+2,-1.480000000e-1,-1.360000000e+1,1.345050000e+1,,,
2.640156250e+2,-1.479687500e-1,-1.440937500e+1,1.344000000e+1,,,
2.640000000e+2,-1.440000000e-1,-1.440312500e+1,1.410150000e+1,,,
2.660000000e+2,-1.480312500e-1,-1.480000000e+1,1.546650000e+1,,,
2.640156250e+2,-1.480625000e-1,-1.360000000e+1,1.612275000e+1,,,
2.700000000e+2,-1.561250000e-1,-1.438125000e+1,1.478400000e+1,,,
2.679218750e+2,-1.440000000e-1,-1.439687500e+1,1.545600000e+1,,,
2.640000000e+2,-1.601875000e-1,-1.519375000e+1,1.411200000e+1,,,
2.720000000e+2,-1.559375000e-1,-1.440312500e+1,1.476300000e+1,,,
2.640000000e+2,-1.600937500e-1,-1.600000000e+1,1.545600000e+1,,,
2.720000000e+2,-1.599375000e-1,-1.439375000e+1,1.478400000e+1,,,
2.720156250e+2,-1.560000000e-1,-1.557187500e+1,1.475775000e+1,,,
2.719843750e+2,-1.600000000e-1,-1.560312500e+1,1.612800000e+1,,,
2.679687500e+2,-1.640625000e-1,-1.600312500e+1,1.679475000e+1,,,
2.700781250e+2,-1.720000000e-1,-1.599062500e+1,1.680000000e+1,,,
2.739531250e+2,-1.679375000e-1,-1.560625000e+1,1.678950000e+1,,,
2.700468750e+2,-1.680000000e-1,-1.680625000e+1,1.611225000e+1,,,
2.780156250e+2,-1.680625000e-1,-1.599375000e+1,1.611750000e+1,,,
2.740000000e+2,-1.720625000e-1,-1.640000000e+1,1.813875000e+1,,,
2.760000000e+2,-1.640000000e-1,-1.600000000e+1,1.746675000e+1,,,
2.739843750e+2,-1.680312500e-1,-1.639687500e+1,1.680525000e+1,,,
2.779687500e+2,-1.639375000e-1,-1.520312500e+1,1.679475000e+1,,,
2.799843750e+2,-1.641250000e-1,-1.599062500e+1,1.814400000e+1,,,
2.800312500e+2,-1.720000000e-1,-1.760625000e+1,1.680000000e+1,,,
2.780156250e+2,-1.600000000e-1,-1.762187500e+1,1.947225000e+1,,,
2.780000000e+2,-1.600937500e-1,-1.641250000e+1,1.880025000e+1,,,
2.780156250e+2,-1.640312500e-1,-1.640000000e+1,1.881600000e+1,,,
2.800156250e+2,-1.598125000e-1,-1.640000000e+1,1.881600000e+1,,,
2.820156250e+2,-1.520312500e-1,-1.640000000e+1,1.881600000e+1,,,
2.819843750e+2,-1.600312500e-1,-1.681250000e+1,1.948275000e+1,,,
2.819843750e+2,-1.560000000e-1,-1.720625000e+1,1.949850000e+1,,,
2.820156250e+2,-1.600000000e-1,-1.562812500e+1,1.881600000e+1,,,
2.840000000e+2,-1.480000000e-1,-1.640937500e+1,1.948800000e+1,,,
2.820156250e+2,-1.520000000e-1,-1.760000000e+1,2.016525000e+1,,,
2.839843750e+2,-1.520937500e-1,-1.800000000e+1,1.813350000e+1,,,
2.860000000e+2,-1.640000000e-1,-1.718750000e+1,1.949850000e+1,,,
2.820468750e+2,-1.517812500e-1,-1.720937500e+1,1.948800000e+1,,,
2.819687500e+2,-1.521250000e-1,-1.800000000e+1,2.016000000e+1,,,
2.839375000e+2,-1.561875000e-1,-1.763437500e+1,1.949850000e+1,,,
2.859687500e+2,-1.480312500e-1,-1.720000000e+1,1.947750000e+1,,,
2.840156250e+2,-1.560312500e-1,-1.800000000e+1,2.150400000e+1,,,
2.880000000e+2,-1.437812500e-1,-1.760312500e+1,2.150400000e+1,,,
2.860000000e+2,-1.400312500e-1,-1.840000000e+1,2.218125000e+1,,,
2.880000000e+2,-1.400000000e-1,-1.799687500e+1,2.016000000e+1,,,
2.839843750e+2,-1.360312500e-1,-1.880625000e+1,2.015475000e+1,,,
2.840000000e+2,-1.360000000e-1,-1.760937500e+1,1.948800000e+1,,,
2.840156250e+2,-1.319062500e-1,-1.800000000e+1,2.082150000e+1,,,
2.880000000e+2,-1.280312500e-1,-1.760000000e+1,2.150400000e+1,,,
2.880000000e+2,-1.320625000e-1,-1.840312500e+1,2.217600000e+1,,,
2.880000000e+2,-1.277187500e-1,-1.840625000e+1,2.084250000e+1,,,
2.820000000e+2,-1.199687500e-1,-1.960000000e+1,2.083200000e+1,,,
2.879687500e+2,-1.240000000e-1,-1.922812500e+1,2.216550000e+1,,,
2.879687500e+2,-1.240000000e-1,-1.880000000e+1,2.151450000e+1,,,
2.940000000e+2,-1.240000000e-1,-1.920312500e+1,2.082675000e+1,,,
2.879531250e+2,-1.239687500e-1,-1.839375000e+1,2.084775000e+1,,,
2.880156250e+2,-1.200312500e-1,-1.880937500e+1,2.217600000e+1,,,
2.879687500e+2,-1.240000000e-1,-1.880000000e+1,1.948800000e+1,,,
2.880468750e+2,-1.159687500e-1,-1.840000000e+1,2.150400000e+1,,,
2.940468750e+2,-1.119375000e-1,-1.920000000e+1,1.948800000e+1,,,
2.860312500e+2,-1.197500000e-1,-1.840000000e+1,2.282175000e+1,,,
2.919375000e+2,-1.280625000e-1,-1.920000000e+1,2.217600000e+1,,,
2.900468750e+2,-1.162187500e-1,-1.840000000e+1,2.350950000e+1,,,
2.900781250e+2,-1.118125000e-1,-1.960625000e+1,2.017050000e+1,,,
2.840781250e+2,-1.283125000e-1,-1.960625000e+1,2.217600000e+1,,,
2.877968750e+2,-1.040000000e-1,-1.959687500e+1,2.218650000e+1,,,
2.919687500e+2,-1.278437500e-1,-1.960000000e+1,2.217075000e+1,,,
2.879843750e+2,-1.121250000e-1,-1.960000000e+1,2.284275000e+1,,,
2.900156250e+2,-1.199687500e-1,-1.960312500e+1,2.350425000e+1,,,
2.920000000e+2,-1.200000000e-1,-1.959375000e+1,2.150400000e+1,,,
2.920156250e+2,-1.200000000e-1,-1.880000000e+1,2.352000000e+1,,,
2.960000000e+2,-1.200000000e-1,-1.959687500e+1,2.352000000e+1,,,
2.940000000e+2,-1.160937500e-1,-1.920625000e+1,2.351475000e+1,,,
2.940156250e+2,-1.198125000e-1,-1.960000000e+1,2.284800000e+1,,,
2.919843750e+2,-1.280625000e-1,-1.960000000e+1,2.218650000e+1,,,
2.940000000e+2,-1.200000000e-1,-2.001562500e+1,2.352525000e+1,,,
2.900156250e+2,-1.280000000e-1,-1.998437500e+1,2.284275000e+1,,,
2.939218750e+2,-1.199062500e-1,-1.960937500e+1,2.284275000e+1,,,
2.960468750e+2,-1.400625000e-1,-2.080000000e+1,2.150400000e+1,,,
2.920312500e+2,-1.162500000e-1,-1.999687500e+1,2.217600000e+1,,,
2.980000000e+2,-1.239375000e-1,-1.960000000e+1,2.350950000e+1,,,
2.919843750e+2,-1.200000000e-1,-2.081875000e+1,2.286375000e+1,,,
2.960468750e+2,-1.280000000e-1,-2.079062500e+1,2.553600000e+1,,,
2.959843750e+2,-1.280000000e-1,-2.000000000e+1,2.214975000e+1,,,
2.940156250e+2,-1.319687500e-1,-2.080625000e+1,2.355150000e+1,,,
2.920000000e+2,-1.322187500e-1,-2.040625000e+1,2.485350000e+1,,,
2.960156250e+2,-1.240312500e-1,-2.080000000e+1,2.486400000e+1,,,
2.960000000e+2,-1.280000000e-1,-2.079687500e+1,2.284800000e+1,,,
2.959843750e+2,-1.320000000e-1,-2.121562500e+1,2.552550000e+1,,,
2.980000000e+2,-1.359687500e-1,-2.199687500e+1,2.486400000e+1,,,
2.940000000e+2,-1.400312500e-1,-2.039687500e+1,2.486400000e+1,,,
2.980000000e+2,-1.400000000e-1,-2.159687500e+1,2.550975000e+1,,,
2.920000000e+2,-1.361562500e-1,-2.120625000e+1,2.620275000e+1,,,
2.939687500e+2,-1.280625000e-1,-2.160937500e+1,2.419725000e+1,,,
2.980156250e+2,-1.319375000e-1,-2.199062500e+1,2.620800000e+1,,,
2.999687500e+2,-1.360000000e-1,-2.120000000e+1,2.416575000e+1,,,
2.959843750e+2,-1.400000000e-1,-2.200937500e+1,2.422350000e+1,,,
2.979843750e+2,-1.401250000e-1,-2.159375000e+1,2.619750000e+1,,,
2.980000000e+2,-1.279687500e-1,-2.121875000e+1,2.621850000e+1,,,
3.000000000e+2,-1.398750000e-1,-2.080625000e+1,2.553600000e+1,,,
2.999843750e+2,-1.360937500e-1,-2.240625000e+1,2.620800000e+1,,,
3.020312500e+2,-1.360000000e-1,-2.200000000e+1,2.419200000e+1,,,
2.979843750e+2,-1.400000000e-1,-2.200000000e+1,2.621325000e+1,,,
3.039375000e+2,-1.400000000e-1,-2.161562500e+1,2.620800000e+1,,,
3.040156250e+2,-1.400000000e-1,-2.319375000e+1,2.419200000e+1,,,
3.040000000e+2,-1.400625000e-1,-2.328437500e+1,2.552025000e+1,,,
3.040000000e+2,-1.400000000e-1,-2.080000000e+1,2.688525000e+1,,,
3.040000000e+2,-1.440000000e-1,-2.281562500e+1,2.754675000e+1,,,
3.039843750e+2,-1.359687500e-1,-2.199687500e+1,2.821350000e+1,,,
3.040156250e+2,-1.320312500e-1,-2.200937500e+1,2.688000000e+1,,,
3.060156250e+2,-1.440625000e-1,-2.240000000e+1,2.822400000e+1,,,
3.059843750e+2,-1.480625000e-1,-2.200000000e+1,2.620800000e+1,,,
3.040625000e+2,-1.440625000e-1,-2.240000000e+1,2.822925000e+1,,,
3.018750000e+2,-1.440000000e-1,-2.280312500e+1,2.620275000e+1,,,
3.119687500e+2,-1.439687500e-1,-2.360312500e+1,2.688525000e+1,,,
3.080156250e+2,-1.440312500e-1,-2.359375000e+1,2.758350000e+1,,,
3.059375000e+2,-1.360000000e-1,-2.361562500e+1,2.956800000e+1,,,
3.139531250e+2,-1.399687500e-1,-2.360000000e+1,2.755200000e+1,,,
3.100937500e+2,-1.440937500e-1,-2.200312500e+1,2.755200000e+1,,,
3.080000000e+2,-1.400312500e-1,-2.320625000e+1,2.822400000e+1,,,
3.080000000e+2,-1.400000000e-1,-2.280312500e+1,2.688000000e+1,,,
3.080468750e+2,-1.280000000e-1,-2.360000000e+1,2.823450000e+1,,,
3.160000000e+2,-1.280312500e-1,-2.240000000e+1,2.822400000e+1,,,
3.100312500e+2,-1.320000000e-1,-2.320000000e+1,2.821875000e+1,,,
3.080000000e+2,-1.400000000e-1,-2.240625000e+1,2.889600000e+1,,,
3.120000000e+2,-1.320937500e-1,-2.279687500e+1,2.822400000e+1,,,
3.100000000e+2,-1.279687500e-1,-2.279687500e+1,2.821350000e+1,,,
3.120000000e+2,-1.280000000e-1,-2.320312500e+1,2.956800000e+1,,,
3.100312500e+2,-1.240312500e-1,-2.199687500e+1,2.956275000e+1,,,
3.039687500e+2,-1.200312500e-1,-2.320000000e+1,3.091725000e+1,,,
3.139531250e+2,-1.280312500e-1,-2.360000000e+1,2.822925000e+1,,,
3.140781250e+2,-1.280937500e-1,-2.357500000e+1,2.889075000e+1,,,
3.099843750e+2,-1.200312500e-1,-2.439687500e+1,2.822400000e+1,,,
3.160000000e+2,-1.239375000e-1,-2.280000000e+1,2.961000000e+1,,,
3.099218750e+2,-1.240000000e-1,-2.403750000e+1,3.156300000e+1,,,
3.080625000e+2,-1.160000000e-1,-2.439062500e+1,2.819250000e+1,,,
3.139687500e+2,-1.240000000e-1,-2.399687500e+1,2.825550000e+1,,,
3.060000000e+2,-1.160312500e-1,-2.400625000e+1,3.024000000e+1,,,
3.139843750e+2,-1.196250000e-1,-2.403437500e+1,2.891700000e+1,,,
3.080156250e+2,-1.280625000e-1,-2.319687500e+1,2.888550000e+1,,,
3.099687500e+2,-1.120625000e-1,-2.399687500e+1,3.024525000e+1,,,
3.139843750e+2,-1.160000000e-1,-2.320312500e+1,3.024000000e+1,,,
3.139687500e+2,-1.080000000e-1,-2.479687500e+1,3.023475000e+1,,,
3.179687500e+2,-1.199687500e-1,-2.440000000e+1,3.091200000e+1,,,
3.160781250e+2,-1.160937500e-1,-2.359687500e+1,3.025050000e+1,,,
3.140000000e+2,-1.160000000e-1,-2.439687500e+1,2.956275000e+1,,,
3.160468750e+2,-1.160000000e-1,-2.400000000e+1,2.956275000e+1,,,
3.159531250e+2,-1.040625000e-1,-2.439687500e+1,2.889075000e+1,,,
3.120156250e+2,-1.119687500e-1,-2.360000000e+1,3.024000000e+1,,,
3.160000000e+2,-1.000000000e-1,-2.480312500e+1,3.090675000e+1,,,
3.120000000e+2,-1.160937500e-1,-2.398437500e+1,3.024525000e+1,,,
3.159843750e+2,-1.160312500e-1,-2.359375000e+1,2.955225000e+1,,,
3.100312500e+2,-1.200312500e-1,-2.399687500e+1,3.091200000e+1,,,
3.139531250e+2,-1.160000000e-1,-2.440312500e+1,2.956800000e+1,,,
3.140156250e+2,-1.199687500e-1,-2.399062500e+1,2.889600000e+1,,,
3.159531250e+2,-1.080312500e-1,-2.320000000e+1,3.090150000e+1,,,
3.200000000e+2,-1.240000000e-1,-2.400937500e+1,2.889600000e+1,,,
3.160781250e+2,-1.162187500e-1,-2.440000000e+1,3.156300000e+1,,,
3.160625000e+2,-1.039375000e-1,-2.520312500e+1,3.090150000e+1,,,
3.199843750e+2,-1.199687500e-1,-2.440000000e+1,2.956800000e+1,,,
3.139687500e+2,-1.160000000e-1,-2.480000000e+1,3.091200000e+1,,,
3.140000000e+2,-1.159375000e-1,-2.440000000e+1,3.090675000e+1,,,
3.099843750e+2,-9.996875000e-2,-2.520625000e+1,2.956275000e+1,,,
3.120000000e+2,-1.040000000e-1,-2.520000000e+1,2.956800000e+1,,,
3.160000000e+2,-1.161250000e-1,-2.602187500e+1,2.956275000e+1,,,
3.139687500e+2,-1.000000000e-1,-2.440312500e+1,3.024000000e+1,,,
3.179687500e+2,-1.120625000e-1,-2.520000000e+1,2.957325000e+1,,,
3.219843750e+2,-1.119375000e-1,-2.400000000e+1,3.023475000e+1,,,
3.199687500e+2,-1.080000000e-1,-2.520625000e+1,3.090675000e+1,,,
3.160312500e+2,-1.039375000e-1,-2.480625000e+1,2.889600000e+1,,,
3.120000000e+2,-1.000000000e-1,-2.560625000e+1,3.089625000e+1,,,
3.160156250e+2,-1.036875000e-1,-2.365312500e+1,3.092775000e+1,,,
3.100000000e+2,-1.120312500e-1,-2.401562500e+1,3.091200000e+1,,,
3.180000000e+2,-9.596875000e-2,-2.480625000e+1,3.023475000e+1,,,
3.139375000e+2,-1.000625000e-1,-2.560312500e+1,2.956275000e+1,,,
3.139843750e+2,-1.081562500e-1,-2.518125000e+1,3.025575000e+1,,,
3.119843750e+2,-1.119062500e-1,-2.480625000e+1,3.158400000e+1,,,
3.160156250e+2,-9.609375000e-2,-2.520000000e+1,2.956275000e+1,,,
3.180000000e+2,-9.996875000e-2,-2.438750000e+1,3.024000000e+1,,,
3.200000000e+2,-1.040312500e-1,-2.399375000e+1,3.023475000e+1,,,
3.180000000e+2,-1.080625000e-1,-2.600000000e+1,3.090675000e+1,,,
3.180156250e+2,-1.159687500e-1,-2.599687500e+1,3.091200000e+1,,,
3.140312500e+2,-1.038125000e-1,-2.559375000e+1,3.292800000e+1,,,
3.159062500e+2,-1.000312500e-1,-2.440000000e+1,3.091200000e+1,,,
3.200312500e+2,-1.080312500e-1,-2.558125000e+1,3.225600000e+1,,,
3.119375000e+2,-1.040312500e-1,-2.560000000e+1,3.024525000e+1,,,
3.160312500e+2,-1.079687500e-1,-2.560312500e+1,3.092250000e+1,,,
3.139687500e+2,-9.593750000e-2,-2.519062500e+1,3.291750000e+1,,,
3.180625000e+2,-1.000625000e-1,-2.480312500e+1,2.889600000e+1,,,
3.179531250e+2,-1.000625000e-1,-2.560000000e+1,3.225600000e+1,,,
3.139375000e+2,-1.039687500e-1,-2.560000000e+1,3.026100000e+1,,,
3.119531250e+2,-9.603125000e-2,-2.600312500e+1,3.090675000e+1,,,
3.159687500e+2,-1.040000000e-1,-2.519687500e+1,3.158400000e+1,,,
3.140000000e+2,-1.040625000e-1,-2.600000000e+1,2.956800000e+1,,,
3.160156250e+2,-1.000625000e-1,-2.478437500e+1,3.226650000e+1,,,
3.139687500e+2,-1.039687500e-1,-2.520625000e+1,3.225600000e+1,,,
3.200000000e+2,-9.200000000e-2,-2.600000000e+1,3.225600000e+1,,,
3.159843750e+2,-9.965625000e-2,-2.481250000e+1,3.159450000e+1,,,
3.220468750e+2,-1.120312500e-1,-2.520000000e+1,3.091200000e+1,,,
3.178750000e+2,-9.200000000e-2,-2.480000000e+1,3.092250000e+1,,,
3.160625000e+2,-1.082187500e-1,-2.520937500e+1,3.225600000e+1,,,
3.220156250e+2,-1.078750000e-1,-2.560000000e+1,3.091200000e+1,,,
3.179843750e+2,-1.040937500e-1,-2.520000000e+1,3.158400000e+1,,,
3.180000000e+2,-1.119687500e-1,-2.560312500e+1,3.023475000e+1,,,
3.180000000e+2,-1.000937500e-1,-2.564062500e+1,3.091200000e+1,,,
3.199687500e+2,-1.080625000e-1,-2.440000000e+1,3.024000000e+1,,,
3.160000000e+2,-9.981250000e-2,-2.520625000e+1,3.158400000e+1,,,
3.200000000e+2,-9.609375000e-2,-2.479375000e+1,3.024000000e+1,,,
3.159687500e+2,-1.040312500e-1,-2.520000000e+1,3.158400000e+1,,,
3.140000000e+2,-1.000937500e-1,-2.599375000e+1,3.091200000e+1,,,
3.159375000e+2,-1.120625000e-1,-2.441250000e+1,3.023475000e+1,,,
3.200156250e+2,-1.080000000e-1,-2.519375000e+1,3.091200000e+1,,,
3.199687500e+2,-1.039687500e-1,-2.519687500e+1,3.089625000e+1,,,
3.139062500e+2,-9.596875000e-2,-2.560937500e+1,2.956800000e+1,,,
3.120781250e+2,-1.001875000e-1,-2.600312500e+1,3.160500000e+1,,,
3.180468750e+2,-1.081250000e-1,-2.598750000e+1,3.089100000e+1,,,
3.159843750e+2,-1.079062500e-1,-2.520000000e+1,3.090675000e+1,,,
3.160000000e+2,-9.212500000e-2,-2.595000000e+1,3.225600000e+1,,,
3.200000000e+2,-9.606250000e-2,-2.640000000e+1,3.091200000e+1,,,
3.180000000e+2,-1.040000000e-1,-2.479687500e+1,3.291750000e+1,,,
3.179687500e+2,-9.587500000e-2,-2.560000000e+1,3.225600000e+1,,,
3.219843750e+2,-9.193750000e-2,-2.520312500e+1,3.225075000e+1,,,
3.200468750e+2,-9.212500000e-2,-2.520312500e+1,3.090150000e+1,,,
3.180312500e+2,-1.080000000e-1,-2.558750000e+1,3.226125000e+1,,,
3.160468750e+2,-9.593750000e-2,-2.601875000e+1,3.023475000e+1,,,
3.179218750e+2,-1.081562500e-1,-2.519687500e+1,3.291750000e+1,,,
3.119843750e+2,-1.077812500e-1,-2.680000000e+1,3.293850000e+1,,,
3.201562500e+2,-9.596875000e-2,-2.560000000e+1,3.225600000e+1,,,
3.218906250e+2,-1.042500000e-1,-2.600625000e+1,3.158400000e+1,,,
3.160000000e+2,-1.079375000e-1,-2.560312500e+1,3.226125000e+1,,,
3.220468750e+2,-1.040000000e-1,-2.521250000e+1,3.092250000e+1,,,
3.200000000e+2,-1.000000000e-1,-2.520312500e+1,3.158400000e+1,,,
3.220312500e+2,-1.000000000e-1,-2.560000000e+1,3.225600000e+1,,,
3.160156250e+2,-1.000625000e-1,-2.480000000e+1,3.155775000e+1,,,
3.180000000e+2,-1.039062500e-1,-2.561562500e+1,3.024000000e+1,,,
3.140000000e+2,-9.196875000e-2,-2.559375000e+1,3.158400000e+1,,,
3.179687500e+2,-1.000625000e-1,-2.520000000e+1,3.225600000e+1,,,
3.179218750e+2,-9.600000000e-2,-2.599062500e+1,3.226125000e+1,,,
3.239843750e+2,-1.040312500e-1,-2.560000000e+1,3.158925000e+1,,,
3.179531250e+2,-9.993750000e-2,-2.599687500e+1,3.158400000e+1,,,
3.200156250e+2,-1.000312500e-1,-2.640000000e+1,3.294375000e+1,,,
3.180000000e+2,-1.000312500e-1,-2.559687500e+1,3.361050000e+1,,,
3.200000000e+2,-9.993750000e-2,-2.600000000e+1,3.091200000e+1,,,
3.239843750e+2,-9.600000000e-2,-2.598750000e+1,3.024000000e+1,,,
3.159687500e+2,-1.040625000e-1,-2.680625000e+1,3.156825000e+1,,,
3.180156250e+2,-9.996875000e-2,-2.560312500e+1,3.226650000e+1,,,
3.220000000e+2,-9.990625000e-2,-2.640000000e+1,3.158400000e+1,,,
3.160000000e+2,-9.209375000e-2,-2.598437500e+1,3.292800000e+1,,,
3.140000000e+2,-9.990625000e-2,-2.520312500e+1,3.159975000e+1,,,
3.180156250e+2,-8.796875000e-2,-2.640000000e+1,3.091200000e+1,,,
3.179843750e+2,-1.000000000e-1,-2.600625000e+1,3.222975000e+1,,,
3.219843750e+2,-9.593750000e-2,-2.640000000e+1,3.226650000e+1,,,
3.200000000e+2,-1.000312500e-1,-2.600000000e+1,3.089625000e+1,,,
3.220000000e+2,-1.040000000e-1,-2.641250000e+1,3.093300000e+1,,,
3.220156250e+2,-9.584375000e-2,-2.638125000e+1,3.360000000e+1,,,
3.239531250e+2,-9.209375000e-2,-2.520000000e+1,3.157875000e+1,,,
3.180000000e+2,-9.596875000e-2,-2.640000000e+1,3.360000000e+1,,,
3.239375000e+2,-8.412500000e-2,-2.560312500e+1,3.158400000e+1,,,
3.201093750e+2,-9.575000000e-2,-2.600000000e+1,3.291750000e+1,,,
3.179687500e+2,-1.001250000e-1,-2.520000000e+1,3.225600000e+1,,,
3.218906250e+2,-9.203125000e-2,-2.640937500e+1,3.292275000e+1,,,
3.240625000e+2,-9.993750000e-2,-2.599687500e+1,3.090675000e+1,,,
3.219375000e+2,-1.001250000e-1,-2.559375000e+1,3.292800000e+1,,,
3.241093750e+2,-9.609375000e-2,-2.639687500e+1,3.157875000e+1,,,
3.159687500e+2,-9.596875000e-2,-2.600312500e+1,3.359475000e+1,,,
3.200156250e+2,-9.603125000e-2,-2.600937500e+1,3.158925000e+1,,,
3.200000000e+2,-9.200000000e-2,-2.521250000e+1,3.159975000e+1,,,
3.220156250e+2,-9.603125000e-2,-2.679687500e+1,3.292275000e+1,,,
3.259843750e+2,-8.800000000e-2,-2.480000000e+1,3.225600000e+1,,,
3.219843750e+2,-9.600000000e-2,-2.638437500e+1,3.225600000e+1,,,
3.240000000e+2,-8.812500000e-2,-2.605625000e+1,3.294375000e+1,,,
3.181250000e+2,-9.584375000e-2,-2.520000000e+1,3.225600000e+1,,,
3.159375000e+2,-1.000000000e-1,-2.601250000e+1,3.290700000e+1,,,
3.239687500e+2,-1.000312500e-1,-2.637812500e+1,3.023475000e+1,,,
3.220781250e+2,-9.603125000e-2,-2.519687500e+1,3.225600000e+1,,,
3.179687500e+2,-9.603125000e-2,-2.601250000e+1,3.090150000e+1,,,
3.239375000e+2,-9.193750000e-2,-2.639687500e+1,3.225600000e+1,,,
3.239843750e+2,-9.609375000e-2,-2.680000000e+1,3.225600000e+1,,,
3.240000000e+2,-8.800000000e-2,-2.640000000e+1,3.292275000e+1,,,
3.219687500e+2,-9.996875000e-2,-2.559687500e+1,3.226650000e+1,,,
3.180000000e+2,-1.000000000e-1,-2.600937500e+1,3.360000000e+1,,,
3.220156250e+2,-1.000000000e-1,-2.600000000e+1,3.090675000e+1,,,
3.220156250e+2,-9.996875000e-2,-2.520625000e+1,3.293850000e+1,,,
3.180000000e+2,-1.001562500e-1,-2.636875000e+1,3.158925000e+1,,,
3.179687500e+2,-9.209375000e-2,-2.601875000e+1,3.292800000e+1,,,
3.100000000e+2,-8.800000000e-2,-2.521250000e+1,3.292800000e+1,,,
3.159687500e+2,-9.600000000e-2,-2.761875000e+1,3.360525000e+1,,,
3.180000000e+2,-9.603125000e-2,-2.679375000e+1,3.158400000e+1,,,
3.199843750e+2,-8.796875000e-2,-2.600000000e+1,3.360000000e+1,,,
3.199687500e+2,-8.800000000e-2,-2.639687500e+1,3.224025000e+1,,,
3.240000000e+2,-9.193750000e-2,-2.680312500e+1,3.426150000e+1,,,
3.220156250e+2,-9.212500000e-2,-2.599062500e+1,3.021375000e+1,,,
3.200000000e+2,-8.790625000e-2,-2.519687500e+1,3.226125000e+1,,,
3.220000000e+2,-1.000000000e-1,-2.560625000e+1,3.226125000e+1,,,
3.220000000e+2,-8.803125000e-2,-2.601250000e+1,3.427200000e+1,,,
3.240000000e+2,-9.200000000e-2,-2.639375000e+1,3.226650000e+1,,,
3.220000000e+2,-8.421875000e-2,-2.559375000e+1,3.157875000e+1,,,
3.180000000e+2,-8.784375000e-2,-2.640312500e+1,3.226125000e+1,,,
3.219843750e+2,-9.209375000e-2,-2.600000000e+1,3.292800000e+1,,,
3.220156250e+2,-8.003125000e-2,-2.680312500e+1,3.225600000e+1,,,
3.200156250e+2,-8.800000000e-2,-2.640000000e+1,3.225075000e+1,,,
3.179531250e+2,-9.200000000e-2,-2.681875000e+1,3.158400000e+1,,,
3.239375000e+2,-9.600000000e-2,-2.720625000e+1,3.225600000e+1,,,
3.220625000e+2,-9.646875000e-2,-2.562187500e+1,3.091725000e+1,,,
3.179687500e+2,-8.400000000e-2,-2.640000000e+1,3.294375000e+1,,,
3.180312500e+2,-9.603125000e-2,-2.680000000e+1,3.493875000e+1,,,
3.200156250e+2,-8.796875000e-2,-2.680000000e+1,3.358950000e+1,,,
3.200000000e+2,-8.803125000e-2,-2.680937500e+1,3.291750000e+1,,,
3.199843750e+2,-9.606250000e-2,-2.719687500e+1,3.157875000e+1,,,
3.179843750e+2,-1.000625000e-1,-2.600625000e+1,3.359475000e+1,,,
3.179687500e+2,-8.806250000e-2,-2.640000000e+1,3.291750000e+1,,,
3.199687500e+2,-9.203125000e-2,-2.560625000e+1,3.224550000e+1,,,
3.200000000e+2,-8.393750000e-2,-2.680000000e+1,3.091200000e+1,,,
3.200000000e+2,-1.000000000e-1,-2.517500000e+1,3.298050000e+1,,,
3.179531250e+2,-8.796875000e-2,-2.561562500e+1,3.427200000e+1,,,
3.240000000e+2,-8.793750000e-2,-2.560000000e+1,3.292800000e+1,,,
3.180625000e+2,-1.039375000e-1,-2.561250000e+1,3.293325000e+1,,,
3.200468750e+2,-8.812500000e-2,-2.520312500e+1,3.427200000e+1,,,
3.199843750e+2,-7.600000000e-2,-2.560000000e+1,3.225075000e+1,,,
3.160468750e+2,-9.600000000e-2,-2.480000000e+1,3.293325000e+1,,,
3.260000000e+2,-8.396875000e-2,-2.560625000e+1,3.225600000e+1,,,
3.180156250e+2,-8.400000000e-2,-2.560000000e+1,3.292800000e+1,,,
3.200000000e+2,-8.803125000e-2,-2.600000000e+1,3.224550000e+1,,,
3.200000000e+2,-8.009375000e-2,-2.600312500e+1,3.158400000e+1,,,
3.160156250e+2,-7.993750000e-2,-2.599687500e+1,3.156300000e+1,,,
3.159687500e+2,-8.800000000e-2,-2.640312500e+1,3.427200000e+1,,,
3.219843750e+2,-8.403125000e-2,-2.560312500e+1,3.226650000e+1,,,
3.179843750e+2,-8.003125000e-2,-2.640000000e+1,3.155775000e+1,,,
3.240000000e+2,-8.806250000e-2,-2.560312500e+1,3.427200000e+1,,,
3.160468750e+2,-9.206250000e-2,-2.557500000e+1,3.161550000e+1,,,
3.219531250e+2,-8.406250000e-2,-2.680312500e+1,3.225600000e+1,,,
3.260000000e+2,-8.793750000e-2,-2.640000000e+1,3.225600000e+1,,,
3.199218750e+2,-9.200000000e-2,-2.600312500e+1,3.223500000e+1,,,
3.160468750e+2,-9.200000000e-2,-2.641562500e+1,3.090675000e+1,,,
3.220156250e+2,-8.800000000e-2,-2.639062500e+1,3.158925000e+1,,,
3.179531250e+2,-8.800000000e-2,-2.520312500e+1,3.158925000e+1,,,
3.199687500e+2,-9.206250000e-2,-2.600312500e+1,3.293850000e+1,,,
3.239843750e+2,-8.409375000e-2,-2.520312500e+1,3.158400000e+1,,,
3.240156250e+2,-8.000000000e-2,-2.640937500e+1,3.429825000e+1,,,
3.180937500e+2,-8.806250000e-2,-2.640000000e+1,3.428250000e+1,,,
3.159062500e+2,-9.200000000e-2,-2.600000000e+1,3.090675000e+1,,,
3.239531250e+2,-8.800000000e-2,-2.640000000e+1,3.292800000e+1,,,
3.182031250e+2,-9.196875000e-2,-2.520937500e+1,3.092775000e+1,,,
3.140312500e+2,-9.200000000e-2,-2.597187500e+1,3.223500000e+1,,,
3.201406250e+2,-9.200000000e-2,-2.680312500e+1,3.292800000e+1,,,
3.239687500e+2,-8.003125000e-2,-2.638750000e+1,3.225600000e+1,,,
3.199531250e+2,-9.206250000e-2,-2.560000000e+1,3.225600000e+1,,,
3.200000000e+2,-8.393750000e-2,-2.680000000e+1,3.092250000e+1,,,
3.200156250e+2,-8.806250000e-2,-2.518750000e+1,3.359475000e+1,,,
3.220156250e+2,-8.803125000e-2,-2.559062500e+1,3.159450000e+1,,,
3.220156250e+2,-8.412500000e-2,-2.520000000e+1,3.292275000e+1,,,
3.200312500e+2,-7.596875000e-2,-2.560000000e+1,3.091200000e+1,,,
3.180156250e+2,-9.206250000e-2,-2.520312500e+1,3.158400000e+1,,,
3.179375000e+2,-8.800000000e-2,-2.600312500e+1,3.159450000e+1,,,
3.220468750e+2,-9.200000000e-2,-2.518750000e+1,3.292800000e+1,,,
3.140468750e+2,-9.203125000e-2,-2.519375000e+1,3.226650000e+1,,,
3.201093750e+2,-8.418750000e-2,-2.640000000e+1,3.157875000e+1,,,
3.219687500e+2,-7.596875000e-2,-2.559687500e+1,3.158400000e+1,,,
3.179531250e+2,-9.200000000e-2,-2.560000000e+1,3.091200000e+1,,,
3.180625000e+2,-7.600000000e-2,-2.560000000e+1,3.360000000e+1,,,
3.240000000e+2,-8.803125000e-2,-2.641250000e+1,3.090675000e+1,,,
3.180000000e+2,-8.000000000e-2,-2.680000000e+1,3.292800000e+1,,,
3.199843750e+2,-8.784375000e-2,-2.640625000e+1,3.091200000e+1,,,
3.159687500e+2,-8.800000000e-2,-2.640312500e+1,3.225600000e+1,,,
3.160000000e+2,-7.596875000e-2,-2.600000000e+1,3.092250000e+1,,,
3.159687500e+2,-7.612500000e-2,-2.560312500e+1,3.157875000e+1,,,
3.220000000e+2,-8.400000000e-2,-2.519687500e+1,3.225600000e+1,,,
3.180000000e+2,-7.993750000e-2,-2.521562500e+1,3.225600000e+1,,,
3.200000000e+2,-8.412500000e-2,-2.640312500e+1,3.224550000e+1,,,
3.180625000e+2,-9.203125000e-2,-2.521875000e+1,3.297000000e+1,,,
3.140000000e+2,-8.800000000e-2,-2.601250000e+1,3.090675000e+1,,,
3.220000000e+2,-9.600000000e-2,-2.600000000e+1,3.360000000e+1,,,
3.259375000e+2,-8.396875000e-2,-2.600312500e+1,3.085950000e+1,,,
3.200000000e+2,-8.803125000e-2,-2.555625000e+1,3.092250000e+1,,,
3.219843750e+2,-8.396875000e-2,-2.440937500e+1,3.091200000e+1,,,
3.140000000e+2,-8.790625000e-2,-2.638750000e+1,3.024000000e+1,,,
3.220000000e+2,-9.203125000e-2,-2.517812500e+1,3.158400000e+1,,,
3.180000000e+2,-7.996875000e-2,-2.439687500e+1,3.024000000e+1,,,
3.160000000e+2,-8.403125000e-2,-2.640000000e+1,3.159450000e+1,,,
3.179843750e+2,-8.400000000e-2,-2.640000000e+1,3.225600000e+1,,,
3.199687500e+2,-8.400000000e-2,-2.679687500e+1,3.292800000e+1,,,
3.200468750e+2,-8.400000000e-2,-2.561250000e+1,3.158400000e+1,,,
3.160000000e+2,-8.415625000e-2,-2.517812500e+1,3.091200000e+1,,,
3.180000000e+2,-7.600000000e-2,-2.640000000e+1,3.091200000e+1,,,
3.159843750e+2,-8.409375000e-2,-2.560312500e+1,3.092250000e+1,,,
3.180625000e+2,-8.806250000e-2,-2.600312500e+1,3.360000000e+1,,,
3.200156250e+2,-8.790625000e-2,-2.559687500e+1,3.091200000e+1,,,
3.199687500e+2,-7.581250000e-2,-2.560000000e+1,3.292800000e+1,,,
3.179531250e+2,-7.193750000e-2,-2.560000000e+1,3.092775000e+1,,,
3.178593750e+2,-7.184375000e-2,-2.560625000e+1,3.024000000e+1,,,
3.260156250e+2,-9.600000000e-2,-2.440625000e+1,3.024000000e+1,,,
3.160312500e+2,-8.018750000e-2,-2.481250000e+1,3.024525000e+1,,,
3.159375000e+2,-8.015625000e-2,-2.560312500e+1,3.158925000e+1,,,
3.199531250e+2,-8.796875000e-2,-2.520000000e+1,3.158400000e+1,,,
3.200781250e+2,-7.600000000e-2,-2.560312500e+1,3.158400000e+1,,,
3.140000000e+2,-8.368750000e-2,-2.600312500e+1,3.022950000e+1,,,
3.180468750e+2,-9.600000000e-2,-2.560000000e+1,3.225075000e+1,,,
3.159687500e+2,-8.796875000e-2,-2.560000000e+1,3.090150000e+1,,,
3.159843750e+2,-8.400000000e-2,-2.520000000e+1,3.158400000e+1,,,
3.139687500e+2,-8.406250000e-2,-2.520000000e+1,3.091200000e+1,,,
3.140156250e+2,-8.396875000e-2,-2.480000000e+1,3.158925000e+1,,,
3.180156250e+2,-7.593750000e-2,-2.600000000e+1,3.157875000e+1,,,
3.180000000e+2,-7.190625000e-2,-2.440312500e+1,3.090675000e+1,,,
3.200000000e+2,-8.006250000e-2,-2.599375000e+1,3.158400000e+1,,,
3.180000000e+2,-8.409375000e-2,-2.519375000e+1,3.024000000e+1,,,
3.160000000e+2,-8.800000000e-2,-2.560312500e+1,3.156300000e+1,,,
3.199843750e+2,-8.390625000e-2,-2.560000000e+1,3.158400000e+1,,,
3.140000000e+2,-7.990625000e-2,-2.599687500e+1,3.091200000e+1,,,
3.159531250e+2,-7.603125000e-2,-2.519687500e+1,2.961525000e+1,,,
3.160000000e+2,-8.000000000e-2,-2.600000000e+1,2.822400000e+1,,,
3.160156250e+2,-7.603125000e-2,-2.479375000e+1,3.024525000e+1,,,
3.200156250e+2,-8.803125000e-2,-2.480312500e+1,3.024525000e+1,,,
3.179218750e+2,-7.987500000e-2,-2.480625000e+1,3.226650000e+1,,,
3.160156250e+2,-7.993750000e-2,-2.561250000e+1,3.087525000e+1,,,
3.180000000e+2,-7.612500000e-2,-2.518750000e+1,3.023475000e+1,,,
3.160000000e+2,-9.200000000e-2,-2.478437500e+1,3.158400000e+1,,,
3.159843750e+2,-7.593750000e-2,-2.560000000e+1,3.023475000e+1,,,
3.140000000e+2,-7.609375000e-2,-2.559687500e+1,3.091200000e+1,,,
3.159687500e+2,-7.993750000e-2,-2.520312500e+1,2.890125000e+1,,,
3.180000000e+2,-7.612500000e-2,-2.520312500e+1,2.956800000e+1,,,
3.160000000e+2,-9.203125000e-2,-2.480000000e+1,2.956275000e+1,,,
3.179687500e+2,-8.000000000e-2,-2.480312500e+1,3.225075000e+1,,,
3.179843750e+2,-8.006250000e-2,-2.478750000e+1,3.021375000e+1,,,
3.159062500e+2,-8.406250000e-2,-2.560312500e+1,2.956800000e+1,,,
3.120312500e+2,-8.381250000e-2,-2.440625000e+1,3.024000000e+1,,,
3.180156250e+2,-7.206250000e-2,-2.400000000e+1,2.956800000e+1,,,
3.119062500e+2,-8.390625000e-2,-2.520937500e+1,3.023475000e+1,,,
3.120156250e+2,-6.793750000e-2,-2.480312500e+1,3.022950000e+1,,,
3.120156250e+2,-8.400000000e-2,-2.441875000e+1,3.091200000e+1,,,
3.140000000e+2,-8.000000000e-2,-2.440625000e+1,2.956800000e+1,,,
3.120000000e+2,-8.400000000e-2,-2.560000000e+1,2.889075000e+1,,,
3.140000000e+2,-7.593750000e-2,-2.440000000e+1,3.091725000e+1,,,
3.120000000e+2,-7.606250000e-2,-2.521562500e+1,2.955750000e+1,,,
3.119687500e+2,-8.006250000e-2,-2.520000000e+1,3.024000000e+1,,,
3.139843750e+2,-7.993750000e-2,-2.520312500e+1,3.024000000e+1,,,
3.139843750e+2,-7.600000000e-2,-2.441250000e+1,3.024525000e+1,,,
3.160000000e+2,-8.006250000e-2,-2.440000000e+1,2.956800000e+1,,,
3.160312500e+2,-7.993750000e-2,-2.400000000e+1,3.024000000e+1,,,
3.200156250e+2,-7.603125000e-2,-2.480312500e+1,3.091200000e+1,,,
3.159687500e+2,-7.996875000e-2,-2.479375000e+1,3.024525000e+1,,,
3.120000000e+2,-7.200000000e-2,-2.440000000e+1,2.956800000e+1,,,
3.159843750e+2,-8.000000000e-2,-2.519062500e+1,2.889600000e+1,,,
3.099843750e+2,-7.600000000e-2,-2.520000000e+1,3.021900000e+1,,,
3.140000000e+2,-8.000000000e-2,-2.520312500e+1,3.092775000e+1,,,
3.120000000e+2,-7.609375000e-2,-2.440312500e+1,2.889600000e+1,,,
3.100000000e+2,-8.390625000e-2,-2.440312500e+1,3.023475000e+1,,,
3.120000000e+2,-7.190625000e-2,-2.440312500e+1,3.023475000e+1,,,
3.120000000e+2,-7.590625000e-2,-2.480000000e+1,3.024000000e+1,,,
3.140000000e+2,-6.400000000e-2,-2.481875000e+1,2.756775000e+1,,,
3.120000000e+2,-7.606250000e-2,-2.400312500e+1,2.888025000e+1,,,
3.140000000e+2,-7.603125000e-2,-2.399687500e+1,2.888550000e+1,,,
3.079375000e+2,-8.390625000e-2,-2.479375000e+1,2.890650000e+1,,,
3.080468750e+2,-6.400000000e-2,-2.358750000e+1,3.024000000e+1,,,
3.140312500e+2,-8.003125000e-2,-2.400312500e+1,2.822925000e+1,,,
3.139687500e+2,-6.396875000e-2,-2.400000000e+1,3.091200000e+1,,,
3.120625000e+2,-7.971875000e-2,-2.320000000e+1,2.889600000e+1,,,
3.099687500e+2,-7.203125000e-2,-2.400000000e+1,2.956800000e+1,,,
3.139531250e+2,-7.993750000e-2,-2.400000000e+1,2.889600000e+1,,,
3.159218750e+2,-7.221875000e-2,-2.439687500e+1,3.090675000e+1,,,
3.181093750e+2,-6.390625000e-2,-2.319687500e+1,2.755725000e+1,,,
3.120156250e+2,-7.596875000e-2,-2.359062500e+1,3.024000000e+1,,,
3.140937500e+2,-6.446875000e-2,-2.399375000e+1,2.890125000e+1,,,
3.059687500e+2,-6.387500000e-2,-2.440000000e+1,3.089625000e+1,,,
3.120312500e+2,-7.196875000e-2,-2.401250000e+1,3.024000000e+1,,,
3.139843750e+2,-7.200000000e-2,-2.360937500e+1,3.021900000e+1,,,
3.079687500e+2,-7.196875000e-2,-2.520625000e+1,2.688000000e+1,,,
3.060468750e+2,-8.000000000e-2,-2.440000000e+1,2.956800000e+1,,,
3.120000000e+2,-6.800000000e-2,-2.400625000e+1,2.822400000e+1,,,
3.080000000e+2,-7.156250000e-2,-2.320312500e+1,2.819775000e+1,,,
3.080312500e+2,-7.996875000e-2,-2.399687500e+1,2.889600000e+1,,,
3.059687500e+2,-7.609375000e-2,-2.439687500e+1,2.887500000e+1,,,
3.139687500e+2,-7.593750000e-2,-2.358750000e+1,2.755725000e+1,,,
3.140625000e+2,-8.003125000e-2,-2.360000000e+1,2.957325000e+1,,,
3.060312500e+2,-7.196875000e-2,-2.360937500e+1,2.955225000e+1,,,
3.080000000e+2,-8.381250000e-2,-2.400312500e+1,2.822400000e+1,,,
3.060312500e+2,-7.634375000e-2,-2.280312500e+1,2.889600000e+1,,,
3.140781250e+2,-6.396875000e-2,-2.480000000e+1,2.889075000e+1,,,
3.139843750e+2,-7.596875000e-2,-2.356875000e+1,2.821875000e+1,,,
3.119531250e+2,-7.200000000e-2,-2.280312500e+1,2.822400000e+1,,,
3.080000000e+2,-7.600000000e-2,-2.320000000e+1,2.889075000e+1,,,
3.119843750e+2,-6.800000000e-2,-2.320000000e+1,2.890125000e+1,,,
3.100000000e+2,-7.975000000e-2,-2.320000000e+1,3.022425000e+1,,,
3.099687500e+2,-7.609375000e-2,-2.320000000e+1,3.024000000e+1,,,
3.040000000e+2,-7.600000000e-2,-2.360312500e+1,2.822400000e+1,,,
3.080000000e+2,-8.000000000e-2,-2.400312500e+1,3.091725000e+1,,,
3.040000000e+2,-8.009375000e-2,-2.400000000e+1,2.688525000e+1,,,
3.079687500e+2,-6.000000000e-2,-2.360312500e+1,2.890650000e+1,,,
3.100312500e+2,-7.600000000e-2,-2.360625000e+1,2.958900000e+1,,,
3.040000000e+2,-6.812500000e-2,-2.238437500e+1,2.754150000e+1,,,
3.019843750e+2,-7.190625000e-2,-2.480625000e+1,2.758350000e+1,,,
3.060156250e+2,-7.209375000e-2,-2.277187500e+1,2.956275000e+1,,,
3.059843750e+2,-6.800000000e-2,-2.320937500e+1,2.686950000e+1,,,
3.080000000e+2,-7.600000000e-2,-2.361250000e+1,2.823975000e+1,,,
3.080000000e+2,-6.806250000e-2,-2.399062500e+1,2.755200000e+1,,,
3.060000000e+2,-6.803125000e-2,-2.280000000e+1,2.822400000e+1,,,
3.039843750e+2,-6.400000000e-2,-2.360000000e+1,2.755200000e+1,,,
3.019843750e+2,-6.800000000e-2,-2.279687500e+1,2.889600000e+1,,,
3.059375000e+2,-6.800000000e-2,-2.320312500e+1,2.620800000e+1,,,
3.119843750e+2,-7.200000000e-2,-2.320000000e+1,2.823450000e+1,,,
3.100625000e+2,-7.200000000e-2,-2.200937500e+1,2.956800000e+1,,,
3.060312500e+2,-7.200000000e-2,-2.359687500e+1,2.755200000e+1,,,
3.059531250e+2,-8.000000000e-2,-2.284375000e+1,2.821350000e+1,,,
3.079687500e+2,-7.200000000e-2,-2.280000000e+1,2.822400000e+1,,,
3.039843750e+2,-7.203125000e-2,-2.399687500e+1,2.821875000e+1,,,
3.080468750e+2,-8.000000000e-2,-2.280000000e+1,2.890125000e+1,,,
3.080000000e+2,-6.796875000e-2,-2.360625000e+1,2.821350000e+1,,,
3.079687500e+2,-7.206250000e-2,-2.279375000e+1,2.620800000e+1,,,
3.039687500e+2,-8.406250000e-2,-2.240625000e+1,2.821350000e+1,,,
3.020156250e+2,-6.803125000e-2,-2.200000000e+1,2.888025000e+1,,,
3.019218750e+2,-7.996875000e-2,-2.281875000e+1,2.754675000e+1,,,
3.060000000e+2,-6.806250000e-2,-2.440000000e+1,2.821875000e+1,,,
3.000000000e+2,-7.596875000e-2,-2.276250000e+1,2.688000000e+1,,,
3.059218750e+2,-7.596875000e-2,-2.199375000e+1,2.889600000e+1,,,
3.080468750e+2,-6.803125000e-2,-2.200000000e+1,2.755200000e+1,,,
3.040312500e+2,-7.178125000e-2,-2.281250000e+1,2.621325000e+1,,,
3.060625000e+2,-7.603125000e-2,-2.159375000e+1,2.956800000e+1,,,
3.059687500e+2,-6.800000000e-2,-2.200312500e+1,2.754150000e+1,,,
2.980312500e+2,-7.200000000e-2,-2.240000000e+1,2.755725000e+1,,,
3.080156250e+2,-6.803125000e-2,-2.200312500e+1,2.688525000e+1,,,
3.020156250e+2,-7.600000000e-2,-2.240000000e+1,2.620800000e+1,,,
3.020000000e+2,-7.606250000e-2,-2.120937500e+1,2.688525000e+1,,,
3.060000000e+2,-7.203125000e-2,-2.158125000e+1,2.620800000e+1,,,
3.039843750e+2,-7.196875000e-2,-2.279687500e+1,2.485350000e+1,,,
3.080156250e+2,-7.600000000e-2,-2.240312500e+1,2.755200000e+1,,,
3.000156250e+2,-7.206250000e-2,-2.200312500e+1,2.688000000e+1,,,
3.039531250e+2,-6.403125000e-2,-2.240000000e+1,2.688000000e+1,,,
3.020000000e+2,-7.203125000e-2,-2.200000000e+1,2.620800000e+1,,,
3.019375000e+2,-7.203125000e-2,-2.239687500e+1,2.621325000e+1,,,
3.080000000e+2,-7.593750000e-2,-2.240312500e+1,2.620800000e+1,,,
3.020000000e+2,-7.615625000e-2,-2.280000000e+1,2.820300000e+1,,,
3.039843750e+2,-6.000000000e-2,-2.158750000e+1,2.482725000e+1,,,
3.000156250e+2,-8.003125000e-2,-2.200625000e+1,2.690625000e+1,,,
3.060156250e+2,-6.393750000e-2,-2.200625000e+1,2.685900000e+1,,,
3.019843750e+2,-6.400000000e-2,-2.240000000e+1,2.553075000e+1,,,
3.040000000e+2,-6.787500000e-2,-2.126250000e+1,2.553600000e+1,,,
3.000156250e+2,-7.593750000e-2,-2.078437500e+1,2.552550000e+1,,,
3.000000000e+2,-7.606250000e-2,-2.239687500e+1,2.687475000e+1,,,
2.980781250e+2,-6.403125000e-2,-2.080000000e+1,2.553600000e+1,,,
2.939375000e+2,-8.000000000e-2,-2.199687500e+1,2.686425000e+1,,,
3.019375000e+2,-6.803125000e-2,-2.200000000e+1,2.755200000e+1,,,
2.980625000e+2,-7.184375000e-2,-2.119062500e+1,2.690100000e+1,,,
3.000156250e+2,-8.000000000e-2,-2.241250000e+1,2.553600000e+1,,,
2.979531250e+2,-7.200000000e-2,-2.080000000e+1,2.620800000e+1,,,
2.980000000e+2,-6.809375000e-2,-2.200625000e+1,2.620275000e+1,,,
3.000468750e+2,-7.996875000e-2,-2.120000000e+1,2.688000000e+1,,,
3.040156250e+2,-6.393750000e-2,-2.160625000e+1,2.688000000e+1,,,
3.019531250e+2,-7.612500000e-2,-2.239062500e+1,2.688525000e+1,,,
2.999687500e+2,-7.212500000e-2,-2.080625000e+1,2.553600000e+1,,,
2.999375000e+2,-6.409375000e-2,-2.160000000e+1,2.620275000e+1,,,
3.059375000e+2,-5.996875000e-2,-2.080312500e+1,2.419200000e+1,,,
3.040937500e+2,-7.203125000e-2,-2.240625000e+1,2.553600000e+1,,,
2.980000000e+2,-6.403125000e-2,-2.159375000e+1,2.620275000e+1,,,
2.999687500e+2,-7.600000000e-2,-2.160312500e+1,2.553075000e+1,,,
2.980625000e+2,-6.406250000e-2,-2.120625000e+1,2.552550000e+1,,,
2.960312500e+2,-7.578125000e-2,-2.079062500e+1,2.553075000e+1,,,
3.000000000e+2,-8.003125000e-2,-2.240312500e+1,2.419200000e+1,,,
2.959375000e+2,-6.800000000e-2,-2.158125000e+1,2.419200000e+1,,,
2.960468750e+2,-6.403125000e-2,-2.040000000e+1,2.554125000e+1,,,
3.020156250e+2,-7.203125000e-2,-2.161875000e+1,2.553075000e+1,,,
3.000000000e+2,-6.800000000e-2,-2.200000000e+1,2.486400000e+1,,,
2.919843750e+2,-7.221875000e-2,-2.161562500e+1,2.485875000e+1,,,
2.960156250e+2,-6.000000000e-2,-2.120312500e+1,2.553600000e+1,,,
2.920000000e+2,-8.003125000e-2,-2.120000000e+1,2.487450000e+1,,,
2.959531250e+2,-6.784375000e-2,-2.079687500e+1,2.352000000e+1,,,
3.019843750e+2,-6.803125000e-2,-2.200625000e+1,2.419200000e+1,,,
2.920156250e+2,-6.809375000e-2,-2.159687500e+1,2.419200000e+1,,,
2.960000000e+2,-7.596875000e-2,-2.160312500e+1,2.350425000e+1,,,
2.900156250e+2,-6.793750000e-2,-2.080937500e+1,2.619750000e+1,,,
2.960000000e+2,-7.603125000e-2,-2.120312500e+1,2.419725000e+1,,,
2.960000000e+2,-6.403125000e-2,-2.038750000e+1,2.486400000e+1,,,
2.940156250e+2,-8.000000000e-2,-1.960937500e+1,2.417100000e+1,,,
2.980312500e+2,-6.384375000e-2,-2.080312500e+1,2.419200000e+1,,,
2.979843750e+2,-6.809375000e-2,-2.040625000e+1,2.419200000e+1,,,
2.959843750e+2,-7.200000000e-2,-2.200000000e+1,2.419200000e+1,,,
2.940000000e+2,-7.200000000e-2,-2.038437500e+1,2.486400000e+1,,,
2.960000000e+2,-7.203125000e-2,-2.039687500e+1,2.284800000e+1,,,
2.960000000e+2,-7.600000000e-2,-2.120000000e+1,2.420775000e+1,,,
2.960000000e+2,-7.203125000e-2,-2.080000000e+1,2.486400000e+1,,,
2.939687500e+2,-7.593750000e-2,-2.120000000e+1,2.419725000e+1,,,
2.979843750e+2,-6.400000000e-2,-2.079687500e+1,2.284800000e+1,,,
2.940312500e+2,-7.187500000e-2,-2.160000000e+1,2.553600000e+1,,,
2.919687500e+2,-6.793750000e-2,-2.080312500e+1,2.285325000e+1,,,
2.920625000e+2,-6.806250000e-2,-2.080312500e+1,2.352525000e+1,,,
2.959531250e+2,-7.196875000e-2,-1.999375000e+1,2.485875000e+1,,,
2.899687500e+2,-6.806250000e-2,-2.040937500e+1,2.284275000e+1,,,
2.940156250e+2,-7.603125000e-2,-2.120000000e+1,2.620800000e+1,,,
2.899375000e+2,-6.793750000e-2,-2.080312500e+1,2.219700000e+1,,,
2.899375000e+2,-6.793750000e-2,-2.040312500e+1,2.351475000e+1,,,
2.939375000e+2,-7.200000000e-2,-1.998750000e+1,2.284800000e+1,,,
2.940156250e+2,-6.809375000e-2,-2.119687500e+1,2.353050000e+1,,,
2.899531250e+2,-6.409375000e-2,-1.917812500e+1,2.418675000e+1,,,
2.999531250e+2,-7.196875000e-2,-2.000937500e+1,2.284800000e+1,,,
2.941093750e+2,-6.000000000e-2,-2.120312500e+1,2.419200000e+1,,,
2.919218750e+2,-6.781250000e-2,-2.041250000e+1,2.420775000e+1,,,
2.940000000e+2,-7.200000000e-2,-2.040000000e+1,2.284800000e+1,,,
2.919531250e+2,-6.796875000e-2,-2.000000000e+1,2.353575000e+1,,,
2.920781250e+2,-6.000000000e-2,-2.000625000e+1,2.486400000e+1,,,
2.959375000e+2,-6.815625000e-2,-2.040000000e+1,2.419725000e+1,,,
2.859843750e+2,-7.193750000e-2,-2.000000000e+1,2.284800000e+1,,,
2.940156250e+2,-6.800000000e-2,-1.960000000e+1,2.419725000e+1,,,
2.900000000e+2,-7.965625000e-2,-2.001250000e+1,2.421300000e+1,,,
2.919843750e+2,-8.390625000e-2,-1.959375000e+1,2.217600000e+1,,,
2.880000000e+2,-6.778125000e-2,-2.039375000e+1,2.217600000e+1,,,
2.940000000e+2,-6.821875000e-2,-1.880000000e+1,2.148825000e+1,,,
2.900000000e+2,-7.587500000e-2,-2.040000000e+1,2.352000000e+1,,,
2.940000000e+2,-5.990625000e-2,-1.998750000e+1,2.284800000e+1,,,
2.880468750e+2,-7.215625000e-2,-1.881562500e+1,2.354100000e+1,,,
2.900000000e+2,-7.600000000e-2,-1.879375000e+1,2.150400000e+1,,,
2.900000000e+2,-6.800000000e-2,-1.960312500e+1,2.352000000e+1,,,
2.920156250e+2,-7.609375000e-2,-1.960312500e+1,2.217600000e+1,,,
2.919843750e+2,-7.596875000e-2,-1.999687500e+1,2.417100000e+1,,,
2.919843750e+2,-7.187500000e-2,-1.961562500e+1,2.082675000e+1,,,
2.920000000e+2,-6.403125000e-2,-2.039375000e+1,2.352000000e+1,,,
2.940000000e+2,-7.190625000e-2,-1.882187500e+1,2.083725000e+1,,,
2.900000000e+2,-6.796875000e-2,-1.960000000e+1,2.150400000e+1,,,
2.939843750e+2,-6.006250000e-2,-1.960312500e+1,2.148825000e+1,,,
2.940156250e+2,-6.800000000e-2,-2.000312500e+1,2.352000000e+1,,,
2.900312500e+2,-6.003125000e-2,-1.920000000e+1,2.082150000e+1,,,
2.860468750e+2,-7.209375000e-2,-2.040312500e+1,2.082150000e+1,,,
2.859375000e+2,-6.800000000e-2,-1.961875000e+1,2.216550000e+1,,,
2.900156250e+2,-6.406250000e-2,-1.920625000e+1,2.284275000e+1,,,
2.879687500e+2,-7.203125000e-2,-1.880000000e+1,2.284800000e+1,,,
2.900312500e+2,-6.381250000e-2,-1.920000000e+1,2.285850000e+1,,,
2.920156250e+2,-6.009375000e-2,-1.920000000e+1,2.150400000e+1,,,
2.898750000e+2,-6.806250000e-2,-1.960625000e+1,2.218125000e+1,,,
2.819218750e+2,-6.390625000e-2,-1.960312500e+1,2.017050000e+1,,,
2.820625000e+2,-6.800000000e-2,-1.923125000e+1,2.082150000e+1,,,
2.879375000e+2,-7.600000000e-2,-1.840000000e+1,2.083200000e+1,,,
2.900781250e+2,-6.800000000e-2,-1.920000000e+1,2.150400000e+1,,,
2.839843750e+2,-5.606250000e-2,-1.960000000e+1,2.082675000e+1,,,
2.919843750e+2,-6.809375000e-2,-1.918750000e+1,2.081625000e+1,,,
2.860625000e+2,-5.987500000e-2,-1.880312500e+1,1.948800000e+1,,,
2.859843750e+2,-5.587500000e-2,-1.920000000e+1,2.217600000e+1,,,
2.840312500e+2,-5.171875000e-2,-1.882187500e+1,2.083725000e+1,,,
2.840000000e+2,-7.612500000e-2,-1.840000000e+1,2.149875000e+1,,,
2.860937500e+2,-7.187500000e-2,-1.800312500e+1,2.016000000e+1,,,
2.919687500e+2,-6.781250000e-2,-1.800625000e+1,2.017575000e+1,,,
2.839843750e+2,-6.012500000e-2,-1.919375000e+1,2.282700000e+1,,,
2.880000000e+2,-7.603125000e-2,-1.760312500e+1,2.217600000e+1,,,
2.839687500e+2,-6.403125000e-2,-1.918437500e+1,1.947750000e+1,,,
2.800000000e+2,-7.196875000e-2,-1.841875000e+1,2.014950000e+1,,,
2.840000000e+2,-5.584375000e-2,-1.799687500e+1,2.016000000e+1,,,
2.820000000e+2,-6.431250000e-2,-1.879687500e+1,2.083200000e+1,,,
2.860000000e+2,-7.596875000e-2,-1.920625000e+1,2.082675000e+1,,,
2.820000000e+2,-7.206250000e-2,-1.919375000e+1,2.150925000e+1,,,
2.839843750e+2,-7.593750000e-2,-1.760000000e+1,2.016000000e+1,,,
2.799843750e+2,-6.400000000e-2,-1.759375000e+1,2.081100000e+1,,,
2.859687500e+2,-7.218750000e-2,-1.799375000e+1,2.084250000e+1,,,
2.880000000e+2,-7.996875000e-2,-1.920000000e+1,1.948275000e+1,,,
2.779375000e+2,-6.387500000e-2,-1.799062500e+1,2.016525000e+1,,,
2.800781250e+2,-6.425000000e-2,-1.840000000e+1,2.016000000e+1,,,
2.839687500e+2,-7.600000000e-2,-1.760000000e+1,2.083725000e+1,,,
2.800156250e+2,-6.400000000e-2,-1.800000000e+1,2.083200000e+1,,,
2.860312500e+2,-6.418750000e-2,-1.680312500e+1,2.016000000e+1,,,
2.780312500e+2,-5.590625000e-2,-1.760000000e+1,2.014950000e+1,,,
2.839531250e+2,-7.187500000e-2,-1.720312500e+1,2.083200000e+1,,,
2.819531250e+2,-6.806250000e-2,-1.719375000e+1,2.015475000e+1,,,
2.880000000e+2,-6.806250000e-2,-1.640312500e+1,2.013900000e+1,,,
2.801718750e+2,-5.609375000e-2,-1.758750000e+1,2.150400000e+1,,,
2.799531250e+2,-6.365625000e-2,-1.760937500e+1,1.882650000e+1,,,
2.800156250e+2,-6.796875000e-2,-1.760000000e+1,2.013375000e+1,,,
2.840156250e+2,-6.803125000e-2,-1.760312500e+1,2.082675000e+1,,,
2.840000000e+2,-6.403125000e-2,-1.720312500e+1,2.082150000e+1,,,
2.839687500e+2,-6.400000000e-2,-1.760000000e+1,1.948800000e+1,,,
2.780000000e+2,-6.400000000e-2,-1.720000000e+1,2.016000000e+1,,,
2.820000000e+2,-6.800000000e-2,-1.799687500e+1,1.881600000e+1,,,
2.800000000e+2,-6.825000000e-2,-1.725625000e+1,1.815975000e+1,,,
2.819687500e+2,-6.006250000e-2,-1.640000000e+1,1.814400000e+1,,,
2.820000000e+2,-6.396875000e-2,-1.720312500e+1,1.948275000e+1,,,
2.820000000e+2,-6.406250000e-2,-1.678750000e+1,1.812825000e+1,,,
2.820312500e+2,-6.793750000e-2,-1.723125000e+1,1.882125000e+1,,,
2.760312500e+2,-8.403125000e-2,-1.758437500e+1,1.947750000e+1,,,
2.779687500e+2,-7.203125000e-2,-1.600000000e+1,1.814400000e+1,,,
2.780156250e+2,-8.003125000e-2,-1.760625000e+1,1.881600000e+1,,,
2.799843750e+2,-6.803125000e-2,-1.720000000e+1,1.881075000e+1,,,
2.759843750e+2,-7.600000000e-2,-1.679375000e+1,1.882125000e+1,,,
2.760000000e+2,-6.800000000e-2,-1.639687500e+1,1.948800000e+1,,,
2.760156250e+2,-6.000000000e-2,-1.640000000e+1,1.812300000e+1,,,
2.799843750e+2,-7.190625000e-2,-1.721250000e+1,1.748250000e+1,,,
2.780000000e+2,-6.837500000e-2,-1.722812500e+1,1.946175000e+1,,,
2.779843750e+2,-6.003125000e-2,-1.600312500e+1,2.016000000e+1,,,
2.739843750e+2,-6.400000000e-2,-1.681250000e+1,1.746675000e+1,,,
2.799843750e+2,-6.800000000e-2,-1.720312500e+1,1.948800000e+1,,,
2.780000000e+2,-5.603125000e-2,-1.679375000e+1,1.747725000e+1,,,
2.739843750e+2,-6.406250000e-2,-1.560000000e+1,1.747200000e+1,,,
2.800000000e+2,-7.200000000e-2,-1.639687500e+1,1.810200000e+1,,,
2.740000000e+2,-6.418750000e-2,-1.680312500e+1,1.947750000e+1,,,
2.779687500e+2,-6.000000000e-2,-1.640000000e+1,1.542450000e+1,,,
2.799843750e+2,-6.387500000e-2,-1.640000000e+1,1.680525000e+1,,,
2.739687500e+2,-6.800000000e-2,-1.599375000e+1,1.746150000e+1,,,
2.760156250e+2,-5.603125000e-2,-1.560937500e+1,1.749300000e+1,,,
2.779843750e+2,-5.990625000e-2,-1.640000000e+1,1.947750000e+1,,,
2.780000000e+2,-6.412500000e-2,-1.560312500e+1,1.949850000e+1,,,
2.699843750e+2,-5.990625000e-2,-1.640625000e+1,1.813350000e+1,,,
2.759687500e+2,-7.196875000e-2,-1.680312500e+1,1.747200000e+1,,,
2.780000000e+2,-6.803125000e-2,-1.679687500e+1,1.814400000e+1,,,
2.780156250e+2,-6.800000000e-2,-1.560000000e+1,1.747200000e+1,,,
2.739843750e+2,-6.400000000e-2,-1.641250000e+1,1.881600000e+1,,,
2.779843750e+2,-6.000000000e-2,-1.640000000e+1,1.680000000e+1,,,
2.740468750e+2,-6.768750000e-2,-1.681562500e+1,1.813350000e+1,,,
2.740156250e+2,-7.200000000e-2,-1.600000000e+1,1.747200000e+1,,,
2.739687500e+2,-7.200000000e-2,-1.680000000e+1,1.813875000e+1,,,
2.720312500e+2,-7.196875000e-2,-1.600312500e+1,1.880025000e+1,,,
2.759687500e+2,-6.400000000e-2,-1.719687500e+1,1.679475000e+1,,,
2.699843750e+2,-6.800000000e-2,-1.518750000e+1,1.814400000e+1,,,
2.740000000e+2,-6.400000000e-2,-1.558437500e+1,1.612800000e+1,,,
2.700000000e+2,-6.803125000e-2,-1.600000000e+1,1.747725000e+1,,,
2.740000000e+2,-6.006250000e-2,-1.600000000e+1,1.680000000e+1,,,
2.699843750e+2,-6.390625000e-2,-1.559687500e+1,1.813350000e+1,,,
2.759687500e+2,-6.803125000e-2,-1.518437500e+1,1.613325000e+1,,,
2.760312500e+2,-5.996875000e-2,-1.481250000e+1,1.881600000e+1,,,
2.740156250e+2,-5.996875000e-2,-1.560000000e+1,1.612800000e+1,,,
2.739843750e+2,-6.793750000e-2,-1.518125000e+1,1.546125000e+1,,,
2.740156250e+2,-6.403125000e-2,-1.639687500e+1,1.814400000e+1,,,
2.739687500e+2,-6.000000000e-2,-1.439375000e+1,1.611225000e+1,,,
2.679687500e+2,-6.400000000e-2,-1.480000000e+1,1.479450000e+1,,,
2.700156250e+2,-6.003125000e-2,-1.441250000e+1,1.612275000e+1,,,
2.740000000e+2,-7.200000000e-2,-1.640000000e+1,1.544550000e+1,,,
2.680000000e+2,-6.815625000e-2,-1.441562500e+1,1.813875000e+1,,,
2.700000000e+2,-5.603125000e-2,-1.478750000e+1,1.545600000e+1,,,
2.679843750e+2,-6.387500000e-2,-1.520000000e+1,1.678425000e+1,,,
2.740000000e+2,-7.200000000e-2,-1.560000000e+1,1.612800000e+1,,,
2.680312500e+2,-6.806250000e-2,-1.560000000e+1,1.545600000e+1,,,
2.659531250e+2,-6.003125000e-2,-1.560000000e+1,1.544550000e+1,,,
2.680156250e+2,-6.803125000e-2,-1.519687500e+1,1.612800000e+1,,,
2.619843750e+2,-6.809375000e-2,-1.643437500e+1,1.481025000e+1,,,
2.699687500e+2,-6.003125000e-2,-1.319375000e+1,1.478400000e+1,,,
2.680000000e+2,-6.396875000e-2,-1.480000000e+1,1.682100000e+1,,,
2.699687500e+2,-6.400000000e-2,-1.518125000e+1,1.676325000e+1,,,
2.660000000e+2,-6.403125000e-2,-1.438437500e+1,1.545600000e+1,,,
2.720312500e+2,-6.796875000e-2,-1.400312500e+1,1.612275000e+1,,,
2.699531250e+2,-5.603125000e-2,-1.481250000e+1,1.477875000e+1,,,
2.680000000e+2,-6.365625000e-2,-1.525000000e+1,1.545600000e+1,,,
2.679843750e+2,-6.806250000e-2,-1.360312500e+1,1.477875000e+1,,,
2.699843750e+2,-6.003125000e-2,-1.440937500e+1,1.613325000e+1,,,
2.700000000e+2,-6.403125000e-2,-1.400000000e+1,1.546125000e+1,,,
2.699843750e+2,-6.800000000e-2,-1.400000000e+1,1.477875000e+1,,,
2.680937500e+2,-6.403125000e-2,-1.440000000e+1,1.545600000e+1,,,
2.620781250e+2,-6.406250000e-2,-1.440937500e+1,1.547175000e+1,,,
2.640937500e+2,-6.000000000e-2,-1.398437500e+1,1.411725000e+1,,,
2.680312500e+2,-6.800000000e-2,-1.520312500e+1,1.478925000e+1,,,
2.659531250e+2,-6.406250000e-2,-1.439375000e+1,1.545600000e+1,,,
2.619843750e+2,-7.996875000e-2,-1.440000000e+1,1.478400000e+1,,,
2.640312500e+2,-5.990625000e-2,-1.439687500e+1,1.545075000e+1,,,
2.640156250e+2,-7.215625000e-2,-1.320312500e+1,1.477875000e+1,,,
2.659843750e+2,-6.818750000e-2,-1.437187500e+1,1.613325000e+1,,,
2.620156250e+2,-5.996875000e-2,-1.400312500e+1,1.410675000e+1,,,
2.639687500e+2,-6.800000000e-2,-1.360000000e+1,1.478400000e+1,,,
2.620468750e+2,-6.400000000e-2,-1.400625000e+1,1.344000000e+1,,,
2.599843750e+2,-6.400000000e-2,-1.440000000e+1,1.614375000e+1,,,
2.639218750e+2,-6.000000000e-2,-1.399062500e+1,1.477350000e+1,,,
2.660312500e+2,-5.996875000e-2,-1.359687500e+1,1.412250000e+1,,,
2.619375000e+2,-6.790625000e-2,-1.439687500e+1,1.209600000e+1,,,
2.620468750e+2,-7.200000000e-2,-1.400000000e+1,1.411200000e+1,,,
2.659687500e+2,-7.200000000e-2,-1.400312500e+1,1.344000000e+1,,,
2.599843750e+2,-6.400000000e-2,-1.400000000e+1,1.411200000e+1,,,
2.640000000e+2,-7.200000000e-2,-1.359375000e+1,1.344000000e+1,,,
2.620000000e+2,-6.000000000e-2,-1.320000000e+1,1.478400000e+1,,,
2.600156250e+2,-6.790625000e-2,-1.359375000e+1,1.411725000e+1,,,
2.660000000e+2,-6.800000000e-2,-1.399687500e+1,1.275750000e+1,,,
2.600156250e+2,-6.796875000e-2,-1.440000000e+1,1.208025000e+1,,,
2.619687500e+2,-6.000000000e-2,-1.280312500e+1,1.344000000e+1,,,
2.660000000e+2,-6.806250000e-2,-1.400000000e+1,1.141875000e+1,,,
2.640156250e+2,-7.206250000e-2,-1.280000000e+1,1.209600000e+1,,,
2.620000000e+2,-7.593750000e-2,-1.439062500e+1,1.276275000e+1,,,
2.620625000e+2,-6.803125000e-2,-1.403125000e+1,1.280475000e+1,,,
2.520000000e+2,-7.600000000e-2,-1.400625000e+1,1.141875000e+1,,,
2.620000000e+2,-7.193750000e-2,-1.399687500e+1,1.411725000e+1,,,
2.599375000e+2,-5.996875000e-2,-1.319375000e+1,1.272600000e+1,,,
2.600000000e+2,-6.403125000e-2,-1.321250000e+1,1.209600000e+1,,,
2.600000000e+2,-6.000000000e-2,-1.360312500e+1,1.209600000e+1,,,
2.600000000e+2,-6.400000000e-2,-1.281875000e+1,1.209600000e+1,,,
2.600000000e+2,-6.396875000e-2,-1.200312500e+1,1.209600000e+1,,,
2.640000000e+2,-7.203125000e-2,-1.319375000e+1,1.276275000e+1,,,
2.580000000e+2,-6.803125000e-2,-1.360000000e+1,1.342950000e+1,,,
2.600000000e+2,-7.606250000e-2,-1.359687500e+1,1.209600000e+1,,,
2.559375000e+2,-7.190625000e-2,-1.279687500e+1,1.276275000e+1,,,
2.659531250e+2,-6.800000000e-2,-1.239375000e+1,1.276800000e+1,,,
2.600625000e+2,-6.781250000e-2,-1.319687500e+1,1.344525000e+1,,,
2.600312500e+2,-7.596875000e-2,-1.240312500e+1,1.143450000e+1,,,
2.599843750e+2,-6.393750000e-2,-1.279375000e+1,1.076250000e+1,,,
2.579531250e+2,-6.806250000e-2,-1.440000000e+1,1.411725000e+1,,,
2.580468750e+2,-6.806250000e-2,-1.319687500e+1,1.277325000e+1,,,
2.620468750e+2,-7.196875000e-2,-1.400000000e+1,1.209600000e+1,,,
2.619375000e+2,-6.393750000e-2,-1.320625000e+1,1.342950000e+1,,,
2.579843750e+2,-6.393750000e-2,-1.280312500e+1,1.277325000e+1,,,
2.619687500e+2,-7.200000000e-2,-1.279062500e+1,1.142400000e+1,,,
2.580312500e+2,-6.803125000e-2,-1.359687500e+1,1.143450000e+1,,,
2.539843750e+2,-7.206250000e-2,-1.197187500e+1,1.277325000e+1,,,
2.579531250e+2,-6.787500000e-2,-1.200625000e+1,1.276800000e+1,,,
2.600000000e+2,-6.003125000e-2,-1.360000000e+1,1.411200000e+1,,,
2.580625000e+2,-7.584375000e-2,-1.201875000e+1,1.145025000e+1,,,
2.560000000e+2,-7.203125000e-2,-1.240000000e+1,1.142400000e+1,,,
2.580312500e+2,-7.196875000e-2,-1.200000000e+1,1.142400000e+1,,,
2.580000000e+2,-6.406250000e-2,-1.280625000e+1,1.141875000e+1,,,
2.579687500e+2,-7.612500000e-2,-1.239687500e+1,1.074675000e+1,,,
2.540000000e+2,-7.184375000e-2,-1.200000000e+1,1.276800000e+1,,,
2.580156250e+2,-6.396875000e-2,-1.200000000e+1,1.141875000e+1,,,
2.600000000e+2,-6.778125000e-2,-1.201562500e+1,1.210650000e+1,,,
2.539062500e+2,-8.006250000e-2,-1.160000000e+1,1.075200000e+1,,,
2.480000000e+2,-7.987500000e-2,-1.200625000e+1,1.344000000e+1,,,
2.580000000e+2,-7.187500000e-2,-1.199687500e+1,1.077825000e+1,,,
2.520000000e+2,-6.796875000e-2,-1.160000000e+1,1.075200000e+1,,,
2.580000000e+2,-6.806250000e-2,-1.239687500e+1,1.008000000e+1,,,
2.580156250e+2,-7.200000000e-2,-1.159062500e+1,1.076250000e+1,,,
2.559687500e+2,-7.200000000e-2,-1.280000000e+1,1.008000000e+1,,,
2.520312500e+2,-7.600000000e-2,-1.118750000e+1,1.209075000e+1,,,
2.559843750e+2,-7.203125000e-2,-1.162500000e+1,1.008000000e+1,,,
2.499375000e+2,-7.596875000e-2,-1.239687500e+1,1.210125000e+1,,,
2.541406250e+2,-6.793750000e-2,-1.159687500e+1,1.003800000e+1,,,
2.579843750e+2,-6.803125000e-2,-1.240937500e+1,1.006950000e+1,,,
2.520000000e+2,-6.796875000e-2,-1.204687500e+1,1.209600000e+1,,,
2.520156250e+2,-6.796875000e-2,-1.120000000e+1,1.006950000e+1,,,
2.559843750e+2,-6.003125000e-2,-1.200937500e+1,1.006425000e+1,,,
2.560312500e+2,-6.796875000e-2,-1.240000000e+1,1.141875000e+1,,,
2.520000000e+2,-6.006250000e-2,-1.200000000e+1,1.141350000e+1,,,
2.540312500e+2,-7.606250000e-2,-1.240312500e+1,9.418500000e+0,,,
2.499531250e+2,-6.800000000e-2,-1.241250000e+1,8.709750000e+0,,,
2.560000000e+2,-6.806250000e-2,-1.160625000e+1,1.210650000e+1,,,
2.478593750e+2,-7.203125000e-2,-1.160312500e+1,1.075725000e+1,,,
2.480156250e+2,-7.193750000e-2,-1.119687500e+1,1.008525000e+1,,,
2.521718750e+2,-6.796875000e-2,-1.240000000e+1,1.008000000e+1,,,
2.599687500e+2,-6.800000000e-2,-1.158437500e+1,1.141875000e+1,,,
2.519375000e+2,-6.806250000e-2,-1.120000000e+1,1.143975000e+1,,,
2.540000000e+2,-7.600000000e-2,-1.159687500e+1,9.429000000e+0,,,
2.480312500e+2,-8.000000000e-2,-1.160312500e+1,8.736000000e+0,,,
2.479843750e+2,-7.200000000e-2,-1.200000000e+1,8.730750000e+0,,,
2.479843750e+2,-6.400000000e-2,-1.159687500e+1,1.004850000e+1,,,
2.499843750e+2,-6.815625000e-2,-1.079062500e+1,6.720000000e+0,,,
2.499687500e+2,-7.187500000e-2,-1.080312500e+1,1.008000000e+1,,,
2.520312500e+2,-5.990625000e-2,-1.119687500e+1,8.736000000e+0,,,
2.479687500e+2,-6.390625000e-2,-1.160000000e+1,1.006425000e+1,,,
2.540312500e+2,-6.809375000e-2,-1.160000000e+1,1.009050000e+1,,,
2.520000000e+2,-7.996875000e-2,-1.200312500e+1,9.408000000e+0,,,
2.539843750e+2,-6.790625000e-2,-1.119687500e+1,1.076775000e+1,,,
2.479843750e+2,-7.612500000e-2,-1.119687500e+1,1.076775000e+1,,,
2.500000000e+2,-7.603125000e-2,-9.609375000e+0,8.064000000e+0,,,
2.480000000e+2,-7.606250000e-2,-9.975000000e+0,8.064000000e+0,,,
2.519843750e+2,-6.409375000e-2,-1.081250000e+1,8.730750000e+0,,,
2.460000000e+2,-8.009375000e-2,-9.593750000e+0,8.741250000e+0,,,
2.520000000e+2,-6.787500000e-2,-1.160000000e+1,8.736000000e+0,,,
2.520000000e+2,-7.212500000e-2,-1.000000000e+1,1.008000000e+1,,,
2.540000000e+2,-6.784375000e-2,-1.160000000e+1,8.069250000e+0,,,
2.479843750e+2,-6.809375000e-2,-1.000000000e+1,1.008000000e+1,,,
2.499843750e+2,-7.200000000e-2,-9.990625000e+0,1.076250000e+1,,,
2.519843750e+2,-6.793750000e-2,-9.996875000e+0,9.423750000e+0,,,
2.520000000e+2,-6.403125000e-2,-1.079687500e+1,8.069250000e+0,,,
2.479843750e+2,-7.196875000e-2,-1.119375000e+1,9.418500000e+0,,,
2.460000000e+2,-6.406250000e-2,-1.038750000e+1,9.408000000e+0,,,
2.439687500e+2,-7.606250000e-2,-9.996875000e+0,8.736000000e+0,,,
2.420468750e+2,-6.396875000e-2,-9.600000000e+0,9.408000000e+0,,,
2.480000000e+2,-6.012500000e-2,-1.000000000e+1,8.736000000e+0,,,
2.420937500e+2,-5.978125000e-2,-1.000000000e+1,8.725500000e+0,,,
2.439062500e+2,-7.596875000e-2,-8.803125000e+0,9.408000000e+0,,,
2.499218750e+2,-6.803125000e-2,-9.606250000e+0,9.402750000e+0,,,
2.481562500e+2,-7.596875000e-2,-9.603125000e+0,8.746500000e+0,,,
2.439218750e+2,-6.825000000e-2,-1.000312500e+1,8.064000000e+0,,,
2.499062500e+2,-6.396875000e-2,-9.606250000e+0,9.381750000e+0,,,
2.479687500e+2,-6.787500000e-2,-9.993750000e+0,1.077300000e+1,,,
2.459843750e+2,-7.212500000e-2,-1.080000000e+1,8.064000000e+0,,,
2.439843750e+2,-6.396875000e-2,-1.040000000e+1,1.009050000e+1,,,
2.439843750e+2,-8.400000000e-2,-1.039375000e+1,8.736000000e+0,,,
2.420156250e+2,-6.800000000e-2,-9.200000000e+0,9.408000000e+0,,,
2.480156250e+2,-6.400000000e-2,-1.038750000e+1,9.408000000e+0,,,
2.460000000e+2,-7.975000000e-2,-1.006250000e+1,9.434250000e+0,,,
2.440625000e+2,-7.612500000e-2,-8.803125000e+0,8.064000000e+0,,,
2.419531250e+2,-7.593750000e-2,-9.606250000e+0,8.730750000e+0,,,
2.479843750e+2,-7.609375000e-2,-9.596875000e+0,8.079750000e+0,,,
2.440312500e+2,-6.403125000e-2,-1.002187500e+1,1.008000000e+1,,,
2.459218750e+2,-7.190625000e-2,-9.984375000e+0,8.064000000e+0,,,
2.480468750e+2,-7.606250000e-2,-8.800000000e+0,1.008000000e+1,,,
2.419375000e+2,-7.215625000e-2,-1.040937500e+1,7.392000000e+0,,,
2.441093750e+2,-6.403125000e-2,-1.120000000e+1,7.402500000e+0,,,
2.499843750e+2,-6.400000000e-2,-9.578125000e+0,7.392000000e+0,,,
2.419531250e+2,-6.800000000e-2,-9.606250000e+0,7.392000000e+0,,,
2.440000000e+2,-8.000000000e-2,-9.600000000e+0,7.392000000e+0,,,
2.420156250e+2,-6.800000000e-2,-1.000312500e+1,7.381500000e+0,,,
2.400000000e+2,-8.006250000e-2,-9.618750000e+0,6.714750000e+0,,,
2.439843750e+2,-6.406250000e-2,-8.809375000e+0,8.064000000e+0,,,
2.380000000e+2,-7.200000000e-2,-8.812500000e+0,8.058750000e+0,,,
2.420156250e+2,-6.800000000e-2,-1.081875000e+1,6.725250000e+0,,,
2.340000000e+2,-7.600000000e-2,-1.039375000e+1,6.720000000e+0,,,
2.379531250e+2,-7.203125000e-2,-9.203125000e+0,6.725250000e+0,,,
2.460156250e+2,-8.400000000e-2,-1.000000000e+1,8.064000000e+0,,,
2.400000000e+2,-7.203125000e-2,-9.209375000e+0,6.714750000e+0,,,
2.460000000e+2,-8.390625000e-2,-9.203125000e+0,7.397250000e+0,,,
2.379843750e+2,-7.621875000e-2,-9.206250000e+0,6.714750000e+0,,,
2.420468750e+2,-7.200000000e-2,-9.187500000e+0,6.730500000e+0,,,
2.440000000e+2,-8.803125000e-2,-8.018750000e+0,7.376250000e+0,,,
2.440312500e+2,-6.815625000e-2,-1.042187500e+1,6.048000000e+0,,,
2.360000000e+2,-6.790625000e-2,-9.640625000e+0,7.386750000e+0,,,
2.360156250e+2,-6.793750000e-2,-8.796875000e+0,6.042750000e+0,,,
2.399687500e+2,-7.200000000e-2,-8.809375000e+0,6.048000000e+0,,,
2.420000000e+2,-6.803125000e-2,-9.603125000e+0,4.704000000e+0,,,
2.400156250e+2,-6.400000000e-2,-9.200000000e+0,5.386500000e+0,,,
2.380000000e+2,-7.600000000e-2,-9.600000000e+0,7.392000000e+0,,,
2.399218750e+2,-6.400000000e-2,-8.806250000e+0,5.376000000e+0,,,
2.440312500e+2,-8.000000000e-2,-8.428125000e+0,6.725250000e+0,,,
2.379531250e+2,-6.400000000e-2,-8.000000000e+0,5.381250000e+0,,,
2.400468750e+2,-7.203125000e-2,-9.200000000e+0,8.725500000e+0,,,
2.399843750e+2,-6.800000000e-2,-8.000000000e+0,7.360500000e+0,,,
2.379375000e+2,-7.203125000e-2,-8.815625000e+0,6.048000000e+0,,,
2.360468750e+2,-7.203125000e-2,-9.196875000e+0,7.386750000e+0,,,
2.440468750e+2,-8.006250000e-2,-8.793750000e+0,7.392000000e+0,,,
2.440625000e+2,-7.193750000e-2,-9.200000000e+0,6.714750000e+0,,,
2.400468750e+2,-8.790625000e-2,-8.393750000e+0,6.042750000e+0,,,
2.400000000e+2,-8.012500000e-2,-8.403125000e+0,5.386500000e+0,,,
2.400156250e+2,-6.809375000e-2,-8.790625000e+0,6.725250000e+0,,,
2.359531250e+2,-6.003125000e-2,-8.409375000e+0,5.370750000e+0,,,
2.439687500e+2,-7.190625000e-2,-9.200000000e+0,5.376000000e+0,,,
2.381093750e+2,-8.409375000e-2,-8.406250000e+0,5.376000000e+0,,,
2.380781250e+2,-7.203125000e-2,-8.800000000e+0,6.048000000e+0,,,
2.419843750e+2,-7.600000000e-2,-8.000000000e+0,6.048000000e+0,,,
2.360000000e+2,-7.600000000e-2,-8.800000000e+0,6.048000000e+0,,,
2.420000000e+2,-7.203125000e-2,-8.003125000e+0,6.048000000e+0,,,
2.380156250e+2,-8.400000000e-2,-9.200000000e+0,5.376000000e+0,,,
2.380000000e+2,-7.209375000e-2,-8.409375000e+0,6.042750000e+0,,,
2.340000000e+2,-7.196875000e-2,-8.787500000e+0,4.704000000e+0,,,
2.400000000e+2,-6.809375000e-2,-9.203125000e+0,5.349750000e+0,,,
2.339843750e+2,-6.400000000e-2,-8.406250000e+0,6.720000000e+0,,,
2.439843750e+2,-7.600000000e-2,-7.996875000e+0,4.032000000e+0,,,
2.360468750e+2,-6.400000000e-2,-7.600000000e+0,6.699000000e+0,,,
2.399843750e+2,-8.006250000e-2,-8.403125000e+0,5.381250000e+0,,,
2.380312500e+2,-7.615625000e-2,-6.812500000e+0,4.688250000e+0,,,
2.340156250e+2,-6.796875000e-2,-8.409375000e+0,6.048000000e+0,,,
2.340000000e+2,-7.596875000e-2,-8.800000000e+0,5.365500000e+0,,,
2.359843750e+2,-6.800000000e-2,-7.590625000e+0,4.662000000e+0,,,
2.340000000e+2,-6.406250000e-2,-8.015625000e+0,2.688000000e+0,,,
2.380156250e+2,-8.403125000e-2,-8.403125000e+0,4.042500000e+0,,,
2.380000000e+2,-7.206250000e-2,-8.400000000e+0,4.032000000e+0,,,
2.380156250e+2,-6.806250000e-2,-7.640625000e+0,5.376000000e+0,,,
2.320000000e+2,-6.400000000e-2,-6.803125000e+0,4.704000000e+0,,,
2.379843750e+2,-6.800000000e-2,-7.209375000e+0,6.063750000e+0,,,
2.360625000e+2,-6.803125000e-2,-8.003125000e+0,6.053250000e+0,,,
2.340000000e+2,-7.600000000e-2,-8.003125000e+0,4.042500000e+0,,,
2.359531250e+2,-7.596875000e-2,-7.600000000e+0,4.032000000e+0,,,
2.379687500e+2,-8.406250000e-2,-6.800000000e+0,4.698750000e+0,,,
2.400312500e+2,-6.800000000e-2,-7.581250000e+0,4.704000000e+0,,,
2.399218750e+2,-6.400000000e-2,-8.003125000e+0,4.698750000e+0,,,
2.360156250e+2,-6.406250000e-2,-7.993750000e+0,4.026750000e+0,,,
2.399843750e+2,-7.593750000e-2,-8.000000000e+0,5.376000000e+0,,,
2.339218750e+2,-6.403125000e-2,-9.200000000e+0,4.032000000e+0,,,
2.360468750e+2,-8.009375000e-2,-7.990625000e+0,6.042750000e+0,,,
2.380000000e+2,-7.212500000e-2,-8.012500000e+0,4.746000000e+0,,,
2.380312500e+2,-7.203125000e-2,-7.200000000e+0,3.360000000e+0,,,
2.359843750e+2,-6.796875000e-2,-8.009375000e+0,4.704000000e+0,,,
2.379843750e+2,-8.003125000e-2,-7.590625000e+0,5.376000000e+0,,,
2.360312500e+2,-7.200000000e-2,-6.800000000e+0,4.037250000e+0,,,
2.339843750e+2,-7.600000000e-2,-7.203125000e+0,5.370750000e+0,,,
2.378906250e+2,-8.006250000e-2,-7.200000000e+0,3.365250000e+0,,,
2.399531250e+2,-7.203125000e-2,-8.000000000e+0,4.704000000e+0,,,
2.339531250e+2,-7.603125000e-2,-7.600000000e+0,4.032000000e+0,,,
2.320156250e+2,-6.800000000e-2,-7.587500000e+0,3.360000000e+0,,,
2.340156250e+2,-8.006250000e-2,-6.400000000e+0,5.376000000e+0,,,
2.340000000e+2,-8.000000000e-2,-8.818750000e+0,4.026750000e+0,,,
2.340000000e+2,-8.000000000e-2,-8.000000000e+0,4.704000000e+0,,,
2.379843750e+2,-8.006250000e-2,-7.625000000e+0,4.026750000e+0,,,
2.299531250e+2,-7.600000000e-2,-6.400000000e+0,5.376000000e+0,,,
2.339687500e+2,-7.196875000e-2,-7.600000000e+0,4.042500000e+0,,,
2.360156250e+2,-6.409375000e-2,-7.606250000e+0,4.026750000e+0,,,
2.299843750e+2,-8.012500000e-2,-6.403125000e+0,4.704000000e+0,,,
2.339843750e+2,-7.984375000e-2,-7.612500000e+0,4.704000000e+0,,,
2.320156250e+2,-7.200000000e-2,-7.206250000e+0,4.021500000e+0,,,
2.300156250e+2,-7.965625000e-2,-6.812500000e+0,4.095000000e+0,,,
2.280000000e+2,-8.403125000e-2,-6.393750000e+0,1.338750000e+0,,,
2.320000000e+2,-7.200000000e-2,-6.818750000e+0,4.704000000e+0,,,
2.259843750e+2,-8.406250000e-2,-8.806250000e+0,1.979250000e+0,,,
2.320156250e+2,-8.387500000e-2,-7.143750000e+0,4.053000000e+0,,,
2.299687500e+2,-7.603125000e-2,-6.409375000e+0,4.704000000e+0,,,
2.340156250e+2,-8.000000000e-2,-6.803125000e+0,4.704000000e+0,,,
2.360000000e+2,-7.203125000e-2,-5.996875000e+0,4.704000000e+0,,,
2.320000000e+2,-7.196875000e-2,-6.400000000e+0,2.693250000e+0,,,
2.340000000e+2,-6.406250000e-2,-6.400000000e+0,3.370500000e+0,,,
2.340156250e+2,-8.425000000e-2,-7.203125000e+0,4.032000000e+0,,,
2.280312500e+2,-8.381250000e-2,-7.200000000e+0,4.709250000e+0,,,
2.299375000e+2,-7.196875000e-2,-7.200000000e+0,2.016000000e+0,,,
2.319843750e+2,-7.596875000e-2,-6.825000000e+0,4.032000000e+0,,,
2.319218750e+2,-7.196875000e-2,-5.996875000e+0,1.349250000e+0,,,
2.280000000e+2,-7.196875000e-2,-7.593750000e+0,2.698500000e+0,,,
2.320156250e+2,-7.209375000e-2,-7.987500000e+0,4.704000000e+0,,,
2.300000000e+2,-8.421875000e-2,-6.787500000e+0,2.688000000e+0,,,
2.340468750e+2,-8.775000000e-2,-6.800000000e+0,4.704000000e+0,,,
2.339531250e+2,-6.790625000e-2,-8.400000000e+0,4.037250000e+0,,,
2.300781250e+2,-7.584375000e-2,-6.809375000e+0,3.370500000e+0,,,
2.279375000e+2,-8.400000000e-2,-5.990625000e+0,1.344000000e+0,,,
2.320000000e+2,-8.003125000e-2,-7.203125000e+0,2.703750000e+0,,,
2.279687500e+2,-8.000000000e-2,-6.390625000e+0,3.360000000e+0,,,
2.340000000e+2,-7.196875000e-2,-6.803125000e+0,2.688000000e+0,,,
2.241093750e+2,-7.203125000e-2,-6.800000000e+0,4.032000000e+0,,,
2.257968750e+2,-7.581250000e-2,-6.793750000e+0,3.375750000e+0,,,
2.340781250e+2,-8.796875000e-2,-7.200000000e+0,2.688000000e+0,,,
2.318281250e+2,-8.796875000e-2,-6.800000000e+0,3.349500000e+0,,,
2.260937500e+2,-7.587500000e-2,-6.393750000e+0,2.693250000e+0,,,
2.359687500e+2,-7.615625000e-2,-6.406250000e+0,5.365500000e+0,,,
2.219843750e+2,-8.809375000e-2,-7.600000000e+0,4.688250000e+0,,,
2.320156250e+2,-8.387500000e-2,-7.196875000e+0,4.026750000e+0,,,
2.280000000e+2,-7.590625000e-2,-6.809375000e+0,3.375750000e+0,,,
2.240000000e+2,-8.403125000e-2,-6.403125000e+0,2.016000000e+0,,,
2.260000000e+2,-8.006250000e-2,-6.406250000e+0,2.688000000e+0,,,
2.260000000e+2,-8.803125000e-2,-6.800000000e+0,2.703750000e+0,,,
2.300156250e+2,-7.981250000e-2,-6.000000000e+0,2.016000000e+0,,,
2.300000000e+2,-7.609375000e-2,-6.000000000e+0,4.032000000e+0,,,
2.260625000e+2,-8.409375000e-2,-5.600000000e+0,2.740500000e+0,,,
2.260312500e+2,-8.400000000e-2,-6.003125000e+0,1.344000000e+0,,,
2.359531250e+2,-7.603125000e-2,-5.603125000e+0,2.021250000e+0,,,
2.259843750e+2,-8.806250000e-2,-6.400000000e+0,2.693250000e+0,,,
2.360781250e+2,-7.981250000e-2,-5.596875000e+0,3.365250000e+0,,,
2.299218750e+2,-7.600000000e-2,-6.006250000e+0,3.354750000e+0,,,
2.320000000e+2,-8.009375000e-2,-6.009375000e+0,3.360000000e+0,,,
2.300000000e+2,-8.803125000e-2,-7.171875000e+0,3.354750000e+0,,,
2.299843750e+2,-8.000000000e-2,-6.800000000e+0,4.026750000e+0,,,
2.280000000e+2,-8.396875000e-2,-6.009375000e+0,2.693250000e+0,,,
2.299843750e+2,-7.196875000e-2,-7.200000000e+0,2.688000000e+0,,,
2.300000000e+2,-8.418750000e-2,-6.006250000e+0,2.682750000e+0,,,
2.300312500e+2,-8.796875000e-2,-6.006250000e+0,2.016000000e+0,,,
2.279843750e+2,-8.400000000e-2,-7.200000000e+0,2.010750000e+0,,,
2.300625000e+2,-7.996875000e-2,-6.025000000e+0,2.693250000e+0,,,
2.278750000e+2,-7.200000000e-2,-6.000000000e+0,3.354750000e+0,,,
2.240468750e+2,-7.609375000e-2,-6.003125000e+0,3.375750000e+0,,,
2.340625000e+2,-8.012500000e-2,-5.600000000e+0,1.344000000e+0,,,
2.278750000e+2,-9.212500000e-2,-6.412500000e+0,6.615000000e-1,,,
2.280625000e+2,-8.787500000e-2,-6.403125000e+0,3.333750000e+0,,,
2.320156250e+2,-8.400000000e-2,-5.596875000e+0,2.719500000e+0,,,
2.300468750e+2,-7.600000000e-2,-6.403125000e+0,1.344000000e+0,,,
2.279687500e+2,-7.600000000e-2,-6.000000000e+0,2.682750000e+0,,,
2.319843750e+2,-8.800000000e-2,-5.603125000e+0,1.989750000e+0,,,
2.300156250e+2,-7.996875000e-2,-6.790625000e+0,1.354500000e+0,,,
2.280156250e+2,-8.393750000e-2,-5.203125000e+0,3.360000000e+0,,,
2.279687500e+2,-7.193750000e-2,-6.800000000e+0,2.688000000e+0,,,
2.300000000e+2,-7.975000000e-2,-5.231250000e+0,6.825000000e-1,,,
2.279687500e+2,-8.400000000e-2,-6.000000000e+0,1.323000000e+0,,,
2.280156250e+2,-8.400000000e-2,-5.600000000e+0,3.360000000e+0,,,
2.279687500e+2,-8.396875000e-2,-6.000000000e+0,3.344250000e+0,,,
2.240000000e+2,-7.993750000e-2,-5.596875000e+0,2.016000000e+0,,,
2.280000000e+2,-7.596875000e-2,-5.200000000e+0,2.688000000e+0,,,
2.279843750e+2,-7.600000000e-2,-5.203125000e+0,2.677500000e+0,,,
2.260000000e+2,-8.012500000e-2,-5.190625000e+0,6.720000000e-1,,,
2.280156250e+2,-8.800000000e-2,-6.000000000e+0,2.010750000e+0,,,
2.320000000e+2,-7.990625000e-2,-5.206250000e+0,1.344000000e+0,,,
2.260000000e+2,-7.993750000e-2,-4.815625000e+0,2.688000000e+0,,,
2.260000000e+2,-7.190625000e-2,-6.000000000e+0,6.825000000e-1,,,
2.239843750e+2,-7.612500000e-2,-4.800000000e+0,2.016000000e+0,,,
2.239687500e+2,-8.000000000e-2,-5.140625000e+0,3.370500000e+0,,,
2.300000000e+2,-8.800000000e-2,-6.796875000e+0,1.359750000e+0,,,
2.220000000e+2,-8.803125000e-2,-6.003125000e+0,1.349250000e+0,,,
2.220156250e+2,-9.193750000e-2,-6.000000000e+0,2.031750000e+0,,,
2.240156250e+2,-7.587500000e-2,-5.596875000e+0,3.360000000e+0,,,
2.280000000e+2,-8.003125000e-2,-5.600000000e+0,1.344000000e+0,,,
2.280000000e+2,-7.196875000e-2,-5.600000000e+0,3.360000000e+0,,,
2.299687500e+2,-7.181250000e-2,-5.203125000e+0,1.344000000e+0,,,
2.281093750e+2,-7.981250000e-2,-5.200000000e+0,1.323000000e+0,,,
2.220312500e+2,-8.796875000e-2,-6.400000000e+0,2.688000000e+0,,,
2.239531250e+2,-8.415625000e-2,-5.190625000e+0,2.682750000e+0,,,
2.258906250e+2,-7.600000000e-2,-5.603125000e+0,1.344000000e+0,,,
2.281406250e+2,-8.003125000e-2,-6.000000000e+0,2.016000000e+0,,,
2.219062500e+2,-7.600000000e-2,-5.993750000e+0,2.016000000e+0,,,
2.300000000e+2,-8.387500000e-2,-6.400000000e+0,2.016000000e+0,,,
2.219843750e+2,-8.406250000e-2,-6.009375000e+0,2.016000000e+0,,,
2.260312500e+2,-8.000000000e-2,-5.609375000e+0,2.016000000e+0,,,
2.299843750e+2,-8.400000000e-2,-6.396875000e+0,2.682750000e+0,,,
2.220000000e+2,-8.000000000e-2,-4.800000000e+0,3.360000000e+0,,,
2.300156250e+2,-8.000000000e-2,-5.600000000e+0,2.016000000e+0,,,
2.260000000e+2,-8.387500000e-2,-4.803125000e+0,1.375500000e+0,,,
2.260312500e+2,-8.409375000e-2,-5.996875000e+0,1.344000000e+0,,,
2.220156250e+2,-8.000000000e-2,-5.581250000e+0,4.698750000e+0,,,
2.239843750e+2,-8.396875000e-2,-4.003125000e+0,1.317750000e+0,,,
2.260312500e+2,-8.403125000e-2,-5.637500000e+0,2.688000000e+0,,,
2.219687500e+2,-8.006250000e-2,-5.993750000e+0,1.333500000e+0,,,
2.279687500e+2,-7.987500000e-2,-5.603125000e+0,2.688000000e+0,,,
2.239375000e+2,-8.796875000e-2,-5.596875000e+0,4.032000000e+0,,,
2.261093750e+2,-8.015625000e-2,-4.800000000e+0,1.333500000e+0,,,
2.319843750e+2,-7.196875000e-2,-4.406250000e+0,2.021250000e+0,,,
2.239531250e+2,-8.800000000e-2,-5.206250000e+0,1.344000000e+0,,,
2.260000000e+2,-8.000000000e-2,-5.600000000e+0,2.677500000e+0,,,
2.259843750e+2,-8.790625000e-2,-5.996875000e+0,-2.100000000e-2,,,
2.280000000e+2,-9.215625000e-2,-5.206250000e+0,1.323000000e+0,,,
2.239843750e+2,-8.406250000e-2,-5.206250000e+0,2.016000000e+0,,,
2.240000000e+2,-8.000000000e-2,-4.400000000e+0,1.344000000e+0,,,
2.239687500e+2,-7.600000000e-2,-6.034375000e+0,2.693250000e+0,,,
2.300000000e+2,-7.996875000e-2,-7.196875000e+0,0.000000000e+0,,,
2.240312500e+2,-8.803125000e-2,-5.193750000e+0,2.693250000e+0,,,
2.219531250e+2,-8.800000000e-2,-5.603125000e+0,2.031750000e+0,,,
2.260000000e+2,-8.403125000e-2,-4.796875000e+0,1.328250000e+0,,,
2.260156250e+2,-8.412500000e-2,-5.596875000e+0,-1.333500000e+0,,,
2.219843750e+2,-7.600000000e-2,-4.403125000e+0,2.026500000e+0,,,
2.240000000e+2,-8.400000000e-2,-5.603125000e+0,1.323000000e+0,,,
2.199843750e+2,-8.403125000e-2,-4.390625000e+0,6.825000000e-1,,,
2.199843750e+2,-8.000000000e-2,-5.212500000e+0,1.349250000e+0,,,
2.240000000e+2,-8.775000000e-2,-5.578125000e+0,-6.667500000e-1,,,
2.199843750e+2,-9.206250000e-2,-6.396875000e+0,2.031750000e+0,,,
2.199531250e+2,-8.406250000e-2,-4.796875000e+0,3.360000000e+0,,,
2.299375000e+2,-8.003125000e-2,-5.603125000e+0,2.688000000e+0,,,
2.260468750e+2,-7.600000000e-2,-5.200000000e+0,0.000000000e+0,,,
2.180156250e+2,-8.800000000e-2,-5.606250000e+0,3.360000000e+0,,,
2.219375000e+2,-8.800000000e-2,-5.600000000e+0,1.344000000e+0,,,
2.220156250e+2,-8.837500000e-2,-5.634375000e+0,6.720000000e-1,,,
2.220156250e+2,-7.600000000e-2,-4.400000000e+0,0.000000000e+0,,,
2.219531250e+2,-8.403125000e-2,-5.209375000e+0,1.333500000e+0,,,
2.179687500e+2,-8.000000000e-2,-5.200000000e+0,2.021250000e+0,,,
2.200625000e+2,-8.003125000e-2,-5.200000000e+0,2.682750000e+0,,,
2.240156250e+2,-8.800000000e-2,-5.200000000e+0,1.349250000e+0,,,
2.240000000e+2,-8.003125000e-2,-5.190625000e+0,1.338750000e+0,,,
2.260156250e+2,-9.184375000e-2,-5.600000000e+0,2.005500000e+0,,,
2.239687500e+2,-9.212500000e-2,-4.390625000e+0,-6.825000000e-1,,,
2.280000000e+2,-8.400000000e-2,-4.406250000e+0,-6.615000000e-1,,,
2.240000000e+2,-9.200000000e-2,-5.587500000e+0,6.930000000e-1,,,
2.259375000e+2,-8.800000000e-2,-3.987500000e+0,1.344000000e+0,,,
2.300156250e+2,-9.196875000e-2,-5.200000000e+0,6.720000000e-1,,,
2.241250000e+2,-9.628125000e-2,-5.609375000e+0,0.000000000e+0,,,
2.220312500e+2,-8.003125000e-2,-5.196875000e+0,6.720000000e-1,,,
2.260156250e+2,-8.800000000e-2,-4.800000000e+0,1.344000000e+0,,,
2.259843750e+2,-9.200000000e-2,-4.800000000e+0,6.772500000e-1,,,
2.239843750e+2,-8.803125000e-2,-4.003125000e+0,2.682750000e+0,,,
2.220000000e+2,-9.600000000e-2,-5.200000000e+0,2.016000000e+0,,,
2.240000000e+2,-9.612500000e-2,-4.803125000e+0,2.682750000e+0,,,
2.280000000e+2,-8.400000000e-2,-5.590625000e+0,6.720000000e-1,,,
2.220000000e+2,-9.196875000e-2,-5.603125000e+0,6.510000000e-1,,,
2.279687500e+2,-8.400000000e-2,-5.206250000e+0,2.016000000e+0,,,
2.280468750e+2,-8.803125000e-2,-4.406250000e+0,6.772500000e-1,,,
2.159843750e+2,-7.590625000e-2,-5.600000000e+0,0.000000000e+0,,,
2.279531250e+2,-8.006250000e-2,-4.803125000e+0,6.615000000e-1,,,
2.260625000e+2,-9.203125000e-2,-5.193750000e+0,2.026500000e+0,,,
2.240000000e+2,-8.400000000e-2,-4.800000000e+0,6.720000000e-1,,,
2.240000000e+2,-8.809375000e-2,-5.200000000e+0,2.703750000e+0,,,
2.279843750e+2,-7.200000000e-2,-5.203125000e+0,1.270500000e+0,,,
2.219687500e+2,-9.203125000e-2,-5.190625000e+0,-6.720000000e-1,,,
2.240000000e+2,-7.596875000e-2,-4.803125000e+0,6.930000000e-1,,,
2.220468750e+2,-8.396875000e-2,-5.606250000e+0,6.562500000e-1,,,
2.280156250e+2,-8.793750000e-2,-5.243750000e+0,-1.050000000e-2,,,
2.180312500e+2,-9.200000000e-2,-4.400000000e+0,2.005500000e+0,,,
2.199687500e+2,-8.406250000e-2,-4.803125000e+0,2.010750000e+0,,,
2.240156250e+2,-7.606250000e-2,-4.803125000e+0,2.016000000e+0,,,
2.200000000e+2,-9.600000000e-2,-5.603125000e+0,1.349250000e+0,,,
2.239687500e+2,-8.003125000e-2,-4.000000000e+0,6.720000000e-1,,,
2.200625000e+2,-9.190625000e-2,-4.384375000e+0,6.615000000e-1,,,
2.179218750e+2,-8.800000000e-2,-5.200000000e+0,1.344000000e+0,,,
2.161406250e+2,-9.200000000e-2,-5.203125000e+0,6.667500000e-1,,,
2.280312500e+2,-8.000000000e-2,-6.000000000e+0,6.720000000e-1,,,
2.219062500e+2,-8.806250000e-2,-5.600000000e+0,6.720000000e-1,,,
2.198906250e+2,-8.396875000e-2,-6.003125000e+0,6.877500000e-1,,,
2.161093750e+2,-8.803125000e-2,-5.987500000e+0,2.688000000e+0,,,
2.300312500e+2,-8.803125000e-2,-4.796875000e+0,6.982500000e-1,,,
2.240625000e+2,-8.803125000e-2,-5.600000000e+0,6.667500000e-1,,,
2.259843750e+2,-8.800000000e-2,-4.796875000e+0,0.000000000e+0,,,
2.220781250e+2,-9.200000000e-2,-5.200000000e+0,0.000000000e+0,,,
2.199375000e+2,-8.400000000e-2,-4.803125000e+0,6.877500000e-1,,,
2.260312500e+2,-9.200000000e-2,-5.603125000e+0,2.016000000e+0,,,
2.180156250e+2,-8.406250000e-2,-4.809375000e+0,1.349250000e+0,,,
2.260781250e+2,-8.796875000e-2,-4.793750000e+0,1.338750000e+0,,,
2.260000000e+2,-8.800000000e-2,-6.006250000e+0,6.720000000e-1,,,
2.299843750e+2,-9.200000000e-2,-5.990625000e+0,2.688000000e+0,,,
2.239531250e+2,-9.600000000e-2,-5.200000000e+0,2.677500000e+0,,,
2.260156250e+2,-8.800000000e-2,-5.621875000e+0,-1.050000000e-2,,,
2.280000000e+2,-9.600000000e-2,-6.400000000e+0,6.720000000e-1,,,
2.239687500e+2,-8.406250000e-2,-4.412500000e+0,1.344000000e+0,,,
2.200156250e+2,-9.200000000e-2,-5.600000000e+0,6.667500000e-1,,,
2.259687500e+2,-8.800000000e-2,-4.800000000e+0,6.667500000e-1,,,
2.260000000e+2,-8.809375000e-2,-5.596875000e+0,2.005500000e+0,,,
2.239687500e+2,-9.193750000e-2,-5.593750000e+0,2.682750000e+0,,,
2.200000000e+2,-8.403125000e-2,-5.209375000e+0,1.344000000e+0,,,
2.240000000e+2,-9.612500000e-2,-6.003125000e+0,6.562500000e-1,,,
2.200312500e+2,-9.606250000e-2,-4.806250000e+0,2.031750000e+0,,,
2.200000000e+2,-9.603125000e-2,-5.603125000e+0,0.000000000e+0,,,
2.200000000e+2,-8.796875000e-2,-4.800000000e+0,1.349250000e+0,,,
2.200468750e+2,-8.400000000e-2,-5.603125000e+0,1.338750000e+0,,,
2.239843750e+2,-8.409375000e-2,-4.771875000e+0,1.328250000e+0,,,
2.199687500e+2,-9.209375000e-2,-4.809375000e+0,-6.720000000e-1,,,
2.220156250e+2,-9.215625000e-2,-5.212500000e+0,6.772500000e-1,,,
2.240000000e+2,-7.996875000e-2,-4.003125000e+0,1.344000000e+0,,,
2.280000000e+2,-1.000312500e-1,-5.596875000e+0,2.688000000e+0,,,
2.220000000e+2,-8.796875000e-2,-5.200000000e+0,6.457500000e-1,,,
2.240000000e+2,-9.212500000e-2,-5.609375000e+0,0.000000000e+0,,,
2.219843750e+2,-9.190625000e-2,-6.000000000e+0,2.016000000e+0,,,
2.259687500e+2,-8.400000000e-2,-5.206250000e+0,-6.720000000e-1,,,
2.240156250e+2,-9.175000000e-2,-4.803125000e+0,1.333500000e+0,,,
2.239843750e+2,-9.596875000e-2,-4.400000000e+0,1.344000000e+0,,,
2.240156250e+2,-8.793750000e-2,-4.793750000e+0,6.720000000e-1,,,
2.280781250e+2,-8.806250000e-2,-6.406250000e+0,1.344000000e+0,,,
2.299531250e+2,-9.209375000e-2,-5.593750000e+0,1.344000000e+0,,,
2.259687500e+2,-9.600000000e-2,-5.600000000e+0,1.344000000e+0,,,
2.259531250e+2,-9.196875000e-2,-5.200000000e+0,6.667500000e-1,,,
2.219531250e+2,-9.200000000e-2,-5.996875000e+0,1.344000000e+0,,,
2.280000000e+2,-9.200000000e-2,-6.000000000e+0,0.000000000e+0,,,
2.220000000e+2,-9.603125000e-2,-6.000000000e+0,1.354500000e+0,,,
2.260000000e+2,-9.203125000e-2,-5.181250000e+0,6.667500000e-1,,,
2.200000000e+2,-9.596875000e-2,-4.806250000e+0,0.000000000e+0,,,
2.239843750e+2,-8.803125000e-2,-6.400000000e+0,1.344000000e+0,,,
2.200468750e+2,-9.987500000e-2,-4.428125000e+0,1.349250000e+0,,,
2.240781250e+2,-9.603125000e-2,-4.800000000e+0,1.344000000e+0,,,
2.260156250e+2,-9.196875000e-2,-5.200000000e+0,1.344000000e+0,,,
2.259843750e+2,-8.803125000e-2,-5.606250000e+0,6.667500000e-1,,,
2.239843750e+2,-9.206250000e-2,-5.596875000e+0,-5.250000000e-3,,,
2.219843750e+2,-9.200000000e-2,-4.800000000e+0,1.365000000e+0,,,
2.200000000e+2,-9.200000000e-2,-4.806250000e+0,2.682750000e+0,,,
2.220000000e+2,-9.203125000e-2,-5.993750000e+0,6.982500000e-1,,,
2.239218750e+2,-9.203125000e-2,-5.209375000e+0,6.720000000e-1,,,
2.160000000e+2,-9.193750000e-2,-5.203125000e+0,2.016000000e+0,,,
2.260000000e+2,-8.809375000e-2,-5.200000000e+0,2.042250000e+0,,,
2.239843750e+2,-9.596875000e-2,-5.200000000e+0,0.000000000e+0,,,
2.240000000e+2,-8.803125000e-2,-5.600000000e+0,1.344000000e+0,,,
2.260000000e+2,-1.001250000e-1,-5.200000000e+0,1.375500000e+0,,,
2.240000000e+2,-1.000000000e-1,-5.600000000e+0,0.000000000e+0,,,
2.260156250e+2,-8.796875000e-2,-5.603125000e+0,6.825000000e-1,,,
2.239531250e+2,-9.218750000e-2,-6.409375000e+0,1.344000000e+0,,,
2.219531250e+2,-1.039375000e-1,-5.990625000e+0,1.344000000e+0,,,
2.221250000e+2,-8.784375000e-2,-5.200000000e+0,1.333500000e+0,,,
2.300000000e+2,-9.215625000e-2,-5.606250000e+0,6.720000000e-1,,,
2.220000000e+2,-9.612500000e-2,-5.971875000e+0,1.344000000e+0,,,
2.260156250e+2,-8.400000000e-2,-6.800000000e+0,6.720000000e-1,,,
2.260000000e+2,-9.609375000e-2,-5.584375000e+0,1.333500000e+0,,,
2.240000000e+2,-9.187500000e-2,-4.400000000e+0,2.016000000e+0,,,
2.259843750e+2,-8.806250000e-2,-5.596875000e+0,1.344000000e+0,,,
2.280312500e+2,-9.609375000e-2,-5.600000000e+0,2.021250000e+0,,,
2.240000000e+2,-9.600000000e-2,-5.196875000e+0,-6.667500000e-1,,,
2.260312500e+2,-8.793750000e-2,-5.625000000e+0,1.365000000e+0,,,
2.218906250e+2,-8.403125000e-2,-4.400000000e+0,1.344000000e+0,,,
2.200312500e+2,-9.212500000e-2,-6.000000000e+0,6.772500000e-1,,,
2.281093750e+2,-9.609375000e-2,-4.400000000e+0,6.720000000e-1,,,
2.279218750e+2,-1.040312500e-1,-5.215625000e+0,1.344000000e+0,,,
2.239687500e+2,-9.578125000e-2,-5.203125000e+0,6.772500000e-1,,,
2.239687500e+2,-8.800000000e-2,-4.793750000e+0,6.772500000e-1,,,
2.219843750e+2,-8.400000000e-2,-5.606250000e+0,0.000000000e+0,,,
2.279218750e+2,-8.800000000e-2,-6.000000000e+0,1.333500000e+0,,,
2.299843750e+2,-8.806250000e-2,-5.600000000e+0,1.989750000e+0,,,
2.300156250e+2,-1.000312500e-1,-5.600000000e+0,5.250000000e-3,,,
2.240937500e+2,-9.196875000e-2,-5.612500000e+0,2.688000000e+0,,,
2.199375000e+2,-9.596875000e-2,-6.406250000e+0,1.344000000e+0,,,
2.259687500e+2,-8.806250000e-2,-4.406250000e+0,6.667500000e-1,,,
2.219531250e+2,-9.609375000e-2,-6.000000000e+0,1.333500000e+0,,,
2.261093750e+2,-9.596875000e-2,-5.603125000e+0,1.344000000e+0,,,
2.319843750e+2,-9.187500000e-2,-5.603125000e+0,2.100000000e-2,,,
2.259687500e+2,-8.809375000e-2,-6.003125000e+0,4.021500000e+0,,,
2.240000000e+2,-1.000937500e-1,-5.996875000e+0,1.344000000e+0,,,
2.260156250e+2,-9.603125000e-2,-6.015625000e+0,2.016000000e+0,,,
2.300000000e+2,-9.603125000e-2,-4.806250000e+0,1.349250000e+0,,,
2.259687500e+2,-9.590625000e-2,-5.196875000e+0,1.333500000e+0,,,
2.220000000e+2,-9.212500000e-2,-5.196875000e+0,2.016000000e+0,,,
2.300000000e+2,-1.041250000e-1,-6.015625000e+0,6.720000000e-1,,,
2.260000000e+2,-9.562500000e-2,-6.800000000e+0,2.010750000e+0,,,
2.259843750e+2,-8.796875000e-2,-6.000000000e+0,1.344000000e+0,,,
2.240000000e+2,-9.200000000e-2,-5.209375000e+0,2.682750000e+0,,,
2.260000000e+2,-9.593750000e-2,-5.596875000e+0,1.354500000e+0,,,
2.240000000e+2,-8.803125000e-2,-6.400000000e+0,1.344000000e+0,,,
2.219687500e+2,-1.000625000e-1,-5.987500000e+0,2.031750000e+0,,,
2.240781250e+2,-9.184375000e-2,-5.600000000e+0,3.360000000e+0,,,
2.319687500e+2,-9.209375000e-2,-5.600000000e+0,1.333500000e+0,,,
2.239531250e+2,-9.600000000e-2,-5.200000000e+0,2.016000000e+0,,,
2.279375000e+2,-9.196875000e-2,-5.196875000e+0,1.344000000e+0,,,
2.260468750e+2,-9.603125000e-2,-6.400000000e+0,2.682750000e+0,,,
2.259687500e+2,-8.812500000e-2,-5.606250000e+0,2.016000000e+0,,,
2.279218750e+2,-8.787500000e-2,-5.200000000e+0,2.682750000e+0,,,
2.281562500e+2,-9.996875000e-2,-5.203125000e+0,6.772500000e-1,,,
2.219531250e+2,-9.612500000e-2,-5.587500000e+0,2.016000000e+0,,,
2.298437500e+2,-9.593750000e-2,-6.409375000e+0,2.016000000e+0,,,
2.279531250e+2,-9.984375000e-2,-5.600000000e+0,2.682750000e+0,,,
2.259843750e+2,-1.041250000e-1,-6.793750000e+0,2.021250000e+0,,,
2.259843750e+2,-8.403125000e-2,-5.990625000e+0,1.344000000e+0,,,
2.239843750e+2,-9.596875000e-2,-5.603125000e+0,2.010750000e+0,,,
2.240312500e+2,-9.600000000e-2,-5.600000000e+0,2.016000000e+0,,,
2.280000000e+2,-9.200000000e-2,-5.606250000e+0,2.688000000e+0,,,
2.240000000e+2,-9.575000000e-2,-4.800000000e+0,2.047500000e+0,,,
2.259218750e+2,-1.000312500e-1,-5.596875000e+0,1.344000000e+0,,,
2.280000000e+2,-9.600000000e-2,-6.003125000e+0,2.005500000e+0,,,
2.260000000e+2,-1.000000000e-1,-6.390625000e+0,1.365000000e+0,,,
2.260000000e+2,-9.600000000e-2,-5.603125000e+0,4.032000000e+0,,,
2.240000000e+2,-9.990625000e-2,-6.406250000e+0,1.338750000e+0,,,
2.259687500e+2,-1.041250000e-1,-6.003125000e+0,4.704000000e+0,,,
2.280312500e+2,-8.837500000e-2,-6.000000000e+0,4.032000000e+0,,,
2.300000000e+2,-7.990625000e-2,-5.600000000e+0,2.672250000e+0,,,
2.279843750e+2,-9.596875000e-2,-5.206250000e+0,1.354500000e+0,,,
2.260312500e+2,-9.200000000e-2,-6.006250000e+0,3.360000000e+0,,,
2.340156250e+2,-8.800000000e-2,-6.000000000e+0,2.672250000e+0,,,
2.320156250e+2,-9.996875000e-2,-5.612500000e+0,2.709000000e+0,,,
2.280000000e+2,-9.615625000e-2,-7.187500000e+0,4.037250000e+0,,,
2.320000000e+2,-9.600000000e-2,-6.406250000e+0,2.016000000e+0,,,
2.300156250e+2,-9.600000000e-2,-7.203125000e+0,3.360000000e+0,,,
2.260000000e+2,-1.000000000e-1,-6.800000000e+0,2.693250000e+0,,,
2.280000000e+2,-1.040312500e-1,-7.200000000e+0,2.016000000e+0,,,
2.279843750e+2,-9.596875000e-2,-6.400000000e+0,2.693250000e+0,,,
2.319843750e+2,-9.600000000e-2,-6.403125000e+0,3.370500000e+0,,,
2.300000000e+2,-8.387500000e-2,-5.584375000e+0,2.010750000e+0,,,
2.300000000e+2,-1.039062500e-1,-7.606250000e+0,2.031750000e+0,,,
2.280000000e+2,-9.212500000e-2,-5.971875000e+0,2.682750000e+0,,,
2.300000000e+2,-1.000000000e-1,-6.012500000e+0,1.344000000e+0,,,
2.300000000e+2,-9.993750000e-2,-6.800000000e+0,3.391500000e+0,,,
2.320156250e+2,-1.160625000e-1,-6.409375000e+0,3.360000000e+0,,,
2.260000000e+2,-9.243750000e-2,-7.606250000e+0,2.703750000e+0,,,
2.240000000e+2,-9.593750000e-2,-5.993750000e+0,1.344000000e+0,,,
2.259843750e+2,-9.200000000e-2,-6.012500000e+0,3.360000000e+0,,,
2.279687500e+2,-9.600000000e-2,-6.400000000e+0,2.688000000e+0,,,
2.300000000e+2,-9.200000000e-2,-5.600000000e+0,4.032000000e+0,,,
2.259687500e+2,-1.040000000e-1,-6.012500000e+0,3.360000000e+0,,,
2.319687500e+2,-9.600000000e-2,-6.400000000e+0,2.016000000e+0,,,
2.280468750e+2,-1.039687500e-1,-6.396875000e+0,1.328250000e+0,,,
2.300468750e+2,-9.600000000e-2,-6.400000000e+0,4.042500000e+0,,,
2.319843750e+2,-1.000000000e-1,-5.996875000e+0,4.032000000e+0,,,
2.299687500e+2,-9.596875000e-2,-6.003125000e+0,4.032000000e+0,,,
2.300468750e+2,-9.200000000e-2,-6.803125000e+0,4.026750000e+0,,,
2.319375000e+2,-9.603125000e-2,-6.400000000e+0,3.365250000e+0,,,
2.259843750e+2,-9.609375000e-2,-6.412500000e+0,2.693250000e+0,,,
2.319062500e+2,-8.396875000e-2,-5.600000000e+0,2.026500000e+0,,,
2.339843750e+2,-9.990625000e-2,-6.812500000e+0,4.032000000e+0,,,
2.340000000e+2,-1.000312500e-1,-7.603125000e+0,2.677500000e+0,,,
2.320000000e+2,-1.000625000e-1,-7.178125000e+0,1.968750000e+0,,,
2.339687500e+2,-8.800000000e-2,-6.406250000e+0,6.825000000e-1,,,
2.340156250e+2,-9.593750000e-2,-7.200000000e+0,5.376000000e+0,,,
2.320156250e+2,-1.080312500e-1,-6.806250000e+0,2.005500000e+0,,,
2.320000000e+2,-1.000312500e-1,-6.793750000e+0,3.360000000e+0,,,
2.320000000e+2,-1.000000000e-1,-6.003125000e+0,3.365250000e+0,,,
2.320312500e+2,-9.600000000e-2,-7.600000000e+0,4.709250000e+0,,,
2.359843750e+2,-9.600000000e-2,-7.193750000e+0,4.037250000e+0,,,
2.300000000e+2,-9.600000000e-2,-6.800000000e+0,2.682750000e+0,,,
2.340000000e+2,-1.080000000e-1,-6.406250000e+0,5.376000000e+0,,,
2.340000000e+2,-9.612500000e-2,-5.996875000e+0,2.016000000e+0,,,
2.300000000e+2,-9.200000000e-2,-6.793750000e+0,2.667000000e+0,,,
2.319843750e+2,-9.200000000e-2,-6.803125000e+0,3.360000000e+0,,,
2.320000000e+2,-1.000312500e-1,-6.403125000e+0,2.688000000e+0,,,
2.320000000e+2,-8.796875000e-2,-7.200000000e+0,2.682750000e+0,,,
2.339843750e+2,-9.603125000e-2,-7.203125000e+0,3.354750000e+0,,,
2.360000000e+2,-9.612500000e-2,-6.400000000e+0,3.365250000e+0,,,
2.360000000e+2,-8.796875000e-2,-6.800000000e+0,3.360000000e+0,,,
2.360000000e+2,-9.996875000e-2,-6.400000000e+0,4.053000000e+0,,,
2.359218750e+2,-9.600000000e-2,-6.800000000e+0,5.355000000e+0,,,
2.239687500e+2,-1.039687500e-1,-6.406250000e+0,3.354750000e+0,,,
2.320937500e+2,-8.796875000e-2,-7.203125000e+0,4.032000000e+0,,,
2.339687500e+2,-9.200000000e-2,-7.203125000e+0,2.672250000e+0,,,
2.320000000e+2,-9.212500000e-2,-7.625000000e+0,2.661750000e+0,,,
2.320000000e+2,-9.196875000e-2,-6.796875000e+0,4.709250000e+0,,,
2.299843750e+2,-1.039687500e-1,-8.003125000e+0,3.360000000e+0,,,
2.339531250e+2,-1.040000000e-1,-6.796875000e+0,5.376000000e+0,,,
2.340000000e+2,-1.000000000e-1,-6.800000000e+0,3.375750000e+0,,,
2.340156250e+2,-1.040000000e-1,-6.800000000e+0,4.032000000e+0,,,
2.320781250e+2,-1.040625000e-1,-7.193750000e+0,4.698750000e+0,,,
2.300312500e+2,-1.000000000e-1,-7.593750000e+0,4.709250000e+0,,,
2.340468750e+2,-1.000000000e-1,-7.196875000e+0,4.704000000e+0,,,
2.339843750e+2,-9.603125000e-2,-6.809375000e+0,5.376000000e+0,,,
2.360312500e+2,-1.040312500e-1,-8.400000000e+0,4.704000000e+0,,,
2.359218750e+2,-9.996875000e-2,-7.596875000e+0,2.698500000e+0,,,
2.320156250e+2,-9.996875000e-2,-7.200000000e+0,5.370750000e+0,,,
2.359843750e+2,-9.593750000e-2,-7.203125000e+0,3.365250000e+0,,,
2.300312500e+2,-1.040312500e-1,-7.200000000e+0,5.376000000e+0,,,
2.339531250e+2,-9.203125000e-2,-7.603125000e+0,4.032000000e+0,,,
2.339843750e+2,-1.000000000e-1,-7.596875000e+0,4.032000000e+0,,,
2.379531250e+2,-9.203125000e-2,-7.196875000e+0,5.376000000e+0,,,
2.380937500e+2,-1.080000000e-1,-7.203125000e+0,4.026750000e+0,,,
2.300468750e+2,-1.080312500e-1,-7.596875000e+0,4.032000000e+0,,,
2.361406250e+2,-1.080937500e-1,-8.009375000e+0,3.360000000e+0,,,
2.419843750e+2,-1.000000000e-1,-6.800000000e+0,4.704000000e+0,,,
2.379375000e+2,-1.080000000e-1,-7.615625000e+0,4.032000000e+0,,,
2.360156250e+2,-9.996875000e-2,-8.000000000e+0,4.032000000e+0,,,
2.380000000e+2,-9.996875000e-2,-6.809375000e+0,4.704000000e+0,,,
2.380000000e+2,-8.800000000e-2,-8.400000000e+0,4.032000000e+0,,,
2.359687500e+2,-1.079687500e-1,-6.803125000e+0,4.698750000e+0,,,
2.319531250e+2,-9.600000000e-2,-8.796875000e+0,5.370750000e+0,,,
2.299687500e+2,-1.039687500e-1,-8.000000000e+0,4.037250000e+0,,,
2.379687500e+2,-8.806250000e-2,-7.593750000e+0,4.698750000e+0,,,
2.359843750e+2,-1.121250000e-1,-9.603125000e+0,4.704000000e+0,,,
2.340000000e+2,-1.079375000e-1,-7.981250000e+0,5.376000000e+0,,,
2.360000000e+2,-1.120625000e-1,-7.996875000e+0,5.381250000e+0,,,
2.340156250e+2,-1.082187500e-1,-7.975000000e+0,4.719750000e+0,,,
2.340000000e+2,-1.000625000e-1,-8.800000000e+0,4.698750000e+0,,,
2.360000000e+2,-9.603125000e-2,-7.996875000e+0,5.370750000e+0,,,
2.359375000e+2,-1.040312500e-1,-8.406250000e+0,3.339000000e+0,,,
2.320156250e+2,-1.039375000e-1,-7.978125000e+0,4.042500000e+0,,,
2.380000000e+2,-1.000312500e-1,-7.603125000e+0,4.704000000e+0,,,
2.339843750e+2,-1.039687500e-1,-7.606250000e+0,4.709250000e+0,,,
2.360000000e+2,-1.000625000e-1,-6.790625000e+0,6.720000000e+0,,,
2.400000000e+2,-9.200000000e-2,-6.793750000e+0,4.714500000e+0,,,
2.360000000e+2,-1.000625000e-1,-8.400000000e+0,3.365250000e+0,,,
2.359687500e+2,-1.080625000e-1,-8.400000000e+0,5.376000000e+0,,,
2.419687500e+2,-1.079375000e-1,-8.796875000e+0,6.053250000e+0,,,
2.380781250e+2,-1.040000000e-1,-7.606250000e+0,4.032000000e+0,,,
2.359843750e+2,-1.043125000e-1,-8.378125000e+0,6.048000000e+0,,,
2.380468750e+2,-8.803125000e-2,-8.796875000e+0,3.360000000e+0,,,
2.379375000e+2,-1.041250000e-1,-9.200000000e+0,5.386500000e+0,,,
2.340468750e+2,-9.987500000e-2,-8.790625000e+0,6.048000000e+0,,,
2.400312500e+2,-1.001250000e-1,-8.409375000e+0,5.376000000e+0,,,
2.359218750e+2,-1.079687500e-1,-9.200000000e+0,5.376000000e+0,,,
2.360468750e+2,-9.584375000e-2,-8.003125000e+0,4.698750000e+0,,,
2.399375000e+2,-9.190625000e-2,-8.396875000e+0,5.376000000e+0,,,
2.400312500e+2,-1.080000000e-1,-8.806250000e+0,4.704000000e+0,,,
2.380000000e+2,-1.080625000e-1,-7.996875000e+0,5.391750000e+0,,,
2.379687500e+2,-1.080312500e-1,-8.403125000e+0,6.720000000e+0,,,
2.380000000e+2,-1.039375000e-1,-8.406250000e+0,5.376000000e+0,,,
2.340937500e+2,-9.600000000e-2,-9.600000000e+0,5.376000000e+0,,,
2.299062500e+2,-9.978125000e-2,-8.018750000e+0,6.048000000e+0,,,
2.401250000e+2,-1.080312500e-1,-8.400000000e+0,5.376000000e+0,,,
2.378281250e+2,-9.600000000e-2,-8.400000000e+0,5.391750000e+0,,,
2.320468750e+2,-1.040625000e-1,-9.193750000e+0,6.714750000e+0,,,
2.420468750e+2,-9.590625000e-2,-8.000000000e+0,4.704000000e+0,,,
2.379843750e+2,-9.603125000e-2,-8.800000000e+0,6.063750000e+0,,,
2.380000000e+2,-9.600000000e-2,-8.003125000e+0,6.720000000e+0,,,
2.380000000e+2,-9.990625000e-2,-9.175000000e+0,6.058500000e+0,,,
2.360156250e+2,-1.080937500e-1,-8.806250000e+0,5.376000000e+0,,,
2.380000000e+2,-1.076875000e-1,-8.800000000e+0,4.704000000e+0,,,
2.340000000e+2,-8.796875000e-2,-8.400000000e+0,8.058750000e+0,,,
2.420312500e+2,-1.042187500e-1,-8.800000000e+0,5.376000000e+0,,,
2.440000000e+2,-9.984375000e-2,-8.800000000e+0,6.720000000e+0,,,
2.480000000e+2,-1.001562500e-1,-9.190625000e+0,8.121750000e+0,,,
2.439687500e+2,-1.160000000e-1,-9.206250000e+0,4.704000000e+0,,,
2.420000000e+2,-9.596875000e-2,-8.803125000e+0,6.735750000e+0,,,
2.420156250e+2,-1.040937500e-1,-9.200000000e+0,6.042750000e+0,,,
2.419375000e+2,-9.993750000e-2,-8.393750000e+0,6.037500000e+0,,,
2.400781250e+2,-1.000000000e-1,-7.993750000e+0,5.381250000e+0,,,
2.480156250e+2,-1.000312500e-1,-8.009375000e+0,6.714750000e+0,,,
2.440000000e+2,-1.040312500e-1,-8.790625000e+0,6.714750000e+0,,,
2.420000000e+2,-1.000312500e-1,-8.400000000e+0,7.392000000e+0,,,
2.439843750e+2,-1.080312500e-1,-8.409375000e+0,7.402500000e+0,,,
2.439843750e+2,-9.987500000e-2,-9.203125000e+0,5.381250000e+0,,,
2.460000000e+2,-1.000937500e-1,-7.996875000e+0,6.042750000e+0,,,
2.420937500e+2,-1.080312500e-1,-1.040625000e+1,4.709250000e+0,,,
2.399375000e+2,-1.080000000e-1,-9.234375000e+0,6.699000000e+0,,,
2.438750000e+2,-1.080000000e-1,-8.396875000e+0,7.381500000e+0,,,
2.360000000e+2,-1.039687500e-1,-8.796875000e+0,6.720000000e+0,,,
2.440468750e+2,-9.996875000e-2,-9.596875000e+0,7.381500000e+0,,,
2.399062500e+2,-1.000625000e-1,-9.600000000e+0,6.720000000e+0,,,
2.379531250e+2,-1.040312500e-1,-9.200000000e+0,4.698750000e+0,,,
2.360156250e+2,-1.040625000e-1,-9.203125000e+0,7.360500000e+0,,,
2.400312500e+2,-1.080000000e-1,-8.825000000e+0,7.402500000e+0,,,
2.419687500e+2,-1.040000000e-1,-8.806250000e+0,6.720000000e+0,,,
2.460000000e+2,-1.040000000e-1,-1.040000000e+1,6.042750000e+0,,,
2.420156250e+2,-1.040312500e-1,-9.993750000e+0,8.048250000e+0,,,
2.400156250e+2,-1.080000000e-1,-8.387500000e+0,5.365500000e+0,,,
2.379375000e+2,-1.040312500e-1,-8.806250000e+0,8.064000000e+0,,,
2.440000000e+2,-1.079062500e-1,-8.800000000e+0,8.064000000e+0,,,
2.400000000e+2,-9.212500000e-2,-9.159375000e+0,6.725250000e+0,,,
2.460625000e+2,-1.000625000e-1,-1.000000000e+1,6.709500000e+0,,,
2.459843750e+2,-9.603125000e-2,-9.203125000e+0,7.392000000e+0,,,
2.459843750e+2,-1.040625000e-1,-9.600000000e+0,6.725250000e+0,,,
2.419843750e+2,-1.000000000e-1,-8.796875000e+0,8.725500000e+0,,,
2.420000000e+2,-1.039687500e-1,-9.196875000e+0,8.064000000e+0,,,
2.420000000e+2,-9.996875000e-2,-9.590625000e+0,7.386750000e+0,,,
2.420000000e+2,-1.120000000e-1,-1.000312500e+1,6.720000000e+0,,,
2.440312500e+2,-9.984375000e-2,-9.603125000e+0,6.720000000e+0,,,
2.500000000e+2,-1.041562500e-1,-9.600000000e+0,6.720000000e+0,,,
2.440000000e+2,-1.080000000e-1,-9.603125000e+0,7.386750000e+0,,,
2.460000000e+2,-1.037812500e-1,-9.600000000e+0,7.402500000e+0,,,
2.459843750e+2,-9.590625000e-2,-9.200000000e+0,7.392000000e+0,,,
2.440000000e+2,-1.000000000e-1,-9.603125000e+0,9.408000000e+0,,,
2.439843750e+2,-1.079687500e-1,-9.200000000e+0,7.413000000e+0,,,
2.460000000e+2,-1.000000000e-1,-9.996875000e+0,7.413000000e+0,,,
2.459687500e+2,-1.081250000e-1,-9.984375000e+0,8.720250000e+0,,,
2.440000000e+2,-1.077812500e-1,-9.209375000e+0,6.048000000e+0,,,
2.459843750e+2,-9.600000000e-2,-1.040312500e+1,8.762250000e+0,,,
2.460468750e+2,-1.080937500e-1,-9.600000000e+0,9.408000000e+0,,,
2.520312500e+2,-1.085000000e-1,-8.800000000e+0,8.064000000e+0,,,
2.441093750e+2,-9.606250000e-2,-1.000000000e+1,1.073100000e+1,,,
2.459062500e+2,-1.039062500e-1,-9.600000000e+0,9.408000000e+0,,,
2.500156250e+2,-1.040312500e-1,-1.000625000e+1,8.058750000e+0,,,
2.461406250e+2,-1.040312500e-1,-9.996875000e+0,8.720250000e+0,,,
2.439218750e+2,-1.000312500e-1,-9.200000000e+0,9.408000000e+0,,,
2.479375000e+2,-1.038437500e-1,-9.990625000e+0,8.058750000e+0,,,
2.459531250e+2,-1.040625000e-1,-9.606250000e+0,9.402750000e+0,,,
2.440000000e+2,-1.000312500e-1,-9.993750000e+0,8.064000000e+0,,,
2.480156250e+2,-1.000000000e-1,-1.040000000e+1,8.725500000e+0,,,
2.479843750e+2,-1.040312500e-1,-9.996875000e+0,7.381500000e+0,,,
2.459687500e+2,-9.600000000e-2,-1.000000000e+1,1.075200000e+1,,,
2.460156250e+2,-1.040000000e-1,-1.000625000e+1,7.392000000e+0,,,
2.500000000e+2,-1.041562500e-1,-9.221875000e+0,1.004850000e+1,,,
2.500468750e+2,-1.000937500e-1,-9.593750000e+0,8.064000000e+0,,,
2.479843750e+2,-9.990625000e-2,-1.079687500e+1,9.408000000e+0,,,
2.500000000e+2,-1.080312500e-1,-9.993750000e+0,8.064000000e+0,,,
2.460312500e+2,-1.000312500e-1,-1.082187500e+1,9.408000000e+0,,,
2.479218750e+2,-1.038750000e-1,-1.038125000e+1,8.053500000e+0,,,
2.520312500e+2,-1.083125000e-1,-9.203125000e+0,8.064000000e+0,,,
2.480000000e+2,-8.815625000e-2,-1.000625000e+1,8.064000000e+0,,,
2.540781250e+2,-9.981250000e-2,-1.080000000e+1,8.085000000e+0,,,
2.519531250e+2,-1.120000000e-1,-1.079375000e+1,1.074675000e+1,,,
2.420000000e+2,-1.040000000e-1,-1.039687500e+1,8.064000000e+0,,,
2.520312500e+2,-1.000000000e-1,-1.040000000e+1,9.413250000e+0,,,
2.520156250e+2,-1.039687500e-1,-1.080937500e+1,8.741250000e+0,,,
2.460000000e+2,-1.039687500e-1,-1.082812500e+1,1.073625000e+1,,,
2.519843750e+2,-1.040937500e-1,-9.603125000e+0,1.075200000e+1,,,
2.440156250e+2,-9.200000000e-2,-1.040625000e+1,1.007475000e+1,,,
2.459531250e+2,-1.000000000e-1,-1.081250000e+1,9.413250000e+0,,,
2.540000000e+2,-1.000312500e-1,-1.159687500e+1,8.058750000e+0,,,
2.520156250e+2,-9.203125000e-2,-9.993750000e+0,1.008000000e+1,,,
2.500000000e+2,-1.080000000e-1,-1.079687500e+1,8.730750000e+0,,,
2.500000000e+2,-1.001875000e-1,-1.119687500e+1,1.007475000e+1,,,
2.500156250e+2,-9.987500000e-2,-1.119062500e+1,7.392000000e+0,,,
2.459843750e+2,-1.079062500e-1,-1.041250000e+1,1.008525000e+1,,,
2.460312500e+2,-1.080000000e-1,-1.159375000e+1,8.709750000e+0,,,
2.500156250e+2,-9.600000000e-2,-9.600000000e+0,8.783250000e+0,,,
2.499843750e+2,-1.079062500e-1,-1.162187500e+1,1.142400000e+1,,,
2.520000000e+2,-1.119687500e-1,-1.083750000e+1,8.074500000e+0,,,
2.539843750e+2,-1.121875000e-1,-9.996875000e+0,1.008000000e+1,,,
2.500000000e+2,-9.612500000e-2,-9.606250000e+0,8.736000000e+0,,,
2.520156250e+2,-9.196875000e-2,-1.080625000e+1,8.736000000e+0,,,
2.460000000e+2,-1.040000000e-1,-1.080000000e+1,9.408000000e+0,,,
2.499375000e+2,-1.000000000e-1,-1.042187500e+1,8.736000000e+0,,,
2.519687500e+2,-9.600000000e-2,-1.239687500e+1,8.736000000e+0,,,
2.540312500e+2,-1.120000000e-1,-1.162500000e+1,9.402750000e+0,,,
2.500156250e+2,-1.000000000e-1,-1.160000000e+1,1.008525000e+1,,,
2.539843750e+2,-1.040000000e-1,-1.079375000e+1,1.075200000e+1,,,
2.479531250e+2,-9.996875000e-2,-1.040312500e+1,1.007475000e+1,,,
2.500156250e+2,-9.203125000e-2,-1.119375000e+1,1.075200000e+1,,,
2.500000000e+2,-1.040312500e-1,-9.996875000e+0,1.075200000e+1,,,
2.540625000e+2,-1.000625000e-1,-1.116562500e+1,1.075200000e+1,,,
2.580625000e+2,-9.993750000e-2,-1.160000000e+1,1.075725000e+1,,,
2.500156250e+2,-1.040625000e-1,-1.080625000e+1,1.074150000e+1,,,
2.560000000e+2,-9.603125000e-2,-1.200000000e+1,8.741250000e+0,,,
2.500000000e+2,-1.039687500e-1,-1.038125000e+1,1.147125000e+1,,,
2.559843750e+2,-1.040312500e-1,-1.121875000e+1,1.074150000e+1,,,
2.500312500e+2,-1.080000000e-1,-1.080000000e+1,9.408000000e+0,,,
2.539218750e+2,-1.082187500e-1,-1.080000000e+1,1.075200000e+1,,,
2.540156250e+2,-9.606250000e-2,-1.080625000e+1,1.008000000e+1,,,
2.539687500e+2,-9.600000000e-2,-1.160312500e+1,1.008000000e+1,,,
2.460156250e+2,-1.040000000e-1,-1.120000000e+1,1.008525000e+1,,,
2.580468750e+2,-9.603125000e-2,-1.001250000e+1,1.075200000e+1,,,
2.580156250e+2,-1.080000000e-1,-1.240000000e+1,9.402750000e+0,,,
2.540000000e+2,-1.080625000e-1,-1.080937500e+1,1.210650000e+1,,,
2.560000000e+2,-1.040000000e-1,-1.199375000e+1,1.008000000e+1,,,
2.500156250e+2,-1.040312500e-1,-1.120312500e+1,9.381750000e+0,,,
2.499687500e+2,-9.600000000e-2,-1.200000000e+1,1.209600000e+1,,,
2.559843750e+2,-9.600000000e-2,-1.120000000e+1,9.408000000e+0,,,
2.520000000e+2,-1.000000000e-1,-1.160000000e+1,1.208025000e+1,,,
2.560000000e+2,-1.000312500e-1,-1.080312500e+1,1.075200000e+1,,,
2.500781250e+2,-1.080312500e-1,-1.117500000e+1,1.143975000e+1,,,
2.459843750e+2,-1.040000000e-1,-1.200312500e+1,1.008000000e+1,,,
2.520000000e+2,-1.119687500e-1,-1.160000000e+1,1.344525000e+1,,,
2.559375000e+2,-1.080000000e-1,-1.160625000e+1,1.000125000e+1,,,
2.499843750e+2,-1.080000000e-1,-1.160000000e+1,1.010100000e+1,,,
2.560468750e+2,-1.039687500e-1,-1.160000000e+1,1.073100000e+1,,,
2.559531250e+2,-1.000312500e-1,-1.160312500e+1,9.413250000e+0,,,
2.540000000e+2,-9.609375000e-2,-1.198750000e+1,1.273650000e+1,,,
2.560000000e+2,-9.600000000e-2,-1.200625000e+1,1.212225000e+1,,,
2.540000000e+2,-9.600000000e-2,-1.160312500e+1,1.075200000e+1,,,
2.540156250e+2,-9.606250000e-2,-1.200000000e+1,1.209075000e+1,,,
2.519843750e+2,-1.120000000e-1,-1.160312500e+1,1.209600000e+1,,,
2.559062500e+2,-9.203125000e-2,-1.120000000e+1,1.209600000e+1,,,
2.580625000e+2,-1.079375000e-1,-1.158750000e+1,1.077825000e+1,,,
2.539687500e+2,-9.600000000e-2,-1.240625000e+1,9.397500000e+0,,,
2.560625000e+2,-1.040000000e-1,-1.160000000e+1,1.142925000e+1,,,
2.559531250e+2,-9.600000000e-2,-1.200312500e+1,1.142400000e+1,,,
2.499843750e+2,-1.080312500e-1,-1.200000000e+1,1.142400000e+1,,,
2.540468750e+2,-1.040000000e-1,-1.279687500e+1,1.209075000e+1,,,
2.540468750e+2,-1.120312500e-1,-1.079687500e+1,1.141875000e+1,,,
2.599687500e+2,-1.080312500e-1,-1.235937500e+1,1.274700000e+1,,,
2.540000000e+2,-1.080312500e-1,-1.200312500e+1,1.208025000e+1,,,
2.599531250e+2,-1.000312500e-1,-1.200000000e+1,9.408000000e+0,,,
2.560625000e+2,-1.000000000e-1,-1.200625000e+1,1.142400000e+1,,,
2.559843750e+2,-1.000625000e-1,-1.280000000e+1,1.274700000e+1,,,
2.579531250e+2,-1.120000000e-1,-1.199062500e+1,1.074675000e+1,,,
2.600312500e+2,-1.040625000e-1,-1.200000000e+1,1.208550000e+1,,,
2.559531250e+2,-1.040625000e-1,-1.199687500e+1,1.074675000e+1,,,
2.560312500e+2,-9.600000000e-2,-1.280312500e+1,1.075200000e+1,,,
2.579843750e+2,-1.040000000e-1,-1.239687500e+1,1.008000000e+1,,,
2.560000000e+2,-1.000000000e-1,-1.240000000e+1,1.210650000e+1,,,
2.600000000e+2,-1.000000000e-1,-1.240312500e+1,1.276800000e+1,,,
2.580000000e+2,-1.000000000e-1,-1.280000000e+1,1.276800000e+1,,,
2.620000000e+2,-9.996875000e-2,-1.280937500e+1,1.141875000e+1,,,
2.599843750e+2,-1.040000000e-1,-1.280000000e+1,1.344000000e+1,,,
2.600156250e+2,-1.040000000e-1,-1.280000000e+1,1.142400000e+1,,,
2.559843750e+2,-1.000312500e-1,-1.119687500e+1,1.344000000e+1,,,
2.620000000e+2,-1.080625000e-1,-1.360937500e+1,1.140825000e+1,,,
2.560156250e+2,-1.079375000e-1,-1.320312500e+1,1.008000000e+1,,,
2.579843750e+2,-1.039687500e-1,-1.440000000e+1,1.274700000e+1,,,
2.580000000e+2,-1.039062500e-1,-1.285000000e+1,1.344525000e+1,,,
2.600000000e+2,-1.080000000e-1,-1.280312500e+1,1.344000000e+1,,,
2.600000000e+2,-1.080000000e-1,-1.240000000e+1,1.276275000e+1,,,
2.619218750e+2,-1.079687500e-1,-1.280625000e+1,1.209600000e+1,,,
2.540156250e+2,-9.996875000e-2,-1.279687500e+1,1.277325000e+1,,,
2.599687500e+2,-1.040312500e-1,-1.280000000e+1,1.276800000e+1,,,
2.500156250e+2,-1.039687500e-1,-1.241250000e+1,1.209075000e+1,,,
2.640000000e+2,-1.080312500e-1,-1.200625000e+1,1.209600000e+1,,,
2.620000000e+2,-1.000000000e-1,-1.319687500e+1,1.208550000e+1,,,
2.640000000e+2,-1.040312500e-1,-1.320000000e+1,1.410675000e+1,,,
2.600156250e+2,-1.040000000e-1,-1.320312500e+1,1.209600000e+1,,,
2.599531250e+2,-1.039375000e-1,-1.320000000e+1,1.343475000e+1,,,
2.620000000e+2,-1.000312500e-1,-1.279687500e+1,1.344000000e+1,,,
2.600000000e+2,-1.078437500e-1,-1.359375000e+1,1.344525000e+1,,,
2.599375000e+2,-1.079687500e-1,-1.320000000e+1,1.209600000e+1,,,
2.560156250e+2,-1.040312500e-1,-1.360000000e+1,1.277325000e+1,,,
2.620781250e+2,-1.039062500e-1,-1.360625000e+1,1.410675000e+1,,,
2.619843750e+2,-9.603125000e-2,-1.399375000e+1,1.142400000e+1,,,
2.619843750e+2,-1.081562500e-1,-1.280000000e+1,1.344000000e+1,,,
2.599687500e+2,-1.080000000e-1,-1.360000000e+1,1.411725000e+1,,,
2.599531250e+2,-1.120312500e-1,-1.320312500e+1,1.277325000e+1,,,
2.620000000e+2,-1.040000000e-1,-1.319375000e+1,1.209600000e+1,,,
2.600000000e+2,-1.040000000e-1,-1.400625000e+1,1.344000000e+1,,,
2.619843750e+2,-9.996875000e-2,-1.316562500e+1,1.209075000e+1,,,
2.600156250e+2,-1.000312500e-1,-1.200312500e+1,1.276800000e+1,,,
2.580156250e+2,-1.040312500e-1,-1.400625000e+1,1.344000000e+1,,,
2.579843750e+2,-1.040937500e-1,-1.321250000e+1,1.413825000e+1,,,
2.600468750e+2,-1.000000000e-1,-1.360000000e+1,1.142400000e+1,,,
2.619687500e+2,-1.040312500e-1,-1.360000000e+1,1.412775000e+1,,,
2.600000000e+2,-1.079062500e-1,-1.320000000e+1,1.276275000e+1,,,
2.640156250e+2,-9.593750000e-2,-1.360312500e+1,1.276275000e+1,,,
2.660156250e+2,-1.000000000e-1,-1.360000000e+1,1.344525000e+1,,,
2.699843750e+2,-9.606250000e-2,-1.320312500e+1,1.411200000e+1,,,
2.640000000e+2,-1.119062500e-1,-1.442187500e+1,1.410150000e+1,,,
2.620312500e+2,-1.039687500e-1,-1.280312500e+1,1.478400000e+1,,,
2.640000000e+2,-1.120312500e-1,-1.440937500e+1,1.276800000e+1,,,
2.620000000e+2,-1.081562500e-1,-1.359375000e+1,1.342425000e+1,,,
2.640000000e+2,-1.198750000e-1,-1.400000000e+1,1.344000000e+1,,,
2.640000000e+2,-9.565625000e-2,-1.399375000e+1,1.344000000e+1,,,
2.620156250e+2,-9.609375000e-2,-1.358125000e+1,1.411725000e+1,,,
2.640156250e+2,-1.000000000e-1,-1.480000000e+1,1.276800000e+1,,,
2.680156250e+2,-1.080312500e-1,-1.359062500e+1,1.346100000e+1,,,
2.659218750e+2,-1.079375000e-1,-1.360937500e+1,1.477875000e+1,,,
2.619843750e+2,-1.040625000e-1,-1.400312500e+1,1.272075000e+1,,,
2.640312500e+2,-1.120312500e-1,-1.400312500e+1,1.211700000e+1,,,
2.640000000e+2,-1.080312500e-1,-1.399687500e+1,1.410150000e+1,,,
2.660000000e+2,-1.120625000e-1,-1.360000000e+1,1.478400000e+1,,,
2.640000000e+2,-9.996875000e-2,-1.400000000e+1,1.342950000e+1,,,
2.660156250e+2,-1.000937500e-1,-1.399687500e+1,1.209075000e+1,,,
2.579687500e+2,-1.039687500e-1,-1.360312500e+1,1.276800000e+1,,,
2.679843750e+2,-1.000312500e-1,-1.360000000e+1,1.209600000e+1,,,
2.600625000e+2,-1.080625000e-1,-1.400312500e+1,1.276275000e+1,,,
2.658906250e+2,-1.040000000e-1,-1.440937500e+1,1.411200000e+1,,,
2.658593750e+2,-1.000312500e-1,-1.360937500e+1,1.342425000e+1,,,
2.599375000e+2,-1.080937500e-1,-1.399687500e+1,1.343475000e+1,,,
2.620468750e+2,-1.078750000e-1,-1.440000000e+1,1.476825000e+1,,,
2.660312500e+2,-9.996875000e-2,-1.400000000e+1,1.478400000e+1,,,
2.659843750e+2,-1.041562500e-1,-1.439375000e+1,1.344000000e+1,,,
2.659843750e+2,-1.080000000e-1,-1.320312500e+1,1.407525000e+1,,,
2.639531250e+2,-1.040000000e-1,-1.357500000e+1,1.613325000e+1,,,
2.639531250e+2,-1.000000000e-1,-1.440625000e+1,1.344000000e+1,,,
2.699687500e+2,-1.040000000e-1,-1.480000000e+1,1.344000000e+1,,,
2.660156250e+2,-1.039687500e-1,-1.360000000e+1,1.341375000e+1,,,
2.639843750e+2,-9.996875000e-2,-1.480937500e+1,1.210125000e+1,,,
2.679375000e+2,-1.000312500e-1,-1.399687500e+1,1.545600000e+1,,,
2.700156250e+2,-1.000000000e-1,-1.440312500e+1,1.545600000e+1,,,
2.680312500e+2,-9.996875000e-2,-1.358750000e+1,1.546125000e+1,,,
2.680312500e+2,-1.040312500e-1,-1.480000000e+1,1.411725000e+1,,,
2.699843750e+2,-1.039687500e-1,-1.400312500e+1,1.411200000e+1,,,
2.680156250e+2,-9.993750000e-2,-1.400312500e+1,1.477875000e+1,,,
2.720000000e+2,-9.593750000e-2,-1.439687500e+1,1.411200000e+1,,,
2.680000000e+2,-9.206250000e-2,-1.360625000e+1,1.478400000e+1,,,
2.699843750e+2,-1.000000000e-1,-1.437187500e+1,1.477875000e+1,,,
2.659843750e+2,-9.606250000e-2,-1.560000000e+1,1.411200000e+1,,,
2.660156250e+2,-1.039375000e-1,-1.480937500e+1,1.412250000e+1,,,
2.700000000e+2,-9.190625000e-2,-1.440312500e+1,1.344000000e+1,,,
2.680000000e+2,-1.003437500e-1,-1.440000000e+1,1.678425000e+1,,,
2.660000000e+2,-1.080000000e-1,-1.440312500e+1,1.682625000e+1,,,
2.700000000e+2,-1.039375000e-1,-1.520000000e+1,1.478400000e+1,,,
2.680000000e+2,-1.040000000e-1,-1.403125000e+1,1.678425000e+1,,,
2.700000000e+2,-1.039687500e-1,-1.400000000e+1,1.546125000e+1,,,
2.680000000e+2,-1.040312500e-1,-1.439687500e+1,1.544025000e+1,,,
2.639843750e+2,-1.120000000e-1,-1.519375000e+1,1.344525000e+1,,,
2.660156250e+2,-1.039062500e-1,-1.398750000e+1,1.612800000e+1,,,
2.680000000e+2,-1.039687500e-1,-1.440312500e+1,1.476825000e+1,,,
2.700156250e+2,-9.593750000e-2,-1.480000000e+1,1.478400000e+1,,,
2.720000000e+2,-9.159375000e-2,-1.440000000e+1,1.478400000e+1,,,
2.700781250e+2,-1.079062500e-1,-1.520000000e+1,1.477875000e+1,,,
2.679531250e+2,-1.001250000e-1,-1.520312500e+1,1.545600000e+1,,,
2.738750000e+2,-1.000312500e-1,-1.440625000e+1,1.612800000e+1,,,
2.741406250e+2,-9.596875000e-2,-1.520000000e+1,1.545075000e+1,,,
2.680781250e+2,-1.000000000e-1,-1.400000000e+1,1.680000000e+1,,,
2.698593750e+2,-9.234375000e-2,-1.518437500e+1,1.613850000e+1,,,
2.719687500e+2,-9.181250000e-2,-1.440937500e+1,1.611225000e+1,,,
2.680000000e+2,-1.040000000e-1,-1.479375000e+1,1.746675000e+1,,,
2.720000000e+2,-1.000000000e-1,-1.560937500e+1,1.677900000e+1,,,
2.699843750e+2,-1.080000000e-1,-1.599375000e+1,1.545600000e+1,,,
2.700156250e+2,-1.000000000e-1,-1.480000000e+1,1.680000000e+1,,,
2.740156250e+2,-1.040000000e-1,-1.479687500e+1,1.612800000e+1,,,
2.740000000e+2,-1.041250000e-1,-1.480625000e+1,1.546125000e+1,,,
2.741250000e+2,-1.000937500e-1,-1.480000000e+1,1.545600000e+1,,,
2.640468750e+2,-9.990625000e-2,-1.480000000e+1,1.476300000e+1,,,
2.679531250e+2,-1.079687500e-1,-1.480625000e+1,1.412775000e+1,,,
2.740000000e+2,-1.040312500e-1,-1.521562500e+1,1.613325000e+1,,,
2.720156250e+2,-1.000000000e-1,-1.559687500e+1,1.544025000e+1,,,
2.720312500e+2,-1.000625000e-1,-1.520000000e+1,1.612800000e+1,,,
2.679843750e+2,-9.606250000e-2,-1.560312500e+1,1.814400000e+1,,,
2.721093750e+2,-9.596875000e-2,-1.560000000e+1,1.811775000e+1,,,
2.759843750e+2,-1.000000000e-1,-1.480312500e+1,1.545600000e+1,,,
2.679531250e+2,-1.000000000e-1,-1.560625000e+1,1.680000000e+1,,,
2.700156250e+2,-9.600000000e-2,-1.520000000e+1,1.478400000e+1,,,
2.720156250e+2,-8.790625000e-2,-1.481562500e+1,1.680525000e+1,,,
2.660000000e+2,-1.076250000e-1,-1.636875000e+1,1.546650000e+1,,,
2.700156250e+2,-1.002187500e-1,-1.562500000e+1,1.680000000e+1,,,
2.720156250e+2,-9.200000000e-2,-1.400937500e+1,1.813875000e+1,,,
2.660000000e+2,-1.080000000e-1,-1.642500000e+1,1.613325000e+1,,,
2.720000000e+2,-9.606250000e-2,-1.599687500e+1,1.611750000e+1,,,
2.700312500e+2,-9.603125000e-2,-1.519062500e+1,1.814925000e+1,,,
2.640312500e+2,-1.040000000e-1,-1.479375000e+1,1.748775000e+1,,,
2.660000000e+2,-1.000000000e-1,-1.679062500e+1,1.678950000e+1,,,
2.699843750e+2,-1.040625000e-1,-1.558437500e+1,1.477875000e+1,,,
2.680000000e+2,-9.603125000e-2,-1.479687500e+1,1.613325000e+1,,,
2.720000000e+2,-1.000000000e-1,-1.521250000e+1,1.613850000e+1,,,
2.700000000e+2,-9.600000000e-2,-1.599375000e+1,1.745625000e+1,,,
2.719843750e+2,-1.040000000e-1,-1.478125000e+1,1.479450000e+1,,,
2.740000000e+2,-9.615625000e-2,-1.475625000e+1,1.476300000e+1,,,
2.720000000e+2,-9.990625000e-2,-1.640312500e+1,1.680525000e+1,,,
2.759843750e+2,-1.000625000e-1,-1.519062500e+1,1.680000000e+1,,,
2.760156250e+2,-9.600000000e-2,-1.520000000e+1,1.545600000e+1,,,
2.700312500e+2,-1.040000000e-1,-1.520000000e+1,1.681575000e+1,,,
2.659531250e+2,-1.040000000e-1,-1.561875000e+1,1.948800000e+1,,,
2.739218750e+2,-1.000000000e-1,-1.640312500e+1,1.680000000e+1,,,
2.759531250e+2,-9.628125000e-2,-1.524375000e+1,1.746150000e+1,,,
2.799843750e+2,-9.200000000e-2,-1.520000000e+1,1.747200000e+1,,,
2.738906250e+2,-1.040312500e-1,-1.640312500e+1,1.813875000e+1,,,
2.699843750e+2,-9.996875000e-2,-1.559687500e+1,1.812825000e+1,,,
2.741250000e+2,-9.203125000e-2,-1.561562500e+1,1.612275000e+1,,,
2.820000000e+2,-1.040625000e-1,-1.639687500e+1,1.679475000e+1,,,
2.759531250e+2,-1.040312500e-1,-1.521250000e+1,1.746675000e+1,,,
2.760156250e+2,-9.612500000e-2,-1.560000000e+1,1.748250000e+1,,,
2.720000000e+2,-9.203125000e-2,-1.560312500e+1,1.813350000e+1,,,
2.740156250e+2,-9.587500000e-2,-1.600000000e+1,1.543500000e+1,,,
2.680000000e+2,-1.080000000e-1,-1.559375000e+1,1.619100000e+1,,,
2.719375000e+2,-9.596875000e-2,-1.601875000e+1,1.814400000e+1,,,
2.760156250e+2,-9.996875000e-2,-1.640000000e+1,1.612800000e+1,,,
2.739843750e+2,-1.040937500e-1,-1.562187500e+1,1.681050000e+1,,,
2.780625000e+2,-1.000312500e-1,-1.560937500e+1,1.881600000e+1,,,
2.779687500e+2,-9.600000000e-2,-1.640312500e+1,1.746150000e+1,,,
2.720156250e+2,-8.800000000e-2,-1.600000000e+1,1.681050000e+1,,,
2.800156250e+2,-8.806250000e-2,-1.600937500e+1,1.747200000e+1,,,
2.760156250e+2,-1.000000000e-1,-1.640000000e+1,1.611750000e+1,,,
2.740000000e+2,-1.040000000e-1,-1.520312500e+1,1.949325000e+1,,,
2.740000000e+2,-1.040937500e-1,-1.560000000e+1,1.680000000e+1,,,
2.700000000e+2,-9.203125000e-2,-1.520312500e+1,1.677900000e+1,,,
2.719687500e+2,-9.600000000e-2,-1.599687500e+1,1.814400000e+1,,,
2.759843750e+2,-9.600000000e-2,-1.640000000e+1,1.747200000e+1,,,
2.740156250e+2,-9.600000000e-2,-1.640000000e+1,1.747200000e+1,,,
2.740000000e+2,-1.000312500e-1,-1.600312500e+1,1.746675000e+1,,,
2.719843750e+2,-1.040312500e-1,-1.601562500e+1,1.817550000e+1,,,
2.779687500e+2,-9.609375000e-2,-1.520312500e+1,1.545600000e+1,,,
2.780000000e+2,-9.196875000e-2,-1.640000000e+1,1.817025000e+1,,,
2.759375000e+2,-1.000000000e-1,-1.677812500e+1,1.741950000e+1,,,
2.700000000e+2,-9.996875000e-2,-1.559687500e+1,1.680525000e+1,,,
2.760468750e+2,-8.796875000e-2,-1.681562500e+1,1.814925000e+1,,,
2.780156250e+2,-9.196875000e-2,-1.759687500e+1,1.746675000e+1,,,
2.800156250e+2,-1.002812500e-1,-1.681875000e+1,1.748250000e+1,,,
2.720000000e+2,-8.406250000e-2,-1.640937500e+1,1.678425000e+1,,,
2.779687500e+2,-9.596875000e-2,-1.520312500e+1,1.948275000e+1,,,
2.800312500e+2,-9.606250000e-2,-1.640312500e+1,1.747200000e+1,,,
2.760156250e+2,-1.080000000e-1,-1.600000000e+1,1.947750000e+1,,,
2.760468750e+2,-9.606250000e-2,-1.640000000e+1,1.814400000e+1,,,
2.719531250e+2,-9.587500000e-2,-1.679687500e+1,1.881075000e+1,,,
2.780625000e+2,-1.040000000e-1,-1.680625000e+1,1.880550000e+1,,,
2.780937500e+2,-1.000000000e-1,-1.640000000e+1,2.016000000e+1,,,
2.839531250e+2,-9.203125000e-2,-1.640937500e+1,1.882650000e+1,,,
2.719218750e+2,-1.000625000e-1,-1.680000000e+1,1.747200000e+1,,,
2.781250000e+2,-9.587500000e-2,-1.560000000e+1,1.815975000e+1,,,
2.779375000e+2,-9.203125000e-2,-1.679062500e+1,1.882125000e+1,,,
2.739687500e+2,-9.984375000e-2,-1.480625000e+1,1.681575000e+1,,,
2.739375000e+2,-1.040625000e-1,-1.679375000e+1,1.747200000e+1,,,
2.779843750e+2,-9.206250000e-2,-1.679375000e+1,1.747200000e+1,,,
2.760312500e+2,-9.200000000e-2,-1.680312500e+1,1.814400000e+1,,,
2.759843750e+2,-9.206250000e-2,-1.680000000e+1,1.813350000e+1,,,
2.779531250e+2,-1.080000000e-1,-1.639375000e+1,1.814925000e+1,,,
2.800156250e+2,-1.041875000e-1,-1.600000000e+1,1.949850000e+1,,,
2.780312500e+2,-8.800000000e-2,-1.639687500e+1,1.611750000e+1,,,
2.820000000e+2,-9.996875000e-2,-1.680312500e+1,1.747200000e+1,,,
2.759218750e+2,-9.600000000e-2,-1.719062500e+1,1.680000000e+1,,,
2.740468750e+2,-9.600000000e-2,-1.560000000e+1,2.016000000e+1,,,
2.800000000e+2,-9.603125000e-2,-1.641562500e+1,1.746675000e+1,,,
2.760000000e+2,-1.040000000e-1,-1.680000000e+1,1.881600000e+1,,,
2.840000000e+2,-1.042187500e-1,-1.680000000e+1,1.814400000e+1,,,
2.759062500e+2,-9.600000000e-2,-1.680312500e+1,1.813875000e+1,,,
2.759687500e+2,-1.080312500e-1,-1.640000000e+1,1.746675000e+1,,,
2.819843750e+2,-9.990625000e-2,-1.600000000e+1,1.881075000e+1,,,
2.779843750e+2,-1.000625000e-1,-1.680937500e+1,1.881600000e+1,,,
2.780000000e+2,-9.996875000e-2,-1.760312500e+1,1.881600000e+1,,,
2.780000000e+2,-9.593750000e-2,-1.720937500e+1,1.746150000e+1,,,
2.780000000e+2,-9.581250000e-2,-1.640312500e+1,1.949325000e+1,,,
2.780000000e+2,-1.040000000e-1,-1.680625000e+1,1.747200000e+1,,,
2.800000000e+2,-9.596875000e-2,-1.680312500e+1,1.881075000e+1,,,
2.780156250e+2,-9.600000000e-2,-1.719687500e+1,1.676850000e+1,,,
2.819843750e+2,-9.596875000e-2,-1.681562500e+1,1.748250000e+1,,,
2.800156250e+2,-9.190625000e-2,-1.800625000e+1,1.814400000e+1,,,
2.859843750e+2,-9.181250000e-2,-1.682812500e+1,1.881600000e+1,,,
2.780000000e+2,-1.120312500e-1,-1.560312500e+1,1.881600000e+1,,,
2.840000000e+2,-8.793750000e-2,-1.639687500e+1,1.747200000e+1,,,
2.800000000e+2,-9.203125000e-2,-1.680000000e+1,1.882125000e+1,,,
2.799843750e+2,-9.596875000e-2,-1.720625000e+1,1.881600000e+1,,,
2.820312500e+2,-9.196875000e-2,-1.760000000e+1,2.015475000e+1,,,
2.760625000e+2,-9.606250000e-2,-1.680312500e+1,2.016000000e+1,,,
2.759843750e+2,-1.040312500e-1,-1.718750000e+1,1.949850000e+1,,,
2.781093750e+2,-9.187500000e-2,-1.720312500e+1,1.747200000e+1,,,
2.840156250e+2,-8.809375000e-2,-1.680000000e+1,1.882125000e+1,,,
2.798750000e+2,-1.000625000e-1,-1.720000000e+1,1.881075000e+1,,,
2.760156250e+2,-9.600000000e-2,-1.680000000e+1,1.814925000e+1,,,
2.800312500e+2,-1.000000000e-1,-1.720000000e+1,1.747200000e+1,,,
2.779531250e+2,-9.190625000e-2,-1.720312500e+1,2.016000000e+1,,,
2.779375000e+2,-8.793750000e-2,-1.640312500e+1,1.747725000e+1,,,
2.819687500e+2,-1.000000000e-1,-1.679687500e+1,1.881600000e+1,,,
2.800000000e+2,-9.609375000e-2,-1.680312500e+1,1.947750000e+1,,,
2.799843750e+2,-9.203125000e-2,-1.719687500e+1,1.881600000e+1,,,
2.799843750e+2,-9.600000000e-2,-1.680312500e+1,2.016000000e+1,,,
2.800156250e+2,-9.606250000e-2,-1.760000000e+1,1.881600000e+1,,,
2.780156250e+2,-1.079375000e-1,-1.639062500e+1,1.811775000e+1,,,
2.800781250e+2,-1.000625000e-1,-1.840000000e+1,2.082675000e+1,,,
2.840156250e+2,-9.600000000e-2,-1.720000000e+1,1.947750000e+1,,,
2.819375000e+2,-9.593750000e-2,-1.801875000e+1,2.015475000e+1,,,
2.800000000e+2,-9.212500000e-2,-1.840000000e+1,1.881600000e+1,,,
2.820000000e+2,-1.039687500e-1,-1.760000000e+1,1.949325000e+1,,,
2.820000000e+2,-9.196875000e-2,-1.759687500e+1,1.881075000e+1,,,
2.820000000e+2,-1.036875000e-1,-1.681875000e+1,1.881075000e+1,,,
2.799531250e+2,-1.039062500e-1,-1.680000000e+1,1.881600000e+1,,,
2.760000000e+2,-9.596875000e-2,-1.680312500e+1,1.881600000e+1,,,
2.800000000e+2,-1.001250000e-1,-1.760000000e+1,1.879500000e+1,,,
2.759843750e+2,-9.981250000e-2,-1.760000000e+1,2.016000000e+1,,,
2.760000000e+2,-8.803125000e-2,-1.759687500e+1,1.814400000e+1,,,
2.819687500e+2,-1.001250000e-1,-1.720625000e+1,1.880550000e+1,,,
2.820156250e+2,-9.600000000e-2,-1.759062500e+1,1.814400000e+1,,,
2.880000000e+2,-8.803125000e-2,-1.840000000e+1,1.882125000e+1,,,
2.819062500e+2,-1.000625000e-1,-1.759062500e+1,1.881600000e+1,,,
2.800156250e+2,-9.184375000e-2,-1.760312500e+1,1.881600000e+1,,,
2.820468750e+2,-9.206250000e-2,-1.718437500e+1,1.881075000e+1,,,
2.840000000e+2,-9.606250000e-2,-1.680000000e+1,1.881075000e+1,,,
2.840000000e+2,-1.000000000e-1,-1.717187500e+1,2.015475000e+1,,,
2.800000000e+2,-9.596875000e-2,-1.760000000e+1,2.015475000e+1,,,
2.860000000e+2,-9.200000000e-2,-1.720000000e+1,1.882650000e+1,,,
2.780312500e+2,-9.203125000e-2,-1.799687500e+1,1.813875000e+1,,,
2.800000000e+2,-9.609375000e-2,-1.800312500e+1,1.948275000e+1,,,
2.760312500e+2,-1.000000000e-1,-1.760000000e+1,1.747725000e+1,,,
2.798906250e+2,-9.200000000e-2,-1.759687500e+1,1.946700000e+1,,,
2.860156250e+2,-8.803125000e-2,-1.760937500e+1,2.015475000e+1,,,
2.818906250e+2,-9.209375000e-2,-1.720000000e+1,1.949325000e+1,,,
2.800000000e+2,-9.590625000e-2,-1.759687500e+1,1.881600000e+1,,,
2.820781250e+2,-8.796875000e-2,-1.800000000e+1,1.948800000e+1,,,
2.839062500e+2,-9.625000000e-2,-1.838125000e+1,2.016000000e+1,,,
2.780000000e+2,-9.996875000e-2,-1.640312500e+1,1.882650000e+1,,,
2.861250000e+2,-9.600000000e-2,-1.758750000e+1,1.880550000e+1,,,
2.880468750e+2,-9.200000000e-2,-1.720312500e+1,1.881600000e+1,,,
2.820625000e+2,-9.200000000e-2,-1.840000000e+1,1.814400000e+1,,,
2.819843750e+2,-9.200000000e-2,-1.719687500e+1,1.882125000e+1,,,
2.840000000e+2,-9.196875000e-2,-1.719687500e+1,1.880550000e+1,,,
2.819843750e+2,-9.209375000e-2,-1.680625000e+1,1.881600000e+1,,,
2.859531250e+2,-1.000937500e-1,-1.800000000e+1,2.016000000e+1,,,
2.860312500e+2,-9.634375000e-2,-1.721875000e+1,2.018100000e+1,,,
2.839687500e+2,-8.403125000e-2,-1.760000000e+1,1.747200000e+1,,,
2.819843750e+2,-9.612500000e-2,-1.720312500e+1,1.948800000e+1,,,
2.820000000e+2,-9.193750000e-2,-1.680312500e+1,1.947225000e+1,,,
2.820000000e+2,-9.193750000e-2,-1.759375000e+1,1.880550000e+1,,,
2.840000000e+2,-8.396875000e-2,-1.719062500e+1,2.016000000e+1,,,
2.859843750e+2,-8.796875000e-2,-1.958750000e+1,1.881075000e+1,,,
2.799843750e+2,-9.221875000e-2,-1.802812500e+1,1.947750000e+1,,,
2.820156250e+2,-1.080000000e-1,-1.759375000e+1,1.883175000e+1,,,
2.840000000e+2,-9.175000000e-2,-1.800000000e+1,1.814400000e+1,,,
2.820000000e+2,-9.212500000e-2,-1.759375000e+1,2.082150000e+1,,,
2.820000000e+2,-9.193750000e-2,-1.760312500e+1,2.084775000e+1,,,
2.840000000e+2,-9.200000000e-2,-1.840000000e+1,1.948800000e+1,,,
2.819843750e+2,-9.200000000e-2,-1.762812500e+1,2.014425000e+1,,,
2.859843750e+2,-8.790625000e-2,-1.759687500e+1,1.950375000e+1,,,
2.860000000e+2,-8.406250000e-2,-1.840000000e+1,1.746675000e+1,,,
2.839375000e+2,-1.000625000e-1,-1.760312500e+1,1.883700000e+1,,,
2.780000000e+2,-9.590625000e-2,-1.840000000e+1,2.016000000e+1,,,
2.840468750e+2,-9.600000000e-2,-1.719687500e+1,1.882125000e+1,,,
2.860000000e+2,-9.200000000e-2,-1.720000000e+1,2.150400000e+1,,,
2.860468750e+2,-8.428125000e-2,-1.839687500e+1,2.016000000e+1,,,
2.820937500e+2,-8.381250000e-2,-1.800000000e+1,2.015475000e+1,,,
2.799531250e+2,-9.603125000e-2,-1.720000000e+1,2.016000000e+1,,,
2.858750000e+2,-8.803125000e-2,-1.800000000e+1,2.015475000e+1,,,
2.861718750e+2,-9.987500000e-2,-1.720000000e+1,1.948800000e+1,,,
2.800000000e+2,-1.002812500e-1,-1.799062500e+1,2.083200000e+1,,,
2.839375000e+2,-8.821875000e-2,-1.800937500e+1,2.149875000e+1,,,
2.819687500e+2,-8.800000000e-2,-1.799687500e+1,2.217075000e+1,,,
2.840156250e+2,-8.406250000e-2,-1.840312500e+1,2.151450000e+1,,,
2.859843750e+2,-8.000000000e-2,-1.800312500e+1,1.948275000e+1,,,
2.819843750e+2,-8.393750000e-2,-1.879687500e+1,2.082150000e+1,,,
2.840156250e+2,-9.600000000e-2,-1.800000000e+1,2.150400000e+1,,,
2.819843750e+2,-8.400000000e-2,-1.919062500e+1,2.083200000e+1,,,
2.820000000e+2,-9.168750000e-2,-1.885625000e+1,1.953525000e+1,,,
2.839687500e+2,-9.200000000e-2,-1.800000000e+1,1.814400000e+1,,,
2.840156250e+2,-9.596875000e-2,-1.879687500e+1,1.951425000e+1,,,
2.820000000e+2,-1.000000000e-1,-1.717500000e+1,2.083200000e+1,,,
2.840156250e+2,-1.040000000e-1,-1.803750000e+1,2.015475000e+1,,,
2.799687500e+2,-1.040625000e-1,-1.839062500e+1,1.948800000e+1,,,
2.859843750e+2,-9.609375000e-2,-1.760000000e+1,1.948800000e+1,,,
2.820000000e+2,-9.603125000e-2,-1.880000000e+1,1.948800000e+1,,,
2.859843750e+2,-9.200000000e-2,-1.760000000e+1,2.016000000e+1,,,
2.799843750e+2,-9.600000000e-2,-1.761562500e+1,2.084250000e+1,,,
2.840312500e+2,-9.600000000e-2,-1.840000000e+1,2.217600000e+1,,,
2.840000000e+2,-8.400000000e-2,-1.800000000e+1,2.014425000e+1,,,
2.859843750e+2,-1.079062500e-1,-1.840000000e+1,2.085300000e+1,,,
2.860000000e+2,-9.646875000e-2,-1.798750000e+1,2.150400000e+1,,,
2.880000000e+2,-9.590625000e-2,-1.880312500e+1,2.083200000e+1,,,
2.860156250e+2,-1.000000000e-1,-1.759687500e+1,2.083200000e+1,,,
2.840000000e+2,-9.200000000e-2,-1.840937500e+1,2.083200000e+1,,,
2.860000000e+2,-1.040000000e-1,-1.840312500e+1,2.083725000e+1,,,
2.859843750e+2,-9.600000000e-2,-1.880000000e+1,1.948800000e+1,,,
2.900156250e+2,-1.000000000e-1,-1.880000000e+1,2.078475000e+1,,,
2.840000000e+2,-9.209375000e-2,-1.920000000e+1,2.217075000e+1,,,
2.840000000e+2,-9.590625000e-2,-1.880000000e+1,1.945650000e+1,,,
2.840000000e+2,-9.990625000e-2,-1.838750000e+1,1.948800000e+1,,,
2.840156250e+2,-1.080000000e-1,-1.760000000e+1,2.018100000e+1,,,
2.860000000e+2,-1.000312500e-1,-1.801250000e+1,2.283750000e+1,,,
2.840156250e+2,-9.996875000e-2,-1.839687500e+1,2.016000000e+1,,,
2.800000000e+2,-1.039687500e-1,-1.836875000e+1,2.215500000e+1,,,
2.859843750e+2,-1.040312500e-1,-1.960000000e+1,2.149350000e+1,,,
2.780000000e+2,-1.000625000e-1,-1.798750000e+1,2.016000000e+1,,,
2.839687500e+2,-9.203125000e-2,-1.840625000e+1,2.150400000e+1,,,
2.839687500e+2,-9.600000000e-2,-1.920000000e+1,2.149875000e+1,,,
2.900000000e+2,-1.000000000e-1,-1.798750000e+1,2.083200000e+1,,,
2.840468750e+2,-1.000000000e-1,-1.839687500e+1,2.150400000e+1,,,
2.860000000e+2,-9.996875000e-2,-1.883437500e+1,2.150925000e+1,,,
2.840468750e+2,-1.000000000e-1,-1.760000000e+1,2.083200000e+1,,,
2.899843750e+2,-1.000312500e-1,-1.881250000e+1,2.150400000e+1,,,
2.839531250e+2,-1.040000000e-1,-1.879687500e+1,2.082675000e+1,,,
2.880625000e+2,-9.996875000e-2,-1.799687500e+1,2.150400000e+1,,,
2.900000000e+2,-9.603125000e-2,-1.840625000e+1,2.149875000e+1,,,
2.900000000e+2,-1.080312500e-1,-1.840312500e+1,2.217075000e+1,,,
2.900156250e+2,-9.603125000e-2,-1.840000000e+1,2.216550000e+1,,,
2.860937500e+2,-1.079062500e-1,-1.921250000e+1,2.014950000e+1,,,
2.839843750e+2,-1.040625000e-1,-1.999687500e+1,1.948800000e+1,,,
2.899687500e+2,-1.000312500e-1,-1.837500000e+1,2.089500000e+1,,,
2.920000000e+2,-9.600000000e-2,-1.841562500e+1,2.352000000e+1,,,
2.920156250e+2,-9.600000000e-2,-1.880000000e+1,2.083200000e+1,,,
2.900312500e+2,-1.002187500e-1,-1.881562500e+1,2.083200000e+1,,,
2.900468750e+2,-8.803125000e-2,-1.840312500e+1,2.150400000e+1,,,
2.919687500e+2,-9.600000000e-2,-1.880000000e+1,2.016000000e+1,,,
2.840156250e+2,-9.600000000e-2,-1.800000000e+1,2.217600000e+1,,,
2.940156250e+2,-8.003125000e-2,-1.880312500e+1,2.149875000e+1,,,
2.900156250e+2,-1.000000000e-1,-1.800000000e+1,2.351475000e+1,,,
2.880000000e+2,-9.600000000e-2,-1.839062500e+1,2.282700000e+1,,,
2.840000000e+2,-1.080000000e-1,-1.881250000e+1,2.083200000e+1,,,
2.899843750e+2,-9.215625000e-2,-1.760000000e+1,2.149875000e+1,,,
2.880000000e+2,-9.200000000e-2,-1.879687500e+1,2.150400000e+1,,,
2.879843750e+2,-1.040000000e-1,-1.839687500e+1,2.284800000e+1,,,
2.900000000e+2,-9.200000000e-2,-1.880000000e+1,2.152500000e+1,,,
2.899843750e+2,-1.040312500e-1,-1.839687500e+1,2.082675000e+1,,,
2.919531250e+2,-9.612500000e-2,-1.958125000e+1,2.287425000e+1,,,
2.920312500e+2,-8.803125000e-2,-1.919687500e+1,1.948800000e+1,,,
2.840000000e+2,-8.796875000e-2,-1.880000000e+1,2.287950000e+1,,,
2.940156250e+2,-9.200000000e-2,-1.920625000e+1,2.144625000e+1,,,
2.859843750e+2,-9.200000000e-2,-1.919062500e+1,2.083200000e+1,,,
2.920000000e+2,-8.800000000e-2,-1.880000000e+1,2.015475000e+1,,,
2.839843750e+2,-8.800000000e-2,-1.839375000e+1,2.016525000e+1,,,
2.899843750e+2,-8.806250000e-2,-1.760625000e+1,2.084250000e+1,,,
2.860000000e+2,-8.796875000e-2,-1.838750000e+1,2.014425000e+1,,,
2.899843750e+2,-9.203125000e-2,-1.919375000e+1,2.284275000e+1,,,
2.900156250e+2,-8.400000000e-2,-1.840000000e+1,2.016000000e+1,,,
2.899687500e+2,-9.200000000e-2,-1.920000000e+1,2.214975000e+1,,,
2.920156250e+2,-8.400000000e-2,-1.880000000e+1,2.352000000e+1,,,
2.880937500e+2,-9.581250000e-2,-1.839375000e+1,2.287425000e+1,,,
2.860000000e+2,-1.040000000e-1,-1.957812500e+1,2.149875000e+1,,,
2.880937500e+2,-1.000000000e-1,-1.959687500e+1,2.285325000e+1,,,
2.899218750e+2,-9.206250000e-2,-1.879687500e+1,2.285325000e+1,,,
2.779218750e+2,-9.603125000e-2,-1.880000000e+1,2.083200000e+1,,,
2.841562500e+2,-8.790625000e-2,-1.920000000e+1,2.151450000e+1,,,
2.880468750e+2,-8.396875000e-2,-1.840625000e+1,2.150400000e+1,,,
2.899375000e+2,-8.387500000e-2,-1.922812500e+1,2.083725000e+1,,,
2.840156250e+2,-9.603125000e-2,-1.760000000e+1,2.083200000e+1,,,
2.898750000e+2,-8.800000000e-2,-1.921250000e+1,2.083200000e+1,,,
2.920781250e+2,-1.000312500e-1,-1.919375000e+1,2.083200000e+1,,,
2.840156250e+2,-9.596875000e-2,-1.920312500e+1,2.217075000e+1,,,
2.879531250e+2,-9.200000000e-2,-1.960000000e+1,2.014950000e+1,,,
2.879687500e+2,-9.203125000e-2,-1.920312500e+1,2.013900000e+1,,,
2.920625000e+2,-8.403125000e-2,-1.959687500e+1,2.217600000e+1,,,
2.939687500e+2,-8.800000000e-2,-1.960000000e+1,2.083200000e+1,,,
2.899687500e+2,-8.800000000e-2,-1.919062500e+1,2.150400000e+1,,,
2.900156250e+2,-1.000000000e-1,-1.840000000e+1,2.150400000e+1,,,
2.899843750e+2,-8.796875000e-2,-1.960312500e+1,2.217600000e+1,,,
2.880000000e+2,-8.800000000e-2,-1.880000000e+1,2.150400000e+1,,,
2.840000000e+2,-9.200000000e-2,-1.958437500e+1,2.217600000e+1,,,
2.900312500e+2,-9.200000000e-2,-1.920312500e+1,2.082675000e+1,,,
2.899843750e+2,-9.196875000e-2,-1.880000000e+1,2.149875000e+1,,,
2.920156250e+2,-8.003125000e-2,-1.840312500e+1,2.149875000e+1,,,
2.859687500e+2,-9.206250000e-2,-1.841562500e+1,2.284800000e+1,,,
2.859687500e+2,-8.796875000e-2,-2.040312500e+1,2.217600000e+1,,,
2.919843750e+2,-9.206250000e-2,-1.920625000e+1,2.013900000e+1,,,
2.880625000e+2,-9.200000000e-2,-1.999062500e+1,2.349900000e+1,,,
2.860000000e+2,-9.203125000e-2,-1.878125000e+1,2.083725000e+1,,,
2.900000000e+2,-8.800000000e-2,-1.840937500e+1,2.150925000e+1,,,
2.920000000e+2,-9.200000000e-2,-1.961250000e+1,2.283750000e+1,,,
2.899687500e+2,-8.396875000e-2,-1.917187500e+1,2.148825000e+1,,,
2.860156250e+2,-8.393750000e-2,-1.840000000e+1,2.083200000e+1,,,
2.859843750e+2,-7.590625000e-2,-1.839687500e+1,2.083200000e+1,,,
2.840000000e+2,-9.600000000e-2,-1.839687500e+1,2.083200000e+1,,,
2.880000000e+2,-8.000000000e-2,-1.839687500e+1,2.015475000e+1,,,
2.880000000e+2,-9.206250000e-2,-1.960000000e+1,2.217600000e+1,,,
2.860156250e+2,-9.190625000e-2,-1.879687500e+1,2.083200000e+1,,,
2.839687500e+2,-8.387500000e-2,-1.960312500e+1,2.149875000e+1,,,
2.899062500e+2,-8.003125000e-2,-1.920312500e+1,2.150400000e+1,,,
2.920468750e+2,-9.215625000e-2,-1.920312500e+1,2.217600000e+1,,,
2.880312500e+2,-7.596875000e-2,-1.880312500e+1,2.083725000e+1,,,
2.940156250e+2,-8.806250000e-2,-1.880312500e+1,2.016000000e+1,,,
2.878593750e+2,-8.406250000e-2,-1.841875000e+1,2.150925000e+1,,,
2.881093750e+2,-9.603125000e-2,-2.040312500e+1,2.149875000e+1,,,
2.940312500e+2,-8.371875000e-2,-1.880000000e+1,2.284800000e+1,,,
2.898750000e+2,-8.009375000e-2,-1.919687500e+1,2.219700000e+1,,,
2.840000000e+2,-9.196875000e-2,-1.960312500e+1,2.016000000e+1,,,
2.879062500e+2,-9.200000000e-2,-1.840625000e+1,2.217600000e+1,,,
2.880156250e+2,-9.609375000e-2,-1.880625000e+1,2.082675000e+1,,,
2.819843750e+2,-8.000000000e-2,-1.880625000e+1,2.217600000e+1,,,
2.879687500e+2,-9.206250000e-2,-1.920000000e+1,2.150400000e+1,,,
2.840468750e+2,-8.400000000e-2,-1.879687500e+1,2.150400000e+1,,,
2.859062500e+2,-8.781250000e-2,-1.799062500e+1,2.081625000e+1,,,
2.880468750e+2,-9.600000000e-2,-1.920000000e+1,2.217600000e+1,,,
2.899843750e+2,-8.793750000e-2,-1.840000000e+1,2.015475000e+1,,,
2.879531250e+2,-7.609375000e-2,-1.760625000e+1,2.218125000e+1,,,
2.880312500e+2,-8.800000000e-2,-1.880625000e+1,2.150400000e+1,,,
2.920000000e+2,-7.593750000e-2,-1.920000000e+1,2.219700000e+1,,,
2.879687500e+2,-8.812500000e-2,-1.799687500e+1,2.350950000e+1,,,
2.840000000e+2,-9.206250000e-2,-1.835937500e+1,2.018625000e+1,,,
2.899843750e+2,-9.200000000e-2,-1.920000000e+1,2.083200000e+1,,,
2.840000000e+2,-8.781250000e-2,-1.879062500e+1,2.150400000e+1,,,
2.920000000e+2,-8.015625000e-2,-1.840625000e+1,2.149350000e+1,,,
2.839843750e+2,-9.606250000e-2,-1.960000000e+1,2.217600000e+1,,,
2.880000000e+2,-8.384375000e-2,-1.839062500e+1,2.016000000e+1,,,
2.860000000e+2,-8.809375000e-2,-1.877187500e+1,2.215500000e+1,,,
2.880000000e+2,-8.800000000e-2,-1.960000000e+1,2.083200000e+1,,,
2.860000000e+2,-8.400000000e-2,-1.838125000e+1,2.150925000e+1,,,
2.900156250e+2,-8.815625000e-2,-1.721250000e+1,2.150400000e+1,,,
2.879531250e+2,-9.993750000e-2,-1.881250000e+1,2.150400000e+1,,,
2.901718750e+2,-8.384375000e-2,-1.837500000e+1,2.149875000e+1,,,
2.979687500e+2,-8.406250000e-2,-1.800312500e+1,2.149875000e+1,,,
2.840000000e+2,-8.400000000e-2,-1.838750000e+1,2.217600000e+1,,,
2.900156250e+2,-8.400000000e-2,-1.840000000e+1,2.082675000e+1,,,
2.900156250e+2,-8.400000000e-2,-1.881875000e+1,2.149875000e+1,,,
2.859687500e+2,-7.990625000e-2,-2.040312500e+1,2.083200000e+1,,,
2.919843750e+2,-8.018750000e-2,-1.800312500e+1,2.083200000e+1,,,
2.881562500e+2,-9.600000000e-2,-1.960625000e+1,2.083725000e+1,,,
2.819843750e+2,-8.400000000e-2,-1.922812500e+1,2.082150000e+1,,,
2.860156250e+2,-8.809375000e-2,-1.801250000e+1,2.217600000e+1,,,
2.840000000e+2,-9.200000000e-2,-1.839687500e+1,2.150400000e+1,,,
2.880156250e+2,-8.790625000e-2,-1.920312500e+1,2.149350000e+1,,,
2.880000000e+2,-8.400000000e-2,-1.800000000e+1,2.150400000e+1,,,
2.879687500e+2,-8.400000000e-2,-1.801250000e+1,1.948800000e+1,,,
2.839062500e+2,-8.396875000e-2,-1.879687500e+1,2.148300000e+1,,,
2.779843750e+2,-8.800000000e-2,-1.879375000e+1,2.084775000e+1,,,
2.819531250e+2,-9.200000000e-2,-1.879687500e+1,2.016000000e+1,,,
2.840000000e+2,-7.200000000e-2,-1.760000000e+1,1.948275000e+1,,,
2.839843750e+2,-7.606250000e-2,-1.800937500e+1,2.082675000e+1,,,
2.860000000e+2,-8.012500000e-2,-1.960000000e+1,1.948275000e+1,,,
2.839531250e+2,-9.215625000e-2,-1.839687500e+1,2.150400000e+1,,,
2.900000000e+2,-8.787500000e-2,-1.920000000e+1,2.217600000e+1,,,
2.840937500e+2,-8.393750000e-2,-1.841562500e+1,2.016525000e+1,,,
2.860937500e+2,-8.803125000e-2,-1.880000000e+1,2.082150000e+1,,,
2.920312500e+2,-8.390625000e-2,-1.840312500e+1,2.083200000e+1,,,
2.899531250e+2,-8.003125000e-2,-1.840312500e+1,2.083725000e+1,,,
2.880000000e+2,-8.403125000e-2,-1.880312500e+1,2.216550000e+1,,,
2.900000000e+2,-7.987500000e-2,-1.840625000e+1,2.150400000e+1,,,
2.859687500e+2,-7.596875000e-2,-1.800000000e+1,1.947750000e+1,,,
2.839843750e+2,-9.203125000e-2,-1.839687500e+1,1.948800000e+1,,,
2.820000000e+2,-7.984375000e-2,-1.839687500e+1,1.947750000e+1,,,
2.860000000e+2,-8.412500000e-2,-1.880312500e+1,2.150400000e+1,,,
2.820000000e+2,-8.390625000e-2,-1.799687500e+1,2.083725000e+1,,,
2.840000000e+2,-7.990625000e-2,-1.840312500e+1,1.950375000e+1,,,
2.840000000e+2,-8.015625000e-2,-1.840000000e+1,1.948800000e+1,,,
2.860000000e+2,-8.800000000e-2,-1.802187500e+1,2.283225000e+1,,,
2.840000000e+2,-8.390625000e-2,-1.760000000e+1,2.084250000e+1,,,
2.860000000e+2,-8.003125000e-2,-1.800000000e+1,2.149875000e+1,,,
2.839843750e+2,-9.203125000e-2,-1.760000000e+1,2.016000000e+1,,,
2.840000000e+2,-8.393750000e-2,-1.800312500e+1,2.217600000e+1,,,
2.839843750e+2,-8.806250000e-2,-1.760000000e+1,2.217075000e+1,,,
2.860312500e+2,-8.400000000e-2,-1.760000000e+1,2.217600000e+1,,,
2.900000000e+2,-8.021875000e-2,-1.920000000e+1,2.150400000e+1,,,
2.861093750e+2,-7.593750000e-2,-1.800000000e+1,2.083725000e+1,,,
2.839218750e+2,-8.396875000e-2,-1.760000000e+1,2.016000000e+1,,,
2.919375000e+2,-8.009375000e-2,-1.840937500e+1,2.016000000e+1,,,
2.881562500e+2,-7.993750000e-2,-1.839687500e+1,2.015475000e+1,,,
2.859843750e+2,-8.425000000e-2,-1.760000000e+1,2.083200000e+1,,,
2.860468750e+2,-7.184375000e-2,-1.801250000e+1,2.081100000e+1,,,
2.839843750e+2,-8.790625000e-2,-1.719687500e+1,2.352000000e+1,,,
2.840000000e+2,-7.612500000e-2,-1.879687500e+1,2.083725000e+1,,,
2.840156250e+2,-7.600000000e-2,-1.799062500e+1,2.151975000e+1,,,
2.879843750e+2,-8.000000000e-2,-1.841250000e+1,2.217600000e+1,,,
2.819218750e+2,-7.600000000e-2,-1.920000000e+1,2.150400000e+1,,,
2.800156250e+2,-8.400000000e-2,-1.841250000e+1,2.083200000e+1,,,
2.880000000e+2,-8.031250000e-2,-1.683750000e+1,2.014950000e+1,,,
2.861406250e+2,-7.600000000e-2,-1.679687500e+1,2.083200000e+1,,,
2.799687500e+2,-7.996875000e-2,-1.760000000e+1,1.879500000e+1,,,
2.860000000e+2,-8.000000000e-2,-1.720312500e+1,1.951950000e+1,,,
2.800781250e+2,-8.400000000e-2,-1.802187500e+1,2.150925000e+1,,,
2.798750000e+2,-8.000000000e-2,-1.799375000e+1,2.081100000e+1,,,
2.880312500e+2,-8.009375000e-2,-1.760000000e+1,2.016000000e+1,,,
2.779062500e+2,-7.206250000e-2,-1.800312500e+1,2.217600000e+1,,,
2.821093750e+2,-7.981250000e-2,-1.840000000e+1,2.014425000e+1,,,
2.860000000e+2,-9.203125000e-2,-1.840000000e+1,2.085300000e+1,,,
2.839687500e+2,-7.200000000e-2,-1.799062500e+1,2.150400000e+1,,,
2.840000000e+2,-8.400000000e-2,-1.680000000e+1,1.948275000e+1,,,
2.860000000e+2,-8.000000000e-2,-1.802187500e+1,2.084250000e+1,,,
2.820000000e+2,-8.409375000e-2,-1.841562500e+1,2.016525000e+1,,,
2.819843750e+2,-7.212500000e-2,-1.721562500e+1,2.016000000e+1,,,
2.780000000e+2,-7.200000000e-2,-1.681250000e+1,1.948800000e+1,,,
2.799843750e+2,-8.400000000e-2,-1.882187500e+1,2.016000000e+1,,,
2.820000000e+2,-9.606250000e-2,-1.879687500e+1,1.948275000e+1,,,
2.799843750e+2,-7.193750000e-2,-1.800625000e+1,2.150925000e+1,,,
2.839218750e+2,-8.000000000e-2,-1.880312500e+1,2.084775000e+1,,,
2.860000000e+2,-7.200000000e-2,-1.760000000e+1,2.014950000e+1,,,
2.820156250e+2,-8.381250000e-2,-1.840312500e+1,1.882650000e+1,,,
2.820000000e+2,-8.415625000e-2,-1.677187500e+1,2.015475000e+1,,,
2.819687500e+2,-7.600000000e-2,-1.640312500e+1,1.812825000e+1,,,
2.800156250e+2,-8.400000000e-2,-1.681875000e+1,1.885275000e+1,,,
2.859843750e+2,-7.603125000e-2,-1.760000000e+1,2.016000000e+1,,,
2.840000000e+2,-8.375000000e-2,-1.718750000e+1,1.814925000e+1,,,
2.779843750e+2,-8.409375000e-2,-1.759687500e+1,1.949325000e+1,,,
2.819843750e+2,-7.996875000e-2,-1.640937500e+1,1.948800000e+1,,,
2.800000000e+2,-8.403125000e-2,-1.840312500e+1,1.881600000e+1,,,
2.820000000e+2,-7.200000000e-2,-1.680000000e+1,2.016000000e+1,,,
2.779531250e+2,-7.600000000e-2,-1.682812500e+1,1.948800000e+1,,,
2.859687500e+2,-8.400000000e-2,-1.839687500e+1,1.948800000e+1,,,
2.800625000e+2,-7.606250000e-2,-1.763125000e+1,2.082675000e+1,,,
2.799843750e+2,-8.400000000e-2,-1.760000000e+1,2.015475000e+1,,,
2.780156250e+2,-8.396875000e-2,-1.800000000e+1,2.016000000e+1,,,
2.820312500e+2,-7.196875000e-2,-1.719687500e+1,2.016000000e+1,,,
2.820312500e+2,-7.203125000e-2,-1.720312500e+1,2.016000000e+1,,,
2.839218750e+2,-7.603125000e-2,-1.760937500e+1,2.016000000e+1,,,
2.760156250e+2,-8.003125000e-2,-1.840000000e+1,1.948275000e+1,,,
2.840000000e+2,-7.606250000e-2,-1.720000000e+1,2.084250000e+1,,,
2.759843750e+2,-7.990625000e-2,-1.681562500e+1,1.947225000e+1,,,
2.840156250e+2,-8.803125000e-2,-1.800000000e+1,1.746150000e+1,,,
2.720312500e+2,-8.003125000e-2,-1.636562500e+1,1.819125000e+1,,,
2.759375000e+2,-8.000000000e-2,-1.684375000e+1,2.016000000e+1,,,
2.799062500e+2,-7.600000000e-2,-1.800000000e+1,1.881600000e+1,,,
2.860000000e+2,-8.381250000e-2,-1.681562500e+1,1.747200000e+1,,,
2.799062500e+2,-8.403125000e-2,-1.761250000e+1,1.948800000e+1,,,
2.780000000e+2,-7.600000000e-2,-1.759687500e+1,1.747200000e+1,,,
2.800312500e+2,-7.200000000e-2,-1.680000000e+1,1.950900000e+1,,,
2.819843750e+2,-8.003125000e-2,-1.640312500e+1,1.949325000e+1,,,
2.780000000e+2,-7.600000000e-2,-1.680000000e+1,1.813875000e+1,,,
2.800000000e+2,-6.800000000e-2,-1.680312500e+1,2.016525000e+1,,,
2.860000000e+2,-7.990625000e-2,-1.680000000e+1,1.814400000e+1,,,
2.760156250e+2,-8.403125000e-2,-1.719375000e+1,1.813350000e+1,,,
2.799687500e+2,-8.000000000e-2,-1.760312500e+1,1.814400000e+1,,,
2.820000000e+2,-7.606250000e-2,-1.639687500e+1,1.813875000e+1,,,
2.779843750e+2,-6.396875000e-2,-1.680000000e+1,1.948275000e+1,,,
2.800156250e+2,-6.806250000e-2,-1.679687500e+1,1.881600000e+1,,,
2.739687500e+2,-7.600000000e-2,-1.802500000e+1,1.882650000e+1,,,
2.820000000e+2,-7.600000000e-2,-1.559687500e+1,1.814400000e+1,,,
2.740000000e+2,-8.003125000e-2,-1.720000000e+1,1.952475000e+1,,,
2.760468750e+2,-7.600000000e-2,-1.680000000e+1,2.079525000e+1,,,
2.800156250e+2,-8.400000000e-2,-1.759375000e+1,1.745100000e+1,,,
2.799687500e+2,-7.596875000e-2,-1.640312500e+1,1.748775000e+1,,,
2.779843750e+2,-7.600000000e-2,-1.760625000e+1,1.814400000e+1,,,
2.780000000e+2,-7.621875000e-2,-1.645625000e+1,1.814400000e+1,,,
2.780000000e+2,-6.803125000e-2,-1.638750000e+1,1.880550000e+1,,,
2.760000000e+2,-7.596875000e-2,-1.760312500e+1,1.948275000e+1,,,
2.780000000e+2,-8.003125000e-2,-1.679687500e+1,1.814925000e+1,,,
2.759687500e+2,-8.000000000e-2,-1.640312500e+1,1.813875000e+1,,,
2.800156250e+2,-7.200000000e-2,-1.640000000e+1,1.814400000e+1,,,
2.740781250e+2,-7.987500000e-2,-1.640312500e+1,1.814925000e+1,,,
2.739687500e+2,-8.000000000e-2,-1.638437500e+1,1.747200000e+1,,,
2.720781250e+2,-7.200000000e-2,-1.720000000e+1,1.747200000e+1,,,
2.800000000e+2,-7.203125000e-2,-1.639687500e+1,1.747200000e+1,,,
2.760000000e+2,-7.200000000e-2,-1.640000000e+1,1.747200000e+1,,,
2.799218750e+2,-7.609375000e-2,-1.600312500e+1,1.749300000e+1,,,
2.699687500e+2,-8.003125000e-2,-1.679375000e+1,2.016000000e+1,,,
2.760156250e+2,-7.612500000e-2,-1.523437500e+1,1.749825000e+1,,,
2.720000000e+2,-6.806250000e-2,-1.559687500e+1,1.813875000e+1,,,
2.779218750e+2,-7.193750000e-2,-1.600000000e+1,1.612800000e+1,,,
2.780625000e+2,-8.400000000e-2,-1.599687500e+1,1.814400000e+1,,,
2.739843750e+2,-7.200000000e-2,-1.600625000e+1,1.677375000e+1,,,
2.779687500e+2,-8.000000000e-2,-1.639375000e+1,1.612800000e+1,,,
2.760000000e+2,-8.009375000e-2,-1.560312500e+1,1.678950000e+1,,,
2.780156250e+2,-7.200000000e-2,-1.679062500e+1,1.814925000e+1,,,
2.759531250e+2,-8.000000000e-2,-1.679687500e+1,1.881600000e+1,,,
2.740312500e+2,-7.600000000e-2,-1.599062500e+1,1.881600000e+1,,,
2.780000000e+2,-7.603125000e-2,-1.520000000e+1,1.880550000e+1,,,
2.739843750e+2,-8.000000000e-2,-1.641875000e+1,1.679475000e+1,,,
2.740000000e+2,-7.200000000e-2,-1.680000000e+1,1.747200000e+1,,,
2.760156250e+2,-8.396875000e-2,-1.640937500e+1,1.747200000e+1,,,
2.779687500e+2,-7.600000000e-2,-1.640000000e+1,1.747200000e+1,,,
2.720156250e+2,-8.000000000e-2,-1.680000000e+1,1.813350000e+1,,,
2.739687500e+2,-7.203125000e-2,-1.600312500e+1,1.814925000e+1,,,
2.799843750e+2,-8.409375000e-2,-1.640625000e+1,1.679475000e+1,,,
2.720312500e+2,-8.393750000e-2,-1.639687500e+1,1.680000000e+1,,,
2.720000000e+2,-7.993750000e-2,-1.600625000e+1,1.679475000e+1,,,
2.720625000e+2,-7.600000000e-2,-1.595312500e+1,1.813875000e+1,,,
2.660000000e+2,-8.000000000e-2,-1.678750000e+1,1.813875000e+1,,,
2.760000000e+2,-7.596875000e-2,-1.479687500e+1,1.880550000e+1,,,
2.699062500e+2,-6.800000000e-2,-1.600625000e+1,1.541400000e+1,,,
2.720781250e+2,-7.618750000e-2,-1.519687500e+1,1.614375000e+1,,,
2.779843750e+2,-7.993750000e-2,-1.640625000e+1,1.747200000e+1,,,
2.719843750e+2,-6.803125000e-2,-1.561875000e+1,1.814400000e+1,,,
2.740000000e+2,-7.200000000e-2,-1.520625000e+1,1.747200000e+1,,,
2.720000000e+2,-6.803125000e-2,-1.600000000e+1,1.747200000e+1,,,
2.700000000e+2,-7.606250000e-2,-1.560000000e+1,1.746675000e+1,,,
2.740000000e+2,-8.409375000e-2,-1.560312500e+1,1.680000000e+1,,,
2.699687500e+2,-8.378125000e-2,-1.640625000e+1,1.680000000e+1,,,
2.760156250e+2,-6.800000000e-2,-1.680625000e+1,1.612800000e+1,,,
2.680312500e+2,-8.371875000e-2,-1.600625000e+1,1.813875000e+1,,,
2.720781250e+2,-7.581250000e-2,-1.640000000e+1,1.680525000e+1,,,
2.719843750e+2,-6.406250000e-2,-1.640312500e+1,1.680000000e+1,,,
2.719843750e+2,-7.612500000e-2,-1.599375000e+1,1.746675000e+1,,,
2.699843750e+2,-7.184375000e-2,-1.560625000e+1,1.612800000e+1,,,
2.720312500e+2,-6.815625000e-2,-1.600000000e+1,1.680000000e+1,,,
2.739843750e+2,-8.000000000e-2,-1.520000000e+1,1.680525000e+1,,,
2.739218750e+2,-6.809375000e-2,-1.600000000e+1,1.679475000e+1,,,
2.780468750e+2,-7.200000000e-2,-1.560312500e+1,1.747200000e+1,,,
2.700156250e+2,-7.600000000e-2,-1.600937500e+1,1.678425000e+1,,,
2.719375000e+2,-7.600000000e-2,-1.598125000e+1,1.612800000e+1,,,
2.720312500e+2,-7.603125000e-2,-1.480000000e+1,1.747200000e+1,,,
2.680156250e+2,-7.596875000e-2,-1.600000000e+1,1.545600000e+1,,,
2.698906250e+2,-6.796875000e-2,-1.481562500e+1,1.679475000e+1,,,
2.719531250e+2,-7.600000000e-2,-1.520000000e+1,1.545600000e+1,,,
2.679843750e+2,-6.796875000e-2,-1.520000000e+1,1.612275000e+1,,,
2.720312500e+2,-6.421875000e-2,-1.560625000e+1,1.478400000e+1,,,
2.720000000e+2,-8.409375000e-2,-1.600312500e+1,1.612275000e+1,,,
2.739843750e+2,-7.178125000e-2,-1.600000000e+1,1.612800000e+1,,,
2.699843750e+2,-6.803125000e-2,-1.479687500e+1,1.747200000e+1,,,
2.700000000e+2,-7.190625000e-2,-1.475625000e+1,1.681575000e+1,,,
2.720000000e+2,-7.600000000e-2,-1.600000000e+1,1.612800000e+1,,,
2.720000000e+2,-7.193750000e-2,-1.478750000e+1,1.612800000e+1,,,
2.720000000e+2,-7.206250000e-2,-1.440625000e+1,1.614375000e+1,,,
2.700000000e+2,-7.190625000e-2,-1.520000000e+1,1.478400000e+1,,,
2.740000000e+2,-6.393750000e-2,-1.519687500e+1,1.680000000e+1,,,
2.680937500e+2,-6.809375000e-2,-1.518750000e+1,1.484175000e+1,,,
2.660000000e+2,-7.600000000e-2,-1.560312500e+1,1.478400000e+1,,,
2.700468750e+2,-7.203125000e-2,-1.479687500e+1,1.611750000e+1,,,
2.719687500e+2,-8.415625000e-2,-1.480000000e+1,1.411200000e+1,,,
2.679218750e+2,-8.781250000e-2,-1.480625000e+1,1.614375000e+1,,,
2.659687500e+2,-7.190625000e-2,-1.559687500e+1,1.474200000e+1,,,
2.660156250e+2,-7.200000000e-2,-1.479687500e+1,1.410675000e+1,,,
2.700000000e+2,-6.403125000e-2,-1.483437500e+1,1.611750000e+1,,,
2.699843750e+2,-7.206250000e-2,-1.360000000e+1,1.612800000e+1,,,
2.660156250e+2,-7.600000000e-2,-1.521875000e+1,1.613850000e+1,,,
2.640000000e+2,-7.196875000e-2,-1.560312500e+1,1.478400000e+1,,,
2.659687500e+2,-6.787500000e-2,-1.440625000e+1,1.612275000e+1,,,
2.720312500e+2,-6.006250000e-2,-1.400000000e+1,1.411200000e+1,,,
2.640781250e+2,-7.600000000e-2,-1.438125000e+1,1.545600000e+1,,,
2.661406250e+2,-7.606250000e-2,-1.521875000e+1,1.411200000e+1,,,
2.679531250e+2,-7.984375000e-2,-1.400000000e+1,1.612275000e+1,,,
2.639843750e+2,-5.178125000e-2,-1.520000000e+1,1.548750000e+1,,,
2.660468750e+2,-6.837500000e-2,-1.400000000e+1,1.344000000e+1,,,
2.659062500e+2,-8.403125000e-2,-1.400937500e+1,1.409100000e+1,,,
2.620468750e+2,-7.987500000e-2,-1.440000000e+1,1.813875000e+1,,,
2.700312500e+2,-7.200000000e-2,-1.402187500e+1,1.482075000e+1,,,
2.640468750e+2,-6.800000000e-2,-1.400625000e+1,1.478400000e+1,,,
2.640156250e+2,-7.600000000e-2,-1.520000000e+1,1.343475000e+1,,,
2.619687500e+2,-7.593750000e-2,-1.480312500e+1,1.544550000e+1,,,
2.699843750e+2,-7.203125000e-2,-1.599687500e+1,1.275225000e+1,,,
2.660781250e+2,-8.015625000e-2,-1.439062500e+1,1.478400000e+1,,,
2.639843750e+2,-7.987500000e-2,-1.480000000e+1,1.545600000e+1,,,
2.659531250e+2,-7.193750000e-2,-1.483437500e+1,1.412250000e+1,,,
2.680312500e+2,-8.003125000e-2,-1.400000000e+1,1.476300000e+1,,,
2.700000000e+2,-7.190625000e-2,-1.440000000e+1,1.612800000e+1,,,
2.679843750e+2,-7.212500000e-2,-1.440000000e+1,1.477350000e+1,,,
2.659843750e+2,-7.593750000e-2,-1.399687500e+1,1.477350000e+1,,,
2.640000000e+2,-6.803125000e-2,-1.400000000e+1,1.478400000e+1,,,
2.680000000e+2,-7.600000000e-2,-1.439062500e+1,1.343475000e+1,,,
2.639843750e+2,-6.790625000e-2,-1.480312500e+1,1.410675000e+1,,,
2.640000000e+2,-6.800000000e-2,-1.440625000e+1,1.345050000e+1,,,
2.660000000e+2,-6.818750000e-2,-1.440000000e+1,1.344000000e+1,,,
2.580000000e+2,-8.000000000e-2,-1.480625000e+1,1.477350000e+1,,,
2.660000000e+2,-6.768750000e-2,-1.520312500e+1,1.612275000e+1,,,
2.619843750e+2,-6.809375000e-2,-1.520000000e+1,1.680000000e+1,,,
2.640000000e+2,-6.400000000e-2,-1.560937500e+1,1.677375000e+1,,,
2.620000000e+2,-4.796875000e-2,-1.480000000e+1,1.882650000e+1,,,
2.640000000e+2,-4.800000000e-2,-1.559687500e+1,1.812825000e+1,,,
2.659843750e+2,-4.393750000e-2,-1.601875000e+1,2.220225000e+1,,,
2.660000000e+2,-4.421875000e-2,-1.720625000e+1,2.688000000e+1,,,
2.679843750e+2,-6.012500000e-2,-1.680312500e+1,2.957850000e+1,,,
2.680312500e+2,-5.581250000e-2,-1.760000000e+1,3.696000000e+1,,,
2.739843750e+2,-6.306250000e-2,-1.839687500e+1,3.964800000e+1,,,
2.681250000e+2,-9.931250000e-2,-1.840000000e+1,4.161675000e+1,,,
2.659687500e+2,-1.319062500e-1,-2.118437500e+1,4.636800000e+1,,,
2.698437500e+2,-1.478125000e-1,-2.238750000e+1,4.502400000e+1,,,
2.741093750e+2,-1.839375000e-1,-2.200625000e+1,4.634700000e+1,,,
2.660625000e+2,-2.035312500e-1,-2.358437500e+1,4.569600000e+1,,,
2.698906250e+2,-2.234375000e-1,-2.438125000e+1,4.234650000e+1,,,
2.700000000e+2,-2.281250000e-1,-2.559375000e+1,3.834075000e+1,,,
2.720000000e+2,-2.159687500e-1,-2.760000000e+1,3.495975000e+1,,,
2.699843750e+2,-2.002500000e-1,-2.840312500e+1,3.359475000e+1,,,
2.700000000e+2,-1.564062500e-1,-3.000312500e+1,3.092250000e+1,,,
2.699843750e+2,-9.600000000e-2,-3.000000000e+1,3.091200000e+1,,,
2.659843750e+2,-4.000000000e-2,-3.039062500e+1,2.755200000e+1,,,
2.660000000e+2,4.865625000e-2,-3.235625000e+1,2.891175000e+1,,,
2.759531250e+2,1.266250000e-1,-3.239687500e+1,2.620800000e+1,,,
2.720312500e+2,2.389062500e-1,-3.320937500e+1,2.756775000e+1,,,
2.799531250e+2,3.639375000e-1,-3.484062500e+1,2.755725000e+1,,,
2.820312500e+2,4.790937500e-1,-3.520000000e+1,2.890125000e+1,,,
2.879218750e+2,5.919687500e-1,-3.520625000e+1,2.888550000e+1,,,
2.978906250e+2,7.044687500e-1,-3.639375000e+1,3.292800000e+1,,,
3.080625000e+2,8.146562500e-1,-3.680312500e+1,3.763200000e+1,,,
3.140156250e+2,8.840000000e-1,-3.720000000e+1,3.964275000e+1,,,
3.180312500e+2,9.555625000e-1,-3.800625000e+1,4.638900000e+1,,,
3.240312500e+2,9.920000000e-1,-3.840625000e+1,5.107200000e+1,,,
3.380781250e+2,1.020000000e+0,-4.000000000e+1,5.441625000e+1,,,
3.459531250e+2,1.012093750e+0,-3.960000000e+1,5.715675000e+1,,,
3.500000000e+2,1.019687500e+0,-4.076875000e+1,6.248550000e+1,,,
3.580312500e+2,1.016125000e+0,-4.119687500e+1,6.518400000e+1,,,
3.579843750e+2,9.840000000e-1,-4.239062500e+1,6.857025000e+1,,,
3.599218750e+2,9.720000000e-1,-4.161875000e+1,7.255500000e+1,,,
3.760000000e+2,9.363125000e-1,-4.440625000e+1,7.323750000e+1,,,
3.760000000e+2,8.876250000e-1,-4.278750000e+1,7.527450000e+1,,,
3.739843750e+2,8.440000000e-1,-4.439375000e+1,7.592025000e+1,,,
3.820000000e+2,7.931250000e-1,-4.480000000e+1,7.660275000e+1,,,
3.899531250e+2,7.169687500e-1,-4.560625000e+1,7.460250000e+1,,,
3.939843750e+2,6.683750000e-1,-4.639687500e+1,7.660275000e+1,,,
3.859531250e+2,6.000000000e-1,-4.600312500e+1,7.322175000e+1,,,
3.900156250e+2,5.404375000e-1,-4.720625000e+1,7.053375000e+1,,,
3.920000000e+2,4.880625000e-1,-4.680625000e+1,6.857025000e+1,,,
3.880000000e+2,4.145000000e-1,-4.799062500e+1,6.384525000e+1,,,
3.879843750e+2,3.606562500e-1,-4.720000000e+1,6.315750000e+1,,,
3.859843750e+2,3.159687500e-1,-4.800625000e+1,6.115200000e+1,,,
3.899843750e+2,2.762812500e-1,-4.880625000e+1,5.980800000e+1,,,
3.860156250e+2,2.400000000e-1,-4.960000000e+1,5.709375000e+1,,,
3.839531250e+2,2.160000000e-1,-4.838125000e+1,5.376000000e+1,,,
3.880000000e+2,2.000000000e-1,-4.879375000e+1,5.241600000e+1,,,
3.840156250e+2,1.959062500e-1,-5.037187500e+1,4.906650000e+1,,,
3.880781250e+2,2.000000000e-1,-5.040000000e+1,4.906125000e+1,,,
3.899375000e+2,2.081250000e-1,-5.080625000e+1,5.039475000e+1,,,
3.839531250e+2,2.362500000e-1,-5.120000000e+1,4.974375000e+1,,,
3.860625000e+2,2.722500000e-1,-5.079687500e+1,5.308800000e+1,,,
3.879843750e+2,3.003125000e-1,-5.120937500e+1,5.040000000e+1,,,
3.860000000e+2,3.562812500e-1,-5.200000000e+1,5.307225000e+1,,,
3.880000000e+2,3.916875000e-1,-5.160000000e+1,5.441625000e+1,,,
3.859843750e+2,4.399375000e-1,-5.119375000e+1,5.376000000e+1,,,
3.880000000e+2,4.760312500e-1,-4.999687500e+1,5.514075000e+1,,,
3.840000000e+2,5.077500000e-1,-5.038125000e+1,6.119925000e+1,,,
3.879218750e+2,5.401562500e-1,-4.919687500e+1,5.980800000e+1,,,
3.960000000e+2,5.519375000e-1,-5.040000000e+1,6.182400000e+1,,,
3.920156250e+2,5.560625000e-1,-4.923750000e+1,6.452775000e+1,,,
3.960312500e+2,5.441250000e-1,-4.880000000e+1,6.652800000e+1,,,
3.939843750e+2,5.240000000e-1,-4.880312500e+1,6.922650000e+1,,,
3.939843750e+2,5.040000000e-1,-4.960000000e+1,6.922650000e+1,,,
3.920000000e+2,4.555937500e-1,-4.920312500e+1,7.190400000e+1,,,
3.940000000e+2,4.040000000e-1,-4.920000000e+1,6.921075000e+1,,,
3.920000000e+2,3.440000000e-1,-4.760625000e+1,7.260225000e+1,,,
3.940000000e+2,2.879687500e-1,-4.759687500e+1,7.257600000e+1,,,
3.960000000e+2,2.280312500e-1,-4.759062500e+1,7.123200000e+1,,,
3.940000000e+2,1.680000000e-1,-4.840312500e+1,7.190400000e+1,,,
3.940000000e+2,1.163750000e-1,-4.680312500e+1,7.124250000e+1,,,
3.939843750e+2,7.200000000e-2,-4.840000000e+1,6.923700000e+1,,,
3.940156250e+2,2.362500000e-2,-4.680625000e+1,6.653325000e+1,,,
3.900000000e+2,-2.006250000e-2,-4.677187500e+1,6.789300000e+1,,,
3.939843750e+2,-4.403125000e-2,-4.760000000e+1,6.384000000e+1,,,
3.940000000e+2,-7.593750000e-2,-4.680000000e+1,6.384000000e+1,,,
3.919843750e+2,-9.200000000e-2,-4.721875000e+1,6.037500000e+1,,,
3.920156250e+2,-1.000625000e-1,-4.718437500e+1,5.778675000e+1,,,
3.939843750e+2,-1.080312500e-1,-4.680625000e+1,5.576550000e+1,,,
3.940625000e+2,-1.040937500e-1,-4.760312500e+1,5.511450000e+1,,,
4.000156250e+2,-8.853125000e-2,-4.682812500e+1,5.511450000e+1,,,
3.880312500e+2,-7.596875000e-2,-4.679687500e+1,5.310375000e+1,,,
3.900000000e+2,-6.015625000e-2,-4.679687500e+1,5.242650000e+1,,,
3.880468750e+2,-3.984375000e-2,-4.680312500e+1,5.375475000e+1,,,
3.859843750e+2,-2.000000000e-2,-4.760312500e+1,5.308800000e+1,,,
3.879843750e+2,1.181250000e-2,-4.640000000e+1,5.443200000e+1,,,
3.860468750e+2,2.800000000e-2,-4.599062500e+1,5.375475000e+1,,,
3.860000000e+2,4.800000000e-2,-4.719062500e+1,5.643225000e+1,,,
3.860000000e+2,9.200000000e-2,-4.720000000e+1,5.779725000e+1,,,
3.860000000e+2,1.037500000e-1,-4.719062500e+1,5.844825000e+1,,,
3.860000000e+2,1.280937500e-1,-4.560000000e+1,6.115200000e+1,,,
3.859843750e+2,1.440000000e-1,-4.640000000e+1,6.181350000e+1,,,
3.860312500e+2,1.480000000e-1,-4.559062500e+1,6.315750000e+1,,,
3.879687500e+2,1.639062500e-1,-4.557500000e+1,6.450150000e+1,,,
3.839843750e+2,1.640000000e-1,-4.600312500e+1,6.451200000e+1,,,
3.899218750e+2,1.720000000e-1,-4.519687500e+1,6.518400000e+1,,,
3.900468750e+2,1.638750000e-1,-4.560937500e+1,6.518400000e+1,,,
3.879531250e+2,1.438437500e-1,-4.600312500e+1,6.587700000e+1,,,
3.920468750e+2,1.280000000e-1,-4.559062500e+1,6.720000000e+1,,,
3.840156250e+2,1.080000000e-1,-4.480312500e+1,6.584550000e+1,,,
3.920937500e+2,8.806250000e-2,-4.478750000e+1,6.786675000e+1,,,
3.919687500e+2,6.821875000e-2,-4.600000000e+1,6.451200000e+1,,,
3.919843750e+2,2.800000000e-2,-4.479687500e+1,6.787200000e+1,,,
3.900000000e+2,-4.218750000e-3,-4.600000000e+1,6.583500000e+1,,,
3.920000000e+2,-2.821875000e-2,-4.559375000e+1,6.316275000e+1,,,
3.900000000e+2,-5.600000000e-2,-4.560000000e+1,6.451200000e+1,,,
3.979843750e+2,-7.968750000e-2,-4.561250000e+1,6.116250000e+1,,,
3.879375000e+2,-1.000000000e-1,-4.559687500e+1,6.182400000e+1,,,
3.919843750e+2,-1.281562500e-1,-4.680000000e+1,6.183450000e+1,,,
3.919843750e+2,-1.359687500e-1,-4.520312500e+1,5.981325000e+1,,,
3.939843750e+2,-1.441250000e-1,-4.600312500e+1,5.980275000e+1,,,
3.900312500e+2,-1.600937500e-1,-4.479375000e+1,5.846400000e+1,,,
3.859843750e+2,-1.476562500e-1,-4.558750000e+1,5.778150000e+1,,,
3.920000000e+2,-1.280625000e-1,-4.565000000e+1,5.782350000e+1,,,
3.840000000e+2,-1.360937500e-1,-4.439062500e+1,5.644800000e+1,,,
3.880000000e+2,-1.038437500e-1,-4.480625000e+1,5.779200000e+1,,,
3.880000000e+2,-9.184375000e-2,-4.561250000e+1,5.642175000e+1,,,
3.900312500e+2,-5.956250000e-2,-4.640000000e+1,5.645325000e+1,,,
3.879687500e+2,-1.993750000e-2,-4.600312500e+1,5.577600000e+1,,,
3.799843750e+2,1.875000000e-4,-4.640625000e+1,5.510400000e+1,,,
3.840000000e+2,7.812500000e-3,-4.519375000e+1,5.577600000e+1,,,
3.860000000e+2,4.412500000e-2,-4.559687500e+1,5.643750000e+1,,,
3.860000000e+2,4.406250000e-2,-4.600000000e+1,5.778675000e+1,,,
3.880000000e+2,6.412500000e-2,-4.559375000e+1,5.779200000e+1,,,
3.840000000e+2,6.812500000e-2,-4.520000000e+1,5.912025000e+1,,,
3.879687500e+2,8.400000000e-2,-4.559062500e+1,6.115200000e+1,,,
3.860000000e+2,6.812500000e-2,-4.602812500e+1,6.316800000e+1,,,
3.859531250e+2,8.012500000e-2,-4.480000000e+1,6.114675000e+1,,,
3.819687500e+2,7.593750000e-2,-4.640000000e+1,6.385575000e+1,,,
3.840468750e+2,6.384375000e-2,-4.519375000e+1,6.518400000e+1,,,
3.860312500e+2,5.193750000e-2,-4.600625000e+1,6.450675000e+1,,,
3.880156250e+2,4.384375000e-2,-4.520000000e+1,6.585600000e+1,,,
3.879531250e+2,3.196875000e-2,-4.520000000e+1,6.518925000e+1,,,
3.859687500e+2,2.393750000e-2,-4.560312500e+1,6.451725000e+1,,,
3.899218750e+2,1.600000000e-2,-4.440312500e+1,6.316800000e+1,,,
3.900156250e+2,-3.968750000e-3,-4.521250000e+1,6.519975000e+1,,,
3.839687500e+2,-1.603125000e-2,-4.518437500e+1,6.382425000e+1,,,
3.919531250e+2,-3.200000000e-2,-4.440312500e+1,6.182400000e+1,,,
3.880781250e+2,-3.606250000e-2,-4.560312500e+1,6.316800000e+1,,,
3.860000000e+2,-4.371875000e-2,-4.480000000e+1,6.117825000e+1,,,
3.860625000e+2,-6.390625000e-2,-4.560000000e+1,6.048000000e+1,,,
3.900000000e+2,-7.203125000e-2,-4.440000000e+1,6.048000000e+1,,,
3.880156250e+2,-6.800000000e-2,-4.562187500e+1,5.912550000e+1,,,
3.919843750e+2,-8.018750000e-2,-4.640312500e+1,5.846400000e+1,,,
3.859843750e+2,-8.803125000e-2,-4.640000000e+1,5.847975000e+1,,,
3.880156250e+2,-8.796875000e-2,-4.519375000e+1,5.980275000e+1,,,
3.920000000e+2,-8.406250000e-2,-4.439062500e+1,5.714100000e+1,,,
3.819843750e+2,-8.406250000e-2,-4.480312500e+1,5.779200000e+1,,,
3.880000000e+2,-7.984375000e-2,-4.440937500e+1,5.779200000e+1,,,
3.840000000e+2,-6.784375000e-2,-4.600312500e+1,5.710950000e+1,,,
3.860000000e+2,-5.978125000e-2,-4.480000000e+1,5.913600000e+1,,,
3.840000000e+2,-4.393750000e-2,-4.480625000e+1,5.913600000e+1,,,
3.819843750e+2,-3.993750000e-2,-4.480000000e+1,5.779725000e+1,,,
3.860156250e+2,-8.000000000e-3,-4.480625000e+1,5.846400000e+1,,,
3.879843750e+2,-3.937500000e-3,-4.521875000e+1,5.912550000e+1,,,
3.859687500e+2,1.200000000e-2,-4.679062500e+1,5.846400000e+1,,,
3.859843750e+2,2.025000000e-2,-4.438437500e+1,5.981325000e+1,,,
3.860625000e+2,4.009375000e-2,-4.401875000e+1,5.913075000e+1,,,
3.900000000e+2,4.396875000e-2,-4.399375000e+1,6.046425000e+1,,,
3.860000000e+2,5.984375000e-2,-4.356875000e+1,6.249075000e+1,,,
3.900000000e+2,6.400000000e-2,-4.520000000e+1,6.114675000e+1,,,
3.880000000e+2,6.393750000e-2,-4.478437500e+1,6.183450000e+1,,,
3.899843750e+2,6.009375000e-2,-4.360312500e+1,5.980275000e+1,,,
3.860156250e+2,6.790625000e-2,-4.439687500e+1,6.250650000e+1,,,
3.840156250e+2,4.790625000e-2,-4.440000000e+1,6.250125000e+1,,,
3.839375000e+2,4.800000000e-2,-4.439375000e+1,6.249600000e+1,,,
3.879843750e+2,3.996875000e-2,-4.480312500e+1,6.181875000e+1,,,
3.839687500e+2,3.196875000e-2,-4.440312500e+1,6.182400000e+1,,,
3.880781250e+2,1.981250000e-2,-4.440312500e+1,6.182400000e+1,,,
3.919375000e+2,1.193750000e-2,-4.400000000e+1,6.182400000e+1,,,
3.838281250e+2,3.843750000e-3,-4.400937500e+1,6.182400000e+1,,,
3.820781250e+2,-4.406250000e-3,-4.480000000e+1,6.183450000e+1,,,
3.900625000e+2,-1.600000000e-2,-4.442187500e+1,6.048525000e+1,,,
3.880312500e+2,0.000000000e+0,-4.440312500e+1,6.048000000e+1,,,
3.860312500e+2,-8.000000000e-3,-4.520000000e+1,5.980275000e+1,,,
3.840000000e+2,3.968750000e-3,-4.439687500e+1,6.183975000e+1,,,
3.860000000e+2,-8.062500000e-3,-4.440625000e+1,6.044850000e+1,,,
3.840312500e+2,4.281250000e-3,-4.480937500e+1,5.779200000e+1,,,
3.839843750e+2,8.031250000e-3,-4.520312500e+1,5.913600000e+1,,,
3.859218750e+2,1.584375000e-2,-4.401250000e+1,5.914650000e+1,,,
3.900312500e+2,1.596875000e-2,-4.480000000e+1,5.779200000e+1,,,
3.899687500e+2,3.218750000e-2,-4.480312500e+1,5.846400000e+1,,,
3.879843750e+2,4.403125000e-2,-4.400000000e+1,5.779725000e+1,,,
3.859843750e+2,4.812500000e-2,-4.440000000e+1,5.979750000e+1,,,
3.860000000e+2,6.818750000e-2,-4.400000000e+1,5.846400000e+1,,,
3.919843750e+2,7.200000000e-2,-4.479375000e+1,5.778675000e+1,,,
3.819843750e+2,6.800000000e-2,-4.441250000e+1,5.778675000e+1,,,
3.880156250e+2,8.028125000e-2,-4.400312500e+1,5.846400000e+1,,,
3.860000000e+2,9.209375000e-2,-4.439687500e+1,5.846400000e+1,,,
3.860000000e+2,9.625000000e-2,-4.520000000e+1,5.913075000e+1,,,
3.820000000e+2,1.041250000e-1,-4.480000000e+1,5.913075000e+1,,,
3.800000000e+2,1.084687500e-1,-4.520000000e+1,6.182400000e+1,,,
3.819843750e+2,1.280000000e-1,-4.403437500e+1,6.317850000e+1,,,
3.839687500e+2,1.119062500e-1,-4.399687500e+1,6.183450000e+1,,,
3.900000000e+2,1.240312500e-1,-4.479687500e+1,6.182400000e+1,,,
3.839531250e+2,1.199375000e-1,-4.479062500e+1,6.182925000e+1,,,
3.880625000e+2,1.282187500e-1,-4.440625000e+1,6.316800000e+1,,,
3.899375000e+2,1.359687500e-1,-4.520312500e+1,6.249600000e+1,,,
3.840000000e+2,1.279687500e-1,-4.480000000e+1,6.249600000e+1,,,
3.899062500e+2,1.279375000e-1,-4.359687500e+1,5.980800000e+1,,,
3.881406250e+2,1.241250000e-1,-4.560000000e+1,6.110475000e+1,,,
3.820000000e+2,1.160000000e-1,-4.480312500e+1,6.316800000e+1,,,
3.878437500e+2,1.159687500e-1,-4.519375000e+1,6.114675000e+1,,,
3.900781250e+2,1.080937500e-1,-4.400312500e+1,6.181350000e+1,,,
3.860625000e+2,9.600000000e-2,-4.558437500e+1,6.182400000e+1,,,
3.859531250e+2,1.040000000e-1,-4.523437500e+1,6.183450000e+1,,,
3.859843750e+2,9.221875000e-2,-4.479062500e+1,6.047475000e+1,,,
3.860156250e+2,8.800000000e-2,-4.561250000e+1,6.181875000e+1,,,
3.899843750e+2,8.796875000e-2,-4.400937500e+1,6.113625000e+1,,,
3.840000000e+2,9.596875000e-2,-4.640937500e+1,6.047475000e+1,,,
3.900468750e+2,9.200000000e-2,-4.440000000e+1,6.182400000e+1,,,
3.879687500e+2,9.600000000e-2,-4.439062500e+1,6.048000000e+1,,,
3.840000000e+2,9.975000000e-2,-4.519687500e+1,6.116775000e+1,,,
3.879843750e+2,1.040937500e-1,-4.519687500e+1,5.913600000e+1,,,
3.840312500e+2,9.600000000e-2,-4.600312500e+1,5.913075000e+1,,,
3.859843750e+2,1.079062500e-1,-4.558437500e+1,5.846925000e+1,,,
3.879843750e+2,1.119687500e-1,-4.519375000e+1,5.981325000e+1,,,
3.900000000e+2,1.159687500e-1,-4.480000000e+1,5.979225000e+1,,,
3.880312500e+2,1.316562500e-1,-4.519687500e+1,5.913600000e+1,,,
3.880625000e+2,1.437187500e-1,-4.600000000e+1,6.048000000e+1,,,
3.919843750e+2,1.561250000e-1,-4.480000000e+1,6.113625000e+1,,,
3.859687500e+2,1.400000000e-1,-4.521250000e+1,5.980800000e+1,,,
3.840000000e+2,1.560000000e-1,-4.519375000e+1,6.115200000e+1,,,
3.860156250e+2,1.520000000e-1,-4.480000000e+1,6.046950000e+1,,,
3.900156250e+2,1.599687500e-1,-4.560312500e+1,6.048525000e+1,,,
3.820000000e+2,1.561250000e-1,-4.519375000e+1,6.114675000e+1,,,
3.860000000e+2,1.559687500e-1,-4.560937500e+1,6.182400000e+1,,,
3.840156250e+2,1.560000000e-1,-4.440625000e+1,6.249600000e+1,,,
3.819687500e+2,1.560000000e-1,-4.640937500e+1,6.182925000e+1,,,
3.900000000e+2,1.559687500e-1,-4.519687500e+1,6.115200000e+1,,,
3.860000000e+2,1.639687500e-1,-4.560625000e+1,6.182925000e+1,,,
3.880156250e+2,1.520000000e-1,-4.520312500e+1,6.249075000e+1,,,
3.840000000e+2,1.520000000e-1,-4.480312500e+1,6.181350000e+1,,,
3.880156250e+2,1.441875000e-1,-4.480000000e+1,5.981850000e+1,,,
3.800000000e+2,1.360000000e-1,-4.521875000e+1,6.182400000e+1,,,
3.880625000e+2,1.400000000e-1,-4.599687500e+1,5.979750000e+1,,,
3.859843750e+2,1.400000000e-1,-4.520312500e+1,6.186075000e+1,,,
3.840156250e+2,1.400312500e-1,-4.599687500e+1,6.182925000e+1,,,
3.820000000e+2,1.321562500e-1,-4.480000000e+1,6.047475000e+1,,,
3.839843750e+2,1.319375000e-1,-4.559687500e+1,6.182400000e+1,,,
3.800000000e+2,1.358750000e-1,-4.399375000e+1,6.048000000e+1,,,
3.839687500e+2,1.400625000e-1,-4.480312500e+1,5.913600000e+1,,,
3.820000000e+2,1.200000000e-1,-4.480000000e+1,5.981325000e+1,,,
3.819218750e+2,1.320000000e-1,-4.561562500e+1,6.115200000e+1,,,
3.879843750e+2,1.280000000e-1,-4.600000000e+1,6.048000000e+1,,,
3.840156250e+2,1.232500000e-1,-4.562812500e+1,5.916750000e+1,,,
3.859687500e+2,1.400000000e-1,-4.520000000e+1,5.645850000e+1,,,
3.820156250e+2,1.119687500e-1,-4.600000000e+1,6.180300000e+1,,,
3.880000000e+2,1.360937500e-1,-4.520000000e+1,6.112050000e+1,,,
3.840156250e+2,1.400000000e-1,-4.561875000e+1,6.048000000e+1,,,
3.899687500e+2,1.359687500e-1,-4.639062500e+1,6.115200000e+1,,,
3.819843750e+2,1.360000000e-1,-4.479687500e+1,5.981850000e+1,,,
3.879375000e+2,1.399375000e-1,-4.600000000e+1,5.848500000e+1,,,
3.840937500e+2,1.440312500e-1,-4.479375000e+1,6.182925000e+1,,,
3.820000000e+2,1.440312500e-1,-4.560312500e+1,5.977125000e+1,,,
3.840000000e+2,1.519062500e-1,-4.557187500e+1,5.846925000e+1,,,
3.820000000e+2,1.640625000e-1,-4.523125000e+1,6.049575000e+1,,,
3.859687500e+2,1.720312500e-1,-4.680000000e+1,6.249600000e+1,,,
3.859375000e+2,1.559687500e-1,-4.445937500e+1,5.980275000e+1,,,
3.899687500e+2,1.719687500e-1,-4.441562500e+1,6.115200000e+1,,,
3.839843750e+2,1.640000000e-1,-4.520312500e+1,6.115200000e+1,,,
3.880468750e+2,1.600000000e-1,-4.480000000e+1,6.114150000e+1,,,
3.900000000e+2,1.519687500e-1,-4.480625000e+1,5.980800000e+1,,,
3.880156250e+2,1.560000000e-1,-4.560000000e+1,6.115200000e+1,,,
3.860000000e+2,1.600937500e-1,-4.520312500e+1,5.979750000e+1,,,
3.820000000e+2,1.440000000e-1,-4.559687500e+1,6.115200000e+1,,,
3.819843750e+2,1.519375000e-1,-4.520625000e+1,6.182400000e+1,,,
3.839843750e+2,1.440000000e-1,-4.440625000e+1,6.115200000e+1,,,
3.840000000e+2,1.439687500e-1,-4.401250000e+1,6.048000000e+1,,,
3.839687500e+2,1.479062500e-1,-4.560000000e+1,6.114150000e+1,,,
3.899687500e+2,1.319687500e-1,-4.480625000e+1,6.048525000e+1,,,
3.900625000e+2,1.439062500e-1,-4.400625000e+1,5.913600000e+1,,,
3.820156250e+2,1.360625000e-1,-4.400312500e+1,6.048000000e+1,,,
3.860000000e+2,1.359687500e-1,-4.480000000e+1,6.115200000e+1,,,
3.879531250e+2,1.320000000e-1,-4.482500000e+1,6.044325000e+1,,,
3.820000000e+2,1.280000000e-1,-4.599375000e+1,5.845350000e+1,,,
3.860000000e+2,1.320312500e-1,-4.439375000e+1,5.915175000e+1,,,
3.799843750e+2,1.359687500e-1,-4.521562500e+1,6.049050000e+1,,,
3.839843750e+2,1.400312500e-1,-4.527500000e+1,6.183450000e+1,,,
3.820000000e+2,1.360000000e-1,-4.359687500e+1,6.047475000e+1,,,
3.839531250e+2,1.439687500e-1,-4.561250000e+1,6.181875000e+1,,,
3.920625000e+2,1.440000000e-1,-4.479687500e+1,5.914125000e+1,,,
3.800468750e+2,1.440000000e-1,-4.440000000e+1,6.045375000e+1,,,
3.879218750e+2,1.519687500e-1,-4.480000000e+1,6.115200000e+1,,,
3.840625000e+2,1.520625000e-1,-4.520312500e+1,5.982900000e+1,,,
3.880312500e+2,1.520000000e-1,-4.518125000e+1,5.913600000e+1,,,
3.859531250e+2,1.600000000e-1,-4.599687500e+1,5.981850000e+1,,,
3.860000000e+2,1.519375000e-1,-4.439062500e+1,6.181350000e+1,,,
3.860468750e+2,1.560625000e-1,-4.480000000e+1,6.182400000e+1,,,
3.879062500e+2,1.599375000e-1,-4.520000000e+1,6.181350000e+1,,,
3.799843750e+2,1.560000000e-1,-4.479062500e+1,6.048000000e+1,,,
3.860468750e+2,1.639062500e-1,-4.438125000e+1,6.183450000e+1,,,
3.840312500e+2,1.640312500e-1,-4.520000000e+1,5.912550000e+1,,,
3.840000000e+2,1.640000000e-1,-4.479687500e+1,5.913600000e+1,,,
3.839375000e+2,1.640000000e-1,-4.520625000e+1,6.048000000e+1,,,
3.880312500e+2,1.639687500e-1,-4.520000000e+1,6.113100000e+1,,,
3.820156250e+2,1.560000000e-1,-4.479062500e+1,5.980800000e+1,,,
3.878750000e+2,1.638750000e-1,-4.440000000e+1,6.182400000e+1,,,
3.899843750e+2,1.720312500e-1,-4.519375000e+1,5.912550000e+1,,,
3.899843750e+2,1.640312500e-1,-4.520000000e+1,5.980800000e+1,,,
3.900156250e+2,1.640000000e-1,-4.479687500e+1,6.182400000e+1,,,
3.899843750e+2,1.680312500e-1,-4.440000000e+1,6.114150000e+1,,,
3.859687500e+2,1.720000000e-1,-4.480937500e+1,5.980275000e+1,,,
3.840000000e+2,1.720000000e-1,-4.520000000e+1,6.048000000e+1,,,
3.839843750e+2,1.561250000e-1,-4.480937500e+1,5.980275000e+1,,,
3.820000000e+2,1.600000000e-1,-4.480000000e+1,6.182925000e+1,,,
3.859843750e+2,1.640312500e-1,-4.480000000e+1,6.117825000e+1,,,
3.859843750e+2,1.679062500e-1,-4.439687500e+1,5.913600000e+1,,,
3.880000000e+2,1.559062500e-1,-4.560625000e+1,6.115725000e+1,,,
3.860000000e+2,1.561250000e-1,-4.519062500e+1,6.048000000e+1,,,
3.880156250e+2,1.639375000e-1,-4.480312500e+1,6.113625000e+1,,,
3.820312500e+2,1.558750000e-1,-4.475937500e+1,6.186600000e+1,,,
3.840000000e+2,1.679687500e-1,-4.559375000e+1,5.980275000e+1,,,
3.860000000e+2,1.600000000e-1,-4.399062500e+1,6.250125000e+1,,,
3.800156250e+2,1.680312500e-1,-4.441562500e+1,6.113100000e+1,,,
3.880468750e+2,1.678437500e-1,-4.520625000e+1,6.181875000e+1,,,
3.839375000e+2,1.600000000e-1,-4.520000000e+1,5.980800000e+1,,,
3.820156250e+2,1.719062500e-1,-4.520312500e+1,6.048000000e+1,,,
3.880000000e+2,1.759687500e-1,-4.479375000e+1,6.048000000e+1,,,
3.880000000e+2,1.800000000e-1,-4.439687500e+1,5.913600000e+1,,,
3.900000000e+2,1.799687500e-1,-4.560000000e+1,6.049050000e+1,,,
3.820156250e+2,1.720000000e-1,-4.479062500e+1,6.048000000e+1,,,
3.839375000e+2,1.800937500e-1,-4.480312500e+1,6.047475000e+1,,,
3.859843750e+2,1.800000000e-1,-4.519687500e+1,6.115200000e+1,,,
3.859843750e+2,1.800625000e-1,-4.520312500e+1,6.048000000e+1,,,
3.859062500e+2,1.800937500e-1,-4.480312500e+1,6.114675000e+1,,,
3.820781250e+2,1.919687500e-1,-4.479375000e+1,6.182400000e+1,,,
3.920312500e+2,1.799062500e-1,-4.639687500e+1,6.114675000e+1,,,
3.838750000e+2,1.839687500e-1,-4.438437500e+1,6.114675000e+1,,,
3.840000000e+2,1.759375000e-1,-4.480000000e+1,6.249600000e+1,,,
3.820156250e+2,1.841875000e-1,-4.560000000e+1,6.049050000e+1,,,
3.859375000e+2,1.960312500e-1,-4.520000000e+1,6.048000000e+1,,,
3.860156250e+2,1.760000000e-1,-4.559375000e+1,6.048000000e+1,,,
3.840156250e+2,1.719375000e-1,-4.559375000e+1,5.914125000e+1,,,
3.799531250e+2,1.760312500e-1,-4.439062500e+1,6.115200000e+1,,,
3.899531250e+2,1.800312500e-1,-4.480312500e+1,5.980800000e+1,,,
3.880312500e+2,1.799687500e-1,-4.519687500e+1,6.182400000e+1,,,
3.899375000e+2,1.721875000e-1,-4.361562500e+1,5.983950000e+1,,,
3.879531250e+2,1.719062500e-1,-4.440000000e+1,5.913075000e+1,,,
3.880312500e+2,1.960625000e-1,-4.520000000e+1,6.046425000e+1,,,
3.900156250e+2,1.918125000e-1,-4.559687500e+1,5.779200000e+1,,,
3.879218750e+2,1.838437500e-1,-4.520000000e+1,6.113625000e+1,,,
3.820156250e+2,1.801250000e-1,-4.520000000e+1,6.113625000e+1,,,
3.920156250e+2,1.960937500e-1,-4.519687500e+1,6.047475000e+1,,,
3.880000000e+2,1.962187500e-1,-4.439375000e+1,5.981325000e+1,,,
3.879843750e+2,1.880000000e-1,-4.520000000e+1,5.980800000e+1,,,
3.840000000e+2,1.920000000e-1,-4.480000000e+1,6.048000000e+1,,,
3.860000000e+2,1.879375000e-1,-4.560312500e+1,5.979750000e+1,,,
3.820000000e+2,1.921875000e-1,-4.520000000e+1,6.115200000e+1,,,
3.860000000e+2,2.000000000e-1,-4.520625000e+1,5.980800000e+1,,,
3.860156250e+2,1.919062500e-1,-4.522187500e+1,5.979225000e+1,,,
3.860000000e+2,1.880000000e-1,-4.439687500e+1,6.048000000e+1,,,
3.880156250e+2,1.880000000e-1,-4.519687500e+1,6.115200000e+1,,,
3.859218750e+2,1.880000000e-1,-4.399687500e+1,6.047475000e+1,,,
3.819843750e+2,1.920937500e-1,-4.521250000e+1,5.983425000e+1,,,
3.861406250e+2,1.960000000e-1,-4.518125000e+1,6.253275000e+1,,,
3.899843750e+2,1.959687500e-1,-4.439375000e+1,6.183450000e+1,,,
3.820000000e+2,1.998750000e-1,-4.476250000e+1,5.914650000e+1,,,
3.800156250e+2,2.080000000e-1,-4.560000000e+1,5.914125000e+1,,,
3.859687500e+2,2.039687500e-1,-4.519062500e+1,6.114150000e+1,,,
3.860156250e+2,2.120937500e-1,-4.440312500e+1,6.115200000e+1,,,
3.879843750e+2,2.119062500e-1,-4.479687500e+1,6.047475000e+1,,,
3.880156250e+2,2.039062500e-1,-4.560312500e+1,5.980275000e+1,,,
3.879375000e+2,2.000000000e-1,-4.560937500e+1,6.048000000e+1,,,
3.898281250e+2,2.080937500e-1,-4.482187500e+1,6.049575000e+1,,,
3.779062500e+2,2.119375000e-1,-4.400312500e+1,6.250125000e+1,,,
3.840781250e+2,2.039062500e-1,-4.439687500e+1,5.916225000e+1,,,
3.860156250e+2,2.081250000e-1,-4.480000000e+1,6.048000000e+1,,,
3.859218750e+2,2.119687500e-1,-4.439687500e+1,6.182400000e+1,,,
3.820156250e+2,2.036875000e-1,-4.440312500e+1,6.051150000e+1,,,
3.880625000e+2,1.960000000e-1,-4.398437500e+1,5.912550000e+1,,,
3.880312500e+2,2.080000000e-1,-4.520625000e+1,6.048000000e+1,,,
3.860312500e+2,2.040000000e-1,-4.520000000e+1,5.914125000e+1,,,
3.859843750e+2,2.119687500e-1,-4.520000000e+1,5.914650000e+1,,,
3.899843750e+2,1.999062500e-1,-4.519687500e+1,6.049050000e+1,,,
3.880468750e+2,2.040937500e-1,-4.480000000e+1,6.115200000e+1,,,
3.879375000e+2,2.040312500e-1,-4.480000000e+1,5.980800000e+1,,,
3.920312500e+2,2.118437500e-1,-4.480625000e+1,6.115200000e+1,,,
3.859531250e+2,2.119375000e-1,-4.480000000e+1,5.980275000e+1,,,
3.880312500e+2,2.079062500e-1,-4.520000000e+1,6.115200000e+1,,,
3.859375000e+2,2.082187500e-1,-4.480000000e+1,5.913600000e+1,,,
3.820156250e+2,2.240625000e-1,-4.480937500e+1,6.179775000e+1,,,
3.900000000e+2,2.158437500e-1,-4.560312500e+1,6.115200000e+1,,,
3.839687500e+2,2.159687500e-1,-4.442500000e+1,5.912550000e+1,,,
3.840000000e+2,2.240000000e-1,-4.438125000e+1,5.911500000e+1,,,
3.860000000e+2,2.200312500e-1,-4.599375000e+1,6.114675000e+1,,,
3.840000000e+2,2.279687500e-1,-4.520625000e+1,5.980800000e+1,,,
3.840000000e+2,2.200937500e-1,-4.439687500e+1,5.980275000e+1,,,
3.860000000e+2,2.319062500e-1,-4.480625000e+1,6.115200000e+1,,,
3.839843750e+2,2.158437500e-1,-4.560000000e+1,6.115200000e+1,,,
3.819687500e+2,2.240000000e-1,-4.482500000e+1,6.250650000e+1,,,
3.899843750e+2,2.159687500e-1,-4.440312500e+1,6.049050000e+1,,,
3.840000000e+2,2.200000000e-1,-4.439687500e+1,6.116250000e+1,,,
3.880156250e+2,2.160312500e-1,-4.559062500e+1,6.114675000e+1,,,
3.880156250e+2,2.321875000e-1,-4.399375000e+1,6.048000000e+1,,,
3.919843750e+2,2.319062500e-1,-4.520312500e+1,6.048525000e+1,,,
3.859531250e+2,2.320312500e-1,-4.480000000e+1,6.115200000e+1,,,
3.859531250e+2,2.361250000e-1,-4.440000000e+1,6.115200000e+1,,,
3.860781250e+2,2.280312500e-1,-4.520000000e+1,6.116775000e+1,,,
3.800312500e+2,2.319687500e-1,-4.480000000e+1,5.980800000e+1,,,
3.838281250e+2,2.280312500e-1,-4.519687500e+1,6.115200000e+1,,,
3.880312500e+2,2.319375000e-1,-4.399687500e+1,5.982375000e+1,,,
3.859218750e+2,2.399062500e-1,-4.438750000e+1,6.048000000e+1,,,
3.900000000e+2,2.400625000e-1,-4.480625000e+1,6.315225000e+1,,,
3.839531250e+2,2.399687500e-1,-4.440312500e+1,6.187650000e+1,,,
3.860156250e+2,2.400000000e-1,-4.479687500e+1,5.913600000e+1,,,
3.900000000e+2,2.360000000e-1,-4.520312500e+1,6.183450000e+1,,,
3.859531250e+2,2.359687500e-1,-4.519375000e+1,6.048000000e+1,,,
3.800156250e+2,2.400000000e-1,-4.440000000e+1,6.182400000e+1,,,
3.880312500e+2,2.400000000e-1,-4.479375000e+1,5.980800000e+1,,,
3.880000000e+2,2.402500000e-1,-4.557812500e+1,6.043800000e+1,,,
3.821093750e+2,2.319687500e-1,-4.560625000e+1,6.115200000e+1,,,
3.799531250e+2,2.399375000e-1,-4.439062500e+1,6.046425000e+1,,,
3.859843750e+2,2.360625000e-1,-4.442812500e+1,6.050100000e+1,,,
3.839843750e+2,2.359687500e-1,-4.561875000e+1,6.181875000e+1,,,
3.899687500e+2,2.399687500e-1,-4.559062500e+1,5.979225000e+1,,,
3.860468750e+2,2.438750000e-1,-4.520000000e+1,5.913600000e+1,,,
3.860000000e+2,2.480000000e-1,-4.600312500e+1,5.913600000e+1,,,
3.860468750e+2,2.440937500e-1,-4.600000000e+1,6.183975000e+1,,,
3.899843750e+2,2.399375000e-1,-4.519375000e+1,6.180300000e+1,,,
3.840156250e+2,2.560000000e-1,-4.520000000e+1,5.980800000e+1,,,
3.920000000e+2,2.520000000e-1,-4.480000000e+1,6.047475000e+1,,,
3.860312500e+2,2.560937500e-1,-4.561250000e+1,5.982900000e+1,,,
3.820000000e+2,2.400312500e-1,-4.562187500e+1,6.249600000e+1,,,
3.860000000e+2,2.558437500e-1,-4.480312500e+1,5.980800000e+1,,,
3.820156250e+2,2.560000000e-1,-4.520312500e+1,6.115200000e+1,,,
3.799843750e+2,2.520000000e-1,-4.520625000e+1,6.048525000e+1,,,
3.860000000e+2,2.520312500e-1,-4.559687500e+1,5.980800000e+1,,,
3.880000000e+2,2.440000000e-1,-4.440000000e+1,5.981325000e+1,,,
3.860937500e+2,2.520000000e-1,-4.520000000e+1,6.110475000e+1,,,
3.800000000e+2,2.560000000e-1,-4.439687500e+1,6.248550000e+1,,,
3.859843750e+2,2.558750000e-1,-4.560625000e+1,5.845350000e+1,,,
3.820000000e+2,2.640000000e-1,-4.478750000e+1,6.115725000e+1,,,
3.880312500e+2,2.520000000e-1,-4.480000000e+1,5.978700000e+1,,,
3.859843750e+2,2.479375000e-1,-4.440000000e+1,5.981850000e+1,,,
3.860000000e+2,2.640000000e-1,-4.480625000e+1,6.047475000e+1,,,
3.860000000e+2,2.520625000e-1,-4.481250000e+1,6.048525000e+1,,,
3.819843750e+2,2.638437500e-1,-4.440000000e+1,5.980800000e+1,,,
3.839687500e+2,2.600937500e-1,-4.480625000e+1,6.048000000e+1,,,
3.879375000e+2,2.559687500e-1,-4.480000000e+1,6.115200000e+1,,,
3.920156250e+2,2.640000000e-1,-4.440000000e+1,6.048000000e+1,,,
3.839531250e+2,2.600000000e-1,-4.480000000e+1,6.115200000e+1,,,
3.940000000e+2,2.560000000e-1,-4.440000000e+1,6.182400000e+1,,,
3.820937500e+2,2.638125000e-1,-4.520625000e+1,6.117825000e+1,,,
3.860781250e+2,2.600000000e-1,-4.440000000e+1,5.846400000e+1,,,
3.859843750e+2,2.560312500e-1,-4.520625000e+1,6.114150000e+1,,,
3.860000000e+2,2.680625000e-1,-4.479687500e+1,6.114675000e+1,,,
3.859687500e+2,2.759687500e-1,-4.440625000e+1,6.114675000e+1,,,
3.840000000e+2,2.639375000e-1,-4.520000000e+1,5.980800000e+1,,,
3.860156250e+2,2.639062500e-1,-4.478125000e+1,6.114675000e+1,,,
3.860156250e+2,2.680312500e-1,-4.560000000e+1,6.046950000e+1,,,
3.859531250e+2,2.600625000e-1,-4.400625000e+1,6.048000000e+1,,,
3.880156250e+2,2.599375000e-1,-4.640312500e+1,6.046950000e+1,,,
3.820156250e+2,2.679687500e-1,-4.475312500e+1,6.049575000e+1,,,
3.839375000e+2,2.680000000e-1,-4.483125000e+1,6.250125000e+1,,,
3.880156250e+2,2.679687500e-1,-4.560000000e+1,6.182400000e+1,,,
3.840312500e+2,2.715625000e-1,-4.481875000e+1,5.980800000e+1,,,
3.860468750e+2,2.840000000e-1,-4.480312500e+1,6.182400000e+1,,,
3.859843750e+2,2.680000000e-1,-4.480000000e+1,5.979750000e+1,,,
3.820312500e+2,2.800000000e-1,-4.480000000e+1,5.914125000e+1,,,
3.900000000e+2,2.800000000e-1,-4.400000000e+1,6.046950000e+1,,,
3.840156250e+2,2.800000000e-1,-4.480000000e+1,6.114675000e+1,,,
3.860000000e+2,2.800625000e-1,-4.519687500e+1,6.180825000e+1,,,
3.880000000e+2,2.720000000e-1,-4.561250000e+1,5.913600000e+1,,,
3.820156250e+2,2.799062500e-1,-4.440312500e+1,6.046950000e+1,,,
3.840000000e+2,2.840000000e-1,-4.520000000e+1,5.980800000e+1,,,
3.820000000e+2,2.800312500e-1,-4.479687500e+1,6.047475000e+1,,,
3.839687500e+2,2.720000000e-1,-4.480000000e+1,6.114150000e+1,,,
3.840000000e+2,2.800312500e-1,-4.480000000e+1,6.182925000e+1,,,
3.819843750e+2,2.799687500e-1,-4.479687500e+1,5.983950000e+1,,,
3.859843750e+2,2.840312500e-1,-4.480000000e+1,5.980800000e+1,,,
3.840000000e+2,2.760312500e-1,-4.480000000e+1,6.116775000e+1,,,
3.840156250e+2,2.840000000e-1,-4.560312500e+1,6.111525000e+1,,,
3.860156250e+2,2.879687500e-1,-4.477500000e+1,5.981325000e+1,,,
3.859687500e+2,2.760000000e-1,-4.440625000e+1,6.183975000e+1,,,
3.840156250e+2,2.919375000e-1,-4.480312500e+1,6.114150000e+1,,,
3.879843750e+2,2.922812500e-1,-4.440937500e+1,6.115200000e+1,,,
3.860000000e+2,2.840000000e-1,-4.440312500e+1,6.048000000e+1,,,
3.880156250e+2,2.879687500e-1,-4.400625000e+1,5.980275000e+1,,,
3.820468750e+2,2.880000000e-1,-4.480000000e+1,5.913600000e+1,,,
3.839218750e+2,2.920000000e-1,-4.360000000e+1,5.979225000e+1,,,
3.879531250e+2,2.920312500e-1,-4.520000000e+1,6.182400000e+1,,,
3.860937500e+2,2.840625000e-1,-4.360625000e+1,6.183450000e+1,,,
3.799062500e+2,2.840000000e-1,-4.516250000e+1,6.115725000e+1,,,
3.801250000e+2,2.880000000e-1,-4.520000000e+1,6.048000000e+1,,,
3.880312500e+2,2.839375000e-1,-4.479062500e+1,6.114675000e+1,,,
3.859375000e+2,2.880937500e-1,-4.440000000e+1,6.182400000e+1,,,
3.839375000e+2,2.959062500e-1,-4.600000000e+1,6.113625000e+1,,,
3.820000000e+2,2.840000000e-1,-4.438437500e+1,6.047475000e+1,,,
3.860156250e+2,2.959062500e-1,-4.476875000e+1,6.251700000e+1,,,
3.899218750e+2,2.881250000e-1,-4.520000000e+1,5.913075000e+1,,,
3.940625000e+2,2.879375000e-1,-4.519687500e+1,6.115200000e+1,,,
3.860000000e+2,3.000312500e-1,-4.439375000e+1,5.980800000e+1,,,
3.919687500e+2,2.959375000e-1,-4.440625000e+1,6.115725000e+1,,,
3.841250000e+2,2.880000000e-1,-4.520625000e+1,5.980275000e+1,,,
3.818593750e+2,2.919062500e-1,-4.520000000e+1,5.979750000e+1,,,
3.900000000e+2,2.999375000e-1,-4.560312500e+1,6.048000000e+1,,,
3.819375000e+2,2.960312500e-1,-4.439687500e+1,6.048000000e+1,,,
3.820156250e+2,2.880000000e-1,-4.440937500e+1,6.048000000e+1,,,
3.820000000e+2,3.000000000e-1,-4.560000000e+1,5.913075000e+1,,,
3.840156250e+2,2.920000000e-1,-4.561250000e+1,5.981325000e+1,,,
3.860000000e+2,3.040000000e-1,-4.680000000e+1,6.048000000e+1,,,
3.860000000e+2,2.961562500e-1,-4.524062500e+1,6.048000000e+1,,,
3.860312500e+2,2.960000000e-1,-4.520000000e+1,6.048000000e+1,,,
3.880156250e+2,3.000000000e-1,-4.560000000e+1,6.115725000e+1,,,
3.820000000e+2,2.960000000e-1,-4.480000000e+1,5.980800000e+1,,,
3.860000000e+2,3.040937500e-1,-4.600937500e+1,6.048000000e+1,,,
3.840000000e+2,3.078750000e-1,-4.558750000e+1,5.980800000e+1,,,
3.860156250e+2,3.000625000e-1,-4.520000000e+1,5.978700000e+1,,,
3.800625000e+2,3.120625000e-1,-4.557812500e+1,6.183975000e+1,,,
3.800000000e+2,2.960000000e-1,-4.559062500e+1,5.980800000e+1,,,
3.880000000e+2,3.080625000e-1,-4.480000000e+1,6.114675000e+1,,,
3.840000000e+2,3.120000000e-1,-4.561875000e+1,5.910975000e+1,,,
3.900312500e+2,3.079375000e-1,-4.597500000e+1,6.050100000e+1,,,
3.859531250e+2,3.080312500e-1,-4.480000000e+1,6.115200000e+1,,,
3.840156250e+2,3.120000000e-1,-4.520312500e+1,5.980800000e+1,,,
3.900000000e+2,3.119687500e-1,-4.440000000e+1,6.182400000e+1,,,
3.840000000e+2,3.159687500e-1,-4.520000000e+1,5.913600000e+1,,,
3.860000000e+2,3.039062500e-1,-4.480000000e+1,6.115200000e+1,,,
3.860000000e+2,2.960312500e-1,-4.560000000e+1,5.913600000e+1,,,
3.860000000e+2,3.081875000e-1,-4.480000000e+1,6.114675000e+1,,,
3.840468750e+2,3.160312500e-1,-4.519062500e+1,5.980800000e+1,,,
3.820000000e+2,3.159062500e-1,-4.561562500e+1,6.115200000e+1,,,
3.861406250e+2,3.200000000e-1,-4.480000000e+1,5.981325000e+1,,,
3.920000000e+2,3.159687500e-1,-4.559687500e+1,5.981325000e+1,,,
3.879218750e+2,3.159687500e-1,-4.559375000e+1,6.115200000e+1,,,
3.859843750e+2,3.119687500e-1,-4.520000000e+1,5.980800000e+1,,,
3.839531250e+2,3.160937500e-1,-4.520000000e+1,6.115200000e+1,,,
3.799687500e+2,3.200625000e-1,-4.520000000e+1,6.115200000e+1,,,
3.818750000e+2,3.240312500e-1,-4.520312500e+1,6.048525000e+1,,,
3.879531250e+2,3.120000000e-1,-4.481250000e+1,5.913600000e+1,,,
3.860156250e+2,3.118437500e-1,-4.400937500e+1,6.050100000e+1,,,
3.840000000e+2,3.239062500e-1,-4.560937500e+1,6.181875000e+1,,,
3.840000000e+2,3.120625000e-1,-4.480000000e+1,5.980800000e+1,,,
3.859375000e+2,3.360312500e-1,-4.560000000e+1,5.980800000e+1,,,
3.900312500e+2,3.203437500e-1,-4.439375000e+1,6.116250000e+1,,,
3.859687500e+2,3.120312500e-1,-4.600000000e+1,5.913600000e+1,,,
3.879843750e+2,3.080625000e-1,-4.480000000e+1,6.049050000e+1,,,
3.839687500e+2,3.320625000e-1,-4.561562500e+1,5.980275000e+1,,,
3.860156250e+2,3.198750000e-1,-4.559687500e+1,5.913075000e+1,,,
3.860000000e+2,3.280625000e-1,-4.440000000e+1,6.116250000e+1,,,
3.859843750e+2,3.280312500e-1,-4.400000000e+1,6.047475000e+1,,,
3.840000000e+2,3.359375000e-1,-4.440937500e+1,5.978700000e+1,,,
3.840156250e+2,3.279062500e-1,-4.400000000e+1,6.182400000e+1,,,
3.880000000e+2,3.280937500e-1,-4.480312500e+1,6.048000000e+1,,,
3.880000000e+2,3.319687500e-1,-4.479687500e+1,5.979750000e+1,,,
3.860000000e+2,3.280000000e-1,-4.520000000e+1,6.048000000e+1,,,
3.880000000e+2,3.319375000e-1,-4.520625000e+1,5.980800000e+1,,,
3.880156250e+2,3.238750000e-1,-4.599687500e+1,5.981850000e+1,,,
3.859843750e+2,3.280000000e-1,-4.520937500e+1,5.913600000e+1,,,
3.860312500e+2,3.480312500e-1,-4.480000000e+1,6.117300000e+1,,,
3.900156250e+2,3.357812500e-1,-4.481562500e+1,6.181875000e+1,,,
3.879375000e+2,3.281562500e-1,-4.560000000e+1,5.977125000e+1,,,
3.859375000e+2,3.440625000e-1,-4.478437500e+1,5.983950000e+1,,,
3.840000000e+2,3.359062500e-1,-4.480312500e+1,6.181350000e+1,,,
3.880000000e+2,3.398750000e-1,-4.479687500e+1,6.182400000e+1,,,
3.879843750e+2,3.440000000e-1,-4.480000000e+1,6.114675000e+1,,,
3.860312500e+2,3.399062500e-1,-4.440625000e+1,6.113100000e+1,,,
3.800156250e+2,3.360937500e-1,-4.520312500e+1,6.183450000e+1,,,
3.839531250e+2,3.480312500e-1,-4.400312500e+1,5.845350000e+1,,,
3.900156250e+2,3.399062500e-1,-4.480625000e+1,5.912550000e+1,,,
3.840312500e+2,3.400000000e-1,-4.520312500e+1,6.113100000e+1,,,
3.859687500e+2,3.399375000e-1,-4.480625000e+1,6.249075000e+1,,,
3.820468750e+2,3.400625000e-1,-4.480000000e+1,6.049050000e+1,,,
3.900468750e+2,3.520312500e-1,-4.480312500e+1,5.914125000e+1,,,
3.879218750e+2,3.439062500e-1,-4.440000000e+1,5.980800000e+1,,,
3.859531250e+2,3.482187500e-1,-4.480625000e+1,6.249075000e+1,,,
3.839843750e+2,3.519062500e-1,-4.519687500e+1,6.049050000e+1,,,
3.840156250e+2,3.440000000e-1,-4.561562500e+1,6.115725000e+1,,,
3.859687500e+2,3.440000000e-1,-4.480000000e+1,5.913600000e+1,,,
3.860625000e+2,3.480000000e-1,-4.520000000e+1,5.980275000e+1,,,
3.800156250e+2,3.560000000e-1,-4.480312500e+1,5.980275000e+1,,,
3.819687500e+2,3.519687500e-1,-4.560937500e+1,5.980275000e+1,,,
3.879687500e+2,3.518750000e-1,-4.519687500e+1,5.980800000e+1,,,
3.860312500e+2,3.440000000e-1,-4.480312500e+1,6.048000000e+1,,,
3.860312500e+2,3.518437500e-1,-4.439375000e+1,6.049575000e+1,,,
3.840468750e+2,3.479062500e-1,-4.480000000e+1,5.846925000e+1,,,
3.900156250e+2,3.440000000e-1,-4.440000000e+1,5.980800000e+1,,,
3.859531250e+2,3.521875000e-1,-4.480625000e+1,6.115725000e+1,,,
3.860000000e+2,3.600625000e-1,-4.559375000e+1,6.116250000e+1,,,
3.860000000e+2,3.598437500e-1,-4.479687500e+1,5.913600000e+1,,,
3.859843750e+2,3.480000000e-1,-4.600000000e+1,5.913600000e+1,,,
3.820000000e+2,3.561562500e-1,-4.481250000e+1,5.979750000e+1,,,
3.860156250e+2,3.599687500e-1,-4.519375000e+1,6.049050000e+1,,,
3.880000000e+2,3.558437500e-1,-4.520312500e+1,5.913600000e+1,,,
3.860000000e+2,3.520625000e-1,-4.479687500e+1,6.115200000e+1,,,
3.860000000e+2,3.602812500e-1,-4.480000000e+1,5.848500000e+1,,,
3.860000000e+2,3.638437500e-1,-4.480000000e+1,5.980800000e+1,,,
3.880000000e+2,3.600000000e-1,-4.479375000e+1,6.178725000e+1,,,
3.860000000e+2,3.719375000e-1,-4.480312500e+1,6.250650000e+1,,,
3.860000000e+2,3.559687500e-1,-4.400000000e+1,6.046425000e+1,,,
3.819687500e+2,3.681250000e-1,-4.481250000e+1,5.981850000e+1,,,
3.840625000e+2,3.720000000e-1,-4.479687500e+1,6.048000000e+1,,,
3.899687500e+2,3.718750000e-1,-4.480000000e+1,5.981325000e+1,,,
3.860312500e+2,3.680312500e-1,-4.480000000e+1,6.182400000e+1,,,
3.940000000e+2,3.800000000e-1,-4.440000000e+1,6.115200000e+1,,,
3.841406250e+2,3.681250000e-1,-4.480000000e+1,6.247500000e+1,,,
3.839843750e+2,3.719062500e-1,-4.519375000e+1,6.249600000e+1,,,
3.839531250e+2,3.720312500e-1,-4.640625000e+1,6.114150000e+1,,,
3.898750000e+2,3.719687500e-1,-4.639687500e+1,6.048000000e+1,,,
3.900937500e+2,3.759375000e-1,-4.560625000e+1,5.980800000e+1,,,
3.879375000e+2,3.760312500e-1,-4.560312500e+1,6.046425000e+1,,,
3.879375000e+2,3.760000000e-1,-4.520312500e+1,6.181875000e+1,,,
3.779843750e+2,3.760000000e-1,-4.480000000e+1,6.115725000e+1,,,
3.860312500e+2,3.759687500e-1,-4.480312500e+1,6.049050000e+1,,,
3.880000000e+2,3.799687500e-1,-4.439375000e+1,6.249075000e+1,,,
3.879843750e+2,3.800000000e-1,-4.400000000e+1,6.115200000e+1,,,
3.880000000e+2,3.840000000e-1,-4.520000000e+1,6.115200000e+1,,,
3.880000000e+2,3.764375000e-1,-4.402812500e+1,6.118350000e+1,,,
3.901250000e+2,3.718437500e-1,-4.440000000e+1,6.048000000e+1,,,
3.800000000e+2,3.839687500e-1,-4.439375000e+1,6.112050000e+1,,,
3.879687500e+2,3.760312500e-1,-4.444375000e+1,5.848500000e+1,,,
3.860156250e+2,3.800000000e-1,-4.599375000e+1,6.249600000e+1,,,
3.880156250e+2,3.719375000e-1,-4.439375000e+1,5.909925000e+1,,,
3.859531250e+2,3.878750000e-1,-4.560000000e+1,5.980800000e+1,,,
3.920156250e+2,3.800625000e-1,-4.480000000e+1,6.249600000e+1,,,
3.859062500e+2,3.840625000e-1,-4.520000000e+1,6.248025000e+1,,,
3.839843750e+2,3.719687500e-1,-4.559375000e+1,6.045900000e+1,,,
3.840156250e+2,3.880000000e-1,-4.520625000e+1,5.913600000e+1,,,
3.860000000e+2,3.840000000e-1,-4.640000000e+1,6.049575000e+1,,,
3.860000000e+2,3.800000000e-1,-4.519062500e+1,6.113100000e+1,,,
3.860000000e+2,3.800937500e-1,-4.520000000e+1,5.979750000e+1,,,
3.919843750e+2,3.799062500e-1,-4.440937500e+1,6.182400000e+1,,,
3.820312500e+2,3.920000000e-1,-4.441250000e+1,5.980800000e+1,,,
3.839687500e+2,3.800000000e-1,-4.600625000e+1,6.181875000e+1,,,
3.880000000e+2,3.799687500e-1,-4.519687500e+1,6.048000000e+1,,,
3.860156250e+2,3.880000000e-1,-4.520625000e+1,6.182400000e+1,,,
3.839687500e+2,3.840000000e-1,-4.520312500e+1,6.051150000e+1,,,
3.860000000e+2,3.920312500e-1,-4.440312500e+1,5.980800000e+1,,,
3.820156250e+2,3.839375000e-1,-4.480625000e+1,6.049575000e+1,,,
3.820156250e+2,3.959687500e-1,-4.479687500e+1,6.046950000e+1,,,
3.860156250e+2,3.840000000e-1,-4.480312500e+1,5.845875000e+1,,,
3.860000000e+2,3.839375000e-1,-4.520312500e+1,5.983950000e+1,,,
3.859843750e+2,3.999062500e-1,-4.520937500e+1,6.047475000e+1,,,
3.900000000e+2,3.964062500e-1,-4.562500000e+1,6.047475000e+1,,,
3.839843750e+2,3.878750000e-1,-4.399687500e+1,6.047475000e+1,,,
3.859843750e+2,4.000000000e-1,-4.481562500e+1,5.913600000e+1,,,
3.879687500e+2,3.840312500e-1,-4.560000000e+1,6.115200000e+1,,,
3.900156250e+2,3.920000000e-1,-4.480000000e+1,6.048000000e+1,,,
3.840937500e+2,3.920000000e-1,-4.520000000e+1,6.115200000e+1,,,
3.818906250e+2,3.960000000e-1,-4.440312500e+1,5.913600000e+1,,,
3.900000000e+2,3.961562500e-1,-4.438750000e+1,6.046950000e+1,,,
3.819375000e+2,3.920000000e-1,-4.520000000e+1,6.048525000e+1,,,
3.860781250e+2,3.960312500e-1,-4.599375000e+1,6.181875000e+1,,,
3.859062500e+2,4.000312500e-1,-4.479687500e+1,6.180825000e+1,,,
3.800312500e+2,4.039687500e-1,-4.520937500e+1,6.047475000e+1,,,
3.880468750e+2,3.959687500e-1,-4.519375000e+1,6.114675000e+1,,,
3.839687500e+2,3.959375000e-1,-4.478437500e+1,6.115725000e+1,,,
3.859843750e+2,4.000625000e-1,-4.560000000e+1,5.981325000e+1,,,
3.840000000e+2,3.919375000e-1,-4.440312500e+1,6.115200000e+1,,,
3.859843750e+2,4.040312500e-1,-4.560000000e+1,5.980275000e+1,,,
3.860000000e+2,3.919687500e-1,-4.435937500e+1,6.118875000e+1,,,
3.859375000e+2,4.080625000e-1,-4.402500000e+1,6.114150000e+1,,,
3.920468750e+2,4.080000000e-1,-4.560000000e+1,5.913600000e+1,,,
3.820781250e+2,4.037812500e-1,-4.525312500e+1,6.049050000e+1,,,
3.860468750e+2,4.120000000e-1,-4.360312500e+1,6.249600000e+1,,,
3.839843750e+2,4.040000000e-1,-4.560937500e+1,5.845875000e+1,,,
3.840312500e+2,4.120000000e-1,-4.600000000e+1,6.117825000e+1,,,
3.880000000e+2,3.959687500e-1,-4.479062500e+1,6.048525000e+1,,,
3.860312500e+2,4.040000000e-1,-4.400000000e+1,5.980275000e+1,,,
3.800000000e+2,4.120312500e-1,-4.438437500e+1,6.182400000e+1,,,
3.840000000e+2,4.080312500e-1,-4.560625000e+1,5.980800000e+1,,,
3.880000000e+2,4.159375000e-1,-4.401250000e+1,5.979225000e+1,,,
3.840156250e+2,4.200000000e-1,-4.439687500e+1,6.048000000e+1,,,
3.820000000e+2,4.200312500e-1,-4.480312500e+1,5.913075000e+1,,,
3.819375000e+2,4.119062500e-1,-4.480000000e+1,6.113100000e+1,,,
3.899843750e+2,4.080312500e-1,-4.439687500e+1,6.115725000e+1,,,
3.860468750e+2,4.199375000e-1,-4.560312500e+1,5.982375000e+1,,,
3.859843750e+2,4.160937500e-1,-4.480000000e+1,5.980800000e+1,,,
3.880000000e+2,4.119687500e-1,-4.560000000e+1,6.049050000e+1,,,
3.839531250e+2,4.160000000e-1,-4.398125000e+1,6.045900000e+1,,,
3.820312500e+2,4.120000000e-1,-4.483125000e+1,5.912550000e+1,,,
3.859843750e+2,4.200625000e-1,-4.519687500e+1,5.983950000e+1,,,
3.840312500e+2,4.320000000e-1,-4.520625000e+1,6.181875000e+1,,,
3.900000000e+2,4.161875000e-1,-4.563125000e+1,5.982900000e+1,,,
3.820156250e+2,4.199687500e-1,-4.440312500e+1,6.046425000e+1,,,
3.839687500e+2,4.159687500e-1,-4.520625000e+1,6.115200000e+1,,,
3.880312500e+2,4.280000000e-1,-4.480000000e+1,6.048525000e+1,,,
3.839687500e+2,4.200000000e-1,-4.480312500e+1,5.979225000e+1,,,
3.899687500e+2,4.200000000e-1,-4.440000000e+1,6.115200000e+1,,,
3.842187500e+2,4.199375000e-1,-4.560000000e+1,5.845875000e+1,,,
3.800625000e+2,4.240000000e-1,-4.480312500e+1,6.114150000e+1,,,
3.881250000e+2,4.200000000e-1,-4.560000000e+1,5.913075000e+1,,,
3.879531250e+2,4.200000000e-1,-4.438750000e+1,6.047475000e+1,,,
3.839687500e+2,4.280937500e-1,-4.400000000e+1,5.980800000e+1,,,
3.839687500e+2,4.277500000e-1,-4.480625000e+1,5.913600000e+1,,,
3.820312500e+2,4.120625000e-1,-4.559062500e+1,5.980275000e+1,,,
3.880156250e+2,4.358750000e-1,-4.441562500e+1,6.049575000e+1,,,
3.860312500e+2,4.240625000e-1,-4.519687500e+1,5.913600000e+1,,,
3.879218750e+2,4.359687500e-1,-4.559375000e+1,6.048000000e+1,,,
3.900625000e+2,4.279687500e-1,-4.479687500e+1,6.115200000e+1,,,
3.820000000e+2,4.319687500e-1,-4.520625000e+1,6.114675000e+1,,,
3.859843750e+2,4.200000000e-1,-4.519687500e+1,6.047475000e+1,,,
3.820156250e+2,4.359062500e-1,-4.480000000e+1,5.980275000e+1,,,
3.860781250e+2,4.281562500e-1,-4.480000000e+1,6.048000000e+1,,,
3.879531250e+2,4.279687500e-1,-4.480312500e+1,5.980800000e+1,,,
3.819687500e+2,4.360000000e-1,-4.519687500e+1,5.980800000e+1,,,
3.860625000e+2,4.360000000e-1,-4.440000000e+1,6.048000000e+1,,,
3.879843750e+2,4.360312500e-1,-4.519687500e+1,6.048000000e+1,,,
3.840000000e+2,4.440000000e-1,-4.400000000e+1,6.115200000e+1,,,
3.860000000e+2,4.440000000e-1,-4.479687500e+1,5.913075000e+1,,,
3.840000000e+2,4.400000000e-1,-4.439687500e+1,6.183450000e+1,,,
3.860000000e+2,4.320000000e-1,-4.600000000e+1,6.183975000e+1,,,
3.819843750e+2,4.440312500e-1,-4.480312500e+1,6.048525000e+1,,,
3.880156250e+2,4.359062500e-1,-4.520625000e+1,6.048525000e+1,,,
3.880000000e+2,4.400937500e-1,-4.520312500e+1,6.249600000e+1,,,
3.860156250e+2,4.440625000e-1,-4.560000000e+1,6.048525000e+1,,,
3.820156250e+2,4.442812500e-1,-4.520312500e+1,6.114150000e+1,,,
3.840000000e+2,4.320000000e-1,-4.519062500e+1,5.981325000e+1,,,
3.880000000e+2,4.440312500e-1,-4.399687500e+1,5.913600000e+1,,,
3.818750000e+2,4.400000000e-1,-4.481875000e+1,5.979750000e+1,,,
3.800937500e+2,4.481250000e-1,-4.559687500e+1,5.913600000e+1,,,
3.899687500e+2,4.519687500e-1,-4.520000000e+1,6.115200000e+1,,,
3.799843750e+2,4.480312500e-1,-4.520312500e+1,6.181875000e+1,,,
3.880000000e+2,4.480000000e-1,-4.439062500e+1,5.980800000e+1,,,
3.860000000e+2,4.480312500e-1,-4.399687500e+1,6.047475000e+1,,,
3.900000000e+2,4.559687500e-1,-4.520000000e+1,6.114675000e+1,,,
3.820000000e+2,4.439687500e-1,-4.520000000e+1,5.980800000e+1,,,
3.879062500e+2,4.561250000e-1,-4.560000000e+1,5.912550000e+1,,,
3.880312500e+2,4.519375000e-1,-4.520000000e+1,6.249600000e+1,,,
3.860156250e+2,4.438750000e-1,-4.521562500e+1,5.981850000e+1,,,
3.840000000e+2,4.560937500e-1,-4.440000000e+1,5.913600000e+1,,,
3.839218750e+2,4.559062500e-1,-4.559687500e+1,5.914650000e+1,,,
3.780625000e+2,4.520625000e-1,-4.520000000e+1,6.182400000e+1,,,
3.880468750e+2,4.600000000e-1,-4.560312500e+1,5.980800000e+1,,,
3.819375000e+2,4.518437500e-1,-4.480000000e+1,6.182400000e+1,,,
3.860312500e+2,4.520625000e-1,-4.439687500e+1,5.982900000e+1,,,
3.859531250e+2,4.560625000e-1,-4.559687500e+1,5.913600000e+1,,,
3.900000000e+2,4.480000000e-1,-4.520625000e+1,5.980800000e+1,,,
3.860000000e+2,4.599375000e-1,-4.520000000e+1,5.981850000e+1,,,
3.879687500e+2,4.558750000e-1,-4.479062500e+1,6.114675000e+1,,,
3.860468750e+2,4.561250000e-1,-4.480625000e+1,5.913600000e+1,,,
3.819843750e+2,4.720000000e-1,-4.600000000e+1,6.115200000e+1,,,
3.878281250e+2,4.562187500e-1,-4.440937500e+1,6.185025000e+1,,,
3.899218750e+2,4.599687500e-1,-4.520000000e+1,5.914125000e+1,,,
3.839375000e+2,4.640000000e-1,-4.400000000e+1,5.982375000e+1,,,
3.860468750e+2,4.639687500e-1,-4.480625000e+1,6.115725000e+1,,,
3.859843750e+2,4.639687500e-1,-4.440000000e+1,6.114675000e+1,,,
3.839843750e+2,4.640625000e-1,-4.480000000e+1,6.249075000e+1,,,
3.840000000e+2,4.679687500e-1,-4.440000000e+1,6.047475000e+1,,,
3.840000000e+2,4.601875000e-1,-4.477812500e+1,6.115200000e+1,,,
3.860312500e+2,4.600937500e-1,-4.520000000e+1,5.980800000e+1,,,
3.900000000e+2,4.679687500e-1,-4.479062500e+1,6.048000000e+1,,,
3.860000000e+2,4.599062500e-1,-4.400312500e+1,6.048000000e+1,,,
3.840312500e+2,4.641250000e-1,-4.520000000e+1,6.048000000e+1,,,
3.940000000e+2,4.679687500e-1,-4.519687500e+1,5.980800000e+1,,,
3.901093750e+2,4.640000000e-1,-4.518437500e+1,6.117825000e+1,,,
3.839687500e+2,4.680000000e-1,-4.521250000e+1,5.913600000e+1,,,
3.840156250e+2,4.640000000e-1,-4.400000000e+1,6.181875000e+1,,,
3.860625000e+2,4.680937500e-1,-4.563437500e+1,5.913600000e+1,,,
3.899843750e+2,4.759062500e-1,-4.598750000e+1,6.251700000e+1,,,
3.859687500e+2,4.639062500e-1,-4.439687500e+1,6.045375000e+1,,,
3.879843750e+2,4.721250000e-1,-4.520625000e+1,6.115200000e+1,,,
3.840000000e+2,4.800312500e-1,-4.443750000e+1,6.048525000e+1,,,
3.879843750e+2,4.719687500e-1,-4.480000000e+1,5.980800000e+1,,,
3.820000000e+2,4.720312500e-1,-4.599687500e+1,6.047475000e+1,,,
3.859531250e+2,4.801875000e-1,-4.440625000e+1,5.980800000e+1,,,
3.860000000e+2,4.878125000e-1,-4.479687500e+1,5.980275000e+1,,,
3.860156250e+2,4.679375000e-1,-4.560000000e+1,5.913075000e+1,,,
3.840156250e+2,4.800000000e-1,-4.481250000e+1,6.048525000e+1,,,
3.840000000e+2,4.759062500e-1,-4.479687500e+1,5.913600000e+1,,,
3.840156250e+2,4.760312500e-1,-4.480000000e+1,6.181350000e+1,,,
3.860156250e+2,4.840312500e-1,-4.480312500e+1,6.118350000e+1,,,
3.880156250e+2,4.840937500e-1,-4.440000000e+1,5.980800000e+1,,,
3.858750000e+2,4.961562500e-1,-4.520625000e+1,6.182400000e+1,,,
3.799843750e+2,4.876562500e-1,-4.520000000e+1,5.914650000e+1,,,
3.861562500e+2,4.760000000e-1,-4.560625000e+1,6.112575000e+1,,,
3.920625000e+2,4.800000000e-1,-4.479687500e+1,6.048000000e+1,,,
3.820468750e+2,4.880000000e-1,-4.480000000e+1,5.913600000e+1,,,
3.879843750e+2,4.840000000e-1,-4.520000000e+1,5.979750000e+1,,,
3.860156250e+2,4.920312500e-1,-4.480312500e+1,5.845875000e+1,,,
3.819531250e+2,4.837812500e-1,-4.519375000e+1,6.048000000e+1,,,
3.899375000e+2,4.800312500e-1,-4.400000000e+1,6.182400000e+1,,,
3.880625000e+2,4.840000000e-1,-4.517500000e+1,5.983425000e+1,,,
3.880156250e+2,4.799687500e-1,-4.480000000e+1,5.912025000e+1,,,
3.900156250e+2,4.840625000e-1,-4.480312500e+1,6.182400000e+1,,,
3.899843750e+2,4.879687500e-1,-4.439687500e+1,6.249600000e+1,,,
3.879843750e+2,4.881562500e-1,-4.400937500e+1,6.250125000e+1,,,
3.860000000e+2,5.040312500e-1,-4.559375000e+1,6.048000000e+1,,,
3.879687500e+2,4.920625000e-1,-4.521875000e+1,5.981325000e+1,,,
3.779687500e+2,4.880625000e-1,-4.480000000e+1,6.182400000e+1,,,
3.800312500e+2,4.919375000e-1,-4.519375000e+1,5.915175000e+1,,,
3.860000000e+2,4.881562500e-1,-4.520312500e+1,5.980800000e+1,,,
3.840000000e+2,5.040937500e-1,-4.440000000e+1,6.047475000e+1,,,
3.820000000e+2,4.958750000e-1,-4.520625000e+1,6.046950000e+1,,,
3.900156250e+2,5.000312500e-1,-4.560000000e+1,6.249600000e+1,,,
3.860000000e+2,4.920000000e-1,-4.483125000e+1,6.118875000e+1,,,
3.879843750e+2,4.920000000e-1,-4.440000000e+1,5.980800000e+1,,,
3.880000000e+2,4.920000000e-1,-4.520000000e+1,5.912550000e+1,,,
3.879843750e+2,4.960625000e-1,-4.479687500e+1,5.915700000e+1,,,
3.860000000e+2,5.039375000e-1,-4.521562500e+1,6.249600000e+1,,,
3.880000000e+2,4.959687500e-1,-4.560000000e+1,6.046425000e+1,,,
3.880156250e+2,5.040000000e-1,-4.480000000e+1,6.249600000e+1,,,
3.900156250e+2,5.000000000e-1,-4.480625000e+1,6.316800000e+1,,,
3.860625000e+2,5.040312500e-1,-4.360000000e+1,6.048525000e+1,,,
3.859531250e+2,4.999375000e-1,-4.399687500e+1,6.249600000e+1,,,
3.879843750e+2,5.118750000e-1,-4.440625000e+1,6.180825000e+1,,,
3.861093750e+2,5.081250000e-1,-4.480000000e+1,5.914650000e+1,,,
3.839375000e+2,4.999062500e-1,-4.400937500e+1,5.980800000e+1,,,
3.879531250e+2,5.115312500e-1,-4.400312500e+1,6.114150000e+1,,,
3.859687500e+2,5.160312500e-1,-4.399375000e+1,6.182925000e+1,,,
3.860000000e+2,5.120312500e-1,-4.560000000e+1,6.115200000e+1,,,
3.859843750e+2,5.119687500e-1,-4.520312500e+1,6.182925000e+1,,,
3.819843750e+2,5.159687500e-1,-4.599687500e+1,6.249075000e+1,,,
3.820312500e+2,5.160000000e-1,-4.440000000e+1,6.249600000e+1,,,
3.860156250e+2,5.080000000e-1,-4.520000000e+1,5.980800000e+1,,,
3.860000000e+2,5.199062500e-1,-4.363125000e+1,6.046950000e+1,,,
3.839843750e+2,5.081875000e-1,-4.439687500e+1,6.048000000e+1,,,
3.860000000e+2,5.117500000e-1,-4.439375000e+1,6.180825000e+1,,,
3.840000000e+2,5.240312500e-1,-4.401875000e+1,5.911500000e+1,,,
3.859531250e+2,5.080625000e-1,-4.479687500e+1,6.049050000e+1,,,
3.880312500e+2,5.079687500e-1,-4.441250000e+1,6.182400000e+1,,,
3.840156250e+2,5.041562500e-1,-4.600000000e+1,6.115200000e+1,,,
3.860000000e+2,5.077187500e-1,-4.479687500e+1,6.048000000e+1,,,
3.840312500e+2,5.239687500e-1,-4.480000000e+1,6.048525000e+1,,,
3.879843750e+2,5.160312500e-1,-4.480937500e+1,6.115200000e+1,,,
3.799687500e+2,5.160000000e-1,-4.519687500e+1,6.115200000e+1,,,
3.880312500e+2,5.200000000e-1,-4.440000000e+1,6.115725000e+1,,,
3.899843750e+2,5.240000000e-1,-4.521875000e+1,6.182925000e+1,,,
3.900000000e+2,5.238750000e-1,-4.562812500e+1,6.115725000e+1,,,
3.819687500e+2,5.280000000e-1,-4.440312500e+1,5.980800000e+1,,,
3.820000000e+2,5.200000000e-1,-4.520000000e+1,5.914125000e+1,,,
3.819687500e+2,5.200000000e-1,-4.481562500e+1,6.114675000e+1,,,
3.880000000e+2,5.200000000e-1,-4.639687500e+1,5.981850000e+1,,,
3.820000000e+2,5.200000000e-1,-4.399375000e+1,5.846925000e+1,,,
3.859843750e+2,5.240000000e-1,-4.559687500e+1,6.109425000e+1,,,
3.820000000e+2,5.241250000e-1,-4.521250000e+1,6.181350000e+1,,,
3.859843750e+2,5.159687500e-1,-4.520625000e+1,5.912025000e+1,,,
3.839843750e+2,5.239375000e-1,-4.560000000e+1,5.980800000e+1,,,
3.820312500e+2,5.200000000e-1,-4.478750000e+1,5.913600000e+1,,,
3.880000000e+2,5.239375000e-1,-4.400937500e+1,5.980275000e+1,,,
3.840156250e+2,5.359375000e-1,-4.521250000e+1,5.913075000e+1,,,
3.840000000e+2,5.322812500e-1,-4.483437500e+1,6.045900000e+1,,,
3.820156250e+2,5.239687500e-1,-4.400000000e+1,6.046425000e+1,,,
3.879687500e+2,5.319062500e-1,-4.480000000e+1,5.712000000e+1,,,
3.900156250e+2,5.320000000e-1,-4.440312500e+1,5.980800000e+1,,,
3.880000000e+2,5.280000000e-1,-4.560000000e+1,6.182925000e+1,,,
3.879843750e+2,5.320000000e-1,-4.437500000e+1,6.115200000e+1,,,
3.879843750e+2,5.320000000e-1,-4.439375000e+1,5.980800000e+1,,,
3.880156250e+2,5.318125000e-1,-4.640625000e+1,5.980800000e+1,,,
3.860156250e+2,5.400000000e-1,-4.440000000e+1,6.049050000e+1,,,
3.879843750e+2,5.440000000e-1,-4.521562500e+1,6.316800000e+1,,,
3.839531250e+2,5.400000000e-1,-4.640625000e+1,6.044850000e+1,,,
3.840000000e+2,5.439687500e-1,-4.638437500e+1,5.913600000e+1,,,
3.840000000e+2,5.319687500e-1,-4.479062500e+1,6.047475000e+1,,,
3.860312500e+2,5.399375000e-1,-4.478750000e+1,6.048000000e+1,,,
3.900156250e+2,5.400625000e-1,-4.560000000e+1,6.048525000e+1,,,
3.860156250e+2,5.360312500e-1,-4.520000000e+1,6.114675000e+1,,,
3.880000000e+2,5.359687500e-1,-4.519687500e+1,5.979225000e+1,,,
3.840000000e+2,5.399687500e-1,-4.440312500e+1,5.982375000e+1,,,
3.879218750e+2,5.440312500e-1,-4.562500000e+1,6.115725000e+1,,,
3.940000000e+2,5.480312500e-1,-4.560000000e+1,6.182400000e+1,,,
3.880937500e+2,5.360312500e-1,-4.520312500e+1,6.047475000e+1,,,
3.859531250e+2,5.439687500e-1,-4.520312500e+1,6.115200000e+1,,,
3.820000000e+2,5.400000000e-1,-4.520000000e+1,6.114675000e+1,,,
3.880312500e+2,5.480000000e-1,-4.520000000e+1,6.048000000e+1,,,
3.880000000e+2,5.439687500e-1,-4.438750000e+1,6.114675000e+1,,,
3.880312500e+2,5.440000000e-1,-4.360000000e+1,6.114675000e+1,,,
3.800000000e+2,5.440937500e-1,-4.520000000e+1,6.183450000e+1,,,
3.840000000e+2,5.359687500e-1,-4.440625000e+1,6.182400000e+1,,,
3.799843750e+2,5.518750000e-1,-4.558437500e+1,5.912025000e+1,,,
3.859687500e+2,5.560000000e-1,-4.600625000e+1,6.182400000e+1,,,
3.860156250e+2,5.559687500e-1,-4.399687500e+1,5.847450000e+1,,,
3.820000000e+2,5.600000000e-1,-4.520000000e+1,5.910450000e+1,,,
3.879687500e+2,5.559687500e-1,-4.480625000e+1,6.181875000e+1,,,
3.900000000e+2,5.559375000e-1,-4.397500000e+1,6.050625000e+1,,,
3.900156250e+2,5.600000000e-1,-4.560312500e+1,6.048000000e+1,,,
3.860000000e+2,5.559375000e-1,-4.440000000e+1,6.116250000e+1,,,
3.899687500e+2,5.600000000e-1,-4.522812500e+1,6.111000000e+1,,,
3.840312500e+2,5.439687500e-1,-4.517812500e+1,5.913075000e+1,,,
3.920000000e+2,5.520937500e-1,-4.440000000e+1,6.049575000e+1,,,
3.819531250e+2,5.720000000e-1,-4.480625000e+1,6.048000000e+1,,,
3.840000000e+2,5.483437500e-1,-4.444062500e+1,6.049575000e+1,,,
3.799843750e+2,5.558750000e-1,-4.399375000e+1,5.913075000e+1,,,
3.859687500e+2,5.560000000e-1,-4.520312500e+1,6.116250000e+1,,,
3.880781250e+2,5.560312500e-1,-4.439687500e+1,6.048000000e+1,,,
3.820000000e+2,5.640000000e-1,-4.440000000e+1,6.047475000e+1,,,
3.878906250e+2,5.600000000e-1,-4.480000000e+1,6.048000000e+1,,,
3.881250000e+2,5.639062500e-1,-4.480312500e+1,6.045375000e+1,,,
3.839843750e+2,5.680000000e-1,-4.480000000e+1,6.249600000e+1,,,
3.860000000e+2,5.680000000e-1,-4.520312500e+1,6.047475000e+1,,,
3.840000000e+2,5.679687500e-1,-4.559375000e+1,6.115725000e+1,,,
3.880468750e+2,5.720937500e-1,-4.440000000e+1,5.913600000e+1,,,
3.879375000e+2,5.758750000e-1,-4.520312500e+1,6.184500000e+1,,,
3.839375000e+2,5.599062500e-1,-4.478437500e+1,6.182925000e+1,,,
3.820156250e+2,5.638750000e-1,-4.396875000e+1,6.046950000e+1,,,
3.859531250e+2,5.679687500e-1,-4.520000000e+1,6.181875000e+1,,,
3.860312500e+2,5.680000000e-1,-4.440312500e+1,5.913600000e+1,,,
3.840156250e+2,5.640312500e-1,-4.600625000e+1,5.980800000e+1,,,
3.839687500e+2,5.800000000e-1,-4.478750000e+1,6.047475000e+1,,,
3.860156250e+2,5.680000000e-1,-4.440312500e+1,5.980800000e+1,,,
3.839843750e+2,5.718750000e-1,-4.480312500e+1,6.047475000e+1,,,
3.880625000e+2,5.800000000e-1,-4.519375000e+1,5.980275000e+1,,,
3.899687500e+2,5.720312500e-1,-4.600000000e+1,5.913600000e+1,,,
3.859687500e+2,5.680000000e-1,-4.518750000e+1,6.048000000e+1,,,
3.860312500e+2,5.600000000e-1,-4.440000000e+1,6.115200000e+1,,,
3.859843750e+2,5.680937500e-1,-4.520625000e+1,6.047475000e+1,,,
3.820000000e+2,5.880000000e-1,-4.440000000e+1,5.980800000e+1,,,
3.880156250e+2,5.762812500e-1,-4.398750000e+1,5.980275000e+1,,,
3.859531250e+2,5.720000000e-1,-4.479687500e+1,6.048000000e+1,,,
3.840000000e+2,5.800312500e-1,-4.480000000e+1,5.981325000e+1,,,
3.859843750e+2,5.799062500e-1,-4.480000000e+1,5.980800000e+1,,,
3.860000000e+2,5.719375000e-1,-4.519687500e+1,5.980800000e+1,,,
3.860156250e+2,5.720625000e-1,-4.480937500e+1,6.048000000e+1,,,
3.820156250e+2,5.800937500e-1,-4.560625000e+1,6.114150000e+1,,,
3.819687500e+2,5.840000000e-1,-4.401250000e+1,6.250650000e+1,,,
3.820000000e+2,5.800312500e-1,-4.521562500e+1,6.115725000e+1,,,
3.800000000e+2,5.759687500e-1,-4.519687500e+1,6.114150000e+1,,,
3.840625000e+2,5.760625000e-1,-4.560312500e+1,5.842725000e+1,,,
3.880312500e+2,5.919062500e-1,-4.559687500e+1,5.915700000e+1,,,
3.879687500e+2,5.719687500e-1,-4.560312500e+1,6.048000000e+1,,,
3.799687500e+2,5.879687500e-1,-4.521875000e+1,5.980800000e+1,,,
3.820000000e+2,5.759687500e-1,-4.400000000e+1,6.048000000e+1,,,
3.860000000e+2,5.960000000e-1,-4.519375000e+1,5.980800000e+1,,,
3.800000000e+2,5.799062500e-1,-4.600000000e+1,6.048000000e+1,,,
3.899843750e+2,5.760312500e-1,-4.479375000e+1,5.980800000e+1,,,
3.839687500e+2,5.759687500e-1,-4.520312500e+1,6.048000000e+1,,,
3.920156250e+2,5.760312500e-1,-4.520000000e+1,5.980800000e+1,,,
3.800781250e+2,5.877812500e-1,-4.559687500e+1,6.114675000e+1,,,
3.821250000e+2,5.879062500e-1,-4.520312500e+1,6.048525000e+1,,,
3.860156250e+2,5.880625000e-1,-4.520000000e+1,5.980800000e+1,,,
3.839218750e+2,5.959687500e-1,-4.560312500e+1,6.114675000e+1,,,
3.820625000e+2,5.879687500e-1,-4.519375000e+1,5.913075000e+1,,,
3.880312500e+2,5.960625000e-1,-4.480000000e+1,6.182400000e+1,,,
3.859843750e+2,5.920000000e-1,-4.560000000e+1,5.916225000e+1,,,
3.879843750e+2,5.960312500e-1,-4.480312500e+1,5.845875000e+1,,,
3.860312500e+2,5.840000000e-1,-4.520312500e+1,5.980800000e+1,,,
3.860000000e+2,5.918750000e-1,-4.440000000e+1,6.182925000e+1,,,
3.859843750e+2,5.999687500e-1,-4.520937500e+1,6.114150000e+1,,,
3.880000000e+2,5.960000000e-1,-4.520625000e+1,5.980800000e+1,,,
3.860312500e+2,5.999687500e-1,-4.640000000e+1,6.048000000e+1,,,
3.859218750e+2,5.920937500e-1,-4.521875000e+1,6.117825000e+1,,,
3.879843750e+2,5.959375000e-1,-4.520000000e+1,5.846400000e+1,,,
3.860312500e+2,6.040312500e-1,-4.480000000e+1,6.049050000e+1,,,
3.899843750e+2,6.039375000e-1,-4.560312500e+1,5.980800000e+1,,,
3.839531250e+2,5.999062500e-1,-4.479687500e+1,6.114675000e+1,,,
3.840000000e+2,5.960000000e-1,-4.480000000e+1,6.048000000e+1,,,
3.860000000e+2,6.000312500e-1,-4.520000000e+1,6.114675000e+1,,,
3.860000000e+2,6.039687500e-1,-4.481250000e+1,5.981325000e+1,,,
3.860000000e+2,6.040000000e-1,-4.480000000e+1,5.980800000e+1,,,
3.860000000e+2,6.039375000e-1,-4.480312500e+1,5.846400000e+1,,,
3.840000000e+2,5.999687500e-1,-4.520312500e+1,5.911500000e+1,,,
3.820000000e+2,5.999687500e-1,-4.520000000e+1,5.980800000e+1,,,
3.840000000e+2,5.959375000e-1,-4.439687500e+1,5.846400000e+1,,,
3.839843750e+2,5.960000000e-1,-4.477812500e+1,5.845350000e+1,,,
3.860000000e+2,5.960000000e-1,-4.560000000e+1,5.913600000e+1,,,
3.839687500e+2,6.000312500e-1,-4.479062500e+1,5.979225000e+1,,,
3.840156250e+2,6.040000000e-1,-4.399375000e+1,5.846400000e+1,,,
3.860312500e+2,6.040000000e-1,-4.400000000e+1,6.051150000e+1,,,
3.859687500e+2,6.039375000e-1,-4.402500000e+1,6.045375000e+1,,,
3.839843750e+2,6.000000000e-1,-4.478750000e+1,5.980275000e+1,,,
3.840000000e+2,6.039062500e-1,-4.319687500e+1,6.183450000e+1,,,
3.820000000e+2,6.039687500e-1,-4.520000000e+1,5.710425000e+1,,,
3.860000000e+2,5.960000000e-1,-4.518437500e+1,5.844300000e+1,,,
3.820000000e+2,6.041562500e-1,-4.360625000e+1,5.779200000e+1,,,
3.860000000e+2,6.038437500e-1,-4.399687500e+1,5.779200000e+1,,,
3.820937500e+2,5.878750000e-1,-4.440000000e+1,5.778675000e+1,,,
3.799687500e+2,5.880000000e-1,-4.401875000e+1,5.846400000e+1,,,
3.820156250e+2,6.000312500e-1,-4.320000000e+1,5.779200000e+1,,,
3.799218750e+2,5.918437500e-1,-4.360000000e+1,5.846400000e+1,,,
3.780312500e+2,5.881875000e-1,-4.359687500e+1,5.780775000e+1,,,
3.820000000e+2,5.999687500e-1,-4.440000000e+1,5.779200000e+1,,,
3.779375000e+2,5.835937500e-1,-4.319687500e+1,5.980275000e+1,,,
3.779843750e+2,5.842187500e-1,-4.400000000e+1,5.847450000e+1,,,
3.780781250e+2,5.880000000e-1,-4.322500000e+1,5.847975000e+1,,,
3.859687500e+2,5.720000000e-1,-4.360312500e+1,5.644800000e+1,,,
3.820937500e+2,5.720000000e-1,-4.400000000e+1,5.779200000e+1,,,
3.780156250e+2,5.720937500e-1,-4.279687500e+1,5.575500000e+1,,,
3.780000000e+2,5.839375000e-1,-4.280937500e+1,5.645850000e+1,,,
3.760312500e+2,5.678437500e-1,-4.320625000e+1,5.712000000e+1,,,
3.740156250e+2,5.761562500e-1,-4.320625000e+1,5.712000000e+1,,,
3.739843750e+2,5.761875000e-1,-4.200312500e+1,5.509875000e+1,,,
3.760468750e+2,5.679375000e-1,-4.280000000e+1,5.710950000e+1,,,
3.800468750e+2,5.600000000e-1,-4.240312500e+1,5.577600000e+1,,,
3.799687500e+2,5.598437500e-1,-4.200000000e+1,5.645325000e+1,,,
3.739531250e+2,5.480000000e-1,-4.240312500e+1,5.578125000e+1,,,
3.700000000e+2,5.601562500e-1,-4.200625000e+1,5.510400000e+1,,,
3.760000000e+2,5.560625000e-1,-4.160000000e+1,5.442675000e+1,,,
3.699531250e+2,5.437812500e-1,-4.199375000e+1,5.442675000e+1,,,
3.660000000e+2,5.362187500e-1,-4.200625000e+1,5.443200000e+1,,,
3.720000000e+2,5.561250000e-1,-4.120312500e+1,5.376000000e+1,,,
3.640000000e+2,5.436250000e-1,-4.119687500e+1,5.375475000e+1,,,
3.700000000e+2,5.400312500e-1,-4.040000000e+1,5.442150000e+1,,,
3.679687500e+2,5.399375000e-1,-4.080000000e+1,5.443200000e+1,,,
3.640000000e+2,5.360000000e-1,-4.121875000e+1,5.308800000e+1,,,
3.679843750e+2,5.279687500e-1,-4.040312500e+1,5.375475000e+1,,,
3.660000000e+2,5.280000000e-1,-4.080000000e+1,5.240550000e+1,,,
3.660468750e+2,5.279687500e-1,-4.038750000e+1,5.243175000e+1,,,
3.700156250e+2,5.198437500e-1,-4.000937500e+1,5.308800000e+1,,,
3.639218750e+2,5.160625000e-1,-4.039375000e+1,5.107200000e+1,,,
3.580312500e+2,5.200625000e-1,-3.840000000e+1,5.308800000e+1,,,
3.619531250e+2,5.124687500e-1,-3.800312500e+1,5.174400000e+1,,,
3.581093750e+2,5.001562500e-1,-3.760000000e+1,4.970700000e+1,,,
3.540000000e+2,4.959687500e-1,-3.840000000e+1,5.241600000e+1,,,
3.559531250e+2,4.959375000e-1,-3.759687500e+1,5.037900000e+1,,,
3.560937500e+2,4.960312500e-1,-3.760000000e+1,4.771200000e+1,,,
3.540000000e+2,4.842187500e-1,-3.719375000e+1,4.838400000e+1,,,
3.541250000e+2,4.802500000e-1,-3.800937500e+1,4.838925000e+1,,,
3.459531250e+2,4.681562500e-1,-3.680625000e+1,4.705050000e+1,,,
3.440000000e+2,4.639687500e-1,-3.680312500e+1,4.704000000e+1,,,
3.459843750e+2,4.600312500e-1,-3.600937500e+1,4.702425000e+1,,,
3.419531250e+2,4.560937500e-1,-3.679687500e+1,4.435725000e+1,,,
3.359843750e+2,4.360000000e-1,-3.440000000e+1,4.502400000e+1,,,
3.360000000e+2,4.200000000e-1,-3.438750000e+1,4.099200000e+1,,,
3.380000000e+2,4.080625000e-1,-3.443125000e+1,4.164825000e+1,,,
3.321562500e+2,4.043750000e-1,-3.360625000e+1,4.099200000e+1,,,
3.259687500e+2,3.682500000e-1,-3.320000000e+1,3.961125000e+1,,,
3.280156250e+2,3.599062500e-1,-3.279687500e+1,3.697050000e+1,,,
3.220000000e+2,3.440937500e-1,-3.319375000e+1,3.897075000e+1,,,
3.220156250e+2,3.358750000e-1,-3.156562500e+1,3.627750000e+1,,,
3.160312500e+2,3.325625000e-1,-2.960312500e+1,3.696000000e+1,,,
3.160312500e+2,3.081875000e-1,-3.080312500e+1,3.561600000e+1,,,
3.139687500e+2,3.039687500e-1,-3.040000000e+1,3.494925000e+1,,,
3.079375000e+2,2.761562500e-1,-2.878750000e+1,3.426675000e+1,,,
3.000156250e+2,2.600000000e-1,-2.880625000e+1,3.225600000e+1,,,
3.060156250e+2,2.560000000e-1,-2.800000000e+1,3.092250000e+1,,,
3.040625000e+2,2.440312500e-1,-2.720937500e+1,3.158400000e+1,,,
2.900000000e+2,2.249687500e-1,-2.764687500e+1,2.958900000e+1,,,
2.940000000e+2,2.039062500e-1,-2.520625000e+1,2.755200000e+1,,,
2.900156250e+2,2.040000000e-1,-2.601250000e+1,2.890125000e+1,,,
2.880156250e+2,1.840000000e-1,-2.519375000e+1,2.890650000e+1,,,
2.860000000e+2,1.680625000e-1,-2.479375000e+1,2.621850000e+1,,,
2.820156250e+2,1.679687500e-1,-2.360000000e+1,2.620275000e+1,,,
2.819531250e+2,1.600000000e-1,-2.320625000e+1,2.485350000e+1,,,
2.820000000e+2,1.562500000e-1,-2.240312500e+1,2.552025000e+1,,,
2.740156250e+2,1.361875000e-1,-2.240625000e+1,2.149875000e+1,,,
2.780156250e+2,1.359062500e-1,-2.157812500e+1,2.419200000e+1,,,
2.779843750e+2,1.320000000e-1,-2.040312500e+1,2.147250000e+1,,,
2.739531250e+2,1.240625000e-1,-2.040000000e+1,2.085300000e+1,,,
2.680156250e+2,1.160312500e-1,-1.958750000e+1,2.217600000e+1,,,
2.700000000e+2,1.118750000e-1,-1.879687500e+1,2.083725000e+1,,,
2.639843750e+2,1.199375000e-1,-1.919687500e+1,2.082675000e+1,,,
2.679687500e+2,1.160000000e-1,-1.800000000e+1,2.016000000e+1,,,
2.700000000e+2,1.200000000e-1,-1.839687500e+1,1.948800000e+1,,,
2.660312500e+2,1.120000000e-1,-1.720000000e+1,2.016525000e+1,,,
2.600000000e+2,1.000000000e-1,-1.680000000e+1,2.150400000e+1,,,
2.620000000e+2,1.040000000e-1,-1.640625000e+1,1.881600000e+1,,,
2.580156250e+2,9.628125000e-2,-1.565625000e+1,1.745100000e+1,,,
2.600312500e+2,9.200000000e-2,-1.440000000e+1,1.881075000e+1,,,
2.599843750e+2,8.400000000e-2,-1.480000000e+1,1.612800000e+1,,,
2.579375000e+2,9.196875000e-2,-1.359687500e+1,1.815975000e+1,,,
2.540156250e+2,7.996875000e-2,-1.400937500e+1,1.611225000e+1,,,
2.580312500e+2,8.800000000e-2,-1.359375000e+1,1.478400000e+1,,,
2.539531250e+2,8.400000000e-2,-1.279687500e+1,1.545075000e+1,,,
2.500156250e+2,8.006250000e-2,-1.320000000e+1,1.611750000e+1,,,
2.480000000e+2,7.593750000e-2,-1.159687500e+1,1.342950000e+1,,,
2.460312500e+2,8.403125000e-2,-1.200000000e+1,1.344000000e+1,,,
2.400312500e+2,7.993750000e-2,-1.159062500e+1,1.140825000e+1,,,
2.379843750e+2,1.000625000e-1,-1.158750000e+1,1.209075000e+1,,,
2.379531250e+2,1.000000000e-1,-1.080000000e+1,1.075200000e+1,,,
2.400468750e+2,9.981250000e-2,-1.081875000e+1,9.402750000e+0,,,
2.339687500e+2,1.039687500e-1,-9.593750000e+0,1.008000000e+1,,,
2.339687500e+2,1.040000000e-1,-9.200000000e+0,1.074675000e+1,,,
2.260468750e+2,1.120000000e-1,-9.200000000e+0,9.392250000e+0,,,
2.360000000e+2,1.119687500e-1,-8.393750000e+0,7.397250000e+0,,,
2.260312500e+2,1.080000000e-1,-8.000000000e+0,7.392000000e+0,,,
2.260000000e+2,1.119062500e-1,-8.396875000e+0,6.714750000e+0,,,
2.280000000e+2,1.200000000e-1,-8.406250000e+0,6.720000000e+0,,,
2.160312500e+2,1.160312500e-1,-7.993750000e+0,6.720000000e+0,,,
2.199843750e+2,1.200000000e-1,-8.009375000e+0,6.048000000e+0,,,
2.180156250e+2,1.200000000e-1,-6.003125000e+0,5.376000000e+0,,,
2.139843750e+2,1.199375000e-1,-6.800000000e+0,5.370750000e+0,,,
2.160000000e+2,1.160000000e-1,-5.203125000e+0,3.375750000e+0,,,
2.120312500e+2,1.239062500e-1,-6.381250000e+0,1.344000000e+0,,,
2.080156250e+2,1.240625000e-1,-6.403125000e+0,2.016000000e+0,,,
2.080000000e+2,1.120625000e-1,-7.200000000e+0,6.615000000e-1,,,
2.079687500e+2,1.120000000e-1,-5.575000000e+0,6.562500000e-1,,,
2.020000000e+2,1.199687500e-1,-5.171875000e+0,-6.772500000e-1,,,
2.019687500e+2,1.080000000e-1,-3.196875000e+0,-6.615000000e-1,,,
1.940156250e+2,1.199687500e-1,-3.612500000e+0,-6.772500000e-1,,,
1.980156250e+2,1.123437500e-1,-3.609375000e+0,-2.005500000e+0,,,
1.900000000e+2,1.079375000e-1,-3.212500000e+0,-2.042250000e+0,,,
1.979843750e+2,1.080312500e-1,-2.006250000e+0,-1.365000000e+0,,,
1.921093750e+2,9.996875000e-2,-3.200000000e+0,-5.370750000e+0,,,
1.880156250e+2,1.000000000e-1,-2.006250000e+0,-3.381000000e+0,,,
1.879218750e+2,1.079687500e-1,-2.000000000e+0,-4.704000000e+0,,,
1.901406250e+2,1.041875000e-1,-2.796875000e+0,-4.709250000e+0,,,
1.798750000e+2,8.800000000e-2,-2.415625000e+0,-5.365500000e+0,,,
1.800312500e+2,9.200000000e-2,-1.996875000e+0,-6.725250000e+0,,,
1.800000000e+2,9.596875000e-2,-1.600000000e+0,-6.048000000e+0,,,
1.799843750e+2,8.396875000e-2,-1.200000000e+0,-7.392000000e+0,,,
1.779375000e+2,8.800000000e-2,-1.196875000e+0,-8.064000000e+0,,,
1.760312500e+2,8.000000000e-2,-4.031250000e-1,-8.064000000e+0,,,
1.779843750e+2,8.400000000e-2,-1.550000000e+0,-8.032500000e+0,,,
1.700625000e+2,7.593750000e-2,-2.003125000e+0,-1.076250000e+1,,,
1.699843750e+2,8.006250000e-2,-7.937500000e-1,-1.008000000e+1,,,
1.680000000e+2,5.993750000e-2,-1.209375000e+0,-8.736000000e+0,,,
1.699687500e+2,6.796875000e-2,-1.603125000e+0,-8.736000000e+0,,,
1.700312500e+2,5.200000000e-2,-1.184375000e+0,-8.741250000e+0,,,
1.660468750e+2,5.593750000e-2,-3.968750000e-1,-1.006950000e+1,,,
1.660000000e+2,4.803125000e-2,-1.600000000e+0,-1.075200000e+1,,,
1.660000000e+2,4.406250000e-2,-8.000000000e-1,-1.008000000e+1,,,
1.680156250e+2,2.800000000e-2,-1.606250000e+0,-1.075200000e+1,,,
1.700000000e+2,1.190625000e-2,-1.200000000e+0,-9.408000000e+0,,,
1.679687500e+2,8.000000000e-3,-1.193750000e+0,-1.008525000e+1,,,
1.640000000e+2,1.600000000e-2,-4.000000000e-1,-1.008000000e+1,,,
1.620000000e+2,-1.190625000e-2,-1.221875000e+0,-1.007475000e+1,,,
1.660000000e+2,-4.000000000e-3,4.000000000e-1,-1.143450000e+1,,,
1.620000000e+2,-3.206250000e-2,-1.200000000e+0,-1.277850000e+1,,,
1.639843750e+2,-1.993750000e-2,-8.031250000e-1,-1.075725000e+1,,,
1.640000000e+2,-4.009375000e-2,-4.031250000e-1,-1.142925000e+1,,,
1.660000000e+2,-4.403125000e-2,-8.093750000e-1,-1.209600000e+1,,,
1.620000000e+2,-5.609375000e-2,-8.093750000e-1,-8.762250000e+0,,,
1.640156250e+2,-6.362500000e-2,4.000000000e-1,-8.683500000e+0,,,
1.620000000e+2,-7.593750000e-2,-4.031250000e-1,-1.074675000e+1,,,
1.700000000e+2,-8.006250000e-2,4.031250000e-1,-1.008525000e+1,,,
1.679531250e+2,-9.206250000e-2,-6.250000000e-3,-1.142400000e+1,,,
1.679687500e+2,-9.587500000e-2,4.218750000e-1,-9.402750000e+0,,,
1.659843750e+2,-8.800000000e-2,7.968750000e-1,-1.008000000e+1,,,
1.720312500e+2,-1.038750000e-1,7.968750000e-1,-8.736000000e+0,,,
1.740000000e+2,-1.120000000e-1,1.603125000e+0,-9.408000000e+0,,,
1.720000000e+2,-1.080312500e-1,1.996875000e+0,-8.741250000e+0,,,
1.760000000e+2,-1.200625000e-1,2.000000000e+0,-8.736000000e+0,,,
1.720000000e+2,-1.239062500e-1,2.000000000e+0,-7.392000000e+0,,,
1.759375000e+2,-1.159375000e-1,2.403125000e+0,-7.386750000e+0,,,
1.779843750e+2,-1.200312500e-1,2.806250000e+0,-8.736000000e+0,,,
1.780156250e+2,-1.240312500e-1,1.996875000e+0,-8.736000000e+0,,,
1.759843750e+2,-1.199687500e-1,2.800000000e+0,-9.408000000e+0,,,
1.780781250e+2,-1.200625000e-1,2.003125000e+0,-8.725500000e+0,,,
1.819531250e+2,-1.240625000e-1,2.015625000e+0,-6.714750000e+0,,,
1.759531250e+2,-1.198125000e-1,3.193750000e+0,-7.392000000e+0,,,
1.779843750e+2,-1.038750000e-1,2.000000000e+0,-6.720000000e+0,,,
1.740000000e+2,-1.080937500e-1,3.596875000e+0,-8.043000000e+0,,,
1.779687500e+2,-1.080312500e-1,2.803125000e+0,-1.074675000e+1,,,
1.760000000e+2,-1.040000000e-1,2.800000000e+0,-1.008000000e+1,,,
1.780000000e+2,-9.996875000e-2,2.396875000e+0,-8.053500000e+0,,,
1.760000000e+2,-1.000000000e-1,2.812500000e+0,-7.397250000e+0,,,
1.760000000e+2,-9.196875000e-2,3.196875000e+0,-8.736000000e+0,,,
1.740156250e+2,-8.796875000e-2,2.400000000e+0,-1.075200000e+1,,,
1.740000000e+2,-8.387500000e-2,3.590625000e+0,-7.418250000e+0,,,
1.760937500e+2,-9.203125000e-2,2.800000000e+0,-8.730750000e+0,,,
1.799375000e+2,-7.590625000e-2,2.400000000e+0,-9.402750000e+0,,,
1.719218750e+2,-6.400000000e-2,3.206250000e+0,-8.736000000e+0,,,
1.720156250e+2,-6.396875000e-2,3.200000000e+0,-9.413250000e+0,,,
1.720000000e+2,-5.603125000e-2,3.600000000e+0,-7.386750000e+0,,,
1.739843750e+2,-6.003125000e-2,3.196875000e+0,-9.423750000e+0,,,
1.700000000e+2,-4.837500000e-2,2.796875000e+0,-1.075200000e+1,,,
1.700156250e+2,-4.412500000e-2,3.196875000e+0,-1.075200000e+1,,,
1.680000000e+2,-5.196875000e-2,3.606250000e+0,-1.142400000e+1,,,
1.660000000e+2,-3.987500000e-2,3.996875000e+0,-1.076775000e+1,,,
1.680156250e+2,-4.421875000e-2,2.800000000e+0,-1.075200000e+1,,,
1.700000000e+2,-4.784375000e-2,3.212500000e+0,-1.209600000e+1,,,
1.660312500e+2,-3.193750000e-2,4.400000000e+0,-1.277325000e+1,,,
1.659843750e+2,-3.200000000e-2,3.606250000e+0,-1.209600000e+1,,,
1.639687500e+2,-2.800000000e-2,3.603125000e+0,-1.210125000e+1,,,
1.620000000e+2,-3.209375000e-2,3.603125000e+0,-1.209600000e+1,,,
1.640781250e+2,-3.593750000e-2,3.593750000e+0,-1.209600000e+1,,,
1.659375000e+2,-2.796875000e-2,2.796875000e+0,-1.209600000e+1,,,
1.599687500e+2,-3.209375000e-2,3.612500000e+0,-1.209600000e+1,,,
1.600000000e+2,-3.212500000e-2,4.006250000e+0,-1.208550000e+1,,,
1.579843750e+2,-2.400000000e-2,3.600000000e+0,-1.478925000e+1,,,
1.580000000e+2,-3.206250000e-2,3.196875000e+0,-1.277850000e+1,,,
1.579687500e+2,-3.196875000e-2,3.593750000e+0,-1.411200000e+1,,,
1.620000000e+2,-3.206250000e-2,4.400000000e+0,-1.345050000e+1,,,
1.581562500e+2,-3.596875000e-2,3.600000000e+0,-1.613325000e+1,,,
1.519531250e+2,-2.800000000e-2,4.787500000e+0,-1.278900000e+1,,,
1.580156250e+2,-3.603125000e-2,4.403125000e+0,-1.413825000e+1,,,
1.518906250e+2,-3.600000000e-2,4.800000000e+0,-1.478400000e+1,,,
1.520312500e+2,-4.418750000e-2,4.400000000e+0,-1.411725000e+1,,,
1.540000000e+2,-4.793750000e-2,4.800000000e+0,-1.478400000e+1,,,
1.519062500e+2,-3.993750000e-2,4.390625000e+0,-1.546125000e+1,,,
1.500468750e+2,-4.425000000e-2,4.000000000e+0,-1.412250000e+1,,,
1.580781250e+2,-5.200000000e-2,3.975000000e+0,-1.477350000e+1,,,
1.580312500e+2,-5.200000000e-2,4.800000000e+0,-1.545600000e+1,,,
1.540625000e+2,-5.600000000e-2,4.400000000e+0,-1.612800000e+1,,,
1.500000000e+2,-6.000000000e-2,5.203125000e+0,-1.545600000e+1,,,
1.519843750e+2,-6.003125000e-2,5.600000000e+0,-1.614375000e+1,,,
1.520156250e+2,-6.406250000e-2,5.596875000e+0,-1.612800000e+1,,,
1.519531250e+2,-6.403125000e-2,5.600000000e+0,-1.411200000e+1,,,
1.560156250e+2,-6.793750000e-2,5.587500000e+0,-1.610700000e+1,,,
1.519843750e+2,-6.393750000e-2,6.000000000e+0,-1.614375000e+1,,,
1.560468750e+2,-5.600000000e-2,6.000000000e+0,-1.478400000e+1,,,
1.559843750e+2,-6.006250000e-2,5.993750000e+0,-1.478925000e+1,,,
1.539843750e+2,-6.000000000e-2,4.800000000e+0,-1.412775000e+1,,,
1.520000000e+2,-6.409375000e-2,6.390625000e+0,-1.411200000e+1,,,
1.500000000e+2,-7.196875000e-2,6.400000000e+0,-1.681050000e+1,,,
1.520000000e+2,-7.596875000e-2,6.803125000e+0,-1.614375000e+1,,,
1.519843750e+2,-7.196875000e-2,6.393750000e+0,-1.612800000e+1,,,
1.500000000e+2,-7.621875000e-2,7.203125000e+0,-1.612800000e+1,,,
1.520000000e+2,-7.962500000e-2,5.596875000e+0,-1.680000000e+1,,,
1.540000000e+2,-5.578125000e-2,7.206250000e+0,-1.612800000e+1,,,
1.459687500e+2,-6.412500000e-2,7.200000000e+0,-1.680000000e+1,,,
1.459843750e+2,-6.000000000e-2,7.215625000e+0,-1.614375000e+1,,,
1.499843750e+2,-7.609375000e-2,6.400000000e+0,-1.611750000e+1,,,
1.500000000e+2,-7.600000000e-2,6.800000000e+0,-1.746675000e+1,,,
1.480312500e+2,-7.200000000e-2,6.393750000e+0,-1.611750000e+1,,,
1.540000000e+2,-6.787500000e-2,6.815625000e+0,-1.747200000e+1,,,
1.499687500e+2,-5.996875000e-2,7.600000000e+0,-1.878975000e+1,,,
1.520156250e+2,-6.406250000e-2,7.200000000e+0,-1.545600000e+1,,,
1.519687500e+2,-6.428125000e-2,6.400000000e+0,-1.881600000e+1,,,
1.521093750e+2,-5.606250000e-2,6.800000000e+0,-1.750350000e+1,,,
1.440468750e+2,-5.987500000e-2,6.793750000e+0,-1.680000000e+1,,,
1.478125000e+2,-6.403125000e-2,8.003125000e+0,-1.680525000e+1,,,
1.520937500e+2,-5.606250000e-2,7.596875000e+0,-1.812825000e+1,,,
1.460781250e+2,-5.212500000e-2,7.600000000e+0,-1.814400000e+1,,,
1.479062500e+2,-5.156250000e-2,7.587500000e+0,-1.545600000e+1,,,
1.479687500e+2,-6.793750000e-2,8.003125000e+0,-1.745625000e+1,,,
1.460000000e+2,-5.612500000e-2,7.200000000e+0,-1.680000000e+1,,,
1.480156250e+2,-5.203125000e-2,8.003125000e+0,-1.747725000e+1,,,
1.499531250e+2,-5.203125000e-2,7.596875000e+0,-1.813875000e+1,,,
1.379531250e+2,-4.800000000e-2,8.000000000e+0,-1.881600000e+1,,,
1.440312500e+2,-4.800000000e-2,7.996875000e+0,-1.881600000e+1,,,
1.460000000e+2,-5.175000000e-2,8.793750000e+0,-1.813350000e+1,,,
1.480312500e+2,-5.612500000e-2,8.400000000e+0,-1.948800000e+1,,,
1.440156250e+2,-4.412500000e-2,8.800000000e+0,-2.016525000e+1,,,
1.440000000e+2,-4.400000000e-2,8.803125000e+0,-2.015475000e+1,,,
1.420468750e+2,-4.793750000e-2,9.200000000e+0,-1.948800000e+1,,,
1.379375000e+2,-6.393750000e-2,8.793750000e+0,-1.948800000e+1,,,
1.459843750e+2,-5.625000000e-2,8.403125000e+0,-1.948800000e+1,,,
1.399375000e+2,-4.434375000e-2,8.000000000e+0,-2.016000000e+1,,,
1.441093750e+2,-3.193750000e-2,8.400000000e+0,-1.881600000e+1,,,
1.479843750e+2,-5.193750000e-2,9.600000000e+0,-1.949325000e+1,,,
1.420000000e+2,-5.200000000e-2,8.793750000e+0,-1.881600000e+1,,,
1.459843750e+2,-4.800000000e-2,9.200000000e+0,-1.950375000e+1,,,
1.380312500e+2,-4.396875000e-2,9.187500000e+0,-2.151450000e+1,,,
1.380000000e+2,-4.796875000e-2,8.403125000e+0,-2.084250000e+1,,,
1.359687500e+2,-4.409375000e-2,9.187500000e+0,-2.016000000e+1,,,
1.320000000e+2,-4.000000000e-2,9.993750000e+0,-1.949325000e+1,,,
1.359843750e+2,-4.800000000e-2,9.193750000e+0,-2.082675000e+1,,,
1.340000000e+2,-4.803125000e-2,9.600000000e+0,-2.083725000e+1,,,
1.340000000e+2,-4.403125000e-2,9.596875000e+0,-1.948800000e+1,,,
1.339843750e+2,-5.200000000e-2,9.596875000e+0,-2.082675000e+1,,,
1.340000000e+2,-4.015625000e-2,1.000312500e+1,-2.016525000e+1,,,
1.300000000e+2,-4.387500000e-2,9.190625000e+0,-2.218125000e+1,,,
1.340000000e+2,-4.796875000e-2,9.215625000e+0,-2.083200000e+1,,,
1.299843750e+2,-5.200000000e-2,1.040625000e+1,-2.149350000e+1,,,
1.360156250e+2,-5.196875000e-2,1.079687500e+1,-2.019150000e+1,,,
1.360000000e+2,-6.003125000e-2,1.038750000e+1,-2.351475000e+1,,,
1.340000000e+2,-4.831250000e-2,9.612500000e+0,-2.153550000e+1,,,
1.299843750e+2,-4.787500000e-2,9.603125000e+0,-2.083725000e+1,,,
1.299843750e+2,-5.596875000e-2,1.039687500e+1,-2.217600000e+1,,,
1.340156250e+2,-5.603125000e-2,1.000312500e+1,-2.284800000e+1,,,
1.300000000e+2,-5.200000000e-2,1.120000000e+1,-2.284275000e+1,,,
1.339843750e+2,-4.800000000e-2,1.119687500e+1,-2.150400000e+1,,,
1.300468750e+2,-5.200000000e-2,1.120312500e+1,-2.352000000e+1,,,
1.299843750e+2,-5.618750000e-2,1.040937500e+1,-2.419200000e+1,,,
1.299843750e+2,-5.200000000e-2,1.080000000e+1,-2.350950000e+1,,,
1.300312500e+2,-6.403125000e-2,1.079375000e+1,-2.150925000e+1,,,
1.319843750e+2,-5.593750000e-2,1.040000000e+1,-2.287425000e+1,,,
1.279687500e+2,-4.800000000e-2,1.120312500e+1,-2.419200000e+1,,,
1.279843750e+2,-5.603125000e-2,1.120312500e+1,-2.285325000e+1,,,
1.260156250e+2,-5.203125000e-2,1.200000000e+1,-2.352000000e+1,,,
1.299687500e+2,-5.593750000e-2,1.080000000e+1,-2.351475000e+1,,,
1.280625000e+2,-5.609375000e-2,1.080312500e+1,-2.420250000e+1,,,
1.260000000e+2,-4.790625000e-2,1.120312500e+1,-2.620800000e+1,,,
1.260000000e+2,-6.003125000e-2,1.202187500e+1,-2.415000000e+1,,,
1.259687500e+2,-3.996875000e-2,1.239062500e+1,-2.419725000e+1,,,
1.280156250e+2,-5.193750000e-2,1.160000000e+1,-2.486400000e+1,,,
1.240781250e+2,-5.625000000e-2,1.197187500e+1,-2.418675000e+1,,,
1.240781250e+2,-4.800000000e-2,1.239375000e+1,-2.352000000e+1,,,
1.300000000e+2,-5.600000000e-2,1.200312500e+1,-2.419725000e+1,,,
1.259843750e+2,-5.200000000e-2,1.320000000e+1,-2.485875000e+1,,,
1.279843750e+2,-4.400000000e-2,1.199062500e+1,-2.419200000e+1,,,
1.240000000e+2,-5.200000000e-2,1.280000000e+1,-2.485875000e+1,,,
1.260000000e+2,-5.200000000e-2,1.360312500e+1,-2.553075000e+1,,,
1.240000000e+2,-5.600000000e-2,1.280625000e+1,-2.553600000e+1,,,
1.180000000e+2,-4.809375000e-2,1.319375000e+1,-2.688000000e+1,,,
1.219843750e+2,-4.400000000e-2,1.359687500e+1,-2.620800000e+1,,,
1.220000000e+2,-5.203125000e-2,1.358437500e+1,-2.621325000e+1,,,
1.199687500e+2,-3.984375000e-2,1.160000000e+1,-2.552025000e+1,,,
1.240000000e+2,-3.606250000e-2,1.319375000e+1,-2.755725000e+1,,,
1.179843750e+2,-5.203125000e-2,1.281250000e+1,-2.488500000e+1,,,
1.220156250e+2,-3.606250000e-2,1.320000000e+1,-2.620800000e+1,,,
1.140000000e+2,-4.793750000e-2,1.320000000e+1,-2.552025000e+1,,,
1.180000000e+2,-4.400000000e-2,1.361875000e+1,-2.558325000e+1,,,
1.140000000e+2,-4.803125000e-2,1.398437500e+1,-2.755725000e+1,,,
1.220312500e+2,-4.800000000e-2,1.279375000e+1,-2.619225000e+1,,,
1.199687500e+2,-4.403125000e-2,1.320312500e+1,-2.620800000e+1,,,
1.200156250e+2,-3.993750000e-2,1.320312500e+1,-2.619750000e+1,,,
1.160156250e+2,-5.184375000e-2,1.359375000e+1,-2.755200000e+1,,,
1.140000000e+2,-5.606250000e-2,1.399375000e+1,-2.687475000e+1,,,
1.159375000e+2,-3.593750000e-2,1.319687500e+1,-2.688525000e+1,,,
1.199687500e+2,-4.000000000e-2,1.359375000e+1,-2.620800000e+1,,,
1.199843750e+2,-3.996875000e-2,1.440000000e+1,-2.755200000e+1,,,
1.201093750e+2,-5.200000000e-2,1.440312500e+1,-2.756775000e+1,,,
1.119218750e+2,-4.400000000e-2,1.364375000e+1,-2.687475000e+1,,,
1.140781250e+2,-4.800000000e-2,1.200000000e+1,-2.755200000e+1,,,
1.160000000e+2,-4.796875000e-2,1.400625000e+1,-2.620275000e+1,,,
1.159687500e+2,-5.206250000e-2,1.320000000e+1,-2.889600000e+1,,,
1.140156250e+2,-5.596875000e-2,1.440312500e+1,-2.685375000e+1,,,
1.160000000e+2,-4.790625000e-2,1.398437500e+1,-2.620800000e+1,,,
1.119531250e+2,-4.393750000e-2,1.358750000e+1,-2.752050000e+1,,,
1.099531250e+2,-5.196875000e-2,1.439375000e+1,-2.890125000e+1,,,
1.139687500e+2,-4.803125000e-2,1.519687500e+1,-2.889600000e+1,,,
1.120468750e+2,-4.800000000e-2,1.479375000e+1,-2.889600000e+1,,,
1.099843750e+2,-4.400000000e-2,1.479687500e+1,-2.957325000e+1,,,
1.119843750e+2,-4.800000000e-2,1.480625000e+1,-2.956800000e+1,,,
1.100625000e+2,-5.200000000e-2,1.559687500e+1,-2.957850000e+1,,,
1.080156250e+2,-5.203125000e-2,1.560312500e+1,-2.822400000e+1,,,
1.120312500e+2,-5.200000000e-2,1.519687500e+1,-2.956800000e+1,,,
1.119687500e+2,-5.200000000e-2,1.480000000e+1,-2.822400000e+1,,,
1.100312500e+2,-5.603125000e-2,1.560000000e+1,-2.890650000e+1,,,
1.119687500e+2,-5.593750000e-2,1.638750000e+1,-3.092250000e+1,,,
1.040000000e+2,-4.000000000e-2,1.480000000e+1,-3.091200000e+1,,,
1.060156250e+2,-5.965625000e-2,1.516250000e+1,-3.024525000e+1,,,
1.100156250e+2,-6.400000000e-2,1.560000000e+1,-2.956275000e+1,,,
1.100156250e+2,-5.593750000e-2,1.480000000e+1,-2.889075000e+1,,,
1.060000000e+2,-4.800000000e-2,1.679687500e+1,-3.023475000e+1,,,
1.079843750e+2,-5.206250000e-2,1.557812500e+1,-3.024525000e+1,,,
1.040000000e+2,-5.603125000e-2,1.480937500e+1,-3.091200000e+1,,,
1.059843750e+2,-5.596875000e-2,1.599375000e+1,-3.159450000e+1,,,
1.060468750e+2,-5.587500000e-2,1.562812500e+1,-3.022950000e+1,,,
1.000000000e+2,-6.000000000e-2,1.560625000e+1,-3.158400000e+1,,,
1.040000000e+2,-5.600000000e-2,1.599687500e+1,-3.091725000e+1,,,
1.099843750e+2,-5.996875000e-2,1.560312500e+1,-3.297525000e+1,,,
1.039375000e+2,-4.787500000e-2,1.640000000e+1,-3.290700000e+1,,,
1.020156250e+2,-4.806250000e-2,1.559375000e+1,-2.956800000e+1,,,
1.020000000e+2,-5.200000000e-2,1.677812500e+1,-3.025050000e+1,,,
1.040000000e+2,-5.200000000e-2,1.759687500e+1,-3.158400000e+1,,,
1.020000000e+2,-5.603125000e-2,1.680312500e+1,-3.292800000e+1,,,
1.020000000e+2,-5.596875000e-2,1.640000000e+1,-3.156825000e+1,,,
9.800000000e+1,-4.800000000e-2,1.680312500e+1,-3.091200000e+1,,,
9.992187500e+1,-5.200000000e-2,1.720000000e+1,-3.157875000e+1,,,
1.039843750e+2,-4.803125000e-2,1.720625000e+1,-3.225600000e+1,,,
1.020156250e+2,-5.993750000e-2,1.640937500e+1,-3.225600000e+1,,,
1.019843750e+2,-5.193750000e-2,1.679375000e+1,-3.225600000e+1,,,
9.996875000e+1,-4.793750000e-2,1.759687500e+1,-3.225075000e+1,,,
9.796875000e+1,-4.009375000e-2,1.719687500e+1,-3.091725000e+1,,,
9.803125000e+1,-5.621875000e-2,1.719375000e+1,-3.359475000e+1,,,
9.998437500e+1,-5.578125000e-2,1.600000000e+1,-3.292800000e+1,,,
9.800000000e+1,-4.396875000e-2,1.679687500e+1,-3.225600000e+1,,,
9.998437500e+1,-4.796875000e-2,1.639375000e+1,-3.292800000e+1,,,
9.806250000e+1,-5.200000000e-2,1.840312500e+1,-3.292800000e+1,,,
9.600000000e+1,-5.996875000e-2,1.679375000e+1,-3.292275000e+1,,,
9.798437500e+1,-5.593750000e-2,1.882812500e+1,-3.226125000e+1,,,
9.800000000e+1,-4.793750000e-2,1.839375000e+1,-3.360000000e+1,,,
9.800000000e+1,-4.403125000e-2,1.760000000e+1,-3.292800000e+1,,,
9.609375000e+1,-5.187500000e-2,1.839375000e+1,-3.426150000e+1,,,
9.403125000e+1,-5.203125000e-2,1.800000000e+1,-3.427200000e+1,,,
9.592187500e+1,-4.803125000e-2,1.880000000e+1,-3.427200000e+1,,,
9.001562500e+1,-5.609375000e-2,1.879062500e+1,-3.427200000e+1,,,
9.804687500e+1,-5.596875000e-2,1.840000000e+1,-3.427200000e+1,,,
9.598437500e+1,-5.193750000e-2,1.880000000e+1,-3.427725000e+1,,,
9.396875000e+1,-4.803125000e-2,1.920000000e+1,-3.494925000e+1,,,
9.000000000e+1,-5.193750000e-2,1.920000000e+1,-3.495975000e+1,,,
9.204687500e+1,-5.200000000e-2,1.880937500e+1,-3.427200000e+1,,,
9.600000000e+1,-5.196875000e-2,1.841250000e+1,-3.628800000e+1,,,
9.400000000e+1,-5.212500000e-2,2.040000000e+1,-3.561600000e+1,,,
8.798437500e+1,-6.006250000e-2,1.880000000e+1,-3.628800000e+1,,,
9.200000000e+1,-5.590625000e-2,1.880937500e+1,-3.427200000e+1,,,
8.803125000e+1,-5.196875000e-2,1.920625000e+1,-3.558450000e+1,,,
9.001562500e+1,-4.400000000e-2,1.840937500e+1,-3.561600000e+1,,,
9.200000000e+1,-4.806250000e-2,1.840625000e+1,-3.562125000e+1,,,
8.993750000e+1,-6.003125000e-2,1.962187500e+1,-3.561600000e+1,,,
8.595312500e+1,-5.587500000e-2,1.999375000e+1,-3.491250000e+1,,,
8.603125000e+1,-5.203125000e-2,1.918750000e+1,-3.361050000e+1,,,
8.800000000e+1,-5.193750000e-2,1.920625000e+1,-3.561075000e+1,,,
8.800000000e+1,-4.006250000e-2,1.959375000e+1,-3.561075000e+1,,,
9.398437500e+1,-4.806250000e-2,1.960000000e+1,-3.696000000e+1,,,
8.400000000e+1,-5.203125000e-2,1.960000000e+1,-3.494925000e+1,,,
9.193750000e+1,-5.593750000e-2,1.960000000e+1,-3.695475000e+1,,,
8.801562500e+1,-4.803125000e-2,1.959687500e+1,-3.629325000e+1,,,
8.793750000e+1,-5.600000000e-2,2.040312500e+1,-3.829875000e+1,,,
9.003125000e+1,-4.400000000e-2,2.040000000e+1,-3.698100000e+1,,,
8.390625000e+1,-5.203125000e-2,2.040000000e+1,-3.629325000e+1,,,
8.607812500e+1,-4.400000000e-2,2.000000000e+1,-3.695475000e+1,,,
8.798437500e+1,-5.206250000e-2,1.999687500e+1,-3.761625000e+1,,,
8.600000000e+1,-4.800000000e-2,2.080000000e+1,-3.897600000e+1,,,
8.587500000e+1,-5.615625000e-2,2.079062500e+1,-3.764250000e+1,,,
7.800000000e+1,-5.603125000e-2,2.000312500e+1,-3.695475000e+1,,,
8.609375000e+1,-5.600000000e-2,1.997500000e+1,-3.762675000e+1,,,
8.600000000e+1,-4.800000000e-2,2.080000000e+1,-3.763200000e+1,,,
8.603125000e+1,-5.600000000e-2,2.040000000e+1,-3.830400000e+1,,,
8.003125000e+1,-4.787500000e-2,2.000312500e+1,-3.765825000e+1,,,
7.800000000e+1,-4.009375000e-2,2.162500000e+1,-4.031475000e+1,,,
7.796875000e+1,-5.212500000e-2,2.158437500e+1,-3.696000000e+1,,,
8.195312500e+1,-4.793750000e-2,2.040000000e+1,-3.830400000e+1,,,
8.398437500e+1,-5.181250000e-2,2.119062500e+1,-3.697575000e+1,,,
8.398437500e+1,-5.600000000e-2,2.080000000e+1,-3.694950000e+1,,,
8.406250000e+1,-5.196875000e-2,2.160000000e+1,-3.830400000e+1,,,
8.592187500e+1,-5.200000000e-2,2.079687500e+1,-3.830400000e+1,,,
7.398437500e+1,-4.793750000e-2,2.080625000e+1,-3.897600000e+1,,,
8.200000000e+1,-4.396875000e-2,2.159375000e+1,-3.897600000e+1,,,
7.996875000e+1,-4.793750000e-2,2.161250000e+1,-3.965325000e+1,,,
7.598437500e+1,-5.996875000e-2,2.118437500e+1,-3.965325000e+1,,,
7.598437500e+1,-4.787500000e-2,2.280625000e+1,-3.964275000e+1,,,
7.400000000e+1,-5.209375000e-2,2.119687500e+1,-4.032000000e+1,,,
8.200000000e+1,-5.196875000e-2,2.360937500e+1,-3.898125000e+1,,,
7.800000000e+1,-5.193750000e-2,2.199375000e+1,-3.963750000e+1,,,
7.400000000e+1,-4.796875000e-2,2.240000000e+1,-3.964800000e+1,,,
7.998437500e+1,-5.200000000e-2,2.282187500e+1,-3.898650000e+1,,,
7.798437500e+1,-5.596875000e-2,2.200000000e+1,-3.963225000e+1,,,
8.200000000e+1,-5.200000000e-2,2.279687500e+1,-4.166925000e+1,,,
7.593750000e+1,-5.593750000e-2,2.240312500e+1,-4.030425000e+1,,,
7.401562500e+1,-3.993750000e-2,2.320625000e+1,-3.964800000e+1,,,
7.600000000e+1,-4.803125000e-2,2.279687500e+1,-4.033050000e+1,,,
7.601562500e+1,-4.000000000e-2,2.280000000e+1,-4.032000000e+1,,,
7.801562500e+1,-4.784375000e-2,2.319687500e+1,-3.964800000e+1,,,
7.409375000e+1,-4.403125000e-2,2.360000000e+1,-3.962700000e+1,,,
7.195312500e+1,-4.793750000e-2,2.280000000e+1,-4.166400000e+1,,,
7.592187500e+1,-4.812500000e-2,2.360625000e+1,-4.098675000e+1,,,
7.421875000e+1,-4.387500000e-2,2.319687500e+1,-4.032000000e+1,,,
6.793750000e+1,-6.390625000e-2,2.279687500e+1,-4.032000000e+1,,,
7.395312500e+1,-4.865625000e-2,2.319375000e+1,-3.966900000e+1,,,
6.996875000e+1,-4.781250000e-2,2.320000000e+1,-3.893925000e+1,,,
7.401562500e+1,-5.600000000e-2,2.359375000e+1,-4.300275000e+1,,,
7.596875000e+1,-4.806250000e-2,2.358750000e+1,-4.097625000e+1,,,
6.796875000e+1,-4.400000000e-2,2.280625000e+1,-4.166400000e+1,,,
6.806250000e+1,-4.800000000e-2,2.440000000e+1,-4.099200000e+1,,,
7.198437500e+1,-4.400000000e-2,2.361250000e+1,-4.233600000e+1,,,
6.600000000e+1,-5.590625000e-2,2.353750000e+1,-4.103400000e+1,,,
6.993750000e+1,-4.809375000e-2,2.480000000e+1,-4.099200000e+1,,,
6.804687500e+1,-5.196875000e-2,2.318750000e+1,-4.302900000e+1,,,
6.598437500e+1,-4.803125000e-2,2.404687500e+1,-4.298700000e+1,,,
7.204687500e+1,-4.800000000e-2,2.478437500e+1,-4.166400000e+1,,,
6.200000000e+1,-4.800000000e-2,2.399687500e+1,-4.301850000e+1,,,
7.193750000e+1,-4.796875000e-2,2.440000000e+1,-4.300800000e+1,,,
6.595312500e+1,-4.803125000e-2,2.360000000e+1,-4.300800000e+1,,,
7.006250000e+1,-4.793750000e-2,2.440000000e+1,-4.165875000e+1,,,
6.796875000e+1,-5.603125000e-2,2.439375000e+1,-4.235175000e+1,,,
6.200000000e+1,-4.400000000e-2,2.440937500e+1,-4.368000000e+1,,,
6.803125000e+1,-4.400000000e-2,2.480000000e+1,-4.368000000e+1,,,
7.001562500e+1,-5.190625000e-2,2.279062500e+1,-4.367475000e+1,,,
6.400000000e+1,-5.621875000e-2,2.396250000e+1,-4.300800000e+1,,,
6.598437500e+1,-4.406250000e-2,2.439687500e+1,-4.368000000e+1,,,
6.001562500e+1,-4.800000000e-2,2.520000000e+1,-4.300800000e+1,,,
6.196875000e+1,-5.200000000e-2,2.478750000e+1,-4.300800000e+1,,,
6.800000000e+1,-6.000000000e-2,2.440000000e+1,-4.368000000e+1,,,
6.201562500e+1,-5.196875000e-2,2.520312500e+1,-4.300800000e+1,,,
6.395312500e+1,-5.200000000e-2,2.520000000e+1,-4.368525000e+1,,,
6.400000000e+1,-5.212500000e-2,2.520312500e+1,-4.301325000e+1,,,
6.200000000e+1,-4.406250000e-2,2.479062500e+1,-4.503450000e+1,,,
6.400000000e+1,-4.796875000e-2,2.481875000e+1,-4.435725000e+1,,,
6.193750000e+1,-4.800000000e-2,2.640937500e+1,-4.571175000e+1,,,
5.800000000e+1,-5.203125000e-2,2.637812500e+1,-4.567500000e+1,,,
6.400000000e+1,-4.396875000e-2,2.518750000e+1,-4.435725000e+1,,,
5.800000000e+1,-5.587500000e-2,2.556875000e+1,-4.435200000e+1,,,
6.000000000e+1,-4.815625000e-2,2.680312500e+1,-4.503450000e+1,,,
5.798437500e+1,-4.800000000e-2,2.678437500e+1,-4.636800000e+1,,,
6.198437500e+1,-4.800000000e-2,2.560000000e+1,-4.435200000e+1,,,
5.801562500e+1,-5.200000000e-2,2.680000000e+1,-4.502400000e+1,,,
5.595312500e+1,-5.200000000e-2,2.600312500e+1,-4.435200000e+1,,,
6.000000000e+1,-6.000000000e-2,2.719687500e+1,-4.569600000e+1,,,
5.603125000e+1,-5.228125000e-2,2.645937500e+1,-4.570125000e+1,,,
5.803125000e+1,-5.200000000e-2,2.520000000e+1,-4.569600000e+1,,,
5.795312500e+1,-5.200000000e-2,2.600937500e+1,-4.569600000e+1,,,
5.603125000e+1,-4.800000000e-2,2.640000000e+1,-4.637850000e+1,,,
6.000000000e+1,-4.803125000e-2,2.640312500e+1,-4.704000000e+1,,,
5.390625000e+1,-5.203125000e-2,2.721250000e+1,-4.637325000e+1,,,
5.204687500e+1,-5.206250000e-2,2.763125000e+1,-4.569600000e+1,,,
5.600000000e+1,-4.790625000e-2,2.560000000e+1,-4.638900000e+1,,,
5.203125000e+1,-6.000000000e-2,2.721250000e+1,-4.771200000e+1,,,
5.596875000e+1,-4.812500000e-2,2.679687500e+1,-4.570650000e+1,,,
6.001562500e+1,-4.796875000e-2,2.681562500e+1,-4.908225000e+1,,,
5.000000000e+1,-5.600000000e-2,2.720312500e+1,-4.635750000e+1,,,
5.792187500e+1,-4.803125000e-2,2.680000000e+1,-4.636800000e+1,,,
5.410937500e+1,-5.221875000e-2,2.676562500e+1,-4.704525000e+1,,,
5.203125000e+1,-3.600000000e-2,2.840625000e+1,-4.704000000e+1,,,
5.398437500e+1,-5.200000000e-2,2.799687500e+1,-4.704000000e+1,,,
5.001562500e+1,-5.600000000e-2,2.760000000e+1,-4.703475000e+1,,,
5.600000000e+1,-4.003125000e-2,2.799687500e+1,-4.703475000e+1,,,
5.203125000e+1,-6.000000000e-2,2.760000000e+1,-4.838925000e+1,,,
4.800000000e+1,-4.809375000e-2,2.840312500e+1,-4.636275000e+1,,,
5.200000000e+1,-5.200000000e-2,2.759375000e+1,-4.838400000e+1,,,
4.801562500e+1,-4.400000000e-2,2.879687500e+1,-4.839975000e+1,,,
4.800000000e+1,-4.800000000e-2,2.720625000e+1,-4.771200000e+1,,,
4.800000000e+1,-4.006250000e-2,2.721250000e+1,-4.837875000e+1,,,
4.800000000e+1,-3.606250000e-2,2.800000000e+1,-4.973325000e+1,,,
4.998437500e+1,-5.209375000e-2,2.719687500e+1,-4.838925000e+1,,,
5.201562500e+1,-6.009375000e-2,2.875625000e+1,-4.836825000e+1,,,
4.801562500e+1,-4.806250000e-2,2.879375000e+1,-4.905600000e+1,,,
4.800000000e+1,-5.196875000e-2,2.760000000e+1,-4.769625000e+1,,,
5.400000000e+1,-4.800000000e-2,2.920312500e+1,-4.845225000e+1,,,
4.793750000e+1,-5.206250000e-2,2.798750000e+1,-5.107200000e+1,,,
4.803125000e+1,-6.000000000e-2,2.920937500e+1,-4.902975000e+1,,,
5.003125000e+1,-5.206250000e-2,2.838125000e+1,-4.906650000e+1,,,
5.003125000e+1,-4.815625000e-2,2.755312500e+1,-4.971225000e+1,,,
4.200000000e+1,-4.006250000e-2,2.958750000e+1,-5.041575000e+1,,,
4.998437500e+1,-4.393750000e-2,2.918125000e+1,-4.837875000e+1,,,
4.610937500e+1,-5.606250000e-2,2.840312500e+1,-4.972275000e+1,,,
4.195312500e+1,-5.600000000e-2,2.999687500e+1,-5.040525000e+1,,,
4.604687500e+1,-5.200000000e-2,2.920000000e+1,-4.972800000e+1,,,
3.987500000e+1,-5.600000000e-2,2.880000000e+1,-4.971750000e+1,,,
5.201562500e+1,-4.800000000e-2,2.879687500e+1,-5.040525000e+1,,,
3.984375000e+1,-4.400000000e-2,2.920000000e+1,-4.973325000e+1,,,
4.201562500e+1,-4.806250000e-2,2.879062500e+1,-5.107200000e+1,,,
3.800000000e+1,-5.596875000e-2,2.800000000e+1,-5.040000000e+1,,,
4.200000000e+1,-4.387500000e-2,2.880625000e+1,-5.038950000e+1,,,
4.006250000e+1,-4.409375000e-2,2.999375000e+1,-4.838400000e+1,,,
4.800000000e+1,-4.803125000e-2,2.881562500e+1,-5.038425000e+1,,,
3.812500000e+1,-4.009375000e-2,2.919687500e+1,-4.973325000e+1,,,
3.790625000e+1,-3.996875000e-2,2.920000000e+1,-5.107200000e+1,,,
4.200000000e+1,-4.800000000e-2,3.000625000e+1,-5.107200000e+1,,,
3.801562500e+1,-4.000000000e-2,3.039062500e+1,-4.972800000e+1,,,
3.800000000e+1,-4.800000000e-2,2.960312500e+1,-5.107725000e+1,,,
3.600000000e+1,-5.603125000e-2,3.079375000e+1,-5.108250000e+1,,,
3.804687500e+1,-5.600000000e-2,3.000937500e+1,-5.107725000e+1,,,
3.793750000e+1,-6.000000000e-2,2.960000000e+1,-5.241600000e+1,,,
3.200000000e+1,-5.600000000e-2,3.001250000e+1,-5.107200000e+1,,,
3.806250000e+1,-5.203125000e-2,3.120000000e+1,-5.107200000e+1,,,
3.798437500e+1,-5.996875000e-2,2.999375000e+1,-5.107725000e+1,,,
3.400000000e+1,-4.400000000e-2,3.040000000e+1,-5.241600000e+1,,,
3.201562500e+1,-5.175000000e-2,2.920000000e+1,-5.174925000e+1,,,
3.803125000e+1,-6.000000000e-2,3.039375000e+1,-5.107200000e+1,,,
3.601562500e+1,-5.193750000e-2,3.040000000e+1,-5.107200000e+1,,,
3.398437500e+1,-4.403125000e-2,3.159687500e+1,-5.173875000e+1,,,
3.800000000e+1,-5.206250000e-2,3.079687500e+1,-5.241600000e+1,,,
3.403125000e+1,-5.203125000e-2,3.119687500e+1,-5.174400000e+1,,,
2.998437500e+1,-5.593750000e-2,3.040000000e+1,-5.241600000e+1,,,
3.595312500e+1,-4.803125000e-2,3.081875000e+1,-5.241600000e+1,,,
3.600000000e+1,-5.596875000e-2,3.000312500e+1,-5.308275000e+1,,,
3.600000000e+1,-6.003125000e-2,3.120312500e+1,-5.376525000e+1,,,
3.601562500e+1,-5.993750000e-2,3.039062500e+1,-5.374950000e+1,,,
3.598437500e+1,-4.384375000e-2,3.082812500e+1,-5.309850000e+1,,,
3.198437500e+1,-4.412500000e-2,3.119375000e+1,-5.443200000e+1,,,
3.000000000e+1,-5.200000000e-2,3.080000000e+1,-5.241600000e+1,,,
3.400000000e+1,-4.800000000e-2,3.160625000e+1,-5.376000000e+1,,,
4.000000000e+1,-5.206250000e-2,3.200000000e+1,-5.309325000e+1,,,
3.200000000e+1,-6.400000000e-2,3.160000000e+1,-5.310900000e+1,,,
2.800000000e+1,-5.193750000e-2,3.080000000e+1,-5.510400000e+1,,,
3.196875000e+1,-5.603125000e-2,3.160312500e+1,-5.308800000e+1,,,
3.003125000e+1,-4.796875000e-2,3.200000000e+1,-5.510400000e+1,,,
2.998437500e+1,-4.806250000e-2,3.200000000e+1,-5.443725000e+1,,,
3.203125000e+1,-3.996875000e-2,3.160312500e+1,-5.443200000e+1,,,
3.193750000e+1,-4.406250000e-2,3.119687500e+1,-5.509875000e+1,,,
2.801562500e+1,-5.212500000e-2,3.200000000e+1,-5.241600000e+1,,,
3.203125000e+1,-5.587500000e-2,3.160312500e+1,-5.442675000e+1,,,
2.996875000e+1,-4.400000000e-2,3.240000000e+1,-5.376000000e+1,,,
3.000000000e+1,-5.196875000e-2,3.120000000e+1,-5.577600000e+1,,,
3.000000000e+1,-3.606250000e-2,3.199375000e+1,-5.443725000e+1,,,
3.000000000e+1,-5.200000000e-2,3.240312500e+1,-5.510400000e+1,,,
3.000000000e+1,-5.606250000e-2,3.199687500e+1,-5.576025000e+1,,,
3.000000000e+1,-5.606250000e-2,3.241250000e+1,-5.443725000e+1,,,
2.798437500e+1,-5.993750000e-2,3.280000000e+1,-5.712000000e+1,,,
2.803125000e+1,-4.396875000e-2,3.240000000e+1,-5.510400000e+1,,,
2.401562500e+1,-5.184375000e-2,3.280625000e+1,-5.508825000e+1,,,
2.809375000e+1,-5.200000000e-2,3.200000000e+1,-5.644275000e+1,,,
2.998437500e+1,-5.203125000e-2,3.280000000e+1,-5.643225000e+1,,,
2.798437500e+1,-5.603125000e-2,3.200937500e+1,-5.510400000e+1,,,
2.798437500e+1,-5.190625000e-2,3.400312500e+1,-5.644275000e+1,,,
2.600000000e+1,-4.806250000e-2,3.320000000e+1,-5.708850000e+1,,,
2.798437500e+1,-5.600000000e-2,3.280000000e+1,-5.308800000e+1,,,
2.200000000e+1,-5.200000000e-2,3.318125000e+1,-5.640075000e+1,,,
2.806250000e+1,-6.006250000e-2,3.320625000e+1,-5.712000000e+1,,,
2.800000000e+1,-5.584375000e-2,3.280937500e+1,-5.644800000e+1,,,
2.400000000e+1,-4.787500000e-2,3.400000000e+1,-5.846925000e+1,,,
1.400000000e+1,-4.815625000e-2,3.240000000e+1,-5.644800000e+1,,,
2.600000000e+1,-6.021875000e-2,3.280937500e+1,-5.779200000e+1,,,
2.210937500e+1,-6.393750000e-2,3.360000000e+1,-5.713575000e+1,,,
2.000000000e+1,-5.600000000e-2,3.359687500e+1,-5.779200000e+1,,,
2.404687500e+1,-5.600000000e-2,3.439687500e+1,-5.778675000e+1,,,
2.595312500e+1,-5.200000000e-2,3.359375000e+1,-5.779725000e+1,,,
1.987500000e+1,-5.203125000e-2,3.399687500e+1,-5.848500000e+1,,,
1.807812500e+1,-5.193750000e-2,3.361562500e+1,-5.913600000e+1,,,
2.401562500e+1,-4.809375000e-2,3.479375000e+1,-5.780775000e+1,,,
2.200000000e+1,-6.006250000e-2,3.323125000e+1,-5.578650000e+1,,,
2.200000000e+1,-4.400000000e-2,3.400000000e+1,-5.510925000e+1,,,
2.204687500e+1,-5.612500000e-2,3.439375000e+1,-5.710950000e+1,,,
9.968750000e+0,-5.590625000e-2,3.399687500e+1,-5.779200000e+1,,,
2.198437500e+1,-5.206250000e-2,3.480000000e+1,-5.779725000e+1,,,
1.407812500e+1,-6.003125000e-2,3.399375000e+1,-5.845875000e+1,,,
1.987500000e+1,-5.200000000e-2,3.358125000e+1,-5.847450000e+1,,,
2.185937500e+1,-5.203125000e-2,3.516562500e+1,-5.712000000e+1,,,
1.595312500e+1,-5.203125000e-2,3.520312500e+1,-5.779200000e+1,,,
1.800000000e+1,-5.193750000e-2,3.399687500e+1,-5.776575000e+1,,,
1.395312500e+1,-4.796875000e-2,3.560000000e+1,-6.048000000e+1,,,
1.604687500e+1,-5.215625000e-2,3.438125000e+1,-5.846925000e+1,,,
1.804687500e+1,-6.021875000e-2,3.439687500e+1,-5.913600000e+1,,,
1.996875000e+1,-6.400000000e-2,3.477187500e+1,-5.781300000e+1,,,
1.406250000e+1,-5.200000000e-2,3.560000000e+1,-5.779200000e+1,,,
9.953125000e+0,-5.600000000e-2,3.520000000e+1,-5.913600000e+1,,,
1.596875000e+1,-4.796875000e-2,3.519687500e+1,-5.780775000e+1,,,
1.601562500e+1,-5.615625000e-2,3.480000000e+1,-6.048525000e+1,,,
1.201562500e+1,-6.000000000e-2,3.520000000e+1,-5.846400000e+1,,,
1.393750000e+1,-5.587500000e-2,3.480000000e+1,-5.980800000e+1,,,
1.604687500e+1,-4.806250000e-2,3.522187500e+1,-5.981325000e+1,,,
1.200000000e+1,-5.206250000e-2,3.440000000e+1,-5.981325000e+1,,,
1.604687500e+1,-5.193750000e-2,3.599687500e+1,-5.913600000e+1,,,
1.393750000e+1,-4.800000000e-2,3.519687500e+1,-5.914125000e+1,,,
1.000000000e+1,-5.209375000e-2,3.520937500e+1,-5.980800000e+1,,,
1.400000000e+1,-5.184375000e-2,3.639687500e+1,-5.980800000e+1,,,
1.398437500e+1,-4.000000000e-2,3.561875000e+1,-6.048525000e+1,,,
1.000000000e+1,-5.209375000e-2,3.558125000e+1,-6.114675000e+1,,,
1.400000000e+1,-4.803125000e-2,3.680312500e+1,-6.116250000e+1,,,
1.200000000e+1,-5.606250000e-2,3.520312500e+1,-5.980800000e+1,,,
6.000000000e+0,-5.196875000e-2,3.600937500e+1,-6.048525000e+1,,,
1.400000000e+1,-5.612500000e-2,3.600312500e+1,-5.912550000e+1,,,
5.984375000e+0,-5.603125000e-2,3.680000000e+1,-6.115200000e+1,,,
1.196875000e+1,-6.000000000e-2,3.679687500e+1,-5.847975000e+1,,,
1.198437500e+1,-5.996875000e-2,3.719687500e+1,-6.112050000e+1,,,
1.600000000e+1,-5.600000000e-2,3.720312500e+1,-6.248550000e+1,,,
7.984375000e+0,-6.009375000e-2,3.600312500e+1,-6.046950000e+1,,,
1.404687500e+1,-6.390625000e-2,3.720625000e+1,-6.048000000e+1,,,
9.921875000e+0,-5.178125000e-2,3.640000000e+1,-6.048525000e+1,,,
6.031250000e+0,-4.809375000e-2,3.720000000e+1,-6.182400000e+1,,,
1.195312500e+1,-5.615625000e-2,3.760000000e+1,-6.182400000e+1,,,
8.125000000e+0,-4.409375000e-2,3.720000000e+1,-6.048525000e+1,,,
5.906250000e+0,-5.184375000e-2,3.640312500e+1,-6.115200000e+1,,,
1.400000000e+1,-5.609375000e-2,3.641250000e+1,-6.115200000e+1,,,
6.203125000e+0,-4.796875000e-2,3.759687500e+1,-6.115725000e+1,,,
5.875000000e+0,-5.612500000e-2,3.600625000e+1,-6.182400000e+1,,,
8.046875000e+0,-4.018750000e-2,3.754375000e+1,-6.317850000e+1,,,
6.000000000e+0,-5.181250000e-2,3.801875000e+1,-6.050100000e+1,,,
8.000000000e+0,-5.206250000e-2,3.639062500e+1,-6.115200000e+1,,,
5.984375000e+0,-5.596875000e-2,3.839687500e+1,-6.046950000e+1,,,
3.984375000e+0,-6.400000000e-2,3.599062500e+1,-6.047475000e+1,,,
2.000000000e+0,-5.600000000e-2,3.800000000e+1,-6.182400000e+1,,,
2.000000000e+0,-5.200000000e-2,3.800000000e+1,-6.249600000e+1,,,
2.000000000e+0,-5.584375000e-2,3.879375000e+1,-6.250125000e+1,,,
3.968750000e+0,-5.609375000e-2,3.760625000e+1,-6.249600000e+1,,,
4.031250000e+0,-5.196875000e-2,3.680937500e+1,-6.316800000e+1,,,
3.968750000e+0,-5.993750000e-2,3.800000000e+1,-6.248550000e+1,,,
1.003125000e+1,-6.003125000e-2,3.719062500e+1,-6.250125000e+1,,,
3.968750000e+0,-5.606250000e-2,3.800625000e+1,-6.316800000e+1,,,
1.198437500e+1,-5.203125000e-2,3.760312500e+1,-6.249600000e+1,,,
1.875000000e+0,-5.590625000e-2,3.719375000e+1,-6.316800000e+1,,,
2.062500000e+0,-5.606250000e-2,3.640000000e+1,-6.386100000e+1,,,
6.015625000e+0,-4.803125000e-2,3.761562500e+1,-6.516825000e+1,,,
8.000000000e+0,-4.800000000e-2,3.759687500e+1,-6.182400000e+1,,,
5.968750000e+0,-4.400000000e-2,3.800000000e+1,-6.319425000e+1,,,
2.015625000e+0,-5.190625000e-2,3.799062500e+1,-6.382950000e+1,,,
2.000000000e+0,-5.234375000e-2,3.758437500e+1,-6.250650000e+1,,,
2.000000000e+0,-4.006250000e-2,3.840000000e+1,-6.249600000e+1,,,
4.000000000e+0,-4.000000000e-2,3.760000000e+1,-6.316800000e+1,,,
1.984375000e+0,-4.000000000e-2,3.839687500e+1,-6.181875000e+1,,,
6.000000000e+0,-5.203125000e-2,3.760000000e+1,-6.451200000e+1,,,
1.562500000e-2,-3.190625000e-2,3.880625000e+1,-6.249075000e+1,,,
1.984375000e+0,-2.800000000e-2,3.840000000e+1,-6.249075000e+1,,,
-2.000000000e+0,-2.796875000e-2,3.840312500e+1,-6.318375000e+1,,,
-2.015625000e+0,-3.190625000e-2,3.800000000e+1,-6.586650000e+1,,,
1.562500000e-2,-3.600000000e-2,3.880625000e+1,-6.382425000e+1,,,
4.046875000e+0,-3.600000000e-2,3.880312500e+1,-6.183450000e+1,,,
7.984375000e+0,-3.603125000e-2,3.960000000e+1,-6.455925000e+1,,,
2.015625000e+0,-3.200000000e-2,3.878750000e+1,-6.451725000e+1,,,
4.000000000e+0,-3.212500000e-2,3.878125000e+1,-6.317850000e+1,,,
-4.000000000e+0,-2.796875000e-2,3.960000000e+1,-6.385050000e+1,,,
3.953125000e+0,-3.206250000e-2,3.918750000e+1,-6.518400000e+1,,,
8.031250000e+0,-2.003125000e-2,3.799687500e+1,-6.451200000e+1,,,
2.015625000e+0,-2.800000000e-2,3.840000000e+1,-6.451200000e+1,,,
1.937500000e+0,-2.800000000e-2,3.879687500e+1,-6.384000000e+1,,,
5.953125000e+0,-1.600000000e-2,3.840000000e+1,-6.451200000e+1,,,
6.046875000e+0,-2.762500000e-2,3.875937500e+1,-6.451200000e+1,,,
1.984375000e+0,-2.800000000e-2,3.920000000e+1,-6.450675000e+1,,,
4.031250000e+0,-2.396875000e-2,3.800625000e+1,-6.317325000e+1,,,
4.000000000e+0,-2.000000000e-2,4.000000000e+1,-6.383475000e+1,,,
3.968750000e+0,-2.000000000e-2,3.838437500e+1,-6.317850000e+1,,,
1.984375000e+0,-1.603125000e-2,3.921250000e+1,-6.585600000e+1,,,
4.015625000e+0,-2.800000000e-2,3.961250000e+1,-6.384525000e+1,,,
5.953125000e+0,-1.612500000e-2,3.880000000e+1,-6.451200000e+1,,,
8.000000000e+0,-1.996875000e-2,3.880000000e+1,-6.452250000e+1,,,
4.031250000e+0,-2.000000000e-2,3.880312500e+1,-6.720000000e+1,,,
-2.000000000e+0,-2.400000000e-2,3.962187500e+1,-6.446475000e+1,,,
3.953125000e+0,-2.003125000e-2,3.957187500e+1,-6.518925000e+1,,,
5.984375000e+0,-2.800000000e-2,3.880000000e+1,-6.585600000e+1,,,
7.968750000e+0,-2.050000000e-2,4.076875000e+1,-6.585600000e+1,,,
8.000000000e+0,-8.000000000e-3,3.957500000e+1,-6.585600000e+1,,,
5.953125000e+0,-2.000000000e-2,3.840000000e+1,-6.451200000e+1,,,
-2.000000000e+0,-2.000000000e-2,4.000000000e+1,-6.519450000e+1,,,
2.000000000e+0,-2.003125000e-2,3.998750000e+1,-6.518400000e+1,,,
0.000000000e+0,-2.400000000e-2,3.880000000e+1,-6.518925000e+1,,,
0.000000000e+0,-2.403125000e-2,3.919062500e+1,-6.451200000e+1,,,
4.000000000e+0,-2.396875000e-2,3.960000000e+1,-6.451200000e+1,,,
-3.984375000e+0,-2.406250000e-2,3.920312500e+1,-6.452250000e+1,,,
-3.125000000e-2,-1.600000000e-2,3.880000000e+1,-6.451200000e+1,,,
4.000000000e+0,-2.003125000e-2,3.880625000e+1,-6.651750000e+1,,,
-1.984375000e+0,-1.193750000e-2,4.040000000e+1,-6.722100000e+1,,,
1.984375000e+0,-1.203125000e-2,4.080000000e+1,-6.518925000e+1,,,
-3.125000000e-2,-1.603125000e-2,4.040937500e+1,-6.652275000e+1,,,
6.000000000e+0,-1.593750000e-2,3.959687500e+1,-6.518400000e+1,,,
0.000000000e+0,-2.803125000e-2,3.960000000e+1,-6.586650000e+1,,,
4.015625000e+0,-2.000000000e-2,4.040000000e+1,-6.584025000e+1,,,
1.984375000e+0,-2.803125000e-2,3.999375000e+1,-6.586650000e+1,,,
4.015625000e+0,-2.396875000e-2,3.999687500e+1,-6.652275000e+1,,,
4.000000000e+0,-2.003125000e-2,3.960000000e+1,-6.516825000e+1,,,
4.015625000e+0,-2.021875000e-2,4.036250000e+1,-6.515775000e+1,,,
0.000000000e+0,-1.196875000e-2,4.080000000e+1,-6.720000000e+1,,,
3.984375000e+0,-2.396875000e-2,3.998750000e+1,-6.584025000e+1,,,
2.062500000e+0,-2.003125000e-2,3.920000000e+1,-6.585600000e+1,,,
-4.687500000e-2,-3.200000000e-2,4.039687500e+1,-6.651750000e+1,,,
5.937500000e+0,-2.003125000e-2,3.960000000e+1,-6.720000000e+1,,,
4.062500000e+0,-2.793750000e-2,3.959375000e+1,-6.587175000e+1,,,
4.015625000e+0,-2.400000000e-2,3.998750000e+1,-6.584550000e+1,,,
6.062500000e+0,-2.400000000e-2,3.999687500e+1,-6.652800000e+1,,,
7.968750000e+0,-2.000000000e-2,3.920312500e+1,-6.585075000e+1,,,
1.953125000e+0,-2.403125000e-2,4.040000000e+1,-6.787200000e+1,,,
4.031250000e+0,-2.396875000e-2,3.999687500e+1,-6.719475000e+1,,,
4.000000000e+0,-2.403125000e-2,4.000937500e+1,-6.720525000e+1,,,
6.015625000e+0,-2.796875000e-2,4.080625000e+1,-6.585600000e+1,,,
6.015625000e+0,-2.803125000e-2,4.039687500e+1,-6.720525000e+1,,,
4.046875000e+0,-2.403125000e-2,4.119687500e+1,-6.720000000e+1,,,
1.984375000e+0,-2.396875000e-2,3.999687500e+1,-6.652800000e+1,,,
5.937500000e+0,-1.603125000e-2,4.039687500e+1,-6.587700000e+1,,,
1.004687500e+1,-3.200000000e-2,3.960937500e+1,-6.787725000e+1,,,
4.000000000e+0,-2.400000000e-2,4.119687500e+1,-6.655950000e+1,,,
1.004687500e+1,-3.993750000e-2,4.001250000e+1,-6.586650000e+1,,,
5.921875000e+0,-2.806250000e-2,4.000312500e+1,-6.921600000e+1,,,
1.984375000e+0,-2.800000000e-2,4.080312500e+1,-6.787200000e+1,,,
6.078125000e+0,-3.203125000e-2,4.080000000e+1,-6.719475000e+1,,,
1.198437500e+1,-3.203125000e-2,4.080312500e+1,-6.653850000e+1,,,
4.000000000e+0,-3.600000000e-2,4.080000000e+1,-6.921600000e+1,,,
3.984375000e+0,-3.606250000e-2,4.002812500e+1,-6.720525000e+1,,,
0.000000000e+0,-3.600000000e-2,3.959687500e+1,-6.787725000e+1,,,
5.968750000e+0,-4.000000000e-2,4.040000000e+1,-6.787725000e+1,,,
6.015625000e+0,-3.578125000e-2,4.000000000e+1,-6.853875000e+1,,,
1.984375000e+0,-2.409375000e-2,4.040000000e+1,-6.922125000e+1,,,
4.000000000e+0,-4.415625000e-2,4.040312500e+1,-6.921600000e+1,,,
2.015625000e+0,-3.587500000e-2,4.080625000e+1,-6.586650000e+1,,,
-1.984375000e+0,-3.584375000e-2,4.035937500e+1,-6.781950000e+1,,,
-2.000000000e+0,-3.603125000e-2,4.200937500e+1,-6.854400000e+1,,,
2.000000000e+0,-3.203125000e-2,4.159375000e+1,-6.854400000e+1,,,
6.015625000e+0,-4.000000000e-2,4.159687500e+1,-6.850725000e+1,,,
5.984375000e+0,-2.793750000e-2,4.077187500e+1,-6.585600000e+1,,,
3.968750000e+0,-3.203125000e-2,3.999375000e+1,-6.787200000e+1,,,
1.562500000e-2,-2.406250000e-2,3.959375000e+1,-6.719475000e+1,,,
8.000000000e+0,-2.796875000e-2,4.080937500e+1,-6.652800000e+1,,,
4.000000000e+0,-3.200000000e-2,4.159687500e+1,-6.719475000e+1,,,
4.000000000e+0,-2.400000000e-2,4.160000000e+1,-6.854925000e+1,,,
1.984375000e+0,-3.212500000e-2,4.120000000e+1,-6.854400000e+1,,,
6.000000000e+0,-3.187500000e-2,4.119687500e+1,-6.787200000e+1,,,
2.015625000e+0,-2.400000000e-2,4.080937500e+1,-6.921600000e+1,,,
4.000000000e+0,-3.215625000e-2,3.998437500e+1,-6.786675000e+1,,,
2.015625000e+0,-1.596875000e-2,4.159375000e+1,-7.056000000e+1,,,
6.015625000e+0,-2.809375000e-2,4.120000000e+1,-6.852825000e+1,,,
3.968750000e+0,-2.803125000e-2,4.120625000e+1,-6.652800000e+1,,,
6.046875000e+0,-3.609375000e-2,4.159687500e+1,-6.853350000e+1,,,
5.906250000e+0,-3.175000000e-2,4.120000000e+1,-6.921600000e+1,,,
1.562500000e-2,-2.000000000e-2,4.159687500e+1,-6.855975000e+1,,,
7.859375000e+0,-2.790625000e-2,4.159687500e+1,-6.787200000e+1,,,
8.046875000e+0,-2.800000000e-2,4.200312500e+1,-6.921600000e+1,,,
4.031250000e+0,-2.412500000e-2,4.119375000e+1,-6.922125000e+1,,,
-2.031250000e+0,-1.612500000e-2,4.161562500e+1,-7.056000000e+1,,,
5.937500000e+0,-3.196875000e-2,4.199687500e+1,-6.921600000e+1,,,
4.109375000e+0,-1.200000000e-2,4.119687500e+1,-6.921600000e+1,,,
-9.375000000e-2,-2.775000000e-2,4.119062500e+1,-6.721050000e+1,,,
8.078125000e+0,-2.800000000e-2,4.160000000e+1,-6.787200000e+1,,,
3.828125000e+0,-2.800000000e-2,4.120000000e+1,-6.720525000e+1,,,
-1.984375000e+0,-2.406250000e-2,4.120312500e+1,-6.922650000e+1,,,
4.015625000e+0,-3.209375000e-2,4.160000000e+1,-6.922650000e+1,,,
2.015625000e+0,-2.781250000e-2,4.160000000e+1,-6.719475000e+1,,,
8.000000000e+0,-2.009375000e-2,4.119687500e+1,-6.855450000e+1,,,
4.000000000e+0,-3.600000000e-2,4.081250000e+1,-6.921600000e+1,,,
6.000000000e+0,-2.396875000e-2,4.079375000e+1,-6.921600000e+1,,,
2.000000000e+0,-3.200000000e-2,4.160625000e+1,-6.854400000e+1,,,
2.000000000e+0,-1.984375000e-2,4.159062500e+1,-6.989325000e+1,,,
4.000000000e+0,-2.421875000e-2,4.040000000e+1,-6.787200000e+1,,,
4.000000000e+0,-3.203125000e-2,4.161250000e+1,-6.854400000e+1,,,
4.015625000e+0,-2.800000000e-2,4.162500000e+1,-6.921075000e+1,,,
2.000000000e+0,-3.200000000e-2,4.040625000e+1,-6.921600000e+1,,,
4.031250000e+0,-2.400000000e-2,4.120937500e+1,-6.854925000e+1,,,
8.015625000e+0,-3.215625000e-2,4.242187500e+1,-6.921600000e+1,,,
5.921875000e+0,-3.993750000e-2,4.278750000e+1,-6.853350000e+1,,,
4.000000000e+0,-2.784375000e-2,4.119687500e+1,-6.855975000e+1,,,
6.015625000e+0,-2.409375000e-2,4.200312500e+1,-6.921600000e+1,,,
8.000000000e+0,-2.806250000e-2,4.121250000e+1,-6.854925000e+1,,,
7.984375000e+0,-2.000000000e-2,4.200000000e+1,-6.854400000e+1,,,
6.015625000e+0,-2.821875000e-2,4.199062500e+1,-6.853350000e+1,,,
2.000000000e+0,-3.168750000e-2,4.080312500e+1,-6.988800000e+1,,,
3.984375000e+0,1.562500000e-4,4.120000000e+1,-6.853875000e+1,,,
6.078125000e+0,-1.621875000e-2,4.040000000e+1,-6.786675000e+1,,,
-1.562500000e-2,-2.000000000e-2,4.118125000e+1,-6.787200000e+1,,,
6.000000000e+0,-2.000000000e-2,4.159687500e+1,-6.786675000e+1,,,
2.031250000e+0,-1.596875000e-2,4.160000000e+1,-6.786675000e+1,,,
7.968750000e+0,-1.196875000e-2,4.159687500e+1,-6.920025000e+1,,,
-1.562500000e-2,-1.203125000e-2,4.240000000e+1,-6.921600000e+1,,,
8.093750000e+0,-1.190625000e-2,4.197500000e+1,-6.788250000e+1,,,
5.968750000e+0,-1.221875000e-2,4.040000000e+1,-6.720000000e+1,,,
8.015625000e+0,-2.400000000e-2,4.196875000e+1,-6.851250000e+1,,,
6.046875000e+0,-1.600000000e-2,4.119375000e+1,-7.056000000e+1,,,
1.968750000e+0,-1.600000000e-2,4.080000000e+1,-6.923175000e+1,,,
7.968750000e+0,-1.603125000e-2,4.160937500e+1,-6.655950000e+1,,,
8.015625000e+0,-2.006250000e-2,4.320000000e+1,-7.057050000e+1,,,
2.015625000e+0,-1.578125000e-2,4.158125000e+1,-6.720000000e+1,,,
3.984375000e+0,-3.843750000e-3,4.080000000e+1,-6.854400000e+1,,,
2.000000000e+0,4.031250000e-3,4.157187500e+1,-6.854925000e+1,,,
3.984375000e+0,-4.062500000e-3,4.160000000e+1,-6.854400000e+1,,,
2.031250000e+0,-3.937500000e-3,4.080000000e+1,-6.854400000e+1,,,
8.000000000e+0,-4.187500000e-3,4.120000000e+1,-6.785625000e+1,,,
4.000000000e+0,-1.603125000e-2,4.080312500e+1,-6.718425000e+1,,,
8.000000000e+0,-3.750000000e-3,4.199062500e+1,-6.988800000e+1,,,
3.984375000e+0,4.031250000e-3,4.123125000e+1,-6.854925000e+1,,,
4.000000000e+0,-1.221875000e-2,3.999687500e+1,-7.057050000e+1,,,
4.000000000e+0,-1.600000000e-2,4.118437500e+1,-6.654375000e+1,,,
6.000000000e+0,-1.178125000e-2,4.120625000e+1,-6.854400000e+1,,,
4.000000000e+0,-3.125000000e-5,3.959375000e+1,-6.854400000e+1,,,
4.000000000e+0,-8.000000000e-3,4.080625000e+1,-6.920025000e+1,,,
-4.015625000e+0,3.125000000e-5,4.160000000e+1,-6.988800000e+1,,,
1.937500000e+0,-8.000000000e-3,4.198750000e+1,-6.721575000e+1,,,
9.968750000e+0,-4.000000000e-3,4.200312500e+1,-6.918450000e+1,,,
8.000000000e+0,-1.203125000e-2,4.120312500e+1,-6.986700000e+1,,,
4.000000000e+0,-1.196875000e-2,4.079375000e+1,-6.718425000e+1,,,
8.046875000e+0,-1.203125000e-2,4.081875000e+1,-6.854400000e+1,,,
7.953125000e+0,-1.190625000e-2,4.200000000e+1,-7.055475000e+1,,,
4.031250000e+0,-4.000000000e-3,4.120000000e+1,-6.854400000e+1,,,
8.031250000e+0,-3.906250000e-3,4.039687500e+1,-6.854400000e+1,,,
9.375000000e-2,-7.906250000e-3,4.200000000e+1,-6.788250000e+1,,,
1.921875000e+0,-1.200000000e-2,4.160312500e+1,-6.787200000e+1,,,
5.937500000e+0,-8.187500000e-3,4.079687500e+1,-6.922125000e+1,,,
8.000000000e+0,6.250000000e-5,4.120312500e+1,-6.854925000e+1,,,
6.046875000e+0,-1.584375000e-2,4.159375000e+1,-6.921600000e+1,,,
5.921875000e+0,-8.468750000e-3,4.199375000e+1,-6.855975000e+1,,,
7.984375000e+0,-4.000000000e-3,4.160937500e+1,-6.588225000e+1,,,
3.984375000e+0,-7.968750000e-3,4.079375000e+1,-6.585075000e+1,,,
4.000000000e+0,-1.200000000e-2,4.160000000e+1,-6.721050000e+1,,,
4.000000000e+0,-1.200000000e-2,4.079687500e+1,-6.787200000e+1,,,
5.968750000e+0,-1.600000000e-2,4.120000000e+1,-6.720000000e+1,,,
-1.562500000e-2,-1.600000000e-2,4.080000000e+1,-6.921600000e+1,,,
4.000000000e+0,-2.359375000e-2,4.118437500e+1,-6.857025000e+1,,,
8.109375000e+0,-2.812500000e-2,4.120000000e+1,-6.787200000e+1,,,
-1.984375000e+0,-2.003125000e-2,4.120000000e+1,-6.791400000e+1,,,
5.968750000e+0,-3.184375000e-2,4.120937500e+1,-7.123200000e+1,,,
4.078125000e+0,-4.400000000e-2,4.118125000e+1,-6.854400000e+1,,,
-6.250000000e-2,-3.603125000e-2,4.040625000e+1,-7.057575000e+1,,,
7.968750000e+0,-3.606250000e-2,4.199375000e+1,-6.854400000e+1,,,
3.968750000e+0,-2.418750000e-2,4.199687500e+1,-6.787200000e+1,,,
8.031250000e+0,-2.387500000e-2,4.120000000e+1,-6.855450000e+1,,,
5.984375000e+0,-3.600000000e-2,4.119687500e+1,-6.921600000e+1,,,
4.015625000e+0,-2.800000000e-2,4.120625000e+1,-6.921600000e+1,,,
6.000000000e+0,-2.800000000e-2,4.240000000e+1,-6.989850000e+1,,,
4.031250000e+0,-2.403125000e-2,4.197500000e+1,-6.850200000e+1,,,
-2.000000000e+0,-2.390625000e-2,4.039687500e+1,-6.585600000e+1,,,
4.000000000e+0,-2.796875000e-2,4.159375000e+1,-6.854400000e+1,,,
0.000000000e+0,-3.200000000e-2,4.120312500e+1,-6.988800000e+1,,,
1.984375000e+0,-3.200000000e-2,4.198750000e+1,-6.854400000e+1,,,
2.000000000e+0,-2.800000000e-2,4.040000000e+1,-6.988800000e+1,,,
1.984375000e+0,-3.200000000e-2,4.201875000e+1,-6.853875000e+1,,,
3.953125000e+0,-2.800000000e-2,4.240312500e+1,-6.786675000e+1,,,
8.000000000e+0,-2.803125000e-2,4.121250000e+1,-6.854400000e+1,,,
8.000000000e+0,-2.790625000e-2,4.120625000e+1,-6.787725000e+1,,,
5.984375000e+0,-3.600000000e-2,4.201875000e+1,-6.922125000e+1,,,
5.968750000e+0,-3.200000000e-2,4.239062500e+1,-6.854400000e+1,,,
2.000000000e+0,-3.600000000e-2,4.077812500e+1,-6.921600000e+1,,,
7.984375000e+0,-3.606250000e-2,4.080937500e+1,-6.854400000e+1,,,
4.000000000e+0,-2.815625000e-2,4.120312500e+1,-6.921075000e+1,,,
4.000000000e+0,-2.793750000e-2,4.120312500e+1,-6.921600000e+1,,,
4.000000000e+0,-3.193750000e-2,4.199687500e+1,-6.854400000e+1,,,
2.015625000e+0,-3.603125000e-2,4.160000000e+1,-6.921600000e+1,,,
1.984375000e+0,-2.800000000e-2,4.240000000e+1,-7.056000000e+1,,,
3.984375000e+0,-3.600000000e-2,4.078437500e+1,-6.921600000e+1,,,
4.015625000e+0,-2.800000000e-2,4.120000000e+1,-6.988800000e+1,,,
3.968750000e+0,-3.987500000e-2,4.077500000e+1,-6.787200000e+1,,,
6.000000000e+0,-3.200000000e-2,4.200000000e+1,-6.853875000e+1,,,
3.953125000e+0,-3.603125000e-2,4.079062500e+1,-6.653325000e+1,,,
4.062500000e+0,-3.600000000e-2,4.160312500e+1,-6.722100000e+1,,,
1.003125000e+1,-3.200000000e-2,4.199375000e+1,-6.854400000e+1,,,
7.953125000e+0,-3.603125000e-2,4.160000000e+1,-6.720000000e+1,,,
5.968750000e+0,-4.003125000e-2,4.200625000e+1,-6.854400000e+1,,,
2.015625000e+0,-3.996875000e-2,4.120000000e+1,-6.787200000e+1,,,
3.890625000e+0,-4.012500000e-2,4.200937500e+1,-6.989850000e+1,,,
8.000000000e+0,-2.396875000e-2,4.199375000e+1,-6.986700000e+1,,,
2.015625000e+0,-3.996875000e-2,4.080625000e+1,-6.786675000e+1,,,
3.953125000e+0,-3.200000000e-2,4.158750000e+1,-6.922125000e+1,,,
6.015625000e+0,-3.600000000e-2,4.000000000e+1,-6.854400000e+1,,,
4.000000000e+0,-3.618750000e-2,4.118125000e+1,-6.853875000e+1,,,
6.046875000e+0,-2.803125000e-2,4.120937500e+1,-6.720000000e+1,,,
5.968750000e+0,-2.800000000e-2,4.320000000e+1,-6.921600000e+1,,,
1.562500000e-2,-3.200000000e-2,4.120000000e+1,-6.653325000e+1,,,
6.000000000e+0,-2.803125000e-2,4.160312500e+1,-7.055475000e+1,,,
2.000000000e+0,-3.600000000e-2,4.080000000e+1,-6.855450000e+1,,,
6.000000000e+0,-3.606250000e-2,4.159687500e+1,-6.854400000e+1,,,
8.000000000e+0,-3.203125000e-2,4.120000000e+1,-6.787200000e+1,,,
-5.968750000e+0,-3.196875000e-2,4.160312500e+1,-6.921600000e+1,,,
-4.687500000e-2,-3.600000000e-2,4.080000000e+1,-6.854400000e+1,,,
3.968750000e+0,-3.203125000e-2,4.160625000e+1,-6.922125000e+1,,,
5.968750000e+0,-2.806250000e-2,4.160000000e+1,-6.720000000e+1,,,
1.000000000e+1,-3.600000000e-2,4.120312500e+1,-6.988275000e+1,,,
4.031250000e+0,-2.812500000e-2,4.079375000e+1,-6.923175000e+1,,,
5.984375000e+0,-2.396875000e-2,4.120000000e+1,-6.921600000e+1,,,
8.000000000e+0,-3.590625000e-2,4.080000000e+1,-6.785100000e+1,,,
5.937500000e+0,-4.000000000e-2,4.122812500e+1,-6.792975000e+1,,,
0.000000000e+0,-3.596875000e-2,4.198437500e+1,-7.056525000e+1,,,
4.031250000e+0,-3.200000000e-2,4.079687500e+1,-6.851775000e+1,,,
3.968750000e+0,-3.200000000e-2,4.160312500e+1,-6.855450000e+1,,,
3.984375000e+0,-3.200000000e-2,4.120000000e+1,-6.854925000e+1,,,
5.984375000e+0,-3.593750000e-2,4.160312500e+1,-6.853875000e+1,,,
6.000000000e+0,-4.003125000e-2,4.120625000e+1,-6.921075000e+1,,,
6.015625000e+0,-3.200000000e-2,4.280312500e+1,-6.787725000e+1,,,
4.031250000e+0,-3.600000000e-2,4.200312500e+1,-6.854400000e+1,,,
3.921875000e+0,-2.796875000e-2,4.160000000e+1,-6.787200000e+1,,,
8.062500000e+0,-4.787500000e-2,4.120000000e+1,-6.921600000e+1,,,
1.953125000e+0,-4.000000000e-2,4.157500000e+1,-6.788775000e+1,,,
3.984375000e+0,-4.000000000e-2,4.240000000e+1,-6.787725000e+1,,,
-4.687500000e-2,-3.993750000e-2,4.160312500e+1,-6.854400000e+1,,,
2.078125000e+0,-2.403125000e-2,4.240000000e+1,-6.854400000e+1,,,
8.015625000e+0,-4.021875000e-2,4.079375000e+1,-6.988275000e+1,,,
6.000000000e+0,-3.581250000e-2,4.080625000e+1,-6.721050000e+1,,,
1.000000000e+1,-2.387500000e-2,4.081562500e+1,-6.786150000e+1,,,
6.015625000e+0,-4.396875000e-2,4.079375000e+1,-6.787725000e+1,,,
8.000000000e+0,-3.200000000e-2,4.200625000e+1,-6.921600000e+1,,,
4.000000000e+0,-4.403125000e-2,4.158750000e+1,-6.988800000e+1,,,
6.000000000e+0,-3.996875000e-2,4.080312500e+1,-6.854925000e+1,,,
2.031250000e+0,-3.600000000e-2,4.160312500e+1,-6.988800000e+1,,,
3.906250000e+0,-2.800000000e-2,4.080312500e+1,-6.788250000e+1,,,
8.000000000e+0,-3.593750000e-2,4.039375000e+1,-6.854925000e+1,,,
5.984375000e+0,-3.600000000e-2,4.080000000e+1,-6.854400000e+1,,,
5.953125000e+0,-4.000000000e-2,4.040937500e+1,-6.720000000e+1,,,
2.031250000e+0,-4.796875000e-2,4.240000000e+1,-7.056525000e+1,,,
1.001562500e+1,-3.193750000e-2,4.078125000e+1,-6.786150000e+1,,,
6.000000000e+0,-3.200000000e-2,4.120000000e+1,-6.720000000e+1,,,
7.984375000e+0,-4.784375000e-2,4.160312500e+1,-7.056000000e+1,,,
1.968750000e+0,-4.800000000e-2,4.120312500e+1,-6.719475000e+1,,,
3.984375000e+0,-4.393750000e-2,4.080000000e+1,-6.853350000e+1,,,
4.000000000e+0,-3.203125000e-2,4.119375000e+1,-6.787200000e+1,,,
3.984375000e+0,-4.406250000e-2,4.199375000e+1,-6.854925000e+1,,,
0.000000000e+0,-4.000000000e-2,4.078750000e+1,-6.921600000e+1,,,
4.000000000e+0,-4.396875000e-2,4.119062500e+1,-6.990900000e+1,,,
1.562500000e-2,-3.609375000e-2,4.160000000e+1,-6.655950000e+1,,,
2.000000000e+0,-4.396875000e-2,4.160000000e+1,-6.786675000e+1,,,
2.000000000e+0,-4.800000000e-2,4.159687500e+1,-6.854925000e+1,,,
3.984375000e+0,-3.996875000e-2,4.079375000e+1,-6.921600000e+1,,,
2.000000000e+0,-4.003125000e-2,4.080000000e+1,-6.854400000e+1,,,
3.984375000e+0,-3.590625000e-2,4.080312500e+1,-6.988800000e+1,,,
0.000000000e+0,-2.800000000e-2,4.159375000e+1,-6.987225000e+1,,,
6.000000000e+0,-3.993750000e-2,4.160000000e+1,-6.585600000e+1,,,
8.000000000e+0,-4.400000000e-2,4.200000000e+1,-6.853875000e+1,,,
8.000000000e+0,-3.996875000e-2,4.160000000e+1,-6.718425000e+1,,,
5.984375000e+0,-3.603125000e-2,4.080000000e+1,-6.720000000e+1,,,
9.953125000e+0,-4.000000000e-2,4.160312500e+1,-6.786150000e+1,,,
1.000000000e+1,-3.600000000e-2,4.200312500e+1,-6.988800000e+1,,,
9.984375000e+0,-4.000000000e-2,4.082812500e+1,-6.787725000e+1,,,
5.859375000e+0,-3.600000000e-2,4.039687500e+1,-6.920550000e+1,,,
1.562500000e-2,-4.003125000e-2,4.159687500e+1,-7.054950000e+1,,,
6.046875000e+0,-3.996875000e-2,4.119062500e+1,-6.651750000e+1,,,
3.984375000e+0,-4.009375000e-2,4.120625000e+1,-6.787200000e+1,,,
5.984375000e+0,-4.803125000e-2,4.160000000e+1,-6.720000000e+1,,,
1.968750000e+0,-3.987500000e-2,4.080312500e+1,-6.787725000e+1,,,
3.937500000e+0,-3.593750000e-2,4.079687500e+1,-6.719475000e+1,,,
5.953125000e+0,-4.800000000e-2,4.119687500e+1,-6.921600000e+1,,,
6.015625000e+0,-4.809375000e-2,4.120000000e+1,-6.651750000e+1,,,
-1.562500000e-2,-3.993750000e-2,4.119687500e+1,-6.787725000e+1,,,
4.000000000e+0,-4.009375000e-2,4.079687500e+1,-6.787200000e+1,,,
-4.687500000e-2,-4.803125000e-2,4.040937500e+1,-6.854400000e+1,,,
7.937500000e+0,-4.400000000e-2,4.319687500e+1,-6.787725000e+1,,,
1.890625000e+0,-4.803125000e-2,4.080000000e+1,-6.854400000e+1,,,
2.000000000e+0,-3.996875000e-2,4.200000000e+1,-6.855450000e+1,,,
2.046875000e+0,-4.018750000e-2,4.118437500e+1,-6.921075000e+1,,,
5.968750000e+0,-5.200000000e-2,4.080000000e+1,-6.721050000e+1,,,
2.015625000e+0,-3.984375000e-2,4.120000000e+1,-6.720525000e+1,,,
1.001562500e+1,-4.009375000e-2,4.160000000e+1,-6.720525000e+1,,,
6.000000000e+0,-4.803125000e-2,4.160937500e+1,-6.852300000e+1,,,
5.984375000e+0,-4.400000000e-2,4.120312500e+1,-6.988800000e+1,,,
2.000000000e+0,-5.206250000e-2,4.120312500e+1,-6.921600000e+1,,,
4.000000000e+0,-4.806250000e-2,4.160312500e+1,-6.923700000e+1,,,
6.000000000e+0,-5.171875000e-2,4.120000000e+1,-6.720000000e+1,,,
4.000000000e+0,-2.787500000e-2,4.000312500e+1,-6.921600000e+1,,,
7.984375000e+0,-4.418750000e-2,4.156875000e+1,-6.856500000e+1,,,
3.984375000e+0,-4.800000000e-2,4.121562500e+1,-6.921600000e+1,,,
3.984375000e+0,-4.400000000e-2,4.081250000e+1,-6.989325000e+1,,,
-1.562500000e-2,-4.400000000e-2,4.280937500e+1,-6.988275000e+1,,,
4.093750000e+0,-4.409375000e-2,4.159062500e+1,-6.852825000e+1,,,
5.953125000e+0,-5.215625000e-2,4.200625000e+1,-6.854925000e+1,,,
1.984375000e+0,-5.593750000e-2,4.160000000e+1,-6.854400000e+1,,,
4.000000000e+0,-4.412500000e-2,4.163750000e+1,-6.854925000e+1,,,
6.015625000e+0,-4.403125000e-2,4.040000000e+1,-6.787200000e+1,,,
8.015625000e+0,-4.800000000e-2,4.201562500e+1,-6.855450000e+1,,,
2.031250000e+0,-3.578125000e-2,4.240312500e+1,-6.720000000e+1,,,
0.000000000e+0,-3.221875000e-2,4.120312500e+1,-6.922125000e+1,,,
1.562500000e-2,-5.612500000e-2,4.119687500e+1,-6.788250000e+1,,,
-9.375000000e-2,-5.200000000e-2,4.040000000e+1,-6.920550000e+1,,,
8.015625000e+0,-4.393750000e-2,4.117500000e+1,-6.921600000e+1,,,
-1.250000000e-1,-4.009375000e-2,4.160000000e+1,-6.922125000e+1,,,
2.062500000e+0,-4.800000000e-2,4.080312500e+1,-6.852825000e+1,,,
8.062500000e+0,-3.993750000e-2,4.080000000e+1,-6.988800000e+1,,,
5.828125000e+0,-4.425000000e-2,4.201562500e+1,-6.721050000e+1,,,
-2.015625000e+0,-4.790625000e-2,4.240000000e+1,-6.717900000e+1,,,
4.078125000e+0,-4.400000000e-2,4.161562500e+1,-6.918975000e+1,,,
4.031250000e+0,-5.200000000e-2,4.119687500e+1,-7.056000000e+1,,,
3.968750000e+0,-4.800000000e-2,4.080000000e+1,-6.989850000e+1,,,
6.000000000e+0,-5.196875000e-2,4.200312500e+1,-6.786675000e+1,,,
4.000000000e+0,-4.403125000e-2,4.198125000e+1,-6.854925000e+1,,,
3.968750000e+0,-5.193750000e-2,4.079062500e+1,-6.787200000e+1,,,
5.953125000e+0,-3.993750000e-2,4.079375000e+1,-6.921600000e+1,,,
6.093750000e+0,-4.406250000e-2,4.198125000e+1,-6.855975000e+1,,,
-3.125000000e-2,-4.009375000e-2,4.160000000e+1,-6.786150000e+1,,,
4.078125000e+0,-5.600000000e-2,4.120000000e+1,-6.921600000e+1,,,
8.015625000e+0,-3.981250000e-2,4.159687500e+1,-6.786150000e+1,,,
1.000000000e+1,-4.409375000e-2,4.080000000e+1,-6.787200000e+1,,,
8.000000000e+0,-4.403125000e-2,4.238125000e+1,-6.854400000e+1,,,
7.984375000e+0,-4.800000000e-2,4.243437500e+1,-6.988800000e+1,,,
3.984375000e+0,-4.793750000e-2,4.040625000e+1,-6.788250000e+1,,,
4.000000000e+0,-4.403125000e-2,4.158125000e+1,-6.853350000e+1,,,
6.000000000e+0,-5.215625000e-2,4.200000000e+1,-6.854400000e+1,,,
2.000000000e+0,-5.600000000e-2,4.118750000e+1,-6.854925000e+1,,,
0.000000000e+0,-5.596875000e-2,4.080000000e+1,-6.787200000e+1,,,
2.000000000e+0,-5.187500000e-2,4.120000000e+1,-6.854400000e+1,,,
1.984375000e+0,-4.400000000e-2,4.121250000e+1,-6.788250000e+1,,,
5.984375000e+0,-4.412500000e-2,4.080000000e+1,-6.852825000e+1,,,
4.000000000e+0,-5.603125000e-2,4.080000000e+1,-6.987750000e+1,,,
-1.562500000e-2,-4.790625000e-2,4.080000000e+1,-6.786675000e+1,,,
2.062500000e+0,-4.403125000e-2,4.122187500e+1,-6.921600000e+1,,,
5.968750000e+0,-4.809375000e-2,4.240000000e+1,-6.920025000e+1,,,
-4.687500000e-2,-4.796875000e-2,4.160000000e+1,-6.720000000e+1,,,
1.921875000e+0,-4.415625000e-2,4.240000000e+1,-6.854400000e+1,,,
4.031250000e+0,-4.775000000e-2,4.160000000e+1,-6.787200000e+1,,,
1.968750000e+0,-6.009375000e-2,4.159687500e+1,-6.921600000e+1,,,
7.890625000e+0,-4.415625000e-2,4.200312500e+1,-6.853350000e+1,,,
8.062500000e+0,-5.178125000e-2,4.159375000e+1,-6.653850000e+1,,,
4.203125000e+0,-6.046875000e-2,4.039687500e+1,-6.787200000e+1,,,
-2.046875000e+0,-3.228125000e-2,4.157500000e+1,-7.057050000e+1,,,
4.015625000e+0,-5.159375000e-2,4.121562500e+1,-6.723150000e+1,,,
0.000000000e+0,-5.609375000e-2,4.078750000e+1,-6.787200000e+1,,,
4.000000000e+0,-5.203125000e-2,4.280625000e+1,-6.720000000e+1,,,
2.015625000e+0,-5.203125000e-2,4.158750000e+1,-6.787200000e+1,,,
8.046875000e+0,-4.400000000e-2,4.120000000e+1,-6.720000000e+1,,,
5.968750000e+0,-4.400000000e-2,4.079375000e+1,-6.854400000e+1,,,
0.000000000e+0,-6.006250000e-2,4.123125000e+1,-6.791400000e+1,,,
7.859375000e+0,-4.421875000e-2,3.999687500e+1,-6.720000000e+1,,,
8.031250000e+0,-4.793750000e-2,4.161562500e+1,-6.855975000e+1,,,
4.015625000e+0,-4.793750000e-2,4.197500000e+1,-6.853875000e+1,,,
1.953125000e+0,-5.603125000e-2,4.078125000e+1,-6.854400000e+1,,,
9.937500000e+0,-4.403125000e-2,4.081250000e+1,-6.854925000e+1,,,
8.062500000e+0,-5.965625000e-2,4.159687500e+1,-6.854400000e+1,,,
6.000000000e+0,-6.015625000e-2,4.120000000e+1,-6.787200000e+1,,,
8.046875000e+0,-5.203125000e-2,4.160000000e+1,-6.921600000e+1,,,
7.968750000e+0,-5.203125000e-2,4.158437500e+1,-6.855450000e+1,,,
2.000000000e+0,-4.800000000e-2,4.039062500e+1,-7.056000000e+1,,,
6.000000000e+0,-4.000000000e-2,4.040000000e+1,-6.786150000e+1,,,
2.015625000e+0,-5.590625000e-2,4.120312500e+1,-6.854400000e+1,,,
2.000000000e+0,-5.621875000e-2,4.120000000e+1,-6.720525000e+1,,,
3.984375000e+0,-5.200000000e-2,4.159062500e+1,-6.854400000e+1,,,
0.000000000e+0,-5.200000000e-2,4.199375000e+1,-6.921600000e+1,,,
3.984375000e+0,-4.800000000e-2,4.078437500e+1,-6.854400000e+1,,,
4.000000000e+0,-5.200000000e-2,4.080312500e+1,-6.922125000e+1,,,
2.000000000e+0,-4.800000000e-2,4.160000000e+1,-6.786675000e+1,,,
3.984375000e+0,-5.200000000e-2,4.120000000e+1,-6.720000000e+1,,,
4.000000000e+0,-4.412500000e-2,4.120625000e+1,-6.788250000e+1,,,
8.015625000e+0,-4.778125000e-2,4.080625000e+1,-6.920550000e+1,,,
-4.687500000e-2,-5.990625000e-2,4.241250000e+1,-6.719475000e+1,,,
-1.937500000e+0,-6.000000000e-2,4.158437500e+1,-6.787200000e+1,,,
4.000000000e+0,-5.603125000e-2,4.080000000e+1,-6.791400000e+1,,,
0.000000000e+0,-5.193750000e-2,4.162187500e+1,-7.056000000e+1,,,
4.000000000e+0,-5.618750000e-2,4.243437500e+1,-6.789300000e+1,,,
4.000000000e+0,-4.412500000e-2,4.039687500e+1,-6.719475000e+1,,,
4.000000000e+0,-4.800000000e-2,4.161562500e+1,-6.652800000e+1,,,
2.015625000e+0,-4.796875000e-2,4.200000000e+1,-6.988800000e+1,,,
3.968750000e+0,-6.000000000e-2,4.160000000e+1,-6.786150000e+1,,,
8.031250000e+0,-4.400000000e-2,4.199687500e+1,-6.720000000e+1,,,
2.031250000e+0,-5.200000000e-2,4.120312500e+1,-6.787200000e+1,,,
3.968750000e+0,-6.040625000e-2,4.117812500e+1,-6.853875000e+1,,,
1.968750000e+0,-4.400000000e-2,4.160000000e+1,-6.921600000e+1,,,
-4.687500000e-2,-4.803125000e-2,4.120312500e+1,-6.788250000e+1,,,
-1.968750000e+0,-5.200000000e-2,4.240312500e+1,-6.653325000e+1,,,
4.093750000e+0,-4.400000000e-2,4.199062500e+1,-6.787725000e+1,,,
5.921875000e+0,-4.803125000e-2,4.159687500e+1,-6.787200000e+1,,,
0.000000000e+0,-5.203125000e-2,4.120625000e+1,-6.787200000e+1,,,
5.968750000e+0,-5.593750000e-2,4.160000000e+1,-6.787725000e+1,,,
2.015625000e+0,-6.009375000e-2,4.199687500e+1,-6.989850000e+1,,,
4.015625000e+0,-5.193750000e-2,4.119375000e+1,-7.054425000e+1,,,
-2.015625000e+0,-6.403125000e-2,4.080312500e+1,-6.783000000e+1,,,
5.937500000e+0,-4.396875000e-2,4.162500000e+1,-6.855450000e+1,,,
6.046875000e+0,-5.193750000e-2,4.200000000e+1,-6.988800000e+1,,,
4.000000000e+0,-6.006250000e-2,4.080312500e+1,-6.786150000e+1,,,
6.031250000e+0,-5.603125000e-2,4.160312500e+1,-6.720000000e+1,,,
5.984375000e+0,-5.600000000e-2,4.120000000e+1,-6.788775000e+1,,,
4.031250000e+0,-4.800000000e-2,4.160000000e+1,-7.125825000e+1,,,
7.984375000e+0,-4.409375000e-2,4.120625000e+1,-7.058100000e+1,,,
2.000000000e+0,-6.800000000e-2,4.280000000e+1,-6.653850000e+1,,,
6.000000000e+0,-5.612500000e-2,4.200625000e+1,-6.789300000e+1,,,
6.000000000e+0,-5.600000000e-2,4.239375000e+1,-6.720000000e+1,,,
4.000000000e+0,-5.200000000e-2,4.200312500e+1,-6.652275000e+1,,,
6.000000000e+0,-5.600000000e-2,4.120625000e+1,-6.854400000e+1,,,
4.000000000e+0,-5.206250000e-2,4.040312500e+1,-6.854925000e+1,,,
4.031250000e+0,-4.406250000e-2,4.120000000e+1,-6.787200000e+1,,,
-1.562500000e-2,-6.006250000e-2,4.079687500e+1,-6.854400000e+1,,,
5.953125000e+0,-6.015625000e-2,4.200312500e+1,-6.853350000e+1,,,
4.015625000e+0,-4.803125000e-2,4.080312500e+1,-6.921600000e+1,,,
2.000000000e+0,-5.590625000e-2,4.280000000e+1,-6.788250000e+1,,,
3.984375000e+0,-6.000000000e-2,4.278125000e+1,-6.989850000e+1,,,
2.015625000e+0,-6.000000000e-2,4.239687500e+1,-6.785625000e+1,,,
6.000000000e+0,-5.596875000e-2,4.159062500e+1,-6.857025000e+1,,,
1.984375000e+0,-4.800000000e-2,4.080937500e+1,-6.921075000e+1,,,
4.000000000e+0,-6.006250000e-2,4.200312500e+1,-6.722100000e+1,,,
-1.562500000e-2,-4.803125000e-2,4.080625000e+1,-6.718950000e+1,,,
5.953125000e+0,-5.603125000e-2,4.079687500e+1,-6.787200000e+1,,,
1.201562500e+1,-4.403125000e-2,4.040312500e+1,-6.720525000e+1,,,
6.062500000e+0,-6.000000000e-2,4.199375000e+1,-6.719475000e+1,,,
5.968750000e+0,-6.000000000e-2,4.200000000e+1,-6.787200000e+1,,,
6.078125000e+0,-6.406250000e-2,4.081562500e+1,-6.787725000e+1,,,
4.031250000e+0,-5.200000000e-2,4.039062500e+1,-6.787200000e+1,,,
8.000000000e+0,-5.200000000e-2,4.120312500e+1,-6.787200000e+1,,,
3.953125000e+0,-5.196875000e-2,4.119375000e+1,-6.720525000e+1,,,
4.046875000e+0,-5.203125000e-2,4.080000000e+1,-6.720000000e+1,,,
5.953125000e+0,-6.003125000e-2,4.120312500e+1,-6.921600000e+1,,,
1.984375000e+0,-6.006250000e-2,4.159062500e+1,-6.721050000e+1,,,
6.031250000e+0,-7.196875000e-2,4.042187500e+1,-6.720000000e+1,,,
5.984375000e+0,-6.018750000e-2,4.079375000e+1,-6.721050000e+1,,,
6.062500000e+0,-4.800000000e-2,4.200625000e+1,-6.921600000e+1,,,
3.125000000e-2,-6.006250000e-2,4.239375000e+1,-6.787200000e+1,,,
3.921875000e+0,-6.403125000e-2,4.159375000e+1,-6.653850000e+1,,,
8.031250000e+0,-6.800000000e-2,4.119687500e+1,-6.855450000e+1,,,
2.078125000e+0,-6.812500000e-2,4.079687500e+1,-6.855450000e+1,,,
4.093750000e+0,-5.596875000e-2,4.080000000e+1,-6.922125000e+1,,,
7.968750000e+0,-6.800000000e-2,4.080000000e+1,-6.988800000e+1,,,
1.953125000e+0,-6.000000000e-2,4.120625000e+1,-6.854400000e+1,,,
4.046875000e+0,-6.003125000e-2,4.200000000e+1,-6.787725000e+1,,,
6.000000000e+0,-6.796875000e-2,4.119375000e+1,-6.922125000e+1,,,
4.000000000e+0,-5.200000000e-2,4.160000000e+1,-6.854400000e+1,,,
8.000000000e+0,-5.575000000e-2,4.160312500e+1,-6.922125000e+1,,,
5.937500000e+0,-6.800000000e-2,4.160000000e+1,-6.787200000e+1,,,
3.984375000e+0,-6.396875000e-2,4.160000000e+1,-6.921600000e+1,,,
1.000000000e+1,-6.006250000e-2,4.200312500e+1,-6.787725000e+1,,,
3.968750000e+0,-6.403125000e-2,4.039687500e+1,-6.854925000e+1,,,
4.015625000e+0,-5.584375000e-2,4.160937500e+1,-6.921600000e+1,,,
-2.015625000e+0,-5.206250000e-2,4.120000000e+1,-6.855450000e+1,,,
5.984375000e+0,-6.359375000e-2,4.198437500e+1,-6.721050000e+1,,,
0.000000000e+0,-7.203125000e-2,4.159375000e+1,-6.720000000e+1,,,
4.000000000e+0,-5.996875000e-2,4.160312500e+1,-6.720525000e+1,,,
5.968750000e+0,-6.000000000e-2,4.118437500e+1,-6.855975000e+1,,,
4.015625000e+0,-5.603125000e-2,4.041250000e+1,-6.854400000e+1,,,
8.000000000e+0,-6.406250000e-2,4.160312500e+1,-6.921600000e+1,,,
3.984375000e+0,-6.409375000e-2,4.120625000e+1,-6.853875000e+1,,,
6.000000000e+0,-6.000000000e-2,4.160625000e+1,-6.720000000e+1,,,
6.000000000e+0,-6.803125000e-2,4.200000000e+1,-6.854400000e+1,,,
2.000000000e+0,-6.803125000e-2,4.120000000e+1,-6.787200000e+1,,,
5.984375000e+0,-7.200000000e-2,4.120312500e+1,-6.854400000e+1,,,
4.015625000e+0,-6.384375000e-2,4.160000000e+1,-6.720000000e+1,,,
5.968750000e+0,-6.003125000e-2,4.160312500e+1,-6.921600000e+1,,,
5.984375000e+0,-7.203125000e-2,4.119687500e+1,-6.786675000e+1,,,
5.906250000e+0,-5.993750000e-2,4.120312500e+1,-7.056000000e+1,,,
-3.125000000e-2,-6.406250000e-2,4.040000000e+1,-6.853875000e+1,,,
4.093750000e+0,-6.396875000e-2,4.120625000e+1,-6.854400000e+1,,,
6.031250000e+0,-6.409375000e-2,4.120000000e+1,-6.854925000e+1,,,
5.937500000e+0,-6.781250000e-2,4.160000000e+1,-6.787200000e+1,,,
-6.250000000e-2,-5.200000000e-2,4.120000000e+1,-6.718950000e+1,,,
1.843750000e+0,-6.787500000e-2,4.120000000e+1,-6.921075000e+1,,,
9.921875000e+0,-6.800000000e-2,4.081250000e+1,-6.854400000e+1,,,
8.015625000e+0,-6.803125000e-2,3.960000000e+1,-6.651750000e+1,,,
6.000000000e+0,-6.809375000e-2,4.123437500e+1,-6.721050000e+1,,,
4.031250000e+0,-7.193750000e-2,4.200000000e+1,-6.921600000e+1,,,
1.953125000e+0,-5.596875000e-2,4.119687500e+1,-6.787200000e+1,,,
7.875000000e+0,-5.968750000e-2,4.120312500e+1,-6.853875000e+1,,,
7.906250000e+0,-7.596875000e-2,4.080000000e+1,-6.853875000e+1,,,
4.015625000e+0,-6.796875000e-2,4.160000000e+1,-6.989850000e+1,,,
8.000000000e+0,-6.406250000e-2,4.200000000e+1,-6.920550000e+1,,,
1.937500000e+0,-7.209375000e-2,4.199687500e+1,-6.721050000e+1,,,
2.015625000e+0,-7.200000000e-2,4.160000000e+1,-6.720000000e+1,,,
6.015625000e+0,-6.787500000e-2,4.160000000e+1,-6.721050000e+1,,,
6.000000000e+0,-5.593750000e-2,4.203750000e+1,-6.920025000e+1,,,
5.968750000e+0,-7.212500000e-2,4.040312500e+1,-6.988800000e+1,,,
2.000000000e+0,-6.781250000e-2,4.161250000e+1,-7.056000000e+1,,,
6.000000000e+0,-6.409375000e-2,4.159375000e+1,-6.991950000e+1,,,
2.000000000e+0,-7.203125000e-2,4.080000000e+1,-6.787200000e+1,,,
8.000000000e+0,-6.378125000e-2,4.120937500e+1,-6.921600000e+1,,,
2.046875000e+0,-6.012500000e-2,4.162187500e+1,-6.720525000e+1,,,
6.015625000e+0,-7.200000000e-2,4.079062500e+1,-6.854400000e+1,,,
8.000000000e+0,-6.000000000e-2,4.240312500e+1,-6.653325000e+1,,,
5.937500000e+0,-6.815625000e-2,4.076562500e+1,-6.922125000e+1,,,
1.953125000e+0,-8.003125000e-2,4.040937500e+1,-6.782475000e+1,,,
2.046875000e+0,-7.187500000e-2,4.161250000e+1,-6.654900000e+1,,,
4.000000000e+0,-6.800000000e-2,4.118437500e+1,-6.854400000e+1,,,
2.000000000e+0,-6.793750000e-2,4.039062500e+1,-6.720000000e+1,,,
4.000000000e+0,-7.606250000e-2,4.080000000e+1,-6.854925000e+1,,,
2.015625000e+0,-7.993750000e-2,4.040000000e+1,-6.854925000e+1,,,
-2.046875000e+0,-6.787500000e-2,4.159375000e+1,-6.787725000e+1,,,
4.000000000e+0,-6.812500000e-2,4.200000000e+1,-6.720000000e+1,,,
-1.937500000e+0,-7.200000000e-2,4.120000000e+1,-6.787200000e+1,,,
1.859375000e+0,-6.400000000e-2,4.240000000e+1,-6.720525000e+1,,,
7.921875000e+0,-6.403125000e-2,4.119687500e+1,-6.787725000e+1,,,
-7.812500000e-2,-6.806250000e-2,4.240312500e+1,-6.787200000e+1,,,
4.046875000e+0,-7.193750000e-2,4.040312500e+1,-6.854925000e+1,,,
6.062500000e+0,-6.393750000e-2,4.120000000e+1,-6.787200000e+1,,,
7.906250000e+0,-6.828125000e-2,4.039375000e+1,-6.921600000e+1,,,
-7.812500000e-2,-7.596875000e-2,4.119375000e+1,-6.854925000e+1,,,
2.078125000e+0,-6.800000000e-2,4.157500000e+1,-6.921600000e+1,,,
5.984375000e+0,-6.800000000e-2,4.199687500e+1,-6.854400000e+1,,,
4.031250000e+0,-6.800000000e-2,4.080000000e+1,-6.921600000e+1,,,
2.015625000e+0,-6.796875000e-2,4.120000000e+1,-6.854400000e+1,,,
-1.562500000e-2,-6.815625000e-2,4.120625000e+1,-6.923175000e+1,,,
3.968750000e+0,-8.000000000e-2,4.159062500e+1,-6.921600000e+1,,,
3.968750000e+0,-6.793750000e-2,4.040000000e+1,-6.720000000e+1,,,
8.000000000e+0,-7.578125000e-2,4.154687500e+1,-6.853350000e+1,,,
3.953125000e+0,-7.596875000e-2,4.200000000e+1,-6.788250000e+1,,,
6.046875000e+0,-6.787500000e-2,4.160000000e+1,-6.787200000e+1,,,
8.000000000e+0,-6.000000000e-2,4.159375000e+1,-6.786150000e+1,,,
5.968750000e+0,-6.406250000e-2,4.040312500e+1,-6.652275000e+1,,,
2.000000000e+0,-6.403125000e-2,4.199062500e+1,-6.854400000e+1,,,
2.000000000e+0,-6.800000000e-2,4.121250000e+1,-6.787200000e+1,,,
2.015625000e+0,-6.793750000e-2,4.120312500e+1,-6.853350000e+1,,,
6.000000000e+0,-6.406250000e-2,4.040312500e+1,-6.855450000e+1,,,
4.000000000e+0,-7.206250000e-2,4.079375000e+1,-6.720000000e+1,,,
6.000000000e+0,-6.793750000e-2,4.161250000e+1,-6.786675000e+1,,,
4.000000000e+0,-7.218750000e-2,4.199375000e+1,-6.854400000e+1,,,
2.000000000e+0,-7.184375000e-2,4.040000000e+1,-6.921600000e+1,,,
6.000000000e+0,-6.400000000e-2,4.198125000e+1,-6.924225000e+1,,,
2.000000000e+0,-6.803125000e-2,4.119687500e+1,-6.787725000e+1,,,
4.000000000e+0,-7.206250000e-2,4.240000000e+1,-6.923700000e+1,,,
1.968750000e+0,-8.393750000e-2,4.118750000e+1,-6.986700000e+1,,,
4.062500000e+0,-6.793750000e-2,4.159687500e+1,-6.787200000e+1,,,
7.968750000e+0,-8.021875000e-2,4.120312500e+1,-7.124775000e+1,,,
-3.125000000e-2,-7.593750000e-2,4.280000000e+1,-6.854400000e+1,,,
1.984375000e+0,-6.418750000e-2,4.240625000e+1,-6.720000000e+1,,,
-1.906250000e+0,-6.781250000e-2,4.120000000e+1,-6.920550000e+1,,,
-2.109375000e+0,-7.593750000e-2,4.080000000e+1,-6.787200000e+1,,,
9.796875000e+0,-7.606250000e-2,4.080625000e+1,-6.787725000e+1,,,
1.018750000e+1,-7.200000000e-2,4.119687500e+1,-6.921075000e+1,,,
4.000000000e+0,-6.821875000e-2,4.040625000e+1,-6.787200000e+1,,,
6.031250000e+0,-5.993750000e-2,4.078125000e+1,-6.651750000e+1,,,
2.000000000e+0,-6.793750000e-2,4.120000000e+1,-6.786675000e+1,,,
3.984375000e+0,-6.790625000e-2,4.119687500e+1,-6.653325000e+1,,,
0.000000000e+0,-8.400000000e-2,4.159375000e+1,-6.654375000e+1,,,
5.984375000e+0,-6.806250000e-2,4.079687500e+1,-6.853875000e+1,,,
-2.015625000e+0,-7.200000000e-2,4.160000000e+1,-6.854400000e+1,,,
6.015625000e+0,-7.200000000e-2,4.160625000e+1,-6.921600000e+1,,,
4.000000000e+0,-6.828125000e-2,4.080625000e+1,-6.653325000e+1,,,
3.984375000e+0,-6.387500000e-2,4.119687500e+1,-6.854400000e+1,,,
3.984375000e+0,-7.593750000e-2,4.119062500e+1,-6.788250000e+1,,,
4.015625000e+0,-7.206250000e-2,4.040625000e+1,-6.989850000e+1,,,
0.000000000e+0,-7.200000000e-2,4.119687500e+1,-6.853875000e+1,,,
3.953125000e+0,-7.196875000e-2,4.080937500e+1,-6.853875000e+1,,,
4.015625000e+0,-7.987500000e-2,4.200312500e+1,-6.787200000e+1,,,
3.984375000e+0,-7.625000000e-2,3.999375000e+1,-6.988800000e+1,,,
4.046875000e+0,-6.403125000e-2,4.040000000e+1,-6.718425000e+1,,,
7.984375000e+0,-7.196875000e-2,4.040000000e+1,-6.720525000e+1,,,
1.953125000e+0,-7.600000000e-2,4.080000000e+1,-6.652800000e+1,,,
2.000000000e+0,-8.400000000e-2,4.120000000e+1,-6.721575000e+1,,,
4.000000000e+0,-7.606250000e-2,4.160312500e+1,-6.853875000e+1,,,
0.000000000e+0,-7.593750000e-2,4.160625000e+1,-6.720525000e+1,,,
2.015625000e+0,-7.600000000e-2,4.120000000e+1,-6.854400000e+1,,,
3.984375000e+0,-7.200000000e-2,4.079375000e+1,-6.786675000e+1,,,
3.984375000e+0,-6.800000000e-2,4.040312500e+1,-6.652275000e+1,,,
8.000000000e+0,-7.200000000e-2,4.120312500e+1,-6.921600000e+1,,,
4.015625000e+0,-6.803125000e-2,4.159687500e+1,-6.719475000e+1,,,
4.000000000e+0,-7.600000000e-2,4.160000000e+1,-6.787200000e+1,,,
2.000000000e+0,-6.800000000e-2,4.160625000e+1,-6.720525000e+1,,,
3.984375000e+0,-7.984375000e-2,4.079375000e+1,-6.924750000e+1,,,
5.984375000e+0,-8.003125000e-2,4.080312500e+1,-6.920550000e+1,,,
1.953125000e+0,-8.000000000e-2,4.120937500e+1,-6.653325000e+1,,,
2.015625000e+0,-7.603125000e-2,4.239687500e+1,-6.925800000e+1,,,
6.000000000e+0,-7.590625000e-2,4.119375000e+1,-6.855450000e+1,,,
2.000000000e+0,-8.415625000e-2,4.161250000e+1,-6.718425000e+1,,,
-2.000000000e+0,-7.203125000e-2,4.040000000e+1,-6.921600000e+1,,,
3.968750000e+0,-8.384375000e-2,4.160312500e+1,-6.652800000e+1,,,
4.015625000e+0,-8.406250000e-2,4.120000000e+1,-6.854400000e+1,,,
4.000000000e+0,-6.800000000e-2,4.200000000e+1,-6.853875000e+1,,,
3.953125000e+0,-7.200000000e-2,4.118125000e+1,-6.652800000e+1,,,
8.000000000e+0,-7.200000000e-2,4.080000000e+1,-6.854400000e+1,,,
5.953125000e+0,-8.393750000e-2,4.075625000e+1,-6.788250000e+1,,,
9.953125000e+0,-7.600000000e-2,4.200000000e+1,-6.854925000e+1,,,
-9.375000000e-2,-7.600000000e-2,4.039687500e+1,-6.855450000e+1,,,
2.093750000e+0,-7.203125000e-2,4.160000000e+1,-6.585600000e+1,,,
5.984375000e+0,-8.406250000e-2,4.080625000e+1,-6.788250000e+1,,,
4.015625000e+0,-8.396875000e-2,4.280937500e+1,-6.787200000e+1,,,
8.015625000e+0,-7.603125000e-2,4.203750000e+1,-6.787200000e+1,,,
4.062500000e+0,-7.596875000e-2,4.160000000e+1,-6.786675000e+1,,,
2.000000000e+0,-7.993750000e-2,4.278750000e+1,-6.720525000e+1,,,
2.000000000e+0,-8.403125000e-2,3.999375000e+1,-6.856500000e+1,,,
0.000000000e+0,-7.606250000e-2,4.165312500e+1,-6.850200000e+1,,,
1.906250000e+0,-7.203125000e-2,4.196562500e+1,-6.585600000e+1,,,
1.003125000e+1,-8.396875000e-2,4.120000000e+1,-6.787200000e+1,,,
1.093750000e-1,-8.018750000e-2,4.240000000e+1,-6.921600000e+1,,,
4.078125000e+0,-8.003125000e-2,4.078437500e+1,-6.720000000e+1,,,
6.015625000e+0,-7.600000000e-2,4.080312500e+1,-6.720525000e+1,,,
8.015625000e+0,-6.400000000e-2,4.160000000e+1,-6.855450000e+1,,,
7.968750000e+0,-7.206250000e-2,4.080312500e+1,-6.854925000e+1,,,
2.015625000e+0,-7.600000000e-2,4.200000000e+1,-6.720525000e+1,,,
2.000000000e+0,-8.003125000e-2,4.081562500e+1,-6.722100000e+1,,,
2.000000000e+0,-7.603125000e-2,4.077500000e+1,-6.988800000e+1,,,
-2.015625000e+0,-7.600000000e-2,4.239687500e+1,-6.855450000e+1,,,
3.984375000e+0,-7.200000000e-2,4.080625000e+1,-6.921600000e+1,,,
0.000000000e+0,-7.196875000e-2,4.041250000e+1,-6.854400000e+1,,,
1.953125000e+0,-8.412500000e-2,4.200000000e+1,-6.920550000e+1,,,
4.000000000e+0,-8.796875000e-2,4.120312500e+1,-6.988800000e+1,,,
1.984375000e+0,-7.609375000e-2,4.119062500e+1,-6.921600000e+1,,,
7.984375000e+0,-7.196875000e-2,4.160000000e+1,-6.921600000e+1,,,
6.000000000e+0,-7.203125000e-2,4.160000000e+1,-6.584025000e+1,,,
2.000000000e+0,-7.200000000e-2,3.999062500e+1,-6.796125000e+1,,,
6.062500000e+0,-8.003125000e-2,4.123750000e+1,-6.987750000e+1,,,
5.906250000e+0,-8.000000000e-2,4.199687500e+1,-6.785100000e+1,,,
-4.000000000e+0,-8.000000000e-2,4.159062500e+1,-6.855975000e+1,,,
3.968750000e+0,-8.396875000e-2,4.155625000e+1,-6.921600000e+1,,,
1.984375000e+0,-8.006250000e-2,4.279375000e+1,-6.921075000e+1,,,
5.984375000e+0,-7.203125000e-2,4.198437500e+1,-6.988800000e+1,,,
6.046875000e+0,-7.206250000e-2,4.120000000e+1,-6.855450000e+1,,,
2.015625000e+0,-8.400000000e-2,4.200000000e+1,-6.787725000e+1,,,
3.921875000e+0,-8.003125000e-2,4.120000000e+1,-6.787200000e+1,,,
5.984375000e+0,-7.993750000e-2,4.119062500e+1,-6.989325000e+1,,,
3.875000000e+0,-8.400000000e-2,4.161562500e+1,-6.722625000e+1,,,
-2.031250000e+0,-8.000000000e-2,4.080000000e+1,-6.720525000e+1,,,
2.031250000e+0,-8.003125000e-2,4.159687500e+1,-6.853875000e+1,,,
4.015625000e+0,-8.809375000e-2,4.080000000e+1,-6.854400000e+1,,,
6.000000000e+0,-8.781250000e-2,4.200312500e+1,-6.854400000e+1,,,
6.031250000e+0,-7.200000000e-2,4.158750000e+1,-6.787725000e+1,,,
7.968750000e+0,-7.996875000e-2,4.119062500e+1,-6.787200000e+1,,,
2.031250000e+0,-7.596875000e-2,4.159687500e+1,-6.787725000e+1,,,
3.937500000e+0,-9.196875000e-2,4.159375000e+1,-6.854400000e+1,,,
4.078125000e+0,-8.400000000e-2,4.120312500e+1,-6.921600000e+1,,,
-2.015625000e+0,-8.800000000e-2,4.200000000e+1,-6.784575000e+1,,,
5.937500000e+0,-8.400000000e-2,4.119687500e+1,-6.652800000e+1,,,
4.031250000e+0,-8.006250000e-2,4.159375000e+1,-6.718425000e+1,,,
6.031250000e+0,-7.206250000e-2,4.080625000e+1,-6.922650000e+1,,,
5.953125000e+0,-7.596875000e-2,4.040000000e+1,-6.921600000e+1,,,
1.984375000e+0,-8.400000000e-2,4.080937500e+1,-6.787200000e+1,,,
6.015625000e+0,-8.800000000e-2,4.160000000e+1,-6.854925000e+1,,,
8.015625000e+0,-8.400000000e-2,4.079375000e+1,-6.921075000e+1,,,
1.200000000e+1,-8.800000000e-2,4.120000000e+1,-6.720000000e+1,,,
3.953125000e+0,-8.831250000e-2,4.079062500e+1,-6.988275000e+1,,,
2.031250000e+0,-7.200000000e-2,4.160000000e+1,-6.853875000e+1,,,
5.984375000e+0,-8.803125000e-2,4.080000000e+1,-6.786150000e+1,,,
6.000000000e+0,-7.584375000e-2,4.119687500e+1,-6.921600000e+1,,,
3.984375000e+0,-8.012500000e-2,4.120000000e+1,-6.854400000e+1,,,
2.000000000e+0,-8.800000000e-2,4.119375000e+1,-6.921600000e+1,,,
4.000000000e+0,-8.403125000e-2,4.080000000e+1,-6.921600000e+1,,,
2.046875000e+0,-9.187500000e-2,4.119687500e+1,-6.924225000e+1,,,
-2.000000000e+0,-8.803125000e-2,4.120937500e+1,-6.787725000e+1,,,
4.000000000e+0,-8.400000000e-2,4.240625000e+1,-6.854400000e+1,,,
1.937500000e+0,-8.403125000e-2,4.198750000e+1,-6.787200000e+1,,,
2.046875000e+0,-8.793750000e-2,4.117500000e+1,-6.853875000e+1,,,
7.968750000e+0,-7.596875000e-2,4.040000000e+1,-6.720000000e+1,,,
2.000000000e+0,-7.996875000e-2,4.118125000e+1,-6.922125000e+1,,,
8.000000000e+0,-8.000000000e-2,4.200000000e+1,-6.787200000e+1,,,
6.000000000e+0,-8.403125000e-2,4.160312500e+1,-6.854400000e+1,,,
4.000000000e+0,-8.403125000e-2,4.080000000e+1,-6.787200000e+1,,,
6.000000000e+0,-9.193750000e-2,4.079687500e+1,-6.787200000e+1,,,
2.015625000e+0,-7.581250000e-2,4.080312500e+1,-6.720525000e+1,,,
3.984375000e+0,-7.603125000e-2,4.200000000e+1,-6.720000000e+1,,,
2.031250000e+0,-8.403125000e-2,4.082812500e+1,-6.786675000e+1,,,
2.062500000e+0,-7.996875000e-2,4.119687500e+1,-6.921600000e+1,,,
6.000000000e+0,-8.406250000e-2,4.160937500e+1,-6.853875000e+1,,,
1.890625000e+0,-8.393750000e-2,3.880000000e+1,-6.787725000e+1,,,
6.250000000e-2,-8.006250000e-2,4.161562500e+1,-6.922125000e+1,,,
6.046875000e+0,-8.809375000e-2,4.080000000e+1,-6.720000000e+1,,,
3.953125000e+0,-8.387500000e-2,4.160000000e+1,-6.718950000e+1,,,
2.031250000e+0,-7.990625000e-2,4.079375000e+1,-6.853875000e+1,,,
1.562500000e-2,-9.600000000e-2,4.279375000e+1,-6.854400000e+1,,,
-1.562500000e-2,-8.812500000e-2,4.159062500e+1,-6.921075000e+1,,,
1.968750000e+0,-8.406250000e-2,4.200312500e+1,-6.787200000e+1,,,
6.000000000e+0,-8.803125000e-2,4.159687500e+1,-6.854400000e+1,,,
4.015625000e+0,-8.400000000e-2,4.160000000e+1,-6.988800000e+1,,,
5.906250000e+0,-8.381250000e-2,4.160937500e+1,-6.923700000e+1,,,
8.000000000e+0,-9.600000000e-2,4.080000000e+1,-6.854400000e+1,,,
5.937500000e+0,-8.396875000e-2,4.120000000e+1,-6.922650000e+1,,,
4.015625000e+0,-8.393750000e-2,4.200625000e+1,-6.988800000e+1,,,
6.000000000e+0,-7.600000000e-2,4.199687500e+1,-6.922650000e+1,,,
3.984375000e+0,-8.825000000e-2,4.160000000e+1,-6.719475000e+1,,,
3.984375000e+0,-9.593750000e-2,4.199687500e+1,-6.787725000e+1,,,
2.000000000e+0,-8.421875000e-2,4.082500000e+1,-6.854400000e+1,,,
1.000000000e+1,-8.409375000e-2,4.119062500e+1,-6.854400000e+1,,,
4.000000000e+0,-9.206250000e-2,4.160000000e+1,-6.921600000e+1,,,
6.000000000e+0,-8.787500000e-2,4.160000000e+1,-6.921075000e+1,,,
0.000000000e+0,-8.400000000e-2,4.160000000e+1,-6.988800000e+1,,,
6.000000000e+0,-8.393750000e-2,4.120312500e+1,-6.854400000e+1,,,
8.046875000e+0,-8.003125000e-2,4.200000000e+1,-6.853875000e+1,,,
1.968750000e+0,-8.800000000e-2,4.120312500e+1,-6.854400000e+1,,,
1.562500000e-2,-8.403125000e-2,4.120000000e+1,-6.854925000e+1,,,
4.062500000e+0,-9.203125000e-2,4.079375000e+1,-6.853875000e+1,,,
5.921875000e+0,-9.206250000e-2,4.120937500e+1,-6.719475000e+1,,,
2.046875000e+0,-9.590625000e-2,4.240625000e+1,-6.788250000e+1,,,
1.001562500e+1,-8.400000000e-2,4.158125000e+1,-6.787200000e+1,,,
6.000000000e+0,-9.590625000e-2,4.081875000e+1,-6.854925000e+1,,,
1.000000000e+1,-9.200000000e-2,4.080000000e+1,-6.720000000e+1,,,
6.015625000e+0,-9.200000000e-2,4.200625000e+1,-6.786150000e+1,,,
3.921875000e+0,-8.793750000e-2,4.160625000e+1,-6.921075000e+1,,,
1.200000000e+1,-8.809375000e-2,4.040000000e+1,-6.921600000e+1,,,
4.140625000e+0,-9.606250000e-2,4.120312500e+1,-6.854400000e+1,,,
3.921875000e+0,-9.600000000e-2,4.161562500e+1,-6.921075000e+1,,,
7.953125000e+0,-8.793750000e-2,4.039687500e+1,-6.853875000e+1,,,
3.968750000e+0,-8.409375000e-2,4.159375000e+1,-6.787725000e+1,,,
6.015625000e+0,-9.196875000e-2,4.159687500e+1,-6.717375000e+1,,,
3.953125000e+0,-8.400000000e-2,4.200000000e+1,-6.988800000e+1,,,
4.078125000e+0,-9.621875000e-2,4.199062500e+1,-6.721050000e+1,,,
7.953125000e+0,-9.603125000e-2,4.120312500e+1,-6.784050000e+1,,,
2.000000000e+0,-1.000000000e-1,4.118437500e+1,-6.987225000e+1,,,
7.984375000e+0,-9.200000000e-2,4.160000000e+1,-6.988800000e+1,,,
2.015625000e+0,-9.600000000e-2,4.120000000e+1,-6.854925000e+1,,,
6.000000000e+0,-8.809375000e-2,4.119687500e+1,-6.854925000e+1,,,
0.000000000e+0,-1.040000000e-1,4.079062500e+1,-6.854400000e+1,,,
3.953125000e+0,-8.784375000e-2,4.080625000e+1,-6.854400000e+1,,,
3.984375000e+0,-9.609375000e-2,4.160000000e+1,-6.921600000e+1,,,
6.015625000e+0,-9.218750000e-2,4.081250000e+1,-6.989850000e+1,,,
4.015625000e+0,-9.206250000e-2,4.120000000e+1,-6.788250000e+1,,,
8.000000000e+0,-9.600000000e-2,4.119687500e+1,-6.787200000e+1,,,
3.953125000e+0,-9.193750000e-2,4.160000000e+1,-6.787200000e+1,,,
4.000000000e+0,-9.203125000e-2,4.120000000e+1,-6.854400000e+1,,,
6.000000000e+0,-9.612500000e-2,4.199375000e+1,-6.921600000e+1,,,
4.000000000e+0,-1.000312500e-1,4.160937500e+1,-7.056000000e+1,,,
6.000000000e+0,-8.796875000e-2,4.120312500e+1,-6.855450000e+1,,,
5.984375000e+0,-9.612500000e-2,4.079687500e+1,-6.920025000e+1,,,
2.000000000e+0,-9.187500000e-2,4.080000000e+1,-6.854400000e+1,,,
2.000000000e+0,-8.809375000e-2,4.039687500e+1,-6.652275000e+1,,,
6.000000000e+0,-9.193750000e-2,4.080312500e+1,-6.988275000e+1,,,
5.984375000e+0,-8.812500000e-2,4.120000000e+1,-6.652800000e+1,,,
3.984375000e+0,-9.600000000e-2,4.158750000e+1,-6.718425000e+1,,,
8.000000000e+0,-8.806250000e-2,4.160000000e+1,-6.785625000e+1,,,
2.000000000e+0,-1.040312500e-1,4.120000000e+1,-7.057050000e+1,,,
0.000000000e+0,-9.190625000e-2,4.160937500e+1,-6.918450000e+1,,,
2.015625000e+0,-9.612500000e-2,4.158437500e+1,-6.720000000e+1,,,
6.046875000e+0,-9.596875000e-2,4.080000000e+1,-6.988800000e+1,,,
9.953125000e+0,-9.196875000e-2,4.160000000e+1,-6.652800000e+1,,,
2.062500000e+0,-8.796875000e-2,4.160312500e+1,-6.787200000e+1,,,
5.906250000e+0,-9.578125000e-2,4.080000000e+1,-6.923700000e+1,,,
6.046875000e+0,-1.040000000e-1,4.120000000e+1,-6.652800000e+1,,,
3.890625000e+0,-1.000937500e-1,4.040000000e+1,-6.788250000e+1,,,
8.062500000e+0,-9.600000000e-2,4.160312500e+1,-6.923700000e+1,,,
2.000000000e+0,-9.218750000e-2,4.119687500e+1,-6.652800000e+1,,,
9.796875000e+0,-8.787500000e-2,4.199687500e+1,-6.920550000e+1,,,
7.906250000e+0,-9.593750000e-2,4.080937500e+1,-6.722100000e+1,,,
-1.562500000e-2,-9.206250000e-2,4.079062500e+1,-6.787200000e+1,,,
4.000000000e+0,-8.803125000e-2,4.119687500e+1,-6.786675000e+1,,,
2.000000000e+0,-8.800000000e-2,4.080000000e+1,-6.720525000e+1,,,
3.984375000e+0,-8.800000000e-2,4.120000000e+1,-6.720000000e+1,,,
0.000000000e+0,-8.400000000e-2,4.079062500e+1,-6.921600000e+1,,,
4.000000000e+0,-1.000937500e-1,4.238437500e+1,-6.791925000e+1,,,
4.062500000e+0,-8.406250000e-2,4.120625000e+1,-6.720000000e+1,,,
1.953125000e+0,-9.984375000e-2,4.080625000e+1,-6.789825000e+1,,,
9.984375000e+0,-9.996875000e-2,4.119687500e+1,-6.921600000e+1,,,
6.046875000e+0,-1.080625000e-1,4.079375000e+1,-6.786675000e+1,,,
7.921875000e+0,-8.806250000e-2,4.120937500e+1,-6.786675000e+1,,,
1.200000000e+1,-9.578125000e-2,4.160000000e+1,-6.652800000e+1,,,
7.937500000e+0,-9.212500000e-2,4.119687500e+1,-6.854400000e+1,,,
6.000000000e+0,-9.190625000e-2,4.120000000e+1,-6.854400000e+1,,,
5.984375000e+0,-1.040000000e-1,4.159062500e+1,-6.853350000e+1,,,
4.015625000e+0,-9.200000000e-2,4.038750000e+1,-6.720000000e+1,,,
8.000000000e+0,-9.600000000e-2,4.000000000e+1,-6.923700000e+1,,,
6.031250000e+0,-9.603125000e-2,4.120937500e+1,-6.918975000e+1,,,
0.000000000e+0,-9.590625000e-2,4.119687500e+1,-6.721050000e+1,,,
2.000000000e+0,-9.996875000e-2,4.159687500e+1,-6.787200000e+1,,,
1.984375000e+0,-1.000000000e-1,4.160000000e+1,-6.854400000e+1,,,
3.984375000e+0,-9.600000000e-2,4.159062500e+1,-6.787200000e+1,,,
4.000000000e+0,-1.000625000e-1,4.080000000e+1,-6.854400000e+1,,,
1.984375000e+0,-8.396875000e-2,4.160000000e+1,-6.853875000e+1,,,
5.937500000e+0,-8.800000000e-2,4.080000000e+1,-6.722625000e+1,,,
8.000000000e+0,-9.171875000e-2,4.159375000e+1,-6.721050000e+1,,,
6.015625000e+0,-1.081250000e-1,4.119062500e+1,-6.989325000e+1,,,
1.984375000e+0,-8.812500000e-2,4.121250000e+1,-6.786675000e+1,,,
2.000000000e+0,-1.000000000e-1,4.200312500e+1,-6.857025000e+1,,,
2.015625000e+0,-9.606250000e-2,4.158437500e+1,-7.057575000e+1,,,
5.984375000e+0,-8.400000000e-2,4.120625000e+1,-6.923175000e+1,,,
6.000000000e+0,-9.181250000e-2,4.200937500e+1,-6.719475000e+1,,,
1.984375000e+0,-9.206250000e-2,4.120000000e+1,-6.854925000e+1,,,
3.968750000e+0,-9.200000000e-2,4.199687500e+1,-6.787200000e+1,,,
1.001562500e+1,-9.596875000e-2,4.080000000e+1,-6.854400000e+1,,,
2.015625000e+0,-1.000000000e-1,4.200000000e+1,-6.922125000e+1,,,
3.953125000e+0,-9.600000000e-2,4.197812500e+1,-6.921600000e+1,,,
4.031250000e+0,-9.200000000e-2,4.080000000e+1,-6.921600000e+1,,,
3.906250000e+0,-9.581250000e-2,4.158437500e+1,-6.787725000e+1,,,
1.200000000e+1,-1.000000000e-1,4.080000000e+1,-6.787200000e+1,,,
3.906250000e+0,-1.040312500e-1,4.040937500e+1,-6.787200000e+1,,,
4.015625000e+0,-1.039687500e-1,4.200312500e+1,-6.855450000e+1,,,
1.953125000e+0,-9.596875000e-2,4.120000000e+1,-6.921600000e+1,,,
0.000000000e+0,-9.606250000e-2,4.240312500e+1,-6.788250000e+1,,,
2.031250000e+0,-1.120312500e-1,4.161875000e+1,-6.719475000e+1,,,
2.062500000e+0,-1.001250000e-1,4.160000000e+1,-6.922125000e+1,,,
-2.062500000e+0,-1.039687500e-1,4.200000000e+1,-6.787200000e+1,,,
5.984375000e+0,-1.000312500e-1,4.159687500e+1,-6.855450000e+1,,,
2.000000000e+0,-1.039687500e-1,4.161562500e+1,-6.853875000e+1,,,
5.984375000e+0,-1.079687500e-1,4.240312500e+1,-6.854400000e+1,,,
4.015625000e+0,-9.200000000e-2,4.200000000e+1,-6.854400000e+1,,,
5.968750000e+0,-1.117500000e-1,4.199687500e+1,-6.787200000e+1,,,
6.015625000e+0,-1.000625000e-1,4.200000000e+1,-6.787200000e+1,,,
7.984375000e+0,-9.600000000e-2,4.119062500e+1,-6.787200000e+1,,,
3.984375000e+0,-1.000000000e-1,4.000000000e+1,-6.786675000e+1,,,
6.000000000e+0,-9.203125000e-2,4.120625000e+1,-6.720000000e+1,,,
3.984375000e+0,-1.040000000e-1,4.120000000e+1,-6.787200000e+1,,,
8.000000000e+0,-1.040000000e-1,4.200000000e+1,-6.786150000e+1,,,
1.000000000e+1,-1.080312500e-1,4.159375000e+1,-6.720000000e+1,,,
8.000000000e+0,-9.609375000e-2,4.240312500e+1,-6.853875000e+1,,,
8.015625000e+0,-9.200000000e-2,4.120000000e+1,-6.854400000e+1,,,
4.000000000e+0,-9.600000000e-2,4.199687500e+1,-6.922125000e+1,,,
5.937500000e+0,-9.203125000e-2,4.040000000e+1,-6.721050000e+1,,,
1.000000000e+1,-1.040625000e-1,4.119687500e+1,-6.853875000e+1,,,
6.031250000e+0,-1.041562500e-1,4.080312500e+1,-6.923175000e+1,,,
4.015625000e+0,-9.200000000e-2,4.079375000e+1,-6.720000000e+1,,,
2.000000000e+0,-1.039375000e-1,3.960000000e+1,-6.587175000e+1,,,
5.953125000e+0,-1.000000000e-1,4.122812500e+1,-6.859125000e+1,,,
-1.968750000e+0,-1.000000000e-1,4.077187500e+1,-6.921600000e+1,,,
7.984375000e+0,-1.000000000e-1,4.040312500e+1,-6.989325000e+1,,,
-2.031250000e+0,-9.600000000e-2,4.120000000e+1,-6.918975000e+1,,,
7.968750000e+0,-1.039375000e-1,4.118437500e+1,-6.717900000e+1,,,
6.015625000e+0,-9.612500000e-2,4.199687500e+1,-7.055475000e+1,,,
4.000000000e+0,-9.596875000e-2,4.159062500e+1,-6.785100000e+1,,,
5.968750000e+0,-1.080625000e-1,4.120000000e+1,-6.854400000e+1,,,
6.031250000e+0,-1.120000000e-1,4.200000000e+1,-6.854925000e+1,,,
4.000000000e+0,-9.606250000e-2,4.120000000e+1,-6.787200000e+1,,,
5.953125000e+0,-9.593750000e-2,4.120000000e+1,-6.788775000e+1,,,
5.984375000e+0,-1.000000000e-1,4.079062500e+1,-6.652800000e+1,,,
6.031250000e+0,-1.040000000e-1,4.119687500e+1,-6.855450000e+1,,,
5.937500000e+0,-9.606250000e-2,4.000625000e+1,-6.922125000e+1,,,
-1.984375000e+0,-1.080000000e-1,4.200000000e+1,-6.720000000e+1,,,
6.015625000e+0,-9.193750000e-2,4.079375000e+1,-6.922125000e+1,,,
3.125000000e-2,-1.000625000e-1,4.041875000e+1,-6.653850000e+1,,,
1.000000000e+1,-9.209375000e-2,4.200312500e+1,-6.717375000e+1,,,
2.031250000e+0,-9.593750000e-2,4.080312500e+1,-6.787725000e+1,,,
7.937500000e+0,-1.000000000e-1,4.120312500e+1,-6.787200000e+1,,,
4.062500000e+0,-9.596875000e-2,4.039375000e+1,-6.854400000e+1,,,
1.984375000e+0,-8.803125000e-2,3.999062500e+1,-6.787200000e+1,,,
2.015625000e+0,-1.000000000e-1,4.002812500e+1,-6.854925000e+1,,,
1.921875000e+0,-1.000937500e-1,4.240000000e+1,-6.854400000e+1,,,
8.031250000e+0,-9.600000000e-2,4.002187500e+1,-6.921600000e+1,,,
5.968750000e+0,-1.000000000e-1,4.000312500e+1,-6.854400000e+1,,,
5.984375000e+0,-1.000000000e-1,4.081250000e+1,-6.854400000e+1,,,
3.984375000e+0,-1.080000000e-1,4.200000000e+1,-6.787200000e+1,,,
6.015625000e+0,-9.593750000e-2,4.038125000e+1,-6.854400000e+1,,,
1.000000000e+1,-9.200000000e-2,4.040000000e+1,-6.787200000e+1,,,
7.984375000e+0,-1.039687500e-1,4.040312500e+1,-6.787200000e+1,,,
6.000000000e+0,-9.600000000e-2,4.040000000e+1,-6.787725000e+1,,,
6.000000000e+0,-1.040312500e-1,4.040000000e+1,-6.854400000e+1,,,
3.984375000e+0,-1.040000000e-1,4.079687500e+1,-6.787725000e+1,,,
7.984375000e+0,-1.039375000e-1,4.079375000e+1,-6.787725000e+1,,,
2.000000000e+0,-9.606250000e-2,4.040000000e+1,-6.921600000e+1,,,
7.984375000e+0,-1.080312500e-1,4.080000000e+1,-6.789825000e+1,,,
4.062500000e+0,-9.996875000e-2,4.040000000e+1,-6.647550000e+1,,,
2.000000000e+0,-1.120000000e-1,4.121562500e+1,-6.922125000e+1,,,
6.000000000e+0,-9.993750000e-2,4.158750000e+1,-6.585600000e+1,,,
5.984375000e+0,-9.596875000e-2,4.000000000e+1,-6.861225000e+1,,,
6.015625000e+0,-9.187500000e-2,4.120937500e+1,-6.920550000e+1,,,
5.953125000e+0,-8.406250000e-2,3.998750000e+1,-6.854400000e+1,,,
1.562500000e-2,-9.993750000e-2,4.076562500e+1,-6.853875000e+1,,,
1.200000000e+1,-9.603125000e-2,4.239062500e+1,-6.652800000e+1,,,
1.200000000e+1,-9.600000000e-2,4.000625000e+1,-6.854400000e+1,,,
4.000000000e+0,-9.606250000e-2,4.040000000e+1,-6.720525000e+1,,,
1.198437500e+1,-1.081250000e-1,4.119062500e+1,-6.854400000e+1,,,
8.078125000e+0,-1.037500000e-1,4.000000000e+1,-6.585600000e+1,,,
6.015625000e+0,-8.800000000e-2,4.159687500e+1,-6.854400000e+1,,,
5.953125000e+0,-1.037500000e-1,3.963437500e+1,-6.653325000e+1,,,
1.203125000e+1,-9.990625000e-2,3.999687500e+1,-6.786675000e+1,,,
7.890625000e+0,-9.603125000e-2,4.039687500e+1,-6.853875000e+1,,,
4.046875000e+0,-1.000000000e-1,4.079375000e+1,-6.652800000e+1,,,
1.014062500e+1,-9.606250000e-2,4.000000000e+1,-6.787200000e+1,,,
1.189062500e+1,-1.040312500e-1,4.040000000e+1,-6.652800000e+1,,,
3.984375000e+0,-9.590625000e-2,3.960000000e+1,-6.785625000e+1,,,
1.185937500e+1,-9.196875000e-2,4.039375000e+1,-6.921075000e+1,,,
1.206250000e+1,-1.000000000e-1,4.080312500e+1,-6.921600000e+1,,,
1.000000000e+1,-1.040312500e-1,3.998437500e+1,-6.854925000e+1,,,
1.200000000e+1,-9.996875000e-2,3.962812500e+1,-6.853875000e+1,,,
8.000000000e+0,-1.000625000e-1,4.160000000e+1,-6.652800000e+1,,,
8.031250000e+0,-1.040000000e-1,4.000000000e+1,-6.787200000e+1,,,
4.000000000e+0,-1.001562500e-1,4.160937500e+1,-6.787725000e+1,,,
1.010937500e+1,-9.600000000e-2,3.920000000e+1,-6.787200000e+1,,,
1.196875000e+1,-1.040000000e-1,4.080000000e+1,-6.786675000e+1,,,
9.984375000e+0,-9.584375000e-2,4.119375000e+1,-6.720525000e+1,,,
9.984375000e+0,-9.209375000e-2,4.039375000e+1,-6.854400000e+1,,,
8.000000000e+0,-1.000000000e-1,3.960000000e+1,-6.784050000e+1,,,
1.200000000e+1,-9.193750000e-2,4.080312500e+1,-6.518925000e+1,,,
8.000000000e+0,-9.587500000e-2,4.039375000e+1,-6.852300000e+1,,,
5.984375000e+0,-1.000625000e-1,4.119687500e+1,-6.720000000e+1,,,
4.000000000e+0,-1.038750000e-1,3.998750000e+1,-6.854400000e+1,,,
8.000000000e+0,-9.193750000e-2,3.960312500e+1,-6.721050000e+1,,,
7.984375000e+0,-9.596875000e-2,4.040000000e+1,-6.787200000e+1,,,
6.000000000e+0,-8.793750000e-2,4.040625000e+1,-6.720000000e+1,,,
3.953125000e+0,-9.615625000e-2,4.121562500e+1,-6.718425000e+1,,,
1.001562500e+1,-1.080000000e-1,3.920937500e+1,-6.720000000e+1,,,
7.937500000e+0,-9.996875000e-2,3.960625000e+1,-6.586125000e+1,,,
8.093750000e+0,-9.612500000e-2,3.960312500e+1,-6.787725000e+1,,,
1.598437500e+1,-1.120625000e-1,3.999687500e+1,-6.717900000e+1,,,
7.906250000e+0,-9.987500000e-2,4.002187500e+1,-6.652275000e+1,,,
1.000000000e+1,-1.040937500e-1,4.119687500e+1,-6.652800000e+1,,,
8.000000000e+0,-1.040937500e-1,4.003437500e+1,-6.653325000e+1,,,
1.201562500e+1,-1.000312500e-1,4.040000000e+1,-6.586125000e+1,,,
1.200000000e+1,-1.080625000e-1,4.079687500e+1,-6.719475000e+1,,,
9.937500000e+0,-9.971875000e-2,3.960625000e+1,-6.653325000e+1,,,
1.800000000e+1,-8.818750000e-2,3.879687500e+1,-6.653325000e+1,,,
8.234375000e+0,-1.120937500e-1,4.000625000e+1,-6.718950000e+1,,,
3.875000000e+0,-9.600000000e-2,4.080000000e+1,-6.721575000e+1,,,
1.395312500e+1,-9.200000000e-2,4.039687500e+1,-6.450150000e+1,,,
3.906250000e+0,-9.209375000e-2,4.040312500e+1,-6.517875000e+1,,,
1.004687500e+1,-1.082187500e-1,3.959687500e+1,-6.650700000e+1,,,
1.004687500e+1,-1.079375000e-1,4.080000000e+1,-6.787200000e+1,,,
1.395312500e+1,-1.039687500e-1,3.998437500e+1,-6.720525000e+1,,,
5.906250000e+0,-9.993750000e-2,3.999687500e+1,-6.653325000e+1,,,
6.046875000e+0,-1.000000000e-1,4.078125000e+1,-6.652800000e+1,,,
7.984375000e+0,-1.040000000e-1,4.039375000e+1,-6.652800000e+1,,,
8.015625000e+0,-1.000000000e-1,3.960000000e+1,-6.720525000e+1,,,
7.984375000e+0,-1.039687500e-1,4.080000000e+1,-6.585600000e+1,,,
9.984375000e+0,-9.609375000e-2,3.959375000e+1,-6.721050000e+1,,,
1.001562500e+1,-1.079375000e-1,4.040000000e+1,-6.720000000e+1,,,
9.984375000e+0,-9.193750000e-2,3.920312500e+1,-6.720000000e+1,,,
1.193750000e+1,-1.038125000e-1,3.957187500e+1,-6.787725000e+1,,,
1.398437500e+1,-1.000000000e-1,4.000000000e+1,-6.653325000e+1,,,
1.196875000e+1,-1.040000000e-1,4.040000000e+1,-6.652800000e+1,,,
1.200000000e+1,-9.590625000e-2,3.999375000e+1,-6.585075000e+1,,,
1.200000000e+1,-9.600000000e-2,3.880000000e+1,-6.585600000e+1,,,
1.400000000e+1,-9.609375000e-2,3.998750000e+1,-6.652800000e+1,,,
1.196875000e+1,-1.079687500e-1,4.001562500e+1,-6.720000000e+1,,,
7.984375000e+0,-1.079687500e-1,3.919687500e+1,-6.654375000e+1,,,
1.001562500e+1,-1.080312500e-1,3.999687500e+1,-6.584025000e+1,,,
1.400000000e+1,-1.037187500e-1,3.960000000e+1,-6.787200000e+1,,,
1.000000000e+1,-8.790625000e-2,4.000625000e+1,-6.586125000e+1,,,
1.400000000e+1,-1.004375000e-1,3.999687500e+1,-6.718425000e+1,,,
8.000000000e+0,-1.037500000e-1,3.920000000e+1,-6.652800000e+1,,,
1.396875000e+1,-9.200000000e-2,3.999062500e+1,-6.519450000e+1,,,
1.400000000e+1,-1.000625000e-1,3.959687500e+1,-6.584550000e+1,,,
1.400000000e+1,-1.000312500e-1,4.039687500e+1,-6.653325000e+1,,,
8.015625000e+0,-1.040000000e-1,4.037812500e+1,-6.583500000e+1,,,
1.604687500e+1,-9.996875000e-2,3.920312500e+1,-6.451200000e+1,,,
1.192187500e+1,-9.996875000e-2,4.040000000e+1,-6.787725000e+1,,,
1.004687500e+1,-9.596875000e-2,3.960000000e+1,-6.518400000e+1,,,
1.403125000e+1,-9.578125000e-2,4.040000000e+1,-6.652800000e+1,,,
8.000000000e+0,-1.039375000e-1,3.960000000e+1,-6.519975000e+1,,,
1.396875000e+1,-1.001562500e-1,3.920000000e+1,-6.585600000e+1,,,
1.006250000e+1,-9.587500000e-2,3.921250000e+1,-6.652800000e+1,,,
1.195312500e+1,-1.080000000e-1,4.080000000e+1,-6.586125000e+1,,,
1.003125000e+1,-9.618750000e-2,3.960937500e+1,-6.585600000e+1,,,
1.190625000e+1,-9.978125000e-2,3.998125000e+1,-6.518925000e+1,,,
1.400000000e+1,-9.615625000e-2,3.960937500e+1,-6.451725000e+1,,,
1.400000000e+1,-9.190625000e-2,3.879375000e+1,-6.451200000e+1,,,
1.400000000e+1,-1.040312500e-1,4.000312500e+1,-6.517875000e+1,,,
1.398437500e+1,-8.803125000e-2,3.959375000e+1,-6.451200000e+1,,,
1.198437500e+1,-9.600000000e-2,4.000000000e+1,-6.585600000e+1,,,
1.401562500e+1,-9.600000000e-2,3.999375000e+1,-6.585600000e+1,,,
1.600000000e+1,-9.959375000e-2,4.042500000e+1,-6.718950000e+1,,,
1.604687500e+1,-1.080625000e-1,3.920312500e+1,-6.585600000e+1,,,
1.396875000e+1,-1.000312500e-1,3.960937500e+1,-6.520500000e+1,,,
1.800000000e+1,-1.079375000e-1,3.956562500e+1,-6.651750000e+1,,,
1.206250000e+1,-1.080312500e-1,3.839375000e+1,-6.383475000e+1,,,
1.192187500e+1,-1.039375000e-1,3.920937500e+1,-6.452775000e+1,,,
1.795312500e+1,-1.119687500e-1,3.920000000e+1,-6.451200000e+1,,,
1.796875000e+1,-1.003125000e-1,3.920312500e+1,-6.451200000e+1,,,
1.800000000e+1,-9.193750000e-2,4.000000000e+1,-6.451725000e+1,,,
1.798437500e+1,-1.039687500e-1,3.918125000e+1,-6.518400000e+1,,,
1.600000000e+1,-1.040000000e-1,3.880312500e+1,-6.451200000e+1,,,
1.598437500e+1,-1.080000000e-1,3.880000000e+1,-6.452250000e+1,,,
1.401562500e+1,-9.993750000e-2,3.837812500e+1,-6.587175000e+1,,,
1.000000000e+1,-1.082812500e-1,3.717500000e+1,-6.586650000e+1,,,
1.600000000e+1,-8.806250000e-2,3.919375000e+1,-6.451200000e+1,,,
1.200000000e+1,-1.000000000e-1,3.798750000e+1,-6.384000000e+1,,,
1.595312500e+1,-1.000000000e-1,3.840937500e+1,-6.383475000e+1,,,
2.200000000e+1,-1.120000000e-1,3.880000000e+1,-6.518400000e+1,,,
1.401562500e+1,-9.996875000e-2,3.880000000e+1,-6.450675000e+1,,,
1.595312500e+1,-1.040000000e-1,3.880000000e+1,-6.384000000e+1,,,
1.600000000e+1,-9.606250000e-2,3.840312500e+1,-6.451725000e+1,,,
1.598437500e+1,-9.996875000e-2,3.840000000e+1,-6.517875000e+1,,,
1.801562500e+1,-9.990625000e-2,3.840312500e+1,-6.451725000e+1,,,
1.996875000e+1,-1.080000000e-1,3.880625000e+1,-6.586125000e+1,,,
1.398437500e+1,-9.606250000e-2,3.918437500e+1,-6.448575000e+1,,,
1.598437500e+1,-9.196875000e-2,3.800312500e+1,-6.450675000e+1,,,
1.600000000e+1,-9.975000000e-2,3.920625000e+1,-6.587175000e+1,,,
7.984375000e+0,-1.041250000e-1,3.800000000e+1,-6.316800000e+1,,,
1.196875000e+1,-9.603125000e-2,3.920000000e+1,-6.518400000e+1,,,
1.596875000e+1,-1.039687500e-1,3.840000000e+1,-6.585600000e+1,,,
1.801562500e+1,-1.040000000e-1,3.960000000e+1,-6.450675000e+1,,,
1.198437500e+1,-1.000000000e-1,3.877187500e+1,-6.384000000e+1,,,
1.990625000e+1,-1.040000000e-1,3.800000000e+1,-6.451200000e+1,,,
1.807812500e+1,-1.040312500e-1,3.875312500e+1,-6.518925000e+1,,,
1.395312500e+1,-1.040000000e-1,3.920000000e+1,-6.383475000e+1,,,
1.406250000e+1,-1.000000000e-1,3.759687500e+1,-6.384000000e+1,,,
2.004687500e+1,-1.000000000e-1,3.880312500e+1,-6.386100000e+1,,,
1.996875000e+1,-9.600000000e-2,3.838125000e+1,-6.585075000e+1,,,
1.796875000e+1,-1.000625000e-1,3.760625000e+1,-6.250650000e+1,,,
1.598437500e+1,-1.080312500e-1,3.880312500e+1,-6.383475000e+1,,,
1.596875000e+1,-1.040000000e-1,3.760000000e+1,-6.450150000e+1,,,
1.798437500e+1,-1.080312500e-1,3.840625000e+1,-6.384525000e+1,,,
1.798437500e+1,-1.000000000e-1,3.840000000e+1,-6.586650000e+1,,,
2.000000000e+1,-1.040312500e-1,3.840937500e+1,-6.514725000e+1,,,
1.798437500e+1,-9.596875000e-2,3.880625000e+1,-6.451200000e+1,,,
2.200000000e+1,-9.596875000e-2,3.840000000e+1,-6.451200000e+1,,,
1.803125000e+1,-1.080937500e-1,3.797812500e+1,-6.316800000e+1,,,
2.001562500e+1,-9.206250000e-2,3.920312500e+1,-6.384000000e+1,,,
2.001562500e+1,-9.200000000e-2,3.839375000e+1,-6.316275000e+1,,,
2.400000000e+1,-9.600000000e-2,3.800000000e+1,-6.249600000e+1,,,
2.198437500e+1,-1.040625000e-1,3.880000000e+1,-6.249600000e+1,,,
2.200000000e+1,-1.080000000e-1,3.800000000e+1,-6.249600000e+1,,,
2.200000000e+1,-1.080937500e-1,3.799687500e+1,-6.251700000e+1,,,
1.600000000e+1,-9.996875000e-2,3.839062500e+1,-6.451200000e+1,,,
1.398437500e+1,-1.080000000e-1,3.880625000e+1,-6.184500000e+1,,,
1.796875000e+1,-9.600000000e-2,3.800000000e+1,-6.249600000e+1,,,
2.198437500e+1,-1.000000000e-1,3.880000000e+1,-6.384000000e+1,,,
2.201562500e+1,-1.000312500e-1,3.760000000e+1,-6.251175000e+1,,,
2.001562500e+1,-1.040000000e-1,3.759687500e+1,-6.249075000e+1,,,
1.798437500e+1,-1.000312500e-1,3.800937500e+1,-6.382425000e+1,,,
2.198437500e+1,-1.000000000e-1,3.719687500e+1,-6.384000000e+1,,,
2.200000000e+1,-1.000312500e-1,3.760000000e+1,-6.381900000e+1,,,
1.998437500e+1,-1.000000000e-1,3.839062500e+1,-6.252225000e+1,,,
2.001562500e+1,-1.040625000e-1,3.760000000e+1,-6.519975000e+1,,,
1.993750000e+1,-1.120000000e-1,3.840312500e+1,-6.381375000e+1,,,
1.604687500e+1,-1.000312500e-1,3.799375000e+1,-6.318375000e+1,,,
2.598437500e+1,-1.038125000e-1,3.800312500e+1,-6.385575000e+1,,,
2.001562500e+1,-1.079687500e-1,3.799062500e+1,-6.181875000e+1,,,
1.998437500e+1,-1.080312500e-1,3.879687500e+1,-6.385050000e+1,,,
2.400000000e+1,-9.996875000e-2,3.759375000e+1,-6.183450000e+1,,,
2.006250000e+1,-1.000000000e-1,3.759375000e+1,-6.181875000e+1,,,
1.992187500e+1,-9.996875000e-2,3.880000000e+1,-6.182400000e+1,,,
2.398437500e+1,-1.079375000e-1,3.761250000e+1,-6.250125000e+1,,,
2.196875000e+1,-1.040000000e-1,3.760625000e+1,-6.182400000e+1,,,
2.196875000e+1,-9.600000000e-2,3.720625000e+1,-6.249600000e+1,,,
2.000000000e+1,-1.080000000e-1,3.921250000e+1,-6.182400000e+1,,,
2.203125000e+1,-1.000000000e-1,3.840000000e+1,-6.249600000e+1,,,
2.190625000e+1,-1.080312500e-1,3.639375000e+1,-6.248550000e+1,,,
1.807812500e+1,-9.996875000e-2,3.720312500e+1,-6.115200000e+1,,,
2.800000000e+1,-1.000312500e-1,3.640000000e+1,-6.248025000e+1,,,
2.003125000e+1,-9.209375000e-2,3.759687500e+1,-6.250125000e+1,,,
2.596875000e+1,-9.196875000e-2,3.718437500e+1,-6.316800000e+1,,,
2.201562500e+1,-1.040937500e-1,3.640312500e+1,-6.249600000e+1,,,
2.596875000e+1,-1.119687500e-1,3.760625000e+1,-6.115725000e+1,,,
2.600000000e+1,-9.600000000e-2,3.760312500e+1,-6.250125000e+1,,,
2.606250000e+1,-1.079062500e-1,3.799687500e+1,-6.182400000e+1,,,
2.204687500e+1,-1.002187500e-1,3.680937500e+1,-6.316800000e+1,,,
2.795312500e+1,-9.596875000e-2,3.640000000e+1,-6.182400000e+1,,,
1.798437500e+1,-1.120000000e-1,3.720312500e+1,-6.182400000e+1,,,
2.806250000e+1,-9.996875000e-2,3.680000000e+1,-6.114675000e+1,,,
2.598437500e+1,-1.000000000e-1,3.640312500e+1,-6.048525000e+1,,,
2.600000000e+1,-1.000000000e-1,3.720000000e+1,-6.182400000e+1,,,
2.596875000e+1,-1.039375000e-1,3.720625000e+1,-6.115725000e+1,,,
1.998437500e+1,-1.120000000e-1,3.680312500e+1,-6.115200000e+1,,,
2.396875000e+1,-1.119375000e-1,3.640000000e+1,-6.048525000e+1,,,
2.598437500e+1,-9.590625000e-2,3.719687500e+1,-6.114675000e+1,,,
2.598437500e+1,-1.000937500e-1,3.678437500e+1,-6.250650000e+1,,,
2.403125000e+1,-1.040625000e-1,3.641875000e+1,-6.316800000e+1,,,
1.800000000e+1,-1.080312500e-1,3.839375000e+1,-6.318900000e+1,,,
2.196875000e+1,-1.081562500e-1,3.725937500e+1,-6.049575000e+1,,,
2.200000000e+1,-1.040000000e-1,3.680000000e+1,-6.181875000e+1,,,
2.400000000e+1,-1.120000000e-1,3.680312500e+1,-6.182925000e+1,,,
2.595312500e+1,-1.039687500e-1,3.719687500e+1,-6.318375000e+1,,,
2.200000000e+1,-1.000312500e-1,3.680312500e+1,-6.249075000e+1,,,
2.598437500e+1,-1.040625000e-1,3.719687500e+1,-6.182400000e+1,,,
2.200000000e+1,-1.080312500e-1,3.679687500e+1,-6.115200000e+1,,,
2.800000000e+1,-1.040000000e-1,3.760625000e+1,-6.115200000e+1,,,
3.000000000e+1,-1.080312500e-1,3.760000000e+1,-6.048000000e+1,,,
3.000000000e+1,-1.120312500e-1,3.720000000e+1,-6.182925000e+1,,,
2.800000000e+1,-1.120312500e-1,3.680625000e+1,-6.115200000e+1,,,
2.996875000e+1,-1.119062500e-1,3.719375000e+1,-6.182925000e+1,,,
3.000000000e+1,-1.040312500e-1,3.560625000e+1,-6.048000000e+1,,,
2.998437500e+1,-1.158437500e-1,3.598125000e+1,-6.114675000e+1,,,
2.790625000e+1,-1.078437500e-1,3.639687500e+1,-6.249600000e+1,,,
2.189062500e+1,-9.603125000e-2,3.680000000e+1,-6.181875000e+1,,,
2.015625000e+1,-1.040625000e-1,3.638437500e+1,-6.115200000e+1,,,
3.414062500e+1,-1.000000000e-1,3.560625000e+1,-6.115725000e+1,,,
3.195312500e+1,-1.039687500e-1,3.680000000e+1,-5.980800000e+1,,,
3.195312500e+1,-9.593750000e-2,3.600312500e+1,-6.046425000e+1,,,
2.604687500e+1,-9.596875000e-2,3.599687500e+1,-6.182400000e+1,,,
2.790625000e+1,-1.040000000e-1,3.680625000e+1,-6.115200000e+1,,,
3.000000000e+1,-1.120000000e-1,3.559687500e+1,-5.980275000e+1,,,
2.600000000e+1,-1.119687500e-1,3.681875000e+1,-5.981325000e+1,,,
2.800000000e+1,-1.080000000e-1,3.680000000e+1,-6.115200000e+1,,,
2.600000000e+1,-1.039687500e-1,3.680000000e+1,-6.048000000e+1,,,
2.987500000e+1,-9.993750000e-2,3.720625000e+1,-5.913600000e+1,,,
3.195312500e+1,-1.080000000e-1,3.640000000e+1,-6.047475000e+1,,,
2.793750000e+1,-1.039687500e-1,3.680000000e+1,-6.114675000e+1,,,
2.800000000e+1,-1.000000000e-1,3.639062500e+1,-6.048000000e+1,,,
2.800000000e+1,-1.041250000e-1,3.600000000e+1,-6.048525000e+1,,,
3.001562500e+1,-1.079062500e-1,3.640000000e+1,-5.913600000e+1,,,
3.198437500e+1,-9.596875000e-2,3.640000000e+1,-6.049050000e+1,,,
2.800000000e+1,-1.039375000e-1,3.641875000e+1,-6.116775000e+1,,,
2.801562500e+1,-1.040937500e-1,3.560312500e+1,-5.980800000e+1,,,
3.000000000e+1,-1.159375000e-1,3.600937500e+1,-6.115200000e+1,,,
3.200000000e+1,-9.978125000e-2,3.639375000e+1,-5.983425000e+1,,,
2.998437500e+1,-1.042500000e-1,3.560000000e+1,-5.913600000e+1,,,
3.000000000e+1,-1.120000000e-1,3.640937500e+1,-6.048000000e+1,,,
3.600000000e+1,-1.039062500e-1,3.604062500e+1,-5.982900000e+1,,,
2.996875000e+1,-1.040000000e-1,3.479375000e+1,-5.980800000e+1,,,
3.001562500e+1,-1.120312500e-1,3.600000000e+1,-6.049050000e+1,,,
2.793750000e+1,-1.080312500e-1,3.479062500e+1,-6.115200000e+1,,,
2.603125000e+1,-1.119062500e-1,3.560937500e+1,-5.978700000e+1,,,
3.212500000e+1,-9.996875000e-2,3.558437500e+1,-5.982900000e+1,,,
3.600000000e+1,-1.080937500e-1,3.519687500e+1,-6.048525000e+1,,,
3.400000000e+1,-1.080937500e-1,3.520000000e+1,-5.846925000e+1,,,
3.198437500e+1,-1.040000000e-1,3.480000000e+1,-5.914125000e+1,,,
3.000000000e+1,-1.080000000e-1,3.440000000e+1,-5.981325000e+1,,,
3.198437500e+1,-9.990625000e-2,3.519375000e+1,-5.980800000e+1,,,
3.200000000e+1,-1.000312500e-1,3.599687500e+1,-6.048000000e+1,,,
3.201562500e+1,-1.040625000e-1,3.599375000e+1,-5.981325000e+1,,,
3.192187500e+1,-1.120000000e-1,3.479687500e+1,-5.914125000e+1,,,
3.795312500e+1,-1.119375000e-1,3.597500000e+1,-5.914125000e+1,,,
3.198437500e+1,-1.039687500e-1,3.560312500e+1,-6.047475000e+1,,,
3.596875000e+1,-1.040312500e-1,3.480000000e+1,-6.115725000e+1,,,
2.800000000e+1,-1.040312500e-1,3.560000000e+1,-5.980800000e+1,,,
3.603125000e+1,-1.081250000e-1,3.517812500e+1,-5.846925000e+1,,,
2.996875000e+1,-1.120000000e-1,3.400000000e+1,-5.911500000e+1,,,
3.607812500e+1,-1.120000000e-1,3.514062500e+1,-6.046950000e+1,,,
3.604687500e+1,-1.120000000e-1,3.559375000e+1,-6.048000000e+1,,,
3.201562500e+1,-9.600000000e-2,3.400000000e+1,-5.914650000e+1,,,
3.398437500e+1,-1.041562500e-1,3.560000000e+1,-5.848500000e+1,,,
3.400000000e+1,-1.119687500e-1,3.398125000e+1,-5.980800000e+1,,,
3.200000000e+1,-1.040312500e-1,3.480937500e+1,-5.779200000e+1,,,
3.396875000e+1,-1.079062500e-1,3.519687500e+1,-5.846400000e+1,,,
3.593750000e+1,-9.600000000e-2,3.521250000e+1,-5.845875000e+1,,,
3.795312500e+1,-1.121250000e-1,3.480000000e+1,-5.980800000e+1,,,
3.400000000e+1,-1.079062500e-1,3.480312500e+1,-5.846400000e+1,,,
3.801562500e+1,-1.038125000e-1,3.400000000e+1,-5.847450000e+1,,,
3.396875000e+1,-9.615625000e-2,3.520312500e+1,-5.847450000e+1,,,
3.200000000e+1,-1.161250000e-1,3.480312500e+1,-5.779200000e+1,,,
3.801562500e+1,-1.040625000e-1,3.519687500e+1,-5.914125000e+1,,,
3.796875000e+1,-1.001250000e-1,3.480625000e+1,-5.914125000e+1,,,
3.198437500e+1,-1.080000000e-1,3.440000000e+1,-5.913075000e+1,,,
3.400000000e+1,-9.993750000e-2,3.400312500e+1,-5.913600000e+1,,,
3.800000000e+1,-1.040312500e-1,3.360000000e+1,-5.712000000e+1,,,
3.400000000e+1,-1.000312500e-1,3.400000000e+1,-5.980275000e+1,,,
3.798437500e+1,-1.081875000e-1,3.400000000e+1,-5.779200000e+1,,,
2.998437500e+1,-1.080000000e-1,3.397500000e+1,-5.847975000e+1,,,
3.996875000e+1,-1.080000000e-1,3.479687500e+1,-5.645850000e+1,,,
3.800000000e+1,-1.120312500e-1,3.440000000e+1,-5.780775000e+1,,,
3.203125000e+1,-1.159687500e-1,3.480625000e+1,-5.846400000e+1,,,
4.003125000e+1,-1.038125000e-1,3.479375000e+1,-5.846400000e+1,,,
3.595312500e+1,-1.042812500e-1,3.439687500e+1,-5.778675000e+1,,,
3.803125000e+1,-1.159375000e-1,3.440000000e+1,-5.712000000e+1,,,
3.998437500e+1,-9.618750000e-2,3.359687500e+1,-5.712000000e+1,,,
3.812500000e+1,-1.117812500e-1,3.480000000e+1,-5.644275000e+1,,,
3.198437500e+1,-1.081250000e-1,3.440000000e+1,-5.779200000e+1,,,
3.976562500e+1,-1.040312500e-1,3.440625000e+1,-5.712525000e+1,,,
4.220312500e+1,-1.039687500e-1,3.479687500e+1,-5.846400000e+1,,,
3.400000000e+1,-1.079375000e-1,3.400312500e+1,-5.712000000e+1,,,
3.987500000e+1,-1.080937500e-1,3.439062500e+1,-5.779200000e+1,,,
3.592187500e+1,-1.040937500e-1,3.400625000e+1,-5.645850000e+1,,,
3.401562500e+1,-1.039062500e-1,3.359687500e+1,-5.712000000e+1,,,
4.201562500e+1,-1.120312500e-1,3.400000000e+1,-5.713050000e+1,,,
3.798437500e+1,-1.000625000e-1,3.359375000e+1,-5.779725000e+1,,,
3.800000000e+1,-9.600000000e-2,3.400000000e+1,-5.577600000e+1,,,
3.598437500e+1,-9.600000000e-2,3.480000000e+1,-5.644800000e+1,,,
3.600000000e+1,-1.033437500e-1,3.440937500e+1,-5.644275000e+1,,,
3.801562500e+1,-1.200000000e-1,3.440000000e+1,-5.712000000e+1,,,
3.600000000e+1,-1.081250000e-1,3.400000000e+1,-5.713575000e+1,,,
4.195312500e+1,-1.119687500e-1,3.399062500e+1,-5.777625000e+1,,,
4.603125000e+1,-1.080000000e-1,3.317812500e+1,-5.509875000e+1,,,
4.200000000e+1,-1.119687500e-1,3.321250000e+1,-5.580225000e+1,,,
4.601562500e+1,-1.119375000e-1,3.439687500e+1,-5.712000000e+1,,,
4.203125000e+1,-1.122187500e-1,3.399375000e+1,-5.510400000e+1,,,
5.004687500e+1,-9.603125000e-2,3.320000000e+1,-5.780775000e+1,,,
4.395312500e+1,-1.040000000e-1,3.441562500e+1,-5.643225000e+1,,,
4.003125000e+1,-1.000000000e-1,3.398750000e+1,-5.644800000e+1,,,
4.400000000e+1,-1.080000000e-1,3.320000000e+1,-5.712000000e+1,,,
4.001562500e+1,-1.000312500e-1,3.359062500e+1,-5.644275000e+1,,,
3.800000000e+1,-1.076562500e-1,3.240000000e+1,-5.645325000e+1,,,
4.400000000e+1,-1.081562500e-1,3.398437500e+1,-5.577600000e+1,,,
3.800000000e+1,-9.200000000e-2,3.399062500e+1,-5.713050000e+1,,,
4.398437500e+1,-1.040000000e-1,3.319062500e+1,-5.779200000e+1,,,
4.200000000e+1,-1.120000000e-1,3.320000000e+1,-5.713575000e+1,,,
3.998437500e+1,-1.079687500e-1,3.360000000e+1,-5.442150000e+1,,,
4.596875000e+1,-1.040000000e-1,3.320312500e+1,-5.443725000e+1,,,
4.400000000e+1,-1.000625000e-1,3.280312500e+1,-5.376525000e+1,,,
4.600000000e+1,-9.990625000e-2,3.280000000e+1,-5.578125000e+1,,,
4.198437500e+1,-1.079375000e-1,3.321250000e+1,-5.510925000e+1,,,
4.204687500e+1,-1.080000000e-1,3.359687500e+1,-5.712525000e+1,,,
4.600000000e+1,-1.080312500e-1,3.278750000e+1,-5.575500000e+1,,,
4.198437500e+1,-1.039687500e-1,3.280625000e+1,-5.578125000e+1,,,
4.800000000e+1,-1.119687500e-1,3.321562500e+1,-5.509875000e+1,,,
4.198437500e+1,-1.041562500e-1,3.280312500e+1,-5.645325000e+1,,,
4.400000000e+1,-1.039375000e-1,3.440625000e+1,-5.577600000e+1,,,
4.204687500e+1,-1.119687500e-1,3.319062500e+1,-5.644800000e+1,,,
3.996875000e+1,-1.120000000e-1,3.240000000e+1,-5.577600000e+1,,,
4.800000000e+1,-1.120000000e-1,3.240937500e+1,-5.577600000e+1,,,
4.395312500e+1,-1.080000000e-1,3.280000000e+1,-5.510400000e+1,,,
5.396875000e+1,-1.078437500e-1,3.238125000e+1,-5.376525000e+1,,,
4.592187500e+1,-1.120000000e-1,3.320000000e+1,-5.443725000e+1,,,
4.800000000e+1,-1.080000000e-1,3.240000000e+1,-5.510400000e+1,,,
4.398437500e+1,-1.079687500e-1,3.320000000e+1,-5.509350000e+1,,,
4.804687500e+1,-9.600000000e-2,3.239687500e+1,-5.443725000e+1,,,
4.796875000e+1,-1.040312500e-1,3.279687500e+1,-5.577600000e+1,,,
4.598437500e+1,-1.000625000e-1,3.161250000e+1,-5.510400000e+1,,,
4.401562500e+1,-1.038750000e-1,3.200000000e+1,-5.578125000e+1,,,
4.390625000e+1,-1.120000000e-1,3.200000000e+1,-5.577600000e+1,,,
4.801562500e+1,-1.080937500e-1,3.280312500e+1,-5.577600000e+1,,,
4.000000000e+1,-1.040000000e-1,3.280625000e+1,-5.509350000e+1,,,
4.589062500e+1,-1.080000000e-1,3.278125000e+1,-5.443200000e+1,,,
5.201562500e+1,-1.040000000e-1,3.160000000e+1,-5.510400000e+1,,,
4.612500000e+1,-1.077812500e-1,3.276562500e+1,-5.644800000e+1,,,
4.401562500e+1,-1.120312500e-1,3.319687500e+1,-5.443200000e+1,,,
4.601562500e+1,-1.040000000e-1,3.279375000e+1,-5.510925000e+1,,,
4.801562500e+1,-1.080000000e-1,3.200000000e+1,-5.511450000e+1,,,
4.998437500e+1,-1.000312500e-1,3.239687500e+1,-5.511450000e+1,,,
4.601562500e+1,-1.120000000e-1,3.160000000e+1,-5.242650000e+1,,,
4.400000000e+1,-1.080625000e-1,3.279687500e+1,-5.309850000e+1,,,
5.000000000e+1,-1.080000000e-1,3.160937500e+1,-5.376000000e+1,,,
4.598437500e+1,-1.040625000e-1,3.199375000e+1,-5.509875000e+1,,,
5.198437500e+1,-1.000000000e-1,3.200000000e+1,-5.510400000e+1,,,
4.800000000e+1,-1.040000000e-1,3.199687500e+1,-5.377050000e+1,,,
5.195312500e+1,-1.039687500e-1,3.160000000e+1,-5.307750000e+1,,,
5.200000000e+1,-1.040312500e-1,3.159687500e+1,-5.443200000e+1,,,
4.996875000e+1,-1.120312500e-1,3.199687500e+1,-5.309325000e+1,,,
5.201562500e+1,-1.040312500e-1,3.159687500e+1,-5.443200000e+1,,,
4.600000000e+1,-1.120000000e-1,3.120000000e+1,-5.441625000e+1,,,
5.204687500e+1,-1.120000000e-1,3.200312500e+1,-5.378625000e+1,,,
5.198437500e+1,-1.240000000e-1,3.159375000e+1,-5.510400000e+1,,,
5.198437500e+1,-1.079375000e-1,3.200312500e+1,-5.376000000e+1,,,
4.796875000e+1,-1.080000000e-1,3.199375000e+1,-5.510925000e+1,,,
4.798437500e+1,-1.082187500e-1,3.159375000e+1,-5.376525000e+1,,,
5.198437500e+1,-1.039687500e-1,3.199687500e+1,-5.443200000e+1,,,
4.998437500e+1,-1.159687500e-1,3.159375000e+1,-5.307750000e+1,,,
5.395312500e+1,-1.119375000e-1,3.160312500e+1,-5.308800000e+1,,,
5.404687500e+1,-1.000000000e-1,3.239687500e+1,-5.376525000e+1,,,
5.193750000e+1,-1.039687500e-1,3.200000000e+1,-5.241600000e+1,,,
5.789062500e+1,-1.079687500e-1,3.120625000e+1,-5.308275000e+1,,,
5.379687500e+1,-1.120000000e-1,3.081562500e+1,-5.242650000e+1,,,
4.604687500e+1,-1.160000000e-1,3.040000000e+1,-5.242125000e+1,,,
5.606250000e+1,-1.040000000e-1,3.120312500e+1,-5.308800000e+1,,,
5.392187500e+1,-1.080625000e-1,3.080000000e+1,-5.308800000e+1,,,
5.201562500e+1,-1.039375000e-1,3.040312500e+1,-5.443725000e+1,,,
5.400000000e+1,-1.040625000e-1,3.160937500e+1,-5.376525000e+1,,,
5.200000000e+1,-1.080000000e-1,3.125000000e+1,-5.308800000e+1,,,
5.400000000e+1,-1.040312500e-1,3.039687500e+1,-5.376525000e+1,,,
5.198437500e+1,-1.040000000e-1,3.160000000e+1,-5.376000000e+1,,,
5.596875000e+1,-1.040000000e-1,3.039062500e+1,-5.241600000e+1,,,
5.401562500e+1,-1.000625000e-1,3.080937500e+1,-5.243175000e+1,,,
5.400000000e+1,-1.160000000e-1,3.119687500e+1,-5.308800000e+1,,,
5.398437500e+1,-1.080625000e-1,3.079687500e+1,-5.175975000e+1,,,
5.606250000e+1,-1.120312500e-1,3.120000000e+1,-5.175450000e+1,,,
5.998437500e+1,-1.040312500e-1,3.039687500e+1,-5.376000000e+1,,,
5.395312500e+1,-1.080000000e-1,3.081250000e+1,-5.308800000e+1,,,
5.400000000e+1,-1.160000000e-1,3.200000000e+1,-5.308275000e+1,,,
5.401562500e+1,-1.079375000e-1,3.118750000e+1,-5.173875000e+1,,,
5.800000000e+1,-1.000000000e-1,3.080000000e+1,-5.174400000e+1,,,
5.798437500e+1,-1.077812500e-1,2.999062500e+1,-5.376000000e+1,,,
5.396875000e+1,-1.120000000e-1,3.080312500e+1,-5.241075000e+1,,,
5.398437500e+1,-1.040000000e-1,2.920000000e+1,-5.241075000e+1,,,
5.798437500e+1,-1.080625000e-1,2.999687500e+1,-5.241600000e+1,,,
5.798437500e+1,-1.080000000e-1,2.959062500e+1,-5.241075000e+1,,,
5.400000000e+1,-1.121250000e-1,2.960937500e+1,-5.107200000e+1,,,
5.600000000e+1,-1.158750000e-1,3.040000000e+1,-5.173350000e+1,,,
5.404687500e+1,-1.040000000e-1,3.000937500e+1,-5.242650000e+1,,,
5.000000000e+1,-1.160000000e-1,3.040937500e+1,-5.174925000e+1,,,
5.400000000e+1,-1.079687500e-1,3.039062500e+1,-5.174400000e+1,,,
5.804687500e+1,-1.040312500e-1,2.919687500e+1,-5.109825000e+1,,,
6.200000000e+1,-1.120000000e-1,3.002812500e+1,-5.307750000e+1,,,
5.996875000e+1,-1.039687500e-1,2.998750000e+1,-5.040000000e+1,,,
5.800000000e+1,-1.119375000e-1,2.918750000e+1,-5.308800000e+1,,,
6.000000000e+1,-1.159687500e-1,3.080000000e+1,-4.972800000e+1,,,
6.000000000e+1,-1.200000000e-1,2.960000000e+1,-5.106150000e+1,,,
5.600000000e+1,-1.119687500e-1,3.080000000e+1,-5.242125000e+1,,,
6.000000000e+1,-1.119687500e-1,3.079062500e+1,-5.174400000e+1,,,
5.603125000e+1,-1.039375000e-1,2.999687500e+1,-4.972800000e+1,,,
5.792187500e+1,-1.040312500e-1,3.040000000e+1,-5.174400000e+1,,,
6.003125000e+1,-1.080312500e-1,2.923125000e+1,-5.174400000e+1,,,
5.395312500e+1,-9.990625000e-2,2.919687500e+1,-5.174400000e+1,,,
5.598437500e+1,-9.606250000e-2,3.000000000e+1,-5.173875000e+1,,,
5.401562500e+1,-1.080937500e-1,2.878750000e+1,-5.040000000e+1,,,
6.221875000e+1,-1.080937500e-1,2.921250000e+1,-5.107725000e+1,,,
6.790625000e+1,-1.158437500e-1,3.000000000e+1,-4.905600000e+1,,,
5.587500000e+1,-9.584375000e-2,2.880312500e+1,-5.039475000e+1,,,
5.784375000e+1,-9.984375000e-2,2.920000000e+1,-5.039475000e+1,,,
6.398437500e+1,-1.200000000e-1,2.840625000e+1,-5.241600000e+1,,,
6.001562500e+1,-1.240937500e-1,2.880937500e+1,-5.240025000e+1,,,
6.000000000e+1,-1.119687500e-1,3.001250000e+1,-5.039475000e+1,,,
5.798437500e+1,-1.079687500e-1,2.959062500e+1,-5.040000000e+1,,,
6.196875000e+1,-1.000000000e-1,2.800000000e+1,-5.174400000e+1,,,
6.006250000e+1,-1.078750000e-1,2.997812500e+1,-5.108775000e+1,,,
6.001562500e+1,-1.080000000e-1,2.920000000e+1,-5.040525000e+1,,,
5.993750000e+1,-1.080000000e-1,2.880000000e+1,-5.038425000e+1,,,
5.806250000e+1,-1.079375000e-1,2.920625000e+1,-4.838925000e+1,,,
6.600000000e+1,-1.040312500e-1,2.960000000e+1,-5.107200000e+1,,,
6.200000000e+1,-1.120937500e-1,2.960000000e+1,-4.905075000e+1,,,
6.598437500e+1,-1.120000000e-1,2.999687500e+1,-5.040000000e+1,,,
6.000000000e+1,-1.120625000e-1,2.924062500e+1,-4.906125000e+1,,,
6.203125000e+1,-1.080000000e-1,2.840000000e+1,-5.107200000e+1,,,
6.400000000e+1,-1.120937500e-1,2.881250000e+1,-5.241600000e+1,,,
6.400000000e+1,-1.118750000e-1,2.918750000e+1,-4.841025000e+1,,,
6.396875000e+1,-1.039687500e-1,2.720000000e+1,-4.972800000e+1,,,
5.800000000e+1,-1.080625000e-1,3.001562500e+1,-4.972800000e+1,,,
6.592187500e+1,-1.080625000e-1,2.923437500e+1,-5.238975000e+1,,,
6.398437500e+1,-1.160000000e-1,2.880000000e+1,-5.107200000e+1,,,
6.201562500e+1,-1.080000000e-1,2.880312500e+1,-5.041050000e+1,,,
6.603125000e+1,-1.161562500e-1,2.920312500e+1,-5.039475000e+1,,,
6.595312500e+1,-1.238125000e-1,2.878750000e+1,-4.901400000e+1,,,
6.609375000e+1,-1.080312500e-1,2.800937500e+1,-4.774350000e+1,,,
7.200000000e+1,-1.241250000e-1,2.920937500e+1,-5.040000000e+1,,,
6.600000000e+1,-1.122500000e-1,2.884062500e+1,-4.771725000e+1,,,
6.800000000e+1,-1.040000000e-1,2.840000000e+1,-4.906125000e+1,,,
6.800000000e+1,-1.120625000e-1,2.838437500e+1,-4.905075000e+1,,,
6.595312500e+1,-1.079062500e-1,2.639687500e+1,-5.040525000e+1,,,
7.001562500e+1,-1.039375000e-1,2.879062500e+1,-4.838400000e+1,,,
6.214062500e+1,-1.040937500e-1,2.879687500e+1,-5.039475000e+1,,,
6.187500000e+1,-1.160000000e-1,2.800312500e+1,-4.839975000e+1,,,
7.207812500e+1,-1.079687500e-1,2.839062500e+1,-4.906650000e+1,,,
6.787500000e+1,-1.079687500e-1,2.800000000e+1,-4.905600000e+1,,,
6.600000000e+1,-1.000000000e-1,2.799375000e+1,-4.974375000e+1,,,
6.809375000e+1,-1.081562500e-1,2.920000000e+1,-4.771200000e+1,,,
7.196875000e+1,-1.119375000e-1,2.757812500e+1,-4.837875000e+1,,,
6.590625000e+1,-1.080000000e-1,2.720000000e+1,-4.972800000e+1,,,
6.609375000e+1,-1.120000000e-1,2.754687500e+1,-4.906125000e+1,,,
7.396875000e+1,-1.160000000e-1,2.879687500e+1,-4.972800000e+1,,,
7.009375000e+1,-1.120000000e-1,2.680000000e+1,-4.906125000e+1,,,
6.601562500e+1,-9.996875000e-2,2.760312500e+1,-4.839975000e+1,,,
6.598437500e+1,-1.041562500e-1,2.759687500e+1,-4.973850000e+1,,,
6.793750000e+1,-1.079375000e-1,2.759375000e+1,-4.838400000e+1,,,
7.006250000e+1,-9.993750000e-2,2.719687500e+1,-4.704000000e+1,,,
6.398437500e+1,-1.037500000e-1,2.841875000e+1,-4.837350000e+1,,,
7.207812500e+1,-1.120000000e-1,2.680000000e+1,-4.772775000e+1,,,
7.196875000e+1,-1.080000000e-1,2.759687500e+1,-4.704000000e+1,,,
7.198437500e+1,-1.120312500e-1,2.759687500e+1,-4.838400000e+1,,,
6.998437500e+1,-1.079687500e-1,2.720312500e+1,-4.638375000e+1,,,
7.000000000e+1,-1.079687500e-1,2.800000000e+1,-4.704000000e+1,,,
7.600000000e+1,-1.040000000e-1,2.720625000e+1,-4.771725000e+1,,,
7.196875000e+1,-1.081250000e-1,2.759687500e+1,-4.838400000e+1,,,
6.800000000e+1,-1.119375000e-1,2.719687500e+1,-4.838400000e+1,,,
7.200000000e+1,-1.039375000e-1,2.720312500e+1,-4.838400000e+1,,,
7.200000000e+1,-1.081875000e-1,2.600000000e+1,-4.771725000e+1,,,
6.600000000e+1,-1.077500000e-1,2.720312500e+1,-4.702950000e+1,,,
7.001562500e+1,-1.043125000e-1,2.720000000e+1,-4.838400000e+1,,,
7.198437500e+1,-1.200000000e-1,2.680000000e+1,-4.706625000e+1,,,
7.198437500e+1,-9.990625000e-2,2.719687500e+1,-4.702950000e+1,,,
7.400000000e+1,-1.080312500e-1,2.760000000e+1,-4.839975000e+1,,,
6.396875000e+1,-1.079375000e-1,2.677500000e+1,-4.836825000e+1,,,
7.209375000e+1,-1.122500000e-1,2.642500000e+1,-4.636800000e+1,,,
7.595312500e+1,-1.240312500e-1,2.840312500e+1,-4.772250000e+1,,,
7.400000000e+1,-1.079062500e-1,2.760000000e+1,-4.704000000e+1,,,
7.795312500e+1,-8.800000000e-2,2.679687500e+1,-4.771200000e+1,,,
7.606250000e+1,-1.036562500e-1,2.800000000e+1,-4.571700000e+1,,,
7.401562500e+1,-1.120000000e-1,2.640312500e+1,-4.569600000e+1,,,
7.398437500e+1,-1.119687500e-1,2.721562500e+1,-4.637325000e+1,,,
7.592187500e+1,-1.121250000e-1,2.759375000e+1,-4.637850000e+1,,,
7.614062500e+1,-9.606250000e-2,2.600312500e+1,-4.569600000e+1,,,
7.189062500e+1,-1.075937500e-1,2.716875000e+1,-4.636275000e+1,,,
7.798437500e+1,-1.080625000e-1,2.681562500e+1,-4.571175000e+1,,,
6.998437500e+1,-1.080000000e-1,2.559687500e+1,-4.502400000e+1,,,
7.600000000e+1,-1.080000000e-1,2.720937500e+1,-4.570125000e+1,,,
7.200000000e+1,-1.080000000e-1,2.720000000e+1,-4.569600000e+1,,,
7.806250000e+1,-1.120000000e-1,2.760000000e+1,-4.636800000e+1,,,
7.796875000e+1,-1.160000000e-1,2.600312500e+1,-4.502400000e+1,,,
7.000000000e+1,-1.082812500e-1,2.640000000e+1,-4.496100000e+1,,,
7.800000000e+1,-1.040312500e-1,2.560000000e+1,-4.771200000e+1,,,
7.003125000e+1,-1.039375000e-1,2.600000000e+1,-4.635750000e+1,,,
7.796875000e+1,-1.080312500e-1,2.601562500e+1,-4.635225000e+1,,,
7.806250000e+1,-1.040000000e-1,2.679687500e+1,-4.435200000e+1,,,
7.400000000e+1,-1.120312500e-1,2.558437500e+1,-4.571175000e+1,,,
7.795312500e+1,-1.078437500e-1,2.559687500e+1,-4.502400000e+1,,,
7.798437500e+1,-1.200625000e-1,2.600312500e+1,-4.435200000e+1,,,
7.798437500e+1,-1.040625000e-1,2.640000000e+1,-4.502925000e+1,,,
7.598437500e+1,-1.120000000e-1,2.599062500e+1,-4.501875000e+1,,,
7.603125000e+1,-1.040000000e-1,2.600312500e+1,-4.502400000e+1,,,
8.000000000e+1,-1.120000000e-1,2.640000000e+1,-4.570650000e+1,,,
7.803125000e+1,-1.120000000e-1,2.639687500e+1,-4.567500000e+1,,,
7.200000000e+1,-1.159062500e-1,2.640000000e+1,-4.368525000e+1,,,
7.603125000e+1,-1.120937500e-1,2.639687500e+1,-4.435200000e+1,,,
8.198437500e+1,-1.080000000e-1,2.599062500e+1,-4.435200000e+1,,,
7.800000000e+1,-1.200000000e-1,2.479687500e+1,-4.368000000e+1,,,
8.000000000e+1,-1.000625000e-1,2.560312500e+1,-4.434150000e+1,,,
8.003125000e+1,-1.040625000e-1,2.598750000e+1,-4.636800000e+1,,,
7.201562500e+1,-1.120000000e-1,2.440312500e+1,-4.440975000e+1,,,
7.800000000e+1,-9.615625000e-2,2.518437500e+1,-4.301325000e+1,,,
7.800000000e+1,-1.038125000e-1,2.560312500e+1,-4.505025000e+1,,,
7.600000000e+1,-1.080000000e-1,2.599375000e+1,-4.501875000e+1,,,
7.800000000e+1,-1.080000000e-1,2.519062500e+1,-4.366950000e+1,,,
7.800000000e+1,-1.080312500e-1,2.480625000e+1,-4.371675000e+1,,,
7.998437500e+1,-1.000312500e-1,2.561250000e+1,-4.569600000e+1,,,
8.200000000e+1,-1.037812500e-1,2.564062500e+1,-4.436775000e+1,,,
8.198437500e+1,-1.080000000e-1,2.440312500e+1,-4.300275000e+1,,,
7.798437500e+1,-1.080000000e-1,2.640625000e+1,-4.233600000e+1,,,
8.596875000e+1,-1.159687500e-1,2.519375000e+1,-4.435200000e+1,,,
8.001562500e+1,-1.160000000e-1,2.520000000e+1,-4.367475000e+1,,,
7.987500000e+1,-1.160000000e-1,2.559062500e+1,-4.233600000e+1,,,
8.992187500e+1,-1.160000000e-1,2.479687500e+1,-4.368000000e+1,,,
8.610937500e+1,-1.122500000e-1,2.596250000e+1,-4.368525000e+1,,,
7.995312500e+1,-1.080000000e-1,2.560000000e+1,-4.368000000e+1,,,
8.003125000e+1,-1.120312500e-1,2.440625000e+1,-4.301325000e+1,,,
8.203125000e+1,-1.120000000e-1,2.560000000e+1,-4.301325000e+1,,,
8.195312500e+1,-1.079687500e-1,2.438437500e+1,-4.368525000e+1,,,
7.795312500e+1,-1.040312500e-1,2.440312500e+1,-4.435200000e+1,,,
8.009375000e+1,-1.120625000e-1,2.440000000e+1,-4.436250000e+1,,,
8.607812500e+1,-9.996875000e-2,2.480000000e+1,-4.232550000e+1,,,
7.409375000e+1,-1.159687500e-1,2.519687500e+1,-4.234125000e+1,,,
7.996875000e+1,-1.041250000e-1,2.479687500e+1,-4.367475000e+1,,,
8.200000000e+1,-1.079687500e-1,2.480312500e+1,-4.163775000e+1,,,
7.998437500e+1,-1.160000000e-1,2.479375000e+1,-4.234125000e+1,,,
8.790625000e+1,-1.040000000e-1,2.440000000e+1,-4.233600000e+1,,,
9.001562500e+1,-1.198750000e-1,2.438125000e+1,-4.233600000e+1,,,
8.795312500e+1,-1.080312500e-1,2.479375000e+1,-4.233600000e+1,,,
8.600000000e+1,-1.120000000e-1,2.400000000e+1,-4.099725000e+1,,,
8.798437500e+1,-1.080000000e-1,2.520000000e+1,-4.370625000e+1,,,
8.196875000e+1,-1.120000000e-1,2.519375000e+1,-4.435725000e+1,,,
8.198437500e+1,-1.080000000e-1,2.480000000e+1,-4.302375000e+1,,,
8.600000000e+1,-1.159375000e-1,2.480312500e+1,-4.099725000e+1,,,
9.000000000e+1,-1.160312500e-1,2.360312500e+1,-4.300800000e+1,,,
8.401562500e+1,-1.081250000e-1,2.399375000e+1,-4.303425000e+1,,,
8.598437500e+1,-9.600000000e-2,2.320312500e+1,-4.099200000e+1,,,
8.600000000e+1,-1.079687500e-1,2.280625000e+1,-4.367475000e+1,,,
8.596875000e+1,-1.040625000e-1,2.440000000e+1,-4.235175000e+1,,,
8.800000000e+1,-1.200000000e-1,2.440000000e+1,-4.233600000e+1,,,
8.395312500e+1,-1.041250000e-1,2.400000000e+1,-4.234650000e+1,,,
9.200000000e+1,-1.078750000e-1,2.400000000e+1,-4.166400000e+1,,,
8.400000000e+1,-1.120937500e-1,2.400000000e+1,-4.233600000e+1,,,
8.404687500e+1,-1.040000000e-1,2.358125000e+1,-4.168500000e+1,,,
8.803125000e+1,-1.200625000e-1,2.321250000e+1,-4.300275000e+1,,,
8.796875000e+1,-1.200000000e-1,2.400000000e+1,-4.099725000e+1,,,
8.395312500e+1,-1.160625000e-1,2.359687500e+1,-4.300800000e+1,,,
8.396875000e+1,-1.080312500e-1,2.435937500e+1,-4.098675000e+1,,,
8.996875000e+1,-1.120000000e-1,2.440937500e+1,-4.367475000e+1,,,
8.998437500e+1,-1.040312500e-1,2.279375000e+1,-4.097100000e+1,,,
9.396875000e+1,-1.080312500e-1,2.320000000e+1,-4.099200000e+1,,,
9.204687500e+1,-1.120000000e-1,2.319687500e+1,-4.166925000e+1,,,
9.001562500e+1,-1.080000000e-1,2.360000000e+1,-4.099200000e+1,,,
8.996875000e+1,-1.118750000e-1,2.280937500e+1,-4.235700000e+1,,,
8.995312500e+1,-1.160000000e-1,2.277812500e+1,-3.964275000e+1,,,
8.803125000e+1,-1.040000000e-1,2.319687500e+1,-4.233600000e+1,,,
9.198437500e+1,-1.160937500e-1,2.200312500e+1,-3.965850000e+1,,,
8.800000000e+1,-1.239687500e-1,2.320000000e+1,-4.032000000e+1,,,
9.195312500e+1,-1.159062500e-1,2.199687500e+1,-4.098150000e+1,,,
8.600000000e+1,-1.160625000e-1,2.280937500e+1,-3.964800000e+1,,,
9.404687500e+1,-1.199375000e-1,2.280000000e+1,-4.096575000e+1,,,
9.401562500e+1,-1.200312500e-1,2.319687500e+1,-4.098675000e+1,,,
9.403125000e+1,-1.120625000e-1,2.319687500e+1,-3.964800000e+1,,,
9.198437500e+1,-1.080000000e-1,2.320000000e+1,-4.099200000e+1,,,
9.596875000e+1,-1.080625000e-1,2.320000000e+1,-3.963750000e+1,,,
9.603125000e+1,-1.200000000e-1,2.320312500e+1,-4.032525000e+1,,,
9.401562500e+1,-1.201250000e-1,2.320000000e+1,-4.098675000e+1,,,
9.400000000e+1,-1.119687500e-1,2.239687500e+1,-4.166400000e+1,,,
9.401562500e+1,-1.200312500e-1,2.279687500e+1,-4.099200000e+1,,,
9.601562500e+1,-1.080000000e-1,2.200312500e+1,-3.964800000e+1,,,
9.395312500e+1,-1.120312500e-1,2.320000000e+1,-4.033050000e+1,,,
9.000000000e+1,-1.159687500e-1,2.198750000e+1,-4.166400000e+1,,,
9.400000000e+1,-1.000000000e-1,2.240000000e+1,-4.032000000e+1,,,
9.600000000e+1,-1.236875000e-1,2.239687500e+1,-4.032525000e+1,,,
9.596875000e+1,-1.240000000e-1,2.240312500e+1,-3.897075000e+1,,,
9.596875000e+1,-1.159062500e-1,2.160000000e+1,-3.827775000e+1,,,
1.020000000e+2,-1.000312500e-1,2.280000000e+1,-4.233075000e+1,,,
9.596875000e+1,-1.161250000e-1,2.158750000e+1,-3.963750000e+1,,,
9.401562500e+1,-1.159687500e-1,2.160625000e+1,-3.964800000e+1,,,
9.198437500e+1,-1.200625000e-1,2.199687500e+1,-4.166400000e+1,,,
9.803125000e+1,-1.200625000e-1,2.201562500e+1,-3.969000000e+1,,,
9.200000000e+1,-1.160312500e-1,2.159687500e+1,-3.898650000e+1,,,
1.040000000e+2,-1.160312500e-1,2.160312500e+1,-3.763200000e+1,,,
9.589062500e+1,-1.240000000e-1,2.158750000e+1,-3.832500000e+1,,,
9.603125000e+1,-1.118750000e-1,2.080937500e+1,-3.897600000e+1,,,
9.598437500e+1,-1.120625000e-1,2.200625000e+1,-3.897600000e+1,,,
9.600000000e+1,-1.159687500e-1,2.200000000e+1,-3.964800000e+1,,,
9.800000000e+1,-1.200000000e-1,2.240625000e+1,-3.830400000e+1,,,
9.600000000e+1,-1.160312500e-1,2.200625000e+1,-3.898650000e+1,,,
1.000000000e+2,-1.240312500e-1,2.040000000e+1,-3.627750000e+1,,,
1.019687500e+2,-1.238437500e-1,2.000625000e+1,-3.763200000e+1,,,
1.060000000e+2,-1.119375000e-1,2.120625000e+1,-3.829875000e+1,,,
1.020625000e+2,-1.200625000e-1,2.161250000e+1,-3.897600000e+1,,,
9.996875000e+1,-1.280625000e-1,2.001562500e+1,-3.763200000e+1,,,
1.020156250e+2,-1.199062500e-1,2.079375000e+1,-3.965325000e+1,,,
9.995312500e+1,-1.160625000e-1,2.160000000e+1,-3.694950000e+1,,,
9.800000000e+1,-1.200312500e-1,2.038437500e+1,-3.629325000e+1,,,
1.000625000e+2,-1.159375000e-1,2.040937500e+1,-3.762675000e+1,,,
1.019687500e+2,-1.161250000e-1,2.120000000e+1,-3.763200000e+1,,,
9.792187500e+1,-1.240312500e-1,2.080312500e+1,-3.964800000e+1,,,
9.784375000e+1,-1.200625000e-1,2.000000000e+1,-3.830925000e+1,,,
1.060625000e+2,-1.160000000e-1,2.080000000e+1,-3.830400000e+1,,,
9.401562500e+1,-1.119375000e-1,2.000000000e+1,-3.963750000e+1,,,
9.989062500e+1,-1.240625000e-1,2.121562500e+1,-3.628275000e+1,,,
1.040312500e+2,-1.158750000e-1,2.079375000e+1,-3.763200000e+1,,,
1.000156250e+2,-1.080000000e-1,2.000000000e+1,-3.763200000e+1,,,
1.020312500e+2,-1.157187500e-1,2.119062500e+1,-3.831450000e+1,,,
9.804687500e+1,-1.279687500e-1,2.040000000e+1,-3.696525000e+1,,,
1.060781250e+2,-1.239687500e-1,2.040000000e+1,-3.763200000e+1,,,
1.039531250e+2,-1.160937500e-1,1.961875000e+1,-3.696525000e+1,,,
1.060468750e+2,-1.280312500e-1,2.200312500e+1,-3.830400000e+1,,,
1.100000000e+2,-1.159062500e-1,2.040000000e+1,-3.694425000e+1,,,
1.059687500e+2,-1.200312500e-1,2.120000000e+1,-3.561075000e+1,,,
1.020000000e+2,-1.199375000e-1,2.082812500e+1,-3.561075000e+1,,,
1.040781250e+2,-1.280312500e-1,2.040000000e+1,-3.628800000e+1,,,
1.100000000e+2,-1.238750000e-1,2.000000000e+1,-3.696000000e+1,,,
1.020000000e+2,-1.200312500e-1,1.959375000e+1,-3.696000000e+1,,,
1.020156250e+2,-1.240625000e-1,1.880000000e+1,-3.696000000e+1,,,
1.080000000e+2,-1.198125000e-1,2.040312500e+1,-3.561600000e+1,,,
1.040625000e+2,-1.120000000e-1,1.922812500e+1,-3.624600000e+1,,,
1.060312500e+2,-1.200000000e-1,1.919375000e+1,-3.830400000e+1,,,
1.120000000e+2,-1.240000000e-1,1.920000000e+1,-3.693900000e+1,,,
1.100000000e+2,-1.200312500e-1,1.919687500e+1,-3.493875000e+1,,,
1.119062500e+2,-1.280625000e-1,1.920312500e+1,-3.564225000e+1,,,
1.039843750e+2,-1.240000000e-1,2.000937500e+1,-3.629325000e+1,,,
1.100000000e+2,-1.280625000e-1,2.000000000e+1,-3.562650000e+1,,,
1.060000000e+2,-1.241562500e-1,2.002812500e+1,-3.360000000e+1,,,
1.140156250e+2,-1.160000000e-1,1.920000000e+1,-3.629325000e+1,,,
1.100156250e+2,-1.241250000e-1,1.959375000e+1,-3.495975000e+1,,,
1.079843750e+2,-1.279375000e-1,1.800000000e+1,-3.494400000e+1,,,
1.099843750e+2,-1.158437500e-1,1.919375000e+1,-3.494400000e+1,,,
1.119375000e+2,-1.120625000e-1,1.920000000e+1,-3.494400000e+1,,,
1.140156250e+2,-1.200000000e-1,1.920000000e+1,-3.561075000e+1,,,
1.099375000e+2,-1.239375000e-1,1.919062500e+1,-3.560550000e+1,,,
1.100000000e+2,-1.160000000e-1,1.920312500e+1,-3.427725000e+1,,,
1.099843750e+2,-1.199687500e-1,1.800000000e+1,-3.493350000e+1,,,
1.121093750e+2,-1.119687500e-1,1.920000000e+1,-3.494400000e+1,,,
1.158593750e+2,-1.202500000e-1,1.917500000e+1,-3.427725000e+1,,,
1.039687500e+2,-1.239687500e-1,1.760000000e+1,-3.427200000e+1,,,
1.141250000e+2,-1.240000000e-1,1.918750000e+1,-3.426675000e+1,,,
1.140468750e+2,-1.240000000e-1,1.799687500e+1,-3.494400000e+1,,,
1.139687500e+2,-1.160000000e-1,1.840000000e+1,-3.494400000e+1,,,
1.160000000e+2,-1.240625000e-1,1.840312500e+1,-3.495450000e+1,,,
1.120156250e+2,-1.199062500e-1,1.918750000e+1,-3.561600000e+1,,,
1.099843750e+2,-1.160312500e-1,1.759062500e+1,-3.427200000e+1,,,
1.119687500e+2,-1.201250000e-1,1.839375000e+1,-3.360000000e+1,,,
1.139531250e+2,-1.280000000e-1,1.885000000e+1,-3.360525000e+1,,,
1.160000000e+2,-1.239687500e-1,1.720000000e+1,-3.293325000e+1,,,
1.159687500e+2,-1.239687500e-1,1.759687500e+1,-3.360000000e+1,,,
1.160312500e+2,-1.200000000e-1,1.760312500e+1,-3.426150000e+1,,,
1.200000000e+2,-1.241250000e-1,1.880000000e+1,-3.293325000e+1,,,
1.160000000e+2,-1.238125000e-1,1.760937500e+1,-3.427200000e+1,,,
1.159843750e+2,-1.080312500e-1,1.759062500e+1,-3.427200000e+1,,,
1.120156250e+2,-1.203125000e-1,1.800000000e+1,-3.426675000e+1,,,
1.199843750e+2,-1.319062500e-1,1.799062500e+1,-3.427725000e+1,,,
1.100000000e+2,-1.200000000e-1,1.880312500e+1,-3.292800000e+1,,,
1.140000000e+2,-1.320625000e-1,1.718125000e+1,-3.225600000e+1,,,
1.160000000e+2,-1.198437500e-1,1.720000000e+1,-3.359475000e+1,,,
1.120312500e+2,-1.281250000e-1,1.760000000e+1,-3.292800000e+1,,,
1.239687500e+2,-1.240000000e-1,1.682187500e+1,-3.224550000e+1,,,
1.180312500e+2,-1.239375000e-1,1.679687500e+1,-3.358950000e+1,,,
1.140000000e+2,-1.160312500e-1,1.720000000e+1,-3.291750000e+1,,,
1.180000000e+2,-1.280937500e-1,1.678125000e+1,-3.157350000e+1,,,
1.139687500e+2,-1.238437500e-1,1.642812500e+1,-3.091200000e+1,,,
1.180312500e+2,-1.158437500e-1,1.840000000e+1,-3.293325000e+1,,,
1.199843750e+2,-1.120312500e-1,1.640000000e+1,-3.158400000e+1,,,
1.219375000e+2,-1.238437500e-1,1.799375000e+1,-3.225600000e+1,,,
1.240312500e+2,-1.239062500e-1,1.760000000e+1,-3.093300000e+1,,,
1.200156250e+2,-1.320625000e-1,1.640625000e+1,-3.024000000e+1,,,
1.219531250e+2,-1.201250000e-1,1.600312500e+1,-3.092250000e+1,,,
1.219687500e+2,-1.239062500e-1,1.640000000e+1,-3.226125000e+1,,,
1.240000000e+2,-1.319687500e-1,1.639687500e+1,-3.024000000e+1,,,
1.219843750e+2,-1.283437500e-1,1.641250000e+1,-3.024000000e+1,,,
1.240000000e+2,-1.200625000e-1,1.520625000e+1,-2.957850000e+1,,,
1.220000000e+2,-1.239062500e-1,1.558750000e+1,-3.022950000e+1,,,
1.240156250e+2,-1.280312500e-1,1.680312500e+1,-3.226125000e+1,,,
1.260000000e+2,-1.200000000e-1,1.639062500e+1,-3.158925000e+1,,,
1.239687500e+2,-1.320000000e-1,1.600000000e+1,-3.091200000e+1,,,
1.240000000e+2,-1.200000000e-1,1.638437500e+1,-3.225600000e+1,,,
1.260000000e+2,-1.195937500e-1,1.800937500e+1,-2.958375000e+1,,,
1.279531250e+2,-1.280312500e-1,1.640625000e+1,-3.158400000e+1,,,
1.280468750e+2,-1.200937500e-1,1.640625000e+1,-3.022950000e+1,,,
1.220000000e+2,-1.239062500e-1,1.639062500e+1,-3.091725000e+1,,,
1.259531250e+2,-1.280312500e-1,1.597812500e+1,-3.024000000e+1,,,
1.280000000e+2,-1.200625000e-1,1.560937500e+1,-3.091725000e+1,,,
1.279843750e+2,-1.199375000e-1,1.640312500e+1,-2.956800000e+1,,,
1.279375000e+2,-1.200625000e-1,1.480000000e+1,-2.889600000e+1,,,
1.240312500e+2,-1.160312500e-1,1.680000000e+1,-2.890125000e+1,,,
1.300000000e+2,-1.199687500e-1,1.597500000e+1,-2.956800000e+1,,,
1.239687500e+2,-1.280000000e-1,1.560937500e+1,-2.956800000e+1,,,
1.280156250e+2,-1.240000000e-1,1.640000000e+1,-3.091200000e+1,,,
1.280156250e+2,-1.239687500e-1,1.518125000e+1,-2.956275000e+1,,,
1.220000000e+2,-1.279687500e-1,1.479687500e+1,-2.957850000e+1,,,
1.220156250e+2,-1.240937500e-1,1.519062500e+1,-2.755200000e+1,,,
1.279843750e+2,-1.160000000e-1,1.559375000e+1,-2.890125000e+1,,,
1.260000000e+2,-1.240000000e-1,1.479687500e+1,-2.822400000e+1,,,
1.260000000e+2,-1.280000000e-1,1.520000000e+1,-2.889600000e+1,,,
1.279687500e+2,-1.240000000e-1,1.479687500e+1,-2.822400000e+1,,,
1.320312500e+2,-1.240000000e-1,1.480000000e+1,-2.892225000e+1,,,
1.260000000e+2,-1.239375000e-1,1.440312500e+1,-2.688525000e+1,,,
1.299843750e+2,-1.280937500e-1,1.440312500e+1,-2.961525000e+1,,,
1.299843750e+2,-1.200000000e-1,1.479687500e+1,-3.091200000e+1,,,
1.260000000e+2,-1.320000000e-1,1.440312500e+1,-2.955225000e+1,,,
1.320312500e+2,-1.320312500e-1,1.477812500e+1,-2.821875000e+1,,,
1.340000000e+2,-1.240312500e-1,1.320312500e+1,-2.822925000e+1,,,
1.320000000e+2,-1.201562500e-1,1.517812500e+1,-2.688525000e+1,,,
1.279843750e+2,-1.159687500e-1,1.480000000e+1,-2.688000000e+1,,,
1.299687500e+2,-1.200312500e-1,1.559375000e+1,-2.688000000e+1,,,
1.359531250e+2,-1.160000000e-1,1.359375000e+1,-2.755200000e+1,,,
1.360156250e+2,-1.240000000e-1,1.440000000e+1,-2.755725000e+1,,,
1.300156250e+2,-1.240000000e-1,1.358437500e+1,-2.822400000e+1,,,
1.339218750e+2,-1.200000000e-1,1.359687500e+1,-2.822400000e+1,,,
1.360156250e+2,-1.319375000e-1,1.398750000e+1,-2.689050000e+1,,,
1.340000000e+2,-1.280000000e-1,1.400000000e+1,-2.620800000e+1,,,
1.359843750e+2,-1.359687500e-1,1.360000000e+1,-2.620275000e+1,,,
1.319531250e+2,-1.199687500e-1,1.400000000e+1,-2.822400000e+1,,,
1.340781250e+2,-1.240312500e-1,1.358750000e+1,-2.755725000e+1,,,