CH1,CH2,CH4,Ts,parameter,value
2.479843750e+2,-9.593750000e-2,7.984375000e+0,2.000000000e-9,model,"TEKTRONIX,TDS 3034B,0,CF:91.1CT FV:v3.35 TDS3FFT:v1.00 TDS3TRG:v1.00"
2.419843750e+2,-9.593750000e-2,6.000000000e+0,,captured_at,2026-06-12T19:21:06.821Z
2.499843750e+2,-8.806250000e-2,6.960937500e+0,,record_length,10000
2.460312500e+2,-9.981250000e-2,1.002343750e+1,,nb_points,10000
2.460000000e+2,-9.600000000e-2,6.007812500e+0,,horizontal_scale_s_div,2.0E-6
2.440000000e+2,-1.000625000e-1,7.007812500e+0,,horizontal_position,
2.580156250e+2,-1.080000000e-1,8.015625000e+0,,sample_period_Ts,2.0E-9
2.458906250e+2,-9.971875000e-2,8.984375000e+0,,acquire_mode,SAMPLE
2.480468750e+2,-8.400000000e-2,6.000000000e+0,,acquire_numavg,16
2.500000000e+2,-9.984375000e-2,7.000000000e+0,,trigger_type,EDGE
2.480000000e+2,-1.079687500e-1,7.000000000e+0,,trigger_source,CH1
2.500000000e+2,-1.080000000e-1,8.992187500e+0,,trigger_slope,RISE
2.520000000e+2,-1.040000000e-1,8.992187500e+0,,trigger_coupling,DC
2.459687500e+2,-1.080625000e-1,9.000000000e+0,,trigger_level,1.78E2
2.579062500e+2,-1.038437500e-1,9.007812500e+0,,CH1_scale_V_div,1.0E2
2.502187500e+2,-9.603125000e-2,6.000000000e+0,,CH1_position_div,-2.02E0
2.399531250e+2,-1.078750000e-1,9.000000000e+0,,CH1_offset_V,0.0E0
2.500937500e+2,-9.987500000e-2,6.007812500e+0,,CH1_coupling_AC_DC,DC
2.459218750e+2,-9.609375000e-2,7.015625000e+0,,CH1_impedance,MEG
2.481250000e+2,-1.040000000e-1,1.100781250e+1,,CH1_bandwidth_limit,FULL
2.520625000e+2,-9.596875000e-2,1.000781250e+1,,CH1_invert,0
2.519375000e+2,-1.000312500e-1,9.000000000e+0,,CH1_probe_atten,1.0E2
2.459062500e+2,-9.593750000e-2,1.098437500e+1,,CH1_yunit,V
2.458281250e+2,-9.593750000e-2,9.015625000e+0,,CH2_scale_V_div,2.0E-1
2.559687500e+2,-1.040000000e-1,7.000000000e+0,,CH2_position_div,-1.32E0
2.480312500e+2,-1.000625000e-1,8.031250000e+0,,CH2_offset_V,0.0E0
2.479531250e+2,-9.596875000e-2,1.100000000e+1,,CH2_coupling_AC_DC,DC
2.539062500e+2,-9.609375000e-2,9.000000000e+0,,CH2_impedance,FIFTY
2.581093750e+2,-1.080312500e-1,1.100000000e+1,,CH2_bandwidth_limit,FULL
2.442343750e+2,-1.000312500e-1,8.000000000e+0,,CH2_invert,0
2.462031250e+2,-1.080000000e-1,1.099218750e+1,,CH2_probe_atten,1.0E1
2.539843750e+2,-1.039687500e-1,9.984375000e+0,,CH2_yunit,A
2.459062500e+2,-9.996875000e-2,8.992187500e+0,,CH4_scale_V_div,3.36E1
2.480625000e+2,-1.000625000e-1,7.992187500e+0,,CH4_position_div,6.0E-2
2.520000000e+2,-1.039687500e-1,1.001562500e+1,,CH4_offset_V,0.0E0
2.499843750e+2,-1.000312500e-1,9.992187500e+0,,CH4_coupling_AC_DC,DC
2.480000000e+2,-1.079687500e-1,8.992187500e+0,,CH4_impedance,MEG
2.520156250e+2,-9.993750000e-2,1.000000000e+1,,CH4_bandwidth_limit,FULL
2.520000000e+2,-1.000937500e-1,8.000000000e+0,,CH4_invert,0
2.540000000e+2,-9.984375000e-2,1.098437500e+1,,CH4_probe_atten,1.0E1
2.459843750e+2,-8.787500000e-2,9.000000000e+0,,CH4_yunit,V
2.500000000e+2,-9.225000000e-2,1.000000000e+1,,cursor_function,HBARS
2.519843750e+2,-1.040000000e-1,9.062500000e+0,,cursor_hbars_delta,7.661E1 V
2.519843750e+2,-1.040000000e-1,8.000000000e+0,,cursor_hbars_pos1,9.408E0 V
2.499843750e+2,-1.159687500e-1,1.100000000e+1,,cursor_hbars_pos2,-6.72E1 V
2.500312500e+2,-9.603125000e-2,7.992187500e+0,,,
2.519062500e+2,-1.202500000e-1,9.031250000e+0,,,
2.481562500e+2,-1.077500000e-1,1.000781250e+1,,,
2.640312500e+2,-1.000312500e-1,1.000000000e+1,,,
2.560000000e+2,-1.000625000e-1,1.000000000e+1,,,
2.540000000e+2,-9.603125000e-2,1.000781250e+1,,,
2.559843750e+2,-1.080625000e-1,1.197656250e+1,,,
2.560000000e+2,-9.575000000e-2,1.101562500e+1,,,
2.560000000e+2,-8.809375000e-2,6.992187500e+0,,,
2.540312500e+2,-1.000312500e-1,8.976562500e+0,,,
2.539531250e+2,-9.600000000e-2,1.200781250e+1,,,
2.559218750e+2,-1.041250000e-1,9.976562500e+0,,,
2.519843750e+2,-1.078750000e-1,1.099218750e+1,,,
2.539843750e+2,-9.200000000e-2,1.203906250e+1,,,
2.479218750e+2,-1.040312500e-1,8.000000000e+0,,,
2.501250000e+2,-9.187500000e-2,1.198437500e+1,,,
2.560156250e+2,-1.001250000e-1,1.101562500e+1,,,
2.540000000e+2,-9.600000000e-2,1.100000000e+1,,,
2.560156250e+2,-1.000000000e-1,1.000000000e+1,,,
2.500156250e+2,-9.200000000e-2,1.000781250e+1,,,
2.539843750e+2,-9.206250000e-2,7.984375000e+0,,,
2.539843750e+2,-1.000625000e-1,9.023437500e+0,,,
2.559218750e+2,-1.000000000e-1,1.000000000e+1,,,
2.620000000e+2,-1.000625000e-1,8.000000000e+0,,,
2.580312500e+2,-1.040625000e-1,9.000000000e+0,,,
2.600000000e+2,-1.000312500e-1,9.968750000e+0,,,
2.580468750e+2,-1.039687500e-1,1.400000000e+1,,,
2.619687500e+2,-9.593750000e-2,9.976562500e+0,,,
2.519687500e+2,-1.000937500e-1,1.196875000e+1,,,
2.540000000e+2,-9.996875000e-2,1.200000000e+1,,,
2.580156250e+2,-9.603125000e-2,1.098437500e+1,,,
2.600000000e+2,-9.593750000e-2,9.000000000e+0,,,
2.579843750e+2,-9.221875000e-2,9.992187500e+0,,,
2.560000000e+2,-1.080000000e-1,1.100000000e+1,,,
2.520000000e+2,-9.181250000e-2,1.299218750e+1,,,
2.600000000e+2,-1.003125000e-1,1.201562500e+1,,,
2.499843750e+2,-9.987500000e-2,1.300000000e+1,,,
2.559531250e+2,-1.040000000e-1,1.500000000e+1,,,
2.599687500e+2,-1.119687500e-1,1.203906250e+1,,,
2.620000000e+2,-9.593750000e-2,7.984375000e+0,,,
2.580000000e+2,-9.212500000e-2,1.005468750e+1,,,
2.600156250e+2,-1.040937500e-1,1.500000000e+1,,,
2.559531250e+2,-9.996875000e-2,1.096093750e+1,,,
2.540468750e+2,-1.040312500e-1,1.100000000e+1,,,
2.580625000e+2,-1.001562500e-1,1.200000000e+1,,,
2.500468750e+2,-9.996875000e-2,1.201562500e+1,,,
2.558906250e+2,-1.038437500e-1,1.100000000e+1,,,
2.599531250e+2,-1.120312500e-1,1.200000000e+1,,,
2.600937500e+2,-9.618750000e-2,1.100781250e+1,,,
2.559531250e+2,-8.387500000e-2,1.100000000e+1,,,
2.600000000e+2,-9.584375000e-2,1.200000000e+1,,,
2.559843750e+2,-9.203125000e-2,1.197656250e+1,,,
2.600156250e+2,-9.990625000e-2,1.400000000e+1,,,
2.600000000e+2,-1.040312500e-1,1.196875000e+1,,,
2.599843750e+2,-9.203125000e-2,1.099218750e+1,,,
2.579687500e+2,-1.000000000e-1,1.300000000e+1,,,
2.580156250e+2,-9.200000000e-2,1.100000000e+1,,,
2.640000000e+2,-9.184375000e-2,1.394531250e+1,,,
2.641093750e+2,-9.590625000e-2,1.300000000e+1,,,
2.580000000e+2,-1.038125000e-1,1.196875000e+1,,,
2.639687500e+2,-1.160625000e-1,1.000781250e+1,,,
2.660468750e+2,-1.000625000e-1,1.300781250e+1,,,
2.600312500e+2,-9.984375000e-2,1.297656250e+1,,,
2.639062500e+2,-1.043125000e-1,1.200000000e+1,,,
2.659218750e+2,-8.415625000e-2,1.300000000e+1,,,
2.600312500e+2,-9.581250000e-2,1.298437500e+1,,,
2.659843750e+2,-1.079687500e-1,1.200781250e+1,,,
2.559843750e+2,-1.040000000e-1,1.300000000e+1,,,
2.680312500e+2,-1.040000000e-1,1.099218750e+1,,,
2.660312500e+2,-1.000312500e-1,1.303125000e+1,,,
2.600000000e+2,-9.621875000e-2,1.400000000e+1,,,
2.640000000e+2,-9.196875000e-2,1.400000000e+1,,,
2.619843750e+2,-1.000000000e-1,1.400000000e+1,,,
2.659843750e+2,-1.000000000e-1,1.400781250e+1,,,
2.640000000e+2,-9.203125000e-2,1.099218750e+1,,,
2.600312500e+2,-9.606250000e-2,1.600781250e+1,,,
2.559531250e+2,-1.040000000e-1,1.305468750e+1,,,
2.620000000e+2,-1.041562500e-1,1.300000000e+1,,,
2.599843750e+2,-9.603125000e-2,1.301562500e+1,,,
2.640000000e+2,-1.000000000e-1,1.500000000e+1,,,
2.599375000e+2,-9.600000000e-2,1.398437500e+1,,,
2.580156250e+2,-1.000000000e-1,1.400781250e+1,,,
2.639843750e+2,-1.000312500e-1,1.400000000e+1,,,
2.620000000e+2,-9.996875000e-2,1.300781250e+1,,,
2.599843750e+2,-1.000312500e-1,1.300781250e+1,,,
2.599843750e+2,-9.996875000e-2,1.500000000e+1,,,
2.639687500e+2,-1.040000000e-1,1.100000000e+1,,,
2.620312500e+2,-1.000000000e-1,1.300781250e+1,,,
2.559062500e+2,-8.400000000e-2,1.400000000e+1,,,
2.679531250e+2,-1.000000000e-1,1.300000000e+1,,,
2.581406250e+2,-9.606250000e-2,1.199218750e+1,,,
2.580781250e+2,-1.000000000e-1,1.300000000e+1,,,
2.640468750e+2,-8.800000000e-2,1.199218750e+1,,,
2.639531250e+2,-9.603125000e-2,1.400781250e+1,,,
2.640468750e+2,-9.600000000e-2,1.299218750e+1,,,
2.680000000e+2,-9.603125000e-2,1.198437500e+1,,,
2.639375000e+2,-1.040312500e-1,1.598437500e+1,,,
2.619531250e+2,-1.000000000e-1,1.497656250e+1,,,
2.678906250e+2,-1.040000000e-1,1.399218750e+1,,,
2.680156250e+2,-9.606250000e-2,1.400781250e+1,,,
2.620312500e+2,-9.203125000e-2,1.398437500e+1,,,
2.599062500e+2,-8.806250000e-2,1.300000000e+1,,,
2.719687500e+2,-1.079375000e-1,1.400000000e+1,,,
2.641093750e+2,-1.043125000e-1,1.400000000e+1,,,
2.660468750e+2,-9.603125000e-2,1.500000000e+1,,,
2.660000000e+2,-9.600000000e-2,1.499218750e+1,,,
2.660625000e+2,-1.040000000e-1,1.299218750e+1,,,
2.739843750e+2,-1.000000000e-1,1.498437500e+1,,,
2.640156250e+2,-1.040000000e-1,1.700000000e+1,,,
2.700000000e+2,-1.080312500e-1,1.396875000e+1,,,
2.640000000e+2,-1.039687500e-1,1.200000000e+1,,,
2.619843750e+2,-1.080312500e-1,1.298437500e+1,,,
2.659687500e+2,-9.600000000e-2,1.400000000e+1,,,
2.680000000e+2,-1.000000000e-1,1.499218750e+1,,,
2.659531250e+2,-1.000312500e-1,1.600000000e+1,,,
2.739843750e+2,-1.040000000e-1,1.400781250e+1,,,
2.680781250e+2,-1.001875000e-1,1.300781250e+1,,,
2.679687500e+2,-8.393750000e-2,1.300000000e+1,,,
2.740000000e+2,-1.039375000e-1,1.501562500e+1,,,
2.679218750e+2,-9.200000000e-2,1.500000000e+1,,,
2.640312500e+2,-1.000312500e-1,1.498437500e+1,,,
2.680000000e+2,-1.000000000e-1,1.297656250e+1,,,
2.639843750e+2,-9.996875000e-2,1.403125000e+1,,,
2.679843750e+2,-1.081562500e-1,1.798437500e+1,,,
2.659843750e+2,-9.600000000e-2,1.601562500e+1,,,
2.719687500e+2,-1.040312500e-1,1.600000000e+1,,,
2.720625000e+2,-9.200000000e-2,1.400781250e+1,,,
2.680000000e+2,-1.000000000e-1,1.299218750e+1,,,
2.719218750e+2,-8.796875000e-2,1.400000000e+1,,,
2.720156250e+2,-1.078750000e-1,1.501562500e+1,,,
2.699062500e+2,-1.000000000e-1,1.300781250e+1,,,
2.681250000e+2,-1.040000000e-1,1.400781250e+1,,,
2.780468750e+2,-1.000625000e-1,1.500000000e+1,,,
2.718593750e+2,-1.039375000e-1,1.400000000e+1,,,
2.659687500e+2,-8.790625000e-2,1.500781250e+1,,,
2.680625000e+2,-9.612500000e-2,1.599218750e+1,,,
2.699843750e+2,-1.000000000e-1,1.704687500e+1,,,
2.680000000e+2,-9.612500000e-2,1.299218750e+1,,,
2.700000000e+2,-8.796875000e-2,1.500000000e+1,,,
2.679843750e+2,-1.040312500e-1,1.500000000e+1,,,
2.700156250e+2,-9.603125000e-2,1.498437500e+1,,,
2.660000000e+2,-1.080000000e-1,1.400000000e+1,,,
2.699531250e+2,-1.080312500e-1,1.499218750e+1,,,
2.679531250e+2,-1.041250000e-1,1.500000000e+1,,,
2.680156250e+2,-9.206250000e-2,1.600000000e+1,,,
2.699843750e+2,-9.200000000e-2,1.600000000e+1,,,
2.679843750e+2,-1.040625000e-1,1.600000000e+1,,,
2.700156250e+2,-1.079687500e-1,1.699218750e+1,,,
2.720000000e+2,-9.200000000e-2,1.400000000e+1,,,
2.719843750e+2,-1.040625000e-1,1.299218750e+1,,,
2.699531250e+2,-1.000000000e-1,1.600000000e+1,,,
2.699687500e+2,-1.199687500e-1,1.402343750e+1,,,
2.779843750e+2,-8.775000000e-2,1.498437500e+1,,,
2.719687500e+2,-9.609375000e-2,1.799218750e+1,,,
2.720156250e+2,-9.206250000e-2,1.400000000e+1,,,
2.660000000e+2,-1.040937500e-1,1.497656250e+1,,,
2.720156250e+2,-1.000937500e-1,1.597656250e+1,,,
2.640000000e+2,-1.000312500e-1,1.700781250e+1,,,
2.740000000e+2,-9.603125000e-2,1.398437500e+1,,,
2.759531250e+2,-1.040000000e-1,1.400000000e+1,,,
2.699218750e+2,-9.590625000e-2,1.300000000e+1,,,
2.640156250e+2,-9.606250000e-2,1.400000000e+1,,,
2.680156250e+2,-9.606250000e-2,1.400000000e+1,,,
2.680000000e+2,-9.200000000e-2,1.500000000e+1,,,
2.740000000e+2,-1.000625000e-1,1.698437500e+1,,,
2.720000000e+2,-1.080000000e-1,1.895312500e+1,,,
2.780000000e+2,-9.584375000e-2,1.300000000e+1,,,
2.720312500e+2,-9.196875000e-2,1.898437500e+1,,,
2.740156250e+2,-9.206250000e-2,1.600000000e+1,,,
2.699687500e+2,-1.037187500e-1,1.700781250e+1,,,
2.760156250e+2,-1.079375000e-1,1.400781250e+1,,,
2.698750000e+2,-1.000312500e-1,1.400781250e+1,,,
2.681250000e+2,-1.039687500e-1,1.700781250e+1,,,
2.760781250e+2,-9.196875000e-2,1.700000000e+1,,,
2.739531250e+2,-9.596875000e-2,1.600000000e+1,,,
2.739687500e+2,-8.796875000e-2,1.799218750e+1,,,
2.719687500e+2,-9.584375000e-2,1.501562500e+1,,,
2.759531250e+2,-1.040000000e-1,1.400000000e+1,,,
2.740156250e+2,-8.803125000e-2,1.603125000e+1,,,
2.699843750e+2,-1.001250000e-1,1.799218750e+1,,,
2.739687500e+2,-9.590625000e-2,1.400000000e+1,,,
2.720468750e+2,-9.203125000e-2,1.700000000e+1,,,
2.700312500e+2,-9.975000000e-2,1.603906250e+1,,,
2.721562500e+2,-1.080312500e-1,1.498437500e+1,,,
2.799843750e+2,-9.193750000e-2,1.900781250e+1,,,
2.719218750e+2,-9.212500000e-2,1.598437500e+1,,,
2.740156250e+2,-1.001250000e-1,1.499218750e+1,,,
2.720000000e+2,-9.978125000e-2,1.701562500e+1,,,
2.760000000e+2,-8.400000000e-2,1.699218750e+1,,,
2.740000000e+2,-9.968750000e-2,1.601562500e+1,,,
2.680000000e+2,-9.993750000e-2,1.500000000e+1,,,
2.760000000e+2,-9.593750000e-2,1.600000000e+1,,,
2.780000000e+2,-9.609375000e-2,1.798437500e+1,,,
2.699843750e+2,-9.993750000e-2,1.700000000e+1,,,
2.740000000e+2,-9.196875000e-2,1.400000000e+1,,,
2.820312500e+2,-9.600000000e-2,1.594531250e+1,,,
2.739843750e+2,-8.800000000e-2,1.600000000e+1,,,
2.780781250e+2,-9.203125000e-2,1.500781250e+1,,,
2.779062500e+2,-9.609375000e-2,1.800781250e+1,,,
2.698750000e+2,-1.038750000e-1,1.696875000e+1,,,
2.722187500e+2,-9.206250000e-2,1.596875000e+1,,,
2.840156250e+2,-1.080312500e-1,1.499218750e+1,,,
2.760000000e+2,-9.209375000e-2,1.800000000e+1,,,
2.719843750e+2,-1.000000000e-1,1.498437500e+1,,,
2.719843750e+2,-8.803125000e-2,1.396093750e+1,,,
2.740000000e+2,-1.040625000e-1,1.800000000e+1,,,
2.739843750e+2,-9.187500000e-2,1.399218750e+1,,,
2.759218750e+2,-9.606250000e-2,1.599218750e+1,,,
2.780312500e+2,-9.600000000e-2,1.599218750e+1,,,
2.718125000e+2,-9.600000000e-2,1.798437500e+1,,,
2.701250000e+2,-9.600000000e-2,1.599218750e+1,,,
2.779843750e+2,-9.609375000e-2,2.000000000e+1,,,
2.699531250e+2,-9.990625000e-2,1.600000000e+1,,,
2.760312500e+2,-8.800000000e-2,1.800000000e+1,,,
2.720000000e+2,-1.002187500e-1,1.599218750e+1,,,
2.780156250e+2,-1.000000000e-1,1.801562500e+1,,,
2.740312500e+2,-1.000000000e-1,1.400000000e+1,,,
2.759375000e+2,-8.800000000e-2,1.697656250e+1,,,
2.760156250e+2,-1.041562500e-1,1.996093750e+1,,,
2.700000000e+2,-9.978125000e-2,1.497656250e+1,,,
2.739843750e+2,-8.809375000e-2,1.700000000e+1,,,
2.738906250e+2,-1.000937500e-1,1.700000000e+1,,,
2.840468750e+2,-9.606250000e-2,1.700000000e+1,,,
2.719218750e+2,-1.000000000e-1,1.700000000e+1,,,
2.801406250e+2,-9.603125000e-2,1.700000000e+1,,,
2.799375000e+2,-9.996875000e-2,1.801562500e+1,,,
2.719531250e+2,-9.193750000e-2,1.901562500e+1,,,
2.700000000e+2,-9.615625000e-2,1.600000000e+1,,,
2.740312500e+2,-1.000312500e-1,1.700781250e+1,,,
2.800156250e+2,-8.790625000e-2,1.900000000e+1,,,
2.800000000e+2,-8.806250000e-2,1.702343750e+1,,,
2.800000000e+2,-8.796875000e-2,1.700000000e+1,,,
2.820000000e+2,-8.809375000e-2,1.900000000e+1,,,
2.720000000e+2,-1.004375000e-1,1.701562500e+1,,,
2.760000000e+2,-1.037187500e-1,1.700000000e+1,,,
2.739843750e+2,-8.400000000e-2,1.802343750e+1,,,
2.779687500e+2,-9.218750000e-2,1.600000000e+1,,,
2.820000000e+2,-1.040312500e-1,1.902343750e+1,,,
2.759218750e+2,-9.596875000e-2,2.000781250e+1,,,
2.760781250e+2,-9.587500000e-2,1.900000000e+1,,,
2.839843750e+2,-8.812500000e-2,1.399218750e+1,,,
2.759531250e+2,-1.040312500e-1,1.700000000e+1,,,
2.780000000e+2,-9.625000000e-2,1.800000000e+1,,,
2.740312500e+2,-9.609375000e-2,1.701562500e+1,,,
2.759687500e+2,-8.803125000e-2,1.700000000e+1,,,
2.778593750e+2,-9.590625000e-2,1.900000000e+1,,,
2.839843750e+2,-9.996875000e-2,1.701562500e+1,,,
2.800312500e+2,-1.041562500e-1,1.800000000e+1,,,
2.838750000e+2,-9.218750000e-2,1.898437500e+1,,,
2.819375000e+2,-9.593750000e-2,2.001562500e+1,,,
2.759843750e+2,-9.203125000e-2,1.800000000e+1,,,
2.800312500e+2,-8.803125000e-2,1.899218750e+1,,,
2.840000000e+2,-8.393750000e-2,1.700000000e+1,,,
2.799687500e+2,-1.040000000e-1,1.900000000e+1,,,
2.779687500e+2,-9.200000000e-2,1.900000000e+1,,,
2.740000000e+2,-9.571875000e-2,1.803125000e+1,,,
2.819531250e+2,-9.606250000e-2,1.700000000e+1,,,
2.780000000e+2,-9.209375000e-2,1.800000000e+1,,,
2.820000000e+2,-9.190625000e-2,1.802343750e+1,,,
2.760468750e+2,-1.040000000e-1,1.999218750e+1,,,
2.779062500e+2,-9.612500000e-2,1.699218750e+1,,,
2.820312500e+2,-9.193750000e-2,1.800000000e+1,,,
2.780156250e+2,-9.593750000e-2,1.600000000e+1,,,
2.861093750e+2,-9.603125000e-2,2.002343750e+1,,,
2.859531250e+2,-9.600000000e-2,1.896093750e+1,,,
2.759687500e+2,-1.000000000e-1,1.700000000e+1,,,
2.800156250e+2,-9.200000000e-2,2.000781250e+1,,,
2.800000000e+2,-9.187500000e-2,1.900781250e+1,,,
2.780000000e+2,-1.078125000e-1,2.099218750e+1,,,
2.800156250e+2,-1.001562500e-1,1.800000000e+1,,,
2.820000000e+2,-8.800000000e-2,1.700000000e+1,,,
2.780156250e+2,-8.800000000e-2,1.899218750e+1,,,
2.760000000e+2,-1.000000000e-1,1.799218750e+1,,,
2.840000000e+2,-9.196875000e-2,2.000000000e+1,,,
2.741093750e+2,-9.200000000e-2,1.801562500e+1,,,
2.740000000e+2,-9.606250000e-2,1.900000000e+1,,,
2.760000000e+2,-9.190625000e-2,1.803125000e+1,,,
2.740156250e+2,-1.039687500e-1,2.098437500e+1,,,
2.800156250e+2,-9.600000000e-2,1.496093750e+1,,,
2.800000000e+2,-9.603125000e-2,1.605468750e+1,,,
2.819843750e+2,-9.200000000e-2,1.798437500e+1,,,
2.840000000e+2,-8.834375000e-2,1.899218750e+1,,,
2.739843750e+2,-7.984375000e-2,1.999218750e+1,,,
2.819687500e+2,-9.603125000e-2,1.800000000e+1,,,
2.820156250e+2,-8.003125000e-2,1.800000000e+1,,,
2.839843750e+2,-9.200000000e-2,2.000000000e+1,,,
2.840781250e+2,-8.800000000e-2,1.900000000e+1,,,
2.779843750e+2,-1.040000000e-1,1.800000000e+1,,,
2.839218750e+2,-1.042187500e-1,1.699218750e+1,,,
2.819218750e+2,-9.600000000e-2,2.001562500e+1,,,
2.779843750e+2,-8.400000000e-2,2.100000000e+1,,,
2.800312500e+2,-9.600000000e-2,1.899218750e+1,,,
2.820625000e+2,-8.003125000e-2,2.000000000e+1,,,
2.838906250e+2,-1.040937500e-1,1.900000000e+1,,,
2.739843750e+2,-1.001250000e-1,1.999218750e+1,,,
2.819218750e+2,-8.803125000e-2,1.997656250e+1,,,
2.800312500e+2,-9.200000000e-2,1.699218750e+1,,,
2.819843750e+2,-8.406250000e-2,1.800781250e+1,,,
2.820000000e+2,-8.796875000e-2,1.800000000e+1,,,
2.819843750e+2,-9.200000000e-2,2.000781250e+1,,,
2.839375000e+2,-8.800000000e-2,2.100000000e+1,,,
2.841718750e+2,-9.609375000e-2,1.899218750e+1,,,
2.719218750e+2,-8.800000000e-2,1.900000000e+1,,,
2.780468750e+2,-1.000000000e-1,2.000000000e+1,,,
2.840000000e+2,-8.400000000e-2,1.900781250e+1,,,
2.840000000e+2,-9.606250000e-2,2.100000000e+1,,,
2.840000000e+2,-9.600000000e-2,1.900781250e+1,,,
2.840000000e+2,-9.206250000e-2,1.899218750e+1,,,
2.820000000e+2,-8.400000000e-2,1.800000000e+1,,,
2.820156250e+2,-8.800000000e-2,1.996875000e+1,,,
2.779687500e+2,-8.400000000e-2,2.200000000e+1,,,
2.879687500e+2,-8.800000000e-2,2.000781250e+1,,,
2.840312500e+2,-8.790625000e-2,1.997656250e+1,,,
2.820312500e+2,-8.003125000e-2,2.001562500e+1,,,
2.759687500e+2,-9.596875000e-2,1.602343750e+1,,,
2.859687500e+2,-8.809375000e-2,1.800000000e+1,,,
2.840000000e+2,-9.196875000e-2,1.800000000e+1,,,
2.819375000e+2,-9.200000000e-2,1.899218750e+1,,,
2.780312500e+2,-9.600000000e-2,1.800000000e+1,,,
2.880312500e+2,-9.196875000e-2,2.000781250e+1,,,
2.859843750e+2,-8.806250000e-2,1.899218750e+1,,,
2.900000000e+2,-8.012500000e-2,1.900781250e+1,,,
2.860312500e+2,-8.390625000e-2,1.799218750e+1,,,
2.820156250e+2,-9.596875000e-2,2.001562500e+1,,,
2.820312500e+2,-9.603125000e-2,2.000000000e+1,,,
2.780000000e+2,-1.040000000e-1,1.901562500e+1,,,
2.819218750e+2,-1.000312500e-1,1.700000000e+1,,,
2.839531250e+2,-9.596875000e-2,1.797656250e+1,,,
2.859843750e+2,-1.000000000e-1,1.900000000e+1,,,
2.839843750e+2,-9.600000000e-2,1.900000000e+1,,,
2.839531250e+2,-9.203125000e-2,2.000000000e+1,,,
2.800781250e+2,-9.603125000e-2,1.800000000e+1,,,
2.879218750e+2,-9.603125000e-2,1.802343750e+1,,,
2.759687500e+2,-9.596875000e-2,2.099218750e+1,,,
2.880781250e+2,-8.800000000e-2,2.003125000e+1,,,
2.860156250e+2,-9.200000000e-2,1.899218750e+1,,,
2.880156250e+2,-8.403125000e-2,1.800000000e+1,,,
2.820625000e+2,-8.803125000e-2,1.900000000e+1,,,
2.800312500e+2,-9.203125000e-2,1.899218750e+1,,,
2.779062500e+2,-9.200000000e-2,1.900000000e+1,,,
2.898593750e+2,-9.196875000e-2,2.000781250e+1,,,
2.879218750e+2,-9.603125000e-2,1.698437500e+1,,,
2.839687500e+2,-9.200000000e-2,1.700000000e+1,,,
2.800000000e+2,-1.000000000e-1,2.000000000e+1,,,
2.799843750e+2,-9.600000000e-2,1.900000000e+1,,,
2.800156250e+2,-9.593750000e-2,2.100781250e+1,,,
2.860000000e+2,-8.000000000e-2,2.100000000e+1,,,
2.779843750e+2,-1.036562500e-1,2.000000000e+1,,,
2.820468750e+2,-1.000000000e-1,2.100000000e+1,,,
2.820000000e+2,-8.796875000e-2,2.102343750e+1,,,
2.819843750e+2,-9.221875000e-2,1.800000000e+1,,,
2.859843750e+2,-9.990625000e-2,2.001562500e+1,,,
2.800312500e+2,-8.393750000e-2,2.300000000e+1,,,
2.759843750e+2,-9.621875000e-2,2.102343750e+1,,,
2.840000000e+2,-1.001562500e-1,2.001562500e+1,,,
2.800000000e+2,-9.203125000e-2,1.999218750e+1,,,
2.880000000e+2,-9.203125000e-2,2.199218750e+1,,,
2.879531250e+2,-1.000312500e-1,1.893750000e+1,,,
2.839531250e+2,-9.587500000e-2,1.800000000e+1,,,
2.800000000e+2,-8.796875000e-2,1.900000000e+1,,,
2.820156250e+2,-9.190625000e-2,2.100000000e+1,,,
2.840000000e+2,-1.000000000e-1,2.000000000e+1,,,
2.860000000e+2,-9.603125000e-2,2.000000000e+1,,,
2.860000000e+2,-1.040312500e-1,2.000000000e+1,,,
2.880000000e+2,-9.993750000e-2,2.000000000e+1,,,
2.859218750e+2,-1.000312500e-1,2.000781250e+1,,,
2.939687500e+2,-1.000000000e-1,1.700000000e+1,,,
2.861250000e+2,-9.596875000e-2,2.099218750e+1,,,
2.800937500e+2,-9.590625000e-2,1.900781250e+1,,,
2.900625000e+2,-8.403125000e-2,1.900781250e+1,,,
2.859218750e+2,-1.001562500e-1,2.101562500e+1,,,
2.858906250e+2,-1.000000000e-1,2.300000000e+1,,,
2.779843750e+2,-1.081562500e-1,2.000000000e+1,,,
2.840625000e+2,-1.078750000e-1,1.998437500e+1,,,
2.839687500e+2,-9.200000000e-2,2.000000000e+1,,,
2.879218750e+2,-1.040000000e-1,2.000000000e+1,,,
2.880312500e+2,-1.000000000e-1,2.000781250e+1,,,
2.799375000e+2,-1.080000000e-1,1.999218750e+1,,,
2.939531250e+2,-9.596875000e-2,1.800000000e+1,,,
2.860625000e+2,-1.000000000e-1,2.200000000e+1,,,
2.899531250e+2,-9.215625000e-2,2.003906250e+1,,,
2.860156250e+2,-9.196875000e-2,1.801562500e+1,,,
2.920468750e+2,-1.040000000e-1,1.601562500e+1,,,
2.879062500e+2,-8.800000000e-2,2.101562500e+1,,,
2.860468750e+2,-1.041250000e-1,2.100000000e+1,,,
2.899843750e+2,-9.587500000e-2,2.001562500e+1,,,
2.820000000e+2,-9.600000000e-2,2.199218750e+1,,,
2.900000000e+2,-9.590625000e-2,1.903125000e+1,,,
2.879375000e+2,-1.040312500e-1,1.900000000e+1,,,
2.880000000e+2,-9.575000000e-2,1.900000000e+1,,,
2.920000000e+2,-8.806250000e-2,1.900781250e+1,,,
2.899843750e+2,-1.002500000e-1,1.900000000e+1,,,
2.880000000e+2,-1.039687500e-1,2.100000000e+1,,,
2.879531250e+2,-1.000000000e-1,2.106250000e+1,,,
2.899843750e+2,-1.000000000e-1,1.800000000e+1,,,
2.859687500e+2,-9.596875000e-2,1.899218750e+1,,,
2.860156250e+2,-9.206250000e-2,1.800781250e+1,,,
2.880156250e+2,-1.000625000e-1,2.200000000e+1,,,
2.901093750e+2,-9.593750000e-2,1.898437500e+1,,,
2.960000000e+2,-9.603125000e-2,2.198437500e+1,,,
2.900000000e+2,-9.603125000e-2,2.200000000e+1,,,
2.879843750e+2,-9.603125000e-2,2.099218750e+1,,,
2.880156250e+2,-9.993750000e-2,2.099218750e+1,,,
2.840312500e+2,-8.803125000e-2,2.100000000e+1,,,
2.879375000e+2,-1.000625000e-1,2.099218750e+1,,,
2.980781250e+2,-9.196875000e-2,1.999218750e+1,,,
2.841093750e+2,-9.600000000e-2,2.100000000e+1,,,
2.881406250e+2,-8.800000000e-2,2.000000000e+1,,,
2.879843750e+2,-9.606250000e-2,2.199218750e+1,,,
2.879531250e+2,-9.193750000e-2,2.201562500e+1,,,
2.860937500e+2,-9.193750000e-2,2.100000000e+1,,,
2.940156250e+2,-8.818750000e-2,2.100000000e+1,,,
2.879218750e+2,-1.000000000e-1,1.999218750e+1,,,
2.900468750e+2,-8.800000000e-2,2.100000000e+1,,,
2.919843750e+2,-9.200000000e-2,2.000000000e+1,,,
2.920156250e+2,-8.800000000e-2,2.099218750e+1,,,
2.900000000e+2,-8.400000000e-2,2.093750000e+1,,,
2.900156250e+2,-8.812500000e-2,1.599218750e+1,,,
2.859843750e+2,-9.606250000e-2,2.000000000e+1,,,
2.919375000e+2,-9.190625000e-2,2.000000000e+1,,,
2.919843750e+2,-8.803125000e-2,1.899218750e+1,,,
2.940000000e+2,-8.803125000e-2,2.100000000e+1,,,
2.919687500e+2,-8.796875000e-2,2.000000000e+1,,,
2.899843750e+2,-8.812500000e-2,2.202343750e+1,,,
2.879843750e+2,-9.600000000e-2,2.300781250e+1,,,
2.880000000e+2,-8.787500000e-2,2.100000000e+1,,,
2.879687500e+2,-8.796875000e-2,1.999218750e+1,,,
2.820156250e+2,-9.609375000e-2,1.999218750e+1,,,
2.920468750e+2,-9.587500000e-2,2.098437500e+1,,,
2.940000000e+2,-8.793750000e-2,2.200000000e+1,,,
2.820000000e+2,-9.215625000e-2,2.001562500e+1,,,
2.900000000e+2,-9.590625000e-2,1.798437500e+1,,,
2.899843750e+2,-8.775000000e-2,2.200000000e+1,,,
2.880000000e+2,-7.600000000e-2,2.200781250e+1,,,
2.899843750e+2,-7.206250000e-2,2.200000000e+1,,,
2.900000000e+2,-8.406250000e-2,2.099218750e+1,,,
2.880000000e+2,-8.790625000e-2,2.101562500e+1,,,
2.900468750e+2,-8.409375000e-2,2.200000000e+1,,,
2.899218750e+2,-9.615625000e-2,1.901562500e+1,,,
2.799687500e+2,-9.196875000e-2,2.400000000e+1,,,
2.858437500e+2,-8.021875000e-2,2.000000000e+1,,,
2.899531250e+2,-7.993750000e-2,2.396875000e+1,,,
2.919843750e+2,-8.384375000e-2,2.200000000e+1,,,
2.920312500e+2,-9.215625000e-2,2.299218750e+1,,,
2.881093750e+2,-7.600000000e-2,2.099218750e+1,,,
2.859843750e+2,-9.178125000e-2,2.400000000e+1,,,
2.879531250e+2,-8.440625000e-2,2.201562500e+1,,,
2.879687500e+2,-8.778125000e-2,2.296875000e+1,,,
2.860000000e+2,-9.606250000e-2,2.300781250e+1,,,
2.880000000e+2,-8.403125000e-2,1.999218750e+1,,,
2.860000000e+2,-9.200000000e-2,2.199218750e+1,,,
2.879687500e+2,-8.800000000e-2,2.200000000e+1,,,
2.840156250e+2,-8.000000000e-2,2.200000000e+1,,,
2.920000000e+2,-9.168750000e-2,2.408593750e+1,,,
2.920781250e+2,-8.818750000e-2,1.900000000e+1,,,
2.880312500e+2,-8.390625000e-2,2.301562500e+1,,,
2.899531250e+2,-9.590625000e-2,1.998437500e+1,,,
2.979687500e+2,-9.209375000e-2,2.300781250e+1,,,
2.941093750e+2,-7.596875000e-2,2.299218750e+1,,,
2.880312500e+2,-8.412500000e-2,2.200000000e+1,,,
2.900781250e+2,-7.193750000e-2,2.000000000e+1,,,
2.940156250e+2,-9.184375000e-2,1.900781250e+1,,,
2.899531250e+2,-8.806250000e-2,2.101562500e+1,,,
2.820156250e+2,-7.600000000e-2,2.200000000e+1,,,
2.900312500e+2,-8.400000000e-2,2.100000000e+1,,,
2.900156250e+2,-8.000000000e-2,2.200000000e+1,,,
2.860000000e+2,-8.796875000e-2,2.100781250e+1,,,
2.879843750e+2,-8.006250000e-2,2.100000000e+1,,,
2.819843750e+2,-8.800000000e-2,2.101562500e+1,,,
2.919687500e+2,-9.200000000e-2,2.500000000e+1,,,
2.900000000e+2,-8.003125000e-2,2.100781250e+1,,,
2.820000000e+2,-8.403125000e-2,2.300000000e+1,,,
2.898906250e+2,-8.400000000e-2,2.196875000e+1,,,
2.900000000e+2,-8.806250000e-2,2.397656250e+1,,,
2.880156250e+2,-8.006250000e-2,1.696875000e+1,,,
2.840000000e+2,-8.400000000e-2,2.100781250e+1,,,
2.880156250e+2,-8.000000000e-2,1.996875000e+1,,,
2.880000000e+2,-8.800000000e-2,2.004687500e+1,,,
2.900000000e+2,-8.415625000e-2,2.299218750e+1,,,
2.880000000e+2,-7.178125000e-2,2.103125000e+1,,,
2.860000000e+2,-8.800000000e-2,1.900000000e+1,,,
2.879687500e+2,-7.206250000e-2,2.100000000e+1,,,
2.939843750e+2,-8.396875000e-2,2.100000000e+1,,,
2.900156250e+2,-8.000000000e-2,2.100781250e+1,,,
2.880781250e+2,-8.400000000e-2,2.400000000e+1,,,
2.839062500e+2,-7.200000000e-2,1.900000000e+1,,,
2.959531250e+2,-8.800000000e-2,2.196875000e+1,,,
2.899375000e+2,-7.600000000e-2,2.200000000e+1,,,
2.940781250e+2,-8.800000000e-2,2.300000000e+1,,,
2.918437500e+2,-7.596875000e-2,2.100000000e+1,,,
2.820156250e+2,-7.606250000e-2,2.199218750e+1,,,
2.941406250e+2,-8.806250000e-2,1.998437500e+1,,,
2.939531250e+2,-8.809375000e-2,2.498437500e+1,,,
2.900781250e+2,-7.993750000e-2,2.295312500e+1,,,
2.840312500e+2,-9.193750000e-2,1.999218750e+1,,,
2.859843750e+2,-8.406250000e-2,2.099218750e+1,,,
2.879843750e+2,-8.006250000e-2,1.900781250e+1,,,
2.900156250e+2,-7.196875000e-2,2.200781250e+1,,,
2.879531250e+2,-7.200000000e-2,2.100000000e+1,,,
2.920781250e+2,-7.600000000e-2,2.100000000e+1,,,
2.840312500e+2,-7.600000000e-2,2.100000000e+1,,,
2.960312500e+2,-8.000000000e-2,2.100000000e+1,,,
2.919375000e+2,-7.200000000e-2,2.196875000e+1,,,
2.879531250e+2,-8.003125000e-2,1.899218750e+1,,,
2.820156250e+2,-8.000000000e-2,2.398437500e+1,,,
2.820000000e+2,-8.400000000e-2,2.295312500e+1,,,
2.880000000e+2,-7.612500000e-2,1.900000000e+1,,,
2.880156250e+2,-6.796875000e-2,2.099218750e+1,,,
2.820000000e+2,-7.600000000e-2,1.900000000e+1,,,
2.879843750e+2,-7.600000000e-2,2.099218750e+1,,,
2.859843750e+2,-7.606250000e-2,2.003125000e+1,,,
2.920000000e+2,-7.596875000e-2,1.898437500e+1,,,
2.860625000e+2,-6.400000000e-2,2.299218750e+1,,,
2.820000000e+2,-7.593750000e-2,2.000000000e+1,,,
2.840000000e+2,-7.209375000e-2,2.201562500e+1,,,
2.819843750e+2,-7.600000000e-2,1.990625000e+1,,,
2.860156250e+2,-8.803125000e-2,1.800781250e+1,,,
2.880000000e+2,-8.393750000e-2,2.001562500e+1,,,
2.899843750e+2,-6.800000000e-2,1.999218750e+1,,,
2.880000000e+2,-8.390625000e-2,2.097656250e+1,,,
2.879843750e+2,-7.209375000e-2,2.201562500e+1,,,
2.900000000e+2,-7.600000000e-2,2.000000000e+1,,,
2.860468750e+2,-7.200000000e-2,2.200000000e+1,,,
2.839843750e+2,-7.600000000e-2,2.001562500e+1,,,
2.840156250e+2,-6.796875000e-2,2.100000000e+1,,,
2.820156250e+2,-8.400000000e-2,2.201562500e+1,,,
2.820000000e+2,-7.200000000e-2,1.902343750e+1,,,
2.841093750e+2,-8.400000000e-2,1.900781250e+1,,,
2.900000000e+2,-7.193750000e-2,2.199218750e+1,,,
2.838906250e+2,-7.203125000e-2,2.100000000e+1,,,
2.820937500e+2,-7.612500000e-2,2.000781250e+1,,,
2.879843750e+2,-8.396875000e-2,2.100000000e+1,,,
2.819531250e+2,-7.600000000e-2,1.996093750e+1,,,
2.859375000e+2,-8.400000000e-2,2.299218750e+1,,,
2.879687500e+2,-7.600000000e-2,1.900000000e+1,,,
2.900156250e+2,-8.400000000e-2,2.100000000e+1,,,
2.860156250e+2,-7.206250000e-2,1.897656250e+1,,,
2.859687500e+2,-9.600000000e-2,1.900000000e+1,,,
2.841093750e+2,-8.821875000e-2,1.900000000e+1,,,
2.780156250e+2,-7.596875000e-2,1.799218750e+1,,,
2.840156250e+2,-8.400000000e-2,1.800000000e+1,,,
2.820000000e+2,-7.600000000e-2,2.100000000e+1,,,
2.880000000e+2,-8.803125000e-2,1.799218750e+1,,,
2.840000000e+2,-8.396875000e-2,2.000000000e+1,,,
2.880000000e+2,-7.600000000e-2,1.900000000e+1,,,
2.899843750e+2,-8.809375000e-2,2.000000000e+1,,,
2.859375000e+2,-7.200000000e-2,1.899218750e+1,,,
2.819843750e+2,-8.403125000e-2,1.797656250e+1,,,
2.880000000e+2,-7.993750000e-2,2.099218750e+1,,,
2.819843750e+2,-8.000000000e-2,1.899218750e+1,,,
2.860156250e+2,-7.603125000e-2,1.900000000e+1,,,
2.780000000e+2,-7.996875000e-2,1.998437500e+1,,,
2.859531250e+2,-7.209375000e-2,2.100000000e+1,,,
2.840000000e+2,-7.996875000e-2,2.000781250e+1,,,
2.880000000e+2,-8.396875000e-2,1.899218750e+1,,,
2.819687500e+2,-7.200000000e-2,1.899218750e+1,,,
2.880781250e+2,-8.409375000e-2,1.900000000e+1,,,
2.899531250e+2,-7.590625000e-2,2.000000000e+1,,,
2.819843750e+2,-7.593750000e-2,2.000000000e+1,,,
2.880000000e+2,-8.400000000e-2,2.000000000e+1,,,
2.820000000e+2,-8.000000000e-2,1.900000000e+1,,,
2.900000000e+2,-8.403125000e-2,2.002343750e+1,,,
2.820312500e+2,-8.800000000e-2,2.000000000e+1,,,
2.819062500e+2,-8.387500000e-2,1.600781250e+1,,,
2.879531250e+2,-8.003125000e-2,1.700000000e+1,,,
2.840625000e+2,-9.203125000e-2,2.099218750e+1,,,
2.779687500e+2,-7.587500000e-2,1.800000000e+1,,,
2.800468750e+2,-7.609375000e-2,2.000781250e+1,,,
2.798906250e+2,-8.412500000e-2,2.099218750e+1,,,
2.760312500e+2,-8.800000000e-2,1.900781250e+1,,,
2.820312500e+2,-7.975000000e-2,1.900000000e+1,,,
2.778906250e+2,-6.800000000e-2,2.003125000e+1,,,
2.758593750e+2,-7.193750000e-2,1.599218750e+1,,,
2.859375000e+2,-7.600000000e-2,2.100000000e+1,,,
2.800156250e+2,-7.596875000e-2,1.596093750e+1,,,
2.799375000e+2,-8.403125000e-2,1.700781250e+1,,,
2.840156250e+2,-7.993750000e-2,1.800000000e+1,,,
2.800156250e+2,-7.600000000e-2,1.800000000e+1,,,
2.839062500e+2,-7.590625000e-2,1.998437500e+1,,,
2.839687500e+2,-8.003125000e-2,1.900781250e+1,,,
2.819062500e+2,-7.193750000e-2,1.700781250e+1,,,
2.780312500e+2,-6.412500000e-2,1.900000000e+1,,,
2.840312500e+2,-8.012500000e-2,1.699218750e+1,,,
2.799687500e+2,-7.587500000e-2,2.000781250e+1,,,
2.760156250e+2,-7.615625000e-2,1.900000000e+1,,,
2.840000000e+2,-8.821875000e-2,2.000000000e+1,,,
2.779218750e+2,-6.387500000e-2,1.800000000e+1,,,
2.780000000e+2,-7.231250000e-2,1.800000000e+1,,,
2.820000000e+2,-7.996875000e-2,2.101562500e+1,,,
2.760156250e+2,-7.193750000e-2,1.600000000e+1,,,
2.860000000e+2,-7.612500000e-2,1.700000000e+1,,,
2.780625000e+2,-7.590625000e-2,1.903125000e+1,,,
2.799843750e+2,-6.800000000e-2,1.800000000e+1,,,
2.760312500e+2,-8.003125000e-2,1.998437500e+1,,,
2.819531250e+2,-7.603125000e-2,1.599218750e+1,,,
2.740000000e+2,-8.396875000e-2,1.805468750e+1,,,
2.841093750e+2,-7.193750000e-2,1.896093750e+1,,,
2.820000000e+2,-7.603125000e-2,1.699218750e+1,,,
2.840000000e+2,-6.806250000e-2,2.099218750e+1,,,
2.799843750e+2,-7.203125000e-2,1.799218750e+1,,,
2.799843750e+2,-7.200000000e-2,1.900781250e+1,,,
2.819843750e+2,-7.606250000e-2,1.600000000e+1,,,
2.780312500e+2,-8.006250000e-2,1.900000000e+1,,,
2.740156250e+2,-8.403125000e-2,1.700781250e+1,,,
2.759062500e+2,-8.000000000e-2,1.797656250e+1,,,
2.799531250e+2,-7.200000000e-2,1.796875000e+1,,,
2.739062500e+2,-7.603125000e-2,1.599218750e+1,,,
2.740156250e+2,-7.609375000e-2,1.997656250e+1,,,
2.760312500e+2,-7.990625000e-2,1.800000000e+1,,,
2.780781250e+2,-6.809375000e-2,1.899218750e+1,,,
2.798750000e+2,-7.996875000e-2,2.000781250e+1,,,
2.679375000e+2,-6.400000000e-2,1.802343750e+1,,,
2.759218750e+2,-7.600000000e-2,1.700000000e+1,,,
2.799218750e+2,-7.600000000e-2,1.599218750e+1,,,
2.840312500e+2,-7.593750000e-2,1.896875000e+1,,,
2.720312500e+2,-6.393750000e-2,1.398437500e+1,,,
2.738437500e+2,-6.803125000e-2,1.800000000e+1,,,
2.820156250e+2,-6.809375000e-2,1.800000000e+1,,,
2.740937500e+2,-7.593750000e-2,1.501562500e+1,,,
2.781093750e+2,-6.787500000e-2,1.498437500e+1,,,
2.819843750e+2,-6.412500000e-2,1.700000000e+1,,,
2.779531250e+2,-7.603125000e-2,1.801562500e+1,,,
2.780000000e+2,-6.796875000e-2,2.000781250e+1,,,
2.800000000e+2,-7.603125000e-2,1.700000000e+1,,,
2.759843750e+2,-7.200000000e-2,1.698437500e+1,,,
2.760156250e+2,-7.996875000e-2,1.400000000e+1,,,
2.800000000e+2,-7.209375000e-2,1.697656250e+1,,,
2.760000000e+2,-8.825000000e-2,1.700000000e+1,,,
2.780000000e+2,-8.365625000e-2,1.699218750e+1,,,
2.700000000e+2,-6.775000000e-2,1.798437500e+1,,,
2.740312500e+2,-6.821875000e-2,2.000000000e+1,,,
2.779687500e+2,-8.000000000e-2,1.901562500e+1,,,
2.800000000e+2,-8.396875000e-2,1.802343750e+1,,,
2.760000000e+2,-8.400000000e-2,1.501562500e+1,,,
2.719687500e+2,-8.400000000e-2,1.902343750e+1,,,
2.720468750e+2,-7.584375000e-2,1.700000000e+1,,,
2.780000000e+2,-7.203125000e-2,1.601562500e+1,,,
2.760156250e+2,-7.600000000e-2,1.800000000e+1,,,
2.781250000e+2,-7.571875000e-2,1.600000000e+1,,,
2.679843750e+2,-8.412500000e-2,1.796093750e+1,,,
2.779375000e+2,-6.815625000e-2,1.900000000e+1,,,
2.739843750e+2,-7.184375000e-2,1.799218750e+1,,,
2.818906250e+2,-7.606250000e-2,1.800000000e+1,,,
2.780625000e+2,-6.428125000e-2,1.700000000e+1,,,
2.799843750e+2,-6.346875000e-2,1.696875000e+1,,,
2.759687500e+2,-7.606250000e-2,2.000781250e+1,,,
2.760000000e+2,-6.403125000e-2,1.700000000e+1,,,
2.779843750e+2,-7.996875000e-2,2.001562500e+1,,,
2.740000000e+2,-7.603125000e-2,1.900000000e+1,,,
2.780156250e+2,-7.200000000e-2,2.000000000e+1,,,
2.760000000e+2,-6.400000000e-2,1.800000000e+1,,,
2.780000000e+2,-7.187500000e-2,1.707031250e+1,,,
2.722187500e+2,-6.806250000e-2,1.400000000e+1,,,
2.639375000e+2,-7.193750000e-2,1.602343750e+1,,,
2.759687500e+2,-7.600000000e-2,1.703125000e+1,,,
2.720781250e+2,-7.603125000e-2,1.898437500e+1,,,
2.739062500e+2,-7.200000000e-2,1.397656250e+1,,,
2.799843750e+2,-7.209375000e-2,1.600000000e+1,,,
2.759531250e+2,-6.409375000e-2,1.700000000e+1,,,
2.759687500e+2,-6.790625000e-2,1.599218750e+1,,,
2.720000000e+2,-7.600000000e-2,1.701562500e+1,,,
2.760468750e+2,-7.200000000e-2,1.800000000e+1,,,
2.759687500e+2,-6.400000000e-2,1.700000000e+1,,,
2.700000000e+2,-5.990625000e-2,1.697656250e+1,,,
2.760000000e+2,-7.950000000e-2,1.498437500e+1,,,
2.759843750e+2,-8.012500000e-2,1.700000000e+1,,,
2.720156250e+2,-7.200000000e-2,1.399218750e+1,,,
2.720000000e+2,-7.600000000e-2,1.499218750e+1,,,
2.700000000e+2,-7.206250000e-2,1.599218750e+1,,,
2.780156250e+2,-6.400000000e-2,1.700000000e+1,,,
2.660781250e+2,-6.800000000e-2,1.601562500e+1,,,
2.700000000e+2,-6.796875000e-2,1.498437500e+1,,,
2.680156250e+2,-7.196875000e-2,1.302343750e+1,,,
2.640156250e+2,-6.818750000e-2,1.700781250e+1,,,
2.740000000e+2,-6.000000000e-2,1.497656250e+1,,,
2.659843750e+2,-7.996875000e-2,1.500781250e+1,,,
2.720000000e+2,-7.212500000e-2,1.500000000e+1,,,
2.660000000e+2,-6.796875000e-2,1.504687500e+1,,,
2.720000000e+2,-6.800000000e-2,1.000781250e+1,,,
2.679843750e+2,-6.803125000e-2,1.700000000e+1,,,
2.739531250e+2,-7.196875000e-2,1.300000000e+1,,,
2.720156250e+2,-8.000000000e-2,1.700781250e+1,,,
2.699843750e+2,-6.000000000e-2,1.600000000e+1,,,
2.719531250e+2,-6.000000000e-2,1.500000000e+1,,,
2.720468750e+2,-7.181250000e-2,1.697656250e+1,,,
2.680000000e+2,-6.800000000e-2,1.800000000e+1,,,
2.720468750e+2,-6.003125000e-2,1.700000000e+1,,,
2.719843750e+2,-7.206250000e-2,1.696875000e+1,,,
2.720000000e+2,-7.600000000e-2,1.199218750e+1,,,
2.720156250e+2,-6.800000000e-2,1.498437500e+1,,,
2.720000000e+2,-7.603125000e-2,1.600000000e+1,,,
2.680937500e+2,-6.003125000e-2,1.398437500e+1,,,
2.639062500e+2,-7.196875000e-2,1.400000000e+1,,,
2.720000000e+2,-6.009375000e-2,1.497656250e+1,,,
2.640156250e+2,-6.796875000e-2,1.200000000e+1,,,
2.659687500e+2,-7.203125000e-2,1.500781250e+1,,,
2.679375000e+2,-7.600000000e-2,1.400000000e+1,,,
2.720312500e+2,-7.615625000e-2,1.500000000e+1,,,
2.659062500e+2,-6.803125000e-2,1.500000000e+1,,,
2.660156250e+2,-7.200000000e-2,1.499218750e+1,,,
2.719843750e+2,-8.000000000e-2,1.400000000e+1,,,
2.680000000e+2,-6.800000000e-2,1.400781250e+1,,,
2.720000000e+2,-7.600000000e-2,1.199218750e+1,,,
2.660000000e+2,-7.615625000e-2,1.601562500e+1,,,
2.740000000e+2,-6.390625000e-2,1.400000000e+1,,,
2.660312500e+2,-8.396875000e-2,1.396093750e+1,,,
2.660000000e+2,-6.800000000e-2,1.700000000e+1,,,
2.640000000e+2,-7.596875000e-2,1.200000000e+1,,,
2.659531250e+2,-8.006250000e-2,1.596093750e+1,,,
2.700000000e+2,-7.993750000e-2,1.500781250e+1,,,
2.660156250e+2,-6.409375000e-2,1.402343750e+1,,,
2.699843750e+2,-6.390625000e-2,1.300000000e+1,,,
2.700000000e+2,-7.203125000e-2,1.499218750e+1,,,
2.599375000e+2,-6.800000000e-2,1.299218750e+1,,,
2.600312500e+2,-7.603125000e-2,1.500781250e+1,,,
2.660781250e+2,-7.200000000e-2,1.398437500e+1,,,
2.740000000e+2,-7.200000000e-2,1.400781250e+1,,,
2.680312500e+2,-7.206250000e-2,1.400781250e+1,,,
2.639843750e+2,-6.806250000e-2,1.300000000e+1,,,
2.699843750e+2,-6.400000000e-2,1.400000000e+1,,,
2.661406250e+2,-6.803125000e-2,1.399218750e+1,,,
2.580000000e+2,-7.200000000e-2,1.500000000e+1,,,
2.638593750e+2,-6.800000000e-2,1.400000000e+1,,,
2.660468750e+2,-7.596875000e-2,1.500000000e+1,,,
2.618906250e+2,-7.200000000e-2,1.301562500e+1,,,
2.600937500e+2,-7.200000000e-2,1.300781250e+1,,,
2.680468750e+2,-7.603125000e-2,1.500000000e+1,,,
2.638906250e+2,-7.593750000e-2,1.200000000e+1,,,
2.579062500e+2,-6.806250000e-2,1.501562500e+1,,,
2.580937500e+2,-7.600000000e-2,1.499218750e+1,,,
2.680625000e+2,-6.412500000e-2,1.602343750e+1,,,
2.700468750e+2,-6.793750000e-2,1.299218750e+1,,,
2.640937500e+2,-7.196875000e-2,1.400000000e+1,,,
2.599843750e+2,-7.600000000e-2,1.200000000e+1,,,
2.619843750e+2,-7.200000000e-2,1.402343750e+1,,,
2.619687500e+2,-7.200000000e-2,1.400000000e+1,,,
2.659843750e+2,-7.603125000e-2,1.398437500e+1,,,
2.640000000e+2,-7.193750000e-2,1.499218750e+1,,,
2.659687500e+2,-8.003125000e-2,1.300000000e+1,,,
2.599687500e+2,-6.400000000e-2,1.200000000e+1,,,
2.640625000e+2,-7.603125000e-2,1.100781250e+1,,,
2.659843750e+2,-6.796875000e-2,1.400781250e+1,,,
2.620000000e+2,-6.400000000e-2,1.400000000e+1,,,
2.600000000e+2,-6.784375000e-2,1.200000000e+1,,,
2.640312500e+2,-8.000000000e-2,1.400000000e+1,,,
2.640156250e+2,-7.996875000e-2,1.201562500e+1,,,
2.600156250e+2,-6.806250000e-2,1.298437500e+1,,,
2.600000000e+2,-8.006250000e-2,1.499218750e+1,,,
2.599843750e+2,-6.375000000e-2,1.200000000e+1,,,
2.640000000e+2,-6.012500000e-2,1.397656250e+1,,,
2.600312500e+2,-7.171875000e-2,1.307031250e+1,,,
2.580000000e+2,-7.600000000e-2,1.100000000e+1,,,
2.560000000e+2,-7.200000000e-2,1.200000000e+1,,,
2.620312500e+2,-7.600000000e-2,1.098437500e+1,,,
2.599687500e+2,-6.790625000e-2,1.201562500e+1,,,
2.600156250e+2,-6.812500000e-2,1.300000000e+1,,,
2.599843750e+2,-7.600000000e-2,1.100000000e+1,,,
2.560000000e+2,-6.409375000e-2,1.400000000e+1,,,
2.680000000e+2,-5.603125000e-2,1.200000000e+1,,,
2.560000000e+2,-7.212500000e-2,1.300781250e+1,,,
2.599843750e+2,-8.387500000e-2,1.100000000e+1,,,
2.580000000e+2,-6.787500000e-2,8.984375000e+0,,,
2.600000000e+2,-7.606250000e-2,1.500000000e+1,,,
2.579687500e+2,-8.006250000e-2,1.401562500e+1,,,
2.619687500e+2,-7.593750000e-2,1.000781250e+1,,,
2.559531250e+2,-6.396875000e-2,1.100781250e+1,,,
2.601093750e+2,-6.412500000e-2,1.200781250e+1,,,
2.620312500e+2,-6.790625000e-2,1.300000000e+1,,,
2.619218750e+2,-6.012500000e-2,1.200000000e+1,,,
2.539531250e+2,-7.603125000e-2,1.399218750e+1,,,
2.559218750e+2,-6.806250000e-2,1.101562500e+1,,,
2.560625000e+2,-8.000000000e-2,1.000000000e+1,,,
2.520000000e+2,-7.993750000e-2,1.302343750e+1,,,
2.559218750e+2,-8.387500000e-2,1.299218750e+1,,,
2.639687500e+2,-6.000000000e-2,1.100000000e+1,,,
2.601562500e+2,-7.603125000e-2,9.000000000e+0,,,
2.519375000e+2,-6.818750000e-2,1.097656250e+1,,,
2.600937500e+2,-6.800000000e-2,1.100000000e+1,,,
2.579375000e+2,-7.200000000e-2,1.102343750e+1,,,
2.580000000e+2,-6.800000000e-2,1.299218750e+1,,,
2.579843750e+2,-7.621875000e-2,9.007812500e+0,,,
2.580156250e+2,-7.975000000e-2,1.103906250e+1,,,
2.620000000e+2,-5.596875000e-2,1.300000000e+1,,,
2.580000000e+2,-7.165625000e-2,1.102343750e+1,,,
2.579687500e+2,-6.787500000e-2,1.100000000e+1,,,
2.540000000e+2,-6.406250000e-2,1.100000000e+1,,,
2.600000000e+2,-7.212500000e-2,1.000781250e+1,,,
2.539843750e+2,-7.190625000e-2,1.000000000e+1,,,
2.560000000e+2,-6.806250000e-2,1.000000000e+1,,,
2.580156250e+2,-7.603125000e-2,1.000781250e+1,,,
2.539843750e+2,-7.600000000e-2,1.000000000e+1,,,
2.540312500e+2,-8.403125000e-2,1.201562500e+1,,,
2.560000000e+2,-7.990625000e-2,1.198437500e+1,,,
2.539687500e+2,-6.793750000e-2,9.007812500e+0,,,
2.539687500e+2,-7.206250000e-2,1.200000000e+1,,,
2.520000000e+2,-7.203125000e-2,9.000000000e+0,,,
2.560000000e+2,-7.606250000e-2,1.200000000e+1,,,
2.580000000e+2,-6.800000000e-2,9.000000000e+0,,,
2.580000000e+2,-7.212500000e-2,1.200781250e+1,,,
2.579531250e+2,-7.581250000e-2,8.000000000e+0,,,
2.600312500e+2,-6.006250000e-2,1.200781250e+1,,,
2.501562500e+2,-8.012500000e-2,1.000000000e+1,,,
2.479531250e+2,-6.800000000e-2,1.101562500e+1,,,
2.520781250e+2,-6.003125000e-2,8.007812500e+0,,,
2.560312500e+2,-6.806250000e-2,1.199218750e+1,,,
2.559687500e+2,-7.209375000e-2,9.015625000e+0,,,
2.539687500e+2,-7.600000000e-2,1.100000000e+1,,,
2.540156250e+2,-6.778125000e-2,9.000000000e+0,,,
2.539843750e+2,-5.993750000e-2,9.992187500e+0,,,
2.499062500e+2,-6.400000000e-2,9.000000000e+0,,,
2.459375000e+2,-7.200000000e-2,9.000000000e+0,,,
2.539843750e+2,-6.800000000e-2,6.992187500e+0,,,
2.480000000e+2,-6.006250000e-2,1.101562500e+1,,,
2.519687500e+2,-7.615625000e-2,8.984375000e+0,,,
2.560000000e+2,-7.178125000e-2,1.100000000e+1,,,
2.520781250e+2,-6.403125000e-2,1.100000000e+1,,,
2.499375000e+2,-7.190625000e-2,7.992187500e+0,,,
2.539843750e+2,-6.793750000e-2,9.992187500e+0,,,
2.500156250e+2,-6.812500000e-2,8.000000000e+0,,,
2.539375000e+2,-7.184375000e-2,9.031250000e+0,,,
2.460156250e+2,-5.590625000e-2,1.100781250e+1,,,
2.600000000e+2,-6.412500000e-2,8.000000000e+0,,,
2.499687500e+2,-6.796875000e-2,9.000000000e+0,,,
2.540000000e+2,-7.596875000e-2,9.007812500e+0,,,
2.499687500e+2,-6.796875000e-2,8.007812500e+0,,,
2.480000000e+2,-7.193750000e-2,9.000000000e+0,,,
2.500000000e+2,-6.406250000e-2,1.100781250e+1,,,
2.500000000e+2,-7.615625000e-2,7.031250000e+0,,,
2.439843750e+2,-6.771875000e-2,8.000000000e+0,,,
2.459687500e+2,-6.800000000e-2,1.196875000e+1,,,
2.499687500e+2,-7.593750000e-2,1.003906250e+1,,,
2.520000000e+2,-6.400000000e-2,7.000000000e+0,,,
2.520156250e+2,-7.606250000e-2,9.031250000e+0,,,
2.540000000e+2,-7.206250000e-2,9.000000000e+0,,,
2.478906250e+2,-7.990625000e-2,5.007812500e+0,,,
2.420781250e+2,-6.393750000e-2,9.000000000e+0,,,
2.559062500e+2,-6.750000000e-2,6.000000000e+0,,,
2.481093750e+2,-7.984375000e-2,9.968750000e+0,,,
2.500000000e+2,-8.009375000e-2,9.000000000e+0,,,
2.460312500e+2,-7.209375000e-2,1.000000000e+1,,,
2.499218750e+2,-6.803125000e-2,9.000000000e+0,,,
2.480781250e+2,-6.406250000e-2,1.000000000e+1,,,
2.479375000e+2,-6.778125000e-2,1.000781250e+1,,,
2.500156250e+2,-7.200000000e-2,9.968750000e+0,,,
2.499843750e+2,-6.803125000e-2,1.200781250e+1,,,
2.480156250e+2,-6.403125000e-2,7.960937500e+0,,,
2.539687500e+2,-6.003125000e-2,6.992187500e+0,,,
2.419375000e+2,-6.000000000e-2,9.000000000e+0,,,
2.480312500e+2,-6.400000000e-2,8.000000000e+0,,,
2.520000000e+2,-8.000000000e-2,6.000000000e+0,,,
2.480625000e+2,-6.815625000e-2,7.000000000e+0,,,
2.479531250e+2,-7.196875000e-2,7.000000000e+0,,,
2.500156250e+2,-6.809375000e-2,9.039062500e+0,,,
2.440156250e+2,-6.796875000e-2,1.099218750e+1,,,
2.479218750e+2,-8.000000000e-2,7.984375000e+0,,,
2.500156250e+2,-7.206250000e-2,8.000000000e+0,,,
2.480000000e+2,-7.606250000e-2,6.000000000e+0,,,
2.499687500e+2,-6.406250000e-2,6.992187500e+0,,,
2.460000000e+2,-6.400000000e-2,6.015625000e+0,,,
2.500312500e+2,-6.400000000e-2,1.000000000e+1,,,
2.479687500e+2,-6.800000000e-2,7.992187500e+0,,,
2.440000000e+2,-8.006250000e-2,1.000781250e+1,,,
2.480000000e+2,-6.434375000e-2,8.023437500e+0,,,
2.439687500e+2,-6.790625000e-2,7.000000000e+0,,,
2.419843750e+2,-6.400000000e-2,8.000000000e+0,,,
2.479843750e+2,-5.600000000e-2,7.984375000e+0,,,
2.460000000e+2,-4.809375000e-2,1.098437500e+1,,,
2.520000000e+2,-3.593750000e-2,1.101562500e+1,,,
2.460625000e+2,-2.800000000e-2,1.492968750e+1,,,
2.460000000e+2,-4.531250000e-3,1.802343750e+1,,,
2.460000000e+2,1.971875000e-2,2.207031250e+1,,,
2.460000000e+2,2.409375000e-2,3.104687500e+1,,,
2.460000000e+2,1.200000000e-2,3.498437500e+1,,,
2.480000000e+2,-3.937500000e-3,4.416406250e+1,,,
2.479687500e+2,-8.125000000e-3,5.195312500e+1,,,
2.540000000e+2,-5.378125000e-2,5.600781250e+1,,,
2.540000000e+2,-1.226250000e-1,5.599218750e+1,,,
2.559843750e+2,-2.118750000e-1,5.400000000e+1,,,
2.579843750e+2,-2.795312500e-1,4.700000000e+1,,,
2.580000000e+2,-3.360000000e-1,3.792187500e+1,,,
2.560468750e+2,-3.920000000e-1,2.800000000e+1,,,
2.558593750e+2,-3.840000000e-1,2.000000000e+1,,,
2.660625000e+2,-3.274062500e-1,1.500000000e+1,,,
2.519531250e+2,-2.240000000e-1,1.400000000e+1,,,
2.600312500e+2,-1.192500000e-1,1.599218750e+1,,,
2.498750000e+2,-2.725000000e-2,1.499218750e+1,,,
2.500468750e+2,7.290625000e-2,1.700781250e+1,,,
2.520000000e+2,2.051875000e-1,1.799218750e+1,,,
2.519687500e+2,3.771875000e-1,1.800000000e+1,,,
2.539687500e+2,5.665312500e-1,1.700000000e+1,,,
2.598750000e+2,7.398750000e-1,2.001562500e+1,,,
2.698906250e+2,9.199375000e-1,2.197656250e+1,,,
2.858906250e+2,1.047031250e+0,2.510937500e+1,,,
2.959687500e+2,1.168750000e+0,3.306250000e+1,,,
3.139218750e+2,1.239656250e+0,4.100000000e+1,,,
3.179218750e+2,1.251468750e+0,4.805468750e+1,,,
3.322187500e+2,1.255968750e+0,5.600000000e+1,,,
3.480625000e+2,1.260000000e+0,6.203906250e+1,,,
3.479375000e+2,1.272000000e+0,6.601562500e+1,,,
3.560468750e+2,1.267875000e+0,7.296875000e+1,,,
3.619843750e+2,1.240000000e+0,7.398437500e+1,,,
3.600000000e+2,1.224093750e+0,7.699218750e+1,,,
3.740000000e+2,1.152125000e+0,7.600000000e+1,,,
3.780000000e+2,1.119781250e+0,7.798437500e+1,,,
3.740000000e+2,1.064000000e+0,8.100000000e+1,,,
3.779375000e+2,9.964375000e-1,8.299218750e+1,,,
3.899531250e+2,9.522187500e-1,8.200781250e+1,,,
3.939843750e+2,8.792812500e-1,7.803125000e+1,,,
3.940156250e+2,7.720625000e-1,7.307031250e+1,,,
3.920156250e+2,6.759687500e-1,7.000000000e+1,,,
3.900000000e+2,5.601562500e-1,6.800000000e+1,,,
3.920156250e+2,4.480000000e-1,6.587500000e+1,,,
3.920000000e+2,3.554062500e-1,6.099218750e+1,,,
3.919843750e+2,2.955312500e-1,5.796093750e+1,,,
3.900000000e+2,2.403750000e-1,5.300000000e+1,,,
3.919843750e+2,2.016562500e-1,5.200781250e+1,,,
3.920312500e+2,1.481875000e-1,4.900000000e+1,,,
3.840000000e+2,1.081562500e-1,4.800781250e+1,,,
3.900156250e+2,1.039687500e-1,4.601562500e+1,,,
3.820000000e+2,1.000000000e-1,4.400000000e+1,,,
3.918593750e+2,1.157500000e-1,4.500000000e+1,,,
3.900625000e+2,1.595937500e-1,4.599218750e+1,,,
3.878906250e+2,2.080000000e-1,4.601562500e+1,,,
3.841093750e+2,2.760000000e-1,4.601562500e+1,,,
3.960468750e+2,3.634062500e-1,4.997656250e+1,,,
3.919062500e+2,4.279687500e-1,5.100000000e+1,,,
3.899218750e+2,5.126250000e-1,5.403125000e+1,,,
3.881093750e+2,5.760312500e-1,5.997656250e+1,,,
3.979687500e+2,6.435312500e-1,5.901562500e+1,,,
3.860625000e+2,6.840000000e-1,6.100781250e+1,,,
3.938593750e+2,7.158437500e-1,6.200000000e+1,,,
3.941093750e+2,7.240625000e-1,6.700000000e+1,,,
3.860000000e+2,7.318750000e-1,6.999218750e+1,,,
3.919375000e+2,6.920000000e-1,7.000781250e+1,,,
3.919531250e+2,6.440000000e-1,7.198437500e+1,,,
3.980468750e+2,5.805625000e-1,7.400781250e+1,,,
3.979843750e+2,5.085937500e-1,7.500000000e+1,,,
3.959531250e+2,4.280000000e-1,7.800000000e+1,,,
3.920312500e+2,3.714375000e-1,7.498437500e+1,,,
3.980000000e+2,2.833750000e-1,7.399218750e+1,,,
3.940000000e+2,2.160000000e-1,7.300000000e+1,,,
3.899843750e+2,1.649687500e-1,7.300781250e+1,,,
3.920312500e+2,1.120000000e-1,6.998437500e+1,,,
3.959687500e+2,7.165625000e-2,7.000781250e+1,,,
3.980000000e+2,2.365625000e-2,6.402343750e+1,,,
3.959843750e+2,-7.968750000e-3,6.297656250e+1,,,
3.940000000e+2,-4.431250000e-2,5.900000000e+1,,,
3.960156250e+2,-7.209375000e-2,5.497656250e+1,,,
3.900468750e+2,-9.084375000e-2,5.510937500e+1,,,
3.880000000e+2,-1.278437500e-1,4.901562500e+1,,,
3.920000000e+2,-1.320625000e-1,4.999218750e+1,,,
3.900000000e+2,-1.440625000e-1,4.693750000e+1,,,
3.920000000e+2,-1.438750000e-1,4.803125000e+1,,,
3.879531250e+2,-1.280000000e-1,5.000000000e+1,,,
3.860156250e+2,-1.160312500e-1,4.699218750e+1,,,
3.940000000e+2,-8.818750000e-2,4.900000000e+1,,,
3.880000000e+2,-7.175000000e-2,4.898437500e+1,,,
3.940000000e+2,-2.378125000e-2,5.299218750e+1,,,
3.920000000e+2,-1.606250000e-2,5.300000000e+1,,,
3.920156250e+2,1.653125000e-2,5.797656250e+1,,,
3.900000000e+2,6.421875000e-2,5.800000000e+1,,,
3.919687500e+2,7.543750000e-2,6.198437500e+1,,,
3.940000000e+2,1.081562500e-1,6.199218750e+1,,,
3.919062500e+2,1.440000000e-1,6.400781250e+1,,,
3.880781250e+2,1.600937500e-1,6.500781250e+1,,,
3.960625000e+2,1.801250000e-1,6.598437500e+1,,,
3.919218750e+2,1.922500000e-1,6.900000000e+1,,,
3.899218750e+2,2.080937500e-1,7.000000000e+1,,,
3.877968750e+2,2.040937500e-1,6.801562500e+1,,,
4.019531250e+2,1.800000000e-1,6.500000000e+1,,,
3.900468750e+2,1.639375000e-1,6.803125000e+1,,,
3.879062500e+2,1.400312500e-1,6.899218750e+1,,,
3.939843750e+2,1.119687500e-1,6.700000000e+1,,,
3.880781250e+2,6.362500000e-2,6.600000000e+1,,,
3.879218750e+2,1.665625000e-2,6.500000000e+1,,,
3.900312500e+2,-2.368750000e-2,6.500000000e+1,,,
3.900000000e+2,-6.828125000e-2,6.498437500e+1,,,
3.878750000e+2,-9.631250000e-2,6.097656250e+1,,,
3.800468750e+2,-1.322187500e-1,6.000000000e+1,,,
3.920156250e+2,-1.399062500e-1,6.101562500e+1,,,
3.860000000e+2,-1.481250000e-1,6.098437500e+1,,,
3.940000000e+2,-1.679062500e-1,5.807031250e+1,,,
3.838906250e+2,-1.559062500e-1,5.300000000e+1,,,
3.820000000e+2,-1.396250000e-1,5.500000000e+1,,,
3.900000000e+2,-1.158437500e-1,5.498437500e+1,,,
3.859843750e+2,-1.076250000e-1,5.600000000e+1,,,
3.880000000e+2,-6.737500000e-2,5.300000000e+1,,,
3.860156250e+2,-4.818750000e-2,5.196093750e+1,,,
3.860000000e+2,-3.600000000e-2,5.400000000e+1,,,
3.860312500e+2,1.562500000e-4,5.298437500e+1,,,
3.920156250e+2,3.812500000e-3,5.400781250e+1,,,
3.879375000e+2,1.231250000e-2,5.504687500e+1,,,
3.879531250e+2,3.625000000e-2,5.801562500e+1,,,
3.860156250e+2,4.796875000e-2,5.700000000e+1,,,
3.940000000e+2,4.812500000e-2,5.798437500e+1,,,
3.899843750e+2,4.403125000e-2,6.100781250e+1,,,
3.920000000e+2,5.609375000e-2,6.103125000e+1,,,
3.880312500e+2,5.996875000e-2,5.998437500e+1,,,
3.879843750e+2,5.593750000e-2,6.400781250e+1,,,
3.900625000e+2,4.793750000e-2,6.301562500e+1,,,
3.839843750e+2,3.600000000e-2,6.599218750e+1,,,
3.900625000e+2,3.609375000e-2,6.600000000e+1,,,
3.838437500e+2,4.000000000e-2,6.800000000e+1,,,
3.820625000e+2,3.181250000e-2,6.603906250e+1,,,
3.900156250e+2,2.403125000e-2,6.500000000e+1,,,
3.839218750e+2,1.950000000e-2,6.700000000e+1,,,
3.860156250e+2,-4.375000000e-3,6.504687500e+1,,,
3.839843750e+2,0.000000000e+0,6.199218750e+1,,,
3.859531250e+2,-1.200000000e-2,6.300000000e+1,,,
3.880468750e+2,-3.600000000e-2,5.900000000e+1,,,
3.839843750e+2,-3.993750000e-2,6.199218750e+1,,,
3.920312500e+2,-5.618750000e-2,5.697656250e+1,,,
3.760625000e+2,-7.250000000e-2,5.800000000e+1,,,
3.858750000e+2,-8.406250000e-2,5.600000000e+1,,,
3.821406250e+2,-9.165625000e-2,5.800000000e+1,,,
3.800781250e+2,-1.040000000e-1,5.600781250e+1,,,
3.900781250e+2,-1.040312500e-1,5.800000000e+1,,,
3.879531250e+2,-1.079687500e-1,5.900781250e+1,,,
3.859687500e+2,-9.996875000e-2,5.900781250e+1,,,
3.820000000e+2,-9.587500000e-2,5.600000000e+1,,,
3.819843750e+2,-7.612500000e-2,5.399218750e+1,,,
3.799843750e+2,-6.796875000e-2,5.497656250e+1,,,
3.800312500e+2,-4.762500000e-2,5.602343750e+1,,,
3.880000000e+2,-2.359375000e-2,5.400000000e+1,,,
3.860000000e+2,5.937500000e-4,5.798437500e+1,,,
3.820000000e+2,2.087500000e-2,5.800781250e+1,,,
3.879843750e+2,4.437500000e-2,6.000000000e+1,,,
3.779843750e+2,4.800000000e-2,6.000781250e+1,,,
3.919531250e+2,5.996875000e-2,6.000781250e+1,,,
3.880000000e+2,5.200000000e-2,6.000000000e+1,,,
3.899843750e+2,6.009375000e-2,6.202343750e+1,,,
3.860000000e+2,5.987500000e-2,6.400000000e+1,,,
3.920156250e+2,5.187500000e-2,6.099218750e+1,,,
3.900000000e+2,5.212500000e-2,6.400000000e+1,,,
3.920468750e+2,5.653125000e-2,6.300000000e+1,,,
3.860625000e+2,2.843750000e-2,6.401562500e+1,,,
3.879531250e+2,1.990625000e-2,6.100000000e+1,,,
3.899687500e+2,1.996875000e-2,6.200000000e+1,,,
3.920000000e+2,1.212500000e-2,6.200781250e+1,,,
3.863125000e+2,-3.937500000e-3,6.300000000e+1,,,
3.797968750e+2,3.812500000e-3,6.499218750e+1,,,
3.920156250e+2,6.250000000e-5,6.400781250e+1,,,
3.839843750e+2,0.000000000e+0,6.301562500e+1,,,
3.900000000e+2,-4.000000000e-3,5.997656250e+1,,,
3.859843750e+2,-3.125000000e-5,5.800000000e+1,,,
3.880468750e+2,4.000000000e-3,6.000000000e+1,,,
3.899843750e+2,1.200000000e-2,5.700000000e+1,,,
3.860000000e+2,2.378125000e-2,5.602343750e+1,,,
3.821093750e+2,2.018750000e-2,5.600000000e+1,,,
3.779531250e+2,1.590625000e-2,5.798437500e+1,,,
3.879531250e+2,2.796875000e-2,5.394531250e+1,,,
3.880312500e+2,2.796875000e-2,5.401562500e+1,,,
3.880000000e+2,3.603125000e-2,5.799218750e+1,,,
3.860781250e+2,3.581250000e-2,5.600000000e+1,,,
3.820468750e+2,5.171875000e-2,6.000000000e+1,,,
3.900781250e+2,6.009375000e-2,5.996875000e+1,,,
3.879687500e+2,5.993750000e-2,5.800000000e+1,,,
3.820312500e+2,7.600000000e-2,6.000000000e+1,,,
3.900000000e+2,8.000000000e-2,5.999218750e+1,,,
3.840156250e+2,9.190625000e-2,6.100781250e+1,,,
3.840000000e+2,1.037812500e-1,6.100000000e+1,,,
3.859843750e+2,1.040000000e-1,6.000000000e+1,,,
3.819687500e+2,1.200000000e-1,5.900781250e+1,,,
3.919843750e+2,1.280000000e-1,6.298437500e+1,,,
3.860000000e+2,1.279687500e-1,6.200000000e+1,,,
3.899687500e+2,1.360625000e-1,6.299218750e+1,,,
3.940625000e+2,1.440000000e-1,5.999218750e+1,,,
3.840000000e+2,1.362812500e-1,6.300000000e+1,,,
3.839843750e+2,1.239375000e-1,6.101562500e+1,,,
3.880156250e+2,1.320312500e-1,6.399218750e+1,,,
3.879687500e+2,1.160000000e-1,5.897656250e+1,,,
3.839843750e+2,1.240000000e-1,6.000781250e+1,,,
3.840000000e+2,1.160937500e-1,5.800781250e+1,,,
3.820000000e+2,1.080625000e-1,5.699218750e+1,,,
3.820000000e+2,1.080625000e-1,6.001562500e+1,,,
3.839843750e+2,1.000000000e-1,6.200000000e+1,,,
3.839687500e+2,1.000000000e-1,5.900000000e+1,,,
3.919687500e+2,9.600000000e-2,6.100000000e+1,,,
3.900781250e+2,9.200000000e-2,6.000000000e+1,,,
3.879687500e+2,9.600000000e-2,5.900000000e+1,,,
3.919375000e+2,9.584375000e-2,5.998437500e+1,,,
3.898437500e+2,1.040000000e-1,5.999218750e+1,,,
3.800156250e+2,1.120625000e-1,5.900781250e+1,,,
3.900781250e+2,1.240625000e-1,5.799218750e+1,,,
3.859687500e+2,1.320000000e-1,5.800781250e+1,,,
3.879687500e+2,1.280312500e-1,5.999218750e+1,,,
3.819687500e+2,1.399375000e-1,5.900000000e+1,,,
3.858906250e+2,1.600000000e-1,6.000781250e+1,,,
3.900000000e+2,1.520312500e-1,5.898437500e+1,,,
3.860312500e+2,1.639687500e-1,5.699218750e+1,,,
3.820000000e+2,1.560000000e-1,5.803125000e+1,,,
3.859687500e+2,1.600000000e-1,6.001562500e+1,,,
3.880000000e+2,1.600000000e-1,6.200000000e+1,,,
3.899375000e+2,1.557500000e-1,5.998437500e+1,,,
3.940781250e+2,1.680000000e-1,5.900000000e+1,,,
3.959531250e+2,1.560000000e-1,6.000781250e+1,,,
3.840000000e+2,1.600000000e-1,6.202343750e+1,,,
3.940156250e+2,1.599687500e-1,6.301562500e+1,,,
3.880468750e+2,1.560000000e-1,5.799218750e+1,,,
3.800000000e+2,1.560000000e-1,6.504687500e+1,,,
3.920000000e+2,1.520000000e-1,6.300000000e+1,,,
3.880312500e+2,1.559062500e-1,5.999218750e+1,,,
3.839843750e+2,1.600000000e-1,6.100000000e+1,,,
3.900000000e+2,1.520312500e-1,6.000000000e+1,,,
3.839843750e+2,1.521250000e-1,6.099218750e+1,,,
3.900000000e+2,1.639687500e-1,6.099218750e+1,,,
3.820625000e+2,1.481250000e-1,6.198437500e+1,,,
3.859531250e+2,1.439375000e-1,6.200000000e+1,,,
3.940000000e+2,1.439375000e-1,6.097656250e+1,,,
3.879062500e+2,1.440000000e-1,5.999218750e+1,,,
3.840312500e+2,1.359687500e-1,6.101562500e+1,,,
3.879843750e+2,1.400000000e-1,5.996093750e+1,,,
3.840312500e+2,1.400312500e-1,5.697656250e+1,,,
3.920000000e+2,1.318750000e-1,5.695312500e+1,,,
3.820312500e+2,1.400312500e-1,6.097656250e+1,,,
3.839843750e+2,1.279687500e-1,6.100000000e+1,,,
3.840156250e+2,1.440312500e-1,6.002343750e+1,,,
3.839531250e+2,1.360000000e-1,5.499218750e+1,,,
3.860781250e+2,1.400000000e-1,6.000000000e+1,,,
3.780781250e+2,1.319375000e-1,5.902343750e+1,,,
3.800468750e+2,1.480000000e-1,5.898437500e+1,,,
3.821093750e+2,1.480000000e-1,5.899218750e+1,,,
3.879687500e+2,1.560312500e-1,5.699218750e+1,,,
3.819843750e+2,1.639062500e-1,6.000000000e+1,,,
3.880625000e+2,1.519062500e-1,5.700781250e+1,,,
3.859531250e+2,1.601250000e-1,6.199218750e+1,,,
3.860156250e+2,1.641250000e-1,5.807031250e+1,,,
3.879843750e+2,1.559687500e-1,5.800000000e+1,,,
3.860312500e+2,1.719375000e-1,5.900000000e+1,,,
3.840312500e+2,1.719375000e-1,6.100000000e+1,,,
3.819843750e+2,1.559375000e-1,6.098437500e+1,,,
3.839687500e+2,1.560000000e-1,6.100000000e+1,,,
3.840156250e+2,1.599062500e-1,6.199218750e+1,,,
3.840625000e+2,1.640625000e-1,6.099218750e+1,,,
3.879218750e+2,1.520625000e-1,6.000000000e+1,,,
3.780000000e+2,1.480000000e-1,6.000000000e+1,,,
3.900781250e+2,1.480000000e-1,6.000000000e+1,,,
3.859687500e+2,1.479687500e-1,6.099218750e+1,,,
3.820000000e+2,1.440000000e-1,5.900000000e+1,,,
3.860312500e+2,1.359687500e-1,6.000000000e+1,,,
3.899375000e+2,1.440000000e-1,5.899218750e+1,,,
3.800156250e+2,1.440000000e-1,5.899218750e+1,,,
3.859843750e+2,1.439375000e-1,5.900000000e+1,,,
3.819843750e+2,1.400000000e-1,5.801562500e+1,,,
3.820000000e+2,1.481250000e-1,6.300000000e+1,,,
3.800000000e+2,1.519375000e-1,6.001562500e+1,,,
3.800156250e+2,1.479062500e-1,6.102343750e+1,,,
3.800000000e+2,1.559687500e-1,5.800000000e+1,,,
3.880000000e+2,1.559687500e-1,6.100000000e+1,,,
3.918906250e+2,1.519687500e-1,5.793750000e+1,,,
3.820000000e+2,1.479687500e-1,5.802343750e+1,,,
3.900312500e+2,1.479375000e-1,5.800000000e+1,,,
3.819687500e+2,1.478437500e-1,5.500000000e+1,,,
3.820000000e+2,1.679687500e-1,5.900000000e+1,,,
3.840000000e+2,1.519375000e-1,5.999218750e+1,,,
3.880000000e+2,1.520000000e-1,5.997656250e+1,,,
3.900000000e+2,1.520000000e-1,5.900000000e+1,,,
3.880312500e+2,1.561250000e-1,6.300000000e+1,,,
3.879687500e+2,1.639687500e-1,5.900000000e+1,,,
3.899843750e+2,1.520625000e-1,5.900000000e+1,,,
3.879218750e+2,1.600625000e-1,5.898437500e+1,,,
3.860312500e+2,1.640000000e-1,6.300781250e+1,,,
3.900312500e+2,1.720312500e-1,6.098437500e+1,,,
3.879531250e+2,1.720000000e-1,6.000000000e+1,,,
3.859531250e+2,1.718750000e-1,6.100000000e+1,,,
3.819687500e+2,1.640000000e-1,6.102343750e+1,,,
3.838906250e+2,1.719375000e-1,5.800000000e+1,,,
3.880156250e+2,1.720000000e-1,6.000000000e+1,,,
3.840000000e+2,1.760312500e-1,5.698437500e+1,,,
3.879843750e+2,1.598750000e-1,5.900781250e+1,,,
3.860000000e+2,1.560312500e-1,6.000000000e+1,,,
3.880312500e+2,1.640625000e-1,6.200000000e+1,,,
3.839531250e+2,1.720625000e-1,5.899218750e+1,,,
3.900312500e+2,1.600312500e-1,6.200000000e+1,,,
3.859375000e+2,1.600000000e-1,5.796093750e+1,,,
3.880781250e+2,1.638750000e-1,5.901562500e+1,,,
3.919531250e+2,1.520312500e-1,6.199218750e+1,,,
3.860000000e+2,1.680937500e-1,6.097656250e+1,,,
3.919843750e+2,1.599062500e-1,5.899218750e+1,,,
3.840000000e+2,1.600000000e-1,5.898437500e+1,,,
3.820312500e+2,1.560000000e-1,5.900000000e+1,,,
3.860000000e+2,1.681562500e-1,5.800000000e+1,,,
3.860000000e+2,1.720937500e-1,5.800781250e+1,,,
3.900156250e+2,1.800000000e-1,5.700000000e+1,,,
3.920000000e+2,1.759375000e-1,5.900000000e+1,,,
3.900781250e+2,1.800625000e-1,5.603906250e+1,,,
3.819687500e+2,1.840000000e-1,5.800000000e+1,,,
3.820625000e+2,1.760000000e-1,6.100000000e+1,,,
3.880312500e+2,1.840312500e-1,5.999218750e+1,,,
3.859218750e+2,1.799375000e-1,5.903906250e+1,,,
3.860937500e+2,1.799375000e-1,6.200000000e+1,,,
3.920000000e+2,1.719375000e-1,5.900781250e+1,,,
3.880000000e+2,1.758437500e-1,5.999218750e+1,,,
3.880000000e+2,1.840000000e-1,6.100000000e+1,,,
3.880000000e+2,1.799687500e-1,6.000781250e+1,,,
3.880156250e+2,1.963125000e-1,5.999218750e+1,,,
3.860000000e+2,2.037500000e-1,6.099218750e+1,,,
3.879843750e+2,1.758750000e-1,5.800000000e+1,,,
3.860312500e+2,1.800000000e-1,6.196875000e+1,,,
3.839218750e+2,1.759062500e-1,6.096875000e+1,,,
3.820312500e+2,1.760625000e-1,5.999218750e+1,,,
3.860000000e+2,1.880937500e-1,6.199218750e+1,,,
3.840156250e+2,1.838750000e-1,6.000000000e+1,,,
3.880468750e+2,1.841250000e-1,5.899218750e+1,,,
3.858906250e+2,1.922187500e-1,6.100781250e+1,,,
3.800156250e+2,1.960000000e-1,5.801562500e+1,,,
3.879375000e+2,1.880000000e-1,5.900000000e+1,,,
3.880312500e+2,1.920000000e-1,5.799218750e+1,,,
3.860156250e+2,1.880000000e-1,6.099218750e+1,,,
3.839843750e+2,1.919375000e-1,5.797656250e+1,,,
3.899218750e+2,1.839687500e-1,6.000000000e+1,,,
3.900625000e+2,1.920625000e-1,6.100000000e+1,,,
3.860156250e+2,1.880937500e-1,5.899218750e+1,,,
3.880000000e+2,1.879687500e-1,6.198437500e+1,,,
3.860000000e+2,1.798750000e-1,6.000000000e+1,,,
3.900468750e+2,1.802500000e-1,5.902343750e+1,,,
3.899687500e+2,1.960000000e-1,6.199218750e+1,,,
3.840000000e+2,1.839062500e-1,5.900000000e+1,,,
3.900000000e+2,1.919687500e-1,5.800000000e+1,,,
3.859531250e+2,1.919375000e-1,5.898437500e+1,,,
3.800156250e+2,1.920937500e-1,6.000000000e+1,,,
3.920000000e+2,1.999687500e-1,5.900000000e+1,,,
3.920000000e+2,1.962187500e-1,5.899218750e+1,,,
3.840000000e+2,2.163437500e-1,5.999218750e+1,,,
3.840000000e+2,2.118125000e-1,6.000000000e+1,,,
3.839687500e+2,2.120000000e-1,6.000781250e+1,,,
3.899843750e+2,2.079375000e-1,5.901562500e+1,,,
3.880000000e+2,1.999687500e-1,5.800000000e+1,,,
3.820156250e+2,2.040625000e-1,6.002343750e+1,,,
3.880312500e+2,2.079687500e-1,6.200000000e+1,,,
3.859687500e+2,2.040000000e-1,6.000000000e+1,,,
3.860000000e+2,2.080000000e-1,6.200000000e+1,,,
3.860156250e+2,2.041875000e-1,6.000000000e+1,,,
3.859218750e+2,2.039062500e-1,5.896093750e+1,,,
3.900625000e+2,2.079687500e-1,6.300000000e+1,,,
3.819531250e+2,2.041250000e-1,6.098437500e+1,,,
3.899843750e+2,1.999687500e-1,5.899218750e+1,,,
3.839375000e+2,2.117187500e-1,6.100000000e+1,,,
3.939375000e+2,2.162187500e-1,6.099218750e+1,,,
3.839062500e+2,2.080937500e-1,6.103125000e+1,,,
3.860156250e+2,2.079687500e-1,5.800000000e+1,,,
3.900156250e+2,2.040000000e-1,5.998437500e+1,,,
3.919687500e+2,2.039062500e-1,5.698437500e+1,,,
3.839843750e+2,2.240000000e-1,6.300000000e+1,,,
3.900156250e+2,2.280000000e-1,6.300000000e+1,,,
3.900000000e+2,2.161562500e-1,6.007031250e+1,,,
3.819531250e+2,2.198750000e-1,5.800000000e+1,,,
3.919843750e+2,2.200937500e-1,5.903125000e+1,,,
3.879687500e+2,2.120312500e-1,5.996875000e+1,,,
3.979843750e+2,2.199375000e-1,5.800781250e+1,,,
3.861718750e+2,2.279687500e-1,6.200000000e+1,,,
3.839062500e+2,2.319375000e-1,5.800000000e+1,,,
3.900000000e+2,2.320312500e-1,6.000000000e+1,,,
3.860156250e+2,2.280937500e-1,5.999218750e+1,,,
3.920000000e+2,2.199687500e-1,6.102343750e+1,,,
3.859843750e+2,2.320000000e-1,6.200000000e+1,,,
3.900000000e+2,2.280000000e-1,5.799218750e+1,,,
3.860312500e+2,2.239375000e-1,6.103125000e+1,,,
3.800000000e+2,2.320000000e-1,6.002343750e+1,,,
3.880156250e+2,2.240625000e-1,5.900000000e+1,,,
3.840000000e+2,2.320000000e-1,6.000781250e+1,,,
3.859687500e+2,2.400000000e-1,6.200000000e+1,,,
3.920000000e+2,2.240625000e-1,6.000000000e+1,,,
3.780000000e+2,2.240625000e-1,6.100781250e+1,,,
3.898750000e+2,2.440000000e-1,6.201562500e+1,,,
3.860000000e+2,2.321875000e-1,5.999218750e+1,,,
3.840156250e+2,2.357500000e-1,6.000781250e+1,,,
3.800000000e+2,2.440625000e-1,5.999218750e+1,,,
3.840468750e+2,2.320000000e-1,5.900000000e+1,,,
3.859843750e+2,2.400000000e-1,6.104687500e+1,,,
3.819843750e+2,2.320937500e-1,6.200000000e+1,,,
3.900000000e+2,2.316875000e-1,6.000781250e+1,,,
3.779843750e+2,2.439062500e-1,5.999218750e+1,,,
3.879531250e+2,2.400000000e-1,5.900000000e+1,,,
3.880625000e+2,2.400312500e-1,5.900000000e+1,,,
3.840000000e+2,2.280000000e-1,5.800000000e+1,,,
3.860156250e+2,2.400000000e-1,6.000000000e+1,,,
3.838906250e+2,2.560000000e-1,6.000000000e+1,,,
3.940312500e+2,2.324687500e-1,5.700781250e+1,,,
3.819218750e+2,2.360000000e-1,6.001562500e+1,,,
3.880312500e+2,2.360312500e-1,6.199218750e+1,,,
3.839843750e+2,2.480625000e-1,6.099218750e+1,,,
3.900781250e+2,2.520000000e-1,6.099218750e+1,,,
3.899062500e+2,2.519687500e-1,5.900000000e+1,,,
3.840156250e+2,2.480312500e-1,6.100000000e+1,,,
3.880000000e+2,2.439687500e-1,5.798437500e+1,,,
3.820625000e+2,2.518750000e-1,5.900000000e+1,,,
3.839843750e+2,2.600312500e-1,5.901562500e+1,,,
3.859843750e+2,2.480312500e-1,6.200000000e+1,,,
3.880468750e+2,2.480000000e-1,5.999218750e+1,,,
3.800000000e+2,2.519687500e-1,6.100000000e+1,,,
3.859531250e+2,2.557500000e-1,5.899218750e+1,,,
3.819531250e+2,2.600312500e-1,6.000000000e+1,,,
3.840000000e+2,2.480000000e-1,6.100000000e+1,,,
3.839375000e+2,2.600000000e-1,5.998437500e+1,,,
3.800156250e+2,2.479375000e-1,5.900000000e+1,,,
3.880000000e+2,2.480000000e-1,5.998437500e+1,,,
3.800000000e+2,2.560000000e-1,6.198437500e+1,,,
3.840000000e+2,2.599375000e-1,5.900000000e+1,,,
3.840156250e+2,2.720000000e-1,6.100000000e+1,,,
3.799843750e+2,2.640000000e-1,5.800000000e+1,,,
3.879843750e+2,2.639687500e-1,6.098437500e+1,,,
3.839687500e+2,2.680625000e-1,6.101562500e+1,,,
3.939843750e+2,2.679375000e-1,5.900781250e+1,,,
3.860312500e+2,2.560625000e-1,5.898437500e+1,,,
3.900000000e+2,2.599062500e-1,6.000000000e+1,,,
3.840000000e+2,2.679375000e-1,6.103906250e+1,,,
3.860156250e+2,2.680000000e-1,6.296093750e+1,,,
3.860156250e+2,2.599375000e-1,5.796093750e+1,,,
3.879687500e+2,2.560312500e-1,5.803125000e+1,,,
3.840156250e+2,2.679375000e-1,6.000781250e+1,,,
3.900000000e+2,2.680312500e-1,6.000781250e+1,,,
3.840156250e+2,2.680000000e-1,5.999218750e+1,,,
3.860000000e+2,2.679687500e-1,6.100000000e+1,,,
3.820625000e+2,2.720000000e-1,6.000000000e+1,,,
3.819375000e+2,2.720000000e-1,5.999218750e+1,,,
3.879062500e+2,2.719687500e-1,6.100000000e+1,,,
3.899531250e+2,2.759375000e-1,6.100781250e+1,,,
3.899062500e+2,2.760000000e-1,6.000781250e+1,,,
3.839687500e+2,2.720000000e-1,6.000000000e+1,,,
3.860156250e+2,2.719687500e-1,6.100000000e+1,,,
3.819531250e+2,2.680312500e-1,5.900000000e+1,,,
3.820156250e+2,2.760625000e-1,6.002343750e+1,,,
3.840625000e+2,2.718750000e-1,6.200000000e+1,,,
3.879375000e+2,2.679062500e-1,6.005468750e+1,,,
3.819687500e+2,2.799062500e-1,5.799218750e+1,,,
3.919062500e+2,2.800312500e-1,5.800000000e+1,,,
3.881406250e+2,2.720000000e-1,6.400000000e+1,,,
3.819687500e+2,2.800000000e-1,6.092968750e+1,,,
3.879375000e+2,2.760000000e-1,5.899218750e+1,,,
3.841093750e+2,2.598750000e-1,6.001562500e+1,,,
3.799375000e+2,2.878750000e-1,5.600000000e+1,,,
3.780156250e+2,2.720312500e-1,6.000000000e+1,,,
3.840625000e+2,2.800000000e-1,5.900000000e+1,,,
3.879687500e+2,2.719687500e-1,6.199218750e+1,,,
3.839843750e+2,2.720625000e-1,5.799218750e+1,,,
3.860000000e+2,2.920000000e-1,6.000000000e+1,,,
3.900000000e+2,2.841562500e-1,6.098437500e+1,,,
3.879843750e+2,2.800000000e-1,6.300781250e+1,,,
3.880156250e+2,2.840937500e-1,6.301562500e+1,,,
3.839687500e+2,3.040312500e-1,6.001562500e+1,,,
3.940000000e+2,2.878125000e-1,5.900000000e+1,,,
3.860468750e+2,2.800000000e-1,6.000000000e+1,,,
3.800000000e+2,2.840937500e-1,6.000000000e+1,,,
3.839843750e+2,2.879687500e-1,6.098437500e+1,,,
3.820000000e+2,2.880000000e-1,6.199218750e+1,,,
3.860000000e+2,2.879687500e-1,6.298437500e+1,,,
3.840625000e+2,2.840000000e-1,5.792968750e+1,,,
3.919687500e+2,2.880937500e-1,5.802343750e+1,,,
3.819531250e+2,2.960625000e-1,6.000000000e+1,,,
3.880312500e+2,3.000312500e-1,6.000000000e+1,,,
3.920000000e+2,2.920312500e-1,6.100000000e+1,,,
3.840000000e+2,2.920000000e-1,6.099218750e+1,,,
3.900000000e+2,2.959687500e-1,6.200000000e+1,,,
3.820156250e+2,2.878437500e-1,6.100000000e+1,,,
3.839843750e+2,2.841250000e-1,6.000000000e+1,,,
3.819843750e+2,2.960000000e-1,6.000000000e+1,,,
3.859843750e+2,2.880312500e-1,6.100781250e+1,,,
3.860156250e+2,2.919375000e-1,5.700781250e+1,,,
3.879843750e+2,2.880937500e-1,5.901562500e+1,,,
3.860156250e+2,3.080625000e-1,6.100781250e+1,,,
3.900312500e+2,2.957812500e-1,6.100000000e+1,,,
3.879531250e+2,2.961875000e-1,6.000000000e+1,,,
3.880468750e+2,3.080937500e-1,6.100000000e+1,,,
3.920000000e+2,3.041875000e-1,5.800781250e+1,,,
3.880312500e+2,2.880000000e-1,5.800000000e+1,,,
3.880312500e+2,3.039375000e-1,5.800000000e+1,,,
3.799843750e+2,2.918750000e-1,6.001562500e+1,,,
3.899062500e+2,2.960937500e-1,6.200000000e+1,,,
3.881562500e+2,3.040312500e-1,6.000000000e+1,,,
3.798906250e+2,3.041250000e-1,6.298437500e+1,,,
3.921718750e+2,2.999687500e-1,6.001562500e+1,,,
3.919375000e+2,3.120625000e-1,5.900781250e+1,,,
3.899531250e+2,3.157812500e-1,5.899218750e+1,,,
3.880156250e+2,2.959062500e-1,5.799218750e+1,,,
3.900000000e+2,3.082187500e-1,5.999218750e+1,,,
3.880000000e+2,3.120000000e-1,5.800000000e+1,,,
3.900000000e+2,3.081562500e-1,6.097656250e+1,,,
3.879375000e+2,2.959062500e-1,5.900000000e+1,,,
3.840000000e+2,2.962187500e-1,5.700000000e+1,,,
3.920000000e+2,3.122187500e-1,6.000000000e+1,,,
3.859843750e+2,3.160625000e-1,5.700000000e+1,,,
3.900000000e+2,3.198437500e-1,5.900000000e+1,,,
3.840625000e+2,3.079687500e-1,6.101562500e+1,,,
3.840000000e+2,3.160000000e-1,6.000000000e+1,,,
3.839687500e+2,3.119687500e-1,6.098437500e+1,,,
3.840781250e+2,3.120625000e-1,5.800000000e+1,,,
3.920312500e+2,3.159062500e-1,6.103125000e+1,,,
3.858750000e+2,3.079687500e-1,5.996875000e+1,,,
3.839843750e+2,3.160625000e-1,5.999218750e+1,,,
3.840000000e+2,3.199375000e-1,6.200781250e+1,,,
3.900156250e+2,3.239687500e-1,5.799218750e+1,,,
3.880156250e+2,3.158437500e-1,6.097656250e+1,,,
3.840000000e+2,3.122500000e-1,6.000000000e+1,,,
3.859843750e+2,3.318750000e-1,5.999218750e+1,,,
3.880468750e+2,3.038437500e-1,5.900000000e+1,,,
3.839843750e+2,3.200000000e-1,5.998437500e+1,,,
3.880468750e+2,3.279687500e-1,6.100000000e+1,,,
3.838906250e+2,3.239062500e-1,6.100000000e+1,,,
3.820312500e+2,3.200625000e-1,6.097656250e+1,,,
3.880468750e+2,3.280625000e-1,6.200000000e+1,,,
3.859687500e+2,3.237187500e-1,5.800781250e+1,,,
3.859218750e+2,3.202187500e-1,5.896093750e+1,,,
3.821093750e+2,3.320000000e-1,6.001562500e+1,,,
3.959375000e+2,3.200000000e-1,5.800000000e+1,,,
3.881718750e+2,3.240000000e-1,5.897656250e+1,,,
3.839843750e+2,3.360000000e-1,6.296875000e+1,,,
3.900000000e+2,3.319687500e-1,5.696875000e+1,,,
3.840937500e+2,3.318437500e-1,6.000000000e+1,,,
3.819375000e+2,3.200312500e-1,6.100000000e+1,,,
3.860000000e+2,3.355937500e-1,5.900000000e+1,,,
3.819687500e+2,3.358437500e-1,6.000000000e+1,,,
3.860937500e+2,3.239687500e-1,5.900000000e+1,,,
3.899687500e+2,3.362187500e-1,6.100000000e+1,,,
3.860000000e+2,3.400000000e-1,5.901562500e+1,,,
3.900000000e+2,3.399062500e-1,5.900000000e+1,,,
3.879687500e+2,3.320312500e-1,5.999218750e+1,,,
3.819843750e+2,3.320000000e-1,5.700000000e+1,,,
3.840156250e+2,3.362812500e-1,5.899218750e+1,,,
3.860000000e+2,3.520312500e-1,5.700000000e+1,,,
3.860000000e+2,3.396875000e-1,5.800000000e+1,,,
3.840000000e+2,3.360937500e-1,5.701562500e+1,,,
3.840000000e+2,3.357812500e-1,5.800000000e+1,,,
3.859843750e+2,3.320000000e-1,6.196875000e+1,,,
3.879843750e+2,3.480000000e-1,6.003125000e+1,,,
3.900000000e+2,3.359687500e-1,5.799218750e+1,,,
3.858906250e+2,3.400625000e-1,5.801562500e+1,,,
3.781093750e+2,3.400000000e-1,6.000000000e+1,,,
3.919531250e+2,3.398750000e-1,6.000000000e+1,,,
3.739531250e+2,3.360000000e-1,6.200000000e+1,,,
3.897812500e+2,3.515625000e-1,6.200000000e+1,,,
3.842187500e+2,3.520937500e-1,5.802343750e+1,,,
3.780312500e+2,3.480312500e-1,5.900000000e+1,,,
3.816718750e+2,3.479687500e-1,5.900000000e+1,,,
3.940937500e+2,3.480937500e-1,5.999218750e+1,,,
3.783437500e+2,3.474687500e-1,6.000000000e+1,,,
3.796875000e+2,3.758750000e-1,5.899218750e+1,,,
3.880156250e+2,3.562500000e-1,6.098437500e+1,,,
3.859843750e+2,3.599375000e-1,6.000000000e+1,,,
3.840156250e+2,3.520000000e-1,6.000000000e+1,,,
3.899843750e+2,3.559375000e-1,6.000000000e+1,,,
3.819375000e+2,3.640000000e-1,6.000000000e+1,,,
3.840156250e+2,3.440000000e-1,6.100000000e+1,,,
3.880000000e+2,3.557500000e-1,6.103906250e+1,,,
3.800937500e+2,3.480625000e-1,6.000000000e+1,,,
3.819531250e+2,3.558437500e-1,6.198437500e+1,,,
3.859687500e+2,3.600625000e-1,5.897656250e+1,,,
3.899843750e+2,3.520000000e-1,6.101562500e+1,,,
3.861250000e+2,3.560000000e-1,6.299218750e+1,,,
3.800000000e+2,3.520312500e-1,6.100000000e+1,,,
3.882031250e+2,3.636562500e-1,6.100000000e+1,,,
3.979531250e+2,3.721250000e-1,6.100000000e+1,,,
3.879687500e+2,3.520312500e-1,6.097656250e+1,,,
3.900156250e+2,3.640000000e-1,6.000000000e+1,,,
3.859843750e+2,3.600000000e-1,6.400000000e+1,,,
3.879843750e+2,3.599375000e-1,5.893750000e+1,,,
3.880000000e+2,3.679062500e-1,5.896875000e+1,,,
3.820000000e+2,3.640625000e-1,6.100000000e+1,,,
3.880000000e+2,3.640000000e-1,6.099218750e+1,,,
3.820000000e+2,3.680000000e-1,6.000781250e+1,,,
3.880000000e+2,3.719687500e-1,5.799218750e+1,,,
3.860156250e+2,3.760000000e-1,6.200781250e+1,,,
3.840156250e+2,3.720000000e-1,6.098437500e+1,,,
3.820000000e+2,3.601250000e-1,6.298437500e+1,,,
3.799843750e+2,3.637500000e-1,5.800000000e+1,,,
3.840000000e+2,3.759062500e-1,6.300781250e+1,,,
3.820000000e+2,3.760000000e-1,5.995312500e+1,,,
3.900312500e+2,3.720000000e-1,6.005468750e+1,,,
3.920000000e+2,3.760000000e-1,6.300000000e+1,,,
3.900000000e+2,3.680937500e-1,6.005468750e+1,,,
3.759531250e+2,3.719062500e-1,5.600000000e+1,,,
3.799531250e+2,3.759062500e-1,6.100000000e+1,,,
3.859843750e+2,3.840000000e-1,5.900000000e+1,,,
3.860000000e+2,3.720000000e-1,6.100781250e+1,,,
3.859531250e+2,3.680000000e-1,6.100000000e+1,,,
3.899687500e+2,3.720000000e-1,6.100000000e+1,,,
3.861093750e+2,3.834375000e-1,6.000000000e+1,,,
3.800156250e+2,3.880000000e-1,6.200781250e+1,,,
3.860781250e+2,3.679687500e-1,6.300000000e+1,,,
3.859375000e+2,3.800625000e-1,6.196875000e+1,,,
3.840156250e+2,3.880000000e-1,5.900000000e+1,,,
3.880312500e+2,3.839687500e-1,6.198437500e+1,,,
3.879687500e+2,3.800000000e-1,6.201562500e+1,,,
3.898906250e+2,3.760000000e-1,5.798437500e+1,,,
3.960625000e+2,3.799062500e-1,5.900781250e+1,,,
3.860312500e+2,3.840625000e-1,5.998437500e+1,,,
3.880156250e+2,3.759687500e-1,6.003906250e+1,,,
3.799531250e+2,3.880000000e-1,6.300000000e+1,,,
3.939062500e+2,3.799687500e-1,6.000000000e+1,,,
3.862031250e+2,3.958125000e-1,6.000000000e+1,,,
3.840937500e+2,3.879687500e-1,6.100000000e+1,,,
3.920156250e+2,4.000000000e-1,6.000781250e+1,,,
3.879375000e+2,3.960000000e-1,6.299218750e+1,,,
3.880000000e+2,3.879375000e-1,5.900781250e+1,,,
3.900156250e+2,3.840000000e-1,5.998437500e+1,,,
3.840000000e+2,4.000312500e-1,6.199218750e+1,,,
3.860000000e+2,3.761562500e-1,5.900000000e+1,,,
3.840000000e+2,3.838437500e-1,5.900000000e+1,,,
3.860156250e+2,3.920000000e-1,5.900000000e+1,,,
3.800000000e+2,3.919687500e-1,6.200000000e+1,,,
3.839531250e+2,3.959687500e-1,5.900781250e+1,,,
3.859843750e+2,3.920000000e-1,6.100000000e+1,,,
3.879687500e+2,3.959375000e-1,5.903125000e+1,,,
3.900156250e+2,3.999687500e-1,5.900000000e+1,,,
3.840000000e+2,4.000312500e-1,6.000000000e+1,,,
3.860312500e+2,3.960000000e-1,5.895312500e+1,,,
3.839843750e+2,4.000000000e-1,5.800781250e+1,,,
3.819375000e+2,3.999687500e-1,6.102343750e+1,,,
3.780468750e+2,3.959375000e-1,6.099218750e+1,,,
3.879687500e+2,4.119375000e-1,6.102343750e+1,,,
3.839843750e+2,3.961562500e-1,5.898437500e+1,,,
3.900000000e+2,3.959375000e-1,6.200781250e+1,,,
3.821406250e+2,4.080312500e-1,5.900781250e+1,,,
3.778750000e+2,4.080000000e-1,5.898437500e+1,,,
3.861250000e+2,4.040000000e-1,5.900000000e+1,,,
3.701406250e+2,4.079687500e-1,5.797656250e+1,,,
3.822968750e+2,4.080000000e-1,6.098437500e+1,,,
3.900625000e+2,4.160000000e-1,5.999218750e+1,,,
3.899375000e+2,4.079687500e-1,5.900000000e+1,,,
3.839843750e+2,4.080312500e-1,6.000000000e+1,,,
3.859531250e+2,4.038437500e-1,5.999218750e+1,,,
3.820937500e+2,3.960312500e-1,6.000000000e+1,,,
3.940156250e+2,4.078750000e-1,5.998437500e+1,,,
3.821718750e+2,4.080000000e-1,5.998437500e+1,,,
3.818906250e+2,4.120000000e-1,5.700000000e+1,,,
3.899062500e+2,4.079687500e-1,5.900000000e+1,,,
3.920000000e+2,4.079687500e-1,6.002343750e+1,,,
3.900937500e+2,4.040000000e-1,6.200000000e+1,,,
3.820312500e+2,4.159062500e-1,6.001562500e+1,,,
3.860312500e+2,4.122187500e-1,5.899218750e+1,,,
3.839843750e+2,4.039375000e-1,5.900000000e+1,,,
3.860000000e+2,4.240000000e-1,6.300000000e+1,,,
3.840000000e+2,4.159687500e-1,5.698437500e+1,,,
3.860000000e+2,4.199687500e-1,5.900781250e+1,,,
3.840000000e+2,4.120000000e-1,5.900000000e+1,,,
3.840000000e+2,4.119687500e-1,5.999218750e+1,,,
3.840156250e+2,4.080000000e-1,5.999218750e+1,,,
3.860000000e+2,4.120625000e-1,5.899218750e+1,,,
3.840000000e+2,4.279687500e-1,6.000000000e+1,,,
3.840156250e+2,4.159687500e-1,5.800000000e+1,,,
3.880000000e+2,4.239375000e-1,6.100000000e+1,,,
3.820156250e+2,4.079375000e-1,6.100781250e+1,,,
3.840000000e+2,4.196250000e-1,6.099218750e+1,,,
3.820000000e+2,4.200312500e-1,6.099218750e+1,,,
3.880000000e+2,4.119687500e-1,6.200000000e+1,,,
3.859062500e+2,4.160312500e-1,6.094531250e+1,,,
3.820312500e+2,4.200937500e-1,5.798437500e+1,,,
3.880156250e+2,4.279687500e-1,5.900000000e+1,,,
3.839687500e+2,4.240312500e-1,6.200781250e+1,,,
3.820000000e+2,4.279687500e-1,6.200000000e+1,,,
3.900000000e+2,4.279687500e-1,5.601562500e+1,,,
3.880000000e+2,4.240000000e-1,5.802343750e+1,,,
3.880156250e+2,4.281562500e-1,5.900000000e+1,,,
3.841093750e+2,4.400312500e-1,6.099218750e+1,,,
3.779375000e+2,4.319375000e-1,6.000000000e+1,,,
3.879062500e+2,4.282187500e-1,6.001562500e+1,,,
3.857812500e+2,4.160312500e-1,5.600000000e+1,,,
3.780937500e+2,4.361875000e-1,6.000781250e+1,,,
3.941250000e+2,4.398125000e-1,5.900000000e+1,,,
3.879375000e+2,4.279062500e-1,5.999218750e+1,,,
3.920000000e+2,4.362812500e-1,6.100000000e+1,,,
3.838906250e+2,4.439687500e-1,6.000781250e+1,,,
3.819218750e+2,4.321562500e-1,6.000000000e+1,,,
3.860312500e+2,4.280000000e-1,6.000000000e+1,,,
3.800000000e+2,4.439687500e-1,5.999218750e+1,,,
3.859687500e+2,4.318437500e-1,5.899218750e+1,,,
3.840000000e+2,4.360937500e-1,5.900000000e+1,,,
3.879843750e+2,4.480312500e-1,6.000000000e+1,,,
3.860156250e+2,4.480312500e-1,6.100000000e+1,,,
3.880000000e+2,4.480000000e-1,5.901562500e+1,,,
3.838750000e+2,4.480000000e-1,5.701562500e+1,,,
3.800312500e+2,4.519062500e-1,6.000000000e+1,,,
3.860468750e+2,4.399687500e-1,5.800000000e+1,,,
3.859843750e+2,4.480312500e-1,6.000781250e+1,,,
3.820000000e+2,4.440312500e-1,6.000000000e+1,,,
3.860000000e+2,4.520937500e-1,6.100000000e+1,,,
3.840312500e+2,4.400000000e-1,6.000000000e+1,,,
3.920000000e+2,4.520937500e-1,6.100000000e+1,,,
3.840000000e+2,4.437812500e-1,5.901562500e+1,,,
3.920156250e+2,4.401250000e-1,5.900000000e+1,,,
3.880000000e+2,4.479062500e-1,5.900000000e+1,,,
3.859843750e+2,4.359687500e-1,5.907812500e+1,,,
3.859843750e+2,4.520000000e-1,5.500000000e+1,,,
3.820156250e+2,4.519375000e-1,6.003906250e+1,,,
3.900937500e+2,4.400000000e-1,5.999218750e+1,,,
3.898593750e+2,4.521250000e-1,5.898437500e+1,,,
3.840468750e+2,4.479687500e-1,5.901562500e+1,,,
3.940312500e+2,4.519687500e-1,6.000000000e+1,,,
3.920000000e+2,4.479687500e-1,5.900781250e+1,,,
3.979687500e+2,4.560000000e-1,5.800781250e+1,,,
3.860312500e+2,4.520000000e-1,6.098437500e+1,,,
3.879218750e+2,4.641250000e-1,6.100000000e+1,,,
3.900000000e+2,4.597500000e-1,6.099218750e+1,,,
3.860937500e+2,4.480312500e-1,5.997656250e+1,,,
3.839531250e+2,4.640000000e-1,6.301562500e+1,,,
3.880625000e+2,4.640000000e-1,5.797656250e+1,,,
3.858906250e+2,4.638125000e-1,6.098437500e+1,,,
3.820156250e+2,4.482187500e-1,6.103125000e+1,,,
3.880937500e+2,4.760625000e-1,5.900000000e+1,,,
3.879687500e+2,4.557812500e-1,5.999218750e+1,,,
3.859062500e+2,4.681250000e-1,6.099218750e+1,,,
3.820625000e+2,4.600000000e-1,6.004687500e+1,,,
3.919375000e+2,4.760000000e-1,5.800000000e+1,,,
3.901093750e+2,4.600000000e-1,6.298437500e+1,,,
3.859843750e+2,4.721875000e-1,6.094531250e+1,,,
3.920156250e+2,4.758125000e-1,5.898437500e+1,,,
3.820781250e+2,4.599062500e-1,5.900000000e+1,,,
3.859062500e+2,4.681250000e-1,6.200000000e+1,,,
3.879843750e+2,4.681562500e-1,6.000000000e+1,,,
3.879843750e+2,4.680625000e-1,6.299218750e+1,,,
3.880156250e+2,4.759375000e-1,6.100000000e+1,,,
3.879843750e+2,4.680312500e-1,6.301562500e+1,,,
3.839687500e+2,4.800625000e-1,6.103125000e+1,,,
3.820000000e+2,4.718125000e-1,5.800000000e+1,,,
3.820156250e+2,4.679687500e-1,5.901562500e+1,,,
3.860156250e+2,4.800312500e-1,6.198437500e+1,,,
3.860000000e+2,4.718750000e-1,6.203125000e+1,,,
3.860000000e+2,4.762500000e-1,6.000000000e+1,,,
3.860000000e+2,4.836562500e-1,6.300000000e+1,,,
3.840000000e+2,4.598750000e-1,5.902343750e+1,,,
3.840000000e+2,4.805000000e-1,6.000000000e+1,,,
3.859687500e+2,4.920000000e-1,5.998437500e+1,,,
3.899843750e+2,4.958750000e-1,6.099218750e+1,,,
3.880000000e+2,4.718750000e-1,5.996875000e+1,,,
3.839531250e+2,4.681250000e-1,5.903125000e+1,,,
3.840781250e+2,4.800937500e-1,6.300000000e+1,,,
3.919843750e+2,4.758437500e-1,5.796093750e+1,,,
3.839375000e+2,4.760000000e-1,5.800000000e+1,,,
3.859218750e+2,4.877187500e-1,5.900000000e+1,,,
3.860625000e+2,4.880625000e-1,6.000781250e+1,,,
3.819843750e+2,4.879375000e-1,5.900000000e+1,,,
3.860156250e+2,4.920625000e-1,6.000000000e+1,,,
3.837968750e+2,4.840000000e-1,5.999218750e+1,,,
3.959062500e+2,4.956875000e-1,6.100000000e+1,,,
3.900468750e+2,4.963750000e-1,5.900000000e+1,,,
3.940000000e+2,4.880000000e-1,6.097656250e+1,,,
3.859687500e+2,4.959062500e-1,6.000781250e+1,,,
3.880156250e+2,4.960000000e-1,5.899218750e+1,,,
3.920000000e+2,4.919687500e-1,5.899218750e+1,,,
3.899375000e+2,5.040000000e-1,6.100000000e+1,,,
3.839843750e+2,4.920000000e-1,6.000000000e+1,,,
3.860000000e+2,4.999687500e-1,5.904687500e+1,,,
3.878750000e+2,4.919687500e-1,5.800000000e+1,,,
3.940312500e+2,5.000937500e-1,6.099218750e+1,,,
3.840312500e+2,4.840000000e-1,5.900781250e+1,,,
3.859843750e+2,4.999687500e-1,6.300781250e+1,,,
3.859062500e+2,4.921562500e-1,6.098437500e+1,,,
3.940156250e+2,4.878125000e-1,6.000000000e+1,,,
3.859375000e+2,4.997812500e-1,5.700000000e+1,,,
3.900781250e+2,5.001250000e-1,6.003906250e+1,,,
3.899843750e+2,4.880000000e-1,6.199218750e+1,,,
3.860312500e+2,5.000000000e-1,6.000000000e+1,,,
3.940156250e+2,5.000000000e-1,5.900781250e+1,,,
3.900312500e+2,4.960000000e-1,6.103125000e+1,,,
3.840000000e+2,4.961875000e-1,6.200000000e+1,,,
3.819843750e+2,4.919062500e-1,6.100000000e+1,,,
3.819687500e+2,5.080000000e-1,6.000000000e+1,,,
3.879687500e+2,4.960000000e-1,6.199218750e+1,,,
3.880000000e+2,5.039375000e-1,6.200781250e+1,,,
3.820156250e+2,5.120000000e-1,5.899218750e+1,,,
3.819687500e+2,5.040000000e-1,6.095312500e+1,,,
3.820000000e+2,5.159687500e-1,6.098437500e+1,,,
3.799843750e+2,5.041250000e-1,5.799218750e+1,,,
3.840000000e+2,5.079062500e-1,6.000000000e+1,,,
3.820312500e+2,5.080000000e-1,5.898437500e+1,,,
3.900000000e+2,5.040312500e-1,6.002343750e+1,,,
3.840000000e+2,4.998437500e-1,6.099218750e+1,,,
3.880000000e+2,5.200000000e-1,6.099218750e+1,,,
3.900000000e+2,5.001875000e-1,5.998437500e+1,,,
3.880000000e+2,5.118125000e-1,5.700000000e+1,,,
3.900156250e+2,5.200000000e-1,6.000000000e+1,,,
3.840000000e+2,5.120000000e-1,6.100781250e+1,,,
3.879687500e+2,5.160000000e-1,6.200000000e+1,,,
3.860156250e+2,5.080000000e-1,5.900000000e+1,,,
3.879218750e+2,5.234687500e-1,5.899218750e+1,,,
3.899062500e+2,5.240000000e-1,6.000781250e+1,,,
3.799375000e+2,5.159687500e-1,6.200000000e+1,,,
3.861562500e+2,5.160312500e-1,5.997656250e+1,,,
3.919687500e+2,5.280000000e-1,6.000000000e+1,,,
3.859218750e+2,5.199687500e-1,6.100781250e+1,,,
3.860156250e+2,5.199375000e-1,5.800000000e+1,,,
3.860000000e+2,5.240625000e-1,6.103906250e+1,,,
3.859687500e+2,5.160000000e-1,6.199218750e+1,,,
3.880000000e+2,5.239375000e-1,5.897656250e+1,,,
3.860000000e+2,5.200000000e-1,5.901562500e+1,,,
3.859218750e+2,5.200312500e-1,6.000000000e+1,,,
3.939843750e+2,5.319687500e-1,6.000000000e+1,,,
3.861406250e+2,5.281875000e-1,5.600000000e+1,,,
3.840156250e+2,5.279375000e-1,6.000000000e+1,,,
3.839843750e+2,5.400000000e-1,6.098437500e+1,,,
3.820625000e+2,5.320000000e-1,5.699218750e+1,,,
3.920000000e+2,5.320000000e-1,5.999218750e+1,,,
3.820312500e+2,5.320000000e-1,5.898437500e+1,,,
3.840000000e+2,5.399687500e-1,6.302343750e+1,,,
3.800000000e+2,5.320625000e-1,6.200000000e+1,,,
3.799531250e+2,5.280000000e-1,6.000000000e+1,,,
3.899843750e+2,5.280000000e-1,6.100000000e+1,,,
3.840312500e+2,5.359375000e-1,6.100000000e+1,,,
3.819843750e+2,5.399062500e-1,6.000781250e+1,,,
3.859531250e+2,5.279687500e-1,5.800781250e+1,,,
3.920156250e+2,5.318750000e-1,5.796093750e+1,,,
3.880000000e+2,5.360625000e-1,6.000000000e+1,,,
3.900000000e+2,5.280000000e-1,5.902343750e+1,,,
3.879375000e+2,5.360000000e-1,6.196875000e+1,,,
3.840312500e+2,5.360312500e-1,5.697656250e+1,,,
3.899843750e+2,5.440000000e-1,5.901562500e+1,,,
3.839687500e+2,5.360000000e-1,5.800000000e+1,,,
3.899687500e+2,5.398437500e-1,6.097656250e+1,,,
3.900156250e+2,5.400000000e-1,6.001562500e+1,,,
3.860156250e+2,5.439687500e-1,5.898437500e+1,,,
3.839843750e+2,5.479687500e-1,5.799218750e+1,,,
3.859687500e+2,5.360000000e-1,6.098437500e+1,,,
3.860000000e+2,5.479687500e-1,6.100000000e+1,,,
3.860468750e+2,5.441875000e-1,6.199218750e+1,,,
3.861250000e+2,5.360000000e-1,6.101562500e+1,,,
3.939687500e+2,5.480000000e-1,6.000000000e+1,,,
3.859843750e+2,5.519375000e-1,6.199218750e+1,,,
3.940625000e+2,5.520312500e-1,6.100000000e+1,,,
3.878593750e+2,5.559375000e-1,6.100781250e+1,,,
3.839531250e+2,5.439062500e-1,6.299218750e+1,,,
3.799843750e+2,5.439062500e-1,6.303125000e+1,,,
3.819531250e+2,5.519062500e-1,6.099218750e+1,,,
3.859375000e+2,5.560000000e-1,6.200000000e+1,,,
3.899687500e+2,5.479687500e-1,6.300000000e+1,,,
3.900312500e+2,5.480312500e-1,6.098437500e+1,,,
3.860156250e+2,5.560000000e-1,6.099218750e+1,,,
3.879687500e+2,5.441562500e-1,5.999218750e+1,,,
3.880000000e+2,5.398437500e-1,5.999218750e+1,,,
3.900156250e+2,5.559375000e-1,5.800000000e+1,,,
3.899687500e+2,5.520000000e-1,6.100000000e+1,,,
3.880156250e+2,5.480000000e-1,6.199218750e+1,,,
3.899843750e+2,5.520312500e-1,5.999218750e+1,,,
3.860000000e+2,5.560000000e-1,6.000000000e+1,,,
3.859843750e+2,5.680625000e-1,5.999218750e+1,,,
3.839843750e+2,5.480000000e-1,6.099218750e+1,,,
3.820156250e+2,5.560937500e-1,5.900000000e+1,,,
3.799843750e+2,5.717500000e-1,6.099218750e+1,,,
3.860468750e+2,5.398437500e-1,6.099218750e+1,,,
3.940000000e+2,5.603750000e-1,6.000000000e+1,,,
3.840312500e+2,5.720000000e-1,6.100000000e+1,,,
3.860000000e+2,5.681562500e-1,5.999218750e+1,,,
3.800000000e+2,5.600625000e-1,6.200000000e+1,,,
3.860000000e+2,5.519687500e-1,5.998437500e+1,,,
3.799375000e+2,5.520625000e-1,5.804687500e+1,,,
3.861250000e+2,5.720312500e-1,6.200781250e+1,,,
3.939375000e+2,5.598750000e-1,5.900000000e+1,,,
3.799687500e+2,5.639062500e-1,5.899218750e+1,,,
3.880000000e+2,5.640000000e-1,5.800000000e+1,,,
3.860000000e+2,5.599375000e-1,5.998437500e+1,,,
3.900000000e+2,5.520312500e-1,6.097656250e+1,,,
3.880156250e+2,5.720625000e-1,5.900000000e+1,,,
3.859687500e+2,5.598750000e-1,6.100000000e+1,,,
3.918750000e+2,5.680312500e-1,5.900000000e+1,,,
3.960468750e+2,5.721875000e-1,6.199218750e+1,,,
3.858593750e+2,5.599062500e-1,6.001562500e+1,,,
3.860625000e+2,5.640937500e-1,5.800000000e+1,,,
3.879375000e+2,5.719687500e-1,6.100781250e+1,,,
3.839375000e+2,5.679375000e-1,6.000000000e+1,,,
3.840312500e+2,5.762812500e-1,6.000000000e+1,,,
3.839531250e+2,5.879687500e-1,5.999218750e+1,,,
3.800000000e+2,5.760937500e-1,6.000000000e+1,,,
3.839062500e+2,5.760000000e-1,5.900000000e+1,,,
3.860000000e+2,5.801250000e-1,5.800000000e+1,,,
3.839843750e+2,5.599375000e-1,6.000781250e+1,,,
3.879843750e+2,5.762187500e-1,6.100000000e+1,,,
3.840312500e+2,5.839687500e-1,5.900000000e+1,,,
3.840000000e+2,5.722500000e-1,6.199218750e+1,,,
3.820312500e+2,5.679687500e-1,5.900781250e+1,,,
3.881562500e+2,5.760625000e-1,6.000781250e+1,,,
3.919218750e+2,5.878437500e-1,5.899218750e+1,,,
3.839531250e+2,5.678750000e-1,5.899218750e+1,,,
3.880312500e+2,5.801875000e-1,6.000000000e+1,,,
3.919843750e+2,5.839375000e-1,6.100781250e+1,,,
3.860000000e+2,5.839062500e-1,6.302343750e+1,,,
3.820000000e+2,5.880000000e-1,5.800000000e+1,,,
3.840000000e+2,5.880000000e-1,5.800000000e+1,,,
3.880000000e+2,5.878750000e-1,6.098437500e+1,,,
3.839843750e+2,5.799062500e-1,6.000000000e+1,,,
3.860000000e+2,5.841562500e-1,6.000000000e+1,,,
3.860000000e+2,5.920625000e-1,6.005468750e+1,,,
3.859843750e+2,5.920000000e-1,5.800000000e+1,,,
3.840625000e+2,5.759687500e-1,6.203125000e+1,,,
3.960468750e+2,5.840625000e-1,6.098437500e+1,,,
3.877968750e+2,5.840937500e-1,5.799218750e+1,,,
3.840156250e+2,5.919687500e-1,6.001562500e+1,,,
3.880156250e+2,5.839375000e-1,5.900000000e+1,,,
3.900000000e+2,5.878750000e-1,6.000781250e+1,,,
3.879687500e+2,5.919687500e-1,5.700000000e+1,,,
3.840000000e+2,5.840000000e-1,5.997656250e+1,,,
3.879531250e+2,5.961562500e-1,6.000000000e+1,,,
3.900000000e+2,5.958125000e-1,5.999218750e+1,,,
3.881718750e+2,5.839375000e-1,5.800781250e+1,,,
3.780000000e+2,5.920000000e-1,5.898437500e+1,,,
3.861562500e+2,6.040625000e-1,6.101562500e+1,,,
3.859531250e+2,6.078750000e-1,6.200000000e+1,,,
3.839531250e+2,5.960000000e-1,6.002343750e+1,,,
3.820625000e+2,6.080625000e-1,5.900000000e+1,,,
3.880156250e+2,5.998125000e-1,5.899218750e+1,,,
3.839843750e+2,6.000000000e-1,5.999218750e+1,,,
3.880000000e+2,5.960000000e-1,6.000000000e+1,,,
3.839843750e+2,6.000000000e-1,6.000000000e+1,,,
3.861093750e+2,6.000000000e-1,6.000000000e+1,,,
3.759687500e+2,5.999375000e-1,5.996093750e+1,,,
3.919687500e+2,6.042500000e-1,5.700000000e+1,,,
3.820781250e+2,6.240625000e-1,6.000000000e+1,,,
3.898593750e+2,6.076562500e-1,5.900000000e+1,,,
3.920156250e+2,5.920625000e-1,5.898437500e+1,,,
3.878750000e+2,5.960937500e-1,6.001562500e+1,,,
3.799531250e+2,5.999687500e-1,5.800000000e+1,,,
3.840937500e+2,6.001250000e-1,6.102343750e+1,,,
3.900000000e+2,6.120625000e-1,6.003125000e+1,,,
3.840000000e+2,6.079375000e-1,5.700000000e+1,,,
3.879843750e+2,6.080000000e-1,5.800781250e+1,,,
3.819843750e+2,6.040625000e-1,5.998437500e+1,,,
3.860468750e+2,6.160937500e-1,6.200000000e+1,,,
3.940000000e+2,6.119062500e-1,6.100000000e+1,,,
3.900000000e+2,6.163125000e-1,6.100000000e+1,,,
3.860000000e+2,6.238437500e-1,6.000000000e+1,,,
3.839843750e+2,6.076875000e-1,6.100000000e+1,,,
3.819843750e+2,6.120000000e-1,6.104687500e+1,,,
3.859843750e+2,6.280000000e-1,5.799218750e+1,,,
3.860000000e+2,6.199687500e-1,6.100000000e+1,,,
3.820000000e+2,6.240312500e-1,6.002343750e+1,,,
3.880312500e+2,6.199375000e-1,6.400000000e+1,,,
3.879687500e+2,6.200000000e-1,5.799218750e+1,,,
3.880156250e+2,6.200000000e-1,6.300000000e+1,,,
3.880468750e+2,6.200625000e-1,5.900000000e+1,,,
3.840156250e+2,6.160625000e-1,5.896093750e+1,,,
3.860000000e+2,6.159687500e-1,6.200000000e+1,,,
3.858437500e+2,6.199687500e-1,6.299218750e+1,,,
3.940468750e+2,6.239062500e-1,6.001562500e+1,,,
3.841406250e+2,6.359062500e-1,6.000000000e+1,,,
3.878750000e+2,6.246562500e-1,5.996093750e+1,,,
3.859687500e+2,6.158750000e-1,6.400000000e+1,,,
3.860000000e+2,6.279687500e-1,5.902343750e+1,,,
3.880000000e+2,6.200000000e-1,5.701562500e+1,,,
3.879843750e+2,6.279687500e-1,5.899218750e+1,,,
3.859687500e+2,6.280000000e-1,5.900000000e+1,,,
3.840000000e+2,6.200000000e-1,5.800000000e+1,,,
3.860000000e+2,6.240000000e-1,5.898437500e+1,,,
3.820312500e+2,6.237812500e-1,5.800000000e+1,,,
3.839687500e+2,6.360625000e-1,5.699218750e+1,,,
3.859843750e+2,6.160937500e-1,5.803906250e+1,,,
3.880312500e+2,6.160312500e-1,6.100781250e+1,,,
3.839531250e+2,6.079687500e-1,5.996093750e+1,,,
3.899687500e+2,6.160312500e-1,5.600000000e+1,,,
3.818437500e+2,6.079687500e-1,5.800000000e+1,,,
3.760312500e+2,6.160625000e-1,6.199218750e+1,,,
3.820156250e+2,6.039687500e-1,5.796093750e+1,,,
3.800000000e+2,6.240000000e-1,5.800000000e+1,,,
3.840000000e+2,6.160000000e-1,6.001562500e+1,,,
3.800156250e+2,6.078750000e-1,5.895312500e+1,,,
3.800000000e+2,6.240000000e-1,5.599218750e+1,,,
3.799843750e+2,6.080937500e-1,5.800000000e+1,,,
3.780000000e+2,6.040000000e-1,5.700000000e+1,,,
3.799843750e+2,5.960000000e-1,5.800000000e+1,,,
3.800000000e+2,6.159375000e-1,5.700000000e+1,,,
3.780000000e+2,6.079062500e-1,5.799218750e+1,,,
3.780468750e+2,5.920000000e-1,5.597656250e+1,,,
3.740000000e+2,5.919375000e-1,5.899218750e+1,,,
3.800000000e+2,5.881562500e-1,5.496093750e+1,,,
3.719843750e+2,5.799687500e-1,5.499218750e+1,,,
3.760312500e+2,5.880000000e-1,5.400000000e+1,,,
3.739843750e+2,5.839687500e-1,5.396875000e+1,,,
3.740000000e+2,5.920312500e-1,5.200000000e+1,,,
3.740000000e+2,5.800937500e-1,5.398437500e+1,,,
3.720000000e+2,5.880000000e-1,5.500781250e+1,,,
3.739843750e+2,5.721250000e-1,5.700000000e+1,,,
3.759843750e+2,5.640000000e-1,5.500000000e+1,,,
3.720312500e+2,5.680000000e-1,5.299218750e+1,,,
3.659218750e+2,5.720000000e-1,5.400000000e+1,,,
3.759687500e+2,5.600000000e-1,5.200000000e+1,,,
3.680468750e+2,5.597187500e-1,5.297656250e+1,,,
3.720156250e+2,5.640000000e-1,5.399218750e+1,,,
3.659375000e+2,5.519062500e-1,5.200000000e+1,,,
3.660000000e+2,5.400312500e-1,5.303125000e+1,,,
3.640000000e+2,5.600000000e-1,5.499218750e+1,,,
3.639375000e+2,5.439062500e-1,5.100781250e+1,,,
3.579843750e+2,5.398437500e-1,5.198437500e+1,,,
3.619218750e+2,5.480937500e-1,5.400000000e+1,,,
3.639687500e+2,5.280312500e-1,5.198437500e+1,,,
3.620468750e+2,5.359062500e-1,4.999218750e+1,,,
3.520156250e+2,5.280312500e-1,4.898437500e+1,,,
3.579062500e+2,5.239375000e-1,4.900781250e+1,,,
3.600625000e+2,5.120000000e-1,5.100000000e+1,,,
3.540312500e+2,5.241875000e-1,4.899218750e+1,,,
3.559843750e+2,4.961562500e-1,5.000000000e+1,,,
3.520000000e+2,4.840000000e-1,4.798437500e+1,,,
3.580781250e+2,4.960000000e-1,4.700000000e+1,,,
3.579531250e+2,4.679062500e-1,4.700000000e+1,,,
3.460625000e+2,4.720000000e-1,4.701562500e+1,,,
3.420000000e+2,4.520312500e-1,4.198437500e+1,,,
3.340000000e+2,4.520000000e-1,4.300000000e+1,,,
3.320156250e+2,4.359062500e-1,4.300000000e+1,,,
3.300000000e+2,4.400000000e-1,4.200000000e+1,,,
3.299843750e+2,4.081250000e-1,4.100000000e+1,,,
3.339843750e+2,4.081875000e-1,4.098437500e+1,,,
3.300156250e+2,3.918125000e-1,4.001562500e+1,,,
3.280312500e+2,3.601250000e-1,3.704687500e+1,,,
3.160468750e+2,3.477812500e-1,3.600000000e+1,,,
3.140000000e+2,3.559687500e-1,3.703125000e+1,,,
3.100000000e+2,3.280000000e-1,3.689843750e+1,,,
3.080000000e+2,3.118437500e-1,3.199218750e+1,,,
3.019375000e+2,2.918750000e-1,3.402343750e+1,,,
2.980625000e+2,2.801562500e-1,3.197656250e+1,,,
3.040156250e+2,2.525937500e-1,3.099218750e+1,,,
2.940468750e+2,2.518437500e-1,3.098437500e+1,,,
2.900000000e+2,2.361562500e-1,2.896093750e+1,,,
2.919687500e+2,2.118125000e-1,2.400781250e+1,,,
2.880625000e+2,1.920000000e-1,2.596875000e+1,,,
2.821250000e+2,1.840937500e-1,2.600000000e+1,,,
2.778750000e+2,1.641562500e-1,2.499218750e+1,,,
2.860000000e+2,1.560000000e-1,2.598437500e+1,,,
2.779531250e+2,1.480000000e-1,2.498437500e+1,,,
2.820000000e+2,1.400312500e-1,2.300000000e+1,,,
2.739843750e+2,1.400312500e-1,2.500000000e+1,,,
2.779687500e+2,1.359062500e-1,2.099218750e+1,,,
2.699531250e+2,1.279687500e-1,2.300000000e+1,,,
2.740312500e+2,1.240625000e-1,2.106250000e+1,,,
2.719843750e+2,1.199062500e-1,1.900000000e+1,,,
2.740312500e+2,1.280312500e-1,2.200000000e+1,,,
2.680312500e+2,1.118750000e-1,2.000000000e+1,,,
2.699531250e+2,9.996875000e-2,2.200781250e+1,,,
2.680468750e+2,1.080000000e-1,1.897656250e+1,,,
2.620937500e+2,1.079687500e-1,1.697656250e+1,,,
2.579531250e+2,1.041250000e-1,1.899218750e+1,,,
2.560312500e+2,8.806250000e-2,1.600000000e+1,,,
2.599843750e+2,8.400000000e-2,1.900000000e+1,,,
2.560156250e+2,8.403125000e-2,1.798437500e+1,,,
2.599843750e+2,9.600000000e-2,1.599218750e+1,,,
2.520000000e+2,8.400000000e-2,1.600000000e+1,,,
2.539843750e+2,8.387500000e-2,1.499218750e+1,,,
2.479843750e+2,8.800000000e-2,1.700781250e+1,,,
2.500000000e+2,8.396875000e-2,1.700781250e+1,,,
2.460000000e+2,8.406250000e-2,1.401562500e+1,,,
2.479687500e+2,8.390625000e-2,1.198437500e+1,,,
2.400156250e+2,7.200000000e-2,1.100000000e+1,,,
2.440156250e+2,8.412500000e-2,1.098437500e+1,,,
2.340625000e+2,8.406250000e-2,1.204687500e+1,,,
2.360000000e+2,8.793750000e-2,9.992187500e+0,,,
2.400000000e+2,9.600000000e-2,1.299218750e+1,,,
2.378906250e+2,8.803125000e-2,8.929687500e+0,,,
2.279531250e+2,1.040937500e-1,8.000000000e+0,,,
2.280312500e+2,9.990625000e-2,6.000000000e+0,,,
2.320156250e+2,1.039687500e-1,6.007812500e+0,,,
2.340000000e+2,1.119375000e-1,8.000000000e+0,,,
2.260000000e+2,1.199687500e-1,4.007812500e+0,,,
2.220000000e+2,1.080312500e-1,6.031250000e+0,,,
2.200312500e+2,1.280937500e-1,7.000000000e+0,,,
2.140156250e+2,1.199687500e-1,5.023437500e+0,,,
2.140156250e+2,1.279687500e-1,1.000000000e+0,,,
2.080312500e+2,1.162187500e-1,2.992187500e+0,,,
2.080625000e+2,1.200937500e-1,2.000000000e+0,,,
2.099687500e+2,1.239687500e-1,3.000000000e+0,,,
2.038593750e+2,1.158750000e-1,1.976562500e+0,,,
2.021875000e+2,1.160937500e-1,-2.000000000e+0,,,
2.118906250e+2,1.240937500e-1,1.000000000e+0,,,
1.918906250e+2,1.198750000e-1,4.687500000e-2,,,
1.998906250e+2,1.080000000e-1,-5.000000000e+0,,,
1.940937500e+2,1.120000000e-1,-1.000000000e+0,,,
1.940000000e+2,1.080625000e-1,-2.031250000e+0,,,
1.919843750e+2,1.040625000e-1,-5.015625000e+0,,,
1.939375000e+2,1.119687500e-1,-5.000000000e+0,,,
1.921562500e+2,1.040000000e-1,-8.000000000e+0,,,
1.780625000e+2,1.120625000e-1,-5.007812500e+0,,,
1.840312500e+2,9.603125000e-2,-7.992187500e+0,,,
1.779531250e+2,9.996875000e-2,-6.984375000e+0,,,
1.820468750e+2,9.178125000e-2,-8.007812500e+0,,,
1.799375000e+2,8.003125000e-2,-9.000000000e+0,,,
1.760000000e+2,9.209375000e-2,-8.000000000e+0,,,
1.800000000e+2,8.790625000e-2,-8.000000000e+0,,,
1.760000000e+2,8.781250000e-2,-6.968750000e+0,,,
1.679375000e+2,9.196875000e-2,-1.200000000e+1,,,
1.640000000e+2,7.990625000e-2,-1.200000000e+1,,,
1.700000000e+2,7.981250000e-2,-8.023437500e+0,,,
1.659843750e+2,6.393750000e-2,-1.000000000e+1,,,
1.680000000e+2,7.203125000e-2,-1.200000000e+1,,,
1.680156250e+2,5.990625000e-2,-1.096875000e+1,,,
1.659843750e+2,5.600000000e-2,-1.300000000e+1,,,
1.659843750e+2,5.196875000e-2,-1.100000000e+1,,,
1.619531250e+2,4.796875000e-2,-1.300000000e+1,,,
1.641406250e+2,3.181250000e-2,-1.094531250e+1,,,
1.699531250e+2,2.381250000e-2,-1.003906250e+1,,,
1.619687500e+2,-3.125000000e-5,-1.300000000e+1,,,
1.640000000e+2,-3.125000000e-5,-1.100781250e+1,,,
1.619843750e+2,-1.206250000e-2,-1.101562500e+1,,,
1.599843750e+2,-1.609375000e-2,-1.400000000e+1,,,
1.659062500e+2,-3.600000000e-2,-1.200781250e+1,,,
1.720000000e+2,-2.800000000e-2,-1.299218750e+1,,,
1.641250000e+2,-5.215625000e-2,-1.002343750e+1,,,
1.639218750e+2,-6.400000000e-2,-7.976562500e+0,,,
1.658906250e+2,-6.793750000e-2,-1.303906250e+1,,,
1.599843750e+2,-7.196875000e-2,-1.201562500e+1,,,
1.660468750e+2,-8.437500000e-2,-9.000000000e+0,,,
1.679843750e+2,-1.040625000e-1,-1.100000000e+1,,,
1.680468750e+2,-1.000312500e-1,-1.000781250e+1,,,
1.720000000e+2,-1.082812500e-1,-9.984375000e+0,,,
1.700000000e+2,-1.120000000e-1,-1.199218750e+1,,,
1.740000000e+2,-1.160000000e-1,-1.200000000e+1,,,
1.719843750e+2,-1.200000000e-1,-1.400781250e+1,,,
1.760000000e+2,-1.119062500e-1,-1.099218750e+1,,,
1.720000000e+2,-1.121562500e-1,-1.200000000e+1,,,
1.739218750e+2,-1.241562500e-1,-8.000000000e+0,,,
1.799062500e+2,-1.198437500e-1,-8.000000000e+0,,,
1.821562500e+2,-1.158125000e-1,-8.984375000e+0,,,
1.719687500e+2,-1.280625000e-1,-1.100781250e+1,,,
1.822031250e+2,-1.280625000e-1,-9.000000000e+0,,,
1.879531250e+2,-1.276562500e-1,-8.976562500e+0,,,
1.779531250e+2,-9.984375000e-2,-6.968750000e+0,,,
1.760000000e+2,-1.082500000e-1,-1.300000000e+1,,,
1.780000000e+2,-1.120312500e-1,-8.984375000e+0,,,
1.760156250e+2,-1.039687500e-1,-8.992187500e+0,,,
1.820312500e+2,-1.080625000e-1,-7.007812500e+0,,,
1.840000000e+2,-1.039687500e-1,-7.000000000e+0,,,
1.760000000e+2,-9.971875000e-2,-5.984375000e+0,,,
1.820000000e+2,-8.368750000e-2,-1.096875000e+1,,,
1.679843750e+2,-7.981250000e-2,-1.000000000e+1,,,
1.779375000e+2,-7.200000000e-2,-7.031250000e+0,,,
1.820156250e+2,-8.006250000e-2,-8.937500000e+0,,,
1.740000000e+2,-7.193750000e-2,-1.398437500e+1,,,
1.739687500e+2,-6.396875000e-2,-6.945312500e+0,,,
1.680156250e+2,-5.596875000e-2,-8.000000000e+0,,,
1.760468750e+2,-5.596875000e-2,-1.100781250e+1,,,
1.719375000e+2,-4.800000000e-2,-1.200000000e+1,,,
1.680312500e+2,-4.006250000e-2,-1.300000000e+1,,,
1.679687500e+2,-4.390625000e-2,-1.104687500e+1,,,
1.699531250e+2,-4.409375000e-2,-9.000000000e+0,,,
1.738906250e+2,-3.600000000e-2,-1.100000000e+1,,,
1.761093750e+2,-3.996875000e-2,-9.039062500e+0,,,
1.700937500e+2,-3.240625000e-2,-8.000000000e+0,,,
1.700625000e+2,-2.368750000e-2,-1.299218750e+1,,,
1.639531250e+2,-3.603125000e-2,-1.103125000e+1,,,
1.620000000e+2,-2.012500000e-2,-1.199218750e+1,,,
1.640156250e+2,-2.396875000e-2,-1.300781250e+1,,,
1.680000000e+2,-2.800000000e-2,-1.400000000e+1,,,
1.640156250e+2,-2.400000000e-2,-1.400000000e+1,,,
1.679687500e+2,-2.400000000e-2,-1.400000000e+1,,,
1.580000000e+2,-2.393750000e-2,-1.699218750e+1,,,
1.620312500e+2,-2.793750000e-2,-1.400000000e+1,,,
1.540000000e+2,-3.190625000e-2,-1.403906250e+1,,,
1.600000000e+2,-3.612500000e-2,-1.600000000e+1,,,
1.540000000e+2,-2.003125000e-2,-1.399218750e+1,,,
1.599687500e+2,-3.193750000e-2,-1.402343750e+1,,,
1.560156250e+2,-3.578125000e-2,-1.700000000e+1,,,
1.600625000e+2,-4.806250000e-2,-1.600000000e+1,,,
1.578906250e+2,-3.609375000e-2,-1.401562500e+1,,,
1.499687500e+2,-4.393750000e-2,-1.600781250e+1,,,
1.520468750e+2,-5.200000000e-2,-1.400000000e+1,,,
1.540000000e+2,-4.400000000e-2,-1.403906250e+1,,,
1.539687500e+2,-5.600000000e-2,-1.699218750e+1,,,
1.600000000e+2,-4.806250000e-2,-1.303125000e+1,,,
1.499531250e+2,-5.596875000e-2,-1.400000000e+1,,,
1.479843750e+2,-5.200000000e-2,-1.501562500e+1,,,
1.539687500e+2,-5.600000000e-2,-1.699218750e+1,,,
1.540000000e+2,-5.600000000e-2,-1.700781250e+1,,,
1.560000000e+2,-6.000000000e-2,-1.600000000e+1,,,
1.520156250e+2,-5.200000000e-2,-1.701562500e+1,,,
1.520000000e+2,-5.993750000e-2,-1.500000000e+1,,,
1.479843750e+2,-5.603125000e-2,-1.699218750e+1,,,
1.560000000e+2,-6.000000000e-2,-1.400000000e+1,,,
1.479687500e+2,-6.000000000e-2,-1.703125000e+1,,,
1.519843750e+2,-7.203125000e-2,-1.797656250e+1,,,
1.460000000e+2,-5.606250000e-2,-1.699218750e+1,,,
1.520000000e+2,-6.778125000e-2,-2.100000000e+1,,,
1.500000000e+2,-6.403125000e-2,-1.598437500e+1,,,
1.539843750e+2,-6.803125000e-2,-1.600000000e+1,,,
1.520468750e+2,-6.396875000e-2,-2.000000000e+1,,,
1.480000000e+2,-7.600000000e-2,-1.899218750e+1,,,
1.519375000e+2,-7.200000000e-2,-1.800000000e+1,,,
1.520312500e+2,-7.200000000e-2,-2.000000000e+1,,,
1.480468750e+2,-6.390625000e-2,-1.803125000e+1,,,
1.460156250e+2,-7.200000000e-2,-1.499218750e+1,,,
1.480312500e+2,-6.400000000e-2,-1.600000000e+1,,,
1.479531250e+2,-7.200000000e-2,-1.601562500e+1,,,
1.439375000e+2,-5.993750000e-2,-1.900781250e+1,,,
1.440468750e+2,-5.603125000e-2,-1.800781250e+1,,,
1.500312500e+2,-6.400000000e-2,-1.700000000e+1,,,
1.519843750e+2,-6.003125000e-2,-1.799218750e+1,,,
1.501406250e+2,-6.006250000e-2,-1.600000000e+1,,,
1.400312500e+2,-5.196875000e-2,-1.803125000e+1,,,
1.400000000e+2,-6.003125000e-2,-1.899218750e+1,,,
1.379375000e+2,-4.796875000e-2,-1.699218750e+1,,,
1.499531250e+2,-5.200000000e-2,-1.600000000e+1,,,
1.440781250e+2,-5.212500000e-2,-2.001562500e+1,,,
1.480781250e+2,-5.196875000e-2,-2.000000000e+1,,,
1.500000000e+2,-6.000000000e-2,-2.000781250e+1,,,
1.479843750e+2,-5.600000000e-2,-2.202343750e+1,,,
1.480000000e+2,-5.203125000e-2,-2.201562500e+1,,,
1.480312500e+2,-6.400000000e-2,-1.802343750e+1,,,
1.400000000e+2,-5.218750000e-2,-1.703906250e+1,,,
1.440000000e+2,-3.996875000e-2,-2.100000000e+1,,,
1.380000000e+2,-4.793750000e-2,-1.901562500e+1,,,
1.440000000e+2,-4.400000000e-2,-2.100000000e+1,,,
1.359843750e+2,-4.403125000e-2,-2.100781250e+1,,,
1.459375000e+2,-4.000000000e-2,-1.899218750e+1,,,
1.440000000e+2,-4.403125000e-2,-2.199218750e+1,,,
1.439531250e+2,-4.403125000e-2,-2.100781250e+1,,,
1.440312500e+2,-4.403125000e-2,-2.200000000e+1,,,
1.360000000e+2,-4.393750000e-2,-1.996093750e+1,,,
1.340312500e+2,-5.200000000e-2,-2.010156250e+1,,,
1.400937500e+2,-4.000000000e-2,-2.501562500e+1,,,
1.439218750e+2,-4.806250000e-2,-2.296875000e+1,,,
1.320000000e+2,-5.200000000e-2,-2.300000000e+1,,,
1.380156250e+2,-4.831250000e-2,-2.200000000e+1,,,
1.280000000e+2,-3.603125000e-2,-2.299218750e+1,,,
1.379687500e+2,-3.996875000e-2,-2.196875000e+1,,,
1.361093750e+2,-4.412500000e-2,-1.999218750e+1,,,
1.300625000e+2,-6.800000000e-2,-2.500781250e+1,,,
1.317812500e+2,-3.609375000e-2,-2.000000000e+1,,,
1.420781250e+2,-4.781250000e-2,-2.298437500e+1,,,
1.278125000e+2,-4.400000000e-2,-2.100781250e+1,,,
1.321875000e+2,-4.400000000e-2,-2.401562500e+1,,,
1.400468750e+2,-4.400000000e-2,-2.400781250e+1,,,
1.398750000e+2,-4.803125000e-2,-2.300000000e+1,,,
1.299062500e+2,-5.212500000e-2,-2.500000000e+1,,,
1.320468750e+2,-5.590625000e-2,-2.201562500e+1,,,
1.320156250e+2,-4.003125000e-2,-2.195312500e+1,,,
1.340000000e+2,-5.190625000e-2,-2.500781250e+1,,,
1.300625000e+2,-4.406250000e-2,-2.400000000e+1,,,
1.260312500e+2,-3.603125000e-2,-2.200000000e+1,,,
1.259531250e+2,-4.806250000e-2,-2.402343750e+1,,,
1.319375000e+2,-5.200000000e-2,-2.400781250e+1,,,
1.320312500e+2,-4.400000000e-2,-2.500000000e+1,,,
1.300000000e+2,-5.590625000e-2,-2.500781250e+1,,,
1.279375000e+2,-5.203125000e-2,-2.600000000e+1,,,
1.179687500e+2,-5.200000000e-2,-2.400000000e+1,,,
1.220468750e+2,-4.403125000e-2,-2.400781250e+1,,,
1.240156250e+2,-5.600000000e-2,-2.500000000e+1,,,
1.260000000e+2,-4.400000000e-2,-2.400000000e+1,,,
1.279687500e+2,-4.400000000e-2,-2.300000000e+1,,,
1.200000000e+2,-4.800000000e-2,-2.501562500e+1,,,
1.279843750e+2,-5.600000000e-2,-2.600000000e+1,,,
1.240000000e+2,-4.387500000e-2,-2.600781250e+1,,,
1.280156250e+2,-4.406250000e-2,-2.500781250e+1,,,
1.280312500e+2,-4.803125000e-2,-2.700000000e+1,,,
1.200000000e+2,-4.803125000e-2,-2.603125000e+1,,,
1.259843750e+2,-5.196875000e-2,-2.394531250e+1,,,
1.220000000e+2,-5.200000000e-2,-2.700000000e+1,,,
1.300000000e+2,-5.600000000e-2,-2.400781250e+1,,,
1.238750000e+2,-4.796875000e-2,-2.807031250e+1,,,
1.220781250e+2,-4.406250000e-2,-2.696093750e+1,,,
1.300156250e+2,-5.212500000e-2,-2.400000000e+1,,,
1.199375000e+2,-5.606250000e-2,-2.700781250e+1,,,
1.160000000e+2,-4.406250000e-2,-2.600000000e+1,,,
1.200000000e+2,-4.403125000e-2,-2.699218750e+1,,,
1.220000000e+2,-5.203125000e-2,-2.800000000e+1,,,
1.239687500e+2,-5.200000000e-2,-2.700000000e+1,,,
1.280156250e+2,-5.190625000e-2,-2.600000000e+1,,,
1.201093750e+2,-4.400000000e-2,-2.700000000e+1,,,
1.159687500e+2,-5.218750000e-2,-2.500000000e+1,,,
1.180468750e+2,-3.600000000e-2,-2.799218750e+1,,,
1.179531250e+2,-4.803125000e-2,-2.700781250e+1,,,
1.139531250e+2,-4.006250000e-2,-2.900000000e+1,,,
1.140468750e+2,-5.606250000e-2,-2.700781250e+1,,,
1.159843750e+2,-4.381250000e-2,-2.800000000e+1,,,
1.119218750e+2,-4.403125000e-2,-2.800781250e+1,,,
1.118281250e+2,-4.403125000e-2,-2.800000000e+1,,,
1.220000000e+2,-5.200000000e-2,-2.800000000e+1,,,
1.120312500e+2,-6.800000000e-2,-2.998437500e+1,,,
1.139218750e+2,-5.184375000e-2,-2.700000000e+1,,,
1.160156250e+2,-4.403125000e-2,-3.000000000e+1,,,
1.120000000e+2,-4.806250000e-2,-2.800000000e+1,,,
1.140625000e+2,-5.593750000e-2,-2.897656250e+1,,,
1.100625000e+2,-5.206250000e-2,-3.000000000e+1,,,
1.180312500e+2,-4.396875000e-2,-2.898437500e+1,,,
1.119531250e+2,-4.406250000e-2,-2.901562500e+1,,,
1.139843750e+2,-4.803125000e-2,-3.200781250e+1,,,
1.080000000e+2,-4.806250000e-2,-2.697656250e+1,,,
1.140000000e+2,-5.196875000e-2,-2.800000000e+1,,,
1.080000000e+2,-4.009375000e-2,-2.703906250e+1,,,
1.100000000e+2,-4.400000000e-2,-2.600000000e+1,,,
1.060000000e+2,-4.009375000e-2,-3.100000000e+1,,,
1.080000000e+2,-5.212500000e-2,-3.099218750e+1,,,
1.060000000e+2,-4.790625000e-2,-3.300000000e+1,,,
1.080000000e+2,-4.806250000e-2,-3.000000000e+1,,,
1.120000000e+2,-5.200000000e-2,-3.196875000e+1,,,
1.079843750e+2,-5.200000000e-2,-3.100000000e+1,,,
1.080000000e+2,-5.593750000e-2,-3.100781250e+1,,,
1.059687500e+2,-3.603125000e-2,-2.999218750e+1,,,
1.060781250e+2,-5.621875000e-2,-2.905468750e+1,,,
1.099531250e+2,-4.793750000e-2,-3.301562500e+1,,,
1.039843750e+2,-5.200000000e-2,-3.001562500e+1,,,
1.080000000e+2,-4.409375000e-2,-3.000000000e+1,,,
1.039843750e+2,-4.806250000e-2,-3.101562500e+1,,,
1.039843750e+2,-5.603125000e-2,-3.299218750e+1,,,
1.059843750e+2,-5.193750000e-2,-3.400000000e+1,,,
1.079843750e+2,-4.790625000e-2,-3.299218750e+1,,,
1.101718750e+2,-4.403125000e-2,-3.100781250e+1,,,
9.603125000e+1,-5.600000000e-2,-3.295312500e+1,,,
1.041250000e+2,-6.000000000e-2,-3.597656250e+1,,,
9.782812500e+1,-5.181250000e-2,-3.101562500e+1,,,
9.400000000e+1,-3.612500000e-2,-3.296875000e+1,,,
9.814062500e+1,-5.609375000e-2,-3.300000000e+1,,,
1.019218750e+2,-4.390625000e-2,-3.300000000e+1,,,
9.390625000e+1,-5.615625000e-2,-3.301562500e+1,,,
9.614062500e+1,-4.800000000e-2,-3.295312500e+1,,,
1.040000000e+2,-5.200000000e-2,-3.700000000e+1,,,
9.609375000e+1,-4.400000000e-2,-3.302343750e+1,,,
9.598437500e+1,-5.203125000e-2,-3.104687500e+1,,,
9.801562500e+1,-4.393750000e-2,-3.603125000e+1,,,
9.201562500e+1,-4.815625000e-2,-3.500000000e+1,,,
9.596875000e+1,-5.196875000e-2,-3.400000000e+1,,,
9.404687500e+1,-4.415625000e-2,-3.300781250e+1,,,
9.609375000e+1,-4.406250000e-2,-3.396875000e+1,,,
1.040312500e+2,-5.212500000e-2,-3.700000000e+1,,,
9.993750000e+1,-5.593750000e-2,-3.395312500e+1,,,
9.800000000e+1,-4.790625000e-2,-3.296093750e+1,,,
1.000000000e+2,-4.806250000e-2,-3.800000000e+1,,,
1.019843750e+2,-5.200000000e-2,-3.400000000e+1,,,
9.596875000e+1,-5.203125000e-2,-3.699218750e+1,,,
9.400000000e+1,-5.190625000e-2,-3.402343750e+1,,,
9.600000000e+1,-4.390625000e-2,-3.600000000e+1,,,
9.400000000e+1,-4.400000000e-2,-3.700000000e+1,,,
9.600000000e+1,-4.406250000e-2,-3.599218750e+1,,,
9.196875000e+1,-4.803125000e-2,-3.500000000e+1,,,
8.800000000e+1,-4.400000000e-2,-2.902343750e+1,,,
9.196875000e+1,-4.403125000e-2,-3.393750000e+1,,,
9.400000000e+1,-4.803125000e-2,-3.698437500e+1,,,
8.595312500e+1,-5.196875000e-2,-3.498437500e+1,,,
9.007812500e+1,-4.803125000e-2,-3.500000000e+1,,,
9.395312500e+1,-5.200000000e-2,-3.497656250e+1,,,
9.000000000e+1,-4.393750000e-2,-3.400000000e+1,,,
9.590625000e+1,-3.953125000e-2,-3.900000000e+1,,,
9.410937500e+1,-5.212500000e-2,-3.806250000e+1,,,
8.807812500e+1,-3.596875000e-2,-3.400000000e+1,,,
8.592187500e+1,-5.593750000e-2,-3.401562500e+1,,,
9.190625000e+1,-4.400000000e-2,-3.796875000e+1,,,
9.017187500e+1,-5.612500000e-2,-3.900000000e+1,,,
8.593750000e+1,-3.612500000e-2,-3.604687500e+1,,,
9.000000000e+1,-5.190625000e-2,-3.297656250e+1,,,
8.600000000e+1,-4.009375000e-2,-3.797656250e+1,,,
9.001562500e+1,-4.400000000e-2,-3.898437500e+1,,,
8.995312500e+1,-4.000000000e-2,-3.800781250e+1,,,
7.800000000e+1,-4.800000000e-2,-3.700000000e+1,,,
8.600000000e+1,-4.400000000e-2,-3.900000000e+1,,,
8.000000000e+1,-4.390625000e-2,-3.799218750e+1,,,
8.190625000e+1,-4.787500000e-2,-3.900000000e+1,,,
8.596875000e+1,-5.212500000e-2,-3.702343750e+1,,,
8.601562500e+1,-4.390625000e-2,-4.000000000e+1,,,
8.200000000e+1,-6.400000000e-2,-3.598437500e+1,,,
8.396875000e+1,-4.415625000e-2,-3.603906250e+1,,,
8.398437500e+1,-5.153125000e-2,-4.000000000e+1,,,
8.604687500e+1,-5.628125000e-2,-3.900000000e+1,,,
8.592187500e+1,-3.606250000e-2,-3.900781250e+1,,,
7.796875000e+1,-4.796875000e-2,-3.900781250e+1,,,
8.007812500e+1,-4.800000000e-2,-3.900000000e+1,,,
8.398437500e+1,-5.600000000e-2,-3.698437500e+1,,,
7.801562500e+1,-4.803125000e-2,-3.703906250e+1,,,
8.000000000e+1,-5.562500000e-2,-4.000000000e+1,,,
8.196875000e+1,-5.618750000e-2,-3.800000000e+1,,,
7.200000000e+1,-3.600000000e-2,-3.900781250e+1,,,
8.198437500e+1,-5.200000000e-2,-3.899218750e+1,,,
7.600000000e+1,-4.803125000e-2,-4.200000000e+1,,,
7.801562500e+1,-4.800000000e-2,-3.899218750e+1,,,
7.201562500e+1,-4.800000000e-2,-3.997656250e+1,,,
7.600000000e+1,-4.800000000e-2,-4.000000000e+1,,,
7.400000000e+1,-4.803125000e-2,-4.000781250e+1,,,
7.600000000e+1,-4.796875000e-2,-4.201562500e+1,,,
7.596875000e+1,-5.200000000e-2,-4.397656250e+1,,,
7.400000000e+1,-4.806250000e-2,-3.896093750e+1,,,
7.798437500e+1,-3.596875000e-2,-4.099218750e+1,,,
7.600000000e+1,-4.781250000e-2,-4.103125000e+1,,,
7.798437500e+1,-4.415625000e-2,-4.001562500e+1,,,
7.200000000e+1,-4.006250000e-2,-4.400000000e+1,,,
7.593750000e+1,-3.993750000e-2,-4.300000000e+1,,,
7.800000000e+1,-5.600000000e-2,-4.300000000e+1,,,
7.406250000e+1,-4.800000000e-2,-4.300000000e+1,,,
7.195312500e+1,-4.000000000e-2,-4.300000000e+1,,,
7.403125000e+1,-6.000000000e-2,-4.097656250e+1,,,
6.796875000e+1,-4.400000000e-2,-4.500000000e+1,,,
7.001562500e+1,-4.800000000e-2,-4.001562500e+1,,,
6.587500000e+1,-4.396875000e-2,-4.202343750e+1,,,
6.417187500e+1,-4.003125000e-2,-4.200781250e+1,,,
8.000000000e+1,-5.209375000e-2,-4.400781250e+1,,,
6.592187500e+1,-6.009375000e-2,-4.101562500e+1,,,
7.193750000e+1,-4.009375000e-2,-4.100781250e+1,,,
6.606250000e+1,-5.190625000e-2,-4.201562500e+1,,,
6.601562500e+1,-5.200000000e-2,-4.399218750e+1,,,
5.998437500e+1,-5.603125000e-2,-4.199218750e+1,,,
6.987500000e+1,-4.796875000e-2,-4.400781250e+1,,,
7.214062500e+1,-4.403125000e-2,-4.300000000e+1,,,
6.006250000e+1,-4.396875000e-2,-4.400781250e+1,,,
6.817187500e+1,-4.796875000e-2,-4.400000000e+1,,,
7.198437500e+1,-5.200000000e-2,-4.100000000e+1,,,
6.400000000e+1,-4.800000000e-2,-4.302343750e+1,,,
7.201562500e+1,-5.206250000e-2,-4.300781250e+1,,,
6.803125000e+1,-6.000000000e-2,-4.200000000e+1,,,
6.200000000e+1,-4.015625000e-2,-4.301562500e+1,,,
6.800000000e+1,-4.384375000e-2,-4.500000000e+1,,,
6.203125000e+1,-5.593750000e-2,-4.501562500e+1,,,
5.996875000e+1,-5.200000000e-2,-4.300000000e+1,,,
6.798437500e+1,-3.606250000e-2,-4.200000000e+1,,,
6.396875000e+1,-4.018750000e-2,-4.296875000e+1,,,
7.201562500e+1,-5.603125000e-2,-4.699218750e+1,,,
6.006250000e+1,-4.825000000e-2,-4.503906250e+1,,,
6.198437500e+1,-2.800000000e-2,-4.500000000e+1,,,
6.200000000e+1,-4.781250000e-2,-4.498437500e+1,,,
6.395312500e+1,-5.200000000e-2,-4.507031250e+1,,,
5.598437500e+1,-4.400000000e-2,-4.901562500e+1,,,
5.998437500e+1,-5.196875000e-2,-4.696875000e+1,,,
5.603125000e+1,-3.606250000e-2,-4.599218750e+1,,,
6.598437500e+1,-3.962500000e-2,-4.498437500e+1,,,
5.803125000e+1,-5.193750000e-2,-4.699218750e+1,,,
5.800000000e+1,-5.203125000e-2,-4.599218750e+1,,,
5.800000000e+1,-4.400000000e-2,-4.600000000e+1,,,
5.800000000e+1,-5.200000000e-2,-4.600000000e+1,,,
5.801562500e+1,-4.796875000e-2,-4.600000000e+1,,,
5.793750000e+1,-5.996875000e-2,-4.500781250e+1,,,
6.201562500e+1,-5.200000000e-2,-4.501562500e+1,,,
5.787500000e+1,-5.200000000e-2,-4.401562500e+1,,,
5.403125000e+1,-4.803125000e-2,-4.799218750e+1,,,
5.595312500e+1,-5.196875000e-2,-4.700000000e+1,,,
5.001562500e+1,-4.409375000e-2,-4.698437500e+1,,,
5.807812500e+1,-5.600000000e-2,-4.500000000e+1,,,
5.798437500e+1,-3.621875000e-2,-4.797656250e+1,,,
5.801562500e+1,-3.987500000e-2,-4.700000000e+1,,,
5.403125000e+1,-5.196875000e-2,-4.800000000e+1,,,
5.203125000e+1,-5.196875000e-2,-4.700000000e+1,,,
4.996875000e+1,-4.403125000e-2,-4.800000000e+1,,,
5.593750000e+1,-6.000000000e-2,-4.700000000e+1,,,
5.409375000e+1,-4.409375000e-2,-4.798437500e+1,,,
4.998437500e+1,-5.187500000e-2,-4.900000000e+1,,,
5.000000000e+1,-5.200000000e-2,-4.800000000e+1,,,
4.796875000e+1,-5.200000000e-2,-4.800000000e+1,,,
4.800000000e+1,-5.200000000e-2,-5.000000000e+1,,,
5.203125000e+1,-5.200000000e-2,-4.799218750e+1,,,
5.800000000e+1,-5.200000000e-2,-4.700000000e+1,,,
5.595312500e+1,-4.412500000e-2,-4.899218750e+1,,,
4.598437500e+1,-5.200000000e-2,-4.900000000e+1,,,
4.998437500e+1,-5.996875000e-2,-4.800000000e+1,,,
5.000000000e+1,-3.990625000e-2,-4.999218750e+1,,,
4.800000000e+1,-4.803125000e-2,-5.099218750e+1,,,
5.200000000e+1,-4.409375000e-2,-4.800000000e+1,,,
4.801562500e+1,-6.009375000e-2,-4.996875000e+1,,,
4.807812500e+1,-5.603125000e-2,-5.007031250e+1,,,
3.800000000e+1,-6.003125000e-2,-4.700000000e+1,,,
5.400000000e+1,-5.200000000e-2,-5.002343750e+1,,,
5.587500000e+1,-6.003125000e-2,-5.296875000e+1,,,
4.596875000e+1,-5.990625000e-2,-4.999218750e+1,,,
4.600000000e+1,-4.790625000e-2,-5.200000000e+1,,,
4.201562500e+1,-3.993750000e-2,-4.999218750e+1,,,
5.000000000e+1,-4.800000000e-2,-5.000000000e+1,,,
4.800000000e+1,-3.996875000e-2,-5.100781250e+1,,,
4.800000000e+1,-4.006250000e-2,-4.900000000e+1,,,
4.200000000e+1,-5.612500000e-2,-5.100000000e+1,,,
4.793750000e+1,-5.187500000e-2,-5.100000000e+1,,,
4.604687500e+1,-4.396875000e-2,-5.100000000e+1,,,
4.400000000e+1,-3.981250000e-2,-4.899218750e+1,,,
4.195312500e+1,-5.203125000e-2,-5.300000000e+1,,,
4.000000000e+1,-4.390625000e-2,-4.999218750e+1,,,
3.990625000e+1,-4.812500000e-2,-5.000781250e+1,,,
3.610937500e+1,-5.612500000e-2,-5.200781250e+1,,,
4.809375000e+1,-5.993750000e-2,-4.900000000e+1,,,
4.382812500e+1,-5.196875000e-2,-5.200000000e+1,,,
3.787500000e+1,-4.806250000e-2,-4.900000000e+1,,,
4.803125000e+1,-4.400000000e-2,-5.200000000e+1,,,
3.404687500e+1,-5.600000000e-2,-5.298437500e+1,,,
3.587500000e+1,-5.206250000e-2,-5.200000000e+1,,,
4.201562500e+1,-5.993750000e-2,-5.300000000e+1,,,
3.409375000e+1,-3.593750000e-2,-5.300000000e+1,,,
3.389062500e+1,-4.353125000e-2,-5.102343750e+1,,,
3.804687500e+1,-6.396875000e-2,-5.100000000e+1,,,
3.795312500e+1,-5.190625000e-2,-5.199218750e+1,,,
3.596875000e+1,-3.990625000e-2,-5.100781250e+1,,,
3.601562500e+1,-4.018750000e-2,-5.399218750e+1,,,
4.001562500e+1,-5.612500000e-2,-5.298437500e+1,,,
4.198437500e+1,-5.596875000e-2,-5.300781250e+1,,,
3.600000000e+1,-5.603125000e-2,-5.400781250e+1,,,
4.200000000e+1,-5.203125000e-2,-5.300000000e+1,,,
3.400000000e+1,-5.190625000e-2,-5.400000000e+1,,,
3.800000000e+1,-4.393750000e-2,-5.302343750e+1,,,
3.795312500e+1,-4.815625000e-2,-5.200000000e+1,,,
2.800000000e+1,-5.196875000e-2,-5.300000000e+1,,,
3.193750000e+1,-4.796875000e-2,-5.497656250e+1,,,
3.200000000e+1,-5.200000000e-2,-5.600000000e+1,,,
3.400000000e+1,-5.600000000e-2,-5.598437500e+1,,,
3.196875000e+1,-5.196875000e-2,-5.299218750e+1,,,
3.196875000e+1,-5.203125000e-2,-5.403125000e+1,,,
3.210937500e+1,-5.206250000e-2,-5.502343750e+1,,,
4.000000000e+1,-5.190625000e-2,-5.600000000e+1,,,
3.400000000e+1,-4.000000000e-2,-5.500781250e+1,,,
2.800000000e+1,-5.203125000e-2,-5.500000000e+1,,,
3.398437500e+1,-4.806250000e-2,-5.397656250e+1,,,
3.206250000e+1,-5.993750000e-2,-5.800000000e+1,,,
2.800000000e+1,-4.396875000e-2,-5.499218750e+1,,,
3.193750000e+1,-6.018750000e-2,-5.599218750e+1,,,
3.200000000e+1,-5.600000000e-2,-5.500000000e+1,,,
3.195312500e+1,-4.000000000e-2,-5.600000000e+1,,,
2.793750000e+1,-4.806250000e-2,-5.500000000e+1,,,
2.596875000e+1,-4.809375000e-2,-5.600000000e+1,,,
2.406250000e+1,-5.606250000e-2,-5.500000000e+1,,,
3.004687500e+1,-5.184375000e-2,-5.500000000e+1,,,
2.587500000e+1,-4.803125000e-2,-5.596093750e+1,,,
2.206250000e+1,-4.800000000e-2,-5.900000000e+1,,,
3.193750000e+1,-4.400000000e-2,-5.700000000e+1,,,
3.004687500e+1,-5.200000000e-2,-5.800000000e+1,,,
2.801562500e+1,-5.196875000e-2,-5.700000000e+1,,,
2.401562500e+1,-4.800000000e-2,-5.801562500e+1,,,
2.193750000e+1,-4.790625000e-2,-5.700000000e+1,,,
2.793750000e+1,-3.993750000e-2,-5.500000000e+1,,,
2.609375000e+1,-4.378125000e-2,-5.800000000e+1,,,
2.193750000e+1,-5.200000000e-2,-5.600000000e+1,,,
2.207812500e+1,-4.793750000e-2,-5.800000000e+1,,,
3.001562500e+1,-4.803125000e-2,-5.499218750e+1,,,
2.798437500e+1,-4.800000000e-2,-5.699218750e+1,,,
2.800000000e+1,-4.384375000e-2,-5.600000000e+1,,,
2.595312500e+1,-3.596875000e-2,-5.801562500e+1,,,
1.800000000e+1,-5.212500000e-2,-6.000781250e+1,,,
2.603125000e+1,-4.787500000e-2,-5.800000000e+1,,,
2.600000000e+1,-4.821875000e-2,-5.800000000e+1,,,
2.200000000e+1,-5.568750000e-2,-5.400000000e+1,,,
1.800000000e+1,-3.184375000e-2,-5.897656250e+1,,,
1.600000000e+1,-4.834375000e-2,-5.700000000e+1,,,
1.995312500e+1,-4.800000000e-2,-5.799218750e+1,,,
2.598437500e+1,-5.196875000e-2,-5.700781250e+1,,,
2.200000000e+1,-4.803125000e-2,-5.700781250e+1,,,
1.598437500e+1,-6.015625000e-2,-5.697656250e+1,,,
2.212500000e+1,-6.381250000e-2,-5.600000000e+1,,,
2.790625000e+1,-4.781250000e-2,-6.103125000e+1,,,
1.396875000e+1,-4.806250000e-2,-6.100000000e+1,,,
2.192187500e+1,-4.790625000e-2,-6.000000000e+1,,,
1.610937500e+1,-5.206250000e-2,-5.799218750e+1,,,
1.595312500e+1,-4.409375000e-2,-6.000000000e+1,,,
1.796875000e+1,-4.784375000e-2,-5.800781250e+1,,,
1.804687500e+1,-5.990625000e-2,-6.099218750e+1,,,
1.601562500e+1,-5.656250000e-2,-5.800000000e+1,,,
1.789062500e+1,-3.575000000e-2,-5.799218750e+1,,,
1.996875000e+1,-5.593750000e-2,-5.799218750e+1,,,
1.396875000e+1,-4.009375000e-2,-5.900000000e+1,,,
1.401562500e+1,-5.196875000e-2,-5.899218750e+1,,,
1.798437500e+1,-4.803125000e-2,-5.900000000e+1,,,
9.953125000e+0,-4.800000000e-2,-6.000000000e+1,,,
1.403125000e+1,-6.000000000e-2,-6.100000000e+1,,,
1.800000000e+1,-5.218750000e-2,-5.897656250e+1,,,
1.406250000e+1,-5.209375000e-2,-6.200000000e+1,,,
1.592187500e+1,-4.400000000e-2,-5.998437500e+1,,,
2.200000000e+1,-5.196875000e-2,-5.998437500e+1,,,
1.404687500e+1,-4.803125000e-2,-5.800000000e+1,,,
1.395312500e+1,-4.793750000e-2,-6.003125000e+1,,,
1.403125000e+1,-5.978125000e-2,-6.200000000e+1,,,
1.203125000e+1,-5.637500000e-2,-6.100000000e+1,,,
1.598437500e+1,-3.606250000e-2,-6.301562500e+1,,,
9.984375000e+0,-4.396875000e-2,-6.198437500e+1,,,
1.198437500e+1,-4.800000000e-2,-6.100000000e+1,,,
5.984375000e+0,-4.400000000e-2,-6.200000000e+1,,,
9.984375000e+0,-4.396875000e-2,-5.895312500e+1,,,
8.000000000e+0,-4.793750000e-2,-5.797656250e+1,,,
4.000000000e+0,-4.800000000e-2,-6.200000000e+1,,,
9.953125000e+0,-5.200000000e-2,-6.100781250e+1,,,
1.600000000e+1,-5.200000000e-2,-6.300781250e+1,,,
8.000000000e+0,-4.803125000e-2,-6.000781250e+1,,,
1.201562500e+1,-4.800000000e-2,-6.101562500e+1,,,
4.031250000e+0,-4.800000000e-2,-6.403906250e+1,,,
8.000000000e+0,-4.800000000e-2,-5.899218750e+1,,,
6.000000000e+0,-4.809375000e-2,-6.103906250e+1,,,
6.000000000e+0,-4.396875000e-2,-6.200781250e+1,,,
8.031250000e+0,-5.200000000e-2,-6.300781250e+1,,,
7.968750000e+0,-4.803125000e-2,-6.401562500e+1,,,
2.015625000e+0,-4.790625000e-2,-6.400781250e+1,,,
4.000000000e+0,-6.000000000e-2,-6.303125000e+1,,,
4.000000000e+0,-4.825000000e-2,-6.100781250e+1,,,
3.984375000e+0,-4.396875000e-2,-6.500000000e+1,,,
6.031250000e+0,-4.800000000e-2,-6.300000000e+1,,,
0.000000000e+0,-4.800000000e-2,-6.199218750e+1,,,
3.984375000e+0,-4.800000000e-2,-6.000000000e+1,,,
1.968750000e+0,-5.200000000e-2,-6.100000000e+1,,,
7.953125000e+0,-5.621875000e-2,-6.501562500e+1,,,
3.875000000e+0,-4.800000000e-2,-6.099218750e+1,,,
6.250000000e-2,-4.793750000e-2,-6.300000000e+1,,,
8.031250000e+0,-3.193750000e-2,-6.200781250e+1,,,
3.968750000e+0,-3.200000000e-2,-6.400000000e+1,,,
5.968750000e+0,-2.803125000e-2,-6.200000000e+1,,,
2.015625000e+0,-4.003125000e-2,-6.399218750e+1,,,
7.984375000e+0,-2.800000000e-2,-6.400000000e+1,,,
2.078125000e+0,-3.996875000e-2,-6.500000000e+1,,,
3.984375000e+0,-2.812500000e-2,-6.397656250e+1,,,
6.015625000e+0,-2.796875000e-2,-6.200781250e+1,,,
-1.562500000e-2,-3.596875000e-2,-6.400781250e+1,,,
7.921875000e+0,-1.603125000e-2,-6.400000000e+1,,,
6.046875000e+0,-2.759375000e-2,-6.400000000e+1,,,
6.000000000e+0,-2.806250000e-2,-6.300000000e+1,,,
3.968750000e+0,-1.600000000e-2,-6.200781250e+1,,,
-1.562500000e-2,-2.000000000e-2,-6.401562500e+1,,,
2.015625000e+0,-3.200000000e-2,-6.500000000e+1,,,
4.000000000e+0,-2.000000000e-2,-6.501562500e+1,,,
2.000000000e+0,-1.596875000e-2,-6.200000000e+1,,,
6.000000000e+0,-1.993750000e-2,-6.300000000e+1,,,
6.015625000e+0,-2.403125000e-2,-6.200000000e+1,,,
0.000000000e+0,-2.000000000e-2,-6.500000000e+1,,,
4.000000000e+0,-2.006250000e-2,-6.500781250e+1,,,
-1.968750000e+0,-7.906250000e-3,-6.400000000e+1,,,
3.953125000e+0,-1.209375000e-2,-6.500000000e+1,,,
1.003125000e+1,-2.800000000e-2,-6.396093750e+1,,,
4.015625000e+0,-2.009375000e-2,-6.800000000e+1,,,
6.000000000e+0,-2.387500000e-2,-6.493750000e+1,,,
3.968750000e+0,-2.400000000e-2,-6.302343750e+1,,,
2.000000000e+0,-4.031250000e-3,-6.502343750e+1,,,
1.984375000e+0,-3.203125000e-2,-6.497656250e+1,,,
2.015625000e+0,-8.031250000e-3,-6.400781250e+1,,,
5.984375000e+0,-2.375000000e-2,-6.598437500e+1,,,
6.000000000e+0,-1.209375000e-2,-6.501562500e+1,,,
6.000000000e+0,-1.600000000e-2,-6.398437500e+1,,,
6.046875000e+0,-1.196875000e-2,-6.299218750e+1,,,
3.125000000e-2,-4.000000000e-3,-6.699218750e+1,,,
1.968750000e+0,-1.193750000e-2,-6.400000000e+1,,,
1.921875000e+0,-2.009375000e-2,-6.297656250e+1,,,
8.015625000e+0,-8.000000000e-3,-6.598437500e+1,,,
3.921875000e+0,-1.200000000e-2,-6.600000000e+1,,,
4.046875000e+0,-4.000000000e-3,-6.600000000e+1,,,
5.953125000e+0,-1.206250000e-2,-6.600000000e+1,,,
-6.250000000e-2,-1.203125000e-2,-6.800781250e+1,,,
4.125000000e+0,-1.606250000e-2,-6.601562500e+1,,,
9.984375000e+0,-1.221875000e-2,-6.398437500e+1,,,
4.093750000e+0,3.125000000e-5,-6.701562500e+1,,,
3.906250000e+0,-1.993750000e-2,-6.800000000e+1,,,
1.003125000e+1,-1.993750000e-2,-6.500000000e+1,,,
3.968750000e+0,0.000000000e+0,-6.802343750e+1,,,
1.203125000e+1,-2.000000000e-2,-6.599218750e+1,,,
2.000000000e+0,-1.212500000e-2,-6.600000000e+1,,,
1.204687500e+1,-1.193750000e-2,-6.600781250e+1,,,
3.937500000e+0,-1.600000000e-2,-6.700000000e+1,,,
3.968750000e+0,-1.200000000e-2,-6.700000000e+1,,,
1.562500000e-2,-2.400000000e-2,-6.600000000e+1,,,
1.003125000e+1,-1.196875000e-2,-6.599218750e+1,,,
1.000000000e+1,-1.600000000e-2,-6.400000000e+1,,,
3.968750000e+0,-1.603125000e-2,-6.998437500e+1,,,
1.953125000e+0,-1.200000000e-2,-6.797656250e+1,,,
-2.031250000e+0,-8.031250000e-3,-6.400781250e+1,,,
9.984375000e+0,-1.603125000e-2,-6.598437500e+1,,,
-3.125000000e-2,-1.200000000e-2,-6.800000000e+1,,,
1.968750000e+0,-2.003125000e-2,-6.600000000e+1,,,
6.000000000e+0,-2.018750000e-2,-6.800000000e+1,,,
2.015625000e+0,-3.618750000e-2,-6.599218750e+1,,,
4.000000000e+0,-1.203125000e-2,-6.800781250e+1,,,
4.000000000e+0,-2.806250000e-2,-6.400000000e+1,,,
5.953125000e+0,-2.796875000e-2,-6.705468750e+1,,,
2.031250000e+0,-1.978125000e-2,-6.700781250e+1,,,
9.968750000e+0,-8.125000000e-3,-6.900000000e+1,,,
2.015625000e+0,-2.796875000e-2,-6.699218750e+1,,,
1.400000000e+1,-1.600000000e-2,-6.700000000e+1,,,
6.000000000e+0,-2.803125000e-2,-6.700000000e+1,,,
0.000000000e+0,-2.000000000e-2,-6.800781250e+1,,,
-6.015625000e+0,-2.821875000e-2,-6.800000000e+1,,,
3.890625000e+0,-3.593750000e-2,-6.700000000e+1,,,
4.046875000e+0,-2.396875000e-2,-6.800000000e+1,,,
3.984375000e+0,-2.390625000e-2,-6.599218750e+1,,,
5.984375000e+0,-2.806250000e-2,-6.999218750e+1,,,
3.984375000e+0,-2.790625000e-2,-6.798437500e+1,,,
6.031250000e+0,-2.006250000e-2,-6.500000000e+1,,,
6.000000000e+0,-3.209375000e-2,-6.700000000e+1,,,
5.984375000e+0,-2.796875000e-2,-6.600000000e+1,,,
3.953125000e+0,-2.790625000e-2,-7.100000000e+1,,,
3.859375000e+0,-1.196875000e-2,-6.800000000e+1,,,
1.200000000e+1,-2.800000000e-2,-7.100000000e+1,,,
4.031250000e+0,-2.009375000e-2,-6.795312500e+1,,,
3.937500000e+0,-2.409375000e-2,-6.601562500e+1,,,
7.984375000e+0,-2.796875000e-2,-7.100000000e+1,,,
6.031250000e+0,-2.403125000e-2,-6.500000000e+1,,,
5.906250000e+0,-3.209375000e-2,-6.692187500e+1,,,
7.937500000e+0,-2.000000000e-2,-7.099218750e+1,,,
1.937500000e+0,-3.203125000e-2,-6.896875000e+1,,,
4.062500000e+0,-2.790625000e-2,-6.700000000e+1,,,
5.984375000e+0,-2.393750000e-2,-6.800781250e+1,,,
4.000000000e+0,-2.003125000e-2,-6.600000000e+1,,,
6.015625000e+0,-2.406250000e-2,-6.800781250e+1,,,
1.000000000e+1,-2.425000000e-2,-6.700781250e+1,,,
1.953125000e+0,-1.606250000e-2,-6.800000000e+1,,,
4.000000000e+0,-3.218750000e-2,-6.800000000e+1,,,
6.000000000e+0,-2.787500000e-2,-7.099218750e+1,,,
0.000000000e+0,-2.390625000e-2,-6.900000000e+1,,,
8.000000000e+0,-2.006250000e-2,-6.900000000e+1,,,
7.968750000e+0,-2.806250000e-2,-6.996093750e+1,,,
9.968750000e+0,-2.800000000e-2,-7.100000000e+1,,,
-4.687500000e-2,-2.393750000e-2,-6.799218750e+1,,,
2.046875000e+0,-1.209375000e-2,-6.900781250e+1,,,
4.078125000e+0,-3.628125000e-2,-6.899218750e+1,,,
7.984375000e+0,-3.196875000e-2,-6.903906250e+1,,,
3.984375000e+0,-3.603125000e-2,-7.100781250e+1,,,
4.000000000e+0,-2.425000000e-2,-6.702343750e+1,,,
3.968750000e+0,-1.606250000e-2,-6.600781250e+1,,,
-3.984375000e+0,-3.603125000e-2,-6.800781250e+1,,,
-4.687500000e-2,-1.984375000e-2,-6.699218750e+1,,,
1.984375000e+0,-2.818750000e-2,-7.101562500e+1,,,
3.906250000e+0,-3.196875000e-2,-7.001562500e+1,,,
8.015625000e+0,-2.800000000e-2,-6.997656250e+1,,,
1.828125000e+0,-3.200000000e-2,-6.996875000e+1,,,
7.812500000e-2,-2.809375000e-2,-6.500781250e+1,,,
6.000000000e+0,-3.584375000e-2,-6.896093750e+1,,,
4.031250000e+0,-1.171875000e-2,-6.800000000e+1,,,
1.004687500e+1,-8.156250000e-3,-6.900781250e+1,,,
7.953125000e+0,-1.612500000e-2,-6.700000000e+1,,,
8.062500000e+0,-2.000000000e-2,-6.996875000e+1,,,
1.004687500e+1,-1.600000000e-2,-7.100000000e+1,,,
-1.937500000e+0,-1.600000000e-2,-7.200781250e+1,,,
1.984375000e+0,-4.000000000e-3,-6.900000000e+1,,,
1.968750000e+0,-1.209375000e-2,-7.101562500e+1,,,
7.921875000e+0,-7.812500000e-3,-6.900000000e+1,,,
8.093750000e+0,-3.968750000e-3,-6.800000000e+1,,,
2.000000000e+0,-1.875000000e-4,-6.797656250e+1,,,
8.062500000e+0,3.937500000e-3,-7.001562500e+1,,,
8.031250000e+0,-8.062500000e-3,-6.600000000e+1,,,
9.921875000e+0,-3.968750000e-3,-6.801562500e+1,,,
-2.015625000e+0,-8.093750000e-3,-6.799218750e+1,,,
6.000000000e+0,-7.906250000e-3,-7.100000000e+1,,,
5.984375000e+0,-3.125000000e-5,-6.999218750e+1,,,
3.984375000e+0,-4.125000000e-3,-6.901562500e+1,,,
2.015625000e+0,-3.781250000e-3,-6.700000000e+1,,,
1.000000000e+1,7.906250000e-3,-6.800000000e+1,,,
4.000000000e+0,-8.000000000e-3,-6.800000000e+1,,,
6.000000000e+0,3.968750000e-3,-6.800781250e+1,,,
9.984375000e+0,-1.215625000e-2,-6.800000000e+1,,,
4.015625000e+0,0.000000000e+0,-6.897656250e+1,,,
3.984375000e+0,0.000000000e+0,-7.000000000e+1,,,
8.000000000e+0,3.968750000e-3,-7.000781250e+1,,,
3.968750000e+0,-4.062500000e-3,-6.897656250e+1,,,
8.062500000e+0,1.250000000e-4,-6.600000000e+1,,,
9.937500000e+0,4.031250000e-3,-6.900781250e+1,,,
4.000000000e+0,4.031250000e-3,-6.700000000e+1,,,
9.937500000e+0,4.500000000e-3,-6.900000000e+1,,,
7.984375000e+0,-1.203125000e-2,-7.002343750e+1,,,
1.198437500e+1,3.875000000e-3,-6.800000000e+1,,,
8.031250000e+0,-9.375000000e-5,-6.900781250e+1,,,
8.140625000e+0,1.209375000e-2,-6.900000000e+1,,,
1.953125000e+0,-8.000000000e-3,-7.000000000e+1,,,
9.937500000e+0,1.162500000e-2,-6.900781250e+1,,,
3.937500000e+0,1.875000000e-4,-6.803906250e+1,,,
4.000000000e+0,-1.250000000e-4,-6.599218750e+1,,,
4.000000000e+0,-3.906250000e-3,-7.002343750e+1,,,
5.984375000e+0,-2.403125000e-2,-6.900781250e+1,,,
1.968750000e+0,4.000000000e-3,-6.800000000e+1,,,
6.031250000e+0,-8.000000000e-3,-6.700000000e+1,,,
1.000000000e+1,-7.968750000e-3,-6.794531250e+1,,,
-3.796875000e+0,-1.596875000e-2,-7.000000000e+1,,,
-4.062500000e+0,-1.206250000e-2,-6.998437500e+1,,,
3.937500000e+0,-1.596875000e-2,-6.900000000e+1,,,
1.003125000e+1,-2.000000000e-2,-6.899218750e+1,,,
2.140625000e+0,-1.996875000e-2,-6.702343750e+1,,,
-1.093750000e-1,-2.400000000e-2,-7.000000000e+1,,,
1.004687500e+1,-1.615625000e-2,-6.600000000e+1,,,
5.937500000e+0,-1.593750000e-2,-6.602343750e+1,,,
5.984375000e+0,-2.796875000e-2,-6.800000000e+1,,,
2.000000000e+0,-2.800000000e-2,-6.800000000e+1,,,
4.000000000e+0,-2.400000000e-2,-6.999218750e+1,,,
2.015625000e+0,-1.200000000e-2,-6.596093750e+1,,,
-2.000000000e+0,-1.978125000e-2,-6.696875000e+1,,,
2.015625000e+0,-2.003125000e-2,-6.900000000e+1,,,
3.984375000e+0,-1.600000000e-2,-6.800000000e+1,,,
5.984375000e+0,-1.200000000e-2,-6.900781250e+1,,,
8.000000000e+0,-1.200000000e-2,-6.600781250e+1,,,
1.984375000e+0,-1.196875000e-2,-6.801562500e+1,,,
9.953125000e+0,-4.000000000e-3,-6.900000000e+1,,,
4.000000000e+0,-1.196875000e-2,-6.900000000e+1,,,
2.000000000e+0,-7.968750000e-3,-6.899218750e+1,,,
4.031250000e+0,-1.600000000e-2,-6.800000000e+1,,,
9.968750000e+0,-8.000000000e-3,-6.799218750e+1,,,
6.000000000e+0,-1.203125000e-2,-6.701562500e+1,,,
1.201562500e+1,-4.062500000e-3,-6.900000000e+1,,,
2.000000000e+0,-3.906250000e-3,-6.800781250e+1,,,
6.015625000e+0,-4.156250000e-3,-6.900000000e+1,,,
8.000000000e+0,7.906250000e-3,-6.800000000e+1,,,
3.984375000e+0,8.031250000e-3,-7.100000000e+1,,,
8.000000000e+0,-4.000000000e-3,-6.998437500e+1,,,
4.031250000e+0,0.000000000e+0,-6.700000000e+1,,,
5.937500000e+0,-8.000000000e-3,-6.900000000e+1,,,
8.031250000e+0,-1.628125000e-2,-6.998437500e+1,,,
6.046875000e+0,-4.000000000e-3,-7.098437500e+1,,,
1.201562500e+1,-8.000000000e-3,-6.601562500e+1,,,
5.890625000e+0,-4.000000000e-3,-6.803906250e+1,,,
2.000000000e+0,-8.000000000e-3,-6.900000000e+1,,,
1.984375000e+0,-3.125000000e-5,-6.700781250e+1,,,
0.000000000e+0,-1.603125000e-2,-6.800000000e+1,,,
3.968750000e+0,-8.000000000e-3,-6.798437500e+1,,,
4.000000000e+0,-1.996875000e-2,-6.600000000e+1,,,
5.984375000e+0,-1.209375000e-2,-6.703125000e+1,,,
8.000000000e+0,-1.200000000e-2,-6.998437500e+1,,,
5.968750000e+0,-1.203125000e-2,-6.800781250e+1,,,
1.193750000e+1,-2.003125000e-2,-7.100000000e+1,,,
8.203125000e+0,-8.093750000e-3,-6.897656250e+1,,,
7.812500000e-2,-1.996875000e-2,-6.500000000e+1,,,
1.201562500e+1,-2.000000000e-2,-6.601562500e+1,,,
3.921875000e+0,-8.000000000e-3,-6.800781250e+1,,,
8.031250000e+0,-2.006250000e-2,-6.800781250e+1,,,
1.200000000e+1,-2.000000000e-2,-6.699218750e+1,,,
6.000000000e+0,-1.600000000e-2,-7.000000000e+1,,,
8.000000000e+0,-2.000000000e-2,-6.800000000e+1,,,
2.000000000e+0,-1.606250000e-2,-7.000781250e+1,,,
7.984375000e+0,-2.000000000e-2,-6.700000000e+1,,,
4.015625000e+0,-2.806250000e-2,-6.899218750e+1,,,
3.953125000e+0,-3.875000000e-3,-6.900000000e+1,,,
9.968750000e+0,-1.206250000e-2,-6.900781250e+1,,,
1.004687500e+1,-2.009375000e-2,-6.701562500e+1,,,
6.000000000e+0,-1.196875000e-2,-6.800000000e+1,,,
1.000000000e+1,-2.400000000e-2,-6.898437500e+1,,,
5.937500000e+0,-1.200000000e-2,-6.803906250e+1,,,
2.015625000e+0,-2.003125000e-2,-7.100781250e+1,,,
6.015625000e+0,-2.000000000e-2,-6.898437500e+1,,,
6.031250000e+0,-2.003125000e-2,-6.900781250e+1,,,
1.001562500e+1,-1.612500000e-2,-6.702343750e+1,,,
2.046875000e+0,-1.984375000e-2,-6.601562500e+1,,,
-4.031250000e+0,-3.996875000e-2,-6.603125000e+1,,,
9.875000000e+0,-2.793750000e-2,-6.999218750e+1,,,
6.078125000e+0,-2.000000000e-2,-6.802343750e+1,,,
2.187500000e+0,-2.000000000e-2,-6.800000000e+1,,,
-8.015625000e+0,-2.390625000e-2,-6.802343750e+1,,,
2.140625000e+0,-2.800000000e-2,-6.600000000e+1,,,
1.984375000e+0,-1.600000000e-2,-6.800781250e+1,,,
3.968750000e+0,-2.406250000e-2,-6.800000000e+1,,,
2.062500000e+0,-3.596875000e-2,-6.800000000e+1,,,
1.003125000e+1,-3.206250000e-2,-7.000000000e+1,,,
3.906250000e+0,-4.406250000e-2,-6.800781250e+1,,,
2.000000000e+0,-3.615625000e-2,-6.796875000e+1,,,
1.953125000e+0,-2.806250000e-2,-7.000781250e+1,,,
5.984375000e+0,-2.003125000e-2,-7.000000000e+1,,,
4.015625000e+0,-2.409375000e-2,-7.100000000e+1,,,
5.953125000e+0,-4.003125000e-2,-6.798437500e+1,,,
6.093750000e+0,-3.200000000e-2,-6.900000000e+1,,,
-6.250000000e-2,-2.012500000e-2,-6.800000000e+1,,,
1.007812500e+1,-1.971875000e-2,-7.000781250e+1,,,
7.921875000e+0,-4.396875000e-2,-7.000000000e+1,,,
8.046875000e+0,-3.200000000e-2,-6.700000000e+1,,,
1.403125000e+1,-4.000000000e-2,-7.001562500e+1,,,
9.953125000e+0,-3.193750000e-2,-6.999218750e+1,,,
2.000000000e+0,-2.000000000e-2,-6.700000000e+1,,,
8.000000000e+0,-1.581250000e-2,-6.700000000e+1,,,
1.984375000e+0,-3.200000000e-2,-6.801562500e+1,,,
6.000000000e+0,-2.800000000e-2,-7.000781250e+1,,,
0.000000000e+0,-2.793750000e-2,-6.800781250e+1,,,
6.015625000e+0,-2.000000000e-2,-6.900000000e+1,,,
5.984375000e+0,-2.806250000e-2,-6.700000000e+1,,,
1.001562500e+1,-2.809375000e-2,-6.800781250e+1,,,
2.093750000e+0,-3.596875000e-2,-6.694531250e+1,,,
-2.000000000e+0,-2.409375000e-2,-7.000781250e+1,,,
6.000000000e+0,-1.603125000e-2,-6.600781250e+1,,,
8.015625000e+0,-2.806250000e-2,-7.106250000e+1,,,
7.937500000e+0,-3.206250000e-2,-6.898437500e+1,,,
0.000000000e+0,-3.593750000e-2,-7.000000000e+1,,,
4.015625000e+0,-2.406250000e-2,-6.898437500e+1,,,
4.000000000e+0,-2.800000000e-2,-6.600000000e+1,,,
1.200000000e+1,-2.800000000e-2,-7.099218750e+1,,,
2.000000000e+0,-2.403125000e-2,-6.796875000e+1,,,
6.000000000e+0,-3.203125000e-2,-6.800000000e+1,,,
2.078125000e+0,-2.390625000e-2,-6.900000000e+1,,,
-3.125000000e-2,-2.400000000e-2,-6.800000000e+1,,,
3.953125000e+0,-2.409375000e-2,-6.799218750e+1,,,
5.921875000e+0,-2.406250000e-2,-7.000000000e+1,,,
2.031250000e+0,-3.203125000e-2,-6.900000000e+1,,,
1.009375000e+1,-2.787500000e-2,-6.899218750e+1,,,
7.953125000e+0,-2.406250000e-2,-6.600000000e+1,,,
7.968750000e+0,-3.212500000e-2,-6.900000000e+1,,,
3.984375000e+0,-3.196875000e-2,-6.700000000e+1,,,
5.937500000e+0,-2.803125000e-2,-7.099218750e+1,,,
6.046875000e+0,-2.800000000e-2,-7.000000000e+1,,,
2.015625000e+0,-3.203125000e-2,-6.901562500e+1,,,
2.015625000e+0,-2.396875000e-2,-6.899218750e+1,,,
-3.125000000e-2,-2.400000000e-2,-6.600000000e+1,,,
5.968750000e+0,-2.000000000e-2,-6.700000000e+1,,,
4.015625000e+0,-2.381250000e-2,-6.898437500e+1,,,
8.046875000e+0,-3.203125000e-2,-6.900781250e+1,,,
5.843750000e+0,-1.996875000e-2,-6.699218750e+1,,,
7.812500000e-2,-2.009375000e-2,-6.801562500e+1,,,
1.201562500e+1,-2.396875000e-2,-7.000781250e+1,,,
3.984375000e+0,-2.006250000e-2,-6.696093750e+1,,,
8.015625000e+0,-2.800000000e-2,-6.500781250e+1,,,
8.000000000e+0,-2.006250000e-2,-6.797656250e+1,,,
5.984375000e+0,-2.809375000e-2,-6.800000000e+1,,,
6.000000000e+0,-2.790625000e-2,-7.000000000e+1,,,
8.000000000e+0,-2.409375000e-2,-6.900781250e+1,,,
2.000000000e+0,-3.190625000e-2,-6.900000000e+1,,,
8.000000000e+0,-2.009375000e-2,-6.600000000e+1,,,
8.046875000e+0,-4.012500000e-2,-6.893750000e+1,,,
3.984375000e+0,-3.200000000e-2,-6.900000000e+1,,,
4.000000000e+0,-2.803125000e-2,-6.902343750e+1,,,
4.015625000e+0,-3.606250000e-2,-6.999218750e+1,,,
6.000000000e+0,-3.590625000e-2,-6.599218750e+1,,,
3.953125000e+0,-3.203125000e-2,-6.902343750e+1,,,
4.000000000e+0,-3.596875000e-2,-6.700781250e+1,,,
6.000000000e+0,-2.803125000e-2,-6.799218750e+1,,,
6.000000000e+0,-3.606250000e-2,-6.900000000e+1,,,
8.000000000e+0,-3.987500000e-2,-6.800000000e+1,,,
6.015625000e+0,-1.990625000e-2,-7.000000000e+1,,,
7.984375000e+0,-2.809375000e-2,-6.900781250e+1,,,
9.984375000e+0,-2.806250000e-2,-7.100000000e+1,,,
8.046875000e+0,-4.000000000e-2,-6.900781250e+1,,,
3.906250000e+0,-3.190625000e-2,-6.900000000e+1,,,
2.031250000e+0,-2.800000000e-2,-6.700781250e+1,,,
6.031250000e+0,-2.806250000e-2,-6.796875000e+1,,,
8.015625000e+0,-3.203125000e-2,-6.900000000e+1,,,
7.937500000e+0,-3.628125000e-2,-6.600781250e+1,,,
3.968750000e+0,-4.378125000e-2,-6.796875000e+1,,,
6.078125000e+0,-2.800000000e-2,-6.997656250e+1,,,
1.000000000e+1,-4.000000000e-2,-7.200000000e+1,,,
6.031250000e+0,-2.800000000e-2,-7.100781250e+1,,,
6.000000000e+0,-2.806250000e-2,-6.998437500e+1,,,
4.015625000e+0,-3.212500000e-2,-6.900781250e+1,,,
-7.812500000e-2,-3.593750000e-2,-7.000000000e+1,,,
8.015625000e+0,-2.390625000e-2,-7.000000000e+1,,,
3.125000000e-2,-3.168750000e-2,-6.901562500e+1,,,
8.125000000e+0,-4.406250000e-2,-6.699218750e+1,,,
9.921875000e+0,-4.387500000e-2,-6.800000000e+1,,,
6.000000000e+0,-3.184375000e-2,-6.500000000e+1,,,
1.201562500e+1,-2.790625000e-2,-6.898437500e+1,,,
1.000000000e+1,-2.006250000e-2,-6.900000000e+1,,,
9.984375000e+0,-3.196875000e-2,-7.201562500e+1,,,
8.000000000e+0,-3.203125000e-2,-7.200000000e+1,,,
1.198437500e+1,-4.012500000e-2,-7.102343750e+1,,,
6.000000000e+0,-3.996875000e-2,-6.700000000e+1,,,
6.000000000e+0,-3.578125000e-2,-6.798437500e+1,,,
1.200000000e+1,-2.393750000e-2,-7.100781250e+1,,,
5.953125000e+0,-3.225000000e-2,-6.800000000e+1,,,
-1.562500000e-2,-4.000000000e-2,-6.800781250e+1,,,
7.984375000e+0,-4.803125000e-2,-6.700000000e+1,,,
2.000000000e+0,-4.393750000e-2,-6.902343750e+1,,,
2.046875000e+0,-3.203125000e-2,-6.897656250e+1,,,
5.984375000e+0,-4.003125000e-2,-6.700000000e+1,,,
1.953125000e+0,-3.203125000e-2,-7.002343750e+1,,,
4.046875000e+0,-4.000000000e-2,-6.900000000e+1,,,
8.000000000e+0,-2.809375000e-2,-6.800000000e+1,,,
4.062500000e+0,-3.600000000e-2,-6.502343750e+1,,,
3.968750000e+0,-2.800000000e-2,-6.600000000e+1,,,
5.906250000e+0,-3.600000000e-2,-6.801562500e+1,,,
8.109375000e+0,-2.800000000e-2,-7.000781250e+1,,,
2.000000000e+0,-3.212500000e-2,-6.800000000e+1,,,
7.875000000e+0,-2.000000000e-2,-6.700781250e+1,,,
5.953125000e+0,-3.190625000e-2,-6.600000000e+1,,,
3.984375000e+0,-2.803125000e-2,-6.798437500e+1,,,
4.000000000e+0,-3.596875000e-2,-6.999218750e+1,,,
4.015625000e+0,-3.600000000e-2,-6.800781250e+1,,,
8.000000000e+0,-3.600000000e-2,-6.900000000e+1,,,
3.984375000e+0,-3.200000000e-2,-6.700000000e+1,,,
4.000000000e+0,-3.943750000e-2,-6.898437500e+1,,,
2.109375000e+0,-4.818750000e-2,-6.800000000e+1,,,
-2.062500000e+0,-3.209375000e-2,-6.900000000e+1,,,
7.984375000e+0,-4.384375000e-2,-6.697656250e+1,,,
2.062500000e+0,-4.803125000e-2,-6.700781250e+1,,,
3.921875000e+0,-3.609375000e-2,-6.801562500e+1,,,
6.046875000e+0,-3.587500000e-2,-6.800000000e+1,,,
2.078125000e+0,-3.996875000e-2,-6.600000000e+1,,,
9.921875000e+0,-4.003125000e-2,-6.802343750e+1,,,
-4.015625000e+0,-4.000000000e-2,-6.798437500e+1,,,
8.078125000e+0,-4.400000000e-2,-6.700000000e+1,,,
6.000000000e+0,-2.400000000e-2,-6.800781250e+1,,,
8.000000000e+0,-3.184375000e-2,-6.799218750e+1,,,
6.000000000e+0,-4.006250000e-2,-6.798437500e+1,,,
4.000000000e+0,-3.600000000e-2,-7.000000000e+1,,,
5.984375000e+0,-4.400000000e-2,-6.798437500e+1,,,
8.015625000e+0,-4.000000000e-2,-6.600000000e+1,,,
2.000000000e+0,-4.403125000e-2,-6.798437500e+1,,,
3.984375000e+0,-3.600000000e-2,-7.000000000e+1,,,
5.984375000e+0,-4.000000000e-2,-6.807031250e+1,,,
6.000000000e+0,-3.212500000e-2,-6.600781250e+1,,,
4.015625000e+0,-3.196875000e-2,-6.903906250e+1,,,
-1.562500000e-2,-3.590625000e-2,-6.900000000e+1,,,
9.375000000e-2,-4.400000000e-2,-6.800781250e+1,,,
7.984375000e+0,-4.403125000e-2,-7.003906250e+1,,,
-4.000000000e+0,-4.000000000e-2,-7.000781250e+1,,,
6.000000000e+0,-4.390625000e-2,-6.800000000e+1,,,
3.984375000e+0,-4.409375000e-2,-7.000781250e+1,,,
1.984375000e+0,-3.609375000e-2,-7.000000000e+1,,,
5.937500000e+0,-3.200000000e-2,-7.100000000e+1,,,
1.000000000e+1,-4.000000000e-2,-6.599218750e+1,,,
3.984375000e+0,-4.000000000e-2,-6.800000000e+1,,,
1.192187500e+1,-5.200000000e-2,-6.800000000e+1,,,
1.003125000e+1,-5.259375000e-2,-7.100000000e+1,,,
7.937500000e+0,-3.600000000e-2,-6.799218750e+1,,,
1.984375000e+0,-4.406250000e-2,-6.800000000e+1,,,
3.984375000e+0,-4.800000000e-2,-6.799218750e+1,,,
2.062500000e+0,-4.403125000e-2,-6.700000000e+1,,,
1.000000000e+1,-5.603125000e-2,-6.799218750e+1,,,
3.984375000e+0,-4.806250000e-2,-6.900781250e+1,,,
9.953125000e+0,-4.393750000e-2,-6.698437500e+1,,,
6.093750000e+0,-4.809375000e-2,-6.801562500e+1,,,
4.000000000e+0,-3.593750000e-2,-6.999218750e+1,,,
5.984375000e+0,-5.596875000e-2,-6.800781250e+1,,,
6.015625000e+0,-4.393750000e-2,-7.000000000e+1,,,
5.968750000e+0,-3.603125000e-2,-6.700000000e+1,,,
8.046875000e+0,-3.590625000e-2,-6.900781250e+1,,,
4.046875000e+0,-4.000000000e-2,-6.800000000e+1,,,
9.968750000e+0,-4.000000000e-2,-7.000781250e+1,,,
-2.046875000e+0,-4.800000000e-2,-6.900781250e+1,,,
4.015625000e+0,-3.996875000e-2,-7.001562500e+1,,,
2.015625000e+0,-3.600000000e-2,-6.601562500e+1,,,
-2.000000000e+0,-4.387500000e-2,-6.603906250e+1,,,
8.000000000e+0,-5.212500000e-2,-7.000000000e+1,,,
2.015625000e+0,-3.600000000e-2,-6.801562500e+1,,,
3.968750000e+0,-5.200000000e-2,-7.000000000e+1,,,
8.015625000e+0,-4.409375000e-2,-7.001562500e+1,,,
3.125000000e-2,-2.812500000e-2,-6.700000000e+1,,,
5.953125000e+0,-6.009375000e-2,-6.999218750e+1,,,
9.968750000e+0,-5.215625000e-2,-6.903125000e+1,,,
1.201562500e+1,-5.193750000e-2,-6.800000000e+1,,,
6.000000000e+0,-4.815625000e-2,-6.699218750e+1,,,
6.046875000e+0,-3.600000000e-2,-6.704687500e+1,,,
1.204687500e+1,-5.603125000e-2,-6.900000000e+1,,,
9.921875000e+0,-4.393750000e-2,-6.800781250e+1,,,
-3.125000000e-2,-4.000000000e-2,-7.001562500e+1,,,
1.984375000e+0,-4.415625000e-2,-6.903906250e+1,,,
1.984375000e+0,-3.603125000e-2,-6.700000000e+1,,,
3.968750000e+0,-4.396875000e-2,-6.800781250e+1,,,
7.953125000e+0,-4.403125000e-2,-6.800000000e+1,,,
1.000000000e+1,-5.200000000e-2,-6.899218750e+1,,,
8.078125000e+0,-4.400000000e-2,-6.900000000e+1,,,
4.062500000e+0,-5.193750000e-2,-6.801562500e+1,,,
4.046875000e+0,-4.800000000e-2,-6.798437500e+1,,,
6.015625000e+0,-4.400000000e-2,-6.900000000e+1,,,
3.921875000e+0,-4.803125000e-2,-6.701562500e+1,,,
-1.921875000e+0,-4.796875000e-2,-6.500000000e+1,,,
7.984375000e+0,-4.809375000e-2,-7.003125000e+1,,,
-2.046875000e+0,-5.603125000e-2,-7.000000000e+1,,,
6.046875000e+0,-4.812500000e-2,-7.001562500e+1,,,
2.046875000e+0,-4.403125000e-2,-6.900000000e+1,,,
2.000000000e+0,-4.396875000e-2,-6.900000000e+1,,,
3.125000000e-2,-5.203125000e-2,-6.900000000e+1,,,
1.953125000e+0,-4.800000000e-2,-6.700781250e+1,,,
9.937500000e+0,-4.800000000e-2,-6.900000000e+1,,,
1.195312500e+1,-5.206250000e-2,-6.701562500e+1,,,
1.395312500e+1,-4.796875000e-2,-6.800781250e+1,,,
5.968750000e+0,-5.996875000e-2,-6.800000000e+1,,,
3.968750000e+0,-6.000000000e-2,-6.900000000e+1,,,
1.562500000e-2,-5.596875000e-2,-6.799218750e+1,,,
8.031250000e+0,-5.200000000e-2,-6.700000000e+1,,,
1.000000000e+1,-5.200000000e-2,-6.700000000e+1,,,
3.968750000e+0,-4.012500000e-2,-6.999218750e+1,,,
4.031250000e+0,-4.800000000e-2,-6.899218750e+1,,,
6.000000000e+0,-6.003125000e-2,-6.700000000e+1,,,
3.984375000e+0,-5.581250000e-2,-6.899218750e+1,,,
1.000000000e+1,-4.806250000e-2,-7.000000000e+1,,,
4.015625000e+0,-6.006250000e-2,-6.800000000e+1,,,
6.000000000e+0,-5.193750000e-2,-6.899218750e+1,,,
2.062500000e+0,-5.596875000e-2,-6.896875000e+1,,,
0.000000000e+0,-5.200000000e-2,-7.000781250e+1,,,
8.000000000e+0,-5.600000000e-2,-6.700781250e+1,,,
9.937500000e+0,-5.203125000e-2,-7.103125000e+1,,,
6.000000000e+0,-6.003125000e-2,-6.796093750e+1,,,
7.984375000e+0,-5.193750000e-2,-6.700000000e+1,,,
2.000000000e+0,-4.800000000e-2,-6.900000000e+1,,,
1.000000000e+1,-4.800000000e-2,-6.700000000e+1,,,
6.000000000e+0,-5.203125000e-2,-6.800000000e+1,,,
6.000000000e+0,-5.603125000e-2,-6.800000000e+1,,,
-2.015625000e+0,-6.009375000e-2,-6.800000000e+1,,,
9.828125000e+0,-6.400000000e-2,-6.699218750e+1,,,
1.014062500e+1,-5.593750000e-2,-7.100000000e+1,,,
3.125000000e-2,-4.803125000e-2,-6.800000000e+1,,,
4.125000000e+0,-5.612500000e-2,-7.100000000e+1,,,
8.031250000e+0,-6.400000000e-2,-6.798437500e+1,,,
7.890625000e+0,-5.581250000e-2,-6.600781250e+1,,,
2.046875000e+0,-4.806250000e-2,-6.899218750e+1,,,
1.001562500e+1,-5.603125000e-2,-6.800000000e+1,,,
3.984375000e+0,-4.793750000e-2,-6.797656250e+1,,,
8.062500000e+0,-5.193750000e-2,-7.100000000e+1,,,
-1.937500000e+0,-6.000000000e-2,-6.800000000e+1,,,
3.968750000e+0,-6.396875000e-2,-6.800000000e+1,,,
5.968750000e+0,-6.800000000e-2,-6.700781250e+1,,,
1.000000000e+1,-5.990625000e-2,-6.900000000e+1,,,
4.078125000e+0,-5.200000000e-2,-7.000000000e+1,,,
1.984375000e+0,-5.584375000e-2,-6.702343750e+1,,,
4.062500000e+0,-6.003125000e-2,-6.700781250e+1,,,
5.921875000e+0,-4.800000000e-2,-6.500781250e+1,,,
2.078125000e+0,-6.003125000e-2,-6.800781250e+1,,,
1.198437500e+1,-5.206250000e-2,-6.700781250e+1,,,
-3.125000000e-2,-6.809375000e-2,-6.696093750e+1,,,
4.031250000e+0,-5.990625000e-2,-6.402343750e+1,,,
8.000000000e+0,-5.990625000e-2,-7.198437500e+1,,,
5.875000000e+0,-6.000000000e-2,-6.600000000e+1,,,
-4.000000000e+0,-5.596875000e-2,-6.900000000e+1,,,
1.200000000e+1,-5.603125000e-2,-6.900781250e+1,,,
1.953125000e+0,-5.600000000e-2,-6.900000000e+1,,,
0.000000000e+0,-5.603125000e-2,-6.800000000e+1,,,
-1.562500000e-2,-5.596875000e-2,-6.899218750e+1,,,
2.015625000e+0,-5.200000000e-2,-6.900000000e+1,,,
6.031250000e+0,-5.603125000e-2,-7.102343750e+1,,,
7.968750000e+0,-5.996875000e-2,-7.099218750e+1,,,
3.906250000e+0,-6.012500000e-2,-6.798437500e+1,,,
4.093750000e+0,-6.796875000e-2,-6.899218750e+1,,,
1.203125000e+1,-5.593750000e-2,-6.700000000e+1,,,
1.400000000e+1,-5.993750000e-2,-6.899218750e+1,,,
3.984375000e+0,-6.000000000e-2,-6.900000000e+1,,,
1.198437500e+1,-6.000000000e-2,-6.903125000e+1,,,
8.046875000e+0,-5.596875000e-2,-6.600000000e+1,,,
8.000000000e+0,-5.600000000e-2,-7.001562500e+1,,,
8.078125000e+0,-5.600000000e-2,-6.903906250e+1,,,
2.046875000e+0,-6.000000000e-2,-6.598437500e+1,,,
4.140625000e+0,-6.400000000e-2,-7.103125000e+1,,,
7.968750000e+0,-6.803125000e-2,-6.901562500e+1,,,
3.968750000e+0,-7.206250000e-2,-6.799218750e+1,,,
8.078125000e+0,-7.190625000e-2,-6.900000000e+1,,,
1.001562500e+1,-6.393750000e-2,-6.900000000e+1,,,
9.937500000e+0,-6.809375000e-2,-6.901562500e+1,,,
6.031250000e+0,-6.800000000e-2,-6.702343750e+1,,,
9.984375000e+0,-6.000000000e-2,-6.700000000e+1,,,
2.109375000e+0,-5.200000000e-2,-6.899218750e+1,,,
-1.562500000e-2,-5.606250000e-2,-6.902343750e+1,,,
4.000000000e+0,-6.406250000e-2,-7.202343750e+1,,,
-2.031250000e+0,-6.812500000e-2,-7.100000000e+1,,,
7.921875000e+0,-7.200000000e-2,-6.800000000e+1,,,
4.156250000e+0,-6.431250000e-2,-6.898437500e+1,,,
2.125000000e+0,-5.606250000e-2,-6.901562500e+1,,,
1.609375000e+1,-6.809375000e-2,-6.800000000e+1,,,
9.859375000e+0,-6.400000000e-2,-7.000000000e+1,,,
1.984375000e+0,-6.796875000e-2,-6.701562500e+1,,,
8.000000000e+0,-6.003125000e-2,-6.800000000e+1,,,
1.968750000e+0,-6.803125000e-2,-6.801562500e+1,,,
1.984375000e+0,-5.581250000e-2,-7.100781250e+1,,,
3.125000000e-2,-5.209375000e-2,-6.800781250e+1,,,
1.000000000e+1,-6.012500000e-2,-7.000000000e+1,,,
4.000000000e+0,-5.990625000e-2,-6.800000000e+1,,,
1.000000000e+1,-6.018750000e-2,-7.000000000e+1,,,
9.968750000e+0,-6.815625000e-2,-6.700000000e+1,,,
1.984375000e+0,-6.400000000e-2,-6.800000000e+1,,,
1.396875000e+1,-5.603125000e-2,-6.700781250e+1,,,
8.000000000e+0,-6.806250000e-2,-6.903125000e+1,,,
1.984375000e+0,-7.193750000e-2,-6.997656250e+1,,,
2.046875000e+0,-6.393750000e-2,-6.600000000e+1,,,
5.968750000e+0,-6.387500000e-2,-6.800781250e+1,,,
2.031250000e+0,-5.603125000e-2,-6.600000000e+1,,,
9.984375000e+0,-7.184375000e-2,-6.900000000e+1,,,
2.109375000e+0,-6.403125000e-2,-6.803125000e+1,,,
3.937500000e+0,-7.196875000e-2,-6.700000000e+1,,,
5.953125000e+0,-6.415625000e-2,-6.800781250e+1,,,
8.015625000e+0,-6.000000000e-2,-6.900781250e+1,,,
4.125000000e+0,-6.384375000e-2,-6.800000000e+1,,,
3.843750000e+0,-6.812500000e-2,-6.899218750e+1,,,
7.968750000e+0,-6.781250000e-2,-6.703906250e+1,,,
-2.031250000e+0,-7.996875000e-2,-6.500781250e+1,,,
1.562500000e-2,-6.412500000e-2,-6.602343750e+1,,,
4.015625000e+0,-5.206250000e-2,-6.800000000e+1,,,
3.968750000e+0,-4.800000000e-2,-6.700000000e+1,,,
6.015625000e+0,-6.400000000e-2,-6.500000000e+1,,,
1.000000000e+1,-6.784375000e-2,-6.596093750e+1,,,
6.109375000e+0,-7.212500000e-2,-6.800000000e+1,,,
2.015625000e+0,-6.390625000e-2,-7.100000000e+1,,,
1.968750000e+0,-7.996875000e-2,-6.900000000e+1,,,
8.015625000e+0,-6.406250000e-2,-6.998437500e+1,,,
2.031250000e+0,-6.400000000e-2,-6.503125000e+1,,,
5.953125000e+0,-5.606250000e-2,-7.300000000e+1,,,
6.031250000e+0,-6.390625000e-2,-6.700000000e+1,,,
1.000000000e+1,-6.403125000e-2,-6.303125000e+1,,,
5.984375000e+0,-6.800000000e-2,-6.802343750e+1,,,
6.031250000e+0,-6.800000000e-2,-6.700000000e+1,,,
7.984375000e+0,-6.800000000e-2,-6.901562500e+1,,,
4.015625000e+0,-7.196875000e-2,-6.592187500e+1,,,
4.000000000e+0,-7.209375000e-2,-6.296093750e+1,,,
6.000000000e+0,-6.803125000e-2,-7.000000000e+1,,,
4.000000000e+0,-6.400000000e-2,-6.698437500e+1,,,
6.031250000e+0,-6.400000000e-2,-6.600000000e+1,,,
-4.000000000e+0,-6.800000000e-2,-6.799218750e+1,,,
5.968750000e+0,-6.403125000e-2,-6.800000000e+1,,,
4.078125000e+0,-7.600000000e-2,-6.804687500e+1,,,
2.000000000e+0,-6.418750000e-2,-6.601562500e+1,,,
5.984375000e+0,-6.778125000e-2,-7.103906250e+1,,,
3.984375000e+0,-7.612500000e-2,-7.000000000e+1,,,
3.984375000e+0,-6.400000000e-2,-6.998437500e+1,,,
6.031250000e+0,-8.003125000e-2,-6.700781250e+1,,,
1.198437500e+1,-6.021875000e-2,-7.000000000e+1,,,
8.000000000e+0,-5.946875000e-2,-6.802343750e+1,,,
8.031250000e+0,-7.984375000e-2,-6.800781250e+1,,,
1.600000000e+1,-7.212500000e-2,-6.900000000e+1,,,
6.062500000e+0,-6.803125000e-2,-7.000000000e+1,,,
6.000000000e+0,-6.800000000e-2,-6.898437500e+1,,,
6.031250000e+0,-6.000000000e-2,-6.600000000e+1,,,
2.015625000e+0,-7.600000000e-2,-6.800000000e+1,,,
3.968750000e+0,-7.206250000e-2,-7.101562500e+1,,,
3.984375000e+0,-8.000000000e-2,-6.699218750e+1,,,
4.000000000e+0,-8.403125000e-2,-6.800000000e+1,,,
4.000000000e+0,-8.390625000e-2,-6.800781250e+1,,,
4.000000000e+0,-5.996875000e-2,-7.000781250e+1,,,
3.968750000e+0,-7.606250000e-2,-6.901562500e+1,,,
4.031250000e+0,-7.206250000e-2,-6.600000000e+1,,,
9.968750000e+0,-7.196875000e-2,-7.001562500e+1,,,
6.109375000e+0,-7.203125000e-2,-6.800000000e+1,,,
3.984375000e+0,-6.406250000e-2,-7.003125000e+1,,,
8.000000000e+0,-6.396875000e-2,-6.992968750e+1,,,
2.000000000e+0,-7.200000000e-2,-6.599218750e+1,,,
9.906250000e+0,-6.000000000e-2,-6.800000000e+1,,,
1.003125000e+1,-7.615625000e-2,-6.700000000e+1,,,
1.001562500e+1,-5.596875000e-2,-6.800000000e+1,,,
9.968750000e+0,-8.400000000e-2,-6.900781250e+1,,,
3.953125000e+0,-7.200000000e-2,-6.898437500e+1,,,
4.015625000e+0,-7.200000000e-2,-6.899218750e+1,,,
8.000000000e+0,-7.200000000e-2,-7.200000000e+1,,,
4.000000000e+0,-7.196875000e-2,-6.997656250e+1,,,
6.000000000e+0,-7.206250000e-2,-6.800000000e+1,,,
0.000000000e+0,-6.403125000e-2,-6.700000000e+1,,,
3.984375000e+0,-6.800000000e-2,-6.700000000e+1,,,
3.984375000e+0,-7.203125000e-2,-6.800781250e+1,,,
7.968750000e+0,-5.996875000e-2,-6.600781250e+1,,,
8.000000000e+0,-6.803125000e-2,-6.799218750e+1,,,
5.984375000e+0,-6.803125000e-2,-6.802343750e+1,,,
8.000000000e+0,-6.800000000e-2,-6.700000000e+1,,,
6.000000000e+0,-6.806250000e-2,-6.801562500e+1,,,
-2.015625000e+0,-6.800000000e-2,-6.903906250e+1,,,
6.125000000e+0,-8.000000000e-2,-7.100781250e+1,,,
1.193750000e+1,-6.393750000e-2,-6.894531250e+1,,,
1.937500000e+0,-6.396875000e-2,-6.601562500e+1,,,
5.968750000e+0,-7.600000000e-2,-6.898437500e+1,,,
8.000000000e+0,-6.806250000e-2,-6.703125000e+1,,,
3.984375000e+0,-6.803125000e-2,-6.703125000e+1,,,
9.953125000e+0,-6.400000000e-2,-6.900781250e+1,,,
6.062500000e+0,-6.800000000e-2,-6.599218750e+1,,,
4.062500000e+0,-7.200000000e-2,-7.000000000e+1,,,
1.859375000e+0,-7.209375000e-2,-6.602343750e+1,,,
1.206250000e+1,-6.800000000e-2,-6.799218750e+1,,,
5.859375000e+0,-8.000000000e-2,-6.600000000e+1,,,
4.000000000e+0,-6.000000000e-2,-6.799218750e+1,,,
6.062500000e+0,-8.012500000e-2,-6.800000000e+1,,,
1.001562500e+1,-7.193750000e-2,-6.998437500e+1,,,
7.953125000e+0,-7.600000000e-2,-6.600781250e+1,,,
5.953125000e+0,-6.800000000e-2,-6.797656250e+1,,,
3.906250000e+0,-7.596875000e-2,-6.801562500e+1,,,
1.201562500e+1,-7.200000000e-2,-7.100000000e+1,,,
2.109375000e+0,-7.600000000e-2,-6.800000000e+1,,,
3.906250000e+0,-7.203125000e-2,-6.901562500e+1,,,
1.003125000e+1,-8.000000000e-2,-6.800000000e+1,,,
3.968750000e+0,-8.012500000e-2,-6.800000000e+1,,,
1.203125000e+1,-6.796875000e-2,-6.800000000e+1,,,
5.953125000e+0,-8.000000000e-2,-6.800000000e+1,,,
5.953125000e+0,-6.800000000e-2,-6.800000000e+1,,,
2.078125000e+0,-7.600000000e-2,-7.001562500e+1,,,
1.400000000e+1,-6.793750000e-2,-7.099218750e+1,,,
2.000000000e+0,-6.000000000e-2,-6.800000000e+1,,,
1.203125000e+1,-8.396875000e-2,-6.700000000e+1,,,
9.875000000e+0,-6.400000000e-2,-6.800000000e+1,,,
1.984375000e+0,-7.203125000e-2,-6.602343750e+1,,,
1.198437500e+1,-7.203125000e-2,-6.599218750e+1,,,
5.953125000e+0,-7.600000000e-2,-6.901562500e+1,,,
2.000000000e+0,-6.790625000e-2,-6.900000000e+1,,,
3.984375000e+0,-6.803125000e-2,-6.700000000e+1,,,
6.031250000e+0,-7.178125000e-2,-6.800781250e+1,,,
4.000000000e+0,-8.000000000e-2,-6.700000000e+1,,,
1.200000000e+1,-7.600000000e-2,-6.900000000e+1,,,
1.984375000e+0,-7.996875000e-2,-6.699218750e+1,,,
1.207812500e+1,-6.790625000e-2,-6.900781250e+1,,,
7.906250000e+0,-6.800000000e-2,-6.800000000e+1,,,
2.031250000e+0,-6.790625000e-2,-6.900000000e+1,,,
1.600000000e+1,-8.000000000e-2,-6.700000000e+1,,,
2.000000000e+0,-6.800000000e-2,-6.900000000e+1,,,
2.000000000e+0,-8.003125000e-2,-6.801562500e+1,,,
9.984375000e+0,-7.196875000e-2,-7.000000000e+1,,,
4.015625000e+0,-7.593750000e-2,-6.600781250e+1,,,
9.953125000e+0,-6.803125000e-2,-6.800000000e+1,,,
6.046875000e+0,-8.371875000e-2,-6.700000000e+1,,,
6.046875000e+0,-7.987500000e-2,-6.800000000e+1,,,
7.968750000e+0,-7.203125000e-2,-6.800000000e+1,,,
3.984375000e+0,-7.593750000e-2,-6.700781250e+1,,,
8.078125000e+0,-7.218750000e-2,-6.899218750e+1,,,
7.921875000e+0,-9.618750000e-2,-7.000000000e+1,,,
1.953125000e+0,-8.381250000e-2,-7.100781250e+1,,,
3.890625000e+0,-7.593750000e-2,-6.900781250e+1,,,
6.078125000e+0,-8.400000000e-2,-6.900000000e+1,,,
-1.984375000e+0,-7.596875000e-2,-7.197656250e+1,,,
-9.375000000e-2,-8.806250000e-2,-6.700000000e+1,,,
9.968750000e+0,-7.184375000e-2,-7.100000000e+1,,,
8.062500000e+0,-6.400000000e-2,-6.900000000e+1,,,
7.890625000e+0,-7.181250000e-2,-6.700781250e+1,,,
1.203125000e+1,-7.600000000e-2,-6.799218750e+1,,,
9.937500000e+0,-7.200000000e-2,-6.898437500e+1,,,
8.000000000e+0,-7.203125000e-2,-6.700000000e+1,,,
5.968750000e+0,-7.609375000e-2,-6.900000000e+1,,,
-3.125000000e-2,-8.000000000e-2,-6.800000000e+1,,,
3.125000000e-2,-7.593750000e-2,-7.000781250e+1,,,
1.000000000e+1,-7.196875000e-2,-6.904687500e+1,,,
9.906250000e+0,-7.603125000e-2,-6.700000000e+1,,,
2.000000000e+0,-7.612500000e-2,-7.000000000e+1,,,
6.000000000e+0,-7.971875000e-2,-6.903125000e+1,,,
8.000000000e+0,-6.012500000e-2,-6.800000000e+1,,,
6.000000000e+0,-8.834375000e-2,-6.800000000e+1,,,
9.968750000e+0,-7.987500000e-2,-6.892968750e+1,,,
5.953125000e+0,-7.600000000e-2,-7.100000000e+1,,,
1.562500000e-2,-6.803125000e-2,-6.701562500e+1,,,
4.015625000e+0,-8.018750000e-2,-7.100000000e+1,,,
2.000000000e+0,-9.190625000e-2,-6.596875000e+1,,,
6.046875000e+0,-7.584375000e-2,-6.903125000e+1,,,
6.000000000e+0,-7.603125000e-2,-6.700781250e+1,,,
8.000000000e+0,-7.587500000e-2,-6.699218750e+1,,,
1.398437500e+1,-8.800000000e-2,-6.900000000e+1,,,
4.031250000e+0,-7.593750000e-2,-6.601562500e+1,,,
5.890625000e+0,-7.593750000e-2,-6.898437500e+1,,,
1.200000000e+1,-6.806250000e-2,-7.000781250e+1,,,
4.125000000e+0,-8.412500000e-2,-7.100000000e+1,,,
3.937500000e+0,-8.400000000e-2,-6.902343750e+1,,,
5.968750000e+0,-7.990625000e-2,-6.700781250e+1,,,
3.953125000e+0,-6.803125000e-2,-6.800000000e+1,,,
4.000000000e+0,-7.609375000e-2,-6.698437500e+1,,,
6.046875000e+0,-7.196875000e-2,-7.000000000e+1,,,
8.000000000e+0,-7.628125000e-2,-6.901562500e+1,,,
5.953125000e+0,-7.981250000e-2,-6.700781250e+1,,,
3.984375000e+0,-7.200000000e-2,-6.895312500e+1,,,
4.015625000e+0,-8.800000000e-2,-7.100000000e+1,,,
3.906250000e+0,-8.000000000e-2,-6.902343750e+1,,,
1.001562500e+1,-6.815625000e-2,-6.604687500e+1,,,
-1.984375000e+0,-9.612500000e-2,-7.304687500e+1,,,
5.828125000e+0,-7.978125000e-2,-7.100000000e+1,,,
1.198437500e+1,-8.406250000e-2,-6.700000000e+1,,,
8.156250000e+0,-8.006250000e-2,-6.998437500e+1,,,
-9.375000000e-2,-8.400000000e-2,-6.899218750e+1,,,
-1.921875000e+0,-7.587500000e-2,-7.100000000e+1,,,
3.968750000e+0,-7.621875000e-2,-6.698437500e+1,,,
-2.000000000e+0,-8.803125000e-2,-6.799218750e+1,,,
6.000000000e+0,-7.993750000e-2,-6.800000000e+1,,,
-4.031250000e+0,-8.003125000e-2,-7.000781250e+1,,,
3.125000000e-2,-7.200000000e-2,-6.903906250e+1,,,
4.046875000e+0,-8.012500000e-2,-6.698437500e+1,,,
1.400000000e+1,-8.003125000e-2,-7.100000000e+1,,,
8.000000000e+0,-8.403125000e-2,-6.900781250e+1,,,
2.000000000e+0,-7.990625000e-2,-7.000000000e+1,,,
5.984375000e+0,-8.006250000e-2,-6.700000000e+1,,,
-1.562500000e-2,-8.000000000e-2,-6.702343750e+1,,,
7.984375000e+0,-7.593750000e-2,-6.597656250e+1,,,
2.000000000e+0,-7.606250000e-2,-7.103125000e+1,,,
-1.906250000e+0,-9.193750000e-2,-6.894531250e+1,,,
1.404687500e+1,-7.187500000e-2,-6.600000000e+1,,,
5.890625000e+0,-8.421875000e-2,-7.100000000e+1,,,
6.062500000e+0,-7.987500000e-2,-6.500000000e+1,,,
8.078125000e+0,-6.756250000e-2,-6.800000000e+1,,,
6.250000000e-2,-9.178125000e-2,-7.002343750e+1,,,
3.921875000e+0,-8.412500000e-2,-6.700000000e+1,,,
5.984375000e+0,-8.800000000e-2,-6.800781250e+1,,,
6.078125000e+0,-8.396875000e-2,-6.900000000e+1,,,
2.031250000e+0,-9.206250000e-2,-6.900000000e+1,,,
5.843750000e+0,-8.028125000e-2,-6.803906250e+1,,,
5.921875000e+0,-8.006250000e-2,-6.400000000e+1,,,
-4.031250000e+0,-7.587500000e-2,-6.798437500e+1,,,
3.125000000e-2,-9.203125000e-2,-6.900000000e+1,,,
6.031250000e+0,-7.206250000e-2,-6.901562500e+1,,,
7.968750000e+0,-8.000000000e-2,-6.600000000e+1,,,
1.968750000e+0,-7.600000000e-2,-6.800000000e+1,,,
0.000000000e+0,-7.971875000e-2,-6.802343750e+1,,,
9.984375000e+0,-8.400000000e-2,-6.800000000e+1,,,
2.078125000e+0,-8.390625000e-2,-6.902343750e+1,,,
5.953125000e+0,-9.203125000e-2,-7.000000000e+1,,,
1.203125000e+1,-7.606250000e-2,-6.899218750e+1,,,
4.062500000e+0,-7.596875000e-2,-6.796875000e+1,,,
7.875000000e+0,-7.215625000e-2,-6.600000000e+1,,,
1.193750000e+1,-7.571875000e-2,-7.300000000e+1,,,
3.921875000e+0,-9.200000000e-2,-6.597656250e+1,,,
6.015625000e+0,-8.403125000e-2,-6.900781250e+1,,,
9.953125000e+0,-8.400000000e-2,-6.500000000e+1,,,
4.000000000e+0,-8.400000000e-2,-6.902343750e+1,,,
1.198437500e+1,-9.200000000e-2,-6.698437500e+1,,,
6.000000000e+0,-8.425000000e-2,-6.800000000e+1,,,
3.984375000e+0,-8.006250000e-2,-6.700000000e+1,,,
3.984375000e+0,-7.600000000e-2,-6.800781250e+1,,,
8.000000000e+0,-9.200000000e-2,-6.899218750e+1,,,
2.000000000e+0,-9.209375000e-2,-7.000781250e+1,,,
1.000000000e+1,-7.196875000e-2,-6.799218750e+1,,,
2.062500000e+0,-8.000000000e-2,-6.801562500e+1,,,
6.000000000e+0,-7.190625000e-2,-6.700781250e+1,,,
8.000000000e+0,-8.793750000e-2,-7.001562500e+1,,,
4.000000000e+0,-7.993750000e-2,-6.799218750e+1,,,
8.000000000e+0,-9.600000000e-2,-6.699218750e+1,,,
3.984375000e+0,-8.003125000e-2,-6.602343750e+1,,,
5.984375000e+0,-8.800000000e-2,-6.800000000e+1,,,
8.000000000e+0,-7.621875000e-2,-6.600000000e+1,,,
-2.000000000e+0,-8.381250000e-2,-6.900781250e+1,,,
7.968750000e+0,-8.803125000e-2,-6.800000000e+1,,,
6.046875000e+0,-8.403125000e-2,-6.800000000e+1,,,
4.015625000e+0,-8.000000000e-2,-6.800000000e+1,,,
1.984375000e+0,-8.800000000e-2,-6.800000000e+1,,,
7.843750000e+0,-8.800000000e-2,-7.200000000e+1,,,
1.407812500e+1,-8.862500000e-2,-6.903125000e+1,,,
-1.875000000e-1,-7.200000000e-2,-6.799218750e+1,,,
-1.875000000e+0,-9.606250000e-2,-6.700000000e+1,,,
5.984375000e+0,-8.793750000e-2,-6.800000000e+1,,,
0.000000000e+0,-7.600000000e-2,-6.800781250e+1,,,
8.015625000e+0,-8.403125000e-2,-7.000000000e+1,,,
4.000000000e+0,-8.409375000e-2,-6.901562500e+1,,,
1.198437500e+1,-7.596875000e-2,-6.700781250e+1,,,
6.046875000e+0,-8.796875000e-2,-7.001562500e+1,,,
9.984375000e+0,-8.406250000e-2,-7.099218750e+1,,,
8.015625000e+0,-8.800000000e-2,-6.893750000e+1,,,
3.953125000e+0,-8.800000000e-2,-6.800781250e+1,,,
1.000000000e+1,-8.803125000e-2,-7.000000000e+1,,,
4.046875000e+0,-8.425000000e-2,-6.699218750e+1,,,
8.093750000e+0,-7.996875000e-2,-6.800000000e+1,,,
7.953125000e+0,-9.200000000e-2,-6.900781250e+1,,,
-1.984375000e+0,-8.000000000e-2,-6.902343750e+1,,,
8.015625000e+0,-8.006250000e-2,-7.101562500e+1,,,
4.015625000e+0,-9.200000000e-2,-6.601562500e+1,,,
4.000000000e+0,-8.412500000e-2,-6.804687500e+1,,,
1.400000000e+1,-8.393750000e-2,-7.000000000e+1,,,
4.031250000e+0,-9.203125000e-2,-6.701562500e+1,,,
3.984375000e+0,-8.800000000e-2,-6.900000000e+1,,,
8.000000000e+0,-9.603125000e-2,-6.901562500e+1,,,
1.968750000e+0,-8.396875000e-2,-6.598437500e+1,,,
1.000000000e+1,-9.203125000e-2,-7.000000000e+1,,,
2.109375000e+0,-9.206250000e-2,-6.701562500e+1,,,
-3.125000000e-2,-8.012500000e-2,-6.900000000e+1,,,
1.000000000e+1,-7.587500000e-2,-6.596093750e+1,,,
5.984375000e+0,-9.200000000e-2,-6.712500000e+1,,,
1.000000000e+1,-8.000000000e-2,-7.099218750e+1,,,
3.953125000e+0,-9.206250000e-2,-6.697656250e+1,,,
4.031250000e+0,-9.203125000e-2,-6.902343750e+1,,,
4.000000000e+0,-8.396875000e-2,-6.803125000e+1,,,
2.000000000e+0,-8.803125000e-2,-6.699218750e+1,,,
3.984375000e+0,-8.000000000e-2,-6.901562500e+1,,,
4.031250000e+0,-8.806250000e-2,-6.801562500e+1,,,
1.968750000e+0,-9.600000000e-2,-6.600781250e+1,,,
5.984375000e+0,-7.596875000e-2,-6.700000000e+1,,,
2.109375000e+0,-1.038750000e-1,-6.802343750e+1,,,
2.078125000e+0,-8.400000000e-2,-6.599218750e+1,,,
8.093750000e+0,-8.800000000e-2,-6.900781250e+1,,,
7.953125000e+0,-8.003125000e-2,-6.700781250e+1,,,
-1.250000000e-1,-1.000625000e-1,-6.800000000e+1,,,
-3.937500000e+0,-9.196875000e-2,-6.898437500e+1,,,
4.109375000e+0,-9.593750000e-2,-6.700000000e+1,,,
5.953125000e+0,-8.000000000e-2,-6.896093750e+1,,,
2.062500000e+0,-9.206250000e-2,-7.000781250e+1,,,
1.890625000e+0,-7.596875000e-2,-7.000000000e+1,,,
1.000000000e+1,-1.000937500e-1,-6.900000000e+1,,,
2.046875000e+0,-1.000000000e-1,-6.597656250e+1,,,
3.968750000e+0,-9.600000000e-2,-6.702343750e+1,,,
3.953125000e+0,-9.200000000e-2,-7.100781250e+1,,,
8.000000000e+0,-8.812500000e-2,-6.799218750e+1,,,
6.000000000e+0,-8.396875000e-2,-6.900000000e+1,,,
9.984375000e+0,-1.000000000e-1,-6.600000000e+1,,,
6.015625000e+0,-8.400000000e-2,-7.101562500e+1,,,
9.968750000e+0,-1.000000000e-1,-6.898437500e+1,,,
0.000000000e+0,-8.400000000e-2,-6.700000000e+1,,,
6.015625000e+0,-8.793750000e-2,-6.899218750e+1,,,
5.953125000e+0,-8.800000000e-2,-7.000000000e+1,,,
5.984375000e+0,-9.200000000e-2,-6.800781250e+1,,,
1.000000000e+1,-8.790625000e-2,-6.800781250e+1,,,
3.968750000e+0,-8.809375000e-2,-6.700781250e+1,,,
3.984375000e+0,-1.000937500e-1,-7.000000000e+1,,,
6.000000000e+0,-9.584375000e-2,-6.700000000e+1,,,
2.000000000e+0,-8.790625000e-2,-7.094531250e+1,,,
4.000000000e+0,-9.600000000e-2,-6.900781250e+1,,,
2.000000000e+0,-8.800000000e-2,-6.900000000e+1,,,
8.031250000e+0,-9.200000000e-2,-6.900781250e+1,,,
6.015625000e+0,-8.403125000e-2,-7.000000000e+1,,,
7.984375000e+0,-9.612500000e-2,-6.900000000e+1,,,
-2.031250000e+0,-9.609375000e-2,-6.899218750e+1,,,
2.000000000e+0,-8.803125000e-2,-6.600000000e+1,,,
1.000000000e+1,-9.203125000e-2,-6.998437500e+1,,,
-2.000000000e+0,-9.209375000e-2,-6.999218750e+1,,,
-4.687500000e-2,-1.120937500e-1,-7.000000000e+1,,,
9.890625000e+0,-9.984375000e-2,-6.900781250e+1,,,
1.012500000e+1,-9.596875000e-2,-6.900000000e+1,,,
4.687500000e-2,-8.796875000e-2,-6.900000000e+1,,,
2.156250000e+0,-1.000625000e-1,-7.000000000e+1,,,
7.968750000e+0,-9.593750000e-2,-6.899218750e+1,,,
1.984375000e+0,-9.606250000e-2,-6.700000000e+1,,,
8.109375000e+0,-1.000312500e-1,-6.900000000e+1,,,
7.937500000e+0,-9.584375000e-2,-6.700000000e+1,,,
1.921875000e+0,-8.793750000e-2,-6.798437500e+1,,,
-4.687500000e-2,-8.790625000e-2,-6.900000000e+1,,,
3.953125000e+0,-1.040000000e-1,-6.800000000e+1,,,
3.984375000e+0,-1.001250000e-1,-7.099218750e+1,,,
6.000000000e+0,-9.603125000e-2,-6.599218750e+1,,,
3.984375000e+0,-1.000625000e-1,-6.800000000e+1,,,
6.031250000e+0,-9.996875000e-2,-6.800000000e+1,,,
1.921875000e+0,-9.193750000e-2,-6.900000000e+1,,,
1.004687500e+1,-1.040000000e-1,-6.800781250e+1,,,
5.984375000e+0,-9.596875000e-2,-6.798437500e+1,,,
9.984375000e+0,-9.603125000e-2,-6.701562500e+1,,,
3.953125000e+0,-9.603125000e-2,-7.200781250e+1,,,
6.015625000e+0,-9.593750000e-2,-6.597656250e+1,,,
8.015625000e+0,-8.796875000e-2,-6.900781250e+1,,,
1.000000000e+1,-9.193750000e-2,-6.702343750e+1,,,
3.968750000e+0,-9.609375000e-2,-6.800000000e+1,,,
6.000000000e+0,-1.038437500e-1,-6.800000000e+1,,,
8.000000000e+0,-8.796875000e-2,-6.899218750e+1,,,
5.984375000e+0,-1.000625000e-1,-6.800000000e+1,,,
6.000000000e+0,-8.778125000e-2,-6.500000000e+1,,,
2.031250000e+0,-8.809375000e-2,-6.791406250e+1,,,
2.000000000e+0,-9.600000000e-2,-7.000000000e+1,,,
3.984375000e+0,-9.206250000e-2,-6.900000000e+1,,,
2.031250000e+0,-1.080000000e-1,-6.899218750e+1,,,
5.921875000e+0,-9.178125000e-2,-6.700781250e+1,,,
-2.000000000e+0,-9.612500000e-2,-6.902343750e+1,,,
6.015625000e+0,-1.000312500e-1,-6.800781250e+1,,,
2.000000000e+0,-1.000937500e-1,-6.700000000e+1,,,
6.000000000e+0,-9.603125000e-2,-6.900781250e+1,,,
4.015625000e+0,-1.080937500e-1,-6.902343750e+1,,,
1.968750000e+0,-9.968750000e-2,-6.800000000e+1,,,
7.968750000e+0,-8.403125000e-2,-7.000000000e+1,,,
8.078125000e+0,-1.042500000e-1,-6.801562500e+1,,,
4.015625000e+0,-1.120000000e-1,-6.898437500e+1,,,
6.140625000e+0,-9.200000000e-2,-7.000000000e+1,,,
5.828125000e+0,-1.040937500e-1,-6.900781250e+1,,,
-1.968750000e+0,-9.171875000e-2,-6.900781250e+1,,,
1.426562500e+1,-9.231250000e-2,-6.800000000e+1,,,
1.165625000e+1,-1.159375000e-1,-6.800781250e+1,,,
-6.046875000e+0,-9.584375000e-2,-6.602343750e+1,,,
6.171875000e+0,-1.120000000e-1,-6.599218750e+1,,,
6.078125000e+0,-1.040000000e-1,-6.800000000e+1,,,
2.000000000e+0,-9.600000000e-2,-7.100000000e+1,,,
5.984375000e+0,-8.809375000e-2,-6.901562500e+1,,,
6.000000000e+0,-1.000625000e-1,-7.200781250e+1,,,
4.031250000e+0,-9.187500000e-2,-6.800000000e+1,,,
3.906250000e+0,-9.609375000e-2,-6.800000000e+1,,,
1.006250000e+1,-9.618750000e-2,-6.701562500e+1,,,
1.984375000e+0,-8.800000000e-2,-6.697656250e+1,,,
1.212500000e+1,-9.609375000e-2,-7.000000000e+1,,,
1.192187500e+1,-1.002187500e-1,-6.796875000e+1,,,
5.984375000e+0,-1.078437500e-1,-6.600000000e+1,,,
1.000000000e+1,-8.387500000e-2,-6.800000000e+1,,,
5.984375000e+0,-9.200000000e-2,-6.901562500e+1,,,
8.015625000e+0,-8.790625000e-2,-7.101562500e+1,,,
1.001562500e+1,-8.396875000e-2,-6.702343750e+1,,,
1.200000000e+1,-8.821875000e-2,-6.700000000e+1,,,
8.000000000e+0,-1.001875000e-1,-6.699218750e+1,,,
-2.000000000e+0,-9.993750000e-2,-6.898437500e+1,,,
6.015625000e+0,-9.590625000e-2,-6.900000000e+1,,,
3.984375000e+0,-9.600000000e-2,-6.700781250e+1,,,
7.968750000e+0,-1.039062500e-1,-6.897656250e+1,,,
1.000000000e+1,-8.800000000e-2,-7.000781250e+1,,,
7.968750000e+0,-1.040625000e-1,-6.896093750e+1,,,
6.031250000e+0,-9.193750000e-2,-6.500000000e+1,,,
7.953125000e+0,-1.000000000e-1,-7.000000000e+1,,,
0.000000000e+0,-8.796875000e-2,-6.500000000e+1,,,
7.953125000e+0,-9.184375000e-2,-7.000000000e+1,,,
3.953125000e+0,-9.196875000e-2,-6.803906250e+1,,,
1.200000000e+1,-9.603125000e-2,-6.700000000e+1,,,
6.000000000e+0,-9.203125000e-2,-6.600000000e+1,,,
1.387500000e+1,-9.590625000e-2,-6.600781250e+1,,,
1.012500000e+1,-1.002812500e-1,-6.600000000e+1,,,
9.968750000e+0,-8.787500000e-2,-6.900781250e+1,,,
7.968750000e+0,-1.038750000e-1,-6.504687500e+1,,,
6.000000000e+0,-9.221875000e-2,-6.599218750e+1,,,
1.003125000e+1,-8.396875000e-2,-6.802343750e+1,,,
1.598437500e+1,-9.993750000e-2,-6.901562500e+1,,,
5.937500000e+0,-1.040000000e-1,-6.500000000e+1,,,
6.000000000e+0,-8.800000000e-2,-7.100000000e+1,,,
6.000000000e+0,-9.146875000e-2,-6.907031250e+1,,,
1.004687500e+1,-1.039062500e-1,-7.000000000e+1,,,
3.984375000e+0,-1.001562500e-1,-7.100781250e+1,,,
1.198437500e+1,-9.593750000e-2,-6.996875000e+1,,,
8.125000000e+0,-1.040312500e-1,-6.698437500e+1,,,
-2.046875000e+0,-9.206250000e-2,-6.599218750e+1,,,
7.968750000e+0,-9.975000000e-2,-6.400000000e+1,,,
2.046875000e+0,-1.001250000e-1,-6.600000000e+1,,,
1.401562500e+1,-9.596875000e-2,-6.600781250e+1,,,
1.953125000e+0,-1.040000000e-1,-6.800781250e+1,,,
2.062500000e+0,-9.600000000e-2,-6.700000000e+1,,,
1.004687500e+1,-1.000000000e-1,-6.600781250e+1,,,
1.403125000e+1,-9.593750000e-2,-6.700000000e+1,,,
0.000000000e+0,-1.080000000e-1,-6.600000000e+1,,,
2.031250000e+0,-9.609375000e-2,-6.700000000e+1,,,
7.968750000e+0,-9.600000000e-2,-6.600000000e+1,,,
8.000000000e+0,-9.200000000e-2,-6.598437500e+1,,,
6.000000000e+0,-9.603125000e-2,-7.100781250e+1,,,
9.984375000e+0,-8.803125000e-2,-6.498437500e+1,,,
1.012500000e+1,-1.040000000e-1,-6.595312500e+1,,,
0.000000000e+0,-9.215625000e-2,-6.700000000e+1,,,
9.968750000e+0,-9.593750000e-2,-6.599218750e+1,,,
7.984375000e+0,-9.600000000e-2,-6.700781250e+1,,,
8.015625000e+0,-1.000000000e-1,-6.802343750e+1,,,
1.000000000e+1,-1.000312500e-1,-6.999218750e+1,,,
8.000000000e+0,-9.612500000e-2,-6.701562500e+1,,,
1.000000000e+1,-8.393750000e-2,-6.598437500e+1,,,
1.984375000e+0,-9.978125000e-2,-6.901562500e+1,,,
7.968750000e+0,-9.618750000e-2,-6.900000000e+1,,,
8.062500000e+0,-8.796875000e-2,-6.600000000e+1,,,
1.562500000e-2,-1.040000000e-1,-6.700781250e+1,,,
3.906250000e+0,-1.040000000e-1,-6.800000000e+1,,,
8.000000000e+0,-1.000000000e-1,-6.800000000e+1,,,
7.953125000e+0,-9.615625000e-2,-6.602343750e+1,,,
1.195312500e+1,-9.200000000e-2,-6.500781250e+1,,,
3.937500000e+0,-9.606250000e-2,-6.700000000e+1,,,
8.062500000e+0,-1.080625000e-1,-6.600000000e+1,,,
1.004687500e+1,-1.119687500e-1,-6.800781250e+1,,,
1.192187500e+1,-9.596875000e-2,-6.702343750e+1,,,
3.968750000e+0,-1.040312500e-1,-6.300781250e+1,,,
7.953125000e+0,-8.400000000e-2,-6.603125000e+1,,,
7.968750000e+0,-1.039062500e-1,-6.700781250e+1,,,
1.198437500e+1,-9.212500000e-2,-6.700781250e+1,,,
1.201562500e+1,-9.203125000e-2,-6.800000000e+1,,,
7.953125000e+0,-8.812500000e-2,-6.599218750e+1,,,
1.600000000e+1,-1.240000000e-1,-6.500000000e+1,,,
8.078125000e+0,-8.887500000e-2,-6.700000000e+1,,,
1.206250000e+1,-9.193750000e-2,-6.500000000e+1,,,
1.198437500e+1,-1.040000000e-1,-6.600781250e+1,,,
9.984375000e+0,-9.600000000e-2,-6.699218750e+1,,,
1.000000000e+1,-7.606250000e-2,-6.600000000e+1,,,
1.198437500e+1,-1.120000000e-1,-6.700000000e+1,,,
1.400000000e+1,-1.201875000e-1,-6.600000000e+1,,,
1.600000000e+1,-8.834375000e-2,-6.700000000e+1,,,
1.200000000e+1,-7.584375000e-2,-6.600000000e+1,,,
1.398437500e+1,-1.080000000e-1,-6.800000000e+1,,,
1.601562500e+1,-1.201250000e-1,-6.801562500e+1,,,
8.046875000e+0,-7.587500000e-2,-6.501562500e+1,,,
9.968750000e+0,-9.609375000e-2,-6.599218750e+1,,,
1.398437500e+1,-9.596875000e-2,-6.698437500e+1,,,
1.598437500e+1,-1.079375000e-1,-6.700000000e+1,,,
1.600000000e+1,-9.237500000e-2,-6.398437500e+1,,,
1.593750000e+1,-7.200000000e-2,-6.607031250e+1,,,
8.000000000e+0,-1.162187500e-1,-6.800781250e+1,,,
1.606250000e+1,-1.239375000e-1,-6.696875000e+1,,,
1.393750000e+1,-9.618750000e-2,-6.499218750e+1,,,
1.198437500e+1,-7.959375000e-2,-6.497656250e+1,,,
1.598437500e+1,-1.078750000e-1,-6.699218750e+1,,,
1.600000000e+1,-9.209375000e-2,-6.597656250e+1,,,
1.606250000e+1,-8.803125000e-2,-6.499218750e+1,,,
1.000000000e+1,-1.000000000e-1,-6.800781250e+1,,,
1.393750000e+1,-1.039687500e-1,-6.400000000e+1,,,
1.207812500e+1,-1.120937500e-1,-6.599218750e+1,,,
9.968750000e+0,-9.600000000e-2,-6.303906250e+1,,,
1.003125000e+1,-9.600000000e-2,-6.200781250e+1,,,
1.404687500e+1,-1.080625000e-1,-6.498437500e+1,,,
1.796875000e+1,-1.119375000e-1,-6.600000000e+1,,,
1.187500000e+1,-9.984375000e-2,-6.599218750e+1,,,
1.001562500e+1,-1.001250000e-1,-6.500000000e+1,,,
1.403125000e+1,-1.159062500e-1,-6.599218750e+1,,,
1.793750000e+1,-1.120625000e-1,-6.600781250e+1,,,
1.810937500e+1,-1.080625000e-1,-6.800000000e+1,,,
8.062500000e+0,-1.000000000e-1,-6.500000000e+1,,,
1.190625000e+1,-1.040312500e-1,-6.502343750e+1,,,
1.800000000e+1,-1.080000000e-1,-6.600000000e+1,,,
1.407812500e+1,-1.001250000e-1,-6.500781250e+1,,,
1.404687500e+1,-9.200000000e-2,-6.500000000e+1,,,
1.596875000e+1,-1.039062500e-1,-6.500000000e+1,,,
9.968750000e+0,-1.160000000e-1,-6.600000000e+1,,,
1.404687500e+1,-9.993750000e-2,-6.400781250e+1,,,
1.801562500e+1,-1.000000000e-1,-6.700781250e+1,,,
2.000000000e+1,-9.600000000e-2,-6.500000000e+1,,,
1.598437500e+1,-1.040625000e-1,-6.500781250e+1,,,
1.800000000e+1,-9.600000000e-2,-6.400000000e+1,,,
1.600000000e+1,-1.040000000e-1,-6.402343750e+1,,,
1.798437500e+1,-9.187500000e-2,-6.298437500e+1,,,
1.796875000e+1,-9.606250000e-2,-6.801562500e+1,,,
1.200000000e+1,-1.041562500e-1,-6.700000000e+1,,,
1.798437500e+1,-1.118750000e-1,-6.500781250e+1,,,
1.404687500e+1,-9.996875000e-2,-6.498437500e+1,,,
1.400000000e+1,-1.159687500e-1,-6.500000000e+1,,,
1.800000000e+1,-1.079062500e-1,-6.501562500e+1,,,
1.992187500e+1,-9.193750000e-2,-6.798437500e+1,,,
1.198437500e+1,-9.218750000e-2,-6.399218750e+1,,,
1.398437500e+1,-1.040000000e-1,-6.600000000e+1,,,
1.001562500e+1,-1.000312500e-1,-6.400000000e+1,,,
2.000000000e+1,-1.080000000e-1,-6.500000000e+1,,,
2.000000000e+1,-1.040000000e-1,-6.600000000e+1,,,
1.000000000e+1,-1.040000000e-1,-6.599218750e+1,,,
1.396875000e+1,-1.039687500e-1,-6.300000000e+1,,,
1.593750000e+1,-9.996875000e-2,-6.099218750e+1,,,
2.003125000e+1,-1.000000000e-1,-6.500000000e+1,,,
1.401562500e+1,-9.971875000e-2,-6.500000000e+1,,,
1.600000000e+1,-1.119375000e-1,-6.600781250e+1,,,
1.400000000e+1,-8.784375000e-2,-6.298437500e+1,,,
1.809375000e+1,-9.628125000e-2,-6.100781250e+1,,,
1.995312500e+1,-1.079687500e-1,-6.399218750e+1,,,
1.596875000e+1,-1.000000000e-1,-6.300000000e+1,,,
1.598437500e+1,-1.120625000e-1,-6.400000000e+1,,,
1.204687500e+1,-1.119687500e-1,-6.300000000e+1,,,
1.198437500e+1,-1.160000000e-1,-6.400000000e+1,,,
1.395312500e+1,-1.000937500e-1,-6.700000000e+1,,,
2.198437500e+1,-1.000937500e-1,-6.500000000e+1,,,
2.001562500e+1,-1.040625000e-1,-6.600000000e+1,,,
2.003125000e+1,-1.039687500e-1,-6.500000000e+1,,,
1.603125000e+1,-9.596875000e-2,-6.401562500e+1,,,
2.009375000e+1,-1.040312500e-1,-6.300000000e+1,,,
1.987500000e+1,-9.200000000e-2,-6.400781250e+1,,,
1.195312500e+1,-1.001562500e-1,-6.299218750e+1,,,
1.401562500e+1,-1.040312500e-1,-6.199218750e+1,,,
1.200000000e+1,-1.039375000e-1,-6.601562500e+1,,,
1.403125000e+1,-1.000000000e-1,-6.399218750e+1,,,
2.000000000e+1,-1.077187500e-1,-6.400781250e+1,,,
1.795312500e+1,-1.119062500e-1,-6.300000000e+1,,,
1.600000000e+1,-9.990625000e-2,-6.400000000e+1,,,
1.800000000e+1,-1.082812500e-1,-6.399218750e+1,,,
1.800000000e+1,-1.159687500e-1,-6.500000000e+1,,,
1.800000000e+1,-1.079062500e-1,-6.400000000e+1,,,
1.993750000e+1,-1.080312500e-1,-6.493750000e+1,,,
2.198437500e+1,-1.000000000e-1,-6.700000000e+1,,,
1.598437500e+1,-9.203125000e-2,-6.399218750e+1,,,
2.004687500e+1,-1.081250000e-1,-6.399218750e+1,,,
1.995312500e+1,-1.119375000e-1,-6.200781250e+1,,,
2.007812500e+1,-1.080625000e-1,-6.401562500e+1,,,
2.601562500e+1,-1.119687500e-1,-6.201562500e+1,,,
2.400000000e+1,-9.615625000e-2,-6.100000000e+1,,,
1.998437500e+1,-9.603125000e-2,-6.300781250e+1,,,
2.000000000e+1,-1.000000000e-1,-6.200781250e+1,,,
1.796875000e+1,-1.000000000e-1,-6.399218750e+1,,,
2.398437500e+1,-1.040937500e-1,-6.400781250e+1,,,
2.198437500e+1,-1.080000000e-1,-6.500000000e+1,,,
2.600000000e+1,-1.040000000e-1,-6.301562500e+1,,,
2.200000000e+1,-1.039062500e-1,-6.300781250e+1,,,
2.392187500e+1,-9.206250000e-2,-6.300000000e+1,,,
1.598437500e+1,-1.121875000e-1,-6.399218750e+1,,,
2.204687500e+1,-1.038437500e-1,-6.400000000e+1,,,
2.003125000e+1,-1.042187500e-1,-6.400000000e+1,,,
2.606250000e+1,-1.078750000e-1,-6.400781250e+1,,,
2.181250000e+1,-1.040000000e-1,-6.398437500e+1,,,
1.195312500e+1,-1.120000000e-1,-6.500000000e+1,,,
2.393750000e+1,-9.600000000e-2,-6.200781250e+1,,,
1.800000000e+1,-9.215625000e-2,-6.303125000e+1,,,
2.398437500e+1,-1.080937500e-1,-6.400000000e+1,,,
2.196875000e+1,-9.978125000e-2,-6.300000000e+1,,,
2.604687500e+1,-9.609375000e-2,-6.200000000e+1,,,
1.610937500e+1,-1.040312500e-1,-6.400781250e+1,,,
2.014062500e+1,-1.000312500e-1,-6.200000000e+1,,,
2.804687500e+1,-1.120937500e-1,-6.400000000e+1,,,
2.589062500e+1,-1.078750000e-1,-6.197656250e+1,,,
2.001562500e+1,-1.039375000e-1,-6.099218750e+1,,,
3.000000000e+1,-1.000312500e-1,-6.300000000e+1,,,
2.198437500e+1,-1.079687500e-1,-6.400781250e+1,,,
2.800000000e+1,-1.119062500e-1,-6.400781250e+1,,,
2.398437500e+1,-1.040312500e-1,-6.300000000e+1,,,
2.400000000e+1,-1.119375000e-1,-6.200000000e+1,,,
2.600000000e+1,-9.993750000e-2,-5.900781250e+1,,,
2.800000000e+1,-1.122812500e-1,-6.095312500e+1,,,
2.995312500e+1,-1.035312500e-1,-6.300000000e+1,,,
1.800000000e+1,-9.600000000e-2,-5.803125000e+1,,,
2.996875000e+1,-1.160312500e-1,-6.195312500e+1,,,
2.400000000e+1,-1.040000000e-1,-6.398437500e+1,,,
2.600000000e+1,-1.119687500e-1,-6.199218750e+1,,,
2.400000000e+1,-9.587500000e-2,-6.200000000e+1,,,
2.800000000e+1,-1.084062500e-1,-6.100000000e+1,,,
2.603125000e+1,-1.199687500e-1,-6.200000000e+1,,,
3.009375000e+1,-1.044062500e-1,-6.200000000e+1,,,
1.812500000e+1,-1.039687500e-1,-6.100781250e+1,,,
2.190625000e+1,-1.039375000e-1,-6.100000000e+1,,,
2.587500000e+1,-1.119375000e-1,-6.000781250e+1,,,
3.198437500e+1,-1.080937500e-1,-6.200000000e+1,,,
2.426562500e+1,-1.000000000e-1,-5.900000000e+1,,,
2.176562500e+1,-1.039062500e-1,-5.898437500e+1,,,
3.203125000e+1,-1.039687500e-1,-6.096875000e+1,,,
2.596875000e+1,-1.080312500e-1,-6.200781250e+1,,,
2.400000000e+1,-1.040000000e-1,-6.000000000e+1,,,
2.601562500e+1,-1.080312500e-1,-6.100000000e+1,,,
2.796875000e+1,-9.600000000e-2,-6.000000000e+1,,,
2.400000000e+1,-1.000000000e-1,-6.300000000e+1,,,
2.800000000e+1,-9.984375000e-2,-5.905468750e+1,,,
2.801562500e+1,-1.118437500e-1,-6.100000000e+1,,,
2.798437500e+1,-1.121250000e-1,-6.100000000e+1,,,
2.998437500e+1,-1.040937500e-1,-6.099218750e+1,,,
3.001562500e+1,-1.039687500e-1,-6.000000000e+1,,,
2.801562500e+1,-1.160312500e-1,-6.001562500e+1,,,
2.798437500e+1,-1.041250000e-1,-6.200000000e+1,,,
3.006250000e+1,-1.080000000e-1,-6.100000000e+1,,,
3.400000000e+1,-1.039687500e-1,-6.200000000e+1,,,
2.996875000e+1,-1.159687500e-1,-5.897656250e+1,,,
2.800000000e+1,-1.120000000e-1,-5.900000000e+1,,,
2.800000000e+1,-9.600000000e-2,-6.102343750e+1,,,
3.001562500e+1,-1.118750000e-1,-6.198437500e+1,,,
2.400000000e+1,-1.121250000e-1,-6.000781250e+1,,,
3.003125000e+1,-1.120312500e-1,-6.100000000e+1,,,
3.200000000e+1,-1.040000000e-1,-6.100000000e+1,,,
2.800000000e+1,-1.000000000e-1,-6.000781250e+1,,,
3.000000000e+1,-1.000312500e-1,-6.000000000e+1,,,
2.598437500e+1,-9.606250000e-2,-6.000000000e+1,,,
3.192187500e+1,-1.120000000e-1,-6.003125000e+1,,,
3.000000000e+1,-1.000937500e-1,-5.901562500e+1,,,
2.400000000e+1,-1.080000000e-1,-6.302343750e+1,,,
2.801562500e+1,-1.000312500e-1,-6.099218750e+1,,,
2.995312500e+1,-1.120000000e-1,-6.103125000e+1,,,
2.600000000e+1,-1.160312500e-1,-6.296875000e+1,,,
3.196875000e+1,-1.040937500e-1,-5.900781250e+1,,,
3.400000000e+1,-1.000625000e-1,-6.099218750e+1,,,
3.203125000e+1,-1.037812500e-1,-5.900000000e+1,,,
4.198437500e+1,-1.120937500e-1,-6.000000000e+1,,,
3.403125000e+1,-9.206250000e-2,-6.100000000e+1,,,
3.403125000e+1,-9.600000000e-2,-6.099218750e+1,,,
2.601562500e+1,-1.040000000e-1,-5.900000000e+1,,,
3.192187500e+1,-1.000000000e-1,-6.100000000e+1,,,
3.396875000e+1,-1.039062500e-1,-6.103125000e+1,,,
3.800000000e+1,-1.040000000e-1,-5.699218750e+1,,,
3.598437500e+1,-1.120625000e-1,-5.800000000e+1,,,
3.596875000e+1,-1.159375000e-1,-5.699218750e+1,,,
3.195312500e+1,-9.596875000e-2,-5.800781250e+1,,,
3.204687500e+1,-1.040312500e-1,-5.900000000e+1,,,
3.601562500e+1,-1.001250000e-1,-5.800781250e+1,,,
3.600000000e+1,-9.581250000e-2,-5.800781250e+1,,,
3.604687500e+1,-1.160000000e-1,-6.001562500e+1,,,
3.201562500e+1,-1.000937500e-1,-6.100000000e+1,,,
3.198437500e+1,-1.080000000e-1,-5.996875000e+1,,,
3.398437500e+1,-1.000000000e-1,-5.799218750e+1,,,
3.596875000e+1,-1.080312500e-1,-5.800000000e+1,,,
3.609375000e+1,-9.643750000e-2,-6.001562500e+1,,,
2.996875000e+1,-9.596875000e-2,-6.100000000e+1,,,
3.401562500e+1,-1.080000000e-1,-5.699218750e+1,,,
3.604687500e+1,-8.800000000e-2,-5.803906250e+1,,,
4.400000000e+1,-1.040937500e-1,-6.099218750e+1,,,
3.604687500e+1,-1.120000000e-1,-6.001562500e+1,,,
3.000000000e+1,-1.120937500e-1,-5.700781250e+1,,,
3.200000000e+1,-9.612500000e-2,-6.000000000e+1,,,
3.000000000e+1,-9.587500000e-2,-6.001562500e+1,,,
3.196875000e+1,-1.080000000e-1,-6.000000000e+1,,,
3.796875000e+1,-1.000625000e-1,-6.102343750e+1,,,
4.007812500e+1,-9.612500000e-2,-5.402343750e+1,,,
3.398437500e+1,-1.080000000e-1,-5.699218750e+1,,,
4.396875000e+1,-9.209375000e-2,-5.699218750e+1,,,
3.403125000e+1,-1.077500000e-1,-5.900000000e+1,,,
3.400000000e+1,-1.161562500e-1,-5.896093750e+1,,,
2.996875000e+1,-9.200000000e-2,-5.600000000e+1,,,
3.206250000e+1,-1.000625000e-1,-5.903125000e+1,,,
3.800000000e+1,-1.080312500e-1,-6.000000000e+1,,,
3.395312500e+1,-1.080000000e-1,-5.898437500e+1,,,
3.200000000e+1,-1.119687500e-1,-5.700781250e+1,,,
3.198437500e+1,-1.080625000e-1,-5.799218750e+1,,,
3.596875000e+1,-1.040312500e-1,-5.800000000e+1,,,
4.001562500e+1,-1.040000000e-1,-5.800000000e+1,,,
3.795312500e+1,-1.040000000e-1,-5.799218750e+1,,,
4.398437500e+1,-1.000000000e-1,-6.000000000e+1,,,
3.807812500e+1,-1.040000000e-1,-5.903125000e+1,,,
3.795312500e+1,-1.040000000e-1,-5.799218750e+1,,,
3.404687500e+1,-1.120000000e-1,-5.900000000e+1,,,
3.998437500e+1,-9.996875000e-2,-5.700781250e+1,,,
3.195312500e+1,-1.000625000e-1,-5.700000000e+1,,,
3.600000000e+1,-9.996875000e-2,-5.799218750e+1,,,
3.407812500e+1,-9.996875000e-2,-5.700000000e+1,,,
4.603125000e+1,-1.077500000e-1,-5.901562500e+1,,,
4.204687500e+1,-1.240000000e-1,-5.600000000e+1,,,
4.204687500e+1,-1.041250000e-1,-5.800000000e+1,,,
3.600000000e+1,-9.203125000e-2,-5.900000000e+1,,,
3.996875000e+1,-1.080937500e-1,-5.699218750e+1,,,
3.804687500e+1,-1.120000000e-1,-5.800781250e+1,,,
3.792187500e+1,-1.079375000e-1,-5.800000000e+1,,,
4.196875000e+1,-1.121562500e-1,-5.800000000e+1,,,
3.593750000e+1,-9.203125000e-2,-5.700000000e+1,,,
3.804687500e+1,-1.040000000e-1,-5.700000000e+1,,,
4.401562500e+1,-1.120312500e-1,-5.800781250e+1,,,
4.600000000e+1,-1.079687500e-1,-5.899218750e+1,,,
4.600000000e+1,-1.000000000e-1,-5.600000000e+1,,,
4.398437500e+1,-1.000625000e-1,-5.800000000e+1,,,
4.200000000e+1,-1.000000000e-1,-5.698437500e+1,,,
4.200000000e+1,-1.080000000e-1,-5.299218750e+1,,,
4.200000000e+1,-9.593750000e-2,-5.699218750e+1,,,
3.998437500e+1,-1.040937500e-1,-5.500000000e+1,,,
4.000000000e+1,-1.080625000e-1,-5.600000000e+1,,,
3.998437500e+1,-1.119375000e-1,-5.900781250e+1,,,
4.401562500e+1,-1.039062500e-1,-5.604687500e+1,,,
4.000000000e+1,-1.120312500e-1,-5.700000000e+1,,,
4.600000000e+1,-9.596875000e-2,-5.699218750e+1,,,
4.395312500e+1,-1.040312500e-1,-5.503906250e+1,,,
4.398437500e+1,-9.990625000e-2,-5.900000000e+1,,,
4.400000000e+1,-1.000312500e-1,-5.600000000e+1,,,
4.800000000e+1,-1.079062500e-1,-5.900781250e+1,,,
4.600000000e+1,-1.160312500e-1,-5.700000000e+1,,,
4.200000000e+1,-1.039687500e-1,-5.800781250e+1,,,
4.800000000e+1,-1.080312500e-1,-5.498437500e+1,,,
4.403125000e+1,-1.079687500e-1,-5.500000000e+1,,,
4.000000000e+1,-1.039062500e-1,-5.599218750e+1,,,
4.390625000e+1,-1.000312500e-1,-5.700000000e+1,,,
4.800000000e+1,-1.078437500e-1,-5.399218750e+1,,,
4.390625000e+1,-1.079375000e-1,-5.898437500e+1,,,
4.200000000e+1,-1.040312500e-1,-5.799218750e+1,,,
4.403125000e+1,-1.079375000e-1,-5.599218750e+1,,,
4.601562500e+1,-1.000625000e-1,-5.600781250e+1,,,
4.601562500e+1,-1.120000000e-1,-5.400000000e+1,,,
4.592187500e+1,-9.996875000e-2,-5.600781250e+1,,,
3.996875000e+1,-1.079375000e-1,-5.400000000e+1,,,
4.784375000e+1,-1.040000000e-1,-5.700000000e+1,,,
4.606250000e+1,-9.996875000e-2,-5.499218750e+1,,,
3.193750000e+1,-1.080312500e-1,-5.499218750e+1,,,
5.189062500e+1,-1.040312500e-1,-5.200000000e+1,,,
4.612500000e+1,-1.079687500e-1,-5.400000000e+1,,,
4.773437500e+1,-9.603125000e-2,-5.400000000e+1,,,
5.189062500e+1,-1.040000000e-1,-5.500000000e+1,,,
4.195312500e+1,-9.603125000e-2,-5.500000000e+1,,,
4.801562500e+1,-1.079687500e-1,-5.500000000e+1,,,
4.193750000e+1,-9.193750000e-2,-5.400781250e+1,,,
4.604687500e+1,-1.041250000e-1,-5.303125000e+1,,,
5.401562500e+1,-9.996875000e-2,-5.700781250e+1,,,
5.000000000e+1,-1.040000000e-1,-5.404687500e+1,,,
4.795312500e+1,-1.000312500e-1,-5.500000000e+1,,,
4.200000000e+1,-1.080000000e-1,-5.800000000e+1,,,
4.800000000e+1,-9.990625000e-2,-5.407031250e+1,,,
5.200000000e+1,-1.041250000e-1,-5.200000000e+1,,,
5.000000000e+1,-1.081250000e-1,-5.400000000e+1,,,
4.801562500e+1,-1.120000000e-1,-5.502343750e+1,,,
4.598437500e+1,-1.040000000e-1,-5.400000000e+1,,,
4.406250000e+1,-1.000312500e-1,-5.499218750e+1,,,
5.401562500e+1,-1.121562500e-1,-5.400781250e+1,,,
4.582812500e+1,-1.199062500e-1,-5.696875000e+1,,,
4.615625000e+1,-1.079375000e-1,-5.197656250e+1,,,
5.400000000e+1,-1.120625000e-1,-5.500000000e+1,,,
4.600000000e+1,-1.041875000e-1,-5.200000000e+1,,,
5.401562500e+1,-1.000625000e-1,-5.500781250e+1,,,
5.200000000e+1,-1.200937500e-1,-5.300781250e+1,,,
5.395312500e+1,-1.077187500e-1,-5.599218750e+1,,,
5.403125000e+1,-1.000937500e-1,-5.500000000e+1,,,
4.612500000e+1,-1.120937500e-1,-5.500781250e+1,,,
4.584375000e+1,-1.120000000e-1,-5.400000000e+1,,,
5.596875000e+1,-1.080000000e-1,-5.602343750e+1,,,
4.585937500e+1,-1.120625000e-1,-5.601562500e+1,,,
4.801562500e+1,-1.119375000e-1,-5.300781250e+1,,,
5.012500000e+1,-1.080000000e-1,-5.500000000e+1,,,
5.803125000e+1,-1.120000000e-1,-5.501562500e+1,,,
5.187500000e+1,-1.121562500e-1,-5.203125000e+1,,,
4.801562500e+1,-1.160000000e-1,-5.296093750e+1,,,
5.195312500e+1,-9.600000000e-2,-5.600000000e+1,,,
5.206250000e+1,-1.040000000e-1,-5.701562500e+1,,,
4.996875000e+1,-9.990625000e-2,-5.300000000e+1,,,
6.001562500e+1,-9.609375000e-2,-5.500000000e+1,,,
4.606250000e+1,-1.081562500e-1,-5.100000000e+1,,,
5.585937500e+1,-1.038437500e-1,-5.400000000e+1,,,
5.603125000e+1,-9.981250000e-2,-5.202343750e+1,,,
5.600000000e+1,-1.120625000e-1,-5.199218750e+1,,,
5.393750000e+1,-1.119687500e-1,-5.200000000e+1,,,
5.001562500e+1,-1.120000000e-1,-5.198437500e+1,,,
5.400000000e+1,-1.120312500e-1,-5.099218750e+1,,,
5.000000000e+1,-1.120000000e-1,-5.400000000e+1,,,
5.201562500e+1,-1.080312500e-1,-5.299218750e+1,,,
5.601562500e+1,-1.040312500e-1,-5.200000000e+1,,,
5.600000000e+1,-1.080312500e-1,-5.200000000e+1,,,
5.800000000e+1,-1.039375000e-1,-5.200000000e+1,,,
6.000000000e+1,-1.040625000e-1,-5.300000000e+1,,,
5.400000000e+1,-1.039062500e-1,-5.201562500e+1,,,
5.400000000e+1,-9.996875000e-2,-5.100000000e+1,,,
5.400000000e+1,-1.040000000e-1,-5.100000000e+1,,,
5.196875000e+1,-1.080000000e-1,-5.198437500e+1,,,
6.000000000e+1,-1.039687500e-1,-5.503125000e+1,,,
5.800000000e+1,-1.000000000e-1,-5.495312500e+1,,,
5.996875000e+1,-1.041250000e-1,-5.000000000e+1,,,
5.193750000e+1,-1.080625000e-1,-5.404687500e+1,,,
5.407812500e+1,-1.079687500e-1,-5.300000000e+1,,,
6.000000000e+1,-1.000000000e-1,-4.900000000e+1,,,
5.415625000e+1,-1.078750000e-1,-5.098437500e+1,,,
5.189062500e+1,-1.080625000e-1,-5.000000000e+1,,,
6.192187500e+1,-1.040000000e-1,-5.200781250e+1,,,
5.807812500e+1,-1.040312500e-1,-5.102343750e+1,,,
5.990625000e+1,-9.618750000e-2,-5.000000000e+1,,,
6.000000000e+1,-9.943750000e-2,-5.199218750e+1,,,
5.998437500e+1,-1.120625000e-1,-5.103906250e+1,,,
5.800000000e+1,-1.000937500e-1,-4.999218750e+1,,,
6.000000000e+1,-1.079687500e-1,-5.301562500e+1,,,
5.996875000e+1,-1.120312500e-1,-5.101562500e+1,,,
5.400000000e+1,-1.000000000e-1,-5.000000000e+1,,,
6.001562500e+1,-1.000000000e-1,-5.200000000e+1,,,
6.000000000e+1,-1.078750000e-1,-5.002343750e+1,,,
5.806250000e+1,-1.041875000e-1,-5.200000000e+1,,,
5.790625000e+1,-9.993750000e-2,-5.300000000e+1,,,
6.998437500e+1,-1.119375000e-1,-5.196093750e+1,,,
6.209375000e+1,-1.120312500e-1,-5.000781250e+1,,,
5.798437500e+1,-1.079687500e-1,-5.300000000e+1,,,
5.996875000e+1,-1.121250000e-1,-5.000000000e+1,,,
6.204687500e+1,-1.001250000e-1,-5.300000000e+1,,,
6.601562500e+1,-1.039375000e-1,-4.899218750e+1,,,
6.396875000e+1,-1.080000000e-1,-5.202343750e+1,,,
6.000000000e+1,-1.080000000e-1,-5.000000000e+1,,,
6.401562500e+1,-1.120000000e-1,-5.000781250e+1,,,
6.400000000e+1,-1.159687500e-1,-5.000000000e+1,,,
6.200000000e+1,-1.160937500e-1,-5.000000000e+1,,,
5.796875000e+1,-1.081250000e-1,-5.100000000e+1,,,
5.600000000e+1,-9.600000000e-2,-5.100781250e+1,,,
5.595312500e+1,-1.080000000e-1,-5.200000000e+1,,,
6.600000000e+1,-1.000000000e-1,-5.201562500e+1,,,
6.201562500e+1,-1.080625000e-1,-4.799218750e+1,,,
6.004687500e+1,-1.160000000e-1,-4.994531250e+1,,,
5.800000000e+1,-1.041250000e-1,-5.100000000e+1,,,
6.798437500e+1,-1.079375000e-1,-4.997656250e+1,,,
5.995312500e+1,-1.079687500e-1,-4.900781250e+1,,,
5.606250000e+1,-1.120000000e-1,-5.101562500e+1,,,
6.803125000e+1,-1.040312500e-1,-4.996093750e+1,,,
6.601562500e+1,-1.078125000e-1,-4.900000000e+1,,,
6.400000000e+1,-1.242812500e-1,-5.101562500e+1,,,
6.200000000e+1,-1.002187500e-1,-4.700000000e+1,,,
6.598437500e+1,-1.079375000e-1,-5.000000000e+1,,,
6.600000000e+1,-1.000000000e-1,-4.900000000e+1,,,
6.601562500e+1,-1.080000000e-1,-5.100000000e+1,,,
6.203125000e+1,-1.120000000e-1,-4.900000000e+1,,,
6.390625000e+1,-1.080000000e-1,-5.100000000e+1,,,
6.996875000e+1,-1.201562500e-1,-5.200000000e+1,,,
6.585937500e+1,-1.040000000e-1,-4.998437500e+1,,,
6.003125000e+1,-1.080000000e-1,-4.700781250e+1,,,
6.809375000e+1,-1.039375000e-1,-4.901562500e+1,,,
6.793750000e+1,-8.803125000e-2,-4.900781250e+1,,,
6.600000000e+1,-1.080937500e-1,-5.000000000e+1,,,
6.800000000e+1,-1.120625000e-1,-5.000781250e+1,,,
6.603125000e+1,-1.080937500e-1,-4.801562500e+1,,,
6.595312500e+1,-1.040000000e-1,-5.100000000e+1,,,
6.800000000e+1,-1.040625000e-1,-4.798437500e+1,,,
6.601562500e+1,-9.996875000e-2,-4.902343750e+1,,,
6.395312500e+1,-1.120312500e-1,-4.900781250e+1,,,
7.198437500e+1,-1.079687500e-1,-5.000000000e+1,,,
6.795312500e+1,-1.200000000e-1,-4.700000000e+1,,,
7.393750000e+1,-1.040625000e-1,-4.900000000e+1,,,
6.198437500e+1,-1.040000000e-1,-4.600781250e+1,,,
7.014062500e+1,-1.120000000e-1,-5.002343750e+1,,,
7.596875000e+1,-9.996875000e-2,-4.900000000e+1,,,
6.403125000e+1,-1.040000000e-1,-5.001562500e+1,,,
6.800000000e+1,-1.080312500e-1,-4.600000000e+1,,,
6.800000000e+1,-1.040625000e-1,-4.900000000e+1,,,
7.001562500e+1,-1.040000000e-1,-4.803125000e+1,,,
6.200000000e+1,-1.080000000e-1,-4.600000000e+1,,,
6.996875000e+1,-1.120312500e-1,-4.800000000e+1,,,
6.803125000e+1,-1.000937500e-1,-4.700000000e+1,,,
7.196875000e+1,-1.159687500e-1,-4.900000000e+1,,,
7.401562500e+1,-9.209375000e-2,-4.800781250e+1,,,
7.200000000e+1,-1.078437500e-1,-4.900000000e+1,,,
7.400000000e+1,-1.080937500e-1,-4.898437500e+1,,,
6.992187500e+1,-1.080000000e-1,-4.697656250e+1,,,
6.603125000e+1,-1.160312500e-1,-4.700781250e+1,,,
7.401562500e+1,-1.159687500e-1,-4.700000000e+1,,,
7.198437500e+1,-1.040937500e-1,-4.701562500e+1,,,
7.600000000e+1,-9.175000000e-2,-4.801562500e+1,,,
7.201562500e+1,-1.119375000e-1,-4.600781250e+1,,,
7.001562500e+1,-1.000312500e-1,-4.700781250e+1,,,
6.800000000e+1,-1.040312500e-1,-4.700000000e+1,,,
6.801562500e+1,-1.080000000e-1,-4.799218750e+1,,,
6.792187500e+1,-1.039687500e-1,-4.800000000e+1,,,
7.393750000e+1,-1.159687500e-1,-4.701562500e+1,,,
7.193750000e+1,-1.080000000e-1,-4.600781250e+1,,,
6.989062500e+1,-1.080000000e-1,-4.600781250e+1,,,
6.604687500e+1,-1.080312500e-1,-4.700781250e+1,,,
7.807812500e+1,-1.119375000e-1,-4.500000000e+1,,,
7.390625000e+1,-1.081875000e-1,-4.702343750e+1,,,
7.403125000e+1,-1.239687500e-1,-4.700781250e+1,,,
7.395312500e+1,-1.001875000e-1,-4.598437500e+1,,,
6.998437500e+1,-1.079062500e-1,-4.800000000e+1,,,
7.592187500e+1,-1.079687500e-1,-4.600000000e+1,,,
7.604687500e+1,-1.160625000e-1,-4.600000000e+1,,,
7.398437500e+1,-1.240000000e-1,-4.698437500e+1,,,
7.601562500e+1,-1.160000000e-1,-4.500781250e+1,,,
7.395312500e+1,-1.199687500e-1,-4.797656250e+1,,,
8.003125000e+1,-1.121250000e-1,-4.699218750e+1,,,
7.798437500e+1,-1.080000000e-1,-4.500000000e+1,,,
7.798437500e+1,-1.120000000e-1,-4.600000000e+1,,,
7.396875000e+1,-1.160000000e-1,-4.600781250e+1,,,
7.601562500e+1,-1.120000000e-1,-4.800000000e+1,,,
8.000000000e+1,-1.120000000e-1,-4.500000000e+1,,,
7.800000000e+1,-1.240312500e-1,-4.500000000e+1,,,
8.000000000e+1,-1.120000000e-1,-4.600000000e+1,,,
7.800000000e+1,-1.119687500e-1,-4.500781250e+1,,,
7.800000000e+1,-1.039687500e-1,-4.600000000e+1,,,
7.598437500e+1,-1.080625000e-1,-4.600781250e+1,,,
7.596875000e+1,-1.120625000e-1,-4.700000000e+1,,,
8.398437500e+1,-1.160000000e-1,-4.701562500e+1,,,
8.010937500e+1,-1.120312500e-1,-4.596875000e+1,,,
7.200000000e+1,-1.080937500e-1,-4.800000000e+1,,,
8.200000000e+1,-9.200000000e-2,-4.600000000e+1,,,
8.193750000e+1,-1.080625000e-1,-4.801562500e+1,,,
7.998437500e+1,-1.079375000e-1,-4.599218750e+1,,,
8.000000000e+1,-1.079687500e-1,-4.600000000e+1,,,
8.000000000e+1,-1.079375000e-1,-4.499218750e+1,,,
8.000000000e+1,-1.199687500e-1,-4.300000000e+1,,,
8.400000000e+1,-1.159375000e-1,-4.600000000e+1,,,
8.200000000e+1,-1.040000000e-1,-4.299218750e+1,,,
8.801562500e+1,-1.121875000e-1,-4.500000000e+1,,,
7.807812500e+1,-1.159062500e-1,-4.299218750e+1,,,
8.187500000e+1,-1.039687500e-1,-4.700000000e+1,,,
8.406250000e+1,-1.037500000e-1,-4.500781250e+1,,,
7.596875000e+1,-1.119687500e-1,-4.600000000e+1,,,
8.206250000e+1,-1.040312500e-1,-4.498437500e+1,,,
7.990625000e+1,-1.119375000e-1,-4.100000000e+1,,,
8.006250000e+1,-9.593750000e-2,-4.499218750e+1,,,
8.398437500e+1,-1.082187500e-1,-4.400000000e+1,,,
7.995312500e+1,-1.079687500e-1,-4.502343750e+1,,,
8.185937500e+1,-1.080312500e-1,-4.199218750e+1,,,
8.610937500e+1,-1.080000000e-1,-4.700000000e+1,,,
7.403125000e+1,-1.119375000e-1,-4.396875000e+1,,,
7.590625000e+1,-1.118437500e-1,-4.400781250e+1,,,
8.200000000e+1,-9.609375000e-2,-4.500000000e+1,,,
7.809375000e+1,-1.160312500e-1,-4.400000000e+1,,,
7.776562500e+1,-1.000625000e-1,-4.697656250e+1,,,
9.010937500e+1,-1.159687500e-1,-4.601562500e+1,,,
8.793750000e+1,-1.119375000e-1,-4.402343750e+1,,,
8.798437500e+1,-1.000000000e-1,-4.599218750e+1,,,
8.395312500e+1,-1.080937500e-1,-4.202343750e+1,,,
8.201562500e+1,-1.080312500e-1,-4.100000000e+1,,,
8.801562500e+1,-1.119687500e-1,-4.000781250e+1,,,
8.600000000e+1,-1.040312500e-1,-4.298437500e+1,,,
8.395312500e+1,-1.120625000e-1,-4.200000000e+1,,,
8.200000000e+1,-1.120312500e-1,-4.300000000e+1,,,
9.000000000e+1,-1.117812500e-1,-4.101562500e+1,,,
8.396875000e+1,-9.590625000e-2,-4.200000000e+1,,,
8.200000000e+1,-1.041875000e-1,-4.200000000e+1,,,
8.798437500e+1,-1.080625000e-1,-4.592968750e+1,,,
8.601562500e+1,-1.120000000e-1,-4.500000000e+1,,,
9.200000000e+1,-1.000312500e-1,-4.200781250e+1,,,
8.389062500e+1,-1.161250000e-1,-4.400781250e+1,,,
8.406250000e+1,-1.159375000e-1,-4.300000000e+1,,,
8.809375000e+1,-1.160625000e-1,-4.399218750e+1,,,
9.201562500e+1,-1.159375000e-1,-4.200781250e+1,,,
9.200000000e+1,-1.040625000e-1,-4.300000000e+1,,,
8.796875000e+1,-1.080312500e-1,-4.300000000e+1,,,
8.601562500e+1,-1.080000000e-1,-4.299218750e+1,,,
8.198437500e+1,-1.079062500e-1,-4.500000000e+1,,,
8.796875000e+1,-1.041875000e-1,-4.400000000e+1,,,
8.800000000e+1,-1.240625000e-1,-4.500000000e+1,,,
8.998437500e+1,-1.120000000e-1,-4.102343750e+1,,,
8.998437500e+1,-1.119062500e-1,-4.102343750e+1,,,
9.000000000e+1,-9.203125000e-2,-4.200000000e+1,,,
8.998437500e+1,-1.121875000e-1,-4.197656250e+1,,,
9.003125000e+1,-1.039687500e-1,-4.500000000e+1,,,
9.200000000e+1,-1.163750000e-1,-4.301562500e+1,,,
8.995312500e+1,-1.157500000e-1,-4.202343750e+1,,,
9.006250000e+1,-1.040000000e-1,-4.097656250e+1,,,
9.404687500e+1,-1.080000000e-1,-4.400000000e+1,,,
8.601562500e+1,-1.120000000e-1,-4.300781250e+1,,,
9.396875000e+1,-1.199375000e-1,-4.300000000e+1,,,
9.400000000e+1,-1.039062500e-1,-4.199218750e+1,,,
9.401562500e+1,-1.122187500e-1,-4.200000000e+1,,,
9.198437500e+1,-1.119062500e-1,-4.300000000e+1,,,
9.401562500e+1,-1.077500000e-1,-4.200781250e+1,,,
9.203125000e+1,-1.199687500e-1,-4.199218750e+1,,,
9.806250000e+1,-1.121250000e-1,-4.200000000e+1,,,
9.592187500e+1,-1.279375000e-1,-4.100781250e+1,,,
9.000000000e+1,-1.038125000e-1,-4.200781250e+1,,,
9.600000000e+1,-1.080312500e-1,-4.000000000e+1,,,
9.000000000e+1,-1.039687500e-1,-4.100781250e+1,,,
9.603125000e+1,-1.200625000e-1,-4.199218750e+1,,,
1.000000000e+2,-1.077812500e-1,-4.202343750e+1,,,
9.600000000e+1,-1.081250000e-1,-4.000000000e+1,,,
9.000000000e+1,-1.120000000e-1,-4.200781250e+1,,,
9.600000000e+1,-1.078437500e-1,-3.800781250e+1,,,
9.396875000e+1,-1.082187500e-1,-4.100000000e+1,,,
8.996875000e+1,-1.200000000e-1,-3.899218750e+1,,,
1.020000000e+2,-1.159062500e-1,-4.200000000e+1,,,
9.000000000e+1,-1.120312500e-1,-3.897656250e+1,,,
8.607812500e+1,-1.200312500e-1,-4.002343750e+1,,,
9.803125000e+1,-1.159375000e-1,-4.100000000e+1,,,
9.595312500e+1,-1.160312500e-1,-4.099218750e+1,,,
1.000625000e+2,-1.119062500e-1,-3.900000000e+1,,,
1.020937500e+2,-9.584375000e-2,-3.900000000e+1,,,
9.409375000e+1,-1.195937500e-1,-3.902343750e+1,,,
9.590625000e+1,-1.240625000e-1,-3.800000000e+1,,,
1.000156250e+2,-1.162812500e-1,-4.200781250e+1,,,
9.803125000e+1,-9.600000000e-2,-4.003906250e+1,,,
9.801562500e+1,-1.079062500e-1,-3.700000000e+1,,,
9.601562500e+1,-1.039687500e-1,-3.797656250e+1,,,
9.801562500e+1,-1.197500000e-1,-3.901562500e+1,,,
9.798437500e+1,-1.201875000e-1,-3.800000000e+1,,,
9.601562500e+1,-1.040312500e-1,-4.000781250e+1,,,
1.040156250e+2,-1.159375000e-1,-3.801562500e+1,,,
9.992187500e+1,-1.200000000e-1,-3.700000000e+1,,,
9.801562500e+1,-1.160000000e-1,-3.900000000e+1,,,
1.040000000e+2,-1.079375000e-1,-3.803125000e+1,,,
9.415625000e+1,-1.120625000e-1,-3.800000000e+1,,,
9.392187500e+1,-1.040000000e-1,-3.800781250e+1,,,
9.998437500e+1,-1.158437500e-1,-3.799218750e+1,,,
9.806250000e+1,-1.200625000e-1,-3.700000000e+1,,,
9.984375000e+1,-1.040000000e-1,-3.801562500e+1,,,
1.119843750e+2,-1.196875000e-1,-3.800000000e+1,,,
1.039218750e+2,-1.162812500e-1,-3.600000000e+1,,,
1.060000000e+2,-1.040312500e-1,-4.001562500e+1,,,
9.996875000e+1,-1.079687500e-1,-3.595312500e+1,,,
1.000156250e+2,-1.120000000e-1,-3.400000000e+1,,,
1.060468750e+2,-1.120000000e-1,-3.703906250e+1,,,
1.120312500e+2,-1.198750000e-1,-3.899218750e+1,,,
9.600000000e+1,-1.281562500e-1,-3.702343750e+1,,,
9.801562500e+1,-1.121875000e-1,-3.700000000e+1,,,
1.019687500e+2,-1.080000000e-1,-3.800000000e+1,,,
1.040000000e+2,-1.240000000e-1,-3.599218750e+1,,,
1.000000000e+2,-1.200625000e-1,-4.000781250e+1,,,
1.040000000e+2,-1.120000000e-1,-3.499218750e+1,,,
1.000312500e+2,-1.200000000e-1,-3.796093750e+1,,,
1.040000000e+2,-1.199687500e-1,-3.700000000e+1,,,
1.079843750e+2,-1.240312500e-1,-3.802343750e+1,,,
1.079843750e+2,-1.200312500e-1,-4.001562500e+1,,,
1.059687500e+2,-1.240000000e-1,-4.099218750e+1,,,
1.060156250e+2,-1.240625000e-1,-3.793750000e+1,,,
1.099843750e+2,-1.081250000e-1,-3.600781250e+1,,,
1.080000000e+2,-1.076875000e-1,-3.602343750e+1,,,
1.019843750e+2,-1.199687500e-1,-3.300781250e+1,,,
1.059687500e+2,-1.121250000e-1,-3.700000000e+1,,,
1.080000000e+2,-1.119687500e-1,-3.500000000e+1,,,
1.080000000e+2,-1.200000000e-1,-3.700000000e+1,,,
1.059843750e+2,-1.080000000e-1,-3.500000000e+1,,,
1.099375000e+2,-1.160000000e-1,-3.600000000e+1,,,
1.100468750e+2,-1.161875000e-1,-3.496875000e+1,,,
1.059375000e+2,-1.120000000e-1,-3.899218750e+1,,,
1.060937500e+2,-1.120312500e-1,-3.300781250e+1,,,
1.119218750e+2,-1.200000000e-1,-3.805468750e+1,,,
1.020000000e+2,-1.119687500e-1,-3.698437500e+1,,,
1.140625000e+2,-1.080000000e-1,-3.300781250e+1,,,
1.100000000e+2,-1.080000000e-1,-3.599218750e+1,,,
1.180312500e+2,-1.159375000e-1,-3.499218750e+1,,,
1.079843750e+2,-1.160625000e-1,-3.600000000e+1,,,
1.180000000e+2,-1.159375000e-1,-3.498437500e+1,,,
1.080156250e+2,-1.240000000e-1,-3.401562500e+1,,,
1.139218750e+2,-1.159687500e-1,-3.500000000e+1,,,
1.140312500e+2,-1.119687500e-1,-3.400000000e+1,,,
1.120312500e+2,-1.277187500e-1,-3.500781250e+1,,,
1.120468750e+2,-1.240625000e-1,-3.500000000e+1,,,
1.160000000e+2,-1.120000000e-1,-3.400000000e+1,,,
1.119531250e+2,-1.200000000e-1,-3.400781250e+1,,,
1.140156250e+2,-1.160000000e-1,-3.500000000e+1,,,
1.180156250e+2,-1.160000000e-1,-3.501562500e+1,,,
1.100000000e+2,-1.119375000e-1,-3.199218750e+1,,,
1.100000000e+2,-1.240000000e-1,-3.400000000e+1,,,
1.079843750e+2,-1.120937500e-1,-3.499218750e+1,,,
1.119531250e+2,-1.160000000e-1,-3.500000000e+1,,,
1.179843750e+2,-1.200312500e-1,-3.200781250e+1,,,
1.160000000e+2,-1.080000000e-1,-3.399218750e+1,,,
1.200000000e+2,-1.160000000e-1,-3.399218750e+1,,,
1.160156250e+2,-1.080937500e-1,-3.699218750e+1,,,
1.160000000e+2,-1.079375000e-1,-3.400000000e+1,,,
1.140000000e+2,-1.160000000e-1,-3.201562500e+1,,,
1.200312500e+2,-1.160000000e-1,-3.506250000e+1,,,
1.199687500e+2,-1.240000000e-1,-3.599218750e+1,,,
1.179843750e+2,-1.160312500e-1,-3.398437500e+1,,,
1.180156250e+2,-1.280000000e-1,-3.299218750e+1,,,
1.200000000e+2,-1.201562500e-1,-3.099218750e+1,,,
1.180000000e+2,-1.200625000e-1,-3.298437500e+1,,,
1.199843750e+2,-1.080000000e-1,-3.198437500e+1,,,
1.200625000e+2,-1.200312500e-1,-3.100000000e+1,,,
1.159843750e+2,-1.160000000e-1,-3.198437500e+1,,,
1.218906250e+2,-1.160000000e-1,-3.300000000e+1,,,
1.220781250e+2,-1.200937500e-1,-3.103906250e+1,,,
1.179375000e+2,-1.120000000e-1,-3.000000000e+1,,,
1.201718750e+2,-1.240000000e-1,-3.201562500e+1,,,
1.279531250e+2,-1.239375000e-1,-3.400000000e+1,,,
1.159218750e+2,-1.160000000e-1,-3.200000000e+1,,,
1.220781250e+2,-1.200312500e-1,-3.198437500e+1,,,
1.199843750e+2,-1.159375000e-1,-2.900000000e+1,,,
1.220000000e+2,-1.158750000e-1,-3.296093750e+1,,,
1.180625000e+2,-1.240937500e-1,-3.200781250e+1,,,
1.178906250e+2,-1.080000000e-1,-3.400000000e+1,,,
1.260000000e+2,-1.240625000e-1,-3.300000000e+1,,,
1.200156250e+2,-1.200312500e-1,-2.900000000e+1,,,
1.259531250e+2,-1.280000000e-1,-3.201562500e+1,,,
1.240156250e+2,-1.201562500e-1,-3.200781250e+1,,,
1.260000000e+2,-1.080625000e-1,-3.199218750e+1,,,
1.240000000e+2,-1.159375000e-1,-3.000000000e+1,,,
1.239687500e+2,-1.280000000e-1,-2.900000000e+1,,,
1.200000000e+2,-1.239687500e-1,-3.102343750e+1,,,
1.260312500e+2,-1.160000000e-1,-3.400781250e+1,,,
1.280000000e+2,-1.240000000e-1,-3.200000000e+1,,,
1.300000000e+2,-1.242187500e-1,-3.000781250e+1,,,
1.279687500e+2,-1.120000000e-1,-3.000781250e+1,,,
1.299687500e+2,-1.200312500e-1,-3.200000000e+1,,,
1.340156250e+2,-1.199375000e-1,-3.100781250e+1,,,
1.259531250e+2,-1.160312500e-1,-3.099218750e+1,,,
1.239843750e+2,-1.200312500e-1,-2.800000000e+1,,,
1.279843750e+2,-1.158750000e-1,-3.098437500e+1,,,
1.260000000e+2,-1.117500000e-1,-3.003125000e+1,,,
1.300000000e+2,-1.240000000e-1,-3.100000000e+1,,,
1.300000000e+2,-1.120000000e-1,-3.100000000e+1,,,
1.319843750e+2,-1.200625000e-1,-2.997656250e+1,,,
1.300000000e+2,-1.240312500e-1,-2.900781250e+1,,,
1.319843750e+2,-1.239375000e-1,-3.100000000e+1,,,
1.280000000e+2,-1.160625000e-1,-3.199218750e+1,,,
1.320000000e+2,-1.199375000e-1,-2.900000000e+1,,,
1.280000000e+2,-1.320312500e-1,-3.000781250e+1,,,
1.300000000e+2,-1.239687500e-1,-2.800781250e+1,,,
1.320000000e+2,-1.200312500e-1,-3.100000000e+1,,,
1.279687500e+2,-1.199687500e-1,-2.900781250e+1,,,
1.340000000e+2,-1.160000000e-1,-2.900000000e+1,,,
1.280156250e+2,-1.197500000e-1,-2.700000000e+1,,,
1.320000000e+2,-1.320312500e-1,-2.999218750e+1,,,
1.280000000e+2,-1.238750000e-1,-2.898437500e+1,,,
1.340781250e+2,-1.160625000e-1,-2.500000000e+1,,,
1.340625000e+2,-1.240625000e-1,-2.899218750e+1,,,
1.400000000e+2,-1.200000000e-1,-2.800000000e+1,,,
1.339218750e+2,-1.239687500e-1,-2.799218750e+1,,,
1.339531250e+2,-1.160625000e-1,-2.800781250e+1,,,
1.340781250e+2,-1.240000000e-1,-2.600000000e+1,,,
1.280000000e+2,-1.320312500e-1,-3.003125000e+1,,,
1.319062500e+2,-1.280000000e-1,-2.899218750e+1,,,
1.380156250e+2,-1.320000000e-1,-2.700000000e+1,,,
1.320937500e+2,-1.239687500e-1,-2.800000000e+1,,,
1.318593750e+2,-1.240000000e-1,-2.703125000e+1,,,
1.380781250e+2,-1.200625000e-1,-2.600000000e+1,,,
1.379218750e+2,-1.119687500e-1,-2.802343750e+1,,,
1.360312500e+2,-1.121250000e-1,-2.900000000e+1,,,
1.420468750e+2,-1.199687500e-1,-2.700781250e+1,,,
1.399531250e+2,-1.120312500e-1,-2.700000000e+1,,,
1.320000000e+2,-1.240625000e-1,-2.600781250e+1,,,
1.420000000e+2,-1.200625000e-1,-2.798437500e+1,,,
1.379531250e+2,-1.240312500e-1,-2.800000000e+1,,,
1.380000000e+2,-1.240937500e-1,-2.800000000e+1,,,
1.360000000e+2,-1.278750000e-1,-2.700781250e+1,,,
1.340000000e+2,-1.160000000e-1,-2.600000000e+1,,,
1.360000000e+2,-1.281875000e-1,-2.400000000e+1,,,
1.420000000e+2,-1.280000000e-1,-2.490625000e+1,,,
1.379843750e+2,-1.280000000e-1,-2.800000000e+1,,,
1.400312500e+2,-1.199687500e-1,-2.400000000e+1,,,
1.440312500e+2,-1.161250000e-1,-2.800781250e+1,,,
1.439687500e+2,-1.279375000e-1,-2.598437500e+1,,,
1.419062500e+2,-1.161250000e-1,-2.700000000e+1,,,
1.380000000e+2,-1.400625000e-1,-2.500781250e+1,,,
1.440000000e+2,-1.202500000e-1,-2.499218750e+1,,,
1.440000000e+2,-1.200000000e-1,-2.699218750e+1,,,
1.440156250e+2,-1.160312500e-1,-2.299218750e+1,,,
1.400156250e+2,-1.280937500e-1,-2.898437500e+1,,,
1.439687500e+2,-1.280312500e-1,-2.699218750e+1,,,
1.480937500e+2,-1.320000000e-1,-2.698437500e+1,,,
1.399843750e+2,-1.240000000e-1,-2.601562500e+1,,,
1.480625000e+2,-1.200937500e-1,-2.297656250e+1,,,
1.419375000e+2,-1.280312500e-1,-2.298437500e+1,,,
1.460312500e+2,-1.198750000e-1,-2.696093750e+1,,,
1.460000000e+2,-1.200625000e-1,-2.700000000e+1,,,
1.459218750e+2,-1.199062500e-1,-2.400000000e+1,,,
1.420156250e+2,-1.118437500e-1,-2.700000000e+1,,,
1.480781250e+2,-1.160000000e-1,-2.401562500e+1,,,
1.480625000e+2,-1.320000000e-1,-2.600000000e+1,,,
1.439687500e+2,-1.240000000e-1,-2.500000000e+1,,,
1.499843750e+2,-1.081562500e-1,-2.601562500e+1,,,
1.460000000e+2,-1.361562500e-1,-2.600000000e+1,,,
1.499218750e+2,-1.198437500e-1,-2.500000000e+1,,,
1.501093750e+2,-1.239375000e-1,-2.300000000e+1,,,
1.438906250e+2,-1.119687500e-1,-2.399218750e+1,,,
1.581250000e+2,-1.321562500e-1,-2.400000000e+1,,,
1.559375000e+2,-1.319375000e-1,-2.400000000e+1,,,
1.539687500e+2,-1.278437500e-1,-2.196875000e+1,,,
1.459531250e+2,-1.200000000e-1,-1.998437500e+1,,,
1.440000000e+2,-1.281875000e-1,-2.400000000e+1,,,
1.460156250e+2,-1.320625000e-1,-2.400000000e+1,,,
1.500156250e+2,-1.158750000e-1,-2.301562500e+1,,,
1.520156250e+2,-1.201562500e-1,-2.100781250e+1,,,
1.560000000e+2,-1.240312500e-1,-2.200000000e+1,,,
1.500000000e+2,-1.239375000e-1,-2.399218750e+1,,,
1.520000000e+2,-1.241562500e-1,-2.401562500e+1,,,
1.500000000e+2,-1.278437500e-1,-2.200000000e+1,,,
1.519843750e+2,-1.160000000e-1,-2.101562500e+1,,,
1.539843750e+2,-1.200312500e-1,-2.098437500e+1,,,
1.540000000e+2,-1.160312500e-1,-2.402343750e+1,,,
1.520000000e+2,-1.240000000e-1,-2.396875000e+1,,,
1.539843750e+2,-1.200312500e-1,-2.100000000e+1,,,
1.519687500e+2,-1.280625000e-1,-2.402343750e+1,,,
1.560937500e+2,-1.240000000e-1,-2.200000000e+1,,,
1.620781250e+2,-1.279062500e-1,-2.100000000e+1,,,
1.502187500e+2,-1.240937500e-1,-2.198437500e+1,,,
1.479062500e+2,-1.239062500e-1,-2.100000000e+1,,,
1.558593750e+2,-1.319687500e-1,-1.800000000e+1,,,
1.580625000e+2,-1.280625000e-1,-2.099218750e+1,,,
1.559218750e+2,-1.241250000e-1,-2.000000000e+1,,,
1.599531250e+2,-1.199687500e-1,-2.201562500e+1,,,
1.579843750e+2,-1.278437500e-1,-1.703906250e+1,,,
1.579843750e+2,-1.281562500e-1,-1.898437500e+1,,,
1.540000000e+2,-1.120312500e-1,-2.099218750e+1,,,
1.600000000e+2,-1.239687500e-1,-1.900781250e+1,,,
1.559843750e+2,-1.200000000e-1,-1.900000000e+1,,,
1.600000000e+2,-1.160000000e-1,-2.000000000e+1,,,
1.580000000e+2,-1.318437500e-1,-2.199218750e+1,,,
1.579843750e+2,-1.202500000e-1,-2.000000000e+1,,,
1.599687500e+2,-1.198750000e-1,-1.801562500e+1,,,
1.639843750e+2,-1.319687500e-1,-2.000000000e+1,,,
1.620312500e+2,-1.320000000e-1,-1.800000000e+1,,,
1.600312500e+2,-1.319687500e-1,-2.002343750e+1,,,
1.599062500e+2,-1.282187500e-1,-2.000000000e+1,,,
1.680156250e+2,-1.162187500e-1,-1.800000000e+1,,,
1.640000000e+2,-1.119687500e-1,-1.703906250e+1,,,
1.679843750e+2,-1.199375000e-1,-2.100000000e+1,,,
1.599687500e+2,-1.280000000e-1,-1.700000000e+1,,,
1.660156250e+2,-1.200000000e-1,-1.803125000e+1,,,
1.660156250e+2,-1.160312500e-1,-1.897656250e+1,,,
1.600000000e+2,-1.195937500e-1,-1.698437500e+1,,,
1.640156250e+2,-1.320312500e-1,-2.100000000e+1,,,
1.659687500e+2,-1.200000000e-1,-1.698437500e+1,,,
1.700000000e+2,-1.200000000e-1,-1.699218750e+1,,,
1.640000000e+2,-1.120000000e-1,-1.900000000e+1,,,
1.639843750e+2,-1.240312500e-1,-1.799218750e+1,,,
1.659531250e+2,-1.200000000e-1,-1.600781250e+1,,,
1.680000000e+2,-1.278437500e-1,-1.700781250e+1,,,
1.659843750e+2,-1.320625000e-1,-1.698437500e+1,,,
1.700156250e+2,-1.280000000e-1,-1.600781250e+1,,,
1.699843750e+2,-1.320000000e-1,-1.802343750e+1,,,
1.679843750e+2,-1.240312500e-1,-1.899218750e+1,,,
1.660156250e+2,-1.240625000e-1,-1.800781250e+1,,,
1.640000000e+2,-1.235625000e-1,-1.799218750e+1,,,
1.620468750e+2,-1.440312500e-1,-1.699218750e+1,,,
1.759531250e+2,-1.201875000e-1,-1.500000000e+1,,,
1.740312500e+2,-1.160312500e-1,-1.700000000e+1,,,
1.760156250e+2,-1.120000000e-1,-1.900000000e+1,,,
1.700156250e+2,-1.320000000e-1,-1.600000000e+1,,,
1.739375000e+2,-1.280000000e-1,-1.900000000e+1,,,
1.740312500e+2,-1.284687500e-1,-1.703125000e+1,,,
1.719531250e+2,-1.160000000e-1,-1.600000000e+1,,,
1.720781250e+2,-1.400312500e-1,-1.700781250e+1,,,
1.779375000e+2,-1.239375000e-1,-1.500781250e+1,,,
1.700312500e+2,-1.200000000e-1,-1.700000000e+1,,,
1.800000000e+2,-1.240000000e-1,-1.400781250e+1,,,
1.679218750e+2,-1.200625000e-1,-1.599218750e+1,,,
1.719375000e+2,-1.198750000e-1,-1.698437500e+1,,,
1.719218750e+2,-1.280625000e-1,-1.399218750e+1,,,
1.780000000e+2,-1.160312500e-1,-1.502343750e+1,,,
1.720000000e+2,-1.240000000e-1,-1.602343750e+1,,,
1.779218750e+2,-1.200000000e-1,-1.498437500e+1,,,
1.780781250e+2,-1.239375000e-1,-1.200000000e+1,,,
1.720625000e+2,-1.359062500e-1,-1.601562500e+1,,,
1.740781250e+2,-1.320312500e-1,-1.500000000e+1,,,
1.780000000e+2,-1.320000000e-1,-1.600000000e+1,,,
1.760625000e+2,-1.280000000e-1,-1.399218750e+1,,,
1.859843750e+2,-1.240000000e-1,-1.400781250e+1,,,
1.740468750e+2,-1.240000000e-1,-1.300781250e+1,,,
1.720000000e+2,-1.279062500e-1,-1.302343750e+1,,,
1.780000000e+2,-1.400000000e-1,-1.700000000e+1,,,
1.780156250e+2,-1.320625000e-1,-1.600781250e+1,,,
1.719843750e+2,-1.280000000e-1,-1.600000000e+1,,,
1.819843750e+2,-1.160312500e-1,-1.301562500e+1,,,
1.740312500e+2,-1.199687500e-1,-1.299218750e+1,,,
1.839531250e+2,-1.120625000e-1,-1.300000000e+1,,,
1.860625000e+2,-1.320625000e-1,-1.400000000e+1,,,
1.820000000e+2,-1.160000000e-1,-1.400000000e+1,,,
1.860000000e+2,-1.398750000e-1,-1.601562500e+1,,,
1.859375000e+2,-1.280000000e-1,-1.497656250e+1,,,
1.800312500e+2,-1.200312500e-1,-1.399218750e+1,,,
1.860000000e+2,-1.360312500e-1,-1.200000000e+1,,,
1.779687500e+2,-1.280625000e-1,-1.301562500e+1,,,
1.819843750e+2,-1.239375000e-1,-1.301562500e+1,,,
1.800000000e+2,-1.279375000e-1,-1.201562500e+1,,,
1.819843750e+2,-1.280312500e-1,-1.202343750e+1,,,
1.840625000e+2,-1.199687500e-1,-1.400781250e+1,,,
1.780000000e+2,-1.160000000e-1,-1.100781250e+1,,,
1.858281250e+2,-1.279375000e-1,-1.300000000e+1,,,
1.881406250e+2,-1.320937500e-1,-1.100000000e+1,,,
1.819531250e+2,-1.240000000e-1,-1.396875000e+1,,,
1.839687500e+2,-1.280000000e-1,-1.399218750e+1,,,
1.799843750e+2,-1.280312500e-1,-1.100781250e+1,,,
1.881250000e+2,-1.278437500e-1,-1.300000000e+1,,,
1.919531250e+2,-1.162187500e-1,-1.198437500e+1,,,
1.858906250e+2,-1.440625000e-1,-1.000781250e+1,,,
1.840312500e+2,-1.202812500e-1,-1.000000000e+1,,,
1.899218750e+2,-1.199687500e-1,-1.000781250e+1,,,
1.900625000e+2,-1.159687500e-1,-1.100000000e+1,,,
1.860156250e+2,-1.280000000e-1,-1.400000000e+1,,,
1.879531250e+2,-1.160312500e-1,-8.992187500e+0,,,
1.880625000e+2,-1.320000000e-1,-1.300781250e+1,,,
1.839687500e+2,-1.282500000e-1,-1.103125000e+1,,,
1.921250000e+2,-1.119062500e-1,-1.100781250e+1,,,
1.959843750e+2,-1.359375000e-1,-1.200000000e+1,,,
1.919062500e+2,-1.320000000e-1,-1.200000000e+1,,,
1.860000000e+2,-1.360000000e-1,-6.000000000e+0,,,
1.940468750e+2,-1.319687500e-1,-1.101562500e+1,,,
1.980000000e+2,-1.240000000e-1,-9.000000000e+0,,,
1.920000000e+2,-1.240000000e-1,-1.200000000e+1,,,
1.980156250e+2,-1.240000000e-1,-8.992187500e+0,,,
1.900312500e+2,-1.239687500e-1,-9.992187500e+0,,,
1.880000000e+2,-1.162187500e-1,-8.007812500e+0,,,
1.900156250e+2,-1.399687500e-1,-8.000000000e+0,,,
1.939687500e+2,-1.158437500e-1,-7.000000000e+0,,,
1.960000000e+2,-1.322500000e-1,-1.001562500e+1,,,
1.940000000e+2,-1.360000000e-1,-6.000000000e+0,,,
1.960000000e+2,-1.360625000e-1,-9.992187500e+0,,,
1.960000000e+2,-1.240000000e-1,-8.007812500e+0,,,
1.940156250e+2,-1.320000000e-1,-1.103906250e+1,,,
1.959687500e+2,-1.239062500e-1,-8.976562500e+0,,,
1.920000000e+2,-1.240312500e-1,-8.000000000e+0,,,
2.000156250e+2,-1.240000000e-1,-8.007812500e+0,,,
1.980000000e+2,-1.240312500e-1,-9.000000000e+0,,,
1.980000000e+2,-1.200312500e-1,-7.007812500e+0,,,
1.980000000e+2,-1.280625000e-1,-7.031250000e+0,,,
1.940000000e+2,-1.360000000e-1,-9.000000000e+0,,,
1.979218750e+2,-1.279062500e-1,-6.007812500e+0,,,
2.000000000e+2,-1.239687500e-1,-8.000000000e+0,,,
1.980468750e+2,-1.201875000e-1,-4.992187500e+0,,,
1.960937500e+2,-1.160625000e-1,-9.992187500e+0,,,
2.040312500e+2,-1.280937500e-1,-7.984375000e+0,,,
1.978281250e+2,-1.278750000e-1,-5.000000000e+0,,,
1.940000000e+2,-1.241250000e-1,-6.992187500e+0,,,
1.980781250e+2,-1.360312500e-1,-8.000000000e+0,,,
2.020000000e+2,-1.238750000e-1,-6.992187500e+0,,,
2.019531250e+2,-1.238750000e-1,-9.007812500e+0,,,
2.059531250e+2,-1.360000000e-1,-6.000000000e+0,,,
2.020468750e+2,-1.281250000e-1,-9.007812500e+0,,,
1.920000000e+2,-1.199687500e-1,-6.000000000e+0,,,
2.018281250e+2,-1.200937500e-1,-8.000000000e+0,,,
2.081718750e+2,-1.280312500e-1,-7.000000000e+0,,,
1.920156250e+2,-1.238437500e-1,-5.992187500e+0,,,
2.062187500e+2,-1.400000000e-1,-7.007812500e+0,,,
2.059531250e+2,-1.239687500e-1,-4.960937500e+0,,,
2.059687500e+2,-1.280000000e-1,-2.007812500e+0,,,
2.019531250e+2,-1.199687500e-1,-5.984375000e+0,,,
2.020156250e+2,-1.282500000e-1,-5.968750000e+0,,,
2.080156250e+2,-1.359062500e-1,-4.007812500e+0,,,
2.080000000e+2,-1.164062500e-1,-6.976562500e+0,,,
2.059843750e+2,-1.202500000e-1,-6.000000000e+0,,,
2.040000000e+2,-1.400312500e-1,-6.000000000e+0,,,
2.040000000e+2,-1.238125000e-1,-4.023437500e+0,,,
2.040312500e+2,-1.280625000e-1,-4.000000000e+0,,,
2.120000000e+2,-1.240000000e-1,-6.000000000e+0,,,
2.160156250e+2,-1.280000000e-1,-3.992187500e+0,,,
2.099375000e+2,-1.240000000e-1,-6.000000000e+0,,,
2.020000000e+2,-1.320312500e-1,-2.976562500e+0,,,
2.101250000e+2,-1.280000000e-1,-4.015625000e+0,,,
2.139843750e+2,-1.360937500e-1,-5.992187500e+0,,,
2.119687500e+2,-1.318750000e-1,-4.000000000e+0,,,
2.119843750e+2,-1.240312500e-1,-6.000000000e+0,,,
2.100000000e+2,-1.279687500e-1,-4.007812500e+0,,,
2.100312500e+2,-1.240000000e-1,-4.007812500e+0,,,
2.180000000e+2,-1.240312500e-1,-5.000000000e+0,,,
2.100468750e+2,-1.239375000e-1,-4.007812500e+0,,,
2.139843750e+2,-1.200312500e-1,-3.007812500e+0,,,
2.140625000e+2,-1.280625000e-1,-6.000000000e+0,,,
2.100156250e+2,-1.280000000e-1,-3.023437500e+0,,,
2.120625000e+2,-1.240000000e-1,-3.007812500e+0,,,
2.119687500e+2,-1.240000000e-1,-2.007812500e+0,,,
2.120156250e+2,-1.200000000e-1,-1.968750000e+0,,,
2.160312500e+2,-1.240625000e-1,-5.000000000e+0,,,
2.138906250e+2,-1.281875000e-1,-3.015625000e+0,,,
2.099687500e+2,-1.360000000e-1,-9.843750000e-1,,,
2.141406250e+2,-1.280000000e-1,-3.015625000e+0,,,
2.220468750e+2,-1.280000000e-1,0.000000000e+0,,,
2.139687500e+2,-1.240000000e-1,-2.992187500e+0,,,
2.240000000e+2,-1.359375000e-1,-2.023437500e+0,,,
2.140312500e+2,-1.158750000e-1,-6.007812500e+0,,,
2.139531250e+2,-1.283750000e-1,-3.000000000e+0,,,
2.159375000e+2,-1.317500000e-1,-3.000000000e+0,,,
2.199843750e+2,-1.081562500e-1,-3.000000000e+0,,,
2.179375000e+2,-1.242187500e-1,-2.015625000e+0,,,
2.180937500e+2,-1.360937500e-1,-1.000000000e+0,,,
2.239687500e+2,-1.357500000e-1,-2.007812500e+0,,,
2.139687500e+2,-1.199375000e-1,-1.015625000e+0,,,
2.180000000e+2,-1.281250000e-1,-1.000000000e+0,,,
2.159843750e+2,-1.280000000e-1,-2.000000000e+0,,,
2.160000000e+2,-1.320937500e-1,-1.023437500e+0,,,
2.180312500e+2,-1.360312500e-1,3.125000000e-2,,,
2.260000000e+2,-1.318437500e-1,-3.000000000e+0,,,
2.200000000e+2,-1.239687500e-1,1.992187500e+0,,,
2.240000000e+2,-1.239062500e-1,-1.968750000e+0,,,
2.159843750e+2,-1.200312500e-1,0.000000000e+0,,,
2.199531250e+2,-1.280000000e-1,9.687500000e-1,,,
2.279843750e+2,-1.238750000e-1,2.007812500e+0,,,
2.240000000e+2,-1.160312500e-1,-1.023437500e+0,,,
2.219375000e+2,-1.280312500e-1,-9.921875000e-1,,,
2.160468750e+2,-1.199687500e-1,0.000000000e+0,,,
2.280468750e+2,-1.280937500e-1,1.007812500e+0,,,
2.239531250e+2,-1.239062500e-1,2.000000000e+0,,,
2.260000000e+2,-1.196875000e-1,1.000000000e+0,,,
2.220937500e+2,-1.357812500e-1,9.843750000e-1,,,
2.199687500e+2,-1.361250000e-1,2.000000000e+0,,,
2.257343750e+2,-1.281250000e-1,9.843750000e-1,,,
2.321562500e+2,-1.239687500e-1,-1.015625000e+0,,,
2.220000000e+2,-1.280937500e-1,3.000000000e+0,,,
2.317968750e+2,-1.238437500e-1,2.023437500e+0,,,
2.279218750e+2,-1.359062500e-1,1.968750000e+0,,,
2.239843750e+2,-1.281562500e-1,3.007812500e+0,,,
2.260156250e+2,-1.200000000e-1,-1.023437500e+0,,,
2.300000000e+2,-1.280312500e-1,9.843750000e-1,,,
2.259218750e+2,-1.160000000e-1,3.000000000e+0,,,
2.220000000e+2,-1.200000000e-1,2.000000000e+0,,,
2.280000000e+2,-1.198750000e-1,5.031250000e+0,,,
2.280937500e+2,-1.279375000e-1,0.000000000e+0,,,
2.239843750e+2,-1.280000000e-1,2.046875000e+0,,,
2.299687500e+2,-1.319687500e-1,2.984375000e+0,,,
2.300312500e+2,-1.320312500e-1,2.000000000e+0,,,
2.280312500e+2,-1.239687500e-1,3.000000000e+0,,,
2.279531250e+2,-1.282500000e-1,2.000000000e+0,,,
2.340781250e+2,-1.158437500e-1,2.000000000e+0,,,
2.359843750e+2,-1.399375000e-1,3.992187500e+0,,,
2.319531250e+2,-1.280312500e-1,3.007812500e+0,,,
2.240312500e+2,-1.320000000e-1,5.000000000e+0,,,
2.380468750e+2,-1.280000000e-1,1.976562500e+0,,,
2.380312500e+2,-1.240312500e-1,2.000000000e+0,,,
2.300000000e+2,-1.239062500e-1,1.984375000e+0,,,
2.200156250e+2,-1.280000000e-1,5.000000000e+0,,,
2.359531250e+2,-1.240000000e-1,4.984375000e+0,,,
2.300000000e+2,-1.240000000e-1,1.007812500e+0,,,
2.340000000e+2,-1.280312500e-1,2.992187500e+0,,,
2.360000000e+2,-1.200000000e-1,3.007812500e+0,,,
2.320625000e+2,-1.280000000e-1,5.976562500e+0,,,
2.320000000e+2,-1.280000000e-1,3.976562500e+0,,,
2.379843750e+2,-1.281250000e-1,1.023437500e+0,,,
2.359687500e+2,-1.200312500e-1,5.007812500e+0,,,
2.320156250e+2,-1.240000000e-1,2.960937500e+0,,,
2.400312500e+2,-1.200312500e-1,3.046875000e+0,,,
2.400312500e+2,-1.160312500e-1,5.992187500e+0,,,
2.320000000e+2,-1.196250000e-1,4.007812500e+0,,,
2.380000000e+2,-1.320937500e-1,5.000000000e+0,,,
2.340156250e+2,-1.161250000e-1,4.000000000e+0,,,
2.339687500e+2,-1.199687500e-1,1.000000000e+0,,,
2.360000000e+2,-1.280000000e-1,5.015625000e+0,,,
2.339843750e+2,-1.280000000e-1,5.000000000e+0,,,
2.398906250e+2,-1.160000000e-1,4.000000000e+0,,,
2.440625000e+2,-1.279375000e-1,4.992187500e+0,,,
2.380312500e+2,-1.200000000e-1,6.007812500e+0,,,
2.460312500e+2,-1.280000000e-1,6.992187500e+0,,,
2.378750000e+2,-1.199687500e-1,7.000000000e+0,,,
2.360156250e+2,-1.200312500e-1,8.000000000e+0,,,
2.401093750e+2,-1.280625000e-1,7.007812500e+0,,,
2.480156250e+2,-1.321562500e-1,5.992187500e+0,,,
2.441406250e+2,-1.158750000e-1,8.007812500e+0,,,
2.379531250e+2,-1.438750000e-1,4.976562500e+0,,,
2.459687500e+2,-1.281875000e-1,3.023437500e+0,,,
2.440156250e+2,-1.240312500e-1,8.054687500e+0,,,
2.400000000e+2,-1.239687500e-1,7.000000000e+0,,,
2.439062500e+2,-1.160000000e-1,8.000000000e+0,,,
2.480000000e+2,-1.236875000e-1,7.000000000e+0,,,
2.439375000e+2,-1.320000000e-1,9.000000000e+0,,,
2.419843750e+2,-1.280000000e-1,3.992187500e+0,,,
2.420625000e+2,-1.200000000e-1,7.039062500e+0,,,
2.500000000e+2,-1.240312500e-1,8.992187500e+0,,,
2.440000000e+2,-1.280000000e-1,8.992187500e+0,,,
2.500000000e+2,-1.360937500e-1,9.960937500e+0,,,
2.480000000e+2,-1.161562500e-1,3.000000000e+0,,,
2.380156250e+2,-1.198437500e-1,6.929687500e+0,,,
2.439687500e+2,-1.320000000e-1,1.100000000e+1,,,
2.460000000e+2,-1.280625000e-1,9.007812500e+0,,,
2.419531250e+2,-1.160625000e-1,7.984375000e+0,,,
2.480156250e+2,-1.320312500e-1,9.000000000e+0,,,
2.380000000e+2,-1.241875000e-1,7.023437500e+0,,,
2.479687500e+2,-1.120000000e-1,8.000000000e+0,,,
2.440000000e+2,-1.199687500e-1,9.984375000e+0,,,
2.420156250e+2,-1.200000000e-1,6.929687500e+0,,,
2.480781250e+2,-1.280312500e-1,7.023437500e+0,,,
2.519531250e+2,-1.280000000e-1,7.960937500e+0,,,
2.439687500e+2,-1.280312500e-1,5.015625000e+0,,,
2.460000000e+2,-1.240937500e-1,1.095312500e+1,,,
2.420000000e+2,-1.240000000e-1,9.023437500e+0,,,
2.459531250e+2,-1.240000000e-1,8.992187500e+0,,,
2.519843750e+2,-1.240312500e-1,7.992187500e+0,,,
2.500000000e+2,-1.280000000e-1,1.097656250e+1,,,
2.520312500e+2,-1.160000000e-1,1.000000000e+1,,,
2.480000000e+2,-1.319375000e-1,8.000000000e+0,,,
2.520468750e+2,-1.200000000e-1,9.007812500e+0,,,
2.520156250e+2,-1.240000000e-1,8.007812500e+0,,,
2.540156250e+2,-1.120312500e-1,1.199218750e+1,,,
2.519375000e+2,-1.361250000e-1,9.000000000e+0,,,
2.479375000e+2,-1.278125000e-1,8.023437500e+0,,,
2.501406250e+2,-1.240312500e-1,1.099218750e+1,,,
2.599687500e+2,-1.240312500e-1,1.009375000e+1,,,
2.500781250e+2,-1.200312500e-1,4.992187500e+0,,,
2.558593750e+2,-1.239687500e-1,8.000000000e+0,,,
2.580781250e+2,-1.280312500e-1,1.000000000e+1,,,
2.500312500e+2,-1.320000000e-1,1.000000000e+1,,,
2.519375000e+2,-1.280000000e-1,1.100000000e+1,,,
2.540000000e+2,-1.400312500e-1,1.100781250e+1,,,
2.540312500e+2,-1.241562500e-1,9.992187500e+0,,,
2.580000000e+2,-1.279687500e-1,1.000000000e+1,,,
2.539531250e+2,-1.320000000e-1,9.000000000e+0,,,
2.540156250e+2,-1.360000000e-1,9.007812500e+0,,,
2.580156250e+2,-1.279375000e-1,1.100000000e+1,,,
2.600000000e+2,-1.160000000e-1,1.000000000e+1,,,
2.620000000e+2,-1.279062500e-1,9.984375000e+0,,,
2.619843750e+2,-1.280000000e-1,1.300000000e+1,,,
2.560468750e+2,-1.319375000e-1,1.101562500e+1,,,
2.499687500e+2,-1.118437500e-1,1.100000000e+1,,,
2.640000000e+2,-1.201875000e-1,1.000000000e+1,,,
2.520312500e+2,-1.320000000e-1,1.100000000e+1,,,
2.559687500e+2,-1.239375000e-1,1.200000000e+1,,,
2.580625000e+2,-1.277812500e-1,1.201562500e+1,,,
2.520000000e+2,-1.280312500e-1,1.200000000e+1,,,
2.600000000e+2,-1.240312500e-1,1.197656250e+1,,,
2.639062500e+2,-1.360000000e-1,6.984375000e+0,,,
2.560000000e+2,-1.239375000e-1,1.103125000e+1,,,
2.620000000e+2,-1.320937500e-1,1.200000000e+1,,,
2.540000000e+2,-1.320625000e-1,1.300781250e+1,,,
2.620000000e+2,-1.280000000e-1,1.500000000e+1,,,
2.640000000e+2,-1.320312500e-1,1.400000000e+1,,,
2.620000000e+2,-1.360000000e-1,1.400781250e+1,,,
2.660000000e+2,-1.320625000e-1,1.500000000e+1,,,
2.600312500e+2,-1.441250000e-1,1.400781250e+1,,,
2.620000000e+2,-1.440000000e-1,1.200000000e+1,,,
2.599843750e+2,-1.439062500e-1,1.500000000e+1,,,
2.660625000e+2,-1.439687500e-1,1.100000000e+1,,,
2.659843750e+2,-1.400000000e-1,1.401562500e+1,,,
2.680781250e+2,-1.480625000e-1,1.500781250e+1,,,
2.700000000e+2,-1.521562500e-1,1.600000000e+1,,,
2.679375000e+2,-1.638750000e-1,1.500000000e+1,,,
2.639687500e+2,-1.480312500e-1,1.496093750e+1,,,
2.640000000e+2,-1.640000000e-1,1.800781250e+1,,,
2.639375000e+2,-1.480000000e-1,1.200000000e+1,,,
2.699531250e+2,-1.638750000e-1,1.604687500e+1,,,
2.740468750e+2,-1.599062500e-1,1.699218750e+1,,,
2.680000000e+2,-1.560000000e-1,1.500000000e+1,,,
2.720625000e+2,-1.600625000e-1,1.600000000e+1,,,
2.658125000e+2,-1.678437500e-1,1.698437500e+1,,,
2.841250000e+2,-1.720312500e-1,1.800000000e+1,,,
2.758437500e+2,-1.599687500e-1,1.700000000e+1,,,
2.780625000e+2,-1.601250000e-1,1.799218750e+1,,,
2.800000000e+2,-1.680625000e-1,1.600000000e+1,,,
2.779843750e+2,-1.638750000e-1,1.701562500e+1,,,
2.760000000e+2,-1.600625000e-1,1.699218750e+1,,,
2.800000000e+2,-1.678750000e-1,1.596875000e+1,,,
2.759062500e+2,-1.638750000e-1,1.900000000e+1,,,
2.720000000e+2,-1.561250000e-1,1.600000000e+1,,,
2.820000000e+2,-1.680625000e-1,1.796093750e+1,,,
2.739843750e+2,-1.557187500e-1,1.800000000e+1,,,
2.800000000e+2,-1.522812500e-1,1.600000000e+1,,,
2.799843750e+2,-1.679375000e-1,1.900000000e+1,,,
2.840000000e+2,-1.440000000e-1,1.700000000e+1,,,
2.819687500e+2,-1.600625000e-1,2.100781250e+1,,,
2.840781250e+2,-1.600625000e-1,1.899218750e+1,,,
2.879218750e+2,-1.636875000e-1,2.002343750e+1,,,
2.820625000e+2,-1.400625000e-1,1.998437500e+1,,,
2.920000000e+2,-1.640937500e-1,1.900000000e+1,,,
2.840000000e+2,-1.442500000e-1,1.900000000e+1,,,
2.840000000e+2,-1.480312500e-1,1.800000000e+1,,,
2.859843750e+2,-1.519687500e-1,1.996875000e+1,,,
2.880156250e+2,-1.357187500e-1,2.100781250e+1,,,
2.860000000e+2,-1.282500000e-1,1.799218750e+1,,,
2.880468750e+2,-1.520625000e-1,1.899218750e+1,,,
2.820468750e+2,-1.400000000e-1,1.900000000e+1,,,
2.862187500e+2,-1.440625000e-1,2.000781250e+1,,,
2.919531250e+2,-1.399687500e-1,2.100000000e+1,,,
2.839218750e+2,-1.400937500e-1,2.000000000e+1,,,
2.861718750e+2,-1.398125000e-1,2.100000000e+1,,,
2.940000000e+2,-1.198437500e-1,2.100000000e+1,,,
2.879687500e+2,-1.280937500e-1,2.100000000e+1,,,
2.919843750e+2,-1.200000000e-1,2.002343750e+1,,,
2.860156250e+2,-1.200000000e-1,1.800000000e+1,,,
2.899687500e+2,-1.200000000e-1,1.896875000e+1,,,
2.879843750e+2,-1.080000000e-1,2.500781250e+1,,,
2.919843750e+2,-1.242812500e-1,1.993750000e+1,,,
2.900156250e+2,-1.277500000e-1,1.900000000e+1,,,
2.919687500e+2,-1.119375000e-1,2.300000000e+1,,,
2.920312500e+2,-1.200000000e-1,2.301562500e+1,,,
2.920937500e+2,-1.160937500e-1,2.101562500e+1,,,
2.978750000e+2,-1.320312500e-1,2.000000000e+1,,,
2.840000000e+2,-1.157187500e-1,2.103125000e+1,,,
2.980156250e+2,-1.119687500e-1,2.400000000e+1,,,
2.900000000e+2,-1.080937500e-1,2.000000000e+1,,,
2.919843750e+2,-1.199687500e-1,1.900000000e+1,,,
2.860000000e+2,-1.200312500e-1,2.098437500e+1,,,
2.920000000e+2,-1.239375000e-1,2.100781250e+1,,,
2.880000000e+2,-1.159375000e-1,2.100000000e+1,,,
2.860000000e+2,-1.201562500e-1,2.200000000e+1,,,
2.940000000e+2,-1.198437500e-1,2.098437500e+1,,,
2.940000000e+2,-1.160625000e-1,2.400000000e+1,,,
2.959687500e+2,-1.240000000e-1,2.200000000e+1,,,
2.999687500e+2,-1.239375000e-1,2.400781250e+1,,,
3.040000000e+2,-1.159687500e-1,2.099218750e+1,,,
2.878906250e+2,-1.160625000e-1,2.403125000e+1,,,
2.901093750e+2,-1.241250000e-1,2.300000000e+1,,,
2.980000000e+2,-1.239375000e-1,1.902343750e+1,,,
2.959843750e+2,-1.200312500e-1,2.500000000e+1,,,
2.999531250e+2,-1.200625000e-1,2.100000000e+1,,,
2.980468750e+2,-1.160625000e-1,2.196093750e+1,,,
2.960625000e+2,-1.159687500e-1,2.400000000e+1,,,
2.918906250e+2,-1.200000000e-1,2.398437500e+1,,,
2.999843750e+2,-1.200000000e-1,2.100781250e+1,,,
2.959218750e+2,-1.240000000e-1,2.300000000e+1,,,
3.021562500e+2,-1.201562500e-1,2.500000000e+1,,,
2.879687500e+2,-1.199687500e-1,2.498437500e+1,,,
2.960156250e+2,-1.200937500e-1,2.600781250e+1,,,
2.920156250e+2,-1.120000000e-1,2.198437500e+1,,,
3.000156250e+2,-1.239687500e-1,2.398437500e+1,,,
2.959375000e+2,-1.240000000e-1,2.500000000e+1,,,
2.960156250e+2,-1.280000000e-1,2.300000000e+1,,,
3.000000000e+2,-1.360000000e-1,2.496093750e+1,,,
2.960781250e+2,-1.281875000e-1,2.500000000e+1,,,
2.940000000e+2,-1.278750000e-1,2.597656250e+1,,,
2.939843750e+2,-1.399375000e-1,2.402343750e+1,,,
2.979843750e+2,-1.360625000e-1,2.800000000e+1,,,
2.999843750e+2,-1.280000000e-1,2.496093750e+1,,,
3.019843750e+2,-1.319687500e-1,2.500000000e+1,,,
3.019843750e+2,-1.319375000e-1,2.700000000e+1,,,
3.020312500e+2,-1.360625000e-1,2.399218750e+1,,,
3.039843750e+2,-1.280000000e-1,2.703125000e+1,,,
2.979687500e+2,-1.360000000e-1,2.600000000e+1,,,
3.040312500e+2,-1.320000000e-1,2.300000000e+1,,,
3.079843750e+2,-1.280000000e-1,2.706250000e+1,,,
3.060000000e+2,-1.356875000e-1,2.802343750e+1,,,
2.999843750e+2,-1.400625000e-1,2.500000000e+1,,,
3.019687500e+2,-1.280000000e-1,2.600781250e+1,,,
3.059843750e+2,-1.280000000e-1,2.700000000e+1,,,
3.040000000e+2,-1.479687500e-1,2.499218750e+1,,,
3.080156250e+2,-1.359375000e-1,2.800000000e+1,,,
3.000312500e+2,-1.320000000e-1,2.500000000e+1,,,
3.060000000e+2,-1.317812500e-1,2.800000000e+1,,,
3.060156250e+2,-1.478750000e-1,2.496875000e+1,,,
3.000000000e+2,-1.440625000e-1,2.600781250e+1,,,
3.081406250e+2,-1.480000000e-1,2.700781250e+1,,,
3.159687500e+2,-1.440937500e-1,2.800781250e+1,,,
3.000468750e+2,-1.279687500e-1,2.701562500e+1,,,
3.040000000e+2,-1.399375000e-1,2.299218750e+1,,,
3.080156250e+2,-1.320625000e-1,2.801562500e+1,,,
3.079843750e+2,-1.360312500e-1,2.800000000e+1,,,
3.100156250e+2,-1.280000000e-1,2.600000000e+1,,,
3.079843750e+2,-1.360000000e-1,2.800781250e+1,,,
3.120156250e+2,-1.280000000e-1,2.900000000e+1,,,
3.079687500e+2,-1.320000000e-1,2.800000000e+1,,,
3.139687500e+2,-1.362812500e-1,2.800781250e+1,,,
3.079062500e+2,-1.280000000e-1,2.800781250e+1,,,
3.059687500e+2,-1.360312500e-1,3.098437500e+1,,,
3.060937500e+2,-1.319687500e-1,3.100000000e+1,,,
3.160312500e+2,-1.279687500e-1,3.098437500e+1,,,
3.119531250e+2,-1.240000000e-1,2.801562500e+1,,,
3.140156250e+2,-1.239687500e-1,2.699218750e+1,,,
3.100468750e+2,-1.240312500e-1,3.000000000e+1,,,
3.080000000e+2,-1.161562500e-1,2.799218750e+1,,,
3.080000000e+2,-1.079375000e-1,2.900781250e+1,,,
3.080000000e+2,-1.279375000e-1,2.900781250e+1,,,
3.059218750e+2,-1.280000000e-1,2.999218750e+1,,,
3.179843750e+2,-1.280000000e-1,2.800000000e+1,,,
3.100625000e+2,-1.279375000e-1,2.800781250e+1,,,
3.160937500e+2,-1.320312500e-1,3.100000000e+1,,,
3.159843750e+2,-1.200000000e-1,2.897656250e+1,,,
3.119843750e+2,-1.040000000e-1,2.503125000e+1,,,
3.160312500e+2,-1.200312500e-1,3.000000000e+1,,,
3.199843750e+2,-1.120000000e-1,2.500000000e+1,,,
3.200000000e+2,-1.119687500e-1,3.003125000e+1,,,
3.100000000e+2,-1.159687500e-1,2.900000000e+1,,,
3.040000000e+2,-1.160937500e-1,2.899218750e+1,,,
3.079375000e+2,-1.080000000e-1,2.900000000e+1,,,
3.199687500e+2,-1.199687500e-1,2.899218750e+1,,,
3.140937500e+2,-1.160312500e-1,3.100000000e+1,,,
3.119843750e+2,-1.159375000e-1,2.800781250e+1,,,
3.159218750e+2,-9.603125000e-2,2.796875000e+1,,,
3.200156250e+2,-1.078750000e-1,3.000000000e+1,,,
3.120000000e+2,-1.080312500e-1,3.100000000e+1,,,
3.120000000e+2,-1.080000000e-1,2.995312500e+1,,,
3.120468750e+2,-1.040000000e-1,2.800000000e+1,,,
3.179531250e+2,-1.040312500e-1,2.900781250e+1,,,
3.100156250e+2,-1.080312500e-1,2.900000000e+1,,,
3.180000000e+2,-1.001875000e-1,2.999218750e+1,,,
3.079843750e+2,-9.996875000e-2,2.999218750e+1,,,
3.219687500e+2,-1.040000000e-1,3.099218750e+1,,,
3.160625000e+2,-1.040000000e-1,2.900000000e+1,,,
3.179843750e+2,-1.000000000e-1,3.000000000e+1,,,
3.121875000e+2,-8.796875000e-2,2.900000000e+1,,,
3.059375000e+2,-1.118750000e-1,3.200781250e+1,,,
3.161875000e+2,-1.000000000e-1,2.802343750e+1,,,
3.178906250e+2,-1.040000000e-1,3.000781250e+1,,,
3.120156250e+2,-1.000000000e-1,3.100781250e+1,,,
3.180156250e+2,-1.080625000e-1,2.800000000e+1,,,
3.097812500e+2,-1.039375000e-1,3.002343750e+1,,,
3.061250000e+2,-9.993750000e-2,3.000781250e+1,,,
3.200468750e+2,-9.200000000e-2,2.799218750e+1,,,
3.141250000e+2,-9.996875000e-2,3.000000000e+1,,,
3.119687500e+2,-9.996875000e-2,2.900000000e+1,,,
3.139843750e+2,-1.080312500e-1,3.100000000e+1,,,
3.139531250e+2,-1.040312500e-1,3.096093750e+1,,,
3.180625000e+2,-1.160000000e-1,2.799218750e+1,,,
3.099843750e+2,-1.080937500e-1,2.999218750e+1,,,
3.180312500e+2,-1.079687500e-1,2.799218750e+1,,,
3.119531250e+2,-1.080312500e-1,2.900000000e+1,,,
3.160156250e+2,-1.040000000e-1,3.100000000e+1,,,
3.160468750e+2,-9.600000000e-2,2.699218750e+1,,,
3.219843750e+2,-1.040312500e-1,3.000781250e+1,,,
3.120000000e+2,-1.000000000e-1,3.000000000e+1,,,
3.200156250e+2,-1.000000000e-1,2.699218750e+1,,,
3.159843750e+2,-1.040000000e-1,3.100781250e+1,,,
3.200000000e+2,-1.079687500e-1,2.999218750e+1,,,
3.160156250e+2,-9.593750000e-2,3.200781250e+1,,,
3.140312500e+2,-1.000312500e-1,2.798437500e+1,,,
3.260000000e+2,-1.001562500e-1,2.900000000e+1,,,
3.140156250e+2,-1.119062500e-1,2.896875000e+1,,,
3.200312500e+2,-9.596875000e-2,3.301562500e+1,,,
3.100000000e+2,-1.120000000e-1,2.900781250e+1,,,
3.260000000e+2,-9.596875000e-2,2.998437500e+1,,,
3.158281250e+2,-1.040312500e-1,2.597656250e+1,,,
3.140625000e+2,-9.987500000e-2,3.003125000e+1,,,
3.180000000e+2,-9.196875000e-2,3.000000000e+1,,,
3.139843750e+2,-9.587500000e-2,3.000000000e+1,,,
3.160000000e+2,-1.080000000e-1,3.100000000e+1,,,
3.180000000e+2,-9.996875000e-2,3.100781250e+1,,,
3.120000000e+2,-1.000000000e-1,2.901562500e+1,,,
3.139843750e+2,-9.593750000e-2,3.200000000e+1,,,
3.159843750e+2,-9.609375000e-2,2.900781250e+1,,,
3.160468750e+2,-1.040312500e-1,2.900000000e+1,,,
3.139531250e+2,-1.042187500e-1,3.000000000e+1,,,
3.220468750e+2,-9.603125000e-2,2.900000000e+1,,,
3.179531250e+2,-1.080937500e-1,3.000781250e+1,,,
3.179687500e+2,-1.080000000e-1,3.199218750e+1,,,
3.118906250e+2,-1.079375000e-1,2.800781250e+1,,,
3.121250000e+2,-9.578125000e-2,3.000000000e+1,,,
3.219843750e+2,-9.206250000e-2,2.803125000e+1,,,
3.140312500e+2,-9.993750000e-2,2.797656250e+1,,,
3.200000000e+2,-1.040000000e-1,3.300000000e+1,,,
3.120156250e+2,-1.040625000e-1,3.098437500e+1,,,
3.159062500e+2,-9.593750000e-2,3.098437500e+1,,,
3.220000000e+2,-9.603125000e-2,2.800000000e+1,,,
3.161093750e+2,-1.040625000e-1,3.200000000e+1,,,
3.138750000e+2,-1.123125000e-1,3.200000000e+1,,,
3.221093750e+2,-8.409375000e-2,3.300000000e+1,,,
3.219218750e+2,-9.206250000e-2,3.198437500e+1,,,
3.179531250e+2,-9.596875000e-2,3.099218750e+1,,,
3.180156250e+2,-9.193750000e-2,3.099218750e+1,,,
3.220312500e+2,-9.206250000e-2,3.300000000e+1,,,
3.259843750e+2,-9.603125000e-2,3.099218750e+1,,,
3.180000000e+2,-9.612500000e-2,3.100781250e+1,,,
3.120156250e+2,-9.203125000e-2,2.900000000e+1,,,
3.200000000e+2,-9.596875000e-2,2.900000000e+1,,,
3.240000000e+2,-9.209375000e-2,3.299218750e+1,,,
3.099843750e+2,-1.041875000e-1,3.000000000e+1,,,
3.220000000e+2,-1.039375000e-1,3.100000000e+1,,,
3.181093750e+2,-9.996875000e-2,3.000000000e+1,,,
3.160156250e+2,-9.600000000e-2,3.200000000e+1,,,
3.220156250e+2,-9.600000000e-2,3.199218750e+1,,,
3.179375000e+2,-9.600000000e-2,3.199218750e+1,,,
3.159062500e+2,-9.596875000e-2,3.095312500e+1,,,
3.120937500e+2,-9.609375000e-2,2.900000000e+1,,,
3.220156250e+2,-1.040312500e-1,3.197656250e+1,,,
3.180000000e+2,-1.000937500e-1,3.500000000e+1,,,
3.200000000e+2,-9.600000000e-2,3.198437500e+1,,,
3.180156250e+2,-9.593750000e-2,3.101562500e+1,,,
3.139843750e+2,-8.396875000e-2,2.800000000e+1,,,
3.179843750e+2,-9.218750000e-2,3.101562500e+1,,,
3.181093750e+2,-9.593750000e-2,3.202343750e+1,,,
3.138906250e+2,-8.800000000e-2,2.900000000e+1,,,
3.281875000e+2,-9.206250000e-2,3.303906250e+1,,,
3.217656250e+2,-9.200000000e-2,3.400781250e+1,,,
3.140000000e+2,-9.200000000e-2,3.104687500e+1,,,
3.180937500e+2,-9.200000000e-2,2.900000000e+1,,,
3.200312500e+2,-9.193750000e-2,2.999218750e+1,,,
3.219531250e+2,-9.218750000e-2,3.098437500e+1,,,
3.200781250e+2,-1.000000000e-1,3.102343750e+1,,,
3.300000000e+2,-8.800000000e-2,2.900000000e+1,,,
3.220468750e+2,-9.200000000e-2,2.999218750e+1,,,
3.260000000e+2,-9.200000000e-2,3.096093750e+1,,,
3.200312500e+2,-9.190625000e-2,2.801562500e+1,,,
3.159375000e+2,-8.815625000e-2,3.300000000e+1,,,
3.239062500e+2,-1.041250000e-1,2.900000000e+1,,,
3.240625000e+2,-9.646875000e-2,3.297656250e+1,,,
3.219843750e+2,-8.406250000e-2,3.103125000e+1,,,
3.240468750e+2,-1.042500000e-1,3.100000000e+1,,,
3.260000000e+2,-1.038750000e-1,3.399218750e+1,,,
3.219687500e+2,-9.587500000e-2,3.001562500e+1,,,
3.180000000e+2,-8.803125000e-2,3.100000000e+1,,,
3.220000000e+2,-9.200000000e-2,2.900781250e+1,,,
3.180000000e+2,-8.803125000e-2,3.298437500e+1,,,
3.220000000e+2,-9.609375000e-2,3.102343750e+1,,,
3.180000000e+2,-9.187500000e-2,3.200000000e+1,,,
3.240000000e+2,-8.806250000e-2,3.300000000e+1,,,
3.180000000e+2,-9.209375000e-2,3.102343750e+1,,,
3.180312500e+2,-9.196875000e-2,3.000000000e+1,,,
3.259687500e+2,-9.200000000e-2,3.295312500e+1,,,
3.240156250e+2,-9.193750000e-2,3.301562500e+1,,,
3.200000000e+2,-8.803125000e-2,3.198437500e+1,,,
3.180000000e+2,-1.000312500e-1,3.200781250e+1,,,
3.220468750e+2,-9.187500000e-2,3.400000000e+1,,,
3.280156250e+2,-9.200000000e-2,3.398437500e+1,,,
3.259531250e+2,-8.803125000e-2,3.200000000e+1,,,
3.201250000e+2,-8.818750000e-2,3.200000000e+1,,,
3.160000000e+2,-8.387500000e-2,3.197656250e+1,,,
3.198750000e+2,-9.596875000e-2,3.400000000e+1,,,
3.259375000e+2,-8.818750000e-2,3.199218750e+1,,,
3.203437500e+2,-8.787500000e-2,3.299218750e+1,,,
3.118125000e+2,-1.040000000e-1,3.100000000e+1,,,
3.276875000e+2,-9.243750000e-2,2.996093750e+1,,,
3.259062500e+2,-8.812500000e-2,3.496875000e+1,,,
3.199687500e+2,-8.003125000e-2,3.201562500e+1,,,
3.200000000e+2,-8.396875000e-2,3.001562500e+1,,,
3.220000000e+2,-9.196875000e-2,3.299218750e+1,,,
3.200000000e+2,-9.600000000e-2,3.200000000e+1,,,
3.199843750e+2,-9.200000000e-2,3.000000000e+1,,,
3.160000000e+2,-9.206250000e-2,3.497656250e+1,,,
3.200312500e+2,-8.806250000e-2,3.100000000e+1,,,
3.140156250e+2,-8.803125000e-2,3.203125000e+1,,,
3.199687500e+2,-8.793750000e-2,3.299218750e+1,,,
3.220781250e+2,-9.600000000e-2,3.200000000e+1,,,
3.159687500e+2,-8.800000000e-2,3.300781250e+1,,,
3.259062500e+2,-9.587500000e-2,3.200000000e+1,,,
3.239531250e+2,-8.825000000e-2,3.100000000e+1,,,
3.239843750e+2,-7.993750000e-2,3.300000000e+1,,,
3.199687500e+2,-8.803125000e-2,3.199218750e+1,,,
3.160312500e+2,-7.600000000e-2,3.300000000e+1,,,
3.240312500e+2,-8.000000000e-2,3.200000000e+1,,,
3.240000000e+2,-9.593750000e-2,3.300000000e+1,,,
3.220000000e+2,-9.618750000e-2,3.101562500e+1,,,
3.199843750e+2,-8.809375000e-2,3.000000000e+1,,,
3.199843750e+2,-8.400000000e-2,3.101562500e+1,,,
3.220156250e+2,-9.200000000e-2,3.500000000e+1,,,
3.140000000e+2,-9.206250000e-2,3.002343750e+1,,,
3.219843750e+2,-8.000000000e-2,2.900781250e+1,,,
3.180937500e+2,-9.200000000e-2,3.291406250e+1,,,
3.160000000e+2,-8.015625000e-2,3.398437500e+1,,,
3.199531250e+2,-8.390625000e-2,2.898437500e+1,,,
3.259843750e+2,-8.409375000e-2,3.200781250e+1,,,
3.159218750e+2,-8.000000000e-2,3.096875000e+1,,,
3.160156250e+2,-8.796875000e-2,3.105468750e+1,,,
3.199843750e+2,-9.209375000e-2,3.400000000e+1,,,
3.180000000e+2,-8.403125000e-2,3.003125000e+1,,,
3.160000000e+2,-9.184375000e-2,3.100781250e+1,,,
3.180000000e+2,-9.209375000e-2,3.300000000e+1,,,
3.140000000e+2,-8.003125000e-2,3.000000000e+1,,,
3.199687500e+2,-8.400000000e-2,3.000781250e+1,,,
3.219843750e+2,-8.400000000e-2,3.200000000e+1,,,
3.220312500e+2,-8.000000000e-2,3.200000000e+1,,,
3.180468750e+2,-9.134375000e-2,3.200781250e+1,,,
3.159843750e+2,-1.040000000e-1,3.100000000e+1,,,
3.180625000e+2,-9.593750000e-2,3.298437500e+1,,,
3.240468750e+2,-8.793750000e-2,3.398437500e+1,,,
3.239531250e+2,-8.000000000e-2,3.199218750e+1,,,
3.219843750e+2,-8.403125000e-2,3.199218750e+1,,,
3.220468750e+2,-8.806250000e-2,3.299218750e+1,,,
3.220937500e+2,-8.003125000e-2,3.299218750e+1,,,
3.120468750e+2,-8.790625000e-2,3.199218750e+1,,,
3.179687500e+2,-9.206250000e-2,3.200000000e+1,,,
3.179687500e+2,-8.403125000e-2,3.201562500e+1,,,
3.259843750e+2,-8.800000000e-2,3.300000000e+1,,,
3.220312500e+2,-8.000000000e-2,3.200000000e+1,,,
3.239687500e+2,-8.778125000e-2,3.200781250e+1,,,
3.219531250e+2,-9.200000000e-2,3.400000000e+1,,,
3.179687500e+2,-9.200000000e-2,3.199218750e+1,,,
3.140625000e+2,-8.000000000e-2,3.199218750e+1,,,
3.240156250e+2,-9.203125000e-2,3.099218750e+1,,,
3.180312500e+2,-8.800000000e-2,3.299218750e+1,,,
3.140000000e+2,-9.206250000e-2,3.300781250e+1,,,
3.200000000e+2,-7.603125000e-2,3.400000000e+1,,,
3.180156250e+2,-8.396875000e-2,3.103125000e+1,,,
3.159843750e+2,-8.000000000e-2,3.000000000e+1,,,
3.219843750e+2,-9.200000000e-2,3.299218750e+1,,,
3.199843750e+2,-7.996875000e-2,3.200000000e+1,,,
3.220312500e+2,-8.800000000e-2,3.399218750e+1,,,
3.119843750e+2,-8.012500000e-2,3.304687500e+1,,,
3.239531250e+2,-7.593750000e-2,3.100000000e+1,,,
3.220000000e+2,-8.793750000e-2,3.202343750e+1,,,
3.239843750e+2,-8.400000000e-2,3.300781250e+1,,,
3.179843750e+2,-8.000000000e-2,3.196875000e+1,,,
3.199843750e+2,-8.000000000e-2,2.797656250e+1,,,
3.160312500e+2,-8.000000000e-2,3.004687500e+1,,,
3.239843750e+2,-8.403125000e-2,3.301562500e+1,,,
3.180312500e+2,-8.393750000e-2,3.000781250e+1,,,
3.159687500e+2,-8.409375000e-2,3.200000000e+1,,,
3.259531250e+2,-6.003125000e-2,3.000000000e+1,,,
3.201093750e+2,-8.800000000e-2,3.200000000e+1,,,
3.179375000e+2,-1.000000000e-1,3.100000000e+1,,,
3.219843750e+2,-9.221875000e-2,3.400781250e+1,,,
3.178906250e+2,-8.000000000e-2,3.001562500e+1,,,
3.160781250e+2,-8.400000000e-2,3.200781250e+1,,,
3.220156250e+2,-7.200000000e-2,3.200000000e+1,,,
3.158750000e+2,-7.600000000e-2,3.200000000e+1,,,
3.141250000e+2,-7.209375000e-2,3.199218750e+1,,,
3.240781250e+2,-8.806250000e-2,3.199218750e+1,,,
3.199062500e+2,-8.406250000e-2,3.301562500e+1,,,
3.140000000e+2,-8.409375000e-2,3.099218750e+1,,,
3.179218750e+2,-7.200000000e-2,3.200000000e+1,,,
3.180937500e+2,-8.403125000e-2,2.800000000e+1,,,
3.119687500e+2,-7.600000000e-2,3.202343750e+1,,,
3.218906250e+2,-8.000000000e-2,2.999218750e+1,,,
3.201250000e+2,-7.200000000e-2,3.100000000e+1,,,
3.160156250e+2,-8.006250000e-2,2.900000000e+1,,,
3.200156250e+2,-7.193750000e-2,3.100000000e+1,,,
3.159531250e+2,-9.600000000e-2,2.900000000e+1,,,
3.160000000e+2,-9.593750000e-2,3.101562500e+1,,,
3.200312500e+2,-7.987500000e-2,3.299218750e+1,,,
3.260000000e+2,-6.400000000e-2,3.000000000e+1,,,
3.159687500e+2,-8.346875000e-2,3.100000000e+1,,,
3.201093750e+2,-9.600000000e-2,3.000000000e+1,,,
3.240156250e+2,-7.593750000e-2,3.201562500e+1,,,
3.140156250e+2,-8.018750000e-2,2.800000000e+1,,,
3.200156250e+2,-8.390625000e-2,3.200781250e+1,,,
3.200312500e+2,-7.612500000e-2,3.000000000e+1,,,
3.119843750e+2,-9.193750000e-2,2.998437500e+1,,,
3.239687500e+2,-7.212500000e-2,3.097656250e+1,,,
3.140000000e+2,-8.796875000e-2,3.100781250e+1,,,
3.180000000e+2,-8.403125000e-2,2.798437500e+1,,,
3.199531250e+2,-9.196875000e-2,2.803125000e+1,,,
3.160000000e+2,-7.590625000e-2,3.000000000e+1,,,
3.200312500e+2,-8.003125000e-2,3.000000000e+1,,,
3.179687500e+2,-7.203125000e-2,3.100000000e+1,,,
3.140000000e+2,-7.600000000e-2,3.100000000e+1,,,
3.180000000e+2,-7.600000000e-2,2.999218750e+1,,,
3.180000000e+2,-7.203125000e-2,3.200781250e+1,,,
3.119843750e+2,-8.406250000e-2,3.100000000e+1,,,
3.199375000e+2,-7.993750000e-2,2.999218750e+1,,,
3.179687500e+2,-8.403125000e-2,3.200000000e+1,,,
3.220312500e+2,-8.800000000e-2,3.300781250e+1,,,
3.119375000e+2,-7.987500000e-2,3.000781250e+1,,,
3.180937500e+2,-6.806250000e-2,3.000000000e+1,,,
3.178906250e+2,-8.006250000e-2,3.100000000e+1,,,
3.160625000e+2,-7.603125000e-2,3.000000000e+1,,,
3.220156250e+2,-8.818750000e-2,3.000000000e+1,,,
3.158750000e+2,-8.796875000e-2,3.101562500e+1,,,
3.119375000e+2,-8.403125000e-2,2.800000000e+1,,,
3.179218750e+2,-8.000000000e-2,3.000000000e+1,,,
3.160156250e+2,-8.006250000e-2,2.599218750e+1,,,
3.119531250e+2,-7.206250000e-2,3.001562500e+1,,,
3.219218750e+2,-8.400000000e-2,3.000000000e+1,,,
3.200937500e+2,-7.200000000e-2,3.000000000e+1,,,
3.140468750e+2,-7.981250000e-2,3.095312500e+1,,,
3.140312500e+2,-8.400000000e-2,3.301562500e+1,,,
3.139843750e+2,-8.393750000e-2,2.698437500e+1,,,
3.119218750e+2,-6.796875000e-2,3.000781250e+1,,,
3.080156250e+2,-7.606250000e-2,2.900000000e+1,,,
3.160312500e+2,-7.203125000e-2,2.900781250e+1,,,
3.160156250e+2,-7.996875000e-2,3.000000000e+1,,,
3.200000000e+2,-7.200000000e-2,2.900000000e+1,,,
3.159375000e+2,-8.409375000e-2,3.000000000e+1,,,
3.140000000e+2,-8.803125000e-2,2.900000000e+1,,,
3.200000000e+2,-8.793750000e-2,2.900781250e+1,,,
3.099531250e+2,-7.975000000e-2,2.800000000e+1,,,
3.080000000e+2,-6.796875000e-2,2.900000000e+1,,,
3.199687500e+2,-7.615625000e-2,2.603125000e+1,,,
3.099531250e+2,-8.400000000e-2,2.800000000e+1,,,
3.100625000e+2,-7.196875000e-2,2.999218750e+1,,,
3.139843750e+2,-7.212500000e-2,2.899218750e+1,,,
3.120781250e+2,-8.003125000e-2,2.903125000e+1,,,
3.200468750e+2,-7.184375000e-2,3.100781250e+1,,,
3.139531250e+2,-6.396875000e-2,3.000000000e+1,,,
3.100000000e+2,-6.393750000e-2,3.000000000e+1,,,
3.180156250e+2,-7.206250000e-2,2.900000000e+1,,,
3.160156250e+2,-7.603125000e-2,3.099218750e+1,,,
3.139843750e+2,-7.587500000e-2,2.900781250e+1,,,
3.159843750e+2,-6.809375000e-2,2.900000000e+1,,,
3.160468750e+2,-8.000000000e-2,2.899218750e+1,,,
3.120468750e+2,-6.800000000e-2,3.000000000e+1,,,
3.121093750e+2,-7.615625000e-2,2.899218750e+1,,,
3.180312500e+2,-7.990625000e-2,2.900000000e+1,,,
3.139218750e+2,-6.384375000e-2,2.902343750e+1,,,
3.100156250e+2,-6.815625000e-2,2.700000000e+1,,,
3.140468750e+2,-7.190625000e-2,2.898437500e+1,,,
3.140156250e+2,-6.803125000e-2,3.097656250e+1,,,
3.159531250e+2,-7.600000000e-2,3.103906250e+1,,,
3.119531250e+2,-7.600000000e-2,2.700000000e+1,,,
3.199843750e+2,-6.400000000e-2,2.698437500e+1,,,
3.100468750e+2,-6.806250000e-2,2.998437500e+1,,,
3.080000000e+2,-7.206250000e-2,2.699218750e+1,,,
3.079531250e+2,-7.609375000e-2,3.000000000e+1,,,
3.119843750e+2,-7.596875000e-2,2.800000000e+1,,,
3.100468750e+2,-7.196875000e-2,2.999218750e+1,,,
3.121406250e+2,-7.193750000e-2,2.802343750e+1,,,
3.219843750e+2,-6.406250000e-2,2.800000000e+1,,,
3.119062500e+2,-7.606250000e-2,3.100000000e+1,,,
3.120156250e+2,-6.796875000e-2,2.900781250e+1,,,
3.160000000e+2,-7.606250000e-2,2.900000000e+1,,,
3.099843750e+2,-7.200000000e-2,2.700000000e+1,,,
3.120000000e+2,-7.606250000e-2,2.900781250e+1,,,
3.120000000e+2,-7.593750000e-2,2.600000000e+1,,,
3.120000000e+2,-7.200000000e-2,2.900000000e+1,,,
3.120000000e+2,-7.171875000e-2,2.799218750e+1,,,
3.200000000e+2,-6.021875000e-2,3.000781250e+1,,,
3.099843750e+2,-8.440625000e-2,2.800000000e+1,,,
3.159687500e+2,-8.000000000e-2,3.096875000e+1,,,
3.160156250e+2,-7.196875000e-2,2.903125000e+1,,,
3.120000000e+2,-7.606250000e-2,2.598437500e+1,,,
3.119687500e+2,-8.406250000e-2,2.703906250e+1,,,
3.080312500e+2,-8.384375000e-2,3.000000000e+1,,,
3.139843750e+2,-7.187500000e-2,2.600781250e+1,,,
3.060000000e+2,-7.203125000e-2,3.200000000e+1,,,
3.120156250e+2,-7.190625000e-2,2.800000000e+1,,,
3.040468750e+2,-7.603125000e-2,3.200000000e+1,,,
3.099062500e+2,-7.196875000e-2,2.700000000e+1,,,
3.119375000e+2,-7.993750000e-2,2.900000000e+1,,,
3.141093750e+2,-7.606250000e-2,2.701562500e+1,,,
3.079218750e+2,-6.818750000e-2,2.800000000e+1,,,
3.159843750e+2,-6.390625000e-2,2.998437500e+1,,,
3.100000000e+2,-6.800000000e-2,3.002343750e+1,,,
3.139687500e+2,-6.400000000e-2,2.800000000e+1,,,
3.019843750e+2,-6.803125000e-2,2.900781250e+1,,,
3.100312500e+2,-6.000000000e-2,2.800781250e+1,,,
3.100000000e+2,-7.200000000e-2,2.700000000e+1,,,
3.160156250e+2,-6.400000000e-2,2.700000000e+1,,,
3.140000000e+2,-6.771875000e-2,2.996875000e+1,,,
3.081093750e+2,-6.812500000e-2,2.800000000e+1,,,
3.059531250e+2,-6.387500000e-2,2.496875000e+1,,,
3.119843750e+2,-8.000000000e-2,2.503125000e+1,,,
3.100625000e+2,-7.200000000e-2,2.801562500e+1,,,
3.059531250e+2,-7.993750000e-2,2.897656250e+1,,,
3.100625000e+2,-7.618750000e-2,2.700000000e+1,,,
3.020468750e+2,-7.203125000e-2,2.900000000e+1,,,
3.140625000e+2,-7.200000000e-2,2.700781250e+1,,,
3.059687500e+2,-7.200000000e-2,3.001562500e+1,,,
3.060781250e+2,-7.200000000e-2,2.700000000e+1,,,
3.120000000e+2,-6.800000000e-2,2.500000000e+1,,,
3.060156250e+2,-8.000000000e-2,2.705468750e+1,,,
3.080000000e+2,-6.818750000e-2,2.902343750e+1,,,
3.019687500e+2,-7.200000000e-2,2.500000000e+1,,,
3.019843750e+2,-6.800000000e-2,2.701562500e+1,,,
3.039843750e+2,-8.000000000e-2,3.000000000e+1,,,
3.060000000e+2,-8.006250000e-2,2.700000000e+1,,,
3.079687500e+2,-6.796875000e-2,2.900781250e+1,,,
3.120625000e+2,-7.200000000e-2,2.900781250e+1,,,
3.040000000e+2,-7.206250000e-2,2.798437500e+1,,,
3.119843750e+2,-6.806250000e-2,2.497656250e+1,,,
3.059843750e+2,-6.800000000e-2,2.500000000e+1,,,
3.080000000e+2,-6.800000000e-2,2.500000000e+1,,,
3.019843750e+2,-7.200000000e-2,2.705468750e+1,,,
3.039531250e+2,-6.800000000e-2,2.900000000e+1,,,
3.120000000e+2,-7.218750000e-2,2.600781250e+1,,,
3.079843750e+2,-6.387500000e-2,2.700000000e+1,,,
3.080000000e+2,-8.003125000e-2,2.600000000e+1,,,
3.060156250e+2,-6.403125000e-2,2.500000000e+1,,,
3.040000000e+2,-7.600000000e-2,2.800781250e+1,,,
3.059687500e+2,-6.800000000e-2,2.700000000e+1,,,
3.079375000e+2,-7.200000000e-2,2.300000000e+1,,,
3.100781250e+2,-6.403125000e-2,2.696875000e+1,,,
2.999218750e+2,-7.200000000e-2,2.800781250e+1,,,
3.020781250e+2,-6.796875000e-2,2.999218750e+1,,,
3.019062500e+2,-6.400000000e-2,2.898437500e+1,,,
2.960156250e+2,-6.406250000e-2,2.799218750e+1,,,
3.040781250e+2,-7.600000000e-2,2.700781250e+1,,,
3.019218750e+2,-6.409375000e-2,2.499218750e+1,,,
2.979687500e+2,-5.993750000e-2,2.800000000e+1,,,
3.039062500e+2,-7.190625000e-2,2.499218750e+1,,,
3.020312500e+2,-7.996875000e-2,2.701562500e+1,,,
2.959843750e+2,-7.609375000e-2,2.596875000e+1,,,
3.059375000e+2,-6.000000000e-2,2.600000000e+1,,,
3.021093750e+2,-7.596875000e-2,2.600000000e+1,,,
2.999375000e+2,-7.237500000e-2,2.600000000e+1,,,
3.060468750e+2,-6.403125000e-2,2.600000000e+1,,,
3.060000000e+2,-6.800000000e-2,2.700000000e+1,,,
3.080000000e+2,-6.800000000e-2,2.600781250e+1,,,
3.039687500e+2,-7.596875000e-2,2.700781250e+1,,,
3.020156250e+2,-5.600000000e-2,2.400000000e+1,,,
2.980000000e+2,-7.593750000e-2,2.701562500e+1,,,
3.000000000e+2,-6.406250000e-2,2.600000000e+1,,,
3.000000000e+2,-7.590625000e-2,2.601562500e+1,,,
2.979687500e+2,-7.200000000e-2,2.400000000e+1,,,
3.059843750e+2,-6.403125000e-2,2.699218750e+1,,,
3.000156250e+2,-6.406250000e-2,2.603125000e+1,,,
3.040000000e+2,-6.803125000e-2,2.300000000e+1,,,
3.000156250e+2,-6.803125000e-2,2.500000000e+1,,,
3.000000000e+2,-6.796875000e-2,2.300000000e+1,,,
2.980000000e+2,-7.203125000e-2,2.601562500e+1,,,
2.979843750e+2,-6.400000000e-2,2.396093750e+1,,,
2.980312500e+2,-6.403125000e-2,2.399218750e+1,,,
3.019687500e+2,-6.800000000e-2,2.300000000e+1,,,
2.980468750e+2,-6.400000000e-2,2.501562500e+1,,,
3.060156250e+2,-7.187500000e-2,2.600781250e+1,,,
2.940156250e+2,-6.806250000e-2,2.499218750e+1,,,
3.019375000e+2,-6.403125000e-2,2.598437500e+1,,,
3.081093750e+2,-6.403125000e-2,2.399218750e+1,,,
2.940937500e+2,-7.200000000e-2,2.698437500e+1,,,
2.978906250e+2,-7.200000000e-2,2.500000000e+1,,,
2.980312500e+2,-7.206250000e-2,2.398437500e+1,,,
2.979375000e+2,-6.800000000e-2,2.500000000e+1,,,
2.940000000e+2,-7.200000000e-2,2.400000000e+1,,,
2.980312500e+2,-6.800000000e-2,2.599218750e+1,,,
2.959531250e+2,-6.800000000e-2,2.500000000e+1,,,
2.939687500e+2,-6.809375000e-2,2.400781250e+1,,,
2.940312500e+2,-7.603125000e-2,2.500000000e+1,,,
2.980156250e+2,-6.809375000e-2,2.301562500e+1,,,
2.999843750e+2,-6.409375000e-2,2.400000000e+1,,,
3.000000000e+2,-5.596875000e-2,2.400000000e+1,,,
2.961250000e+2,-7.200000000e-2,2.300000000e+1,,,
2.879531250e+2,-5.603125000e-2,2.303125000e+1,,,
2.979531250e+2,-8.000000000e-2,2.600000000e+1,,,
2.920781250e+2,-6.815625000e-2,2.401562500e+1,,,
2.961250000e+2,-6.403125000e-2,2.500000000e+1,,,
3.019687500e+2,-6.003125000e-2,2.500000000e+1,,,
2.939218750e+2,-6.000000000e-2,2.400000000e+1,,,
2.940625000e+2,-6.003125000e-2,2.598437500e+1,,,
2.980000000e+2,-6.400000000e-2,2.099218750e+1,,,
2.940000000e+2,-6.000000000e-2,2.400000000e+1,,,
2.919843750e+2,-7.196875000e-2,2.400000000e+1,,,
2.919843750e+2,-6.800000000e-2,2.299218750e+1,,,
2.880000000e+2,-7.196875000e-2,2.199218750e+1,,,
2.899375000e+2,-5.993750000e-2,2.300000000e+1,,,
3.020156250e+2,-6.406250000e-2,2.200000000e+1,,,
2.940468750e+2,-6.400000000e-2,2.300000000e+1,,,
2.900000000e+2,-6.812500000e-2,2.197656250e+1,,,
2.920156250e+2,-7.603125000e-2,2.597656250e+1,,,
2.880000000e+2,-6.803125000e-2,2.300781250e+1,,,
2.960000000e+2,-6.800000000e-2,2.400000000e+1,,,
2.960156250e+2,-6.400000000e-2,2.396875000e+1,,,
2.979687500e+2,-6.809375000e-2,2.299218750e+1,,,
2.900000000e+2,-6.793750000e-2,2.300000000e+1,,,
2.899843750e+2,-6.000000000e-2,2.298437500e+1,,,
2.880000000e+2,-6.800000000e-2,2.000000000e+1,,,
2.880000000e+2,-6.403125000e-2,2.198437500e+1,,,
2.940000000e+2,-7.203125000e-2,2.297656250e+1,,,
2.839843750e+2,-6.793750000e-2,2.100000000e+1,,,
2.958437500e+2,-6.384375000e-2,2.300000000e+1,,,
2.960625000e+2,-5.606250000e-2,2.000000000e+1,,,
2.920156250e+2,-7.578125000e-2,2.198437500e+1,,,
2.899375000e+2,-6.787500000e-2,2.300000000e+1,,,
2.880937500e+2,-6.400000000e-2,2.200000000e+1,,,
2.959531250e+2,-6.409375000e-2,2.298437500e+1,,,
2.859218750e+2,-7.206250000e-2,1.900781250e+1,,,
2.900000000e+2,-6.787500000e-2,2.100000000e+1,,,
2.839687500e+2,-5.984375000e-2,2.501562500e+1,,,
2.898593750e+2,-5.178125000e-2,2.001562500e+1,,,
2.920156250e+2,-8.400000000e-2,2.100000000e+1,,,
2.880312500e+2,-6.012500000e-2,2.100781250e+1,,,
2.820000000e+2,-7.209375000e-2,2.400781250e+1,,,
2.898750000e+2,-5.990625000e-2,2.400000000e+1,,,
2.960781250e+2,-6.403125000e-2,2.200000000e+1,,,
2.861250000e+2,-6.787500000e-2,2.096093750e+1,,,
2.922500000e+2,-7.203125000e-2,2.499218750e+1,,,
2.999218750e+2,-5.996875000e-2,2.296093750e+1,,,
2.878750000e+2,-6.015625000e-2,1.999218750e+1,,,
2.880312500e+2,-7.212500000e-2,2.098437500e+1,,,
2.880156250e+2,-7.193750000e-2,2.299218750e+1,,,
2.920000000e+2,-6.393750000e-2,2.099218750e+1,,,
2.900000000e+2,-5.609375000e-2,2.200000000e+1,,,
2.879843750e+2,-6.012500000e-2,2.000000000e+1,,,
2.880000000e+2,-6.800000000e-2,2.100000000e+1,,,
2.920000000e+2,-5.984375000e-2,1.899218750e+1,,,
2.900000000e+2,-6.012500000e-2,2.200000000e+1,,,
2.940000000e+2,-6.812500000e-2,2.100000000e+1,,,
2.921093750e+2,-6.796875000e-2,2.100781250e+1,,,
2.839843750e+2,-6.400000000e-2,2.000000000e+1,,,
2.900312500e+2,-6.400000000e-2,2.099218750e+1,,,
2.859843750e+2,-6.412500000e-2,1.899218750e+1,,,
2.879218750e+2,-7.596875000e-2,2.001562500e+1,,,
2.820312500e+2,-5.978125000e-2,2.001562500e+1,,,
2.920312500e+2,-5.606250000e-2,2.100000000e+1,,,
2.920000000e+2,-5.996875000e-2,1.900000000e+1,,,
2.799843750e+2,-6.000000000e-2,2.100781250e+1,,,
2.879531250e+2,-5.990625000e-2,2.200781250e+1,,,
2.900156250e+2,-5.209375000e-2,2.000781250e+1,,,
2.860312500e+2,-6.812500000e-2,1.999218750e+1,,,
2.820156250e+2,-5.987500000e-2,1.900781250e+1,,,
2.839218750e+2,-5.600000000e-2,1.698437500e+1,,,
2.879687500e+2,-6.412500000e-2,2.000781250e+1,,,
2.839218750e+2,-6.793750000e-2,1.800000000e+1,,,
2.819687500e+2,-5.171875000e-2,1.900000000e+1,,,
2.800625000e+2,-5.221875000e-2,1.800000000e+1,,,
2.860468750e+2,-7.237500000e-2,2.098437500e+1,,,
2.839375000e+2,-7.581250000e-2,2.103125000e+1,,,
2.840937500e+2,-6.400000000e-2,1.900000000e+1,,,
2.900312500e+2,-6.400000000e-2,2.000000000e+1,,,
2.800468750e+2,-6.800000000e-2,1.800000000e+1,,,
2.859687500e+2,-6.000000000e-2,2.000000000e+1,,,
2.860312500e+2,-6.815625000e-2,1.696875000e+1,,,
2.759687500e+2,-6.778125000e-2,1.700000000e+1,,,
2.878906250e+2,-5.600000000e-2,2.000000000e+1,,,
2.841406250e+2,-6.393750000e-2,1.800000000e+1,,,
2.820781250e+2,-6.000000000e-2,2.000000000e+1,,,
2.879531250e+2,-6.815625000e-2,1.800000000e+1,,,
2.779375000e+2,-6.768750000e-2,2.103125000e+1,,,
2.820156250e+2,-4.803125000e-2,2.102343750e+1,,,
2.840000000e+2,-6.403125000e-2,1.700000000e+1,,,
2.779843750e+2,-4.800000000e-2,1.700000000e+1,,,
2.800000000e+2,-6.425000000e-2,1.797656250e+1,,,
2.800000000e+2,-6.784375000e-2,2.098437500e+1,,,
2.800000000e+2,-6.015625000e-2,2.000000000e+1,,,
2.760000000e+2,-7.603125000e-2,1.700000000e+1,,,
2.800000000e+2,-5.971875000e-2,1.897656250e+1,,,
2.820000000e+2,-6.834375000e-2,1.900000000e+1,,,
2.819843750e+2,-7.200000000e-2,1.900000000e+1,,,
2.859687500e+2,-6.390625000e-2,1.899218750e+1,,,
2.880000000e+2,-6.003125000e-2,1.999218750e+1,,,
2.799843750e+2,-7.203125000e-2,1.900781250e+1,,,
2.840312500e+2,-6.800000000e-2,2.000000000e+1,,,
2.799531250e+2,-7.196875000e-2,1.597656250e+1,,,
2.780000000e+2,-5.990625000e-2,1.700000000e+1,,,
2.799375000e+2,-5.156250000e-2,1.900000000e+1,,,
2.819843750e+2,-7.181250000e-2,1.799218750e+1,,,
2.820156250e+2,-6.806250000e-2,1.900000000e+1,,,
2.819375000e+2,-7.196875000e-2,1.599218750e+1,,,
2.840625000e+2,-6.803125000e-2,1.699218750e+1,,,
2.781406250e+2,-6.421875000e-2,1.800000000e+1,,,
2.760312500e+2,-5.596875000e-2,2.096875000e+1,,,
2.760312500e+2,-6.390625000e-2,2.106250000e+1,,,
2.820156250e+2,-6.009375000e-2,1.600781250e+1,,,
2.819843750e+2,-5.600000000e-2,1.901562500e+1,,,
2.779687500e+2,-6.400000000e-2,1.700000000e+1,,,
2.740000000e+2,-6.000000000e-2,1.800000000e+1,,,
2.739843750e+2,-5.200000000e-2,1.500000000e+1,,,
2.720000000e+2,-5.575000000e-2,1.903125000e+1,,,
2.780156250e+2,-6.000000000e-2,1.400000000e+1,,,
2.720156250e+2,-5.996875000e-2,1.800781250e+1,,,
2.779843750e+2,-6.796875000e-2,1.501562500e+1,,,
2.761250000e+2,-6.803125000e-2,2.000000000e+1,,,
2.659218750e+2,-6.393750000e-2,1.596875000e+1,,,
2.799687500e+2,-6.434375000e-2,1.800000000e+1,,,
2.699687500e+2,-4.406250000e-2,1.800000000e+1,,,
2.800468750e+2,-5.987500000e-2,1.600000000e+1,,,
2.719687500e+2,-6.396875000e-2,1.801562500e+1,,,
2.740312500e+2,-7.200000000e-2,1.800000000e+1,,,
2.740000000e+2,-5.600000000e-2,1.698437500e+1,,,
2.759843750e+2,-6.390625000e-2,1.703125000e+1,,,
2.760000000e+2,-6.796875000e-2,1.998437500e+1,,,
2.839843750e+2,-7.193750000e-2,1.900000000e+1,,,
2.720468750e+2,-7.200000000e-2,1.699218750e+1,,,
2.720000000e+2,-5.600000000e-2,1.800781250e+1,,,
2.720000000e+2,-6.800000000e-2,1.400000000e+1,,,
2.719843750e+2,-5.600000000e-2,1.700781250e+1,,,
2.760000000e+2,-6.800000000e-2,1.600000000e+1,,,
2.700000000e+2,-5.606250000e-2,1.699218750e+1,,,
2.659843750e+2,-6.400000000e-2,1.402343750e+1,,,
2.720312500e+2,-5.600000000e-2,1.900000000e+1,,,
2.740312500e+2,-6.800000000e-2,1.496875000e+1,,,
2.779843750e+2,-6.806250000e-2,1.603125000e+1,,,
2.700156250e+2,-5.600000000e-2,1.600000000e+1,,,
2.720000000e+2,-6.003125000e-2,1.500000000e+1,,,
2.660000000e+2,-5.206250000e-2,1.600781250e+1,,,
2.719687500e+2,-5.987500000e-2,1.700000000e+1,,,
2.719687500e+2,-6.803125000e-2,1.400000000e+1,,,
2.760156250e+2,-5.600000000e-2,1.600781250e+1,,,
2.660468750e+2,-6.400000000e-2,1.700000000e+1,,,
2.719062500e+2,-6.000000000e-2,1.600000000e+1,,,
2.720468750e+2,-6.403125000e-2,1.102343750e+1,,,
2.699843750e+2,-6.000000000e-2,1.201562500e+1,,,
2.720781250e+2,-6.400000000e-2,1.598437500e+1,,,
2.759531250e+2,-5.600000000e-2,1.598437500e+1,,,
2.699843750e+2,-6.003125000e-2,1.600000000e+1,,,
2.740000000e+2,-6.003125000e-2,1.598437500e+1,,,
2.700156250e+2,-6.809375000e-2,2.000000000e+1,,,
2.740468750e+2,-5.593750000e-2,1.594531250e+1,,,
2.640781250e+2,-7.590625000e-2,1.400000000e+1,,,
2.679843750e+2,-6.809375000e-2,1.701562500e+1,,,
2.660000000e+2,-6.803125000e-2,1.594531250e+1,,,
2.679531250e+2,-6.396875000e-2,1.499218750e+1,,,
2.700312500e+2,-6.000000000e-2,1.500000000e+1,,,
2.660156250e+2,-6.781250000e-2,1.399218750e+1,,,
2.680000000e+2,-6.803125000e-2,1.400000000e+1,,,
2.660000000e+2,-6.000000000e-2,1.500000000e+1,,,
2.699843750e+2,-6.400000000e-2,1.400000000e+1,,,
2.660000000e+2,-7.200000000e-2,1.599218750e+1,,,
2.719843750e+2,-6.400000000e-2,1.599218750e+1,,,
2.680000000e+2,-6.796875000e-2,1.700781250e+1,,,
2.660000000e+2,-6.406250000e-2,1.600000000e+1,,,
2.580000000e+2,-6.396875000e-2,1.400781250e+1,,,
2.659687500e+2,-6.800000000e-2,1.300000000e+1,,,
2.640000000e+2,-6.800000000e-2,1.299218750e+1,,,
2.659375000e+2,-6.800000000e-2,1.499218750e+1,,,
2.719843750e+2,-6.396875000e-2,1.300781250e+1,,,
2.680156250e+2,-6.006250000e-2,1.200000000e+1,,,
2.700000000e+2,-5.203125000e-2,1.300000000e+1,,,
2.680000000e+2,-5.596875000e-2,1.503125000e+1,,,
2.640000000e+2,-6.400000000e-2,1.595312500e+1,,,
2.660000000e+2,-7.203125000e-2,1.197656250e+1,,,
2.640000000e+2,-6.796875000e-2,1.201562500e+1,,,
2.659843750e+2,-6.003125000e-2,1.300000000e+1,,,
2.620000000e+2,-6.003125000e-2,1.397656250e+1,,,
2.639843750e+2,-5.996875000e-2,1.501562500e+1,,,
2.660000000e+2,-6.403125000e-2,1.199218750e+1,,,
2.640156250e+2,-5.600000000e-2,1.300000000e+1,,,
2.659062500e+2,-6.400000000e-2,1.198437500e+1,,,
2.700625000e+2,-6.396875000e-2,1.500000000e+1,,,
2.621093750e+2,-7.209375000e-2,1.300781250e+1,,,
2.640781250e+2,-6.000000000e-2,1.400000000e+1,,,
2.660312500e+2,-7.600000000e-2,1.200000000e+1,,,
2.659687500e+2,-6.793750000e-2,1.399218750e+1,,,
2.619531250e+2,-6.403125000e-2,1.400000000e+1,,,
2.620468750e+2,-6.400000000e-2,1.101562500e+1,,,
2.640000000e+2,-5.993750000e-2,1.599218750e+1,,,
2.619531250e+2,-5.984375000e-2,1.306250000e+1,,,
2.599218750e+2,-7.209375000e-2,1.199218750e+1,,,
2.660156250e+2,-5.600000000e-2,1.100000000e+1,,,
2.580468750e+2,-7.206250000e-2,1.500000000e+1,,,
2.619218750e+2,-6.800000000e-2,1.296875000e+1,,,
2.601250000e+2,-7.200000000e-2,1.198437500e+1,,,
2.519843750e+2,-6.000000000e-2,9.992187500e+0,,,
2.600937500e+2,-6.800000000e-2,1.100000000e+1,,,
2.599843750e+2,-6.000000000e-2,1.000000000e+1,,,
2.599687500e+2,-6.800000000e-2,1.500000000e+1,,,
2.539531250e+2,-6.803125000e-2,1.298437500e+1,,,
2.540156250e+2,-7.196875000e-2,1.198437500e+1,,,
2.580000000e+2,-5.600000000e-2,1.000000000e+1,,,
2.540000000e+2,-7.187500000e-2,1.200000000e+1,,,
2.580156250e+2,-6.400000000e-2,9.992187500e+0,,,
2.560000000e+2,-6.803125000e-2,9.984375000e+0,,,
2.580000000e+2,-6.793750000e-2,1.199218750e+1,,,
2.559843750e+2,-6.396875000e-2,1.200000000e+1,,,
2.539843750e+2,-6.821875000e-2,1.300000000e+1,,,
2.579687500e+2,-7.578125000e-2,1.100000000e+1,,,
2.600625000e+2,-5.203125000e-2,1.296875000e+1,,,
2.520000000e+2,-7.593750000e-2,1.299218750e+1,,,
2.580000000e+2,-6.793750000e-2,1.399218750e+1,,,
2.579375000e+2,-5.996875000e-2,1.192968750e+1,,,
2.539843750e+2,-5.993750000e-2,9.007812500e+0,,,
2.560156250e+2,-5.609375000e-2,1.100000000e+1,,,
2.560000000e+2,-7.200000000e-2,9.984375000e+0,,,
2.560000000e+2,-6.003125000e-2,8.000000000e+0,,,
2.560000000e+2,-6.406250000e-2,8.984375000e+0,,,
2.500000000e+2,-7.596875000e-2,1.100000000e+1,,,
2.619531250e+2,-5.584375000e-2,1.100000000e+1,,,
2.620468750e+2,-6.009375000e-2,1.199218750e+1,,,
2.599843750e+2,-6.003125000e-2,1.200000000e+1,,,
2.580625000e+2,-6.384375000e-2,1.300000000e+1,,,
2.479687500e+2,-6.800000000e-2,1.200000000e+1,,,
2.540468750e+2,-5.993750000e-2,1.300000000e+1,,,
2.519687500e+2,-5.600000000e-2,1.198437500e+1,,,
2.581250000e+2,-6.015625000e-2,9.992187500e+0,,,
2.599062500e+2,-6.793750000e-2,1.300000000e+1,,,
2.519531250e+2,-5.590625000e-2,1.003125000e+1,,,
2.559218750e+2,-5.596875000e-2,9.000000000e+0,,,
2.560000000e+2,-6.400000000e-2,1.000000000e+1,,,
2.560156250e+2,-7.603125000e-2,8.000000000e+0,,,
2.520156250e+2,-6.796875000e-2,1.201562500e+1,,,
2.578906250e+2,-7.203125000e-2,1.200000000e+1,,,
2.640625000e+2,-6.396875000e-2,1.100000000e+1,,,
2.541250000e+2,-6.375000000e-2,1.302343750e+1,,,
2.560625000e+2,-8.000000000e-2,9.000000000e+0,,,
2.559843750e+2,-6.790625000e-2,1.202343750e+1,,,
2.539375000e+2,-5.600000000e-2,9.984375000e+0,,,
2.500156250e+2,-6.006250000e-2,8.992187500e+0,,,
2.540000000e+2,-6.003125000e-2,1.200000000e+1,,,
2.520000000e+2,-6.400000000e-2,8.992187500e+0,,,
2.560000000e+2,-6.387500000e-2,9.976562500e+0,,,
2.439687500e+2,-7.200000000e-2,1.000000000e+1,,,
2.520000000e+2,-6.800000000e-2,1.000000000e+1,,,
2.500000000e+2,-7.206250000e-2,1.100000000e+1,,,
2.499843750e+2,-6.784375000e-2,9.000000000e+0,,,
2.480000000e+2,-5.996875000e-2,8.000000000e+0,,,
2.559375000e+2,-6.403125000e-2,9.031250000e+0,,,
2.519531250e+2,-6.400000000e-2,7.000000000e+0,,,
2.460312500e+2,-6.800000000e-2,1.002343750e+1,,,
2.560937500e+2,-6.390625000e-2,9.992187500e+0,,,
2.538906250e+2,-6.012500000e-2,8.984375000e+0,,,
2.520468750e+2,-7.212500000e-2,9.000000000e+0,,,
2.559843750e+2,-6.787500000e-2,9.000000000e+0,,,
2.500000000e+2,-5.993750000e-2,9.000000000e+0,,,
2.560156250e+2,-7.203125000e-2,9.000000000e+0,,,
2.560000000e+2,-6.400000000e-2,9.023437500e+0,,,
2.539843750e+2,-6.790625000e-2,6.000000000e+0,,,
2.560000000e+2,-5.193750000e-2,9.000000000e+0,,,
2.541250000e+2,-6.412500000e-2,6.007812500e+0,,,
2.460312500e+2,-6.800000000e-2,6.984375000e+0,,,
2.480468750e+2,-6.803125000e-2,6.992187500e+0,,,
2.480000000e+2,-7.196875000e-2,7.992187500e+0,,,
2.500156250e+2,-6.403125000e-2,9.000000000e+0,,,
2.519843750e+2,-7.203125000e-2,8.000000000e+0,,,
2.499687500e+2,-6.387500000e-2,6.992187500e+0,,,
2.499843750e+2,-6.815625000e-2,1.001562500e+1,,,
2.479843750e+2,-6.800000000e-2,5.039062500e+0,,,
2.480000000e+2,-6.400000000e-2,6.000000000e+0,,,
2.460000000e+2,-6.800000000e-2,5.984375000e+0,,,
2.479843750e+2,-8.393750000e-2,8.992187500e+0,,,
2.479843750e+2,-6.387500000e-2,5.984375000e+0,,,
2.500156250e+2,-7.218750000e-2,8.000000000e+0,,,
2.460156250e+2,-6.793750000e-2,7.000000000e+0,,,
2.480000000e+2,-7.168750000e-2,7.968750000e+0,,,
2.460156250e+2,-8.403125000e-2,1.001562500e+1,,,
2.520468750e+2,-7.996875000e-2,7.000000000e+0,,,
2.520000000e+2,-7.990625000e-2,1.001562500e+1,,,
2.519687500e+2,-6.787500000e-2,8.992187500e+0,,,
2.460000000e+2,-6.403125000e-2,9.000000000e+0,,,
2.480000000e+2,-6.403125000e-2,3.992187500e+0,,,
2.460000000e+2,-6.009375000e-2,7.968750000e+0,,,
2.500000000e+2,-7.206250000e-2,7.015625000e+0,,,
2.480000000e+2,-6.387500000e-2,8.000000000e+0,,,
2.420000000e+2,-6.846875000e-2,8.000000000e+0,,,
2.460000000e+2,-7.978125000e-2,6.992187500e+0,,,
2.459843750e+2,-5.984375000e-2,9.000000000e+0,,,
2.419843750e+2,-7.200000000e-2,8.007812500e+0,,,
2.499843750e+2,-7.603125000e-2,8.007812500e+0,,,
2.440000000e+2,-8.000000000e-2,6.000000000e+0,,,
2.420312500e+2,-7.193750000e-2,8.023437500e+0,,,
2.460312500e+2,-6.806250000e-2,8.000000000e+0,,,
2.439375000e+2,-7.203125000e-2,6.000000000e+0,,,
2.400000000e+2,-6.796875000e-2,8.000000000e+0,,,
2.439218750e+2,-6.396875000e-2,8.000000000e+0,,,
2.440468750e+2,-6.793750000e-2,7.984375000e+0,,,
2.419687500e+2,-6.800000000e-2,9.000000000e+0,,,
2.460000000e+2,-6.806250000e-2,7.992187500e+0,,,
2.420312500e+2,-6.003125000e-2,7.007812500e+0,,,
2.458593750e+2,-6.006250000e-2,6.000000000e+0,,,
2.461406250e+2,-5.968750000e-2,7.984375000e+0,,,
2.420156250e+2,-7.200000000e-2,8.984375000e+0,,,
2.460000000e+2,-6.015625000e-2,9.007812500e+0,,,
2.420000000e+2,-5.596875000e-2,5.984375000e+0,,,
2.479843750e+2,-6.800000000e-2,7.984375000e+0,,,
2.399375000e+2,-6.000000000e-2,1.000000000e+1,,,
2.420156250e+2,-6.400000000e-2,8.000000000e+0,,,
2.460000000e+2,-6.815625000e-2,8.039062500e+0,,,
2.501406250e+2,-6.012500000e-2,6.000000000e+0,,,
2.380156250e+2,-6.384375000e-2,7.984375000e+0,,,
2.479687500e+2,-7.600000000e-2,5.000000000e+0,,,
2.460468750e+2,-7.200000000e-2,8.000000000e+0,,,
2.440156250e+2,-7.600000000e-2,5.976562500e+0,,,
2.420156250e+2,-7.200000000e-2,6.000000000e+0,,,
2.420312500e+2,-7.218750000e-2,7.000000000e+0,,,
2.460781250e+2,-6.000000000e-2,5.984375000e+0,,,
2.479687500e+2,-7.196875000e-2,6.015625000e+0,,,
2.379687500e+2,-6.800000000e-2,8.000000000e+0,,,
2.399843750e+2,-6.800000000e-2,6.984375000e+0,,,
2.359843750e+2,-5.606250000e-2,5.984375000e+0,,,
2.420000000e+2,-6.356250000e-2,5.968750000e+0,,,
2.399531250e+2,-7.203125000e-2,9.000000000e+0,,,
2.299843750e+2,-7.200000000e-2,4.976562500e+0,,,
2.419531250e+2,-7.600000000e-2,3.992187500e+0,,,
2.400000000e+2,-7.203125000e-2,5.984375000e+0,,,
2.440000000e+2,-6.803125000e-2,7.000000000e+0,,,
2.400781250e+2,-8.000000000e-2,6.007812500e+0,,,
2.360000000e+2,-6.828125000e-2,5.992187500e+0,,,
2.379687500e+2,-6.384375000e-2,4.000000000e+0,,,
2.420156250e+2,-7.600000000e-2,6.007812500e+0,,,
2.439843750e+2,-6.800000000e-2,6.023437500e+0,,,
2.419843750e+2,-7.600000000e-2,8.953125000e+0,,,
2.400156250e+2,-6.806250000e-2,3.007812500e+0,,,
2.380000000e+2,-6.803125000e-2,5.984375000e+0,,,
2.360000000e+2,-6.406250000e-2,4.000000000e+0,,,
2.379843750e+2,-6.400000000e-2,7.000000000e+0,,,
2.380468750e+2,-6.400000000e-2,6.000000000e+0,,,
2.320000000e+2,-6.800000000e-2,5.000000000e+0,,,
2.379218750e+2,-7.200000000e-2,6.000000000e+0,,,
2.399375000e+2,-7.600000000e-2,2.000000000e+0,,,
2.440468750e+2,-6.021875000e-2,2.976562500e+0,,,
2.338906250e+2,-6.800000000e-2,6.023437500e+0,,,
2.340625000e+2,-7.606250000e-2,8.992187500e+0,,,
2.380156250e+2,-8.393750000e-2,6.976562500e+0,,,
2.380468750e+2,-5.996875000e-2,5.992187500e+0,,,
2.419375000e+2,-7.206250000e-2,5.000000000e+0,,,
2.319218750e+2,-7.606250000e-2,5.992187500e+0,,,
2.338593750e+2,-6.409375000e-2,5.976562500e+0,,,
2.419687500e+2,-6.796875000e-2,4.000000000e+0,,,
2.380000000e+2,-6.800000000e-2,6.000000000e+0,,,
2.400156250e+2,-7.200000000e-2,3.960937500e+0,,,
2.340000000e+2,-6.800000000e-2,5.000000000e+0,,,
2.418750000e+2,-7.200000000e-2,5.000000000e+0,,,
2.440468750e+2,-7.209375000e-2,2.000000000e+0,,,
2.399843750e+2,-6.803125000e-2,6.000000000e+0,,,
2.399687500e+2,-6.400000000e-2,6.992187500e+0,,,
2.339531250e+2,-6.800000000e-2,4.992187500e+0,,,
2.340156250e+2,-8.003125000e-2,5.007812500e+0,,,
2.399843750e+2,-7.200000000e-2,3.000000000e+0,,,
2.360000000e+2,-7.996875000e-2,4.000000000e+0,,,
2.380000000e+2,-7.206250000e-2,3.000000000e+0,,,
2.340000000e+2,-7.196875000e-2,4.984375000e+0,,,
2.360000000e+2,-7.200000000e-2,5.000000000e+0,,,
2.339843750e+2,-7.200000000e-2,4.000000000e+0,,,
2.399687500e+2,-7.193750000e-2,4.992187500e+0,,,
2.380000000e+2,-6.403125000e-2,4.000000000e+0,,,
2.379687500e+2,-7.593750000e-2,3.984375000e+0,,,
2.360312500e+2,-7.209375000e-2,4.000000000e+0,,,
2.280000000e+2,-6.803125000e-2,2.039062500e+0,,,
2.380625000e+2,-6.800000000e-2,7.000000000e+0,,,
2.359531250e+2,-7.603125000e-2,1.968750000e+0,,,
2.360000000e+2,-7.196875000e-2,3.007812500e+0,,,
2.360000000e+2,-6.400000000e-2,2.000000000e+0,,,
2.360000000e+2,-7.584375000e-2,3.992187500e+0,,,
2.340000000e+2,-7.206250000e-2,3.007812500e+0,,,
2.340000000e+2,-7.200000000e-2,4.007812500e+0,,,
2.320312500e+2,-7.206250000e-2,4.000000000e+0,,,
2.319375000e+2,-8.800000000e-2,3.976562500e+0,,,
2.360312500e+2,-7.206250000e-2,7.000000000e+0,,,
2.300312500e+2,-7.184375000e-2,5.031250000e+0,,,
2.340625000e+2,-8.000000000e-2,4.000000000e+0,,,
2.339843750e+2,-6.800000000e-2,2.992187500e+0,,,
2.360156250e+2,-6.809375000e-2,3.000000000e+0,,,
2.400468750e+2,-8.400000000e-2,3.000000000e+0,,,
2.399062500e+2,-7.190625000e-2,2.992187500e+0,,,
2.339531250e+2,-7.600000000e-2,2.992187500e+0,,,
2.340156250e+2,-7.187500000e-2,5.015625000e+0,,,
2.339843750e+2,-8.800000000e-2,1.992187500e+0,,,
2.359687500e+2,-7.206250000e-2,4.000000000e+0,,,
2.360156250e+2,-7.600000000e-2,4.000000000e+0,,,
2.340000000e+2,-6.803125000e-2,3.953125000e+0,,,
2.340000000e+2,-8.400000000e-2,-7.812500000e-3,,,
2.320156250e+2,-7.606250000e-2,2.960937500e+0,,,
2.320156250e+2,-7.996875000e-2,2.992187500e+0,,,
2.319531250e+2,-7.603125000e-2,1.000000000e+0,,,
2.280000000e+2,-7.200000000e-2,1.000000000e+0,,,
2.340468750e+2,-6.803125000e-2,1.000000000e+0,,,
2.360000000e+2,-7.600000000e-2,1.007812500e+0,,,
2.360000000e+2,-6.800000000e-2,3.000000000e+0,,,
2.279687500e+2,-8.384375000e-2,3.000000000e+0,,,
2.300156250e+2,-8.000000000e-2,2.992187500e+0,,,
2.319531250e+2,-8.000000000e-2,2.000000000e+0,,,
2.399687500e+2,-8.003125000e-2,3.984375000e+0,,,
2.379531250e+2,-8.406250000e-2,4.992187500e+0,,,
2.300312500e+2,-8.390625000e-2,3.000000000e+0,,,
2.299843750e+2,-7.596875000e-2,1.976562500e+0,,,
2.340000000e+2,-7.981250000e-2,4.031250000e+0,,,
2.280000000e+2,-8.003125000e-2,1.992187500e+0,,,
2.280000000e+2,-7.203125000e-2,4.992187500e+0,,,
2.239531250e+2,-8.803125000e-2,-7.812500000e-2,,,
2.240312500e+2,-7.584375000e-2,1.031250000e+0,,,
2.279843750e+2,-7.196875000e-2,3.000000000e+0,,,
2.260000000e+2,-6.396875000e-2,3.007812500e+0,,,
2.280000000e+2,-7.596875000e-2,6.000000000e+0,,,
2.360000000e+2,-7.206250000e-2,7.812500000e-3,,,
2.340000000e+2,-8.806250000e-2,3.023437500e+0,,,
2.300156250e+2,-8.393750000e-2,2.000000000e+0,,,
2.299531250e+2,-8.390625000e-2,2.992187500e+0,,,
2.320000000e+2,-7.603125000e-2,3.000000000e+0,,,
2.300312500e+2,-8.771875000e-2,2.007812500e+0,,,
2.300468750e+2,-8.381250000e-2,0.000000000e+0,,,
2.340781250e+2,-6.403125000e-2,1.000000000e+0,,,
2.359062500e+2,-7.609375000e-2,1.000000000e+0,,,
2.279375000e+2,-6.793750000e-2,2.000000000e+0,,,
2.299843750e+2,-7.209375000e-2,1.000000000e+0,,,
2.239843750e+2,-7.193750000e-2,1.984375000e+0,,,
2.279375000e+2,-7.190625000e-2,2.007812500e+0,,,
2.260937500e+2,-8.800000000e-2,0.000000000e+0,,,
2.239687500e+2,-8.009375000e-2,1.023437500e+0,,,
2.339531250e+2,-8.409375000e-2,1.992187500e+0,,,
2.320312500e+2,-8.800000000e-2,-1.000000000e+0,,,
2.319843750e+2,-8.400000000e-2,2.000000000e+0,,,
2.300625000e+2,-8.406250000e-2,3.015625000e+0,,,
2.258906250e+2,-7.606250000e-2,1.992187500e+0,,,
2.220000000e+2,-7.200000000e-2,4.007812500e+0,,,
2.260781250e+2,-7.203125000e-2,2.992187500e+0,,,
2.299843750e+2,-7.612500000e-2,2.000000000e+0,,,
2.300156250e+2,-8.403125000e-2,1.992187500e+0,,,
2.339687500e+2,-7.996875000e-2,1.000000000e+0,,,
2.240000000e+2,-7.618750000e-2,1.992187500e+0,,,
2.220156250e+2,-6.803125000e-2,1.000000000e+0,,,
2.220000000e+2,-8.018750000e-2,1.000000000e+0,,,
2.260000000e+2,-7.993750000e-2,9.921875000e-1,,,
2.240156250e+2,-7.581250000e-2,2.000000000e+0,,,
2.300000000e+2,-6.809375000e-2,3.000000000e+0,,,
2.320781250e+2,-8.009375000e-2,4.070312500e+0,,,
2.239843750e+2,-7.600000000e-2,-1.000000000e+0,,,
2.280468750e+2,-6.803125000e-2,2.031250000e+0,,,
2.239062500e+2,-8.000000000e-2,2.000000000e+0,,,
2.200000000e+2,-6.796875000e-2,2.015625000e+0,,,
2.240937500e+2,-8.012500000e-2,2.984375000e+0,,,
2.280312500e+2,-7.593750000e-2,1.992187500e+0,,,
2.320000000e+2,-7.600000000e-2,5.000000000e+0,,,
2.260000000e+2,-7.603125000e-2,1.984375000e+0,,,
2.340000000e+2,-8.006250000e-2,1.960937500e+0,,,
2.260312500e+2,-7.993750000e-2,3.015625000e+0,,,
2.280000000e+2,-7.187500000e-2,-3.015625000e+0,,,
2.240000000e+2,-7.218750000e-2,-1.039062500e+0,,,
2.279218750e+2,-8.800000000e-2,3.023437500e+0,,,
2.278281250e+2,-6.400000000e-2,-1.015625000e+0,,,
2.220156250e+2,-8.809375000e-2,2.984375000e+0,,,
2.280000000e+2,-7.184375000e-2,2.046875000e+0,,,
2.219687500e+2,-8.006250000e-2,0.000000000e+0,,,
2.260156250e+2,-7.593750000e-2,2.992187500e+0,,,
2.219531250e+2,-8.428125000e-2,2.031250000e+0,,,
2.220000000e+2,-8.800000000e-2,9.921875000e-1,,,
2.220000000e+2,-8.000000000e-2,2.000000000e+0,,,
2.239218750e+2,-8.000000000e-2,2.000000000e+0,,,
2.280000000e+2,-7.600000000e-2,9.531250000e-1,,,
2.220156250e+2,-8.003125000e-2,-1.992187500e+0,,,
2.240312500e+2,-8.006250000e-2,1.000000000e+0,,,
2.199375000e+2,-8.400000000e-2,-1.000000000e+0,,,
2.299531250e+2,-8.003125000e-2,9.687500000e-1,,,
2.239687500e+2,-8.406250000e-2,2.015625000e+0,,,
2.280156250e+2,-8.396875000e-2,0.000000000e+0,,,
2.219218750e+2,-7.993750000e-2,1.031250000e+0,,,
2.200156250e+2,-8.006250000e-2,4.000000000e+0,,,
2.260000000e+2,-8.400000000e-2,1.000000000e+0,,,
2.299843750e+2,-8.000000000e-2,9.843750000e-1,,,
2.239687500e+2,-8.403125000e-2,-2.007812500e+0,,,
2.240000000e+2,-7.987500000e-2,9.921875000e-1,,,
2.240000000e+2,-8.031250000e-2,0.000000000e+0,,,
2.320000000e+2,-9.562500000e-2,2.992187500e+0,,,
2.200000000e+2,-6.800000000e-2,1.031250000e+0,,,
2.220000000e+2,-9.215625000e-2,0.000000000e+0,,,
2.199687500e+2,-7.200000000e-2,2.984375000e+0,,,
2.299843750e+2,-8.409375000e-2,1.007812500e+0,,,
2.240000000e+2,-7.596875000e-2,2.000000000e+0,,,
2.299843750e+2,-7.603125000e-2,1.015625000e+0,,,
2.240000000e+2,-7.603125000e-2,3.000000000e+0,,,
2.320156250e+2,-7.593750000e-2,-1.031250000e+0,,,
2.279843750e+2,-7.200000000e-2,0.000000000e+0,,,
2.320000000e+2,-7.965625000e-2,2.000000000e+0,,,
2.261250000e+2,-8.018750000e-2,2.031250000e+0,,,
2.239687500e+2,-7.193750000e-2,0.000000000e+0,,,
2.278750000e+2,-8.790625000e-2,3.000000000e+0,,,
2.320156250e+2,-8.406250000e-2,0.000000000e+0,,,
2.262343750e+2,-8.793750000e-2,3.000000000e+0,,,
2.218593750e+2,-8.418750000e-2,1.562500000e-2,,,
2.300312500e+2,-8.012500000e-2,9.843750000e-1,,,
2.280000000e+2,-7.212500000e-2,9.921875000e-1,,,
2.300000000e+2,-6.793750000e-2,1.984375000e+0,,,
2.279687500e+2,-8.796875000e-2,9.921875000e-1,,,
2.220468750e+2,-8.000000000e-2,4.000000000e+0,,,
2.320156250e+2,-8.400000000e-2,0.000000000e+0,,,
2.260000000e+2,-8.793750000e-2,7.812500000e-3,,,
2.181093750e+2,-8.809375000e-2,-2.000000000e+0,,,
2.179218750e+2,-8.400000000e-2,-9.843750000e-1,,,
2.279687500e+2,-8.796875000e-2,2.343750000e-2,,,
2.260625000e+2,-8.803125000e-2,2.000000000e+0,,,
2.239843750e+2,-8.396875000e-2,9.843750000e-1,,,
2.260000000e+2,-8.818750000e-2,0.000000000e+0,,,
2.239843750e+2,-7.987500000e-2,-1.000000000e+0,,,
2.280937500e+2,-9.209375000e-2,1.015625000e+0,,,
2.319843750e+2,-6.803125000e-2,2.000000000e+0,,,
2.239218750e+2,-8.400000000e-2,2.000000000e+0,,,
2.220000000e+2,-8.000000000e-2,1.000000000e+0,,,
2.259843750e+2,-8.396875000e-2,2.015625000e+0,,,
2.240000000e+2,-8.400000000e-2,2.007812500e+0,,,
2.220000000e+2,-8.406250000e-2,1.000000000e+0,,,
2.240000000e+2,-7.200000000e-2,2.000000000e+0,,,
2.199843750e+2,-7.200000000e-2,9.921875000e-1,,,
2.260000000e+2,-7.996875000e-2,2.992187500e+0,,,
2.200000000e+2,-8.000000000e-2,2.984375000e+0,,,
2.240000000e+2,-8.000000000e-2,-7.812500000e-3,,,
2.200000000e+2,-8.403125000e-2,1.992187500e+0,,,
2.279843750e+2,-8.003125000e-2,-2.023437500e+0,,,
2.239843750e+2,-8.396875000e-2,0.000000000e+0,,,
2.260000000e+2,-8.400000000e-2,-1.000000000e+0,,,
2.240000000e+2,-8.800000000e-2,1.007812500e+0,,,
2.280000000e+2,-8.403125000e-2,0.000000000e+0,,,
2.240000000e+2,-8.778125000e-2,1.000000000e+0,,,
2.240000000e+2,-9.206250000e-2,0.000000000e+0,,,
2.260000000e+2,-8.406250000e-2,1.000000000e+0,,,
2.219843750e+2,-8.400000000e-2,0.000000000e+0,,,
2.260000000e+2,-8.400000000e-2,0.000000000e+0,,,
2.219687500e+2,-8.000000000e-2,0.000000000e+0,,,
2.279687500e+2,-8.000000000e-2,-1.000000000e+0,,,
2.221250000e+2,-9.153125000e-2,-1.007812500e+0,,,
2.180312500e+2,-9.600000000e-2,1.015625000e+0,,,
2.240937500e+2,-8.396875000e-2,2.992187500e+0,,,
2.259218750e+2,-8.396875000e-2,1.984375000e+0,,,
2.199687500e+2,-7.200000000e-2,-1.562500000e-2,,,
2.240312500e+2,-8.006250000e-2,-1.007812500e+0,,,
2.240000000e+2,-8.412500000e-2,9.921875000e-1,,,
2.279531250e+2,-6.800000000e-2,-1.562500000e-2,,,
2.261250000e+2,-8.787500000e-2,-1.007812500e+0,,,
2.200000000e+2,-8.803125000e-2,-2.000000000e+0,,,
2.239843750e+2,-8.806250000e-2,1.093750000e+0,,,
2.220156250e+2,-7.596875000e-2,2.984375000e+0,,,
2.239531250e+2,-7.996875000e-2,-2.000000000e+0,,,
2.260312500e+2,-8.393750000e-2,1.007812500e+0,,,
2.240625000e+2,-8.800000000e-2,0.000000000e+0,,,
2.320000000e+2,-8.800000000e-2,2.000000000e+0,,,
2.239843750e+2,-8.000000000e-2,1.000000000e+0,,,
2.279843750e+2,-8.003125000e-2,2.000000000e+0,,,
2.200000000e+2,-8.400000000e-2,0.000000000e+0,,,
2.260000000e+2,-8.800000000e-2,2.007812500e+0,,,
2.220000000e+2,-8.806250000e-2,-1.000000000e+0,,,
2.239843750e+2,-8.396875000e-2,-2.031250000e+0,,,
2.239687500e+2,-9.200000000e-2,1.000000000e+0,,,
2.300000000e+2,-8.803125000e-2,-2.000000000e+0,,,
2.240781250e+2,-8.803125000e-2,9.609375000e-1,,,
2.200000000e+2,-8.396875000e-2,3.000000000e+0,,,
2.239375000e+2,-8.000000000e-2,1.039062500e+0,,,
2.279843750e+2,-8.390625000e-2,1.000000000e+0,,,
2.260000000e+2,-8.809375000e-2,3.031250000e+0,,,
2.199843750e+2,-7.200000000e-2,3.976562500e+0,,,
2.240781250e+2,-8.006250000e-2,9.687500000e-1,,,
2.279687500e+2,-8.403125000e-2,-9.765625000e-1,,,
2.219843750e+2,-8.800000000e-2,1.000000000e+0,,,
2.240156250e+2,-8.400000000e-2,-1.960937500e+0,,,
2.179843750e+2,-8.800000000e-2,-2.015625000e+0,,,
2.279375000e+2,-8.403125000e-2,2.343750000e-2,,,
2.321406250e+2,-8.406250000e-2,2.000000000e+0,,,
2.200000000e+2,-9.600000000e-2,7.812500000e-3,,,
2.318593750e+2,-7.603125000e-2,1.000000000e+0,,,
2.281562500e+2,-9.181250000e-2,1.000000000e+0,,,
2.280000000e+2,-8.800000000e-2,1.000000000e+0,,,
2.259531250e+2,-8.000000000e-2,1.000000000e+0,,,
2.240156250e+2,-7.603125000e-2,1.992187500e+0,,,
2.239687500e+2,-8.406250000e-2,2.000000000e+0,,,
2.199218750e+2,-8.393750000e-2,-2.023437500e+0,,,
2.200625000e+2,-8.003125000e-2,-1.015625000e+0,,,
2.260000000e+2,-8.400000000e-2,9.843750000e-1,,,
2.239843750e+2,-8.003125000e-2,-1.562500000e-2,,,
2.280312500e+2,-8.400000000e-2,-2.000000000e+0,,,
2.220000000e+2,-8.403125000e-2,0.000000000e+0,,,
2.279375000e+2,-8.800000000e-2,2.984375000e+0,,,
2.260781250e+2,-8.000000000e-2,-7.812500000e-3,,,
2.220000000e+2,-7.593750000e-2,9.921875000e-1,,,
2.260625000e+2,-8.793750000e-2,0.000000000e+0,,,
2.280000000e+2,-8.400000000e-2,1.000000000e+0,,,
2.259218750e+2,-8.800000000e-2,-2.000000000e+0,,,
2.200468750e+2,-9.600000000e-2,2.015625000e+0,,,
2.280000000e+2,-8.793750000e-2,2.000000000e+0,,,
2.200000000e+2,-8.000000000e-2,2.000000000e+0,,,
2.220156250e+2,-9.615625000e-2,-1.000000000e+0,,,
2.240312500e+2,-7.600000000e-2,2.015625000e+0,,,
2.280000000e+2,-1.000625000e-1,3.007812500e+0,,,
2.240156250e+2,-9.171875000e-2,1.015625000e+0,,,
2.220000000e+2,-8.000000000e-2,-1.000000000e+0,,,
2.260000000e+2,-8.815625000e-2,1.000000000e+0,,,
2.220156250e+2,-9.196875000e-2,1.007812500e+0,,,
2.200000000e+2,-9.168750000e-2,4.687500000e-2,,,
2.200000000e+2,-1.040312500e-1,-1.007812500e+0,,,
2.220000000e+2,-8.796875000e-2,1.992187500e+0,,,
2.280000000e+2,-9.200000000e-2,-2.039062500e+0,,,
2.239531250e+2,-8.784375000e-2,3.125000000e-2,,,
2.240156250e+2,-8.009375000e-2,0.000000000e+0,,,
2.240000000e+2,-9.596875000e-2,-1.992187500e+0,,,
2.240000000e+2,-8.803125000e-2,2.000000000e+0,,,
2.260000000e+2,-9.203125000e-2,0.000000000e+0,,,
2.240000000e+2,-9.603125000e-2,1.007812500e+0,,,
2.260000000e+2,-9.996875000e-2,1.000000000e+0,,,
2.239843750e+2,-9.184375000e-2,2.000000000e+0,,,
2.279531250e+2,-8.803125000e-2,0.000000000e+0,,,
2.280312500e+2,-9.978125000e-2,7.812500000e-3,,,
2.260156250e+2,-9.581250000e-2,-2.007812500e+0,,,
2.279843750e+2,-7.596875000e-2,1.007812500e+0,,,
2.239687500e+2,-8.825000000e-2,9.921875000e-1,,,
2.260000000e+2,-9.609375000e-2,-1.007812500e+0,,,
2.219062500e+2,-9.571875000e-2,2.000000000e+0,,,
2.180468750e+2,-7.593750000e-2,1.015625000e+0,,,
2.239843750e+2,-8.387500000e-2,-9.921875000e-1,,,
2.199843750e+2,-9.200000000e-2,-2.000000000e+0,,,
2.259843750e+2,-9.200000000e-2,2.343750000e-2,,,
2.219531250e+2,-9.196875000e-2,2.000000000e+0,,,
2.319687500e+2,-8.400000000e-2,1.000000000e+0,,,
2.221562500e+2,-8.803125000e-2,-2.000000000e+0,,,
2.198281250e+2,-8.784375000e-2,1.929687500e+0,,,
2.280625000e+2,-1.000000000e-1,3.007812500e+0,,,
2.238437500e+2,-9.196875000e-2,-1.000000000e+0,,,
2.200468750e+2,-8.793750000e-2,2.000000000e+0,,,
2.259843750e+2,-8.409375000e-2,0.000000000e+0,,,
2.200000000e+2,-9.200000000e-2,1.992187500e+0,,,
2.260000000e+2,-8.396875000e-2,-1.000000000e+0,,,
2.220000000e+2,-8.790625000e-2,1.968750000e+0,,,
2.220625000e+2,-8.803125000e-2,0.000000000e+0,,,
2.300000000e+2,-9.203125000e-2,-3.000000000e+0,,,
2.240000000e+2,-8.790625000e-2,-2.054687500e+0,,,
2.280000000e+2,-8.396875000e-2,1.000000000e+0,,,
2.260000000e+2,-8.406250000e-2,-1.000000000e+0,,,
2.240156250e+2,-8.803125000e-2,1.000000000e+0,,,
2.240000000e+2,-9.200000000e-2,-1.000000000e+0,,,
2.260000000e+2,-9.600000000e-2,9.921875000e-1,,,
2.280468750e+2,-8.803125000e-2,-2.007812500e+0,,,
2.299375000e+2,-1.000625000e-1,1.562500000e-2,,,
2.239062500e+2,-9.200000000e-2,-9.921875000e-1,,,
2.240000000e+2,-9.996875000e-2,9.921875000e-1,,,
2.260000000e+2,-8.796875000e-2,0.000000000e+0,,,
2.219843750e+2,-1.040312500e-1,1.023437500e+0,,,
2.239843750e+2,-9.596875000e-2,5.992187500e+0,,,
2.240156250e+2,-9.993750000e-2,2.015625000e+0,,,
2.259687500e+2,-8.806250000e-2,1.000000000e+0,,,
2.300781250e+2,-9.996875000e-2,2.007812500e+0,,,
2.220156250e+2,-8.000000000e-2,0.000000000e+0,,,
2.280781250e+2,-9.215625000e-2,3.031250000e+0,,,
2.239218750e+2,-9.596875000e-2,4.007812500e+0,,,
2.239843750e+2,-9.187500000e-2,1.046875000e+0,,,
2.241093750e+2,-8.806250000e-2,-1.000000000e+0,,,
2.320156250e+2,-9.609375000e-2,9.843750000e-1,,,
2.259375000e+2,-9.184375000e-2,2.023437500e+0,,,
2.280156250e+2,-8.800000000e-2,-9.843750000e-1,,,
2.260156250e+2,-8.800000000e-2,0.000000000e+0,,,
2.259843750e+2,-8.800000000e-2,-1.562500000e-2,,,
2.260000000e+2,-8.400000000e-2,2.984375000e+0,,,
2.240000000e+2,-9.212500000e-2,-1.039062500e+0,,,
2.259687500e+2,-9.600000000e-2,0.000000000e+0,,,
2.279218750e+2,-9.193750000e-2,3.000000000e+0,,,
2.320937500e+2,-9.187500000e-2,2.023437500e+0,,,
2.240156250e+2,-9.596875000e-2,-9.765625000e-1,,,
2.340937500e+2,-9.206250000e-2,-1.000000000e+0,,,
2.298906250e+2,-1.000312500e-1,3.015625000e+0,,,
2.240000000e+2,-9.184375000e-2,1.039062500e+0,,,
2.300000000e+2,-8.809375000e-2,-1.000000000e+0,,,
2.319843750e+2,-9.600000000e-2,1.000000000e+0,,,
2.279687500e+2,-9.193750000e-2,-9.843750000e-1,,,
2.260000000e+2,-9.200000000e-2,-2.343750000e-2,,,
2.280000000e+2,-9.209375000e-2,1.000000000e+0,,,
2.300000000e+2,-9.600000000e-2,0.000000000e+0,,,
2.300000000e+2,-8.778125000e-2,-7.812500000e-3,,,
2.199843750e+2,-8.825000000e-2,1.000000000e+0,,,
2.279375000e+2,-1.000000000e-1,2.007812500e+0,,,
2.340156250e+2,-9.596875000e-2,1.000000000e+0,,,
2.240000000e+2,-9.596875000e-2,2.015625000e+0,,,
2.280312500e+2,-8.803125000e-2,1.984375000e+0,,,
2.280468750e+2,-9.606250000e-2,0.000000000e+0,,,
2.318906250e+2,-9.209375000e-2,1.007812500e+0,,,
2.180312500e+2,-1.000000000e-1,2.000000000e+0,,,
2.358437500e+2,-8.443750000e-2,3.000000000e+0,,,
2.280781250e+2,-8.781250000e-2,1.023437500e+0,,,
2.339375000e+2,-9.596875000e-2,1.000000000e+0,,,
2.301406250e+2,-9.596875000e-2,3.007812500e+0,,,
2.261250000e+2,-1.000312500e-1,3.007812500e+0,,,
2.238437500e+2,-9.221875000e-2,2.000000000e+0,,,
2.320000000e+2,-9.171875000e-2,1.007812500e+0,,,
2.259687500e+2,-9.996875000e-2,-1.562500000e-2,,,
2.300000000e+2,-9.212500000e-2,1.992187500e+0,,,
2.259843750e+2,-8.400000000e-2,1.984375000e+0,,,
2.280000000e+2,-9.203125000e-2,1.992187500e+0,,,
2.259843750e+2,-8.000000000e-2,4.000000000e+0,,,
2.280156250e+2,-8.400000000e-2,2.000000000e+0,,,
2.300000000e+2,-9.562500000e-2,5.000000000e+0,,,
2.300312500e+2,-1.001250000e-1,1.000000000e+0,,,
2.260468750e+2,-9.206250000e-2,2.031250000e+0,,,
2.220000000e+2,-9.593750000e-2,3.000000000e+0,,,
2.259687500e+2,-1.000000000e-1,1.992187500e+0,,,
2.280000000e+2,-9.993750000e-2,1.000000000e+0,,,
2.299375000e+2,-1.042500000e-1,2.000000000e+0,,,
2.360625000e+2,-8.415625000e-2,3.000000000e+0,,,
2.359062500e+2,-9.578125000e-2,3.007812500e+0,,,
2.279687500e+2,-1.040312500e-1,4.000000000e+0,,,
2.280156250e+2,-8.800000000e-2,2.000000000e+0,,,
2.320312500e+2,-9.200000000e-2,7.812500000e-3,,,
2.380156250e+2,-9.593750000e-2,3.039062500e+0,,,
2.280000000e+2,-1.001875000e-1,4.007812500e+0,,,
2.300312500e+2,-8.806250000e-2,3.000000000e+0,,,
2.360000000e+2,-8.800000000e-2,3.000000000e+0,,,
2.300156250e+2,-8.800000000e-2,3.000000000e+0,,,
2.320000000e+2,-9.196875000e-2,2.976562500e+0,,,
2.300156250e+2,-1.000312500e-1,8.000000000e+0,,,
2.259687500e+2,-9.600000000e-2,4.070312500e+0,,,
2.320000000e+2,-9.212500000e-2,2.992187500e+0,,,
2.300000000e+2,-8.796875000e-2,1.984375000e+0,,,
2.300000000e+2,-9.584375000e-2,2.007812500e+0,,,
2.299531250e+2,-1.040000000e-1,3.992187500e+0,,,
2.280156250e+2,-1.000625000e-1,1.984375000e+0,,,
2.359843750e+2,-8.806250000e-2,3.000000000e+0,,,
2.300000000e+2,-9.168750000e-2,2.007812500e+0,,,
2.360312500e+2,-1.000000000e-1,2.000000000e+0,,,
2.380000000e+2,-9.600000000e-2,3.000000000e+0,,,
2.339843750e+2,-1.040000000e-1,1.000000000e+0,,,
2.360156250e+2,-1.000000000e-1,3.007812500e+0,,,
2.280468750e+2,-1.040000000e-1,3.000000000e+0,,,
2.318906250e+2,-9.200000000e-2,3.000000000e+0,,,
2.340625000e+2,-1.001250000e-1,-9.843750000e-1,,,
2.279687500e+2,-8.800000000e-2,1.015625000e+0,,,
2.320937500e+2,-1.000625000e-1,2.984375000e+0,,,
2.339218750e+2,-9.996875000e-2,4.976562500e+0,,,
2.280000000e+2,-9.200000000e-2,2.000000000e+0,,,
2.340312500e+2,-1.000312500e-1,4.984375000e+0,,,
2.320000000e+2,-9.609375000e-2,6.007812500e+0,,,
2.380000000e+2,-9.187500000e-2,2.992187500e+0,,,
2.339375000e+2,-1.040937500e-1,4.000000000e+0,,,
2.400312500e+2,-8.793750000e-2,2.976562500e+0,,,
2.260156250e+2,-1.120000000e-1,2.031250000e+0,,,
2.358750000e+2,-9.193750000e-2,3.992187500e+0,,,
2.380468750e+2,-9.200000000e-2,1.000000000e+0,,,
2.340937500e+2,-9.596875000e-2,1.000000000e+0,,,
2.320625000e+2,-9.603125000e-2,2.000000000e+0,,,
2.380000000e+2,-9.200000000e-2,3.000000000e+0,,,
2.319375000e+2,-9.600000000e-2,3.000000000e+0,,,
2.340312500e+2,-1.040625000e-1,3.992187500e+0,,,
2.400000000e+2,-1.080000000e-1,3.992187500e+0,,,
2.340000000e+2,-1.000000000e-1,5.992187500e+0,,,
2.360000000e+2,-1.000937500e-1,2.000000000e+0,,,
2.300156250e+2,-8.796875000e-2,1.968750000e+0,,,
2.299687500e+2,-1.080000000e-1,4.000000000e+0,,,
2.359843750e+2,-1.040625000e-1,2.000000000e+0,,,
2.340156250e+2,-9.606250000e-2,3.984375000e+0,,,
2.360000000e+2,-9.996875000e-2,3.992187500e+0,,,
2.339843750e+2,-8.809375000e-2,5.039062500e+0,,,
2.399687500e+2,-8.793750000e-2,2.000000000e+0,,,
2.400000000e+2,-9.203125000e-2,6.039062500e+0,,,
2.320156250e+2,-9.200000000e-2,4.945312500e+0,,,
2.359687500e+2,-1.040312500e-1,3.992187500e+0,,,
2.279687500e+2,-1.000000000e-1,4.007812500e+0,,,
2.381093750e+2,-1.040312500e-1,5.000000000e+0,,,
2.420156250e+2,-9.609375000e-2,5.000000000e+0,,,
2.340000000e+2,-9.996875000e-2,4.992187500e+0,,,
2.419843750e+2,-9.603125000e-2,5.000000000e+0,,,
2.360781250e+2,-9.600000000e-2,4.007812500e+0,,,
2.359531250e+2,-9.200000000e-2,2.000000000e+0,,,
2.379843750e+2,-8.800000000e-2,3.000000000e+0,,,
2.361093750e+2,-9.596875000e-2,3.976562500e+0,,,
2.340937500e+2,-9.200000000e-2,5.015625000e+0,,,
2.420312500e+2,-9.600000000e-2,3.000000000e+0,,,
2.379687500e+2,-9.203125000e-2,5.984375000e+0,,,
2.420781250e+2,-1.000000000e-1,6.000000000e+0,,,
2.397500000e+2,-9.200000000e-2,-7.812500000e-3,,,
2.259687500e+2,-1.000000000e-1,5.968750000e+0,,,
2.360937500e+2,-9.200000000e-2,7.039062500e+0,,,
2.360625000e+2,-1.039375000e-1,3.984375000e+0,,,
2.339843750e+2,-1.000312500e-1,3.000000000e+0,,,
2.360156250e+2,-1.000000000e-1,5.000000000e+0,,,
2.339375000e+2,-1.000312500e-1,4.984375000e+0,,,
2.420156250e+2,-1.080000000e-1,3.992187500e+0,,,
2.321250000e+2,-9.212500000e-2,3.000000000e+0,,,
2.361562500e+2,-9.187500000e-2,1.992187500e+0,,,
2.440000000e+2,-9.996875000e-2,2.000000000e+0,,,
2.379062500e+2,-1.000000000e-1,5.000000000e+0,,,
2.360468750e+2,-9.600000000e-2,4.000000000e+0,,,
2.440312500e+2,-9.600000000e-2,5.000000000e+0,,,
2.440000000e+2,-9.200000000e-2,5.000000000e+0,,,
2.359843750e+2,-1.038437500e-1,5.992187500e+0,,,
2.400000000e+2,-1.040000000e-1,6.000000000e+0,,,
2.379687500e+2,-1.000000000e-1,7.015625000e+0,,,
2.459843750e+2,-1.000312500e-1,3.007812500e+0,,,
2.399687500e+2,-1.040937500e-1,5.000000000e+0,,,
2.379843750e+2,-1.120000000e-1,3.000000000e+0,,,
2.420156250e+2,-1.038750000e-1,2.976562500e+0,,,
2.320156250e+2,-1.000000000e-1,6.000000000e+0,,,
2.400000000e+2,-1.000000000e-1,4.992187500e+0,,,
2.400000000e+2,-1.000312500e-1,6.984375000e+0,,,
2.399687500e+2,-1.040000000e-1,1.984375000e+0,,,
2.359687500e+2,-9.987500000e-2,6.023437500e+0,,,
2.339843750e+2,-9.203125000e-2,4.000000000e+0,,,
2.340312500e+2,-9.993750000e-2,4.007812500e+0,,,
2.420000000e+2,-1.000000000e-1,7.000000000e+0,,,
2.400000000e+2,-9.993750000e-2,5.007812500e+0,,,
2.420000000e+2,-8.400000000e-2,3.992187500e+0,,,
2.400000000e+2,-9.634375000e-2,5.000000000e+0,,,
2.420156250e+2,-1.119687500e-1,9.007812500e+0,,,
2.379687500e+2,-1.000000000e-1,2.000000000e+0,,,
2.420156250e+2,-1.080000000e-1,5.984375000e+0,,,
2.339218750e+2,-9.596875000e-2,5.000000000e+0,,,
2.381093750e+2,-9.600000000e-2,5.000000000e+0,,,
2.419062500e+2,-8.793750000e-2,6.000000000e+0,,,
2.360000000e+2,-9.215625000e-2,5.000000000e+0,,,
2.420000000e+2,-1.000312500e-1,6.000000000e+0,,,
2.359531250e+2,-9.593750000e-2,5.015625000e+0,,,
2.399218750e+2,-9.596875000e-2,4.000000000e+0,,,
2.400000000e+2,-1.040000000e-1,5.000000000e+0,,,
2.400000000e+2,-1.040937500e-1,5.992187500e+0,,,
2.379687500e+2,-9.600000000e-2,4.992187500e+0,,,
2.439687500e+2,-1.000312500e-1,5.000000000e+0,,,
2.420781250e+2,-9.600000000e-2,5.000000000e+0,,,
2.398906250e+2,-9.581250000e-2,7.960937500e+0,,,
2.460312500e+2,-1.080000000e-1,8.007812500e+0,,,
2.418906250e+2,-9.593750000e-2,4.992187500e+0,,,
2.400156250e+2,-8.812500000e-2,6.000000000e+0,,,
2.420000000e+2,-1.000625000e-1,5.992187500e+0,,,
2.399843750e+2,-9.190625000e-2,7.000000000e+0,,,
2.400000000e+2,-9.606250000e-2,5.992187500e+0,,,
2.420000000e+2,-1.000312500e-1,6.000000000e+0,,,
2.360156250e+2,-1.000312500e-1,6.000000000e+0,,,
2.440000000e+2,-9.987500000e-2,7.000000000e+0,,,
2.400000000e+2,-9.209375000e-2,7.015625000e+0,,,
2.520312500e+2,-1.040625000e-1,6.000000000e+0,,,
2.500000000e+2,-9.590625000e-2,7.000000000e+0,,,
2.479843750e+2,-1.000937500e-1,6.070312500e+0,,,
2.459531250e+2,-1.040000000e-1,3.000000000e+0,,,
2.379687500e+2,-1.000000000e-1,6.046875000e+0,,,
2.420937500e+2,-1.040625000e-1,9.000000000e+0,,,
2.460000000e+2,-9.987500000e-2,5.968750000e+0,,,
2.440000000e+2,-9.190625000e-2,7.000000000e+0,,,
2.459843750e+2,-8.806250000e-2,5.992187500e+0,,,
2.400000000e+2,-9.596875000e-2,8.000000000e+0,,,
2.480312500e+2,-9.603125000e-2,5.992187500e+0,,,
2.480156250e+2,-1.039687500e-1,7.007812500e+0,,,
2.439375000e+2,-8.781250000e-2,4.000000000e+0,,,
2.520000000e+2,-8.815625000e-2,7.007812500e+0,,,
2.421562500e+2,-1.000625000e-1,6.007812500e+0,,,
2.419218750e+2,-1.000000000e-1,8.992187500e+0,,,
2.439218750e+2,-1.000312500e-1,8.007812500e+0,,,
2.379062500e+2,-1.040625000e-1,1.000781250e+1,,,
2.400625000e+2,-1.039062500e-1,5.062500000e+0,,,
2.481093750e+2,-9.590625000e-2,4.000000000e+0,,,
2.478906250e+2,-9.603125000e-2,6.992187500e+0,,,
2.419375000e+2,-1.043750000e-1,6.039062500e+0,,,
2.420000000e+2,-1.160000000e-1,4.976562500e+0,,,
2.439218750e+2,-9.200000000e-2,8.000000000e+0,,,
2.520000000e+2,-9.200000000e-2,8.007812500e+0,,,
2.440312500e+2,-1.040312500e-1,5.968750000e+0,,,
2.419843750e+2,-9.990625000e-2,5.007812500e+0,,,
2.459531250e+2,-1.000937500e-1,6.000000000e+0,,,
2.479531250e+2,-1.040625000e-1,6.000000000e+0,,,
2.500781250e+2,-1.041875000e-1,6.000000000e+0,,,
2.419062500e+2,-9.600000000e-2,7.976562500e+0,,,
2.441562500e+2,-1.000312500e-1,1.000000000e+1,,,
2.540000000e+2,-9.600000000e-2,8.007812500e+0,,,
2.459531250e+2,-9.581250000e-2,1.000000000e+1,,,
2.440000000e+2,-8.006250000e-2,6.000000000e+0,,,
2.460000000e+2,-1.039062500e-1,6.000000000e+0,,,
2.460000000e+2,-1.040000000e-1,7.000000000e+0,,,
2.460156250e+2,-1.120312500e-1,6.015625000e+0,,,
2.520000000e+2,-1.038437500e-1,7.000000000e+0,,,
2.440000000e+2,-9.993750000e-2,1.000781250e+1,,,
2.480000000e+2,-9.593750000e-2,5.015625000e+0,,,
2.480000000e+2,-9.593750000e-2,8.000000000e+0,,,
2.479687500e+2,-9.200000000e-2,7.000000000e+0,,,
2.559687500e+2,-9.603125000e-2,8.007812500e+0,,,
2.560000000e+2,-9.603125000e-2,4.968750000e+0,,,
2.479687500e+2,-9.996875000e-2,7.046875000e+0,,,
2.521093750e+2,-9.200000000e-2,1.200000000e+1,,,
2.559062500e+2,-1.001250000e-1,8.976562500e+0,,,
2.420000000e+2,-1.000312500e-1,1.000000000e+1,,,
2.519531250e+2,-1.043125000e-1,9.000000000e+0,,,
2.421093750e+2,-9.196875000e-2,8.984375000e+0,,,
2.459531250e+2,-1.039687500e-1,1.000000000e+1,,,
2.459531250e+2,-9.212500000e-2,8.984375000e+0,,,
2.518906250e+2,-9.593750000e-2,6.007812500e+0,,,
2.501250000e+2,-1.000312500e-1,7.000000000e+0,,,
2.479218750e+2,-1.000312500e-1,8.984375000e+0,,,
2.499687500e+2,-1.000000000e-1,1.197656250e+1,,,
2.460156250e+2,-9.612500000e-2,1.200781250e+1,,,
2.540156250e+2,-8.400000000e-2,9.968750000e+0,,,
2.500000000e+2,-9.993750000e-2,7.992187500e+0,,,
2.540000000e+2,-1.040000000e-1,1.100000000e+1,,,
2.479843750e+2,-8.800000000e-2,1.000000000e+1,,,
2.500000000e+2,-1.032812500e-1,9.078125000e+0,,,
2.520312500e+2,-1.082187500e-1,6.000000000e+0,,,
2.499531250e+2,-9.212500000e-2,1.003906250e+1,,,
2.579843750e+2,-9.200000000e-2,1.000000000e+1,,,
2.520781250e+2,-8.403125000e-2,1.099218750e+1,,,
2.499218750e+2,-8.778125000e-2,8.960937500e+0,,,
2.559687500e+2,-1.157500000e-1,5.000000000e+0,,,
2.519531250e+2,-1.005000000e-1,7.000000000e+0,,,
2.519687500e+2,-8.793750000e-2,8.992187500e+0,,,
2.479843750e+2,-1.039375000e-1,9.007812500e+0,,,
2.500000000e+2,-1.080000000e-1,1.100000000e+1,,,
2.520312500e+2,-8.800000000e-2,8.992187500e+0,,,
2.580156250e+2,-9.575000000e-2,1.102343750e+1,,,
2.460000000e+2,-1.123125000e-1,1.100781250e+1,,,
2.520156250e+2,-9.206250000e-2,1.000000000e+1,,,
2.500000000e+2,-1.080000000e-1,1.000000000e+1,,,
2.519687500e+2,-1.000000000e-1,1.100781250e+1,,,
2.560000000e+2,-1.160312500e-1,8.000000000e+0,,,
2.580156250e+2,-9.590625000e-2,1.001562500e+1,,,
2.521406250e+2,-8.800000000e-2,1.200781250e+1,,,
2.440000000e+2,-9.184375000e-2,9.992187500e+0,,,
2.519843750e+2,-9.987500000e-2,1.002343750e+1,,,
2.480156250e+2,-1.040000000e-1,1.099218750e+1,,,
2.580468750e+2,-1.040000000e-1,9.000000000e+0,,,
2.559843750e+2,-1.040937500e-1,9.992187500e+0,,,
2.560156250e+2,-8.400000000e-2,8.007812500e+0,,,
2.500000000e+2,-1.035937500e-1,7.992187500e+0,,,
2.520312500e+2,-1.001875000e-1,1.001562500e+1,,,
2.600000000e+2,-9.600000000e-2,1.300000000e+1,,,
2.520781250e+2,-9.996875000e-2,7.000000000e+0,,,
2.579375000e+2,-1.040000000e-1,1.200781250e+1,,,
2.680625000e+2,-8.400000000e-2,1.000000000e+1,,,
2.541093750e+2,-9.600000000e-2,8.000000000e+0,,,
2.560000000e+2,-1.000312500e-1,5.984375000e+0,,,
2.520937500e+2,-1.000000000e-1,1.001562500e+1,,,
2.619843750e+2,-9.600000000e-2,1.099218750e+1,,,
2.478125000e+2,-1.000000000e-1,1.097656250e+1,,,
2.481250000e+2,-9.200000000e-2,7.992187500e+0,,,
2.560156250e+2,-1.000937500e-1,8.992187500e+0,,,
2.519687500e+2,-1.120937500e-1,9.992187500e+0,,,
2.559375000e+2,-9.996875000e-2,9.992187500e+0,,,
2.541250000e+2,-1.159375000e-1,8.992187500e+0,,,
2.480000000e+2,-1.041250000e-1,7.992187500e+0,,,
2.539843750e+2,-1.000312500e-1,9.046875000e+0,,,
2.520312500e+2,-1.000312500e-1,1.200781250e+1,,,
2.539531250e+2,-1.040000000e-1,1.100000000e+1,,,
2.578906250e+2,-1.044687500e-1,9.000000000e+0,,,
2.619687500e+2,-8.800000000e-2,1.200000000e+1,,,
2.559687500e+2,-1.080000000e-1,1.400000000e+1,,,
2.560781250e+2,-9.600000000e-2,1.196093750e+1,,,
2.660156250e+2,-9.603125000e-2,9.992187500e+0,,,
2.600468750e+2,-1.000000000e-1,1.299218750e+1,,,
2.520000000e+2,-8.793750000e-2,1.094531250e+1,,,
2.580000000e+2,-1.079375000e-1,7.000000000e+0,,,
2.500000000e+2,-9.218750000e-2,1.096875000e+1,,,
2.579687500e+2,-9.200000000e-2,1.000000000e+1,,,
2.580156250e+2,-1.000312500e-1,8.984375000e+0,,,
2.539843750e+2,-8.800000000e-2,1.299218750e+1,,,
2.599843750e+2,-9.600000000e-2,1.100000000e+1,,,
2.579843750e+2,-8.809375000e-2,1.199218750e+1,,,
2.640000000e+2,-9.187500000e-2,1.100000000e+1,,,
2.580000000e+2,-1.040625000e-1,1.101562500e+1,,,
2.619843750e+2,-9.200000000e-2,1.196875000e+1,,,
2.539375000e+2,-1.040625000e-1,9.992187500e+0,,,
2.580937500e+2,-1.039687500e-1,1.100000000e+1,,,
2.639687500e+2,-9.600000000e-2,9.992187500e+0,,,
2.580156250e+2,-1.038750000e-1,1.098437500e+1,,,
2.599687500e+2,-1.000937500e-1,1.101562500e+1,,,
2.640000000e+2,-9.600000000e-2,1.001562500e+1,,,
2.600625000e+2,-1.000312500e-1,1.299218750e+1,,,
2.599375000e+2,-1.000000000e-1,1.099218750e+1,,,
2.639531250e+2,-1.039687500e-1,1.400000000e+1,,,
2.620781250e+2,-1.080625000e-1,1.101562500e+1,,,
2.579218750e+2,-1.000000000e-1,1.198437500e+1,,,
2.560156250e+2,-1.040000000e-1,9.984375000e+0,,,
2.600781250e+2,-9.996875000e-2,9.000000000e+0,,,
2.659218750e+2,-9.196875000e-2,9.000000000e+0,,,
2.559687500e+2,-9.615625000e-2,1.002343750e+1,,,
2.640625000e+2,-1.040000000e-1,1.398437500e+1,,,
2.599218750e+2,-1.000937500e-1,1.300000000e+1,,,
2.598906250e+2,-9.996875000e-2,1.399218750e+1,,,
2.679531250e+2,-1.040000000e-1,1.100000000e+1,,,
2.621718750e+2,-1.000312500e-1,1.200000000e+1,,,
2.559531250e+2,-1.080312500e-1,1.201562500e+1,,,
2.678281250e+2,-1.040000000e-1,1.400000000e+1,,,
2.681718750e+2,-1.039375000e-1,1.201562500e+1,,,
2.558750000e+2,-1.041250000e-1,1.099218750e+1,,,
2.540312500e+2,-9.203125000e-2,1.100000000e+1,,,
2.580312500e+2,-1.000000000e-1,1.200000000e+1,,,
2.620312500e+2,-9.600000000e-2,1.198437500e+1,,,
2.639687500e+2,-9.600000000e-2,9.000000000e+0,,,
2.560000000e+2,-9.200000000e-2,1.200000000e+1,,,
2.660156250e+2,-9.596875000e-2,1.199218750e+1,,,
2.599531250e+2,-1.000000000e-1,1.400000000e+1,,,
2.639843750e+2,-1.080000000e-1,1.300781250e+1,,,
2.620156250e+2,-9.584375000e-2,1.200781250e+1,,,
2.600000000e+2,-9.612500000e-2,1.100000000e+1,,,
2.619843750e+2,-1.080312500e-1,1.200000000e+1,,,
2.639843750e+2,-9.990625000e-2,9.976562500e+0,,,
2.640312500e+2,-1.000312500e-1,1.497656250e+1,,,
2.600000000e+2,-9.600000000e-2,1.200000000e+1,,,
2.620000000e+2,-1.000312500e-1,1.399218750e+1,,,
2.659843750e+2,-1.000000000e-1,1.092187500e+1,,,
2.619687500e+2,-9.606250000e-2,1.002343750e+1,,,
2.620000000e+2,-1.040625000e-1,1.300000000e+1,,,
2.620000000e+2,-1.001250000e-1,1.099218750e+1,,,
2.640000000e+2,-9.200000000e-2,1.200000000e+1,,,
2.600000000e+2,-1.040312500e-1,1.199218750e+1,,,
2.600000000e+2,-1.000312500e-1,1.299218750e+1,,,
2.660000000e+2,-1.080625000e-1,1.200000000e+1,,,
2.579687500e+2,-9.978125000e-2,1.399218750e+1,,,
2.718437500e+2,-8.800000000e-2,1.300000000e+1,,,
2.701093750e+2,-9.587500000e-2,1.300781250e+1,,,
2.619687500e+2,-1.000625000e-1,1.100000000e+1,,,
2.660312500e+2,-1.080000000e-1,1.300781250e+1,,,
2.618906250e+2,-9.984375000e-2,1.399218750e+1,,,
2.620468750e+2,-9.609375000e-2,1.198437500e+1,,,
2.660625000e+2,-1.040000000e-1,1.700000000e+1,,,
2.679531250e+2,-9.596875000e-2,1.304687500e+1,,,
2.620937500e+2,-1.039062500e-1,1.100000000e+1,,,
2.600312500e+2,-1.080000000e-1,1.300000000e+1,,,
2.580000000e+2,-1.000312500e-1,1.296875000e+1,,,
2.599375000e+2,-1.040312500e-1,1.100781250e+1,,,
2.680000000e+2,-1.000000000e-1,1.500000000e+1,,,
2.640468750e+2,-1.040000000e-1,1.400000000e+1,,,
2.659531250e+2,-1.000937500e-1,1.200000000e+1,,,
2.680937500e+2,-9.603125000e-2,1.398437500e+1,,,
2.697968750e+2,-9.200000000e-2,1.500781250e+1,,,
2.559843750e+2,-9.612500000e-2,1.599218750e+1,,,
2.680468750e+2,-1.040312500e-1,1.400000000e+1,,,
2.640156250e+2,-9.984375000e-2,1.501562500e+1,,,
2.719843750e+2,-9.618750000e-2,1.499218750e+1,,,
2.620000000e+2,-1.123125000e-1,1.405468750e+1,,,
2.619843750e+2,-7.987500000e-2,1.000000000e+1,,,
2.580000000e+2,-9.637500000e-2,1.500000000e+1,,,
2.680000000e+2,-9.990625000e-2,1.604687500e+1,,,
2.639843750e+2,-9.606250000e-2,1.200000000e+1,,,
2.660000000e+2,-1.040312500e-1,1.300000000e+1,,,
2.660156250e+2,-1.000625000e-1,1.104687500e+1,,,
2.660000000e+2,-1.120000000e-1,1.200000000e+1,,,
2.680156250e+2,-9.596875000e-2,1.501562500e+1,,,
2.699843750e+2,-1.000312500e-1,1.499218750e+1,,,
2.679687500e+2,-1.001562500e-1,1.297656250e+1,,,
2.701093750e+2,-1.120312500e-1,1.299218750e+1,,,
2.739843750e+2,-1.040000000e-1,1.298437500e+1,,,
2.660000000e+2,-1.041250000e-1,1.599218750e+1,,,
2.680156250e+2,-8.796875000e-2,1.399218750e+1,,,
2.700000000e+2,-9.606250000e-2,1.398437500e+1,,,
2.679843750e+2,-9.203125000e-2,1.400000000e+1,,,
2.700000000e+2,-1.000312500e-1,1.300000000e+1,,,
2.659687500e+2,-9.606250000e-2,1.500000000e+1,,,
2.719375000e+2,-1.040000000e-1,1.301562500e+1,,,
2.698750000e+2,-8.393750000e-2,1.401562500e+1,,,
2.680156250e+2,-8.800000000e-2,1.500000000e+1,,,
2.699843750e+2,-8.012500000e-2,1.400781250e+1,,,
2.680625000e+2,-1.002187500e-1,1.500000000e+1,,,
2.740156250e+2,-9.968750000e-2,1.699218750e+1,,,
2.678906250e+2,-9.218750000e-2,1.602343750e+1,,,
2.660468750e+2,-1.000000000e-1,1.402343750e+1,,,
2.700000000e+2,-8.800000000e-2,1.300000000e+1,,,
2.679843750e+2,-1.000000000e-1,1.499218750e+1,,,
2.719843750e+2,-8.787500000e-2,1.498437500e+1,,,
2.700156250e+2,-8.818750000e-2,1.398437500e+1,,,
2.680625000e+2,-9.587500000e-2,1.300000000e+1,,,
2.620312500e+2,-7.993750000e-2,1.500000000e+1,,,
2.639531250e+2,-9.540625000e-2,1.400781250e+1,,,
2.660625000e+2,-1.079375000e-1,1.400781250e+1,,,
2.741093750e+2,-1.000000000e-1,1.300000000e+1,,,
2.738750000e+2,-1.080625000e-1,1.600000000e+1,,,
2.599687500e+2,-9.987500000e-2,1.500781250e+1,,,
2.680000000e+2,-9.603125000e-2,1.700000000e+1,,,
2.740000000e+2,-9.996875000e-2,1.698437500e+1,,,
2.679687500e+2,-1.041250000e-1,1.403125000e+1,,,
2.680312500e+2,-1.077500000e-1,1.099218750e+1,,,
2.760000000e+2,-8.793750000e-2,1.400000000e+1,,,
2.680000000e+2,-1.001562500e-1,1.499218750e+1,,,
2.660000000e+2,-9.178125000e-2,1.600000000e+1,,,
2.660156250e+2,-9.618750000e-2,1.600000000e+1,,,
2.699687500e+2,-1.000000000e-1,1.598437500e+1,,,
2.719843750e+2,-1.000000000e-1,1.602343750e+1,,,
2.720000000e+2,-9.596875000e-2,1.300781250e+1,,,
2.740000000e+2,-9.206250000e-2,1.703125000e+1,,,
2.719843750e+2,-1.001250000e-1,1.600000000e+1,,,
2.719531250e+2,-9.559375000e-2,1.400781250e+1,,,
2.700781250e+2,-8.009375000e-2,1.800000000e+1,,,
2.800781250e+2,-1.155312500e-1,1.800000000e+1,,,
2.660468750e+2,-9.637500000e-2,1.698437500e+1,,,
2.759687500e+2,-9.600000000e-2,1.800000000e+1,,,
2.660625000e+2,-9.196875000e-2,1.498437500e+1,,,
2.739531250e+2,-9.993750000e-2,1.499218750e+1,,,
2.660937500e+2,-1.002500000e-1,1.500000000e+1,,,
2.737031250e+2,-9.184375000e-2,1.596875000e+1,,,
2.738906250e+2,-1.000625000e-1,1.997656250e+1,,,
2.660000000e+2,-8.806250000e-2,1.801562500e+1,,,
2.760312500e+2,-9.596875000e-2,1.596093750e+1,,,
2.739687500e+2,-9.600000000e-2,1.298437500e+1,,,
2.699843750e+2,-1.000000000e-1,1.900000000e+1,,,
2.720156250e+2,-1.000000000e-1,1.500000000e+1,,,
2.760000000e+2,-9.596875000e-2,1.699218750e+1,,,
2.741718750e+2,-1.038125000e-1,1.400000000e+1,,,
2.659531250e+2,-1.080937500e-1,1.600000000e+1,,,
2.779687500e+2,-9.609375000e-2,1.502343750e+1,,,
2.720312500e+2,-9.203125000e-2,1.900000000e+1,,,
2.779531250e+2,-9.193750000e-2,1.596875000e+1,,,
2.740312500e+2,-9.987500000e-2,1.600000000e+1,,,
2.739375000e+2,-9.618750000e-2,1.700000000e+1,,,
2.701093750e+2,-9.184375000e-2,1.799218750e+1,,,
2.820000000e+2,-1.080312500e-1,1.699218750e+1,,,
2.699687500e+2,-8.400000000e-2,1.700000000e+1,,,
2.780000000e+2,-9.200000000e-2,1.596875000e+1,,,
2.700156250e+2,-9.209375000e-2,1.403906250e+1,,,
2.720000000e+2,-8.800000000e-2,1.898437500e+1,,,
2.720000000e+2,-9.584375000e-2,1.600000000e+1,,,
2.740000000e+2,-1.080000000e-1,1.700781250e+1,,,
2.699843750e+2,-9.200000000e-2,1.899218750e+1,,,
2.780000000e+2,-9.200000000e-2,1.800000000e+1,,,
2.740156250e+2,-9.600000000e-2,1.799218750e+1,,,
2.739531250e+2,-9.200000000e-2,1.598437500e+1,,,
2.760000000e+2,-9.990625000e-2,1.799218750e+1,,,
2.720312500e+2,-9.625000000e-2,1.496875000e+1,,,
2.679843750e+2,-8.415625000e-2,1.600781250e+1,,,
2.700312500e+2,-8.800000000e-2,1.700000000e+1,,,
2.720000000e+2,-1.160000000e-1,1.699218750e+1,,,
2.719687500e+2,-9.218750000e-2,1.700000000e+1,,,
2.780000000e+2,-9.587500000e-2,1.698437500e+1,,,
2.779843750e+2,-9.193750000e-2,1.900000000e+1,,,
2.740156250e+2,-9.993750000e-2,1.700000000e+1,,,
2.719843750e+2,-9.209375000e-2,1.800000000e+1,,,
2.739843750e+2,-8.000000000e-2,1.699218750e+1,,,
2.759843750e+2,-9.200000000e-2,1.700000000e+1,,,
2.760156250e+2,-9.200000000e-2,1.800000000e+1,,,
2.740468750e+2,-9.600000000e-2,1.600781250e+1,,,
2.720156250e+2,-9.600000000e-2,1.700781250e+1,,,
2.760312500e+2,-1.039687500e-1,1.799218750e+1,,,
2.760312500e+2,-8.796875000e-2,1.800781250e+1,,,
2.779218750e+2,-9.603125000e-2,1.798437500e+1,,,
2.699375000e+2,-9.603125000e-2,1.500000000e+1,,,
2.761093750e+2,-1.000625000e-1,1.698437500e+1,,,
2.840468750e+2,-9.193750000e-2,1.900000000e+1,,,
2.760000000e+2,-1.040312500e-1,1.799218750e+1,,,
2.820156250e+2,-8.803125000e-2,1.699218750e+1,,,
2.700156250e+2,-1.000000000e-1,1.803906250e+1,,,
2.758906250e+2,-9.196875000e-2,1.999218750e+1,,,
2.800625000e+2,-9.203125000e-2,1.700000000e+1,,,
2.740000000e+2,-8.796875000e-2,1.299218750e+1,,,
2.800312500e+2,-9.203125000e-2,1.600000000e+1,,,
2.780000000e+2,-8.000000000e-2,1.900781250e+1,,,
2.820625000e+2,-8.800000000e-2,1.899218750e+1,,,
2.839687500e+2,-8.403125000e-2,1.800781250e+1,,,
2.740156250e+2,-9.200000000e-2,1.599218750e+1,,,
2.780000000e+2,-9.606250000e-2,2.003125000e+1,,,
2.800000000e+2,-9.200000000e-2,1.800000000e+1,,,
2.720000000e+2,-9.600000000e-2,1.398437500e+1,,,
2.779687500e+2,-8.800000000e-2,1.900000000e+1,,,
2.780312500e+2,-8.800000000e-2,1.800000000e+1,,,
2.699687500e+2,-9.203125000e-2,1.800000000e+1,,,
2.819531250e+2,-9.603125000e-2,1.700000000e+1,,,
2.800625000e+2,-9.606250000e-2,1.696093750e+1,,,
2.760156250e+2,-9.193750000e-2,1.900000000e+1,,,
2.740000000e+2,-1.000312500e-1,1.701562500e+1,,,
2.800312500e+2,-8.800000000e-2,2.103125000e+1,,,
2.799375000e+2,-9.206250000e-2,1.796875000e+1,,,
2.780156250e+2,-1.000312500e-1,1.700000000e+1,,,
2.840781250e+2,-9.603125000e-2,1.700000000e+1,,,
2.840468750e+2,-9.568750000e-2,1.701562500e+1,,,
2.720000000e+2,-1.080000000e-1,1.696875000e+1,,,
2.819531250e+2,-1.000312500e-1,2.100000000e+1,,,
2.821093750e+2,-1.040312500e-1,1.701562500e+1,,,
2.759687500e+2,-1.040000000e-1,1.695312500e+1,,,
2.819687500e+2,-9.200000000e-2,2.100000000e+1,,,
2.761093750e+2,-1.039687500e-1,1.805468750e+1,,,
2.760000000e+2,-9.200000000e-2,1.599218750e+1,,,
2.760937500e+2,-9.600000000e-2,1.700781250e+1,,,
2.820000000e+2,-9.603125000e-2,1.800000000e+1,,,
2.759062500e+2,-9.187500000e-2,1.700000000e+1,,,
2.739687500e+2,-8.415625000e-2,1.703125000e+1,,,
2.740937500e+2,-1.040625000e-1,2.099218750e+1,,,
2.819843750e+2,-9.218750000e-2,1.806250000e+1,,,
2.760468750e+2,-9.193750000e-2,1.800781250e+1,,,
2.799062500e+2,-9.203125000e-2,2.100000000e+1,,,
2.820312500e+2,-8.403125000e-2,1.700000000e+1,,,
2.780000000e+2,-9.606250000e-2,1.803125000e+1,,,
2.800000000e+2,-9.600000000e-2,1.900000000e+1,,,
2.760312500e+2,-9.193750000e-2,1.899218750e+1,,,
2.780468750e+2,-1.039687500e-1,1.899218750e+1,,,
2.799687500e+2,-9.603125000e-2,1.700000000e+1,,,
2.779843750e+2,-1.000000000e-1,1.800000000e+1,,,
2.820468750e+2,-9.600000000e-2,1.800000000e+1,,,
2.839843750e+2,-9.596875000e-2,1.800781250e+1,,,
2.780000000e+2,-8.400000000e-2,2.000000000e+1,,,
2.839843750e+2,-1.039375000e-1,1.699218750e+1,,,
2.739531250e+2,-9.200000000e-2,2.100781250e+1,,,
2.799687500e+2,-1.000000000e-1,1.901562500e+1,,,
2.800000000e+2,-9.206250000e-2,1.900000000e+1,,,
2.799687500e+2,-1.040625000e-1,1.799218750e+1,,,
2.740156250e+2,-9.178125000e-2,1.800000000e+1,,,
2.739531250e+2,-8.812500000e-2,1.800000000e+1,,,
2.840156250e+2,-9.993750000e-2,1.896875000e+1,,,
2.760000000e+2,-9.600000000e-2,2.000781250e+1,,,
2.820000000e+2,-1.000000000e-1,1.697656250e+1,,,
2.819218750e+2,-9.206250000e-2,1.398437500e+1,,,
2.800625000e+2,-1.121250000e-1,1.604687500e+1,,,
2.879843750e+2,-9.984375000e-2,2.100000000e+1,,,
2.759687500e+2,-9.193750000e-2,1.799218750e+1,,,
2.820000000e+2,-9.603125000e-2,1.900000000e+1,,,
2.800000000e+2,-8.396875000e-2,1.899218750e+1,,,
2.820000000e+2,-8.809375000e-2,2.101562500e+1,,,
2.820156250e+2,-1.042187500e-1,2.000000000e+1,,,
2.780312500e+2,-1.077812500e-1,1.700781250e+1,,,
2.799062500e+2,-8.796875000e-2,1.800000000e+1,,,
2.859531250e+2,-9.587500000e-2,2.000000000e+1,,,
2.837968750e+2,-8.790625000e-2,1.800000000e+1,,,
2.739843750e+2,-8.806250000e-2,1.901562500e+1,,,
2.821250000e+2,-9.603125000e-2,2.199218750e+1,,,
2.819531250e+2,-9.606250000e-2,1.800781250e+1,,,
2.799531250e+2,-1.040625000e-1,2.000000000e+1,,,
2.780468750e+2,-9.990625000e-2,1.902343750e+1,,,
2.820156250e+2,-9.590625000e-2,1.700000000e+1,,,
2.760781250e+2,-1.080000000e-1,1.900000000e+1,,,
2.779687500e+2,-9.606250000e-2,1.701562500e+1,,,
2.819531250e+2,-1.000312500e-1,2.099218750e+1,,,
2.860000000e+2,-9.200000000e-2,1.600000000e+1,,,
2.801406250e+2,-9.600000000e-2,1.800000000e+1,,,
2.739218750e+2,-9.212500000e-2,1.897656250e+1,,,
2.841875000e+2,-9.196875000e-2,2.100000000e+1,,,
2.859062500e+2,-1.040312500e-1,1.900000000e+1,,,
2.799687500e+2,-9.596875000e-2,2.099218750e+1,,,
2.819843750e+2,-9.996875000e-2,1.800000000e+1,,,
2.780000000e+2,-8.790625000e-2,2.003125000e+1,,,
2.840312500e+2,-9.206250000e-2,2.099218750e+1,,,
2.860000000e+2,-9.984375000e-2,1.901562500e+1,,,
2.759531250e+2,-1.080312500e-1,1.900000000e+1,,,
2.780000000e+2,-9.968750000e-2,1.800000000e+1,,,
2.800000000e+2,-8.806250000e-2,1.897656250e+1,,,
2.780156250e+2,-1.000937500e-1,2.000000000e+1,,,
2.840000000e+2,-9.190625000e-2,1.900000000e+1,,,
2.839843750e+2,-9.606250000e-2,1.901562500e+1,,,
2.839531250e+2,-1.000000000e-1,1.800000000e+1,,,
2.739687500e+2,-1.000000000e-1,1.899218750e+1,,,
2.801250000e+2,-1.000312500e-1,1.800000000e+1,,,
2.839687500e+2,-9.584375000e-2,2.003125000e+1,,,
2.820468750e+2,-8.806250000e-2,1.996093750e+1,,,
2.880000000e+2,-9.600000000e-2,1.800000000e+1,,,
2.840000000e+2,-8.796875000e-2,1.999218750e+1,,,
2.820156250e+2,-1.000000000e-1,1.900000000e+1,,,
2.880000000e+2,-8.787500000e-2,1.998437500e+1,,,
2.820000000e+2,-8.400000000e-2,2.000000000e+1,,,
2.899843750e+2,-8.815625000e-2,1.898437500e+1,,,
2.861875000e+2,-1.000625000e-1,1.598437500e+1,,,
2.780000000e+2,-9.600000000e-2,1.999218750e+1,,,
2.820625000e+2,-8.393750000e-2,1.799218750e+1,,,
2.799218750e+2,-9.628125000e-2,2.099218750e+1,,,
2.780312500e+2,-1.158437500e-1,1.902343750e+1,,,
2.819531250e+2,-8.781250000e-2,1.900000000e+1,,,
2.760000000e+2,-9.621875000e-2,1.899218750e+1,,,
2.840937500e+2,-8.768750000e-2,2.002343750e+1,,,
2.860000000e+2,-8.800000000e-2,1.700000000e+1,,,
2.860468750e+2,-9.200000000e-2,2.000000000e+1,,,
2.799843750e+2,-8.400000000e-2,1.899218750e+1,,,
2.859843750e+2,-8.403125000e-2,2.095312500e+1,,,
2.840000000e+2,-9.215625000e-2,1.497656250e+1,,,
2.839843750e+2,-1.000312500e-1,1.900000000e+1,,,
2.840312500e+2,-9.187500000e-2,2.000000000e+1,,,
2.819687500e+2,-9.181250000e-2,1.900000000e+1,,,
2.860312500e+2,-1.000312500e-1,1.901562500e+1,,,
2.839375000e+2,-9.596875000e-2,1.800000000e+1,,,
2.820000000e+2,-9.596875000e-2,2.202343750e+1,,,
2.860312500e+2,-9.196875000e-2,2.200781250e+1,,,
2.900000000e+2,-9.200000000e-2,2.000000000e+1,,,
2.839375000e+2,-9.200000000e-2,1.698437500e+1,,,
2.759843750e+2,-9.600000000e-2,1.697656250e+1,,,
2.800312500e+2,-9.193750000e-2,1.900781250e+1,,,
2.860000000e+2,-9.203125000e-2,1.800000000e+1,,,
2.900000000e+2,-9.615625000e-2,2.098437500e+1,,,
2.860000000e+2,-1.040937500e-1,2.200781250e+1,,,
2.859843750e+2,-9.565625000e-2,2.100000000e+1,,,
2.840156250e+2,-8.400000000e-2,2.000000000e+1,,,
2.820156250e+2,-9.612500000e-2,2.000781250e+1,,,
2.780000000e+2,-1.000000000e-1,1.900781250e+1,,,
2.820625000e+2,-9.596875000e-2,2.100781250e+1,,,
2.900312500e+2,-1.001250000e-1,2.000000000e+1,,,
2.879062500e+2,-1.040000000e-1,2.001562500e+1,,,
2.820312500e+2,-9.996875000e-2,2.100000000e+1,,,
2.899062500e+2,-9.593750000e-2,1.800000000e+1,,,
2.861718750e+2,-9.996875000e-2,2.097656250e+1,,,
2.800000000e+2,-9.993750000e-2,2.000000000e+1,,,
2.857187500e+2,-1.040000000e-1,2.100000000e+1,,,
2.921562500e+2,-9.218750000e-2,1.999218750e+1,,,
2.820468750e+2,-7.603125000e-2,2.200000000e+1,,,
2.916718750e+2,-8.746875000e-2,2.101562500e+1,,,
2.918906250e+2,-9.978125000e-2,2.098437500e+1,,,
2.799687500e+2,-1.080625000e-1,2.199218750e+1,,,
2.840156250e+2,-9.606250000e-2,2.200000000e+1,,,
2.860000000e+2,-9.596875000e-2,2.100781250e+1,,,
2.859843750e+2,-1.080000000e-1,1.900000000e+1,,,
2.860000000e+2,-9.200000000e-2,2.000000000e+1,,,
2.880000000e+2,-1.035937500e-1,2.003906250e+1,,,
2.880468750e+2,-1.001562500e-1,1.900000000e+1,,,
2.840312500e+2,-9.600000000e-2,2.101562500e+1,,,
2.839843750e+2,-9.993750000e-2,2.100000000e+1,,,
2.880312500e+2,-1.040000000e-1,2.099218750e+1,,,
2.800468750e+2,-1.000312500e-1,1.899218750e+1,,,
2.858906250e+2,-9.996875000e-2,2.000000000e+1,,,
2.900312500e+2,-9.615625000e-2,2.100000000e+1,,,
2.919687500e+2,-9.190625000e-2,2.199218750e+1,,,
2.879687500e+2,-1.079687500e-1,2.098437500e+1,,,
2.860468750e+2,-1.000000000e-1,2.100000000e+1,,,
2.940156250e+2,-9.200000000e-2,2.198437500e+1,,,
2.920468750e+2,-1.079375000e-1,2.000000000e+1,,,
2.820000000e+2,-1.040312500e-1,2.199218750e+1,,,
2.840312500e+2,-1.041562500e-1,2.100000000e+1,,,
2.899843750e+2,-8.800000000e-2,2.300000000e+1,,,
2.860156250e+2,-1.120000000e-1,2.200781250e+1,,,
2.860000000e+2,-9.209375000e-2,2.099218750e+1,,,
2.900156250e+2,-9.206250000e-2,2.300000000e+1,,,
2.820000000e+2,-1.040000000e-1,2.203906250e+1,,,
2.920000000e+2,-9.206250000e-2,1.999218750e+1,,,
2.920156250e+2,-9.996875000e-2,2.000781250e+1,,,
2.859687500e+2,-9.209375000e-2,2.100781250e+1,,,
2.840468750e+2,-9.600000000e-2,2.200781250e+1,,,
2.900156250e+2,-1.000625000e-1,2.300781250e+1,,,
2.879843750e+2,-8.406250000e-2,2.201562500e+1,,,
2.920000000e+2,-9.168750000e-2,1.801562500e+1,,,
2.880000000e+2,-9.603125000e-2,1.900781250e+1,,,
2.939843750e+2,-9.206250000e-2,2.100000000e+1,,,
2.919843750e+2,-8.800000000e-2,2.200000000e+1,,,
2.920312500e+2,-9.200000000e-2,2.100000000e+1,,,
2.820781250e+2,-8.400000000e-2,2.200000000e+1,,,
2.839218750e+2,-8.800000000e-2,2.000000000e+1,,,
2.879218750e+2,-9.618750000e-2,2.097656250e+1,,,
2.919531250e+2,-8.800000000e-2,2.300781250e+1,,,
2.859687500e+2,-9.603125000e-2,2.300000000e+1,,,
2.880000000e+2,-9.200000000e-2,2.200781250e+1,,,
2.839218750e+2,-9.203125000e-2,2.299218750e+1,,,
2.840781250e+2,-9.606250000e-2,2.100781250e+1,,,
2.920312500e+2,-1.040312500e-1,2.099218750e+1,,,
2.900781250e+2,-9.206250000e-2,2.200000000e+1,,,
2.860000000e+2,-9.603125000e-2,2.099218750e+1,,,
2.880000000e+2,-8.800000000e-2,2.099218750e+1,,,
2.860156250e+2,-9.996875000e-2,2.000000000e+1,,,
2.819687500e+2,-1.000000000e-1,2.100000000e+1,,,
2.899218750e+2,-1.000625000e-1,2.100000000e+1,,,
2.900000000e+2,-8.821875000e-2,2.100781250e+1,,,
2.920000000e+2,-9.196875000e-2,2.300000000e+1,,,
2.899843750e+2,-1.000000000e-1,2.299218750e+1,,,
2.900000000e+2,-9.200000000e-2,2.099218750e+1,,,
2.920156250e+2,-8.400000000e-2,2.199218750e+1,,,
2.940000000e+2,-8.800000000e-2,2.199218750e+1,,,
2.920000000e+2,-9.203125000e-2,2.399218750e+1,,,
2.940000000e+2,-8.806250000e-2,2.000000000e+1,,,
2.860156250e+2,-8.790625000e-2,1.997656250e+1,,,
2.899843750e+2,-9.600000000e-2,2.100000000e+1,,,
2.900156250e+2,-8.406250000e-2,2.099218750e+1,,,
2.860312500e+2,-8.403125000e-2,2.200000000e+1,,,
2.879687500e+2,-8.403125000e-2,2.100000000e+1,,,
2.939218750e+2,-9.206250000e-2,2.201562500e+1,,,
3.000156250e+2,-8.003125000e-2,2.000000000e+1,,,
2.900000000e+2,-8.800000000e-2,2.303125000e+1,,,
2.980468750e+2,-8.400000000e-2,2.193750000e+1,,,
2.919687500e+2,-1.000312500e-1,1.998437500e+1,,,
2.919687500e+2,-9.193750000e-2,2.002343750e+1,,,
2.839687500e+2,-8.400000000e-2,2.200781250e+1,,,
2.879687500e+2,-9.200000000e-2,2.103906250e+1,,,
2.900000000e+2,-8.796875000e-2,1.997656250e+1,,,
2.879843750e+2,-9.206250000e-2,2.402343750e+1,,,
2.939687500e+2,-7.596875000e-2,2.300781250e+1,,,
2.900625000e+2,-8.400000000e-2,2.102343750e+1,,,
2.880468750e+2,-7.996875000e-2,2.000000000e+1,,,
2.859375000e+2,-9.593750000e-2,2.397656250e+1,,,
2.900000000e+2,-8.800000000e-2,2.202343750e+1,,,
2.880781250e+2,-9.200000000e-2,2.099218750e+1,,,
2.960156250e+2,-9.203125000e-2,2.100000000e+1,,,
2.899375000e+2,-8.387500000e-2,2.100000000e+1,,,
2.899531250e+2,-7.615625000e-2,2.102343750e+1,,,
2.859687500e+2,-9.200000000e-2,2.400000000e+1,,,
2.900625000e+2,-7.612500000e-2,2.102343750e+1,,,
2.959687500e+2,-8.784375000e-2,2.199218750e+1,,,
2.921093750e+2,-9.203125000e-2,2.000000000e+1,,,
2.860000000e+2,-8.393750000e-2,2.300000000e+1,,,
2.899375000e+2,-7.606250000e-2,2.095312500e+1,,,
2.919843750e+2,-9.600000000e-2,2.000000000e+1,,,
2.901093750e+2,-8.018750000e-2,2.197656250e+1,,,
2.839687500e+2,-7.984375000e-2,2.198437500e+1,,,
2.880781250e+2,-8.800000000e-2,1.900000000e+1,,,
2.919531250e+2,-8.000000000e-2,2.100000000e+1,,,
2.839531250e+2,-8.803125000e-2,2.300000000e+1,,,
2.860156250e+2,-8.400000000e-2,2.098437500e+1,,,
2.880000000e+2,-8.400000000e-2,2.000000000e+1,,,
2.900000000e+2,-8.406250000e-2,1.899218750e+1,,,
2.899218750e+2,-8.000000000e-2,2.200000000e+1,,,
2.819843750e+2,-8.000000000e-2,1.899218750e+1,,,
2.919687500e+2,-7.609375000e-2,2.299218750e+1,,,
2.880000000e+2,-8.800000000e-2,1.998437500e+1,,,
2.920000000e+2,-8.406250000e-2,2.000000000e+1,,,
2.880312500e+2,-1.001250000e-1,2.000781250e+1,,,
2.840468750e+2,-9.615625000e-2,1.995312500e+1,,,
2.820000000e+2,-9.206250000e-2,2.200000000e+1,,,
2.940000000e+2,-8.403125000e-2,1.899218750e+1,,,
2.859843750e+2,-9.603125000e-2,2.003906250e+1,,,
2.940156250e+2,-9.184375000e-2,2.100781250e+1,,,
2.839375000e+2,-7.993750000e-2,2.200000000e+1,,,
2.840312500e+2,-7.987500000e-2,1.999218750e+1,,,
2.920000000e+2,-9.200000000e-2,2.100000000e+1,,,
2.900000000e+2,-8.403125000e-2,2.100000000e+1,,,
2.940000000e+2,-9.600000000e-2,2.100000000e+1,,,
2.860312500e+2,-8.396875000e-2,2.100000000e+1,,,
2.859375000e+2,-9.196875000e-2,2.000000000e+1,,,
2.899375000e+2,-8.003125000e-2,2.000000000e+1,,,
2.900625000e+2,-9.584375000e-2,2.199218750e+1,,,
2.819375000e+2,-8.796875000e-2,2.100000000e+1,,,
2.861093750e+2,-8.800000000e-2,2.100000000e+1,,,
2.899531250e+2,-7.590625000e-2,2.200000000e+1,,,
2.859375000e+2,-7.606250000e-2,2.200781250e+1,,,
2.860156250e+2,-8.021875000e-2,2.000000000e+1,,,
2.859843750e+2,-8.784375000e-2,2.300000000e+1,,,
2.859531250e+2,-6.803125000e-2,1.900781250e+1,,,
2.880000000e+2,-9.200000000e-2,2.100000000e+1,,,
2.840312500e+2,-9.200000000e-2,1.899218750e+1,,,
2.799531250e+2,-9.190625000e-2,2.200781250e+1,,,
2.859843750e+2,-6.793750000e-2,2.200000000e+1,,,
2.820312500e+2,-7.203125000e-2,2.200000000e+1,,,
2.840000000e+2,-7.187500000e-2,1.901562500e+1,,,
2.841406250e+2,-8.396875000e-2,1.900781250e+1,,,
2.939843750e+2,-8.000000000e-2,1.701562500e+1,,,
2.839062500e+2,-8.003125000e-2,2.201562500e+1,,,
2.880625000e+2,-7.996875000e-2,2.100781250e+1,,,
2.900000000e+2,-7.603125000e-2,2.000000000e+1,,,
2.900000000e+2,-8.003125000e-2,2.100781250e+1,,,
2.900000000e+2,-7.628125000e-2,2.200000000e+1,,,
2.819218750e+2,-7.212500000e-2,2.100000000e+1,,,
2.800000000e+2,-9.209375000e-2,2.100000000e+1,,,
2.880000000e+2,-7.981250000e-2,2.098437500e+1,,,
2.879843750e+2,-8.415625000e-2,2.200000000e+1,,,
2.860000000e+2,-8.803125000e-2,2.100000000e+1,,,
2.839375000e+2,-8.803125000e-2,2.303906250e+1,,,
2.920312500e+2,-9.200000000e-2,1.900000000e+1,,,
2.919843750e+2,-8.796875000e-2,2.201562500e+1,,,
2.899062500e+2,-8.403125000e-2,1.999218750e+1,,,
2.818906250e+2,-8.390625000e-2,2.098437500e+1,,,
2.842031250e+2,-7.603125000e-2,1.900000000e+1,,,
2.940000000e+2,-7.993750000e-2,2.100000000e+1,,,
2.860000000e+2,-6.803125000e-2,1.900000000e+1,,,
2.840156250e+2,-8.409375000e-2,2.000000000e+1,,,
2.919843750e+2,-9.203125000e-2,1.900781250e+1,,,
2.860468750e+2,-8.778125000e-2,1.900000000e+1,,,
2.879843750e+2,-7.203125000e-2,1.900000000e+1,,,
2.878593750e+2,-8.406250000e-2,1.900000000e+1,,,
2.960312500e+2,-7.600000000e-2,1.900000000e+1,,,
2.837656250e+2,-8.006250000e-2,2.001562500e+1,,,
2.840781250e+2,-8.000000000e-2,2.100000000e+1,,,
2.859687500e+2,-7.590625000e-2,1.901562500e+1,,,
2.840468750e+2,-7.200000000e-2,1.900000000e+1,,,
2.900312500e+2,-7.209375000e-2,1.899218750e+1,,,
2.859531250e+2,-7.178125000e-2,1.996875000e+1,,,
2.859843750e+2,-6.400000000e-2,2.103125000e+1,,,
2.839843750e+2,-8.000000000e-2,1.800000000e+1,,,
2.859687500e+2,-7.600000000e-2,2.099218750e+1,,,
2.840312500e+2,-7.596875000e-2,1.997656250e+1,,,
2.779843750e+2,-7.209375000e-2,2.000781250e+1,,,
2.859375000e+2,-8.409375000e-2,2.000000000e+1,,,
2.821093750e+2,-7.590625000e-2,1.800000000e+1,,,
2.798906250e+2,-7.978125000e-2,2.098437500e+1,,,
2.880312500e+2,-8.396875000e-2,2.000781250e+1,,,
2.839531250e+2,-7.593750000e-2,2.100000000e+1,,,
2.860312500e+2,-7.606250000e-2,1.999218750e+1,,,
2.859843750e+2,-7.596875000e-2,2.099218750e+1,,,
2.820000000e+2,-7.200000000e-2,2.100000000e+1,,,
2.800156250e+2,-7.596875000e-2,2.098437500e+1,,,
2.880000000e+2,-8.000000000e-2,1.801562500e+1,,,
2.799843750e+2,-8.003125000e-2,1.800000000e+1,,,
2.840000000e+2,-8.418750000e-2,1.900000000e+1,,,
2.860000000e+2,-8.775000000e-2,2.299218750e+1,,,
2.840000000e+2,-6.771875000e-2,2.003906250e+1,,,
2.780000000e+2,-7.631250000e-2,1.900000000e+1,,,
2.839687500e+2,-8.400000000e-2,2.199218750e+1,,,
2.859843750e+2,-7.990625000e-2,1.999218750e+1,,,
2.860000000e+2,-6.796875000e-2,2.200000000e+1,,,
2.839375000e+2,-6.809375000e-2,1.797656250e+1,,,
2.800625000e+2,-7.603125000e-2,1.800000000e+1,,,
2.879687500e+2,-7.196875000e-2,1.803125000e+1,,,
2.759531250e+2,-7.600000000e-2,2.200000000e+1,,,
2.838437500e+2,-7.584375000e-2,1.800000000e+1,,,
2.840937500e+2,-8.012500000e-2,2.096875000e+1,,,
2.799843750e+2,-6.803125000e-2,1.900000000e+1,,,
2.858125000e+2,-7.590625000e-2,1.799218750e+1,,,
2.881093750e+2,-7.209375000e-2,1.799218750e+1,,,
2.839375000e+2,-6.787500000e-2,2.000000000e+1,,,
2.899218750e+2,-7.587500000e-2,2.198437500e+1,,,
2.859531250e+2,-7.209375000e-2,2.302343750e+1,,,
2.839843750e+2,-7.196875000e-2,2.000781250e+1,,,
2.840312500e+2,-7.600000000e-2,2.100781250e+1,,,
2.919843750e+2,-7.600000000e-2,2.099218750e+1,,,
2.819062500e+2,-7.600000000e-2,2.300000000e+1,,,
2.840312500e+2,-6.400000000e-2,1.900000000e+1,,,
2.920000000e+2,-7.575000000e-2,2.202343750e+1,,,
2.821718750e+2,-7.206250000e-2,1.800000000e+1,,,
2.819375000e+2,-7.590625000e-2,2.099218750e+1,,,
2.879687500e+2,-8.006250000e-2,1.699218750e+1,,,
2.880781250e+2,-7.203125000e-2,2.000000000e+1,,,
2.799843750e+2,-7.581250000e-2,1.697656250e+1,,,
2.879218750e+2,-9.212500000e-2,1.900000000e+1,,,
2.859687500e+2,-7.231250000e-2,2.000000000e+1,,,
2.859375000e+2,-7.193750000e-2,1.901562500e+1,,,
2.799843750e+2,-7.200000000e-2,2.200781250e+1,,,
2.839531250e+2,-7.600000000e-2,1.900000000e+1,,,
2.760156250e+2,-8.800000000e-2,1.803906250e+1,,,
2.879687500e+2,-8.406250000e-2,2.302343750e+1,,,
2.820000000e+2,-8.012500000e-2,2.003906250e+1,,,
2.819843750e+2,-7.603125000e-2,1.900000000e+1,,,
2.780156250e+2,-6.800000000e-2,2.100000000e+1,,,
2.779687500e+2,-6.400000000e-2,2.000781250e+1,,,
2.840000000e+2,-8.390625000e-2,1.900781250e+1,,,
2.820156250e+2,-8.796875000e-2,1.699218750e+1,,,
2.799843750e+2,-7.600000000e-2,1.693750000e+1,,,
2.820000000e+2,-7.596875000e-2,1.999218750e+1,,,
2.820000000e+2,-7.603125000e-2,1.596875000e+1,,,
2.800000000e+2,-7.593750000e-2,1.800781250e+1,,,
2.839687500e+2,-8.000000000e-2,1.796875000e+1,,,
2.780000000e+2,-7.203125000e-2,1.601562500e+1,,,
2.840000000e+2,-7.206250000e-2,1.899218750e+1,,,
2.760000000e+2,-6.396875000e-2,1.800000000e+1,,,
2.780000000e+2,-7.587500000e-2,2.000000000e+1,,,
2.759843750e+2,-7.206250000e-2,1.800000000e+1,,,
2.820000000e+2,-6.803125000e-2,1.800000000e+1,,,
2.799687500e+2,-6.400000000e-2,1.900000000e+1,,,
2.880000000e+2,-7.600000000e-2,1.900000000e+1,,,
2.800468750e+2,-8.400000000e-2,2.000000000e+1,,,
2.820625000e+2,-7.628125000e-2,1.801562500e+1,,,
2.740468750e+2,-7.200000000e-2,1.900781250e+1,,,
2.860937500e+2,-7.203125000e-2,2.100781250e+1,,,
2.798437500e+2,-8.000000000e-2,1.599218750e+1,,,
2.760781250e+2,-6.803125000e-2,1.900000000e+1,,,
2.840156250e+2,-8.803125000e-2,1.700000000e+1,,,
2.779375000e+2,-7.209375000e-2,1.798437500e+1,,,
2.799375000e+2,-7.978125000e-2,2.000000000e+1,,,
2.820000000e+2,-8.412500000e-2,1.697656250e+1,,,
2.800156250e+2,-6.796875000e-2,1.498437500e+1,,,
2.780156250e+2,-8.003125000e-2,1.505468750e+1,,,
2.739687500e+2,-6.396875000e-2,1.901562500e+1,,,
2.819062500e+2,-7.193750000e-2,2.000000000e+1,,,
2.801406250e+2,-7.996875000e-2,1.998437500e+1,,,
2.740000000e+2,-8.000000000e-2,1.700000000e+1,,,
2.780000000e+2,-8.000000000e-2,1.800000000e+1,,,
2.740156250e+2,-7.200000000e-2,1.699218750e+1,,,
2.840156250e+2,-7.600000000e-2,1.799218750e+1,,,
2.800000000e+2,-7.200000000e-2,1.799218750e+1,,,
2.820000000e+2,-6.800000000e-2,1.899218750e+1,,,
2.760000000e+2,-7.200000000e-2,1.700000000e+1,,,
2.760000000e+2,-7.593750000e-2,1.797656250e+1,,,
2.760156250e+2,-8.400000000e-2,1.900000000e+1,,,
2.720156250e+2,-7.203125000e-2,1.700000000e+1,,,
2.719531250e+2,-7.600000000e-2,1.900000000e+1,,,
2.799687500e+2,-6.800000000e-2,1.500781250e+1,,,
2.800156250e+2,-7.593750000e-2,1.600000000e+1,,,
2.780312500e+2,-7.603125000e-2,1.400000000e+1,,,
2.720000000e+2,-7.600000000e-2,1.507812500e+1,,,
2.760625000e+2,-7.200000000e-2,1.994531250e+1,,,
2.779531250e+2,-6.806250000e-2,1.397656250e+1,,,
2.739687500e+2,-8.403125000e-2,1.803125000e+1,,,
2.780781250e+2,-7.606250000e-2,1.596875000e+1,,,
2.820156250e+2,-7.200000000e-2,1.696875000e+1,,,
2.740156250e+2,-7.200000000e-2,1.898437500e+1,,,
2.779843750e+2,-7.200000000e-2,1.898437500e+1,,,
2.779843750e+2,-7.200000000e-2,1.700781250e+1,,,
2.799843750e+2,-7.200000000e-2,1.597656250e+1,,,
2.761562500e+2,-7.600000000e-2,1.900000000e+1,,,
2.699531250e+2,-7.206250000e-2,1.801562500e+1,,,
2.781093750e+2,-7.200000000e-2,1.800781250e+1,,,
2.759062500e+2,-7.600000000e-2,1.700000000e+1,,,
2.719375000e+2,-7.600000000e-2,1.900000000e+1,,,
2.680625000e+2,-8.003125000e-2,1.700000000e+1,,,
2.780781250e+2,-7.590625000e-2,1.902343750e+1,,,
2.760000000e+2,-6.800000000e-2,1.900781250e+1,,,
2.820468750e+2,-6.803125000e-2,1.703906250e+1,,,
2.800937500e+2,-6.396875000e-2,1.600000000e+1,,,
2.740000000e+2,-7.200000000e-2,1.700000000e+1,,,
2.779375000e+2,-6.803125000e-2,1.800000000e+1,,,
2.779843750e+2,-8.009375000e-2,1.796875000e+1,,,
2.760781250e+2,-8.800000000e-2,1.600000000e+1,,,
2.680937500e+2,-8.015625000e-2,1.800000000e+1,,,
2.701093750e+2,-6.803125000e-2,1.499218750e+1,,,
2.780312500e+2,-7.596875000e-2,1.600000000e+1,,,
2.759218750e+2,-8.000000000e-2,1.900000000e+1,,,
2.699687500e+2,-6.800000000e-2,1.899218750e+1,,,
2.720156250e+2,-8.000000000e-2,1.698437500e+1,,,
2.760000000e+2,-6.800000000e-2,1.500000000e+1,,,
2.739843750e+2,-7.193750000e-2,1.498437500e+1,,,
2.719687500e+2,-7.600000000e-2,1.800000000e+1,,,
2.699843750e+2,-8.400000000e-2,1.602343750e+1,,,
2.739687500e+2,-7.190625000e-2,1.500000000e+1,,,
2.780000000e+2,-7.615625000e-2,1.600781250e+1,,,
2.760468750e+2,-7.990625000e-2,1.700000000e+1,,,
2.660156250e+2,-6.378125000e-2,1.599218750e+1,,,
2.699375000e+2,-5.968750000e-2,1.795312500e+1,,,
2.680000000e+2,-7.593750000e-2,1.701562500e+1,,,
2.660000000e+2,-7.600000000e-2,1.399218750e+1,,,
2.680312500e+2,-7.600000000e-2,1.605468750e+1,,,
2.699687500e+2,-7.593750000e-2,1.698437500e+1,,,
2.700156250e+2,-7.206250000e-2,1.400000000e+1,,,
2.760000000e+2,-8.400000000e-2,1.400000000e+1,,,
2.700000000e+2,-7.603125000e-2,1.500000000e+1,,,
2.760000000e+2,-8.000000000e-2,1.599218750e+1,,,
2.680000000e+2,-7.593750000e-2,1.699218750e+1,,,
2.679531250e+2,-6.390625000e-2,1.500000000e+1,,,
2.779062500e+2,-6.821875000e-2,1.400000000e+1,,,
2.761093750e+2,-8.003125000e-2,1.400000000e+1,,,
2.700000000e+2,-7.206250000e-2,1.400000000e+1,,,
2.720625000e+2,-7.193750000e-2,1.299218750e+1,,,
2.719375000e+2,-6.000000000e-2,1.501562500e+1,,,
2.659062500e+2,-7.215625000e-2,1.700000000e+1,,,
2.661093750e+2,-7.196875000e-2,1.500781250e+1,,,
2.740937500e+2,-7.196875000e-2,1.400000000e+1,,,
2.738593750e+2,-6.793750000e-2,1.499218750e+1,,,
2.659218750e+2,-6.396875000e-2,1.400781250e+1,,,
2.760625000e+2,-7.600000000e-2,1.300000000e+1,,,
2.620000000e+2,-8.015625000e-2,1.401562500e+1,,,
2.738750000e+2,-5.996875000e-2,1.600000000e+1,,,
2.740625000e+2,-7.212500000e-2,1.500000000e+1,,,
2.680468750e+2,-7.203125000e-2,1.500000000e+1,,,
2.660625000e+2,-7.593750000e-2,1.500781250e+1,,,
2.640781250e+2,-7.603125000e-2,1.400000000e+1,,,
2.721250000e+2,-6.800000000e-2,1.402343750e+1,,,
2.719062500e+2,-7.603125000e-2,1.599218750e+1,,,
2.659843750e+2,-6.790625000e-2,1.300000000e+1,,,
2.680000000e+2,-6.800000000e-2,1.501562500e+1,,,
2.680156250e+2,-6.803125000e-2,1.500000000e+1,,,
2.740000000e+2,-7.590625000e-2,1.498437500e+1,,,
2.619687500e+2,-7.600000000e-2,1.700000000e+1,,,
2.720000000e+2,-7.590625000e-2,1.700000000e+1,,,
2.700000000e+2,-6.790625000e-2,1.602343750e+1,,,
2.619687500e+2,-6.812500000e-2,1.300000000e+1,,,
2.640000000e+2,-7.190625000e-2,1.200000000e+1,,,
2.619375000e+2,-6.403125000e-2,1.496875000e+1,,,
2.700156250e+2,-7.600000000e-2,1.400000000e+1,,,
2.660156250e+2,-7.196875000e-2,1.299218750e+1,,,
2.760625000e+2,-6.796875000e-2,1.300781250e+1,,,
2.698281250e+2,-6.406250000e-2,1.500781250e+1,,,
2.660156250e+2,-7.209375000e-2,1.399218750e+1,,,
2.700156250e+2,-7.606250000e-2,1.500000000e+1,,,
2.700000000e+2,-8.012500000e-2,1.400000000e+1,,,
2.679531250e+2,-6.800000000e-2,1.500000000e+1,,,
2.600000000e+2,-8.009375000e-2,1.501562500e+1,,,
2.659375000e+2,-7.178125000e-2,1.300000000e+1,,,
2.679843750e+2,-6.409375000e-2,1.400000000e+1,,,
2.679531250e+2,-7.609375000e-2,1.300000000e+1,,,
2.700468750e+2,-7.200000000e-2,1.300000000e+1,,,
2.618906250e+2,-6.809375000e-2,1.300781250e+1,,,
2.620000000e+2,-7.593750000e-2,1.400000000e+1,,,
2.620312500e+2,-6.409375000e-2,1.201562500e+1,,,
2.680000000e+2,-8.003125000e-2,1.300000000e+1,,,
2.640312500e+2,-6.378125000e-2,1.499218750e+1,,,
2.699843750e+2,-7.218750000e-2,1.400000000e+1,,,
2.619375000e+2,-7.200000000e-2,1.402343750e+1,,,
2.659375000e+2,-7.600000000e-2,1.100000000e+1,,,
2.680000000e+2,-6.400000000e-2,1.199218750e+1,,,
2.660156250e+2,-6.409375000e-2,1.197656250e+1,,,
2.640000000e+2,-7.203125000e-2,1.100781250e+1,,,
2.660000000e+2,-6.800000000e-2,1.400000000e+1,,,
2.659375000e+2,-6.793750000e-2,1.400000000e+1,,,
2.719843750e+2,-6.396875000e-2,1.401562500e+1,,,
2.658750000e+2,-7.612500000e-2,1.200000000e+1,,,
2.620468750e+2,-8.400000000e-2,1.400000000e+1,,,
2.680312500e+2,-7.578125000e-2,1.399218750e+1,,,
2.639687500e+2,-6.800000000e-2,1.300781250e+1,,,
2.600000000e+2,-7.203125000e-2,1.200000000e+1,,,
2.640156250e+2,-7.196875000e-2,1.299218750e+1,,,
2.640000000e+2,-8.396875000e-2,1.098437500e+1,,,
2.639843750e+2,-6.781250000e-2,1.499218750e+1,,,
2.600000000e+2,-7.212500000e-2,1.200000000e+1,,,
2.600000000e+2,-7.203125000e-2,1.299218750e+1,,,
2.620000000e+2,-7.171875000e-2,1.299218750e+1,,,
2.540000000e+2,-6.009375000e-2,1.500000000e+1,,,
2.639687500e+2,-7.600000000e-2,1.501562500e+1,,,
2.620156250e+2,-7.193750000e-2,1.303906250e+1,,,
2.600000000e+2,-7.200000000e-2,9.015625000e+0,,,
2.619687500e+2,-6.796875000e-2,1.403125000e+1,,,
2.559531250e+2,-7.221875000e-2,1.300000000e+1,,,
2.600625000e+2,-7.996875000e-2,1.300781250e+1,,,
2.660312500e+2,-6.793750000e-2,1.300000000e+1,,,
2.641562500e+2,-6.365625000e-2,1.200000000e+1,,,
2.560468750e+2,-7.206250000e-2,1.396875000e+1,,,
2.599062500e+2,-6.006250000e-2,1.500000000e+1,,,
2.639062500e+2,-6.796875000e-2,1.399218750e+1,,,
2.642343750e+2,-6.396875000e-2,1.299218750e+1,,,
2.540000000e+2,-7.206250000e-2,1.300000000e+1,,,
2.618593750e+2,-5.650000000e-2,1.099218750e+1,,,
2.599843750e+2,-5.971875000e-2,1.396875000e+1,,,
2.619843750e+2,-7.206250000e-2,1.399218750e+1,,,
2.580312500e+2,-6.000000000e-2,1.499218750e+1,,,
2.720156250e+2,-7.196875000e-2,1.200781250e+1,,,
2.639062500e+2,-6.800000000e-2,1.200000000e+1,,,
2.619843750e+2,-5.600000000e-2,1.300000000e+1,,,
2.600000000e+2,-7.921875000e-2,1.204687500e+1,,,
2.560468750e+2,-8.415625000e-2,1.100000000e+1,,,
2.559531250e+2,-7.603125000e-2,1.200781250e+1,,,
2.599843750e+2,-7.606250000e-2,1.096875000e+1,,,
2.580781250e+2,-6.400000000e-2,8.992187500e+0,,,
2.539062500e+2,-7.584375000e-2,1.003906250e+1,,,
2.640156250e+2,-8.028125000e-2,1.400000000e+1,,,
2.560156250e+2,-6.418750000e-2,1.000000000e+1,,,
2.680781250e+2,-6.787500000e-2,9.976562500e+0,,,
2.619687500e+2,-7.203125000e-2,9.046875000e+0,,,
2.620312500e+2,-6.000000000e-2,1.700000000e+1,,,
2.640000000e+2,-5.600000000e-2,1.192968750e+1,,,
2.620468750e+2,-6.393750000e-2,1.003125000e+1,,,
2.520000000e+2,-7.546875000e-2,1.298437500e+1,,,
2.579843750e+2,-8.412500000e-2,1.200000000e+1,,,
2.499843750e+2,-6.800000000e-2,1.200000000e+1,,,
2.599687500e+2,-8.000000000e-2,1.200781250e+1,,,
2.560000000e+2,-7.606250000e-2,1.000000000e+1,,,
2.540000000e+2,-6.800000000e-2,1.200781250e+1,,,
2.539843750e+2,-7.200000000e-2,1.197656250e+1,,,
2.560000000e+2,-6.400000000e-2,1.298437500e+1,,,
2.580000000e+2,-7.196875000e-2,8.960937500e+0,,,
2.560000000e+2,-6.796875000e-2,1.000781250e+1,,,
2.580468750e+2,-8.000000000e-2,1.200000000e+1,,,
2.599687500e+2,-7.606250000e-2,1.098437500e+1,,,
2.520156250e+2,-6.406250000e-2,1.100000000e+1,,,
2.540000000e+2,-6.396875000e-2,1.000781250e+1,,,
2.520000000e+2,-6.787500000e-2,1.000781250e+1,,,
2.559687500e+2,-7.209375000e-2,1.200000000e+1,,,
2.580625000e+2,-6.003125000e-2,8.000000000e+0,,,
2.519843750e+2,-6.800000000e-2,9.023437500e+0,,,
2.599531250e+2,-6.400000000e-2,1.400000000e+1,,,
2.560156250e+2,-6.800000000e-2,1.000000000e+1,,,
2.580625000e+2,-7.628125000e-2,8.984375000e+0,,,
2.499843750e+2,-6.400000000e-2,1.100781250e+1,,,
2.581093750e+2,-7.200000000e-2,1.200000000e+1,,,
2.579375000e+2,-6.400000000e-2,1.100000000e+1,,,
2.539687500e+2,-6.800000000e-2,1.200000000e+1,,,
2.540000000e+2,-6.403125000e-2,1.100000000e+1,,,
2.519687500e+2,-7.200000000e-2,1.100000000e+1,,,
2.519687500e+2,-7.203125000e-2,1.000781250e+1,,,
2.558750000e+2,-7.203125000e-2,1.099218750e+1,,,
2.600156250e+2,-7.196875000e-2,8.984375000e+0,,,
2.520312500e+2,-7.600000000e-2,1.004687500e+1,,,
2.519218750e+2,-7.196875000e-2,1.200000000e+1,,,
2.599375000e+2,-6.803125000e-2,1.100000000e+1,,,
2.580937500e+2,-6.415625000e-2,1.000000000e+1,,,
2.539687500e+2,-6.396875000e-2,1.200000000e+1,,,
2.540000000e+2,-7.600000000e-2,1.098437500e+1,,,
2.540156250e+2,-6.800000000e-2,8.976562500e+0,,,
2.559843750e+2,-6.400000000e-2,7.992187500e+0,,,
2.520156250e+2,-6.800000000e-2,1.098437500e+1,,,
2.500000000e+2,-6.400000000e-2,1.096875000e+1,,,
2.540000000e+2,-7.203125000e-2,9.000000000e+0,,,
2.480156250e+2,-6.796875000e-2,1.098437500e+1,,,
2.479843750e+2,-8.000000000e-2,1.000000000e+1,,,
2.520156250e+2,-6.806250000e-2,9.000000000e+0,,,
2.420312500e+2,-6.415625000e-2,1.000000000e+1,,,
2.499531250e+2,-8.000000000e-2,8.007812500e+0,,,
2.540312500e+2,-6.409375000e-2,7.937500000e+0,,,
2.539843750e+2,-7.584375000e-2,1.200000000e+1,,,
2.580000000e+2,-7.615625000e-2,1.100000000e+1,,,
2.519062500e+2,-6.000000000e-2,1.193750000e+1,,,
2.440156250e+2,-7.209375000e-2,6.992187500e+0,,,
2.500312500e+2,-8.400000000e-2,1.003906250e+1,,,
2.479687500e+2,-6.809375000e-2,8.976562500e+0,,,
2.499843750e+2,-6.000000000e-2,8.000000000e+0,,,
2.499843750e+2,-6.393750000e-2,8.984375000e+0,,,
2.539843750e+2,-6.800000000e-2,9.992187500e+0,,,
2.520625000e+2,-6.403125000e-2,9.000000000e+0,,,
2.480468750e+2,-7.200000000e-2,9.000000000e+0,,,
2.478750000e+2,-6.406250000e-2,8.000000000e+0,,,
2.539843750e+2,-5.993750000e-2,8.968750000e+0,,,
2.457968750e+2,-6.800000000e-2,1.000781250e+1,,,
2.442187500e+2,-6.800000000e-2,7.992187500e+0,,,
2.580000000e+2,-6.409375000e-2,8.984375000e+0,,,
2.458750000e+2,-7.590625000e-2,1.100000000e+1,,,
2.480156250e+2,-5.596875000e-2,7.960937500e+0,,,
2.460468750e+2,-7.618750000e-2,6.984375000e+0,,,
2.519843750e+2,-7.615625000e-2,1.096093750e+1,,,
2.440468750e+2,-6.806250000e-2,8.984375000e+0,,,
2.479375000e+2,-7.196875000e-2,7.000000000e+0,,,
2.480468750e+2,-8.000000000e-2,9.000000000e+0,,,
2.479375000e+2,-6.796875000e-2,9.000000000e+0,,,
2.559687500e+2,-7.200000000e-2,8.984375000e+0,,,
2.501250000e+2,-6.012500000e-2,5.992187500e+0,,,
2.480156250e+2,-5.984375000e-2,8.000000000e+0,,,
2.480000000e+2,-7.196875000e-2,6.000000000e+0,,,
2.439218750e+2,-6.800000000e-2,8.000000000e+0,,,
2.420625000e+2,-8.403125000e-2,1.000000000e+1,,,
2.540312500e+2,-7.593750000e-2,7.984375000e+0,,,
2.500000000e+2,-6.800000000e-2,7.000000000e+0,,,
2.479843750e+2,-7.200000000e-2,6.992187500e+0,,,
2.460000000e+2,-7.200000000e-2,8.000000000e+0,,,
2.460000000e+2,-7.596875000e-2,8.015625000e+0,,,
2.460000000e+2,-5.990625000e-2,6.000000000e+0,,,
2.460000000e+2,-6.812500000e-2,8.000000000e+0,,,
2.480000000e+2,-7.606250000e-2,7.000000000e+0,,,
2.440156250e+2,-7.587500000e-2,9.984375000e+0,,,
2.440156250e+2,-6.778125000e-2,8.046875000e+0,,,
2.380000000e+2,-8.003125000e-2,7.007812500e+0,,,
2.420000000e+2,-5.996875000e-2,6.000000000e+0,,,
2.480000000e+2,-7.200000000e-2,8.007812500e+0,,,
2.439218750e+2,-5.578125000e-2,6.992187500e+0,,,
2.420000000e+2,-4.803125000e-2,8.000000000e+0,,,
2.480312500e+2,-4.396875000e-2,8.007812500e+0,,,
2.500000000e+2,-4.403125000e-2,1.000000000e+1,,,
2.420000000e+2,-3.990625000e-2,1.196875000e+1,,,
2.460000000e+2,-1.584375000e-2,1.799218750e+1,,,
2.459843750e+2,3.125000000e-5,2.100000000e+1,,,
2.500312500e+2,8.218750000e-3,2.994531250e+1,,,
2.440312500e+2,1.990625000e-2,3.400000000e+1,,,
2.479687500e+2,-1.543750000e-2,4.693750000e+1,,,
2.500468750e+2,-1.178125000e-2,4.996875000e+1,,,
2.540000000e+2,-6.012500000e-2,5.503125000e+1,,,
2.540312500e+2,-1.247187500e-1,5.799218750e+1,,,
2.580937500e+2,-2.128750000e-1,5.303906250e+1,,,
2.599375000e+2,-2.888750000e-1,4.800000000e+1,,,
2.539375000e+2,-3.279687500e-1,3.702343750e+1,,,
2.558281250e+2,-3.677500000e-1,2.905468750e+1,,,
2.620625000e+2,-3.840000000e-1,2.200000000e+1,,,
2.500468750e+2,-3.363437500e-1,1.401562500e+1,,,
2.478906250e+2,-2.156875000e-1,1.599218750e+1,,,
2.599062500e+2,-1.201250000e-1,1.300000000e+1,,,
2.561718750e+2,-3.128125000e-2,1.400000000e+1,,,
2.441718750e+2,6.231250000e-2,1.901562500e+1,,,
2.462656250e+2,1.948125000e-1,1.400000000e+1,,,
2.620781250e+2,3.653750000e-1,1.803125000e+1,,,
2.580000000e+2,5.495312500e-1,1.800000000e+1,,,
2.699843750e+2,7.334687500e-1,1.798437500e+1,,,
2.700781250e+2,9.094687500e-1,2.099218750e+1,,,
2.900937500e+2,1.068093750e+0,2.504687500e+1,,,
2.940000000e+2,1.173375000e+0,3.389843750e+1,,,
3.080468750e+2,1.239968750e+0,4.300000000e+1,,,
3.200000000e+2,1.272062500e+0,4.900000000e+1,,,
3.300000000e+2,1.267843750e+0,5.690625000e+1,,,
3.340781250e+2,1.267968750e+0,6.500000000e+1,,,
3.520000000e+2,1.264031250e+0,6.700000000e+1,,,
3.580312500e+2,1.264000000e+0,7.189843750e+1,,,
3.600312500e+2,1.240000000e+0,7.300000000e+1,,,
3.660000000e+2,1.219687500e+0,7.801562500e+1,,,
3.680312500e+2,1.159875000e+0,7.900781250e+1,,,
3.739843750e+2,1.123468750e+0,7.999218750e+1,,,
3.742031250e+2,1.075593750e+0,8.004687500e+1,,,
3.920468750e+2,1.019937500e+0,8.399218750e+1,,,
3.880000000e+2,9.524062500e-1,8.201562500e+1,,,
3.880156250e+2,8.873437500e-1,7.897656250e+1,,,
3.919843750e+2,7.879062500e-1,7.700000000e+1,,,
3.920312500e+2,6.831250000e-1,7.004687500e+1,,,
3.919843750e+2,5.669375000e-1,6.497656250e+1,,,
3.961093750e+2,4.519375000e-1,6.496875000e+1,,,
3.840468750e+2,3.640000000e-1,6.100781250e+1,,,
3.900937500e+2,2.920625000e-1,5.900781250e+1,,,
3.859375000e+2,2.359062500e-1,5.602343750e+1,,,
3.880312500e+2,1.753750000e-1,5.204687500e+1,,,
3.920937500e+2,1.517812500e-1,4.800000000e+1,,,
3.938750000e+2,1.111875000e-1,4.700000000e+1,,,
3.860156250e+2,9.971875000e-2,4.700781250e+1,,,
3.960937500e+2,8.800000000e-2,4.502343750e+1,,,
3.940312500e+2,1.160000000e-1,4.400000000e+1,,,
3.940000000e+2,1.520000000e-1,4.497656250e+1,,,
3.920000000e+2,2.079687500e-1,4.900000000e+1,,,
3.920156250e+2,2.646250000e-1,4.799218750e+1,,,
3.880312500e+2,3.508437500e-1,5.200000000e+1,,,
3.899218750e+2,4.125625000e-1,5.200000000e+1,,,
3.940312500e+2,5.012187500e-1,5.599218750e+1,,,
3.899843750e+2,5.880312500e-1,5.503125000e+1,,,
3.960625000e+2,6.442500000e-1,5.600000000e+1,,,
3.980156250e+2,6.846875000e-1,6.102343750e+1,,,
3.999843750e+2,7.242500000e-1,6.501562500e+1,,,
3.940000000e+2,7.278125000e-1,6.600000000e+1,,,
3.920000000e+2,7.121250000e-1,7.100781250e+1,,,
3.940000000e+2,6.918125000e-1,6.800000000e+1,,,
3.920000000e+2,6.470625000e-1,7.398437500e+1,,,
3.960000000e+2,5.829062500e-1,7.300000000e+1,,,
3.900000000e+2,5.138125000e-1,7.700000000e+1,,,
3.960000000e+2,4.371562500e-1,7.301562500e+1,,,
3.899531250e+2,3.657500000e-1,7.700000000e+1,,,
3.859843750e+2,2.920000000e-1,7.703906250e+1,,,
3.939531250e+2,2.239687500e-1,7.402343750e+1,,,
3.980000000e+2,1.635937500e-1,7.203125000e+1,,,
3.939687500e+2,1.201250000e-1,7.299218750e+1,,,
3.960156250e+2,7.912500000e-2,6.700000000e+1,,,
3.959843750e+2,1.918750000e-2,6.603906250e+1,,,
3.960312500e+2,-1.162500000e-2,6.500000000e+1,,,
3.980781250e+2,-4.228125000e-2,5.900000000e+1,,,
3.919062500e+2,-8.368750000e-2,5.798437500e+1,,,
4.020312500e+2,-8.806250000e-2,5.700000000e+1,,,
3.881562500e+2,-1.077187500e-1,5.597656250e+1,,,
3.938437500e+2,-1.280000000e-1,5.102343750e+1,,,
3.920468750e+2,-1.281562500e-1,4.800000000e+1,,,
3.959062500e+2,-1.238125000e-1,4.697656250e+1,,,
3.939531250e+2,-1.281250000e-1,4.998437500e+1,,,
3.899843750e+2,-1.080625000e-1,4.900000000e+1,,,
3.920156250e+2,-9.612500000e-2,5.000000000e+1,,,
3.939843750e+2,-7.625000000e-2,5.098437500e+1,,,
3.879687500e+2,-3.600000000e-2,5.400000000e+1,,,
3.900000000e+2,4.000000000e-3,5.400000000e+1,,,
3.900000000e+2,2.315625000e-2,5.694531250e+1,,,
3.940156250e+2,5.150000000e-2,5.700000000e+1,,,
3.900312500e+2,8.368750000e-2,6.303906250e+1,,,
3.939687500e+2,1.160312500e-1,6.401562500e+1,,,
3.980156250e+2,1.397812500e-1,6.800781250e+1,,,
3.959843750e+2,1.720625000e-1,6.697656250e+1,,,
3.980312500e+2,1.716875000e-1,6.700000000e+1,,,
3.919218750e+2,1.956250000e-1,6.800000000e+1,,,
3.941250000e+2,2.000937500e-1,7.099218750e+1,,,
4.020000000e+2,1.920312500e-1,6.798437500e+1,,,
3.959375000e+2,1.920000000e-1,6.800000000e+1,,,
3.939843750e+2,1.600000000e-1,6.499218750e+1,,,
3.940156250e+2,1.399375000e-1,6.805468750e+1,,,
3.880000000e+2,1.058750000e-1,6.900781250e+1,,,
3.960000000e+2,6.396875000e-2,6.600000000e+1,,,
3.880468750e+2,2.800000000e-2,6.399218750e+1,,,
3.839687500e+2,-2.000000000e-2,6.500781250e+1,,,
3.960000000e+2,-5.971875000e-2,6.100781250e+1,,,
3.880468750e+2,-9.228125000e-2,6.200781250e+1,,,
3.839687500e+2,-1.280000000e-1,6.300781250e+1,,,
3.860000000e+2,-1.438125000e-1,5.996875000e+1,,,
3.839843750e+2,-1.559375000e-1,5.598437500e+1,,,
3.880156250e+2,-1.560312500e-1,5.700781250e+1,,,
3.899843750e+2,-1.560000000e-1,5.799218750e+1,,,
3.900000000e+2,-1.481562500e-1,5.392187500e+1,,,
3.900156250e+2,-1.200312500e-1,5.200781250e+1,,,
3.840000000e+2,-1.086250000e-1,5.196875000e+1,,,
3.859843750e+2,-8.446875000e-2,5.600781250e+1,,,
3.800000000e+2,-5.609375000e-2,5.500000000e+1,,,
3.859062500e+2,-3.212500000e-2,5.400000000e+1,,,
3.919843750e+2,-2.400000000e-2,5.500000000e+1,,,
3.880625000e+2,8.000000000e-3,5.500000000e+1,,,
3.860156250e+2,1.200000000e-2,5.500000000e+1,,,
3.840312500e+2,3.106250000e-2,5.599218750e+1,,,
3.840312500e+2,4.400000000e-2,5.800781250e+1,,,
3.901250000e+2,4.403125000e-2,5.897656250e+1,,,
3.959687500e+2,5.203125000e-2,6.300781250e+1,,,
3.878593750e+2,5.600000000e-2,6.199218750e+1,,,
3.860781250e+2,5.193750000e-2,6.099218750e+1,,,
3.940625000e+2,4.390625000e-2,6.296875000e+1,,,
3.921406250e+2,5.606250000e-2,6.799218750e+1,,,
3.820781250e+2,3.603125000e-2,6.499218750e+1,,,
3.859687500e+2,4.396875000e-2,6.699218750e+1,,,
3.900000000e+2,2.803125000e-2,6.397656250e+1,,,
3.839531250e+2,3.593750000e-2,6.700781250e+1,,,
3.959531250e+2,1.603125000e-2,6.600000000e+1,,,
3.881406250e+2,2.412500000e-2,6.400000000e+1,,,
3.900937500e+2,4.093750000e-3,6.600000000e+1,,,
3.960156250e+2,-4.000000000e-3,6.198437500e+1,,,
3.939687500e+2,-1.200000000e-2,6.301562500e+1,,,
3.919687500e+2,-2.415625000e-2,6.101562500e+1,,,
3.880468750e+2,-5.200000000e-2,5.901562500e+1,,,
3.800000000e+2,-6.006250000e-2,5.596875000e+1,,,
3.760000000e+2,-7.603125000e-2,5.400000000e+1,,,
3.839687500e+2,-8.396875000e-2,5.897656250e+1,,,
3.819843750e+2,-1.040000000e-1,5.600000000e+1,,,
3.879843750e+2,-1.040000000e-1,5.499218750e+1,,,
3.839687500e+2,-1.080000000e-1,5.698437500e+1,,,
3.900156250e+2,-1.040000000e-1,5.600781250e+1,,,
3.800625000e+2,-1.041250000e-1,5.500781250e+1,,,
3.839531250e+2,-7.596875000e-2,5.600000000e+1,,,
3.900000000e+2,-8.393750000e-2,5.899218750e+1,,,
3.819687500e+2,-5.600000000e-2,5.592968750e+1,,,
3.880312500e+2,-4.784375000e-2,5.602343750e+1,,,
3.859843750e+2,-1.581250000e-2,5.800000000e+1,,,
3.900312500e+2,-1.562500000e-4,5.699218750e+1,,,
3.880156250e+2,2.321875000e-2,5.896875000e+1,,,
3.840000000e+2,3.606250000e-2,6.000781250e+1,,,
3.859843750e+2,4.787500000e-2,5.898437500e+1,,,
3.880937500e+2,6.403125000e-2,5.998437500e+1,,,
3.799531250e+2,5.600000000e-2,6.299218750e+1,,,
3.899531250e+2,6.400000000e-2,6.300000000e+1,,,
3.821406250e+2,5.196875000e-2,6.301562500e+1,,,
3.861250000e+2,6.400000000e-2,6.198437500e+1,,,
3.900625000e+2,5.200000000e-2,6.500781250e+1,,,
3.899218750e+2,3.603125000e-2,6.401562500e+1,,,
3.819843750e+2,2.815625000e-2,6.000000000e+1,,,
3.880937500e+2,3.178125000e-2,6.403125000e+1,,,
3.879843750e+2,-1.250000000e-4,6.400000000e+1,,,
3.879843750e+2,3.843750000e-3,6.402343750e+1,,,
3.860156250e+2,3.968750000e-3,6.199218750e+1,,,
3.859687500e+2,4.031250000e-3,6.300000000e+1,,,
3.860312500e+2,-4.000000000e-3,6.300000000e+1,,,
3.820000000e+2,4.000000000e-3,6.095312500e+1,,,
3.820468750e+2,-4.000000000e-3,5.900000000e+1,,,
3.779218750e+2,3.968750000e-3,6.198437500e+1,,,
3.880781250e+2,3.125000000e-5,5.796875000e+1,,,
3.859218750e+2,3.968750000e-3,5.500000000e+1,,,
3.840156250e+2,4.000000000e-3,5.800000000e+1,,,
3.880312500e+2,2.006250000e-2,5.700000000e+1,,,
3.859687500e+2,2.003125000e-2,5.800000000e+1,,,
3.820000000e+2,3.200000000e-2,5.800000000e+1,,,
3.779843750e+2,3.187500000e-2,5.599218750e+1,,,
3.780312500e+2,3.600000000e-2,5.900000000e+1,,,
3.819843750e+2,3.206250000e-2,5.702343750e+1,,,
3.799687500e+2,5.612500000e-2,5.699218750e+1,,,
3.900156250e+2,4.781250000e-2,5.899218750e+1,,,
3.840312500e+2,4.809375000e-2,5.600000000e+1,,,
3.820000000e+2,6.425000000e-2,5.796875000e+1,,,
3.839843750e+2,7.971875000e-2,6.002343750e+1,,,
3.860000000e+2,7.996875000e-2,5.898437500e+1,,,
3.880000000e+2,8.809375000e-2,6.300781250e+1,,,
3.859687500e+2,1.040937500e-1,6.092968750e+1,,,
3.859687500e+2,1.160625000e-1,5.900000000e+1,,,
3.860156250e+2,1.239687500e-1,6.000000000e+1,,,
3.940000000e+2,1.279375000e-1,6.100781250e+1,,,
3.880000000e+2,1.360000000e-1,6.300000000e+1,,,
3.900000000e+2,1.280000000e-1,6.100000000e+1,,,
3.920000000e+2,1.400000000e-1,6.301562500e+1,,,
3.900000000e+2,1.280000000e-1,6.200000000e+1,,,
3.900156250e+2,1.400312500e-1,6.000781250e+1,,,
3.879843750e+2,1.239062500e-1,6.000000000e+1,,,
3.899687500e+2,1.162187500e-1,6.400000000e+1,,,
3.878906250e+2,1.080625000e-1,6.001562500e+1,,,
3.840312500e+2,1.120000000e-1,6.000000000e+1,,,
3.920781250e+2,9.581250000e-2,6.099218750e+1,,,
3.920625000e+2,8.784375000e-2,5.900000000e+1,,,
3.959218750e+2,8.015625000e-2,6.000000000e+1,,,
3.818281250e+2,1.001562500e-1,6.099218750e+1,,,
3.818125000e+2,1.001562500e-1,6.100000000e+1,,,
3.919062500e+2,8.400000000e-2,6.000000000e+1,,,
3.880312500e+2,9.193750000e-2,5.900000000e+1,,,
3.839843750e+2,1.000000000e-1,6.000000000e+1,,,
3.899062500e+2,1.161250000e-1,6.000000000e+1,,,
3.940625000e+2,1.280000000e-1,5.500000000e+1,,,
3.860000000e+2,1.161875000e-1,6.197656250e+1,,,
3.878750000e+2,1.238750000e-1,5.601562500e+1,,,
3.759687500e+2,1.481250000e-1,5.800781250e+1,,,
3.861250000e+2,1.559687500e-1,5.600000000e+1,,,
3.859218750e+2,1.559375000e-1,5.898437500e+1,,,
3.860312500e+2,1.560937500e-1,6.000781250e+1,,,
3.959843750e+2,1.640000000e-1,6.199218750e+1,,,
3.840000000e+2,1.561562500e-1,5.903906250e+1,,,
3.840312500e+2,1.560312500e-1,5.800000000e+1,,,
3.840000000e+2,1.560000000e-1,5.900000000e+1,,,
3.860000000e+2,1.560000000e-1,5.700000000e+1,,,
3.820000000e+2,1.559375000e-1,6.000000000e+1,,,
3.860000000e+2,1.520312500e-1,6.100000000e+1,,,
3.880156250e+2,1.559375000e-1,6.005468750e+1,,,
3.880156250e+2,1.480000000e-1,5.900000000e+1,,,
3.940156250e+2,1.600000000e-1,6.398437500e+1,,,
3.878593750e+2,1.518750000e-1,6.000781250e+1,,,
3.820000000e+2,1.480000000e-1,6.600000000e+1,,,
3.881406250e+2,1.521250000e-1,5.996093750e+1,,,
3.920000000e+2,1.559375000e-1,6.399218750e+1,,,
3.900000000e+2,1.440625000e-1,6.100781250e+1,,,
3.920156250e+2,1.480000000e-1,6.099218750e+1,,,
3.960312500e+2,1.480000000e-1,6.000000000e+1,,,
3.820625000e+2,1.561250000e-1,6.000000000e+1,,,
3.879531250e+2,1.558125000e-1,5.899218750e+1,,,
3.921093750e+2,1.399375000e-1,5.899218750e+1,,,
3.820312500e+2,1.440000000e-1,5.800781250e+1,,,
3.881562500e+2,1.439687500e-1,5.800781250e+1,,,
3.858593750e+2,1.400312500e-1,5.998437500e+1,,,
3.799687500e+2,1.398437500e-1,6.102343750e+1,,,
3.841406250e+2,1.279062500e-1,5.900000000e+1,,,
3.900312500e+2,1.321875000e-1,6.100000000e+1,,,
3.879687500e+2,1.400937500e-1,5.903125000e+1,,,
3.879843750e+2,1.360000000e-1,5.800781250e+1,,,
3.860156250e+2,1.240000000e-1,5.800000000e+1,,,
3.859687500e+2,1.400000000e-1,6.000000000e+1,,,
3.879843750e+2,1.519062500e-1,5.797656250e+1,,,
3.879843750e+2,1.439375000e-1,5.798437500e+1,,,
3.920000000e+2,1.564062500e-1,5.800000000e+1,,,
3.880156250e+2,1.680000000e-1,6.300000000e+1,,,
3.900000000e+2,1.640937500e-1,5.904687500e+1,,,
3.859531250e+2,1.640625000e-1,5.798437500e+1,,,
3.860000000e+2,1.720000000e-1,6.100000000e+1,,,
3.860312500e+2,1.680937500e-1,6.299218750e+1,,,
3.879843750e+2,1.759062500e-1,6.102343750e+1,,,
3.820000000e+2,1.558125000e-1,6.000000000e+1,,,
3.900156250e+2,1.599687500e-1,6.100000000e+1,,,
3.879687500e+2,1.638750000e-1,6.102343750e+1,,,
3.820156250e+2,1.520312500e-1,5.897656250e+1,,,
3.940000000e+2,1.640000000e-1,6.300000000e+1,,,
3.860000000e+2,1.476875000e-1,6.001562500e+1,,,
3.840000000e+2,1.437187500e-1,5.799218750e+1,,,
3.840156250e+2,1.319687500e-1,6.200000000e+1,,,
3.899843750e+2,1.480000000e-1,6.501562500e+1,,,
3.880000000e+2,1.479375000e-1,6.103125000e+1,,,
3.880000000e+2,1.399375000e-1,5.900000000e+1,,,
3.860156250e+2,1.320312500e-1,5.901562500e+1,,,
3.900156250e+2,1.400625000e-1,6.100000000e+1,,,
3.879531250e+2,1.400937500e-1,5.998437500e+1,,,
3.860312500e+2,1.520000000e-1,6.000000000e+1,,,
3.880781250e+2,1.522187500e-1,6.000000000e+1,,,
3.800625000e+2,1.479687500e-1,6.297656250e+1,,,
3.838906250e+2,1.558750000e-1,6.200000000e+1,,,
3.880156250e+2,1.599687500e-1,5.999218750e+1,,,
3.860156250e+2,1.600312500e-1,6.000781250e+1,,,
3.897500000e+2,1.560625000e-1,5.700000000e+1,,,
3.942031250e+2,1.558750000e-1,5.797656250e+1,,,
3.819687500e+2,1.560937500e-1,5.999218750e+1,,,
3.880156250e+2,1.519062500e-1,5.999218750e+1,,,
3.859843750e+2,1.640000000e-1,6.095312500e+1,,,
3.840000000e+2,1.520312500e-1,5.698437500e+1,,,
3.860000000e+2,1.560000000e-1,6.500000000e+1,,,
3.839843750e+2,1.520000000e-1,5.900000000e+1,,,
3.840000000e+2,1.598437500e-1,6.000000000e+1,,,
3.840156250e+2,1.599062500e-1,5.700000000e+1,,,
3.839843750e+2,1.679375000e-1,6.002343750e+1,,,
3.879843750e+2,1.640937500e-1,5.896875000e+1,,,
3.880000000e+2,1.599687500e-1,5.900781250e+1,,,
3.880000000e+2,1.720312500e-1,6.100781250e+1,,,
3.841406250e+2,1.600937500e-1,6.100000000e+1,,,
3.781093750e+2,1.755937500e-1,6.100000000e+1,,,
3.941406250e+2,1.840937500e-1,6.196093750e+1,,,
3.899531250e+2,1.680625000e-1,5.700781250e+1,,,
3.840000000e+2,1.680000000e-1,6.300000000e+1,,,
3.880156250e+2,1.760000000e-1,6.096093750e+1,,,
3.900000000e+2,1.680937500e-1,6.101562500e+1,,,
3.860000000e+2,1.600625000e-1,6.199218750e+1,,,
3.860156250e+2,1.639062500e-1,6.100000000e+1,,,
3.900000000e+2,1.640000000e-1,5.899218750e+1,,,
3.860312500e+2,1.520000000e-1,6.000000000e+1,,,
3.820000000e+2,1.519375000e-1,5.900781250e+1,,,
3.879531250e+2,1.640000000e-1,5.700000000e+1,,,
3.940468750e+2,1.560000000e-1,5.894531250e+1,,,
3.840000000e+2,1.760625000e-1,6.100781250e+1,,,
3.819843750e+2,1.559687500e-1,6.201562500e+1,,,
3.860312500e+2,1.798437500e-1,6.299218750e+1,,,
3.899843750e+2,1.640000000e-1,6.000000000e+1,,,
3.880000000e+2,1.639687500e-1,6.097656250e+1,,,
3.900000000e+2,1.719062500e-1,5.800000000e+1,,,
3.880000000e+2,1.799687500e-1,5.998437500e+1,,,
3.840000000e+2,1.722187500e-1,5.900000000e+1,,,
3.899843750e+2,1.679687500e-1,6.000000000e+1,,,
3.860156250e+2,1.799062500e-1,6.100000000e+1,,,
3.899843750e+2,1.880000000e-1,5.900000000e+1,,,
3.880312500e+2,1.880000000e-1,6.100000000e+1,,,
3.879687500e+2,1.800000000e-1,6.000000000e+1,,,
3.900000000e+2,1.757500000e-1,5.800000000e+1,,,
3.880312500e+2,1.880000000e-1,6.001562500e+1,,,
3.898906250e+2,1.879375000e-1,6.199218750e+1,,,
3.779375000e+2,1.760000000e-1,6.197656250e+1,,,
3.861562500e+2,1.880312500e-1,6.000000000e+1,,,
3.899375000e+2,1.839375000e-1,6.200000000e+1,,,
3.839843750e+2,1.760000000e-1,5.999218750e+1,,,
3.860156250e+2,1.798437500e-1,6.299218750e+1,,,
3.800312500e+2,1.880000000e-1,5.798437500e+1,,,
3.839843750e+2,1.840000000e-1,6.002343750e+1,,,
3.840156250e+2,1.880000000e-1,6.000000000e+1,,,
3.799218750e+2,1.839687500e-1,6.100000000e+1,,,
3.939843750e+2,1.800000000e-1,6.000000000e+1,,,
3.840468750e+2,1.797187500e-1,6.000781250e+1,,,
3.920312500e+2,1.919687500e-1,6.200000000e+1,,,
3.839687500e+2,1.880000000e-1,5.999218750e+1,,,
3.841093750e+2,1.920000000e-1,6.102343750e+1,,,
3.939843750e+2,1.919687500e-1,6.200781250e+1,,,
3.820312500e+2,1.880000000e-1,5.900781250e+1,,,
3.860000000e+2,1.920000000e-1,6.000781250e+1,,,
3.860000000e+2,1.879375000e-1,5.900000000e+1,,,
3.799843750e+2,1.960000000e-1,5.897656250e+1,,,
3.899531250e+2,1.840000000e-1,6.200000000e+1,,,
3.900312500e+2,1.839375000e-1,6.100000000e+1,,,
3.819843750e+2,2.000000000e-1,6.100000000e+1,,,
3.879843750e+2,1.920000000e-1,5.900781250e+1,,,
3.840156250e+2,1.999687500e-1,5.898437500e+1,,,
3.860000000e+2,1.960312500e-1,6.000000000e+1,,,
3.840000000e+2,1.999375000e-1,6.100000000e+1,,,
3.840000000e+2,2.000000000e-1,5.992187500e+1,,,
3.860156250e+2,1.959687500e-1,5.802343750e+1,,,
3.899843750e+2,1.920000000e-1,6.200781250e+1,,,
3.900312500e+2,1.999687500e-1,5.896875000e+1,,,
3.940156250e+2,1.997812500e-1,5.996093750e+1,,,
3.840468750e+2,2.080625000e-1,6.199218750e+1,,,
3.819687500e+2,1.959687500e-1,6.097656250e+1,,,
3.920000000e+2,2.120625000e-1,5.900000000e+1,,,
3.840000000e+2,2.160000000e-1,5.996093750e+1,,,
3.919843750e+2,2.160000000e-1,6.300000000e+1,,,
3.840937500e+2,2.120000000e-1,5.903906250e+1,,,
3.900937500e+2,2.120000000e-1,5.996875000e+1,,,
3.899843750e+2,2.040000000e-1,6.200000000e+1,,,
3.899687500e+2,2.159375000e-1,6.100781250e+1,,,
3.860312500e+2,1.919687500e-1,5.900000000e+1,,,
3.899218750e+2,2.120937500e-1,6.202343750e+1,,,
3.799375000e+2,2.000000000e-1,6.200000000e+1,,,
3.860468750e+2,2.160312500e-1,6.103906250e+1,,,
3.878750000e+2,1.999687500e-1,5.899218750e+1,,,
3.941562500e+2,2.239375000e-1,6.000000000e+1,,,
3.740781250e+2,2.120000000e-1,5.900000000e+1,,,
3.858750000e+2,2.240000000e-1,6.100781250e+1,,,
3.840937500e+2,2.120000000e-1,5.999218750e+1,,,
3.820000000e+2,2.158750000e-1,5.999218750e+1,,,
3.861562500e+2,2.200937500e-1,5.899218750e+1,,,
3.959687500e+2,2.080000000e-1,5.800000000e+1,,,
3.859531250e+2,2.160000000e-1,6.100000000e+1,,,
3.880156250e+2,2.239687500e-1,6.099218750e+1,,,
3.799687500e+2,2.120000000e-1,5.899218750e+1,,,
3.800000000e+2,2.240000000e-1,5.900000000e+1,,,
3.880156250e+2,2.202187500e-1,5.498437500e+1,,,
3.840156250e+2,2.160000000e-1,6.201562500e+1,,,
3.900156250e+2,2.280000000e-1,5.903125000e+1,,,
3.800156250e+2,2.199687500e-1,5.999218750e+1,,,
3.840156250e+2,2.280625000e-1,6.000781250e+1,,,
3.840000000e+2,2.238437500e-1,6.200000000e+1,,,
3.840000000e+2,2.160312500e-1,6.203125000e+1,,,
3.820156250e+2,2.240000000e-1,5.896093750e+1,,,
3.820000000e+2,2.199375000e-1,6.300000000e+1,,,
3.860000000e+2,2.360000000e-1,5.897656250e+1,,,
3.859687500e+2,2.239687500e-1,5.805468750e+1,,,
3.860000000e+2,2.320937500e-1,6.102343750e+1,,,
3.880000000e+2,2.320000000e-1,6.000000000e+1,,,
3.879843750e+2,2.320312500e-1,5.700781250e+1,,,
3.860000000e+2,2.240000000e-1,6.200000000e+1,,,
3.900000000e+2,2.280312500e-1,5.800000000e+1,,,
3.800000000e+2,2.320312500e-1,6.101562500e+1,,,
3.879531250e+2,2.360312500e-1,6.000000000e+1,,,
3.900000000e+2,2.400625000e-1,6.100000000e+1,,,
3.900156250e+2,2.399375000e-1,5.900000000e+1,,,
3.879843750e+2,2.280000000e-1,6.200781250e+1,,,
3.879062500e+2,2.360312500e-1,5.701562500e+1,,,
3.820312500e+2,2.360312500e-1,5.800781250e+1,,,
3.900781250e+2,2.439375000e-1,6.000000000e+1,,,
3.858437500e+2,2.319062500e-1,5.799218750e+1,,,
3.820937500e+2,2.360937500e-1,6.200000000e+1,,,
3.899375000e+2,2.359687500e-1,6.101562500e+1,,,
3.780468750e+2,2.360312500e-1,6.000781250e+1,,,
3.878437500e+2,2.360000000e-1,5.900000000e+1,,,
3.860156250e+2,2.439687500e-1,6.302343750e+1,,,
3.839531250e+2,2.398750000e-1,6.198437500e+1,,,
3.880156250e+2,2.360312500e-1,5.900000000e+1,,,
3.819843750e+2,2.520625000e-1,5.900000000e+1,,,
3.879687500e+2,2.560312500e-1,6.000781250e+1,,,
3.819218750e+2,2.520312500e-1,5.800781250e+1,,,
3.840156250e+2,2.440312500e-1,5.802343750e+1,,,
3.840468750e+2,2.600312500e-1,6.000000000e+1,,,
3.900156250e+2,2.478750000e-1,5.799218750e+1,,,
3.879843750e+2,2.561250000e-1,6.101562500e+1,,,
3.879843750e+2,2.600625000e-1,5.999218750e+1,,,
3.860000000e+2,2.642187500e-1,5.995312500e+1,,,
3.820156250e+2,2.479687500e-1,6.300000000e+1,,,
3.880000000e+2,2.561250000e-1,5.800000000e+1,,,
3.880000000e+2,2.518125000e-1,5.798437500e+1,,,
3.900000000e+2,2.481250000e-1,5.800000000e+1,,,
3.880000000e+2,2.600625000e-1,5.900000000e+1,,,
3.920468750e+2,2.518750000e-1,6.103125000e+1,,,
3.819687500e+2,2.520000000e-1,5.800000000e+1,,,
3.840312500e+2,2.640000000e-1,6.000000000e+1,,,
3.860468750e+2,2.558750000e-1,5.900781250e+1,,,
3.900000000e+2,2.520312500e-1,6.203906250e+1,,,
3.879843750e+2,2.560312500e-1,6.199218750e+1,,,
3.900000000e+2,2.559687500e-1,6.200781250e+1,,,
3.880000000e+2,2.598437500e-1,6.000781250e+1,,,
3.880000000e+2,2.679687500e-1,5.900000000e+1,,,
3.880156250e+2,2.560625000e-1,6.000781250e+1,,,
3.820156250e+2,2.719687500e-1,5.899218750e+1,,,
3.859687500e+2,2.518125000e-1,6.200000000e+1,,,
3.880781250e+2,2.600937500e-1,5.900781250e+1,,,
3.819687500e+2,2.640000000e-1,5.998437500e+1,,,
3.879375000e+2,2.720000000e-1,5.896875000e+1,,,
3.799843750e+2,2.639062500e-1,5.798437500e+1,,,
3.859687500e+2,2.600312500e-1,6.200000000e+1,,,
3.780625000e+2,2.639687500e-1,5.900000000e+1,,,
3.921093750e+2,2.600937500e-1,6.199218750e+1,,,
3.859218750e+2,2.721875000e-1,6.000781250e+1,,,
3.900781250e+2,2.720000000e-1,6.003125000e+1,,,
3.920000000e+2,2.720000000e-1,5.600000000e+1,,,
3.880625000e+2,2.680000000e-1,5.898437500e+1,,,
3.840156250e+2,2.800000000e-1,5.896875000e+1,,,
3.820000000e+2,2.637812500e-1,5.697656250e+1,,,
3.839062500e+2,2.642812500e-1,5.800000000e+1,,,
3.899843750e+2,2.759687500e-1,6.200000000e+1,,,
3.860781250e+2,2.679375000e-1,6.102343750e+1,,,
3.860312500e+2,2.800312500e-1,5.998437500e+1,,,
3.900468750e+2,2.760000000e-1,6.100000000e+1,,,
3.920000000e+2,2.840000000e-1,5.898437500e+1,,,
3.899687500e+2,2.759062500e-1,5.996875000e+1,,,
3.840000000e+2,2.760000000e-1,6.200000000e+1,,,
3.940312500e+2,2.759687500e-1,5.899218750e+1,,,
3.919687500e+2,2.799375000e-1,5.998437500e+1,,,
3.860000000e+2,2.719062500e-1,6.000000000e+1,,,
3.920000000e+2,2.761562500e-1,6.000000000e+1,,,
3.860000000e+2,2.797812500e-1,5.899218750e+1,,,
3.820000000e+2,2.721875000e-1,6.100781250e+1,,,
3.860312500e+2,2.839062500e-1,5.900000000e+1,,,
3.919843750e+2,2.680000000e-1,6.196875000e+1,,,
3.880312500e+2,2.800625000e-1,6.100781250e+1,,,
3.840000000e+2,2.760000000e-1,6.098437500e+1,,,
3.840156250e+2,2.799687500e-1,5.900781250e+1,,,
3.880156250e+2,2.760312500e-1,6.200000000e+1,,,
3.900156250e+2,2.840000000e-1,6.000781250e+1,,,
3.919687500e+2,2.799687500e-1,6.400000000e+1,,,
3.860468750e+2,2.916250000e-1,6.100000000e+1,,,
3.879843750e+2,2.920625000e-1,5.897656250e+1,,,
3.860312500e+2,2.880625000e-1,6.200000000e+1,,,
3.877968750e+2,2.840312500e-1,6.098437500e+1,,,
3.941406250e+2,2.839687500e-1,5.798437500e+1,,,
3.821562500e+2,2.878437500e-1,6.200000000e+1,,,
3.858906250e+2,2.920312500e-1,5.999218750e+1,,,
3.860156250e+2,2.880312500e-1,6.201562500e+1,,,
3.899843750e+2,2.919062500e-1,5.701562500e+1,,,
3.839843750e+2,2.960000000e-1,5.804687500e+1,,,
3.860000000e+2,2.879687500e-1,6.199218750e+1,,,
3.860000000e+2,3.040000000e-1,6.000000000e+1,,,
3.880000000e+2,2.960000000e-1,5.900000000e+1,,,
3.880000000e+2,2.916250000e-1,5.999218750e+1,,,
3.960312500e+2,3.000937500e-1,6.000000000e+1,,,
3.841093750e+2,2.879687500e-1,6.100000000e+1,,,
3.819687500e+2,3.038750000e-1,5.997656250e+1,,,
3.900156250e+2,3.000312500e-1,6.000781250e+1,,,
3.781250000e+2,2.960625000e-1,6.199218750e+1,,,
3.798906250e+2,2.919687500e-1,5.900000000e+1,,,
3.860468750e+2,3.036875000e-1,6.000000000e+1,,,
3.879843750e+2,3.120937500e-1,6.199218750e+1,,,
3.880000000e+2,2.960312500e-1,5.998437500e+1,,,
3.880000000e+2,3.040000000e-1,6.000000000e+1,,,
3.900156250e+2,3.040000000e-1,5.898437500e+1,,,
3.919843750e+2,2.920937500e-1,5.900781250e+1,,,
3.940000000e+2,2.915937500e-1,6.096875000e+1,,,
3.839375000e+2,3.079062500e-1,6.300000000e+1,,,
3.799843750e+2,3.040000000e-1,5.998437500e+1,,,
3.859687500e+2,2.960000000e-1,6.000000000e+1,,,
3.880000000e+2,2.959062500e-1,5.899218750e+1,,,
3.880156250e+2,3.160625000e-1,6.200781250e+1,,,
3.820156250e+2,3.160000000e-1,6.100000000e+1,,,
3.860000000e+2,3.082500000e-1,6.199218750e+1,,,
3.880156250e+2,2.960312500e-1,6.000781250e+1,,,
3.799843750e+2,3.038125000e-1,6.199218750e+1,,,
3.860312500e+2,3.120000000e-1,5.795312500e+1,,,
3.860156250e+2,3.119687500e-1,5.602343750e+1,,,
3.899843750e+2,3.160000000e-1,5.898437500e+1,,,
3.900000000e+2,3.121562500e-1,5.900000000e+1,,,
3.799843750e+2,3.118750000e-1,5.999218750e+1,,,
3.879531250e+2,3.160625000e-1,5.800000000e+1,,,
3.920468750e+2,3.040000000e-1,6.100000000e+1,,,
3.860156250e+2,3.160000000e-1,6.200000000e+1,,,
3.879531250e+2,3.080000000e-1,6.200000000e+1,,,
3.879843750e+2,3.120000000e-1,6.000000000e+1,,,
3.880312500e+2,2.996562500e-1,6.000000000e+1,,,
3.840156250e+2,3.240000000e-1,5.900000000e+1,,,
3.859062500e+2,3.199687500e-1,5.999218750e+1,,,
3.760312500e+2,3.160000000e-1,6.098437500e+1,,,
3.880468750e+2,3.200312500e-1,5.900000000e+1,,,
3.819843750e+2,3.239375000e-1,6.100000000e+1,,,
3.920781250e+2,3.080000000e-1,5.900000000e+1,,,
3.920468750e+2,3.079687500e-1,6.000781250e+1,,,
3.880937500e+2,3.080000000e-1,5.899218750e+1,,,
3.820468750e+2,3.159062500e-1,5.900000000e+1,,,
3.759843750e+2,3.279375000e-1,6.001562500e+1,,,
3.838281250e+2,3.279687500e-1,6.100000000e+1,,,
3.999843750e+2,3.200000000e-1,6.000000000e+1,,,
3.863437500e+2,3.237812500e-1,5.800000000e+1,,,
3.801250000e+2,3.279687500e-1,6.100000000e+1,,,
3.940312500e+2,3.320000000e-1,5.999218750e+1,,,
3.899218750e+2,3.400000000e-1,6.001562500e+1,,,
3.859687500e+2,3.279375000e-1,6.199218750e+1,,,
3.840000000e+2,3.280000000e-1,6.100000000e+1,,,
3.860000000e+2,3.280000000e-1,6.100000000e+1,,,
3.820000000e+2,3.280312500e-1,6.000000000e+1,,,
3.819843750e+2,3.279375000e-1,5.997656250e+1,,,
3.859531250e+2,3.360000000e-1,6.200000000e+1,,,
3.919687500e+2,3.279687500e-1,6.000000000e+1,,,
3.920156250e+2,3.400312500e-1,6.099218750e+1,,,
3.900156250e+2,3.319687500e-1,6.000000000e+1,,,
3.880000000e+2,3.359375000e-1,5.997656250e+1,,,
3.899687500e+2,3.400000000e-1,6.200000000e+1,,,
3.940000000e+2,3.400000000e-1,6.299218750e+1,,,
3.859375000e+2,3.400000000e-1,6.092187500e+1,,,
3.840312500e+2,3.399687500e-1,5.799218750e+1,,,
3.839531250e+2,3.360000000e-1,6.005468750e+1,,,
3.820781250e+2,3.399687500e-1,6.198437500e+1,,,
3.920000000e+2,3.438125000e-1,5.902343750e+1,,,
3.800312500e+2,3.519687500e-1,5.999218750e+1,,,
3.839687500e+2,3.520000000e-1,6.001562500e+1,,,
3.880468750e+2,3.479687500e-1,6.200000000e+1,,,
3.839531250e+2,3.440000000e-1,5.900000000e+1,,,
3.938593750e+2,3.400000000e-1,6.100000000e+1,,,
3.903125000e+2,3.438750000e-1,5.900781250e+1,,,
3.779218750e+2,3.520000000e-1,6.096875000e+1,,,
3.820781250e+2,3.520000000e-1,6.199218750e+1,,,
3.820000000e+2,3.480312500e-1,5.900000000e+1,,,
3.860312500e+2,3.479687500e-1,6.100000000e+1,,,
3.859531250e+2,3.399062500e-1,5.800781250e+1,,,
3.840000000e+2,3.440937500e-1,6.299218750e+1,,,
3.859687500e+2,3.559375000e-1,6.007812500e+1,,,
3.839531250e+2,3.520625000e-1,5.900781250e+1,,,
3.919218750e+2,3.480000000e-1,6.200000000e+1,,,
3.900937500e+2,3.479687500e-1,6.000000000e+1,,,
3.859375000e+2,3.440000000e-1,5.999218750e+1,,,
3.920312500e+2,3.480000000e-1,5.900000000e+1,,,
3.820468750e+2,3.560625000e-1,5.999218750e+1,,,
3.880468750e+2,3.479687500e-1,5.798437500e+1,,,
3.840000000e+2,3.599687500e-1,5.700000000e+1,,,
3.859218750e+2,3.560000000e-1,6.300000000e+1,,,
3.780312500e+2,3.480000000e-1,5.998437500e+1,,,
3.960625000e+2,3.560312500e-1,6.000000000e+1,,,
3.940000000e+2,3.560000000e-1,6.000000000e+1,,,
3.859531250e+2,3.638750000e-1,5.900000000e+1,,,
3.839843750e+2,3.640000000e-1,5.900781250e+1,,,
3.819843750e+2,3.559687500e-1,6.099218750e+1,,,
3.879531250e+2,3.561562500e-1,5.901562500e+1,,,
3.920000000e+2,3.720625000e-1,5.699218750e+1,,,
3.880156250e+2,3.678437500e-1,5.700000000e+1,,,
3.860000000e+2,3.640937500e-1,5.998437500e+1,,,
3.880000000e+2,3.721562500e-1,6.001562500e+1,,,
3.860000000e+2,3.560312500e-1,5.900000000e+1,,,
3.880000000e+2,3.640312500e-1,5.900781250e+1,,,
3.859687500e+2,3.680000000e-1,6.100000000e+1,,,
3.860468750e+2,3.640625000e-1,5.999218750e+1,,,
3.879843750e+2,3.760312500e-1,6.100000000e+1,,,
3.799843750e+2,3.680625000e-1,5.999218750e+1,,,
3.840000000e+2,3.680000000e-1,6.000000000e+1,,,
3.860000000e+2,3.679687500e-1,5.800781250e+1,,,
3.880000000e+2,3.640000000e-1,5.800000000e+1,,,
3.880000000e+2,3.680312500e-1,5.900000000e+1,,,
3.879375000e+2,3.721562500e-1,6.200000000e+1,,,
3.920312500e+2,3.840000000e-1,5.900000000e+1,,,
3.860000000e+2,3.720625000e-1,6.100000000e+1,,,
3.899843750e+2,3.800625000e-1,5.900781250e+1,,,
3.839687500e+2,3.759062500e-1,5.801562500e+1,,,
3.880625000e+2,3.760937500e-1,6.299218750e+1,,,
3.859375000e+2,3.840312500e-1,5.700000000e+1,,,
3.839531250e+2,3.798750000e-1,6.200000000e+1,,,
3.820156250e+2,3.801250000e-1,6.205468750e+1,,,
3.859375000e+2,3.881250000e-1,5.600781250e+1,,,
3.860468750e+2,3.640000000e-1,6.000000000e+1,,,
3.840000000e+2,3.799375000e-1,6.097656250e+1,,,
3.859687500e+2,3.679375000e-1,5.899218750e+1,,,
3.860156250e+2,3.800312500e-1,6.000000000e+1,,,
3.840312500e+2,3.800312500e-1,6.000000000e+1,,,
3.857968750e+2,3.920625000e-1,6.103906250e+1,,,
3.939843750e+2,3.760312500e-1,5.600781250e+1,,,
3.858750000e+2,3.840000000e-1,5.903125000e+1,,,
3.880937500e+2,3.798750000e-1,6.000000000e+1,,,
3.919843750e+2,3.760000000e-1,6.000000000e+1,,,
3.859687500e+2,3.800625000e-1,5.900000000e+1,,,
3.859843750e+2,3.799062500e-1,6.100781250e+1,,,
3.840000000e+2,3.718750000e-1,6.200781250e+1,,,
3.840000000e+2,3.840312500e-1,6.000000000e+1,,,
3.860000000e+2,3.840625000e-1,5.800000000e+1,,,
3.880000000e+2,3.920625000e-1,5.992968750e+1,,,
3.819843750e+2,3.878750000e-1,6.300000000e+1,,,
3.860000000e+2,3.839687500e-1,5.800000000e+1,,,
3.859843750e+2,3.839687500e-1,6.090625000e+1,,,
3.880000000e+2,3.800000000e-1,6.100000000e+1,,,
3.860000000e+2,3.840625000e-1,5.899218750e+1,,,
3.879843750e+2,4.000000000e-1,6.000000000e+1,,,
3.839218750e+2,3.877187500e-1,6.007812500e+1,,,
3.841093750e+2,3.840312500e-1,6.498437500e+1,,,
3.900000000e+2,3.880312500e-1,5.902343750e+1,,,
3.840000000e+2,3.919687500e-1,5.900000000e+1,,,
3.880000000e+2,3.920000000e-1,5.899218750e+1,,,
3.860156250e+2,3.920312500e-1,5.798437500e+1,,,
3.840000000e+2,4.001250000e-1,6.099218750e+1,,,
3.859687500e+2,3.998125000e-1,5.899218750e+1,,,
3.900000000e+2,3.839375000e-1,5.898437500e+1,,,
3.860625000e+2,3.880000000e-1,6.000781250e+1,,,
3.839843750e+2,3.920000000e-1,5.900000000e+1,,,
3.861406250e+2,4.000312500e-1,6.099218750e+1,,,
3.940312500e+2,4.039687500e-1,6.001562500e+1,,,
3.898593750e+2,3.999375000e-1,5.900000000e+1,,,
3.838906250e+2,4.000625000e-1,5.699218750e+1,,,
3.820937500e+2,3.998750000e-1,5.999218750e+1,,,
3.899687500e+2,3.920000000e-1,5.800000000e+1,,,
3.820000000e+2,3.960000000e-1,6.100000000e+1,,,
3.899687500e+2,4.040000000e-1,6.000781250e+1,,,
3.840000000e+2,4.120000000e-1,5.896875000e+1,,,
3.880000000e+2,4.078437500e-1,5.699218750e+1,,,
3.819843750e+2,4.041562500e-1,5.900000000e+1,,,
3.879843750e+2,4.160312500e-1,6.200000000e+1,,,
3.820781250e+2,4.081562500e-1,6.003125000e+1,,,
3.861562500e+2,4.080000000e-1,5.800000000e+1,,,
3.960000000e+2,4.039687500e-1,6.000000000e+1,,,
3.879375000e+2,4.080625000e-1,6.200781250e+1,,,
3.879843750e+2,4.120937500e-1,6.201562500e+1,,,
3.840000000e+2,4.200312500e-1,5.900000000e+1,,,
3.920000000e+2,4.160312500e-1,5.900781250e+1,,,
3.839843750e+2,4.119062500e-1,6.100781250e+1,,,
3.879843750e+2,4.080625000e-1,5.801562500e+1,,,
3.820000000e+2,4.160312500e-1,6.000000000e+1,,,
3.880000000e+2,4.120625000e-1,6.100000000e+1,,,
3.860000000e+2,4.200000000e-1,6.000781250e+1,,,
3.799843750e+2,4.119375000e-1,6.100000000e+1,,,
3.839375000e+2,4.200000000e-1,6.203906250e+1,,,
3.939687500e+2,4.200000000e-1,5.801562500e+1,,,
3.900000000e+2,4.199375000e-1,5.800781250e+1,,,
3.859843750e+2,4.079375000e-1,5.800781250e+1,,,
3.840156250e+2,4.162812500e-1,6.000000000e+1,,,
3.859843750e+2,4.280625000e-1,6.000000000e+1,,,
3.860312500e+2,4.239375000e-1,6.200000000e+1,,,
3.920000000e+2,4.200312500e-1,6.200000000e+1,,,
3.860625000e+2,4.199375000e-1,5.996875000e+1,,,
3.879687500e+2,4.239375000e-1,6.400000000e+1,,,
3.860156250e+2,4.241250000e-1,6.097656250e+1,,,
3.860781250e+2,4.159375000e-1,5.898437500e+1,,,
3.820156250e+2,4.318750000e-1,6.100000000e+1,,,
3.877656250e+2,4.241250000e-1,6.100781250e+1,,,
3.899218750e+2,4.280625000e-1,6.000000000e+1,,,
3.799687500e+2,4.199375000e-1,6.000000000e+1,,,
3.840468750e+2,4.359687500e-1,5.897656250e+1,,,
3.940156250e+2,4.280312500e-1,5.799218750e+1,,,
3.899218750e+2,4.240000000e-1,6.100000000e+1,,,
3.839687500e+2,4.320000000e-1,5.700000000e+1,,,
3.820000000e+2,4.240937500e-1,6.091406250e+1,,,
3.861250000e+2,4.318125000e-1,6.000000000e+1,,,
3.759531250e+2,4.359687500e-1,6.100781250e+1,,,
3.939531250e+2,4.360312500e-1,6.098437500e+1,,,
3.880937500e+2,4.320000000e-1,6.100781250e+1,,,
3.879375000e+2,4.359687500e-1,6.400000000e+1,,,
3.900312500e+2,4.399687500e-1,5.900000000e+1,,,
3.839218750e+2,4.438437500e-1,5.700000000e+1,,,
3.861406250e+2,4.519687500e-1,6.103125000e+1,,,
3.939843750e+2,4.440625000e-1,6.197656250e+1,,,
3.839375000e+2,4.360000000e-1,6.000000000e+1,,,
3.900312500e+2,4.320000000e-1,6.002343750e+1,,,
3.940000000e+2,4.279687500e-1,6.300781250e+1,,,
3.880000000e+2,4.395937500e-1,6.101562500e+1,,,
3.900000000e+2,4.440625000e-1,6.000000000e+1,,,
3.880000000e+2,4.440000000e-1,5.900000000e+1,,,
3.900000000e+2,4.520000000e-1,6.000000000e+1,,,
3.880000000e+2,4.440000000e-1,5.799218750e+1,,,
3.800468750e+2,4.480312500e-1,6.101562500e+1,,,
3.759531250e+2,4.520000000e-1,6.204687500e+1,,,
3.840000000e+2,4.440937500e-1,5.798437500e+1,,,
3.900000000e+2,4.477187500e-1,5.803125000e+1,,,
3.839843750e+2,4.600312500e-1,6.000000000e+1,,,
3.880468750e+2,4.480000000e-1,5.898437500e+1,,,
3.920156250e+2,4.519687500e-1,6.003906250e+1,,,
3.940000000e+2,4.520312500e-1,6.100781250e+1,,,
3.920000000e+2,4.479375000e-1,5.799218750e+1,,,
3.819531250e+2,4.520000000e-1,6.100000000e+1,,,
3.799843750e+2,4.480000000e-1,5.900000000e+1,,,
3.859531250e+2,4.520000000e-1,6.000000000e+1,,,
3.860000000e+2,4.480000000e-1,5.900000000e+1,,,
3.839843750e+2,4.520000000e-1,6.000000000e+1,,,
3.879531250e+2,4.520000000e-1,5.800000000e+1,,,
3.880156250e+2,4.479062500e-1,6.098437500e+1,,,
3.859531250e+2,4.560000000e-1,6.000000000e+1,,,
3.840156250e+2,4.599687500e-1,6.100000000e+1,,,
3.859843750e+2,4.520000000e-1,5.996875000e+1,,,
3.819843750e+2,4.600312500e-1,5.800781250e+1,,,
3.840000000e+2,4.599375000e-1,6.198437500e+1,,,
3.820000000e+2,4.480000000e-1,6.100781250e+1,,,
3.840156250e+2,4.598437500e-1,5.900000000e+1,,,
3.819218750e+2,4.600312500e-1,5.899218750e+1,,,
3.899687500e+2,4.560937500e-1,5.700781250e+1,,,
3.880000000e+2,4.519375000e-1,6.106250000e+1,,,
3.900000000e+2,4.680625000e-1,5.999218750e+1,,,
3.879375000e+2,4.680000000e-1,5.900000000e+1,,,
3.921093750e+2,4.638125000e-1,6.100781250e+1,,,
3.799531250e+2,4.720000000e-1,6.200000000e+1,,,
3.880312500e+2,4.600000000e-1,6.198437500e+1,,,
3.879531250e+2,4.600000000e-1,5.901562500e+1,,,
3.859843750e+2,4.600000000e-1,6.299218750e+1,,,
3.860156250e+2,4.600000000e-1,6.000000000e+1,,,
3.820000000e+2,4.680312500e-1,6.200000000e+1,,,
3.900000000e+2,4.600312500e-1,5.900000000e+1,,,
3.860156250e+2,4.679062500e-1,5.998437500e+1,,,
3.840156250e+2,4.720000000e-1,6.000000000e+1,,,
3.799687500e+2,4.719687500e-1,5.999218750e+1,,,
3.899843750e+2,4.760000000e-1,6.100781250e+1,,,
3.820156250e+2,4.760000000e-1,5.800781250e+1,,,
3.839218750e+2,4.760312500e-1,5.896875000e+1,,,
3.880000000e+2,4.719687500e-1,6.000000000e+1,,,
3.840000000e+2,4.799375000e-1,6.102343750e+1,,,
3.859687500e+2,4.760000000e-1,6.198437500e+1,,,
3.779687500e+2,4.719687500e-1,5.896093750e+1,,,
3.840625000e+2,4.679687500e-1,5.804687500e+1,,,
3.880156250e+2,4.639687500e-1,6.200000000e+1,,,
3.900156250e+2,4.758125000e-1,5.804687500e+1,,,
3.840156250e+2,4.760000000e-1,5.896093750e+1,,,
3.859843750e+2,4.839687500e-1,6.199218750e+1,,,
3.859531250e+2,4.800000000e-1,6.000000000e+1,,,
3.900312500e+2,4.880000000e-1,6.100781250e+1,,,
3.840468750e+2,4.880312500e-1,5.900000000e+1,,,
3.878593750e+2,4.800000000e-1,6.297656250e+1,,,
3.920156250e+2,4.840000000e-1,6.004687500e+1,,,
3.877968750e+2,4.800000000e-1,5.800781250e+1,,,
3.779843750e+2,4.760000000e-1,6.197656250e+1,,,
3.841250000e+2,4.921250000e-1,6.300000000e+1,,,
3.858906250e+2,4.918437500e-1,5.998437500e+1,,,
3.800156250e+2,4.799687500e-1,6.099218750e+1,,,
3.880156250e+2,4.800625000e-1,6.100000000e+1,,,
3.840156250e+2,4.719687500e-1,6.099218750e+1,,,
3.879843750e+2,4.879375000e-1,6.000000000e+1,,,
3.840312500e+2,4.880000000e-1,6.200000000e+1,,,
3.859531250e+2,4.920000000e-1,6.092968750e+1,,,
3.880000000e+2,4.920000000e-1,5.599218750e+1,,,
3.860625000e+2,4.919375000e-1,5.997656250e+1,,,
3.840000000e+2,4.921250000e-1,5.799218750e+1,,,
3.860312500e+2,4.800000000e-1,5.900000000e+1,,,
3.859531250e+2,4.880000000e-1,6.000000000e+1,,,
3.819843750e+2,4.840312500e-1,6.200000000e+1,,,
3.860156250e+2,4.960000000e-1,6.098437500e+1,,,
3.880000000e+2,4.840000000e-1,5.900000000e+1,,,
3.780000000e+2,4.998437500e-1,5.898437500e+1,,,
3.900781250e+2,4.880000000e-1,6.200781250e+1,,,
3.860312500e+2,4.880312500e-1,6.201562500e+1,,,
3.820156250e+2,5.000937500e-1,6.100000000e+1,,,
3.820156250e+2,4.999687500e-1,6.100000000e+1,,,
3.859843750e+2,4.999375000e-1,6.100000000e+1,,,
3.859843750e+2,4.960625000e-1,6.000000000e+1,,,
3.880468750e+2,5.039375000e-1,5.999218750e+1,,,
3.780000000e+2,4.960312500e-1,6.000000000e+1,,,
3.820000000e+2,4.920000000e-1,5.899218750e+1,,,
3.860000000e+2,5.000312500e-1,5.901562500e+1,,,
3.840000000e+2,5.040312500e-1,6.000000000e+1,,,
3.839843750e+2,5.079375000e-1,6.000000000e+1,,,
3.779843750e+2,5.039687500e-1,6.000000000e+1,,,
3.820000000e+2,5.119687500e-1,6.100000000e+1,,,
3.840000000e+2,5.079375000e-1,6.100000000e+1,,,
3.800000000e+2,4.959687500e-1,6.100000000e+1,,,
3.819375000e+2,5.040625000e-1,6.100000000e+1,,,
3.940000000e+2,5.040625000e-1,6.101562500e+1,,,
3.821718750e+2,5.160312500e-1,5.700000000e+1,,,
3.799218750e+2,5.160937500e-1,6.000000000e+1,,,
3.860468750e+2,5.078750000e-1,5.700781250e+1,,,
3.839218750e+2,5.040937500e-1,5.700000000e+1,,,
3.841250000e+2,5.200625000e-1,5.801562500e+1,,,
3.921250000e+2,5.118750000e-1,6.098437500e+1,,,
3.918750000e+2,5.119062500e-1,6.200000000e+1,,,
3.819531250e+2,5.080937500e-1,6.100000000e+1,,,
3.858750000e+2,5.239687500e-1,6.000781250e+1,,,
3.861406250e+2,5.120000000e-1,5.800000000e+1,,,
3.779843750e+2,5.119062500e-1,5.800781250e+1,,,
3.879062500e+2,5.159687500e-1,5.900000000e+1,,,
3.880312500e+2,5.120000000e-1,5.900000000e+1,,,
3.840468750e+2,5.159687500e-1,6.000000000e+1,,,
3.800625000e+2,5.079687500e-1,6.201562500e+1,,,
3.779843750e+2,5.199375000e-1,5.900000000e+1,,,
3.800937500e+2,5.240000000e-1,6.101562500e+1,,,
3.860468750e+2,5.199687500e-1,5.999218750e+1,,,
3.859531250e+2,5.199375000e-1,5.899218750e+1,,,
3.819843750e+2,5.118437500e-1,6.100781250e+1,,,
3.840156250e+2,5.121250000e-1,5.999218750e+1,,,
3.860000000e+2,5.318437500e-1,5.897656250e+1,,,
3.879687500e+2,5.238750000e-1,6.000000000e+1,,,
3.860000000e+2,5.240312500e-1,5.500000000e+1,,,
3.900000000e+2,5.239687500e-1,5.793750000e+1,,,
3.859531250e+2,5.240625000e-1,6.000000000e+1,,,
3.800000000e+2,5.280000000e-1,6.000000000e+1,,,
3.819375000e+2,5.239375000e-1,6.101562500e+1,,,
3.860156250e+2,5.240000000e-1,5.900000000e+1,,,
3.879687500e+2,5.280000000e-1,6.000000000e+1,,,
3.859687500e+2,5.279062500e-1,5.799218750e+1,,,
3.880937500e+2,5.199687500e-1,5.903906250e+1,,,
3.920000000e+2,5.281250000e-1,6.102343750e+1,,,
3.879687500e+2,5.319687500e-1,6.100000000e+1,,,
3.860000000e+2,5.280312500e-1,6.000781250e+1,,,
3.860000000e+2,5.279687500e-1,5.899218750e+1,,,
3.860000000e+2,5.240000000e-1,5.899218750e+1,,,
3.860000000e+2,5.320937500e-1,5.800781250e+1,,,
3.879687500e+2,5.359687500e-1,5.700781250e+1,,,
3.919843750e+2,5.360312500e-1,5.999218750e+1,,,
3.900156250e+2,5.440000000e-1,5.901562500e+1,,,
3.900000000e+2,5.399062500e-1,5.900781250e+1,,,
3.858750000e+2,5.360312500e-1,5.900781250e+1,,,
3.820312500e+2,5.440312500e-1,5.696875000e+1,,,
3.880312500e+2,5.400312500e-1,6.200000000e+1,,,
3.839375000e+2,5.435937500e-1,6.000781250e+1,,,
3.860625000e+2,5.242500000e-1,5.998437500e+1,,,
3.879375000e+2,5.600000000e-1,6.000781250e+1,,,
3.820000000e+2,5.440000000e-1,5.900000000e+1,,,
3.859843750e+2,5.400000000e-1,5.999218750e+1,,,
3.839687500e+2,5.359687500e-1,6.098437500e+1,,,
3.919843750e+2,5.401250000e-1,5.898437500e+1,,,
3.881250000e+2,5.522500000e-1,6.000000000e+1,,,
3.819687500e+2,5.558437500e-1,6.200000000e+1,,,
3.879687500e+2,5.440625000e-1,5.901562500e+1,,,
3.840000000e+2,5.520937500e-1,5.899218750e+1,,,
3.900468750e+2,5.518750000e-1,5.900000000e+1,,,
3.879843750e+2,5.440000000e-1,6.000000000e+1,,,
3.879687500e+2,5.520312500e-1,5.999218750e+1,,,
3.820000000e+2,5.479687500e-1,6.000000000e+1,,,
3.960000000e+2,5.520000000e-1,5.698437500e+1,,,
3.819531250e+2,5.479375000e-1,5.699218750e+1,,,
3.840156250e+2,5.479687500e-1,5.799218750e+1,,,
3.880000000e+2,5.481250000e-1,6.000000000e+1,,,
3.820000000e+2,5.559687500e-1,6.200000000e+1,,,
3.840000000e+2,5.437187500e-1,5.900781250e+1,,,
3.860156250e+2,5.484062500e-1,6.000000000e+1,,,
3.900000000e+2,5.640000000e-1,5.896093750e+1,,,
3.860000000e+2,5.558437500e-1,6.200781250e+1,,,
3.880000000e+2,5.520000000e-1,5.796875000e+1,,,
3.879687500e+2,5.600625000e-1,6.003906250e+1,,,
3.859843750e+2,5.557812500e-1,6.200000000e+1,,,
3.880156250e+2,5.479687500e-1,5.999218750e+1,,,
3.900468750e+2,5.560937500e-1,6.200000000e+1,,,
3.921250000e+2,5.644062500e-1,6.100000000e+1,,,
3.820000000e+2,5.480312500e-1,5.899218750e+1,,,
3.899375000e+2,5.637812500e-1,6.200000000e+1,,,
3.841406250e+2,5.640937500e-1,6.298437500e+1,,,
3.839843750e+2,5.599375000e-1,5.800000000e+1,,,
3.820468750e+2,5.641250000e-1,6.100000000e+1,,,
3.838906250e+2,5.521562500e-1,5.798437500e+1,,,
3.859687500e+2,5.598125000e-1,6.299218750e+1,,,
3.799687500e+2,5.640000000e-1,5.900000000e+1,,,
3.800468750e+2,5.640000000e-1,6.199218750e+1,,,
3.940000000e+2,5.599687500e-1,5.800000000e+1,,,
3.819531250e+2,5.720000000e-1,6.200000000e+1,,,
3.879843750e+2,5.640000000e-1,6.000000000e+1,,,
3.800000000e+2,5.678437500e-1,6.099218750e+1,,,
3.880468750e+2,5.640937500e-1,5.900000000e+1,,,
3.780000000e+2,5.639062500e-1,5.900000000e+1,,,
3.919531250e+2,5.719375000e-1,5.900781250e+1,,,
3.881093750e+2,5.720312500e-1,6.000000000e+1,,,
3.859218750e+2,5.641562500e-1,6.000000000e+1,,,
3.939062500e+2,5.556562500e-1,6.000000000e+1,,,
3.918750000e+2,5.836562500e-1,5.800000000e+1,,,
3.839531250e+2,5.801250000e-1,6.200000000e+1,,,
3.860000000e+2,5.720312500e-1,5.797656250e+1,,,
3.860312500e+2,5.680000000e-1,5.900000000e+1,,,
3.920000000e+2,5.800000000e-1,5.797656250e+1,,,
3.880000000e+2,5.720937500e-1,5.905468750e+1,,,
3.900000000e+2,5.716875000e-1,6.397656250e+1,,,
3.839531250e+2,5.800000000e-1,6.200000000e+1,,,
3.800000000e+2,5.720000000e-1,5.899218750e+1,,,
3.839687500e+2,5.760000000e-1,6.100000000e+1,,,
3.860000000e+2,5.799062500e-1,5.900000000e+1,,,
3.860156250e+2,5.960312500e-1,6.100781250e+1,,,
3.819843750e+2,5.880000000e-1,6.097656250e+1,,,
3.860000000e+2,5.801875000e-1,6.198437500e+1,,,
3.840000000e+2,5.719062500e-1,5.797656250e+1,,,
3.840000000e+2,5.838750000e-1,6.000781250e+1,,,
3.860000000e+2,5.800000000e-1,5.997656250e+1,,,
3.839843750e+2,5.759062500e-1,5.800781250e+1,,,
3.819531250e+2,5.999687500e-1,6.000000000e+1,,,
3.940000000e+2,5.804062500e-1,5.800000000e+1,,,
3.879531250e+2,5.838437500e-1,6.100781250e+1,,,
3.820156250e+2,5.879375000e-1,6.000000000e+1,,,
3.839375000e+2,5.920312500e-1,6.000000000e+1,,,
3.880000000e+2,5.800000000e-1,6.200000000e+1,,,
3.840000000e+2,5.920000000e-1,6.000000000e+1,,,
3.899062500e+2,5.920000000e-1,6.200000000e+1,,,
3.900625000e+2,5.840937500e-1,5.904687500e+1,,,
3.839375000e+2,5.880000000e-1,5.701562500e+1,,,
3.840312500e+2,5.919687500e-1,6.299218750e+1,,,
3.860312500e+2,5.840000000e-1,5.895312500e+1,,,
3.880156250e+2,5.960625000e-1,5.900781250e+1,,,
3.879375000e+2,6.039687500e-1,6.100781250e+1,,,
3.840156250e+2,5.880000000e-1,5.700781250e+1,,,
3.879843750e+2,5.998750000e-1,5.901562500e+1,,,
3.840312500e+2,5.960312500e-1,5.800000000e+1,,,
3.860000000e+2,5.960312500e-1,5.900000000e+1,,,
3.840000000e+2,5.919687500e-1,5.900000000e+1,,,
3.839375000e+2,6.040000000e-1,6.000000000e+1,,,
3.880312500e+2,5.960000000e-1,5.900000000e+1,,,
3.801093750e+2,5.995937500e-1,5.700000000e+1,,,
3.821093750e+2,6.080000000e-1,6.000000000e+1,,,
3.880000000e+2,5.960000000e-1,5.999218750e+1,,,
3.839843750e+2,6.040000000e-1,5.901562500e+1,,,
3.920312500e+2,5.920000000e-1,6.199218750e+1,,,
3.940156250e+2,6.040000000e-1,6.000781250e+1,,,
3.880000000e+2,5.920625000e-1,5.998437500e+1,,,
3.900000000e+2,5.999062500e-1,5.800000000e+1,,,
3.879843750e+2,6.040625000e-1,6.197656250e+1,,,
3.940000000e+2,6.040000000e-1,6.100000000e+1,,,
3.880000000e+2,6.159375000e-1,6.100781250e+1,,,
3.919531250e+2,6.159062500e-1,5.899218750e+1,,,
3.860468750e+2,6.120000000e-1,6.000000000e+1,,,
3.780000000e+2,6.160000000e-1,5.802343750e+1,,,
3.859375000e+2,6.119687500e-1,5.900000000e+1,,,
3.920000000e+2,6.199687500e-1,6.103125000e+1,,,
3.819531250e+2,6.120000000e-1,6.196875000e+1,,,
3.880937500e+2,6.080000000e-1,5.897656250e+1,,,
3.899531250e+2,6.160312500e-1,5.800000000e+1,,,
3.840000000e+2,6.200000000e-1,5.800000000e+1,,,
3.860156250e+2,6.163750000e-1,5.896875000e+1,,,
3.779687500e+2,6.039375000e-1,6.099218750e+1,,,
3.939531250e+2,6.239375000e-1,5.996093750e+1,,,
3.881718750e+2,6.199687500e-1,5.799218750e+1,,,
3.819843750e+2,6.160000000e-1,6.199218750e+1,,,
3.859218750e+2,6.200312500e-1,5.900000000e+1,,,
3.860312500e+2,6.039375000e-1,5.994531250e+1,,,
3.860000000e+2,6.280000000e-1,6.201562500e+1,,,
3.860000000e+2,6.280000000e-1,5.799218750e+1,,,
3.859531250e+2,6.080000000e-1,5.999218750e+1,,,
3.840781250e+2,6.201250000e-1,6.000000000e+1,,,
3.919843750e+2,6.198750000e-1,6.002343750e+1,,,
3.818750000e+2,6.160000000e-1,6.300000000e+1,,,
3.820468750e+2,6.239062500e-1,5.907031250e+1,,,
3.859218750e+2,6.240312500e-1,5.800000000e+1,,,
3.880937500e+2,6.239687500e-1,5.900000000e+1,,,
3.799843750e+2,6.279687500e-1,5.800000000e+1,,,
3.899218750e+2,6.199375000e-1,5.797656250e+1,,,
3.900468750e+2,6.160000000e-1,5.700781250e+1,,,
3.880468750e+2,6.199375000e-1,6.098437500e+1,,,
3.860000000e+2,6.279062500e-1,5.798437500e+1,,,
3.880312500e+2,6.280312500e-1,5.700000000e+1,,,
3.879531250e+2,6.200000000e-1,5.900000000e+1,,,
3.820000000e+2,6.160000000e-1,6.300000000e+1,,,
3.860000000e+2,6.200000000e-1,5.898437500e+1,,,
3.820000000e+2,6.200000000e-1,5.900000000e+1,,,
3.839843750e+2,6.319687500e-1,5.899218750e+1,,,
3.799531250e+2,6.200000000e-1,6.000781250e+1,,,
3.799687500e+2,6.240312500e-1,6.100781250e+1,,,
3.859531250e+2,6.319687500e-1,5.800781250e+1,,,
3.900000000e+2,6.239062500e-1,5.800000000e+1,,,
3.860468750e+2,6.240937500e-1,5.800000000e+1,,,
3.780312500e+2,6.279375000e-1,5.698437500e+1,,,
3.779531250e+2,6.163125000e-1,5.996093750e+1,,,
3.800000000e+2,6.120000000e-1,5.900781250e+1,,,
3.800000000e+2,6.120000000e-1,5.698437500e+1,,,
3.819062500e+2,6.120312500e-1,5.599218750e+1,,,
3.720000000e+2,6.200625000e-1,5.600000000e+1,,,
3.799843750e+2,6.159062500e-1,5.600000000e+1,,,
3.740156250e+2,6.079687500e-1,5.701562500e+1,,,
3.860000000e+2,6.120000000e-1,6.000000000e+1,,,
3.780000000e+2,6.039687500e-1,5.800000000e+1,,,
3.840000000e+2,6.039375000e-1,5.901562500e+1,,,
3.780156250e+2,5.920312500e-1,5.900000000e+1,,,
3.799843750e+2,6.040937500e-1,5.800781250e+1,,,
3.779843750e+2,5.959375000e-1,5.700000000e+1,,,
3.800156250e+2,5.879062500e-1,6.001562500e+1,,,
3.739531250e+2,5.960312500e-1,5.302343750e+1,,,
3.760000000e+2,5.960312500e-1,5.401562500e+1,,,
3.740000000e+2,5.999375000e-1,5.700000000e+1,,,
3.780312500e+2,5.836875000e-1,5.500781250e+1,,,
3.759375000e+2,5.721562500e-1,5.500000000e+1,,,
3.740312500e+2,5.921875000e-1,5.400000000e+1,,,
3.779531250e+2,5.920937500e-1,5.400000000e+1,,,
3.760468750e+2,5.720000000e-1,5.400000000e+1,,,
3.740156250e+2,5.599687500e-1,5.300781250e+1,,,
3.699843750e+2,5.681250000e-1,5.500000000e+1,,,
3.719687500e+2,5.760625000e-1,5.300000000e+1,,,
3.700781250e+2,5.719062500e-1,5.500000000e+1,,,
3.659687500e+2,5.521875000e-1,5.099218750e+1,,,
3.720937500e+2,5.559375000e-1,5.598437500e+1,,,
3.719062500e+2,5.640000000e-1,5.395312500e+1,,,
3.680156250e+2,5.560312500e-1,5.200000000e+1,,,
3.720156250e+2,5.639375000e-1,5.400000000e+1,,,
3.679843750e+2,5.438750000e-1,5.200000000e+1,,,
3.679843750e+2,5.439375000e-1,5.399218750e+1,,,
3.640000000e+2,5.280625000e-1,5.100000000e+1,,,
3.599531250e+2,5.440937500e-1,5.200000000e+1,,,
3.580000000e+2,5.357812500e-1,4.700000000e+1,,,
3.680000000e+2,5.320312500e-1,5.295312500e+1,,,
3.579531250e+2,5.318125000e-1,5.000000000e+1,,,
3.560000000e+2,5.158125000e-1,4.900000000e+1,,,
3.620468750e+2,5.161250000e-1,4.702343750e+1,,,
3.499531250e+2,5.120000000e-1,4.800000000e+1,,,
3.520781250e+2,4.919062500e-1,4.699218750e+1,,,
3.519375000e+2,4.880625000e-1,4.598437500e+1,,,
3.459218750e+2,4.798437500e-1,4.397656250e+1,,,
3.460312500e+2,4.719062500e-1,4.399218750e+1,,,
3.459843750e+2,4.640937500e-1,4.398437500e+1,,,
3.420000000e+2,4.640937500e-1,4.700000000e+1,,,
3.359843750e+2,4.398437500e-1,4.296875000e+1,,,
3.399843750e+2,4.240000000e-1,3.998437500e+1,,,
3.399843750e+2,4.079375000e-1,4.100000000e+1,,,
3.340625000e+2,3.999687500e-1,3.999218750e+1,,,
3.221406250e+2,3.798437500e-1,3.900000000e+1,,,
3.199062500e+2,3.480000000e-1,3.500000000e+1,,,
3.218593750e+2,3.440937500e-1,3.703125000e+1,,,
3.117812500e+2,3.360625000e-1,3.700781250e+1,,,
3.040156250e+2,3.275937500e-1,3.501562500e+1,,,
3.040000000e+2,2.999375000e-1,3.400000000e+1,,,
2.998906250e+2,3.037812500e-1,3.300781250e+1,,,
2.960468750e+2,2.791250000e-1,3.100781250e+1,,,
2.999531250e+2,2.560000000e-1,3.001562500e+1,,,
2.900156250e+2,2.360000000e-1,2.800000000e+1,,,
2.939687500e+2,2.200000000e-1,2.800000000e+1,,,
2.880156250e+2,2.080000000e-1,2.796875000e+1,,,
2.880156250e+2,1.960000000e-1,2.499218750e+1,,,
2.820000000e+2,1.873125000e-1,2.600000000e+1,,,
2.859843750e+2,1.599375000e-1,2.500000000e+1,,,
2.820156250e+2,1.680625000e-1,2.300781250e+1,,,
2.840000000e+2,1.519062500e-1,2.198437500e+1,,,
2.800000000e+2,1.398125000e-1,2.300000000e+1,,,
2.778906250e+2,1.239375000e-1,2.100781250e+1,,,
2.619843750e+2,1.279375000e-1,2.396875000e+1,,,
2.740000000e+2,1.160000000e-1,2.200000000e+1,,,
2.699687500e+2,1.279687500e-1,1.798437500e+1,,,
2.680156250e+2,1.236250000e-1,1.897656250e+1,,,
2.740000000e+2,9.587500000e-2,1.902343750e+1,,,
2.680000000e+2,1.123125000e-1,1.800000000e+1,,,
2.700000000e+2,1.117812500e-1,2.200000000e+1,,,
2.620000000e+2,1.078750000e-1,1.804687500e+1,,,
2.620000000e+2,1.039375000e-1,1.800000000e+1,,,
2.640000000e+2,1.040000000e-1,2.202343750e+1,,,
2.600312500e+2,9.996875000e-2,1.603125000e+1,,,
2.560000000e+2,9.193750000e-2,1.701562500e+1,,,
2.560156250e+2,8.412500000e-2,1.702343750e+1,,,
2.560625000e+2,1.041562500e-1,2.000000000e+1,,,
2.558437500e+2,9.159375000e-2,1.496093750e+1,,,
2.380625000e+2,8.006250000e-2,1.500000000e+1,,,
2.578906250e+2,8.800000000e-2,1.700000000e+1,,,
2.422031250e+2,8.006250000e-2,1.405468750e+1,,,
2.459531250e+2,8.400000000e-2,1.200000000e+1,,,
2.419843750e+2,7.996875000e-2,1.400000000e+1,,,
2.480937500e+2,8.800000000e-2,1.202343750e+1,,,
2.380937500e+2,8.390625000e-2,1.100000000e+1,,,
2.420468750e+2,9.562500000e-2,1.198437500e+1,,,
2.339843750e+2,9.221875000e-2,1.103906250e+1,,,
2.400000000e+2,8.790625000e-2,8.000000000e+0,,,
2.359843750e+2,1.079062500e-1,1.000781250e+1,,,
2.359531250e+2,1.079687500e-1,9.000000000e+0,,,
2.239687500e+2,1.120000000e-1,1.000000000e+1,,,
2.280000000e+2,1.160000000e-1,5.000000000e+0,,,
2.260000000e+2,1.160000000e-1,8.007812500e+0,,,
2.221093750e+2,1.160000000e-1,3.000000000e+0,,,
2.179375000e+2,1.160000000e-1,3.031250000e+0,,,
2.240000000e+2,1.160312500e-1,5.031250000e+0,,,
2.160156250e+2,1.159687500e-1,5.992187500e+0,,,
2.180000000e+2,1.240312500e-1,2.992187500e+0,,,
2.120625000e+2,1.161250000e-1,4.000000000e+0,,,
2.121093750e+2,1.236875000e-1,3.000000000e+0,,,
2.159062500e+2,1.320625000e-1,7.812500000e-3,,,
2.019531250e+2,1.120625000e-1,2.007812500e+0,,,
2.060312500e+2,1.120000000e-1,-1.000000000e+0,,,
1.999843750e+2,1.280000000e-1,-9.687500000e-1,,,
2.020312500e+2,1.161562500e-1,9.843750000e-1,,,
1.900000000e+2,1.079062500e-1,-2.968750000e+0,,,
1.959843750e+2,1.159062500e-1,-3.000000000e+0,,,
1.880000000e+2,1.160000000e-1,-1.007812500e+0,,,
1.960000000e+2,1.080000000e-1,-4.992187500e+0,,,
1.860000000e+2,1.080000000e-1,-3.007812500e+0,,,
1.820156250e+2,1.080000000e-1,-4.007812500e+0,,,
1.820468750e+2,1.080000000e-1,-5.007812500e+0,,,
1.760000000e+2,1.081250000e-1,-5.015625000e+0,,,
1.799687500e+2,9.609375000e-2,-9.023437500e+0,,,
1.819843750e+2,9.606250000e-2,-8.000000000e+0,,,
1.759843750e+2,8.800000000e-2,-9.015625000e+0,,,
1.759687500e+2,9.996875000e-2,-1.000000000e+1,,,
1.700156250e+2,9.203125000e-2,-9.007812500e+0,,,
1.720000000e+2,9.600000000e-2,-9.015625000e+0,,,
1.659843750e+2,8.812500000e-2,-6.000000000e+0,,,
1.680156250e+2,8.393750000e-2,-8.000000000e+0,,,
1.619843750e+2,8.006250000e-2,-1.100000000e+1,,,
1.719687500e+2,6.800000000e-2,-1.100000000e+1,,,
1.701093750e+2,6.000000000e-2,-1.100000000e+1,,,
1.639843750e+2,6.800000000e-2,-1.200000000e+1,,,
1.660468750e+2,4.065625000e-2,-1.000000000e+1,,,
1.579843750e+2,4.000000000e-2,-1.100000000e+1,,,
1.640937500e+2,2.793750000e-2,-9.000000000e+0,,,
1.618281250e+2,2.396875000e-2,-1.103906250e+1,,,
1.520156250e+2,2.393750000e-2,-1.400781250e+1,,,
1.662187500e+2,1.190625000e-2,-1.201562500e+1,,,
1.698906250e+2,3.812500000e-3,-1.000000000e+1,,,
1.580781250e+2,-3.687500000e-3,-1.300781250e+1,,,
1.638281250e+2,-3.603125000e-2,-1.100000000e+1,,,
1.679843750e+2,-2.809375000e-2,-1.300781250e+1,,,
1.660156250e+2,-4.793750000e-2,-1.098437500e+1,,,
1.619687500e+2,-4.806250000e-2,-1.099218750e+1,,,
1.699218750e+2,-5.984375000e-2,-9.000000000e+0,,,
1.699843750e+2,-8.743750000e-2,-1.300781250e+1,,,
1.719687500e+2,-9.200000000e-2,-1.000000000e+1,,,
1.679843750e+2,-9.200000000e-2,-9.000000000e+0,,,
1.700156250e+2,-8.800000000e-2,-1.000781250e+1,,,
1.720156250e+2,-1.041250000e-1,-9.007812500e+0,,,
1.760000000e+2,-1.160000000e-1,-9.000000000e+0,,,
1.700000000e+2,-1.121562500e-1,-8.976562500e+0,,,
1.740000000e+2,-1.079375000e-1,-6.000000000e+0,,,
1.680000000e+2,-1.239062500e-1,-8.984375000e+0,,,
1.719687500e+2,-1.240000000e-1,-9.000000000e+0,,,
1.760156250e+2,-1.200312500e-1,-1.100781250e+1,,,
1.680156250e+2,-1.160625000e-1,-8.023437500e+0,,,
1.739843750e+2,-1.240312500e-1,-9.984375000e+0,,,
1.719687500e+2,-1.200000000e-1,-1.203906250e+1,,,
1.819843750e+2,-1.200625000e-1,-8.000000000e+0,,,
1.760000000e+2,-1.080625000e-1,-1.001562500e+1,,,
1.719843750e+2,-1.120000000e-1,-9.007812500e+0,,,
1.761250000e+2,-1.160000000e-1,-1.100000000e+1,,,
1.838906250e+2,-1.079687500e-1,-7.984375000e+0,,,
1.659687500e+2,-1.080625000e-1,-9.007812500e+0,,,
1.799531250e+2,-9.650000000e-2,-7.023437500e+0,,,
1.760312500e+2,-8.790625000e-2,-6.984375000e+0,,,
1.719843750e+2,-1.000000000e-1,-7.992187500e+0,,,
1.800468750e+2,-9.193750000e-2,-7.000000000e+0,,,
1.680468750e+2,-8.400000000e-2,-9.015625000e+0,,,
1.758593750e+2,-8.803125000e-2,-6.000000000e+0,,,
1.741250000e+2,-7.603125000e-2,-8.968750000e+0,,,
1.699218750e+2,-8.000000000e-2,-9.007812500e+0,,,
1.701875000e+2,-6.800000000e-2,-9.000000000e+0,,,
1.799531250e+2,-6.015625000e-2,-7.984375000e+0,,,
1.659062500e+2,-6.793750000e-2,-1.400000000e+1,,,
1.720781250e+2,-3.987500000e-2,-1.396875000e+1,,,
1.700312500e+2,-4.803125000e-2,-1.101562500e+1,,,
1.759843750e+2,-3.593750000e-2,-9.976562500e+0,,,
1.700000000e+2,-5.193750000e-2,-1.200781250e+1,,,
1.739687500e+2,-3.609375000e-2,-1.200000000e+1,,,
1.661406250e+2,-3.193750000e-2,-1.100000000e+1,,,
1.580156250e+2,-2.006250000e-2,-1.003125000e+1,,,
1.598906250e+2,-4.400000000e-2,-1.300781250e+1,,,
1.659843750e+2,-3.218750000e-2,-1.104687500e+1,,,
1.619531250e+2,-2.396875000e-2,-1.102343750e+1,,,
1.619843750e+2,-2.800000000e-2,-1.700000000e+1,,,
1.579843750e+2,-2.400000000e-2,-1.400000000e+1,,,
1.600312500e+2,-2.403125000e-2,-1.400781250e+1,,,
1.620000000e+2,-2.800000000e-2,-1.500000000e+1,,,
1.620000000e+2,-2.400000000e-2,-1.400000000e+1,,,
1.580000000e+2,-1.984375000e-2,-1.300781250e+1,,,
1.619531250e+2,-3.600000000e-2,-1.300781250e+1,,,
1.520000000e+2,-3.196875000e-2,-1.400000000e+1,,,
1.599843750e+2,-2.812500000e-2,-1.400000000e+1,,,
1.539531250e+2,-4.000000000e-2,-1.400781250e+1,,,
1.499843750e+2,-2.784375000e-2,-1.600000000e+1,,,
1.579843750e+2,-3.221875000e-2,-1.602343750e+1,,,
1.520468750e+2,-4.784375000e-2,-1.490625000e+1,,,
1.520000000e+2,-4.400000000e-2,-1.801562500e+1,,,
1.520000000e+2,-4.803125000e-2,-1.100000000e+1,,,
1.580156250e+2,-5.203125000e-2,-1.809375000e+1,,,
1.539375000e+2,-5.181250000e-2,-1.596875000e+1,,,
1.520000000e+2,-4.006250000e-2,-1.700000000e+1,,,
1.540156250e+2,-5.996875000e-2,-1.799218750e+1,,,
1.560000000e+2,-5.196875000e-2,-1.500000000e+1,,,
1.540000000e+2,-6.806250000e-2,-1.800781250e+1,,,
1.500000000e+2,-6.396875000e-2,-1.400000000e+1,,,
1.539687500e+2,-5.596875000e-2,-1.700000000e+1,,,
1.579218750e+2,-5.600000000e-2,-1.400000000e+1,,,
1.600625000e+2,-5.606250000e-2,-1.800000000e+1,,,
1.500781250e+2,-6.800000000e-2,-1.700781250e+1,,,
1.460468750e+2,-5.590625000e-2,-1.600000000e+1,,,
1.500156250e+2,-6.012500000e-2,-1.799218750e+1,,,
1.479843750e+2,-6.800000000e-2,-1.300000000e+1,,,
1.520468750e+2,-6.400000000e-2,-1.699218750e+1,,,
1.519843750e+2,-6.800000000e-2,-1.600000000e+1,,,
1.520000000e+2,-6.400000000e-2,-1.599218750e+1,,,
1.520156250e+2,-7.193750000e-2,-1.799218750e+1,,,
1.500781250e+2,-7.600000000e-2,-1.800000000e+1,,,
1.479687500e+2,-7.609375000e-2,-1.898437500e+1,,,
1.559531250e+2,-6.400000000e-2,-1.600000000e+1,,,
1.540312500e+2,-6.806250000e-2,-1.900000000e+1,,,
1.520468750e+2,-6.396875000e-2,-2.000000000e+1,,,
1.480468750e+2,-5.993750000e-2,-1.601562500e+1,,,
1.500625000e+2,-6.800000000e-2,-1.899218750e+1,,,
1.498750000e+2,-6.396875000e-2,-1.897656250e+1,,,
1.440468750e+2,-5.615625000e-2,-1.599218750e+1,,,
1.560781250e+2,-7.209375000e-2,-1.699218750e+1,,,
1.539687500e+2,-5.565625000e-2,-1.800781250e+1,,,
1.499687500e+2,-4.415625000e-2,-2.000781250e+1,,,
1.480000000e+2,-6.387500000e-2,-2.002343750e+1,,,
1.479843750e+2,-5.187500000e-2,-1.800000000e+1,,,
1.460000000e+2,-5.209375000e-2,-1.800000000e+1,,,
1.500000000e+2,-5.606250000e-2,-1.798437500e+1,,,
1.479687500e+2,-5.600000000e-2,-2.000000000e+1,,,
1.440000000e+2,-5.596875000e-2,-2.000000000e+1,,,
1.399218750e+2,-5.196875000e-2,-1.899218750e+1,,,
1.480000000e+2,-4.800000000e-2,-2.000000000e+1,,,
1.399062500e+2,-5.203125000e-2,-2.000000000e+1,,,
1.380625000e+2,-5.200000000e-2,-2.000000000e+1,,,
1.419843750e+2,-5.193750000e-2,-1.900781250e+1,,,
1.380156250e+2,-4.803125000e-2,-1.999218750e+1,,,
1.440000000e+2,-5.609375000e-2,-1.800781250e+1,,,
1.400000000e+2,-6.009375000e-2,-1.900000000e+1,,,
1.480000000e+2,-5.200000000e-2,-1.900000000e+1,,,
1.420468750e+2,-6.000000000e-2,-1.900000000e+1,,,
1.360000000e+2,-4.381250000e-2,-1.999218750e+1,,,
1.379843750e+2,-4.412500000e-2,-2.100781250e+1,,,
1.400000000e+2,-5.209375000e-2,-2.200781250e+1,,,
1.399531250e+2,-5.200000000e-2,-2.002343750e+1,,,
1.440000000e+2,-4.000000000e-2,-2.002343750e+1,,,
1.378281250e+2,-4.809375000e-2,-2.200000000e+1,,,
1.319843750e+2,-4.793750000e-2,-2.001562500e+1,,,
1.341250000e+2,-4.393750000e-2,-2.100000000e+1,,,
1.400468750e+2,-3.996875000e-2,-2.100000000e+1,,,
1.379375000e+2,-4.425000000e-2,-2.196093750e+1,,,
1.360000000e+2,-4.800000000e-2,-2.500000000e+1,,,
1.359843750e+2,-3.600000000e-2,-2.300000000e+1,,,
1.340312500e+2,-5.600000000e-2,-2.401562500e+1,,,
1.320000000e+2,-3.990625000e-2,-2.003125000e+1,,,
1.320000000e+2,-4.818750000e-2,-2.603125000e+1,,,
1.319218750e+2,-4.778125000e-2,-2.200000000e+1,,,
1.380156250e+2,-3.593750000e-2,-2.100000000e+1,,,
1.320468750e+2,-3.981250000e-2,-2.497656250e+1,,,
1.360781250e+2,-4.400000000e-2,-2.402343750e+1,,,
1.380000000e+2,-4.812500000e-2,-2.100000000e+1,,,
1.339375000e+2,-5.593750000e-2,-1.901562500e+1,,,
1.239531250e+2,-4.384375000e-2,-2.297656250e+1,,,
1.220000000e+2,-4.412500000e-2,-2.400000000e+1,,,
1.320312500e+2,-5.200000000e-2,-2.501562500e+1,,,
1.299687500e+2,-4.815625000e-2,-2.701562500e+1,,,
1.260312500e+2,-6.396875000e-2,-2.401562500e+1,,,
1.380000000e+2,-4.371875000e-2,-2.500000000e+1,,,
1.280000000e+2,-4.840625000e-2,-2.500781250e+1,,,
1.300000000e+2,-5.584375000e-2,-2.400000000e+1,,,
1.280000000e+2,-4.800000000e-2,-2.400000000e+1,,,
1.299843750e+2,-5.600000000e-2,-2.298437500e+1,,,
1.299843750e+2,-4.790625000e-2,-2.598437500e+1,,,
1.320000000e+2,-4.400000000e-2,-2.700781250e+1,,,
1.220312500e+2,-4.803125000e-2,-2.697656250e+1,,,
1.319843750e+2,-4.803125000e-2,-2.300000000e+1,,,
1.199843750e+2,-5.206250000e-2,-2.502343750e+1,,,
1.321093750e+2,-5.193750000e-2,-2.500000000e+1,,,
1.262812500e+2,-4.775000000e-2,-2.600000000e+1,,,
1.158906250e+2,-5.996875000e-2,-2.501562500e+1,,,
1.299218750e+2,-4.825000000e-2,-2.500000000e+1,,,
1.221875000e+2,-3.996875000e-2,-2.501562500e+1,,,
1.257656250e+2,-4.793750000e-2,-2.801562500e+1,,,
1.262812500e+2,-4.812500000e-2,-2.300000000e+1,,,
1.160156250e+2,-4.403125000e-2,-2.498437500e+1,,,
1.220156250e+2,-4.403125000e-2,-2.303906250e+1,,,
1.160000000e+2,-4.393750000e-2,-2.299218750e+1,,,
1.220312500e+2,-5.203125000e-2,-2.600781250e+1,,,
1.259843750e+2,-4.003125000e-2,-2.600000000e+1,,,
1.199687500e+2,-4.800000000e-2,-2.700000000e+1,,,
1.220000000e+2,-4.000000000e-2,-2.700000000e+1,,,
1.220000000e+2,-4.790625000e-2,-2.496093750e+1,,,
1.200468750e+2,-4.012500000e-2,-2.800000000e+1,,,
1.180156250e+2,-4.384375000e-2,-2.600000000e+1,,,
1.179687500e+2,-5.203125000e-2,-2.903125000e+1,,,
1.239843750e+2,-4.403125000e-2,-2.799218750e+1,,,
1.181406250e+2,-4.406250000e-2,-2.600781250e+1,,,
1.139218750e+2,-3.587500000e-2,-2.800000000e+1,,,
1.241250000e+2,-4.803125000e-2,-2.700000000e+1,,,
1.238906250e+2,-3.606250000e-2,-3.100000000e+1,,,
1.159687500e+2,-4.796875000e-2,-2.596093750e+1,,,
1.180000000e+2,-4.800000000e-2,-2.600000000e+1,,,
1.119843750e+2,-4.400000000e-2,-2.803125000e+1,,,
1.139843750e+2,-5.596875000e-2,-2.896093750e+1,,,
1.140000000e+2,-4.443750000e-2,-2.500781250e+1,,,
1.120000000e+2,-4.000000000e-2,-2.800000000e+1,,,
1.139687500e+2,-4.400000000e-2,-2.800781250e+1,,,
1.180000000e+2,-5.200000000e-2,-2.898437500e+1,,,
1.120000000e+2,-4.803125000e-2,-3.200781250e+1,,,
1.160000000e+2,-4.803125000e-2,-2.799218750e+1,,,
1.120937500e+2,-5.200000000e-2,-2.903906250e+1,,,
1.080000000e+2,-4.806250000e-2,-2.500781250e+1,,,
1.120000000e+2,-4.806250000e-2,-3.006250000e+1,,,
1.059843750e+2,-4.390625000e-2,-3.000000000e+1,,,
1.100781250e+2,-5.200000000e-2,-2.900000000e+1,,,
1.139843750e+2,-3.603125000e-2,-2.898437500e+1,,,
1.080156250e+2,-4.387500000e-2,-2.800000000e+1,,,
1.080000000e+2,-4.818750000e-2,-2.999218750e+1,,,
1.079687500e+2,-4.006250000e-2,-3.000781250e+1,,,
1.019843750e+2,-4.787500000e-2,-3.100000000e+1,,,
1.099218750e+2,-5.600000000e-2,-3.000000000e+1,,,
1.100156250e+2,-4.800000000e-2,-3.000781250e+1,,,
1.060468750e+2,-4.400000000e-2,-3.100000000e+1,,,
1.040000000e+2,-5.200000000e-2,-2.900000000e+1,,,
1.040000000e+2,-6.071875000e-2,-2.898437500e+1,,,
1.040000000e+2,-4.000000000e-2,-3.201562500e+1,,,
1.060468750e+2,-6.400000000e-2,-3.200000000e+1,,,
1.079687500e+2,-3.990625000e-2,-3.197656250e+1,,,
1.019218750e+2,-4.000000000e-2,-2.900781250e+1,,,
9.996875000e+1,-4.006250000e-2,-3.300000000e+1,,,
1.021093750e+2,-5.606250000e-2,-3.000781250e+1,,,
1.140156250e+2,-4.003125000e-2,-3.201562500e+1,,,
1.021250000e+2,-5.206250000e-2,-3.200781250e+1,,,
1.059843750e+2,-3.593750000e-2,-3.301562500e+1,,,
1.040000000e+2,-6.000000000e-2,-3.193750000e+1,,,
1.039687500e+2,-3.596875000e-2,-2.900000000e+1,,,
1.060156250e+2,-4.793750000e-2,-3.200000000e+1,,,
1.020312500e+2,-5.606250000e-2,-3.200000000e+1,,,
1.040625000e+2,-5.600000000e-2,-3.100000000e+1,,,
1.039687500e+2,-6.000000000e-2,-3.200781250e+1,,,
9.601562500e+1,-4.800000000e-2,-3.301562500e+1,,,
1.060156250e+2,-5.600000000e-2,-3.500000000e+1,,,
1.020468750e+2,-4.400000000e-2,-3.302343750e+1,,,
9.400000000e+1,-5.193750000e-2,-3.000000000e+1,,,
1.040000000e+2,-4.412500000e-2,-3.200000000e+1,,,
9.803125000e+1,-3.993750000e-2,-3.400000000e+1,,,
9.400000000e+1,-5.200000000e-2,-3.400000000e+1,,,
9.798437500e+1,-4.806250000e-2,-3.400000000e+1,,,
9.801562500e+1,-4.006250000e-2,-3.400781250e+1,,,
9.600000000e+1,-5.203125000e-2,-3.300000000e+1,,,
9.593750000e+1,-4.815625000e-2,-3.403906250e+1,,,
1.000156250e+2,-3.993750000e-2,-3.100000000e+1,,,
9.000000000e+1,-5.196875000e-2,-3.500781250e+1,,,
9.803125000e+1,-4.400000000e-2,-3.302343750e+1,,,
9.196875000e+1,-4.806250000e-2,-3.802343750e+1,,,
9.603125000e+1,-6.003125000e-2,-3.596093750e+1,,,
9.396875000e+1,-5.606250000e-2,-3.500000000e+1,,,
9.201562500e+1,-4.815625000e-2,-3.399218750e+1,,,
8.998437500e+1,-4.403125000e-2,-3.500000000e+1,,,
9.600000000e+1,-4.396875000e-2,-3.400781250e+1,,,
9.000000000e+1,-5.203125000e-2,-3.500781250e+1,,,
9.595312500e+1,-4.800000000e-2,-3.200000000e+1,,,
9.014062500e+1,-4.396875000e-2,-3.700000000e+1,,,
8.600000000e+1,-5.603125000e-2,-3.705468750e+1,,,
8.809375000e+1,-4.400000000e-2,-3.498437500e+1,,,
9.203125000e+1,-5.200000000e-2,-3.900781250e+1,,,
8.995312500e+1,-4.000000000e-2,-3.601562500e+1,,,
8.600000000e+1,-5.203125000e-2,-3.600000000e+1,,,
8.795312500e+1,-4.400000000e-2,-3.701562500e+1,,,
8.404687500e+1,-5.203125000e-2,-3.601562500e+1,,,
9.201562500e+1,-4.406250000e-2,-3.300000000e+1,,,
8.607812500e+1,-4.800000000e-2,-3.601562500e+1,,,
8.600000000e+1,-4.400000000e-2,-3.700000000e+1,,,
8.590625000e+1,-5.203125000e-2,-3.400000000e+1,,,
9.398437500e+1,-4.796875000e-2,-3.403125000e+1,,,
8.614062500e+1,-4.400000000e-2,-3.702343750e+1,,,
8.195312500e+1,-4.390625000e-2,-3.900781250e+1,,,
8.809375000e+1,-5.206250000e-2,-4.000781250e+1,,,
8.996875000e+1,-4.003125000e-2,-4.100000000e+1,,,
8.593750000e+1,-4.800000000e-2,-3.800000000e+1,,,
8.406250000e+1,-4.403125000e-2,-3.600000000e+1,,,
9.200000000e+1,-5.200000000e-2,-3.802343750e+1,,,
8.400000000e+1,-4.000000000e-2,-4.200000000e+1,,,
8.598437500e+1,-4.381250000e-2,-3.702343750e+1,,,
8.195312500e+1,-5.200000000e-2,-3.700000000e+1,,,
7.800000000e+1,-4.800000000e-2,-3.600000000e+1,,,
7.998437500e+1,-4.800000000e-2,-3.799218750e+1,,,
8.000000000e+1,-4.806250000e-2,-3.900000000e+1,,,
8.000000000e+1,-5.196875000e-2,-3.700000000e+1,,,
7.798437500e+1,-4.396875000e-2,-3.998437500e+1,,,
8.200000000e+1,-4.800000000e-2,-3.902343750e+1,,,
7.600000000e+1,-4.796875000e-2,-3.900781250e+1,,,
7.800000000e+1,-5.996875000e-2,-3.800781250e+1,,,
8.396875000e+1,-3.996875000e-2,-4.101562500e+1,,,
7.798437500e+1,-4.800000000e-2,-3.899218750e+1,,,
8.198437500e+1,-3.600000000e-2,-4.000000000e+1,,,
7.601562500e+1,-5.187500000e-2,-3.799218750e+1,,,
8.600000000e+1,-4.806250000e-2,-3.800000000e+1,,,
8.000000000e+1,-4.003125000e-2,-4.299218750e+1,,,
7.800000000e+1,-5.209375000e-2,-4.097656250e+1,,,
7.798437500e+1,-6.000000000e-2,-4.100000000e+1,,,
8.192187500e+1,-5.181250000e-2,-4.000000000e+1,,,
8.212500000e+1,-3.996875000e-2,-4.200000000e+1,,,
7.198437500e+1,-3.978125000e-2,-4.000000000e+1,,,
8.007812500e+1,-5.203125000e-2,-4.199218750e+1,,,
7.387500000e+1,-4.796875000e-2,-4.199218750e+1,,,
7.001562500e+1,-5.203125000e-2,-4.000781250e+1,,,
7.418750000e+1,-4.793750000e-2,-4.300000000e+1,,,
8.193750000e+1,-4.387500000e-2,-4.100000000e+1,,,
7.195312500e+1,-4.006250000e-2,-4.000000000e+1,,,
7.792187500e+1,-5.193750000e-2,-4.198437500e+1,,,
7.410937500e+1,-5.200000000e-2,-4.400000000e+1,,,
7.198437500e+1,-4.803125000e-2,-4.198437500e+1,,,
7.603125000e+1,-5.212500000e-2,-4.200000000e+1,,,
6.801562500e+1,-5.596875000e-2,-4.200000000e+1,,,
7.393750000e+1,-3.993750000e-2,-4.200000000e+1,,,
7.209375000e+1,-3.590625000e-2,-4.099218750e+1,,,
7.409375000e+1,-4.396875000e-2,-4.299218750e+1,,,
7.798437500e+1,-4.400000000e-2,-4.300000000e+1,,,
7.190625000e+1,-4.003125000e-2,-4.300000000e+1,,,
6.798437500e+1,-4.393750000e-2,-4.200781250e+1,,,
6.600000000e+1,-3.609375000e-2,-4.202343750e+1,,,
6.801562500e+1,-5.203125000e-2,-4.400000000e+1,,,
7.200000000e+1,-4.400000000e-2,-4.103125000e+1,,,
6.993750000e+1,-5.196875000e-2,-4.200000000e+1,,,
6.600000000e+1,-4.000000000e-2,-4.300000000e+1,,,
7.000000000e+1,-5.209375000e-2,-4.301562500e+1,,,
6.800000000e+1,-4.390625000e-2,-4.200000000e+1,,,
7.000000000e+1,-4.806250000e-2,-4.200000000e+1,,,
6.006250000e+1,-4.800000000e-2,-4.196093750e+1,,,
6.401562500e+1,-5.200000000e-2,-4.500000000e+1,,,
6.600000000e+1,-5.196875000e-2,-4.397656250e+1,,,
6.596875000e+1,-4.396875000e-2,-4.300781250e+1,,,
6.395312500e+1,-4.406250000e-2,-4.500781250e+1,,,
6.407812500e+1,-4.809375000e-2,-4.296093750e+1,,,
6.798437500e+1,-5.200000000e-2,-4.299218750e+1,,,
6.000000000e+1,-4.812500000e-2,-4.499218750e+1,,,
7.203125000e+1,-4.403125000e-2,-4.500781250e+1,,,
6.803125000e+1,-5.203125000e-2,-4.600000000e+1,,,
6.198437500e+1,-4.384375000e-2,-4.500781250e+1,,,
6.400000000e+1,-4.012500000e-2,-4.400000000e+1,,,
6.204687500e+1,-5.200000000e-2,-4.500781250e+1,,,
6.001562500e+1,-4.400000000e-2,-4.400000000e+1,,,
6.007812500e+1,-5.206250000e-2,-4.702343750e+1,,,
6.192187500e+1,-4.796875000e-2,-4.700781250e+1,,,
5.598437500e+1,-4.803125000e-2,-4.497656250e+1,,,
6.212500000e+1,-4.800000000e-2,-4.900000000e+1,,,
6.182812500e+1,-4.378125000e-2,-4.602343750e+1,,,
5.196875000e+1,-4.028125000e-2,-4.399218750e+1,,,
6.017187500e+1,-5.600000000e-2,-4.692968750e+1,,,
6.404687500e+1,-4.400000000e-2,-4.900000000e+1,,,
5.409375000e+1,-4.800000000e-2,-4.301562500e+1,,,
5.398437500e+1,-4.787500000e-2,-4.609375000e+1,,,
5.598437500e+1,-3.609375000e-2,-5.000000000e+1,,,
5.603125000e+1,-5.615625000e-2,-4.700000000e+1,,,
5.395312500e+1,-4.793750000e-2,-4.500000000e+1,,,
5.806250000e+1,-5.209375000e-2,-4.700000000e+1,,,
4.998437500e+1,-4.003125000e-2,-4.403906250e+1,,,
5.810937500e+1,-5.615625000e-2,-4.400000000e+1,,,
5.795312500e+1,-5.193750000e-2,-4.800781250e+1,,,
5.398437500e+1,-5.196875000e-2,-4.504687500e+1,,,
5.400000000e+1,-4.390625000e-2,-4.500000000e+1,,,
5.995312500e+1,-4.396875000e-2,-4.901562500e+1,,,
4.193750000e+1,-5.212500000e-2,-4.903125000e+1,,,
4.603125000e+1,-5.587500000e-2,-4.798437500e+1,,,
5.000000000e+1,-4.815625000e-2,-5.000000000e+1,,,
5.200000000e+1,-6.403125000e-2,-4.601562500e+1,,,
5.200000000e+1,-4.762500000e-2,-4.696093750e+1,,,
4.800000000e+1,-4.806250000e-2,-4.900000000e+1,,,
5.195312500e+1,-4.400000000e-2,-4.600000000e+1,,,
5.801562500e+1,-4.809375000e-2,-4.995312500e+1,,,
4.600000000e+1,-5.200000000e-2,-5.097656250e+1,,,
4.807812500e+1,-4.393750000e-2,-4.696875000e+1,,,
5.607812500e+1,-4.415625000e-2,-4.600000000e+1,,,
5.787500000e+1,-5.203125000e-2,-4.899218750e+1,,,
4.400000000e+1,-4.393750000e-2,-4.700000000e+1,,,
5.584375000e+1,-3.587500000e-2,-5.100000000e+1,,,
5.209375000e+1,-4.775000000e-2,-5.003125000e+1,,,
5.004687500e+1,-5.209375000e-2,-4.800000000e+1,,,
4.596875000e+1,-4.412500000e-2,-4.600781250e+1,,,
5.001562500e+1,-4.393750000e-2,-4.897656250e+1,,,
4.417187500e+1,-5.200000000e-2,-5.000000000e+1,,,
4.575000000e+1,-4.806250000e-2,-5.003125000e+1,,,
5.195312500e+1,-5.196875000e-2,-4.699218750e+1,,,
4.196875000e+1,-4.812500000e-2,-5.099218750e+1,,,
4.604687500e+1,-3.996875000e-2,-4.999218750e+1,,,
5.398437500e+1,-5.596875000e-2,-5.001562500e+1,,,
4.396875000e+1,-4.800000000e-2,-4.700000000e+1,,,
4.798437500e+1,-4.000000000e-2,-4.900000000e+1,,,
4.200000000e+1,-5.596875000e-2,-5.095312500e+1,,,
5.393750000e+1,-4.409375000e-2,-5.100000000e+1,,,
4.409375000e+1,-5.193750000e-2,-4.801562500e+1,,,
4.200000000e+1,-4.803125000e-2,-5.203906250e+1,,,
4.393750000e+1,-5.200000000e-2,-5.100000000e+1,,,
4.803125000e+1,-4.796875000e-2,-5.100000000e+1,,,
4.012500000e+1,-5.603125000e-2,-5.000000000e+1,,,
3.812500000e+1,-4.415625000e-2,-5.000000000e+1,,,
4.801562500e+1,-4.793750000e-2,-5.000000000e+1,,,
3.795312500e+1,-5.200000000e-2,-4.999218750e+1,,,
3.603125000e+1,-5.200000000e-2,-5.000000000e+1,,,
3.800000000e+1,-5.600000000e-2,-5.300000000e+1,,,
3.801562500e+1,-4.803125000e-2,-4.997656250e+1,,,
3.200000000e+1,-4.825000000e-2,-5.099218750e+1,,,
4.001562500e+1,-3.993750000e-2,-5.000000000e+1,,,
3.600000000e+1,-5.200000000e-2,-5.100781250e+1,,,
4.000000000e+1,-4.000000000e-2,-5.100000000e+1,,,
3.600000000e+1,-4.796875000e-2,-5.100781250e+1,,,
3.600000000e+1,-5.203125000e-2,-5.001562500e+1,,,
3.596875000e+1,-5.600000000e-2,-5.396875000e+1,,,
3.600000000e+1,-4.006250000e-2,-5.300781250e+1,,,
3.000000000e+1,-5.187500000e-2,-5.497656250e+1,,,
3.403125000e+1,-4.806250000e-2,-5.100000000e+1,,,
3.796875000e+1,-5.200000000e-2,-5.503125000e+1,,,
3.398437500e+1,-5.606250000e-2,-5.397656250e+1,,,
3.596875000e+1,-3.603125000e-2,-5.400781250e+1,,,
4.000000000e+1,-5.171875000e-2,-5.299218750e+1,,,
3.600000000e+1,-4.809375000e-2,-5.400000000e+1,,,
4.201562500e+1,-4.806250000e-2,-5.200000000e+1,,,
3.007812500e+1,-4.000000000e-2,-5.400000000e+1,,,
3.196875000e+1,-4.800000000e-2,-5.600000000e+1,,,
3.596875000e+1,-4.800000000e-2,-5.300000000e+1,,,
3.409375000e+1,-4.400000000e-2,-5.600000000e+1,,,
2.803125000e+1,-5.978125000e-2,-5.500000000e+1,,,
3.210937500e+1,-5.200000000e-2,-5.498437500e+1,,,
3.800000000e+1,-4.800000000e-2,-5.101562500e+1,,,
3.390625000e+1,-4.796875000e-2,-5.203906250e+1,,,
3.203125000e+1,-3.600000000e-2,-5.500781250e+1,,,
3.601562500e+1,-4.403125000e-2,-5.400000000e+1,,,
3.400000000e+1,-3.996875000e-2,-5.500000000e+1,,,
3.406250000e+1,-6.393750000e-2,-5.399218750e+1,,,
2.798437500e+1,-4.821875000e-2,-5.500781250e+1,,,
3.398437500e+1,-4.781250000e-2,-5.600000000e+1,,,
3.001562500e+1,-6.403125000e-2,-5.497656250e+1,,,
2.995312500e+1,-4.396875000e-2,-5.500781250e+1,,,
3.006250000e+1,-5.196875000e-2,-5.600000000e+1,,,
2.401562500e+1,-5.234375000e-2,-5.500000000e+1,,,
3.009375000e+1,-4.003125000e-2,-5.600000000e+1,,,
3.401562500e+1,-4.800000000e-2,-5.500000000e+1,,,
3.401562500e+1,-5.600000000e-2,-5.601562500e+1,,,
3.195312500e+1,-4.400000000e-2,-5.700000000e+1,,,
2.200000000e+1,-5.600000000e-2,-5.700781250e+1,,,
3.000000000e+1,-4.815625000e-2,-5.600000000e+1,,,
3.400000000e+1,-3.996875000e-2,-5.600000000e+1,,,
1.804687500e+1,-5.187500000e-2,-5.500781250e+1,,,
1.998437500e+1,-5.600000000e-2,-5.600000000e+1,,,
2.201562500e+1,-4.806250000e-2,-5.700000000e+1,,,
1.598437500e+1,-4.403125000e-2,-5.700000000e+1,,,
2.793750000e+1,-4.803125000e-2,-5.700781250e+1,,,
3.003125000e+1,-4.796875000e-2,-5.601562500e+1,,,
2.801562500e+1,-5.203125000e-2,-5.700000000e+1,,,
2.400000000e+1,-4.406250000e-2,-5.999218750e+1,,,
2.392187500e+1,-4.800000000e-2,-5.697656250e+1,,,
1.606250000e+1,-5.196875000e-2,-5.800781250e+1,,,
3.004687500e+1,-3.993750000e-2,-5.599218750e+1,,,
1.989062500e+1,-3.193750000e-2,-5.701562500e+1,,,
1.800000000e+1,-5.575000000e-2,-5.701562500e+1,,,
1.798437500e+1,-4.418750000e-2,-5.698437500e+1,,,
2.196875000e+1,-4.396875000e-2,-5.900000000e+1,,,
2.610937500e+1,-5.203125000e-2,-5.700781250e+1,,,
1.400000000e+1,-4.800000000e-2,-5.800781250e+1,,,
2.393750000e+1,-3.996875000e-2,-5.700000000e+1,,,
1.615625000e+1,-5.584375000e-2,-6.001562500e+1,,,
1.801562500e+1,-5.200000000e-2,-5.600781250e+1,,,
1.596875000e+1,-4.400000000e-2,-5.800000000e+1,,,
1.804687500e+1,-3.203125000e-2,-5.500000000e+1,,,
2.196875000e+1,-4.403125000e-2,-5.800000000e+1,,,
1.587500000e+1,-4.415625000e-2,-6.101562500e+1,,,
1.612500000e+1,-6.403125000e-2,-6.002343750e+1,,,
2.398437500e+1,-5.212500000e-2,-5.600000000e+1,,,
1.409375000e+1,-5.209375000e-2,-6.001562500e+1,,,
1.589062500e+1,-3.996875000e-2,-6.000000000e+1,,,
1.615625000e+1,-6.006250000e-2,-5.800000000e+1,,,
3.984375000e+0,-5.600000000e-2,-5.903125000e+1,,,
1.787500000e+1,-5.600000000e-2,-6.101562500e+1,,,
1.601562500e+1,-4.003125000e-2,-6.201562500e+1,,,
2.000000000e+1,-5.187500000e-2,-5.999218750e+1,,,
1.596875000e+1,-5.593750000e-2,-6.000000000e+1,,,
1.600000000e+1,-6.800000000e-2,-5.800000000e+1,,,
1.603125000e+1,-4.796875000e-2,-6.001562500e+1,,,
1.798437500e+1,-5.600000000e-2,-6.100781250e+1,,,
1.200000000e+1,-4.800000000e-2,-6.100000000e+1,,,
2.000000000e+1,-4.787500000e-2,-5.900000000e+1,,,
1.193750000e+1,-5.600000000e-2,-6.100781250e+1,,,
1.398437500e+1,-5.196875000e-2,-6.000000000e+1,,,
1.400000000e+1,-4.796875000e-2,-6.200000000e+1,,,
1.396875000e+1,-4.396875000e-2,-6.000000000e+1,,,
8.000000000e+0,-4.412500000e-2,-6.200000000e+1,,,
1.196875000e+1,-5.193750000e-2,-6.400781250e+1,,,
1.400000000e+1,-4.375000000e-2,-6.106250000e+1,,,
1.200000000e+1,-6.396875000e-2,-6.000000000e+1,,,
1.000000000e+1,-5.196875000e-2,-6.201562500e+1,,,
1.000000000e+1,-5.600000000e-2,-6.400000000e+1,,,
1.000000000e+1,-4.793750000e-2,-6.196875000e+1,,,
1.000000000e+1,-4.800000000e-2,-5.900000000e+1,,,
7.984375000e+0,-4.400000000e-2,-6.001562500e+1,,,
8.000000000e+0,-5.196875000e-2,-6.200000000e+1,,,
1.000000000e+1,-5.200000000e-2,-6.400781250e+1,,,
1.000000000e+1,-4.803125000e-2,-6.100781250e+1,,,
4.000000000e+0,-5.612500000e-2,-6.400000000e+1,,,
7.953125000e+0,-5.587500000e-2,-6.100781250e+1,,,
7.953125000e+0,-4.396875000e-2,-6.300000000e+1,,,
1.198437500e+1,-4.796875000e-2,-6.400000000e+1,,,
5.843750000e+0,-4.806250000e-2,-6.400000000e+1,,,
-1.562500000e-2,-5.600000000e-2,-6.399218750e+1,,,
-9.375000000e-2,-4.790625000e-2,-6.200000000e+1,,,
-1.796875000e+0,-4.806250000e-2,-6.400000000e+1,,,
1.403125000e+1,-4.793750000e-2,-6.300000000e+1,,,
1.828125000e+0,-4.403125000e-2,-6.099218750e+1,,,
3.796875000e+0,-5.193750000e-2,-6.300000000e+1,,,
1.200000000e+1,-5.200000000e-2,-6.200000000e+1,,,
4.031250000e+0,-4.400000000e-2,-6.401562500e+1,,,
1.875000000e+0,-4.803125000e-2,-6.400000000e+1,,,
1.400000000e+1,-4.406250000e-2,-6.300000000e+1,,,
1.875000000e-1,-4.796875000e-2,-6.500000000e+1,,,
-2.187500000e-1,-3.209375000e-2,-6.100781250e+1,,,
8.078125000e+0,-4.393750000e-2,-6.499218750e+1,,,
5.875000000e+0,-4.796875000e-2,-6.396875000e+1,,,
2.031250000e+0,-3.200000000e-2,-6.300781250e+1,,,
5.984375000e+0,-4.406250000e-2,-6.500000000e+1,,,
-1.562500000e-2,-3.184375000e-2,-6.298437500e+1,,,
4.031250000e+0,-3.209375000e-2,-6.401562500e+1,,,
8.000000000e+0,-3.612500000e-2,-6.603906250e+1,,,
6.015625000e+0,-2.796875000e-2,-6.200000000e+1,,,
1.000000000e+1,-3.621875000e-2,-6.600000000e+1,,,
2.000000000e+0,-3.996875000e-2,-6.203125000e+1,,,
0.000000000e+0,-3.181250000e-2,-6.500000000e+1,,,
2.000000000e+0,-2.384375000e-2,-6.700000000e+1,,,
3.984375000e+0,-2.009375000e-2,-6.601562500e+1,,,
3.984375000e+0,-3.200000000e-2,-6.600000000e+1,,,
2.015625000e+0,-2.393750000e-2,-6.498437500e+1,,,
3.937500000e+0,-1.606250000e-2,-6.300000000e+1,,,
-2.000000000e+0,-2.406250000e-2,-6.402343750e+1,,,
6.187500000e+0,-2.003125000e-2,-6.400000000e+1,,,
9.984375000e+0,-2.806250000e-2,-6.400000000e+1,,,
4.000000000e+0,-2.018750000e-2,-6.400000000e+1,,,
1.000000000e+1,-1.200000000e-2,-6.500000000e+1,,,
4.015625000e+0,-2.003125000e-2,-6.400000000e+1,,,
5.953125000e+0,-1.193750000e-2,-6.599218750e+1,,,
8.000000000e+0,-1.609375000e-2,-6.600781250e+1,,,
6.062500000e+0,-1.593750000e-2,-6.800000000e+1,,,
3.984375000e+0,-1.200000000e-2,-6.503125000e+1,,,
6.062500000e+0,-1.996875000e-2,-6.401562500e+1,,,
5.921875000e+0,-8.000000000e-3,-6.599218750e+1,,,
1.984375000e+0,-2.009375000e-2,-6.601562500e+1,,,
6.125000000e+0,-1.196875000e-2,-6.600000000e+1,,,
7.796875000e+0,-1.596875000e-2,-6.700781250e+1,,,
-3.953125000e+0,-7.937500000e-3,-6.400781250e+1,,,
1.209375000e+1,-1.600000000e-2,-6.696093750e+1,,,
4.062500000e+0,-1.200000000e-2,-6.800000000e+1,,,
6.000000000e+0,-4.000000000e-3,-6.801562500e+1,,,
1.984375000e+0,-4.125000000e-3,-6.401562500e+1,,,
8.000000000e+0,-2.012500000e-2,-6.801562500e+1,,,
9.375000000e-2,-1.168750000e-2,-6.500000000e+1,,,
1.875000000e+0,-3.125000000e-5,-6.600000000e+1,,,
8.031250000e+0,-1.178125000e-2,-6.300781250e+1,,,
-1.406250000e-1,-1.193750000e-2,-6.696093750e+1,,,
1.250000000e-1,-1.206250000e-2,-6.800000000e+1,,,
1.206250000e+1,-1.603125000e-2,-6.496093750e+1,,,
9.953125000e+0,-1.190625000e-2,-6.298437500e+1,,,
2.000000000e+0,-8.000000000e-3,-6.700000000e+1,,,
2.031250000e+0,-1.196875000e-2,-6.700781250e+1,,,
1.003125000e+1,-2.003125000e-2,-6.799218750e+1,,,
1.000000000e+1,-1.584375000e-2,-6.702343750e+1,,,
1.000000000e+1,-1.212500000e-2,-6.500000000e+1,,,
1.000000000e+1,-2.409375000e-2,-6.600000000e+1,,,
6.000000000e+0,-1.990625000e-2,-6.501562500e+1,,,
1.984375000e+0,-1.993750000e-2,-6.400000000e+1,,,
3.968750000e+0,-1.200000000e-2,-6.393750000e+1,,,
1.000000000e+1,-1.206250000e-2,-6.800000000e+1,,,
2.000000000e+0,-1.200000000e-2,-6.496875000e+1,,,
8.031250000e+0,-8.062500000e-3,-6.500781250e+1,,,
1.953125000e+0,-2.009375000e-2,-6.600000000e+1,,,
1.984375000e+0,-1.600000000e-2,-6.799218750e+1,,,
2.062500000e+0,-2.000000000e-2,-6.500000000e+1,,,
1.000000000e+1,-8.218750000e-3,-6.600000000e+1,,,
2.156250000e+0,-1.575000000e-2,-6.602343750e+1,,,
1.875000000e+0,-2.396875000e-2,-6.400000000e+1,,,
9.968750000e+0,-2.012500000e-2,-6.502343750e+1,,,
4.218750000e+0,-1.196875000e-2,-6.900781250e+1,,,
1.875000000e+0,-1.228125000e-2,-6.500000000e+1,,,
7.937500000e+0,1.875000000e-4,-6.498437500e+1,,,
3.921875000e+0,-1.978125000e-2,-6.598437500e+1,,,
-2.015625000e+0,-1.606250000e-2,-6.700000000e+1,,,
2.031250000e+0,-2.003125000e-2,-6.601562500e+1,,,
6.015625000e+0,-1.200000000e-2,-6.800781250e+1,,,
6.000000000e+0,-2.000000000e-2,-6.500000000e+1,,,
5.984375000e+0,-2.400000000e-2,-6.800000000e+1,,,
2.000000000e+0,-2.393750000e-2,-6.606250000e+1,,,
2.046875000e+0,-2.409375000e-2,-6.700000000e+1,,,
-2.015625000e+0,-1.609375000e-2,-6.900000000e+1,,,
3.968750000e+0,-1.596875000e-2,-6.696093750e+1,,,
4.031250000e+0,-1.996875000e-2,-6.600781250e+1,,,
3.968750000e+0,-2.390625000e-2,-6.902343750e+1,,,
6.015625000e+0,-3.218750000e-2,-6.800000000e+1,,,
1.953125000e+0,-1.221875000e-2,-6.600000000e+1,,,
4.093750000e+0,-1.981250000e-2,-6.601562500e+1,,,
1.000000000e+1,-2.803125000e-2,-6.700000000e+1,,,
5.937500000e+0,-1.600000000e-2,-6.700000000e+1,,,
4.000000000e+0,-2.000000000e-2,-6.800000000e+1,,,
8.000000000e+0,-2.787500000e-2,-6.700000000e+1,,,
2.000000000e+0,-3.637500000e-2,-6.800000000e+1,,,
2.015625000e+0,-1.603125000e-2,-6.700000000e+1,,,
7.984375000e+0,-2.800000000e-2,-6.701562500e+1,,,
6.000000000e+0,-2.000000000e-2,-6.999218750e+1,,,
6.000000000e+0,-2.803125000e-2,-7.001562500e+1,,,
4.000000000e+0,-1.200000000e-2,-6.599218750e+1,,,
5.984375000e+0,-2.800000000e-2,-6.698437500e+1,,,
6.000000000e+0,-2.025000000e-2,-6.701562500e+1,,,
8.015625000e+0,-1.593750000e-2,-6.996093750e+1,,,
-3.125000000e-2,-2.387500000e-2,-6.500781250e+1,,,
2.015625000e+0,-2.800000000e-2,-7.103906250e+1,,,
4.031250000e+0,-2.003125000e-2,-6.894531250e+1,,,
1.003125000e+1,-2.393750000e-2,-6.800781250e+1,,,
-4.000000000e+0,-2.415625000e-2,-6.699218750e+1,,,
-3.968750000e+0,-2.003125000e-2,-6.900781250e+1,,,
5.953125000e+0,-2.003125000e-2,-6.800000000e+1,,,
6.031250000e+0,-1.600000000e-2,-6.700000000e+1,,,
4.015625000e+0,-2.400000000e-2,-6.700781250e+1,,,
2.015625000e+0,-2.800000000e-2,-6.900000000e+1,,,
3.890625000e+0,-2.800000000e-2,-7.200000000e+1,,,
1.006250000e+1,-3.234375000e-2,-7.004687500e+1,,,
-4.687500000e-2,-2.000000000e-2,-6.599218750e+1,,,
6.046875000e+0,-3.203125000e-2,-6.800781250e+1,,,
1.953125000e+0,-2.796875000e-2,-6.500000000e+1,,,
4.062500000e+0,-2.000000000e-2,-7.002343750e+1,,,
5.984375000e+0,-2.806250000e-2,-7.000781250e+1,,,
1.937500000e+0,-3.200000000e-2,-6.900781250e+1,,,
-6.250000000e-2,-2.421875000e-2,-6.800000000e+1,,,
7.859375000e+0,-1.593750000e-2,-6.900781250e+1,,,
8.031250000e+0,-3.187500000e-2,-7.001562500e+1,,,
1.562500000e-2,-3.206250000e-2,-6.995312500e+1,,,
3.906250000e+0,-1.996875000e-2,-6.700000000e+1,,,
1.198437500e+1,-1.996875000e-2,-6.900000000e+1,,,
8.031250000e+0,-2.834375000e-2,-6.900000000e+1,,,
1.001562500e+1,-8.062500000e-3,-6.900000000e+1,,,
5.968750000e+0,-1.200000000e-2,-6.800000000e+1,,,
2.000000000e+0,-4.000000000e-3,-6.801562500e+1,,,
4.000000000e+0,-8.031250000e-3,-6.800781250e+1,,,
4.015625000e+0,-1.200000000e-2,-6.600000000e+1,,,
-2.000000000e+0,-1.600000000e-2,-6.802343750e+1,,,
8.000000000e+0,-1.200000000e-2,-6.900000000e+1,,,
-3.968750000e+0,-8.125000000e-3,-6.800781250e+1,,,
-3.125000000e-2,8.000000000e-3,-7.000000000e+1,,,
1.968750000e+0,-7.968750000e-3,-7.100781250e+1,,,
7.968750000e+0,9.375000000e-5,-6.902343750e+1,,,
8.000000000e+0,-4.031250000e-3,-6.899218750e+1,,,
5.968750000e+0,-8.000000000e-3,-7.202343750e+1,,,
1.000000000e+1,-4.062500000e-3,-6.700000000e+1,,,
4.000000000e+0,-3.125000000e-5,-6.703906250e+1,,,
-4.000000000e+0,-4.000000000e-3,-6.901562500e+1,,,
4.093750000e+0,-1.200000000e-2,-6.899218750e+1,,,
7.937500000e+0,-3.968750000e-3,-6.901562500e+1,,,
2.015625000e+0,-4.000000000e-3,-7.000781250e+1,,,
8.000000000e+0,-8.062500000e-3,-6.902343750e+1,,,
0.000000000e+0,-4.000000000e-3,-6.800781250e+1,,,
5.953125000e+0,-8.000000000e-3,-6.801562500e+1,,,
1.007812500e+1,-3.968750000e-3,-6.900781250e+1,,,
2.015625000e+0,0.000000000e+0,-6.700000000e+1,,,
7.937500000e+0,0.000000000e+0,-6.800000000e+1,,,
4.171875000e+0,-4.000000000e-3,-6.597656250e+1,,,
2.031250000e+0,0.000000000e+0,-7.000000000e+1,,,
3.937500000e+0,4.000000000e-3,-6.700000000e+1,,,
-2.031250000e+0,7.906250000e-3,-6.900000000e+1,,,
2.109375000e+0,-3.906250000e-3,-6.800000000e+1,,,
5.937500000e+0,1.190625000e-2,-6.900000000e+1,,,
-1.562500000e-2,-1.209375000e-2,-6.899218750e+1,,,
6.031250000e+0,3.843750000e-3,-7.102343750e+1,,,
4.015625000e+0,3.125000000e-5,-6.800000000e+1,,,
5.968750000e+0,7.968750000e-3,-7.000000000e+1,,,
6.015625000e+0,7.937500000e-3,-6.900000000e+1,,,
4.000000000e+0,-8.031250000e-3,-6.902343750e+1,,,
4.000000000e+0,0.000000000e+0,-6.999218750e+1,,,
3.968750000e+0,-3.968750000e-3,-6.700781250e+1,,,
6.000000000e+0,-9.375000000e-5,-7.001562500e+1,,,
6.000000000e+0,3.125000000e-5,-7.100000000e+1,,,
8.000000000e+0,-8.000000000e-3,-6.700000000e+1,,,
5.968750000e+0,-1.200000000e-2,-6.900781250e+1,,,
6.000000000e+0,-8.000000000e-3,-6.799218750e+1,,,
8.000000000e+0,-8.000000000e-3,-6.700000000e+1,,,
3.968750000e+0,-4.093750000e-3,-6.900000000e+1,,,
2.046875000e+0,-8.000000000e-3,-6.699218750e+1,,,
8.000000000e+0,-2.003125000e-2,-6.700000000e+1,,,
2.046875000e+0,-1.203125000e-2,-6.799218750e+1,,,
-4.000000000e+0,-2.400000000e-2,-7.000000000e+1,,,
1.953125000e+0,-1.193750000e-2,-6.800000000e+1,,,
5.968750000e+0,-2.418750000e-2,-6.900000000e+1,,,
1.006250000e+1,-2.806250000e-2,-6.799218750e+1,,,
-2.000000000e+0,-2.403125000e-2,-7.000000000e+1,,,
4.000000000e+0,-2.003125000e-2,-6.900000000e+1,,,
7.953125000e+0,-2.803125000e-2,-6.998437500e+1,,,
4.031250000e+0,-2.396875000e-2,-6.698437500e+1,,,
9.984375000e+0,-2.406250000e-2,-6.900000000e+1,,,
-2.015625000e+0,-1.615625000e-2,-7.099218750e+1,,,
6.000000000e+0,-3.125000000e-5,-6.600000000e+1,,,
8.000000000e+0,-1.206250000e-2,-6.800000000e+1,,,
6.000000000e+0,-1.603125000e-2,-6.697656250e+1,,,
6.000000000e+0,-1.603125000e-2,-6.600000000e+1,,,
6.015625000e+0,-2.006250000e-2,-6.799218750e+1,,,
4.000000000e+0,-1.593750000e-2,-6.800000000e+1,,,
4.015625000e+0,-4.031250000e-3,-6.698437500e+1,,,
2.062500000e+0,-1.206250000e-2,-7.199218750e+1,,,
7.984375000e+0,-7.937500000e-3,-6.997656250e+1,,,
1.937500000e+0,-8.093750000e-3,-6.599218750e+1,,,
6.078125000e+0,-1.196875000e-2,-6.699218750e+1,,,
5.921875000e+0,-3.906250000e-3,-6.900000000e+1,,,
2.031250000e+0,-4.000000000e-3,-6.803125000e+1,,,
9.906250000e+0,-3.937500000e-3,-6.699218750e+1,,,
8.031250000e+0,-1.600000000e-2,-7.100000000e+1,,,
8.015625000e+0,-8.093750000e-3,-6.896875000e+1,,,
2.031250000e+0,-8.093750000e-3,-6.700000000e+1,,,
3.906250000e+0,-1.200000000e-2,-6.800000000e+1,,,
1.004687500e+1,-3.968750000e-3,-7.100000000e+1,,,
1.718750000e-1,-3.906250000e-3,-6.803906250e+1,,,
2.125000000e+0,-8.000000000e-3,-6.899218750e+1,,,
5.984375000e+0,-3.968750000e-3,-7.097656250e+1,,,
1.953125000e+0,-1.562500000e-4,-6.700000000e+1,,,
4.031250000e+0,-1.609375000e-2,-7.100000000e+1,,,
6.000000000e+0,-7.781250000e-3,-6.796093750e+1,,,
6.000000000e+0,-4.125000000e-3,-6.700781250e+1,,,
8.000000000e+0,-1.990625000e-2,-6.998437500e+1,,,
6.031250000e+0,-7.843750000e-3,-6.900000000e+1,,,
1.200000000e+1,-8.218750000e-3,-7.000000000e+1,,,
4.000000000e+0,-2.009375000e-2,-6.800781250e+1,,,
4.000000000e+0,-1.590625000e-2,-7.000000000e+1,,,
6.000000000e+0,-1.603125000e-2,-7.000000000e+1,,,
3.125000000e-2,-1.603125000e-2,-6.902343750e+1,,,
2.000000000e+0,-1.600000000e-2,-6.800000000e+1,,,
1.921875000e+0,-8.062500000e-3,-6.901562500e+1,,,
-1.937500000e+0,-2.800000000e-2,-7.000000000e+1,,,
1.012500000e+1,-1.193750000e-2,-6.897656250e+1,,,
7.937500000e+0,-2.409375000e-2,-6.798437500e+1,,,
7.984375000e+0,-1.181250000e-2,-6.700781250e+1,,,
6.000000000e+0,-3.812500000e-3,-6.699218750e+1,,,
3.984375000e+0,-2.403125000e-2,-7.000781250e+1,,,
3.984375000e+0,-1.196875000e-2,-6.902343750e+1,,,
7.953125000e+0,-2.406250000e-2,-6.800000000e+1,,,
1.000000000e+1,-1.181250000e-2,-6.901562500e+1,,,
6.031250000e+0,-8.062500000e-3,-7.100000000e+1,,,
6.031250000e+0,-1.600000000e-2,-6.902343750e+1,,,
2.031250000e+0,-1.603125000e-2,-6.800000000e+1,,,
8.031250000e+0,-2.809375000e-2,-6.800000000e+1,,,
3.937500000e+0,-2.784375000e-2,-6.900000000e+1,,,
4.093750000e+0,-1.996875000e-2,-6.800000000e+1,,,
1.001562500e+1,-2.412500000e-2,-6.700000000e+1,,,
5.984375000e+0,-2.390625000e-2,-6.799218750e+1,,,
7.937500000e+0,-2.400000000e-2,-6.801562500e+1,,,
1.937500000e+0,-2.800000000e-2,-6.800000000e+1,,,
1.198437500e+1,-2.000000000e-2,-7.000000000e+1,,,
4.687500000e-2,-1.606250000e-2,-6.898437500e+1,,,
-3.125000000e-2,-2.812500000e-2,-6.902343750e+1,,,
5.953125000e+0,-2.803125000e-2,-7.000000000e+1,,,
4.046875000e+0,-2.793750000e-2,-6.700000000e+1,,,
2.015625000e+0,-2.390625000e-2,-6.998437500e+1,,,
2.031250000e+0,-3.203125000e-2,-6.803125000e+1,,,
3.953125000e+0,-2.390625000e-2,-6.700000000e+1,,,
0.000000000e+0,-2.403125000e-2,-6.800781250e+1,,,
6.015625000e+0,-2.818750000e-2,-6.800000000e+1,,,
6.000000000e+0,-3.996875000e-2,-6.900000000e+1,,,
6.000000000e+0,-2.803125000e-2,-6.900000000e+1,,,
5.984375000e+0,-3.206250000e-2,-6.900781250e+1,,,
4.015625000e+0,-2.787500000e-2,-6.800781250e+1,,,
1.000000000e+1,-2.409375000e-2,-6.900000000e+1,,,
8.000000000e+0,-3.193750000e-2,-7.000781250e+1,,,
8.000000000e+0,-2.406250000e-2,-6.802343750e+1,,,
1.984375000e+0,-3.612500000e-2,-6.700000000e+1,,,
5.984375000e+0,-2.800000000e-2,-6.899218750e+1,,,
5.968750000e+0,-2.796875000e-2,-6.800781250e+1,,,
1.200000000e+1,-2.403125000e-2,-6.900781250e+1,,,
-2.046875000e+0,-3.609375000e-2,-6.899218750e+1,,,
8.093750000e+0,-4.003125000e-2,-6.900000000e+1,,,
7.937500000e+0,-3.571875000e-2,-7.100000000e+1,,,
6.031250000e+0,-1.596875000e-2,-6.800000000e+1,,,
1.001562500e+1,-1.559375000e-2,-6.800000000e+1,,,
4.078125000e+0,-3.168750000e-2,-6.599218750e+1,,,
4.000000000e+0,-4.012500000e-2,-6.800000000e+1,,,
3.875000000e+0,-2.809375000e-2,-6.500781250e+1,,,
1.003125000e+1,-3.193750000e-2,-6.998437500e+1,,,
3.984375000e+0,-2.825000000e-2,-6.700000000e+1,,,
1.181250000e+1,-2.387500000e-2,-6.800000000e+1,,,
9.937500000e+0,-3.190625000e-2,-6.700000000e+1,,,
5.984375000e+0,-2.812500000e-2,-6.899218750e+1,,,
8.000000000e+0,-1.603125000e-2,-6.896875000e+1,,,
7.984375000e+0,-2.400000000e-2,-6.600000000e+1,,,
4.000000000e+0,-2.000000000e-2,-6.900000000e+1,,,
8.015625000e+0,-2.800000000e-2,-6.600000000e+1,,,
8.000000000e+0,-2.821875000e-2,-6.892968750e+1,,,
6.109375000e+0,-2.400000000e-2,-6.800000000e+1,,,
-3.125000000e-2,-3.181250000e-2,-6.700781250e+1,,,
5.984375000e+0,-4.003125000e-2,-6.800000000e+1,,,
2.031250000e+0,-2.806250000e-2,-6.700781250e+1,,,
4.000000000e+0,-2.400000000e-2,-6.900781250e+1,,,
3.953125000e+0,-2.003125000e-2,-6.800000000e+1,,,
1.212500000e+1,-2.390625000e-2,-6.800000000e+1,,,
1.592187500e+1,-2.800000000e-2,-6.700781250e+1,,,
5.953125000e+0,-3.200000000e-2,-6.901562500e+1,,,
4.015625000e+0,-3.200000000e-2,-6.900000000e+1,,,
2.000000000e+0,-2.800000000e-2,-6.798437500e+1,,,
3.968750000e+0,-1.193750000e-2,-6.701562500e+1,,,
8.000000000e+0,-3.171875000e-2,-6.899218750e+1,,,
3.984375000e+0,-2.018750000e-2,-6.800000000e+1,,,
3.953125000e+0,-2.000000000e-2,-6.799218750e+1,,,
1.398437500e+1,-3.200000000e-2,-6.600000000e+1,,,
6.000000000e+0,-3.203125000e-2,-6.799218750e+1,,,
6.000000000e+0,-2.396875000e-2,-6.801562500e+1,,,
6.000000000e+0,-2.400000000e-2,-7.101562500e+1,,,
4.000000000e+0,-3.200000000e-2,-6.699218750e+1,,,
2.000000000e+0,-2.800000000e-2,-6.802343750e+1,,,
2.015625000e+0,-3.584375000e-2,-6.800781250e+1,,,
6.031250000e+0,-4.000000000e-2,-6.900000000e+1,,,
5.984375000e+0,-2.803125000e-2,-6.799218750e+1,,,
2.000000000e+0,-3.200000000e-2,-6.800781250e+1,,,
4.000000000e+0,-2.409375000e-2,-6.597656250e+1,,,
8.000000000e+0,-3.181250000e-2,-7.100781250e+1,,,
5.984375000e+0,-3.606250000e-2,-6.800000000e+1,,,
9.984375000e+0,-3.200000000e-2,-6.800000000e+1,,,
4.031250000e+0,-3.600000000e-2,-6.700000000e+1,,,
-1.562500000e-2,-3.200000000e-2,-6.700000000e+1,,,
3.937500000e+0,-2.800000000e-2,-6.800000000e+1,,,
6.015625000e+0,-2.771875000e-2,-6.799218750e+1,,,
6.031250000e+0,-3.600000000e-2,-6.899218750e+1,,,
1.003125000e+1,-3.203125000e-2,-6.600781250e+1,,,
7.875000000e+0,-4.000000000e-2,-6.701562500e+1,,,
2.093750000e+0,-2.803125000e-2,-6.800781250e+1,,,
1.403125000e+1,-4.403125000e-2,-6.900000000e+1,,,
3.921875000e+0,-3.212500000e-2,-6.900781250e+1,,,
5.937500000e+0,-1.993750000e-2,-6.700000000e+1,,,
6.000000000e+0,-3.587500000e-2,-6.900781250e+1,,,
6.000000000e+0,-4.003125000e-2,-6.900000000e+1,,,
6.015625000e+0,-3.606250000e-2,-6.898437500e+1,,,
2.000000000e+0,-2.800000000e-2,-6.699218750e+1,,,
5.921875000e+0,-3.603125000e-2,-6.600000000e+1,,,
8.046875000e+0,-2.415625000e-2,-6.600781250e+1,,,
3.968750000e+0,-2.800000000e-2,-6.800000000e+1,,,
6.000000000e+0,-2.400000000e-2,-6.599218750e+1,,,
5.937500000e+0,-4.000000000e-2,-6.503125000e+1,,,
2.015625000e+0,-3.203125000e-2,-6.998437500e+1,,,
1.000000000e+1,-4.800000000e-2,-6.900000000e+1,,,
2.000000000e+0,-3.221875000e-2,-7.001562500e+1,,,
1.200000000e+1,-2.787500000e-2,-7.000000000e+1,,,
-3.953125000e+0,-4.393750000e-2,-6.899218750e+1,,,
-3.125000000e-2,-4.000000000e-2,-7.100000000e+1,,,
3.984375000e+0,-3.606250000e-2,-6.900781250e+1,,,
3.968750000e+0,-2.809375000e-2,-6.898437500e+1,,,
1.000000000e+1,-4.403125000e-2,-7.100000000e+1,,,
4.062500000e+0,-3.609375000e-2,-7.003125000e+1,,,
3.968750000e+0,-3.993750000e-2,-6.900000000e+1,,,
1.000000000e+1,-4.003125000e-2,-6.799218750e+1,,,
-6.250000000e-2,-3.600000000e-2,-6.806250000e+1,,,
4.093750000e+0,-3.603125000e-2,-6.998437500e+1,,,
7.984375000e+0,-3.996875000e-2,-6.700781250e+1,,,
1.921875000e+0,-2.806250000e-2,-7.103125000e+1,,,
-3.125000000e-2,-2.796875000e-2,-7.004687500e+1,,,
7.968750000e+0,-2.796875000e-2,-6.800781250e+1,,,
8.031250000e+0,-3.596875000e-2,-6.901562500e+1,,,
1.250000000e-1,-3.603125000e-2,-6.999218750e+1,,,
-2.109375000e+0,-4.400000000e-2,-7.101562500e+1,,,
9.812500000e+0,-3.203125000e-2,-6.800000000e+1,,,
1.018750000e+1,-3.587500000e-2,-6.801562500e+1,,,
1.937500000e+0,-3.600000000e-2,-6.697656250e+1,,,
4.000000000e+0,-2.400000000e-2,-7.201562500e+1,,,
2.015625000e+0,-2.806250000e-2,-7.001562500e+1,,,
8.046875000e+0,-3.600000000e-2,-6.900000000e+1,,,
5.875000000e+0,-3.606250000e-2,-6.899218750e+1,,,
2.046875000e+0,-3.990625000e-2,-6.700781250e+1,,,
1.001562500e+1,-2.406250000e-2,-6.798437500e+1,,,
6.046875000e+0,-3.587500000e-2,-6.901562500e+1,,,
7.906250000e+0,-3.603125000e-2,-7.200000000e+1,,,
1.009375000e+1,-3.203125000e-2,-7.000000000e+1,,,
3.125000000e-2,-4.003125000e-2,-6.802343750e+1,,,
5.890625000e+0,-3.600000000e-2,-7.000000000e+1,,,
8.015625000e+0,-3.996875000e-2,-6.701562500e+1,,,
5.984375000e+0,-4.006250000e-2,-6.900781250e+1,,,
5.984375000e+0,-3.996875000e-2,-6.900000000e+1,,,
3.984375000e+0,-4.800000000e-2,-6.800000000e+1,,,
6.000000000e+0,-4.400000000e-2,-6.901562500e+1,,,
8.015625000e+0,-4.396875000e-2,-7.200781250e+1,,,
1.200000000e+1,-3.200000000e-2,-7.000000000e+1,,,
9.968750000e+0,-4.371875000e-2,-6.900000000e+1,,,
3.984375000e+0,-4.800000000e-2,-7.000000000e+1,,,
4.000000000e+0,-3.596875000e-2,-6.899218750e+1,,,
2.000000000e+0,-4.015625000e-2,-7.000781250e+1,,,
4.015625000e+0,-4.396875000e-2,-6.700000000e+1,,,
5.984375000e+0,-3.600000000e-2,-6.900000000e+1,,,
6.000000000e+0,-3.993750000e-2,-7.000781250e+1,,,
6.000000000e+0,-3.178125000e-2,-6.997656250e+1,,,
4.000000000e+0,-5.196875000e-2,-7.001562500e+1,,,
4.000000000e+0,-3.996875000e-2,-6.700000000e+1,,,
2.046875000e+0,-4.000000000e-2,-7.003125000e+1,,,
8.031250000e+0,-4.009375000e-2,-6.797656250e+1,,,
3.953125000e+0,-4.796875000e-2,-6.700000000e+1,,,
0.000000000e+0,-4.003125000e-2,-6.800781250e+1,,,
4.000000000e+0,-4.800000000e-2,-6.900000000e+1,,,
8.000000000e+0,-4.396875000e-2,-7.100000000e+1,,,
4.000000000e+0,-3.606250000e-2,-6.900000000e+1,,,
6.000000000e+0,-6.009375000e-2,-7.000000000e+1,,,
2.046875000e+0,-3.975000000e-2,-6.800000000e+1,,,
3.875000000e+0,-3.596875000e-2,-7.100000000e+1,,,
1.203125000e+1,-2.800000000e-2,-6.601562500e+1,,,
3.953125000e+0,-4.006250000e-2,-6.799218750e+1,,,
1.007812500e+1,-3.996875000e-2,-6.800000000e+1,,,
7.859375000e+0,-4.400000000e-2,-6.800781250e+1,,,
4.031250000e+0,-4.409375000e-2,-7.000000000e+1,,,
7.984375000e+0,-5.193750000e-2,-6.900000000e+1,,,
1.937500000e+0,-3.993750000e-2,-6.900781250e+1,,,
3.875000000e+0,-4.793750000e-2,-6.800000000e+1,,,
8.046875000e+0,-5.200000000e-2,-7.000000000e+1,,,
3.125000000e-2,-5.609375000e-2,-6.996093750e+1,,,
-2.046875000e+0,-3.993750000e-2,-6.500000000e+1,,,
0.000000000e+0,-4.412500000e-2,-6.900000000e+1,,,
-1.937500000e+0,-4.800000000e-2,-6.900000000e+1,,,
-3.437500000e-1,-4.375000000e-2,-6.800781250e+1,,,
1.395312500e+1,-6.400000000e-2,-6.899218750e+1,,,
-2.203125000e+0,-4.393750000e-2,-6.998437500e+1,,,
2.109375000e+0,-4.806250000e-2,-6.699218750e+1,,,
3.968750000e+0,-3.990625000e-2,-6.799218750e+1,,,
2.000000000e+0,-4.006250000e-2,-6.902343750e+1,,,
6.015625000e+0,-4.400000000e-2,-7.100000000e+1,,,
8.000000000e+0,-4.784375000e-2,-6.803125000e+1,,,
9.953125000e+0,-5.603125000e-2,-6.900000000e+1,,,
2.000000000e+0,-4.771875000e-2,-7.000000000e+1,,,
6.000000000e+0,-4.018750000e-2,-6.700000000e+1,,,
4.000000000e+0,-5.600000000e-2,-6.900000000e+1,,,
8.000000000e+0,-3.990625000e-2,-6.600000000e+1,,,
7.812500000e-2,-5.209375000e-2,-6.595312500e+1,,,
2.015625000e+0,-4.800000000e-2,-6.700000000e+1,,,
5.968750000e+0,-4.800000000e-2,-6.701562500e+1,,,
-6.250000000e-2,-4.800000000e-2,-7.000781250e+1,,,
2.093750000e+0,-4.390625000e-2,-6.798437500e+1,,,
6.015625000e+0,-4.006250000e-2,-6.900000000e+1,,,
3.984375000e+0,-4.396875000e-2,-6.800000000e+1,,,
2.000000000e+0,-3.209375000e-2,-7.000000000e+1,,,
8.000000000e+0,-4.006250000e-2,-6.799218750e+1,,,
4.015625000e+0,-4.796875000e-2,-6.800000000e+1,,,
1.968750000e+0,-4.396875000e-2,-6.799218750e+1,,,
5.984375000e+0,-4.809375000e-2,-7.000781250e+1,,,
4.093750000e+0,-4.790625000e-2,-6.900781250e+1,,,
1.890625000e+0,-3.600000000e-2,-6.900000000e+1,,,
1.204687500e+1,-4.406250000e-2,-6.799218750e+1,,,
3.843750000e+0,-4.396875000e-2,-6.700000000e+1,,,
4.062500000e+0,-4.812500000e-2,-6.797656250e+1,,,
7.953125000e+0,-5.200000000e-2,-6.900000000e+1,,,
1.953125000e+0,-4.793750000e-2,-6.800781250e+1,,,
6.062500000e+0,-4.800000000e-2,-6.800000000e+1,,,
5.953125000e+0,-4.400000000e-2,-6.800000000e+1,,,
3.984375000e+0,-4.000000000e-2,-6.900000000e+1,,,
6.015625000e+0,-4.400000000e-2,-7.000781250e+1,,,
2.000000000e+0,-4.800000000e-2,-6.800000000e+1,,,
4.000000000e+0,-4.400000000e-2,-6.900000000e+1,,,
2.046875000e+0,-4.390625000e-2,-6.700000000e+1,,,
1.890625000e+0,-3.603125000e-2,-6.900000000e+1,,,
1.004687500e+1,-4.771875000e-2,-7.100781250e+1,,,
-3.125000000e-2,-4.790625000e-2,-7.000000000e+1,,,
8.031250000e+0,-4.409375000e-2,-7.000000000e+1,,,
1.968750000e+0,-5.606250000e-2,-6.700781250e+1,,,
6.000000000e+0,-4.790625000e-2,-6.900781250e+1,,,
4.000000000e+0,-4.793750000e-2,-6.700000000e+1,,,
1.000000000e+1,-4.396875000e-2,-7.100781250e+1,,,
5.984375000e+0,-5.993750000e-2,-6.801562500e+1,,,
6.000000000e+0,-3.987500000e-2,-7.000000000e+1,,,
8.000000000e+0,-5.634375000e-2,-6.800000000e+1,,,
2.000000000e+0,-5.996875000e-2,-7.000000000e+1,,,
4.000000000e+0,-5.562500000e-2,-6.900781250e+1,,,
-6.000000000e+0,-3.993750000e-2,-6.800000000e+1,,,
5.937500000e+0,-4.800000000e-2,-6.603906250e+1,,,
7.984375000e+0,-4.393750000e-2,-6.597656250e+1,,,
8.000000000e+0,-4.403125000e-2,-7.002343750e+1,,,
9.984375000e+0,-5.193750000e-2,-6.896875000e+1,,,
8.015625000e+0,-4.412500000e-2,-6.600000000e+1,,,
1.000000000e+1,-6.003125000e-2,-6.701562500e+1,,,
3.953125000e+0,-4.393750000e-2,-6.800000000e+1,,,
2.015625000e+0,-4.375000000e-2,-7.000000000e+1,,,
1.906250000e+0,-4.793750000e-2,-7.100781250e+1,,,
6.062500000e+0,-4.806250000e-2,-6.900000000e+1,,,
-2.015625000e+0,-4.409375000e-2,-6.700781250e+1,,,
7.781250000e+0,-4.390625000e-2,-7.097656250e+1,,,
6.109375000e+0,-5.984375000e-2,-6.900000000e+1,,,
4.078125000e+0,-5.246875000e-2,-6.702343750e+1,,,
4.093750000e+0,-5.178125000e-2,-6.399218750e+1,,,
1.398437500e+1,-6.400000000e-2,-6.699218750e+1,,,
1.953125000e+0,-4.809375000e-2,-6.700000000e+1,,,
4.015625000e+0,-4.400000000e-2,-6.800000000e+1,,,
6.031250000e+0,-5.200000000e-2,-6.700000000e+1,,,
9.984375000e+0,-5.200000000e-2,-6.700000000e+1,,,
4.000000000e+0,-4.778125000e-2,-6.593750000e+1,,,
7.984375000e+0,-5.987500000e-2,-7.000000000e+1,,,
4.015625000e+0,-5.615625000e-2,-6.798437500e+1,,,
5.984375000e+0,-4.800000000e-2,-6.900781250e+1,,,
6.062500000e+0,-5.200000000e-2,-6.800000000e+1,,,
-2.015625000e+0,-4.796875000e-2,-6.899218750e+1,,,
5.937500000e+0,-5.987500000e-2,-6.700000000e+1,,,
1.937500000e+0,-5.221875000e-2,-7.000000000e+1,,,
4.062500000e+0,-4.800000000e-2,-6.800781250e+1,,,
5.984375000e+0,-5.196875000e-2,-7.100781250e+1,,,
3.125000000e-2,-5.600000000e-2,-6.700000000e+1,,,
1.000000000e+1,-6.000000000e-2,-6.703125000e+1,,,
2.015625000e+0,-6.006250000e-2,-6.900000000e+1,,,
6.000000000e+0,-5.593750000e-2,-6.702343750e+1,,,
3.984375000e+0,-6.003125000e-2,-6.700000000e+1,,,
4.000000000e+0,-4.800000000e-2,-6.801562500e+1,,,
4.000000000e+0,-5.200000000e-2,-7.000000000e+1,,,
4.000000000e+0,-5.200000000e-2,-6.900781250e+1,,,
-1.562500000e-2,-5.606250000e-2,-6.899218750e+1,,,
5.937500000e+0,-6.400000000e-2,-6.707031250e+1,,,
6.000000000e+0,-4.412500000e-2,-6.501562500e+1,,,
7.984375000e+0,-5.584375000e-2,-7.100000000e+1,,,
1.000000000e+1,-5.593750000e-2,-6.600000000e+1,,,
8.000000000e+0,-6.800000000e-2,-7.004687500e+1,,,
1.000000000e+1,-6.009375000e-2,-6.996093750e+1,,,
8.000000000e+0,-4.800000000e-2,-6.800781250e+1,,,
1.000000000e+1,-5.193750000e-2,-6.900000000e+1,,,
5.984375000e+0,-5.196875000e-2,-6.699218750e+1,,,
7.984375000e+0,-5.603125000e-2,-6.700000000e+1,,,
1.003125000e+1,-5.596875000e-2,-6.900000000e+1,,,
4.015625000e+0,-6.800000000e-2,-6.800000000e+1,,,
6.062500000e+0,-4.800000000e-2,-6.800000000e+1,,,
-2.046875000e+0,-6.400000000e-2,-6.900000000e+1,,,
9.937500000e+0,-6.443750000e-2,-6.800781250e+1,,,
3.937500000e+0,-5.600000000e-2,-6.800000000e+1,,,
8.078125000e+0,-5.196875000e-2,-6.800000000e+1,,,
7.906250000e+0,-4.393750000e-2,-6.800000000e+1,,,
2.062500000e+0,-3.603125000e-2,-6.800781250e+1,,,
9.937500000e+0,-4.809375000e-2,-6.899218750e+1,,,
-4.031250000e+0,-6.009375000e-2,-7.001562500e+1,,,
3.937500000e+0,-5.596875000e-2,-6.499218750e+1,,,
-1.953125000e+0,-6.403125000e-2,-6.902343750e+1,,,
1.984375000e+0,-5.203125000e-2,-6.996875000e+1,,,
1.984375000e+0,-6.000000000e-2,-6.596093750e+1,,,
5.953125000e+0,-5.196875000e-2,-6.700781250e+1,,,
1.195312500e+1,-4.796875000e-2,-6.700000000e+1,,,
1.204687500e+1,-6.390625000e-2,-6.801562500e+1,,,
7.921875000e+0,-5.206250000e-2,-7.000000000e+1,,,
3.984375000e+0,-5.200000000e-2,-6.800000000e+1,,,
6.015625000e+0,-6.000000000e-2,-6.903125000e+1,,,
8.015625000e+0,-6.000000000e-2,-7.000781250e+1,,,
1.001562500e+1,-5.600000000e-2,-6.700781250e+1,,,
2.000000000e+0,-6.003125000e-2,-6.802343750e+1,,,
1.000000000e+1,-5.596875000e-2,-6.800000000e+1,,,
4.031250000e+0,-6.409375000e-2,-6.700000000e+1,,,
0.000000000e+0,-5.200000000e-2,-7.000000000e+1,,,
1.984375000e+0,-7.196875000e-2,-7.100781250e+1,,,
2.000000000e+0,-5.993750000e-2,-6.901562500e+1,,,
5.968750000e+0,-6.396875000e-2,-6.800781250e+1,,,
7.953125000e+0,-5.206250000e-2,-6.800000000e+1,,,
1.201562500e+1,-5.596875000e-2,-6.800000000e+1,,,
4.000000000e+0,-5.596875000e-2,-6.799218750e+1,,,
6.250000000e-2,-6.400000000e-2,-6.807031250e+1,,,
1.004687500e+1,-5.600000000e-2,-7.099218750e+1,,,
5.890625000e+0,-6.396875000e-2,-6.697656250e+1,,,
2.062500000e+0,-4.806250000e-2,-6.903125000e+1,,,
1.000000000e+1,-5.171875000e-2,-6.900781250e+1,,,
2.015625000e+0,-5.603125000e-2,-6.802343750e+1,,,
5.968750000e+0,-5.596875000e-2,-6.600000000e+1,,,
8.046875000e+0,-6.403125000e-2,-6.798437500e+1,,,
2.078125000e+0,-6.000000000e-2,-7.001562500e+1,,,
1.843750000e+0,-5.193750000e-2,-6.800000000e+1,,,
1.001562500e+1,-7.584375000e-2,-6.899218750e+1,,,
-1.875000000e-1,-6.800000000e-2,-6.899218750e+1,,,
1.562500000e-1,-6.800000000e-2,-6.999218750e+1,,,
8.000000000e+0,-5.606250000e-2,-6.701562500e+1,,,
1.937500000e+0,-7.609375000e-2,-6.700000000e+1,,,
4.046875000e+0,-5.971875000e-2,-6.899218750e+1,,,
3.953125000e+0,-5.209375000e-2,-6.700000000e+1,,,
1.984375000e+0,-6.000000000e-2,-6.896875000e+1,,,
7.843750000e+0,-5.203125000e-2,-6.900000000e+1,,,
1.409375000e+1,-5.996875000e-2,-6.800000000e+1,,,
2.031250000e+0,-6.000000000e-2,-6.800000000e+1,,,
9.921875000e+0,-5.606250000e-2,-6.802343750e+1,,,
4.156250000e+0,-7.200000000e-2,-7.000000000e+1,,,
-2.046875000e+0,-5.215625000e-2,-6.803125000e+1,,,
6.093750000e+0,-5.975000000e-2,-6.700781250e+1,,,
7.984375000e+0,-7.196875000e-2,-7.000000000e+1,,,
7.953125000e+0,-6.800000000e-2,-6.900000000e+1,,,
3.968750000e+0,-7.200000000e-2,-6.700781250e+1,,,
8.031250000e+0,-6.793750000e-2,-7.100781250e+1,,,
1.400000000e+1,-5.200000000e-2,-6.800000000e+1,,,
3.984375000e+0,-6.000000000e-2,-6.700000000e+1,,,
1.000000000e+1,-6.000000000e-2,-6.900781250e+1,,,
2.000000000e+0,-7.600000000e-2,-6.802343750e+1,,,
7.968750000e+0,-5.581250000e-2,-6.700000000e+1,,,
9.968750000e+0,-6.012500000e-2,-6.800781250e+1,,,
2.031250000e+0,-6.396875000e-2,-6.800000000e+1,,,
1.968750000e+0,-5.996875000e-2,-6.901562500e+1,,,
8.046875000e+0,-6.378125000e-2,-6.696093750e+1,,,
-4.000000000e+0,-7.196875000e-2,-7.000781250e+1,,,
4.000000000e+0,-7.196875000e-2,-6.600000000e+1,,,
1.003125000e+1,-6.400000000e-2,-7.006250000e+1,,,
1.000000000e+1,-7.193750000e-2,-6.899218750e+1,,,
5.953125000e+0,-5.596875000e-2,-7.000000000e+1,,,
-4.000000000e+0,-6.790625000e-2,-6.899218750e+1,,,
8.000000000e+0,-6.403125000e-2,-6.800000000e+1,,,
4.000000000e+0,-6.400000000e-2,-7.000781250e+1,,,
8.000000000e+0,-6.400000000e-2,-6.698437500e+1,,,
8.015625000e+0,-6.006250000e-2,-6.700000000e+1,,,
4.031250000e+0,-6.806250000e-2,-6.600000000e+1,,,
3.937500000e+0,-6.400000000e-2,-6.800000000e+1,,,
6.062500000e+0,-6.387500000e-2,-6.800000000e+1,,,
9.375000000e-2,-6.800000000e-2,-6.900000000e+1,,,
1.203125000e+1,-6.400000000e-2,-6.899218750e+1,,,
1.812500000e+0,-6.400000000e-2,-6.600781250e+1,,,
4.109375000e+0,-5.990625000e-2,-6.999218750e+1,,,
8.046875000e+0,-6.034375000e-2,-6.800000000e+1,,,
7.937500000e+0,-7.993750000e-2,-6.698437500e+1,,,
2.062500000e+0,-6.012500000e-2,-7.098437500e+1,,,
1.968750000e+0,-7.600000000e-2,-7.100000000e+1,,,
2.000000000e+0,-8.409375000e-2,-6.900000000e+1,,,
-4.687500000e-2,-6.793750000e-2,-6.899218750e+1,,,
7.984375000e+0,-6.806250000e-2,-6.700000000e+1,,,
4.046875000e+0,-6.400000000e-2,-6.700000000e+1,,,
5.859375000e+0,-6.381250000e-2,-6.898437500e+1,,,
7.937500000e+0,-7.600000000e-2,-6.801562500e+1,,,
1.921875000e+0,-6.400000000e-2,-6.600781250e+1,,,
2.015625000e+0,-7.215625000e-2,-6.901562500e+1,,,
1.984375000e+0,-7.187500000e-2,-6.902343750e+1,,,
4.015625000e+0,-5.993750000e-2,-6.400000000e+1,,,
8.000000000e+0,-6.409375000e-2,-6.902343750e+1,,,
4.000000000e+0,-6.809375000e-2,-6.900781250e+1,,,
7.984375000e+0,-6.806250000e-2,-7.000000000e+1,,,
0.000000000e+0,-7.590625000e-2,-6.800000000e+1,,,
4.000000000e+0,-6.400000000e-2,-6.999218750e+1,,,
2.000000000e+0,-7.612500000e-2,-6.800000000e+1,,,
4.000000000e+0,-6.781250000e-2,-6.800000000e+1,,,
8.031250000e+0,-6.406250000e-2,-6.898437500e+1,,,
1.984375000e+0,-6.800000000e-2,-6.900000000e+1,,,
6.062500000e+0,-6.400000000e-2,-6.800781250e+1,,,
1.001562500e+1,-6.809375000e-2,-7.000781250e+1,,,
7.890625000e+0,-8.012500000e-2,-6.998437500e+1,,,
4.031250000e+0,-7.590625000e-2,-6.897656250e+1,,,
1.001562500e+1,-6.790625000e-2,-6.800781250e+1,,,
1.000000000e+1,-5.600000000e-2,-6.800000000e+1,,,
5.968750000e+0,-6.806250000e-2,-6.801562500e+1,,,
3.984375000e+0,-7.196875000e-2,-7.099218750e+1,,,
7.953125000e+0,-6.790625000e-2,-7.000781250e+1,,,
8.015625000e+0,-6.406250000e-2,-7.000000000e+1,,,
4.093750000e+0,-7.206250000e-2,-6.900000000e+1,,,
1.906250000e+0,-7.200000000e-2,-6.800000000e+1,,,
1.000000000e+1,-7.196875000e-2,-6.800781250e+1,,,
3.921875000e+0,-6.393750000e-2,-6.800000000e+1,,,
3.968750000e+0,-6.828125000e-2,-6.798437500e+1,,,
-2.000000000e+0,-8.000000000e-2,-6.900000000e+1,,,
4.078125000e+0,-6.775000000e-2,-6.700000000e+1,,,
4.015625000e+0,-6.821875000e-2,-6.898437500e+1,,,
7.968750000e+0,-7.600000000e-2,-6.900000000e+1,,,
3.968750000e+0,-7.200000000e-2,-7.000000000e+1,,,
1.001562500e+1,-6.400000000e-2,-6.900781250e+1,,,
2.015625000e+0,-7.609375000e-2,-6.801562500e+1,,,
6.015625000e+0,-7.590625000e-2,-7.001562500e+1,,,
-2.078125000e+0,-7.212500000e-2,-7.000000000e+1,,,
1.192187500e+1,-8.003125000e-2,-6.900000000e+1,,,
2.265625000e+0,-7.209375000e-2,-6.800781250e+1,,,
-1.890625000e+0,-7.196875000e-2,-6.896875000e+1,,,
1.217187500e+1,-7.225000000e-2,-7.200000000e+1,,,
1.184375000e+1,-9.200000000e-2,-6.796093750e+1,,,
-2.015625000e+0,-7.178125000e-2,-6.600781250e+1,,,
1.000000000e+1,-7.203125000e-2,-6.700000000e+1,,,
1.968750000e+0,-6.800000000e-2,-7.100000000e+1,,,
2.015625000e+0,-7.200000000e-2,-6.703125000e+1,,,
7.984375000e+0,-6.796875000e-2,-6.798437500e+1,,,
0.000000000e+0,-7.212500000e-2,-6.800000000e+1,,,
0.000000000e+0,-7.603125000e-2,-6.799218750e+1,,,
2.000000000e+0,-7.606250000e-2,-7.100781250e+1,,,
2.015625000e+0,-7.587500000e-2,-6.600000000e+1,,,
5.968750000e+0,-7.600000000e-2,-6.600000000e+1,,,
1.000000000e+1,-8.793750000e-2,-6.598437500e+1,,,
6.000000000e+0,-6.393750000e-2,-7.003125000e+1,,,
-3.125000000e-2,-6.818750000e-2,-6.996093750e+1,,,
4.687500000e-2,-8.009375000e-2,-6.700000000e+1,,,
6.031250000e+0,-7.590625000e-2,-7.000781250e+1,,,
5.953125000e+0,-7.196875000e-2,-6.700000000e+1,,,
2.046875000e+0,-5.984375000e-2,-6.800000000e+1,,,
1.953125000e+0,-7.587500000e-2,-6.704687500e+1,,,
4.015625000e+0,-6.815625000e-2,-6.500000000e+1,,,
2.000000000e+0,-6.793750000e-2,-6.902343750e+1,,,
5.843750000e+0,-7.200000000e-2,-7.003125000e+1,,,
8.078125000e+0,-7.200000000e-2,-6.600000000e+1,,,
4.015625000e+0,-7.206250000e-2,-6.697656250e+1,,,
6.000000000e+0,-6.809375000e-2,-6.701562500e+1,,,
1.984375000e+0,-6.793750000e-2,-6.600781250e+1,,,
2.000000000e+0,-7.600000000e-2,-6.601562500e+1,,,
4.015625000e+0,-7.200000000e-2,-6.700000000e+1,,,
5.968750000e+0,-7.600000000e-2,-6.600000000e+1,,,
1.984375000e+0,-6.800000000e-2,-6.800000000e+1,,,
4.000000000e+0,-7.187500000e-2,-7.100000000e+1,,,
9.968750000e+0,-7.200000000e-2,-6.900000000e+1,,,
6.062500000e+0,-7.212500000e-2,-7.003125000e+1,,,
2.000000000e+0,-6.400000000e-2,-6.996875000e+1,,,
3.968750000e+0,-7.593750000e-2,-6.699218750e+1,,,
2.062500000e+0,-7.990625000e-2,-6.800781250e+1,,,
-3.125000000e-2,-9.215625000e-2,-6.600000000e+1,,,
6.093750000e+0,-6.834375000e-2,-6.600000000e+1,,,
9.984375000e+0,-6.790625000e-2,-6.900781250e+1,,,
5.968750000e+0,-6.800000000e-2,-6.798437500e+1,,,
4.078125000e+0,-6.800000000e-2,-6.900000000e+1,,,
1.198437500e+1,-8.000000000e-2,-7.100000000e+1,,,
2.031250000e+0,-8.003125000e-2,-6.796093750e+1,,,
4.000000000e+0,-8.393750000e-2,-6.699218750e+1,,,
-1.984375000e+0,-8.006250000e-2,-6.800000000e+1,,,
7.953125000e+0,-7.200000000e-2,-6.900781250e+1,,,
8.000000000e+0,-6.800000000e-2,-6.900781250e+1,,,
8.000000000e+0,-7.593750000e-2,-6.800000000e+1,,,
2.015625000e+0,-8.403125000e-2,-7.000000000e+1,,,
3.953125000e+0,-8.000000000e-2,-6.810156250e+1,,,
4.000000000e+0,-6.796875000e-2,-6.400781250e+1,,,
4.000000000e+0,-7.993750000e-2,-7.003125000e+1,,,
1.984375000e+0,-7.203125000e-2,-6.700000000e+1,,,
0.000000000e+0,-8.000000000e-2,-6.903125000e+1,,,
0.000000000e+0,-7.206250000e-2,-7.101562500e+1,,,
0.000000000e+0,-6.793750000e-2,-7.001562500e+1,,,
-2.000000000e+0,-7.987500000e-2,-6.698437500e+1,,,
6.015625000e+0,-7.603125000e-2,-7.000000000e+1,,,
4.000000000e+0,-8.390625000e-2,-6.700000000e+1,,,
5.984375000e+0,-8.803125000e-2,-6.800000000e+1,,,
4.000000000e+0,-8.000000000e-2,-7.000000000e+1,,,
4.046875000e+0,-7.200000000e-2,-6.800000000e+1,,,
1.921875000e+0,-7.600000000e-2,-7.100000000e+1,,,
1.192187500e+1,-7.993750000e-2,-6.901562500e+1,,,
9.984375000e+0,-8.000000000e-2,-6.799218750e+1,,,
9.906250000e+0,-7.600000000e-2,-6.600781250e+1,,,
-3.125000000e-2,-7.996875000e-2,-6.600000000e+1,,,
6.109375000e+0,-6.800000000e-2,-6.701562500e+1,,,
5.906250000e+0,-8.009375000e-2,-6.998437500e+1,,,
-3.125000000e-2,-9.212500000e-2,-7.101562500e+1,,,
3.875000000e+0,-7.206250000e-2,-6.598437500e+1,,,
9.984375000e+0,-8.784375000e-2,-6.901562500e+1,,,
6.015625000e+0,-8.415625000e-2,-6.998437500e+1,,,
5.984375000e+0,-7.600000000e-2,-6.696093750e+1,,,
7.984375000e+0,-8.800000000e-2,-6.700000000e+1,,,
6.031250000e+0,-7.203125000e-2,-6.700000000e+1,,,
4.046875000e+0,-7.950000000e-2,-6.800781250e+1,,,
4.109375000e+0,-8.803125000e-2,-6.900000000e+1,,,
1.400000000e+1,-7.600000000e-2,-6.800000000e+1,,,
5.968750000e+0,-8.400000000e-2,-6.800781250e+1,,,
9.984375000e+0,-7.600000000e-2,-6.800781250e+1,,,
2.031250000e+0,-8.000000000e-2,-6.700781250e+1,,,
2.000000000e+0,-7.596875000e-2,-6.703125000e+1,,,
1.000000000e+1,-8.400000000e-2,-7.100000000e+1,,,
2.031250000e+0,-7.609375000e-2,-6.803125000e+1,,,
1.984375000e+0,-7.600000000e-2,-6.800000000e+1,,,
5.984375000e+0,-8.396875000e-2,-6.901562500e+1,,,
3.953125000e+0,-8.390625000e-2,-6.500781250e+1,,,
1.001562500e+1,-7.603125000e-2,-6.799218750e+1,,,
-1.984375000e+0,-8.790625000e-2,-6.699218750e+1,,,
9.953125000e+0,-9.200000000e-2,-6.900000000e+1,,,
8.000000000e+0,-9.206250000e-2,-6.695312500e+1,,,
5.953125000e+0,-8.000000000e-2,-6.609375000e+1,,,
1.562500000e-2,-7.606250000e-2,-6.999218750e+1,,,
3.984375000e+0,-9.200000000e-2,-6.600000000e+1,,,
1.562500000e-2,-7.606250000e-2,-7.002343750e+1,,,
7.984375000e+0,-7.603125000e-2,-6.703906250e+1,,,
2.000000000e+0,-6.803125000e-2,-6.699218750e+1,,,
7.984375000e+0,-7.196875000e-2,-6.701562500e+1,,,
6.078125000e+0,-7.606250000e-2,-6.800781250e+1,,,
2.000000000e+0,-8.400000000e-2,-6.603125000e+1,,,
4.000000000e+0,-8.000000000e-2,-6.500000000e+1,,,
1.937500000e+0,-8.800000000e-2,-6.896875000e+1,,,
8.031250000e+0,-8.400000000e-2,-6.900781250e+1,,,
3.906250000e+0,-9.200000000e-2,-6.899218750e+1,,,
4.031250000e+0,-8.400000000e-2,-6.700781250e+1,,,
8.015625000e+0,-8.803125000e-2,-6.700000000e+1,,,
5.921875000e+0,-7.993750000e-2,-6.900000000e+1,,,
4.031250000e+0,-8.003125000e-2,-6.700781250e+1,,,
8.015625000e+0,-7.996875000e-2,-6.701562500e+1,,,
4.078125000e+0,-8.400000000e-2,-6.702343750e+1,,,
1.937500000e+0,-8.400000000e-2,-7.200000000e+1,,,
6.031250000e+0,-8.796875000e-2,-6.800000000e+1,,,
0.000000000e+0,-7.200000000e-2,-6.603906250e+1,,,
7.953125000e+0,-8.800000000e-2,-7.000781250e+1,,,
5.921875000e+0,-6.809375000e-2,-6.801562500e+1,,,
1.403125000e+1,-7.990625000e-2,-7.000781250e+1,,,
5.921875000e+0,-7.596875000e-2,-6.900000000e+1,,,
-3.125000000e-2,-8.800000000e-2,-6.800000000e+1,,,
-1.953125000e+0,-7.996875000e-2,-6.800781250e+1,,,
4.000000000e+0,-7.603125000e-2,-7.000781250e+1,,,
0.000000000e+0,-8.400000000e-2,-6.900000000e+1,,,
4.015625000e+0,-9.200000000e-2,-7.000781250e+1,,,
4.015625000e+0,-8.800000000e-2,-6.799218750e+1,,,
8.000000000e+0,-8.396875000e-2,-6.698437500e+1,,,
3.984375000e+0,-8.003125000e-2,-6.900000000e+1,,,
9.984375000e+0,-8.403125000e-2,-6.700000000e+1,,,
2.031250000e+0,-8.400000000e-2,-6.800000000e+1,,,
2.000000000e+0,-8.815625000e-2,-7.001562500e+1,,,
2.000000000e+0,-9.609375000e-2,-6.702343750e+1,,,
0.000000000e+0,-8.403125000e-2,-6.899218750e+1,,,
-2.000000000e+0,-9.206250000e-2,-6.900000000e+1,,,
-1.968750000e+0,-9.996875000e-2,-6.896875000e+1,,,
2.031250000e+0,-7.981250000e-2,-6.598437500e+1,,,
3.953125000e+0,-8.006250000e-2,-6.700000000e+1,,,
1.562500000e-2,-8.390625000e-2,-6.901562500e+1,,,
8.000000000e+0,-9.600000000e-2,-7.000000000e+1,,,
8.000000000e+0,-8.393750000e-2,-6.801562500e+1,,,
4.000000000e+0,-7.600000000e-2,-6.601562500e+1,,,
3.984375000e+0,-8.415625000e-2,-6.800000000e+1,,,
7.968750000e+0,-8.790625000e-2,-6.700000000e+1,,,
6.046875000e+0,-8.000000000e-2,-6.800000000e+1,,,
4.000000000e+0,-8.756250000e-2,-6.599218750e+1,,,
4.031250000e+0,-9.993750000e-2,-6.998437500e+1,,,
6.015625000e+0,-8.390625000e-2,-7.100000000e+1,,,
3.843750000e+0,-8.809375000e-2,-6.899218750e+1,,,
-1.890625000e+0,-8.809375000e-2,-6.800781250e+1,,,
1.209375000e+1,-9.178125000e-2,-6.700000000e+1,,,
7.906250000e+0,-7.606250000e-2,-6.698437500e+1,,,
7.937500000e+0,-9.596875000e-2,-6.900000000e+1,,,
8.125000000e+0,-8.400000000e-2,-6.800000000e+1,,,
-1.984375000e+0,-9.590625000e-2,-6.901562500e+1,,,
1.921875000e+0,-9.193750000e-2,-6.900000000e+1,,,
6.000000000e+0,-8.396875000e-2,-6.800000000e+1,,,
6.015625000e+0,-8.000000000e-2,-6.900000000e+1,,,
5.890625000e+0,-8.368750000e-2,-6.700000000e+1,,,
7.875000000e+0,-1.039687500e-1,-6.900000000e+1,,,
-2.062500000e+0,-9.593750000e-2,-6.698437500e+1,,,
4.109375000e+0,-8.393750000e-2,-6.800781250e+1,,,
5.968750000e+0,-8.403125000e-2,-6.900000000e+1,,,
4.000000000e+0,-8.815625000e-2,-6.899218750e+1,,,
6.015625000e+0,-1.000937500e-1,-6.800000000e+1,,,
8.000000000e+0,-9.640625000e-2,-6.900000000e+1,,,
1.953125000e+0,-8.000000000e-2,-6.900000000e+1,,,
2.000000000e+0,-9.218750000e-2,-7.200000000e+1,,,
6.000000000e+0,-9.200000000e-2,-7.001562500e+1,,,
5.984375000e+0,-9.609375000e-2,-7.100000000e+1,,,
4.000000000e+0,-9.587500000e-2,-7.000000000e+1,,,
4.015625000e+0,-8.800000000e-2,-6.701562500e+1,,,
2.000000000e+0,-9.200000000e-2,-6.900000000e+1,,,
4.015625000e+0,-8.803125000e-2,-7.000000000e+1,,,
3.984375000e+0,-9.600000000e-2,-6.899218750e+1,,,
4.000000000e+0,-8.796875000e-2,-6.801562500e+1,,,
6.125000000e+0,-9.193750000e-2,-7.003906250e+1,,,
1.198437500e+1,-8.000000000e-2,-7.001562500e+1,,,
4.000000000e+0,-8.793750000e-2,-6.700781250e+1,,,
8.015625000e+0,-8.400000000e-2,-6.800781250e+1,,,
8.000000000e+0,-8.406250000e-2,-6.899218750e+1,,,
5.968750000e+0,-8.796875000e-2,-7.100000000e+1,,,
1.000000000e+1,-8.406250000e-2,-6.999218750e+1,,,
4.109375000e+0,-9.606250000e-2,-6.900000000e+1,,,
3.890625000e+0,-9.200000000e-2,-6.799218750e+1,,,
9.968750000e+0,-8.809375000e-2,-6.900000000e+1,,,
1.843750000e+0,-9.600000000e-2,-6.800000000e+1,,,
2.078125000e+0,-8.387500000e-2,-6.897656250e+1,,,
1.003125000e+1,-8.806250000e-2,-6.900000000e+1,,,
3.812500000e+0,-8.803125000e-2,-6.600781250e+1,,,
9.375000000e-2,-9.203125000e-2,-6.800000000e+1,,,
1.001562500e+1,-9.200000000e-2,-6.696875000e+1,,,
2.031250000e+0,-9.600000000e-2,-7.200000000e+1,,,
6.000000000e+0,-8.400000000e-2,-7.001562500e+1,,,
0.000000000e+0,-8.806250000e-2,-6.800000000e+1,,,
6.000000000e+0,-9.215625000e-2,-6.902343750e+1,,,
4.687500000e-2,-9.996875000e-2,-7.000000000e+1,,,
3.906250000e+0,-8.381250000e-2,-6.900000000e+1,,,
8.000000000e+0,-8.759375000e-2,-6.700000000e+1,,,
5.984375000e+0,-1.040625000e-1,-6.798437500e+1,,,
8.062500000e+0,-9.990625000e-2,-6.800000000e+1,,,
7.906250000e+0,-9.587500000e-2,-6.599218750e+1,,,
-2.000000000e+0,-8.796875000e-2,-6.797656250e+1,,,
1.000000000e+1,-8.803125000e-2,-7.000000000e+1,,,
7.953125000e+0,-8.800000000e-2,-6.900000000e+1,,,
-2.031250000e+0,-8.806250000e-2,-6.900000000e+1,,,
2.015625000e+0,-9.612500000e-2,-6.801562500e+1,,,
4.000000000e+0,-9.593750000e-2,-6.700000000e+1,,,
6.000000000e+0,-9.193750000e-2,-6.899218750e+1,,,
4.000000000e+0,-9.215625000e-2,-6.999218750e+1,,,
1.000000000e+1,-9.590625000e-2,-7.000000000e+1,,,
3.984375000e+0,-8.800000000e-2,-6.700781250e+1,,,
1.200000000e+1,-9.206250000e-2,-6.996875000e+1,,,
4.000000000e+0,-9.200000000e-2,-7.100000000e+1,,,
2.015625000e+0,-9.200000000e-2,-6.896093750e+1,,,
2.015625000e+0,-9.203125000e-2,-6.600000000e+1,,,
3.984375000e+0,-9.193750000e-2,-7.002343750e+1,,,
1.984375000e+0,-8.800000000e-2,-6.900000000e+1,,,
3.921875000e+0,-9.568750000e-2,-7.000000000e+1,,,
6.078125000e+0,-9.615625000e-2,-7.002343750e+1,,,
1.562500000e-2,-9.190625000e-2,-6.700000000e+1,,,
5.765625000e+0,-1.078750000e-1,-6.601562500e+1,,,
1.010937500e+1,-1.040312500e-1,-7.100781250e+1,,,
4.000000000e+0,-1.002187500e-1,-6.500000000e+1,,,
7.968750000e+0,-8.437500000e-2,-6.696875000e+1,,,
3.968750000e+0,-8.778125000e-2,-6.702343750e+1,,,
6.000000000e+0,-9.603125000e-2,-6.600000000e+1,,,
5.984375000e+0,-8.803125000e-2,-6.800781250e+1,,,
1.968750000e+0,-9.196875000e-2,-6.700000000e+1,,,
-2.015625000e+0,-9.600000000e-2,-6.800000000e+1,,,
1.562500000e-2,-9.200000000e-2,-6.800000000e+1,,,
4.000000000e+0,-9.168750000e-2,-6.497656250e+1,,,
8.015625000e+0,-1.000312500e-1,-6.900000000e+1,,,
4.031250000e+0,-9.206250000e-2,-6.900781250e+1,,,
5.984375000e+0,-9.987500000e-2,-6.998437500e+1,,,
8.000000000e+0,-1.080312500e-1,-6.699218750e+1,,,
6.015625000e+0,-9.606250000e-2,-6.702343750e+1,,,
6.000000000e+0,-9.996875000e-2,-6.800000000e+1,,,
3.953125000e+0,-9.600000000e-2,-6.600000000e+1,,,
4.062500000e+0,-1.000312500e-1,-7.003125000e+1,,,
1.000000000e+1,-9.596875000e-2,-6.794531250e+1,,,
5.937500000e+0,-1.080000000e-1,-6.400000000e+1,,,
1.984375000e+0,-9.600000000e-2,-6.802343750e+1,,,
3.984375000e+0,-9.609375000e-2,-6.700000000e+1,,,
4.000000000e+0,-7.987500000e-2,-6.900781250e+1,,,
-1.562500000e-2,-9.993750000e-2,-6.700000000e+1,,,
0.000000000e+0,-9.200000000e-2,-6.900781250e+1,,,
-1.562500000e-2,-1.040000000e-1,-6.800000000e+1,,,
4.000000000e+0,-1.040000000e-1,-7.000000000e+1,,,
3.984375000e+0,-1.039687500e-1,-6.899218750e+1,,,
8.015625000e+0,-9.600000000e-2,-6.707031250e+1,,,
4.000000000e+0,-9.193750000e-2,-6.400781250e+1,,,
7.968750000e+0,-9.987500000e-2,-6.803125000e+1,,,
1.000000000e+1,-1.039062500e-1,-6.700000000e+1,,,
8.000000000e+0,-1.080000000e-1,-6.800781250e+1,,,
7.968750000e+0,-9.200000000e-2,-6.697656250e+1,,,
2.015625000e+0,-1.079375000e-1,-6.699218750e+1,,,
2.000000000e+0,-9.634375000e-2,-6.901562500e+1,,,
8.015625000e+0,-9.603125000e-2,-6.600000000e+1,,,
6.031250000e+0,-8.812500000e-2,-6.900000000e+1,,,
1.562500000e-2,-8.393750000e-2,-6.600000000e+1,,,
-1.562500000e-2,-1.040000000e-1,-6.601562500e+1,,,
2.031250000e+0,-9.200000000e-2,-6.900000000e+1,,,
1.890625000e+0,-1.000000000e-1,-6.800000000e+1,,,
1.393750000e+1,-1.082812500e-1,-6.598437500e+1,,,
7.921875000e+0,-9.600000000e-2,-6.900781250e+1,,,
5.921875000e+0,-1.000312500e-1,-6.700781250e+1,,,
-2.015625000e+0,-9.996875000e-2,-6.700781250e+1,,,
4.078125000e+0,-8.800000000e-2,-6.801562500e+1,,,
3.937500000e+0,-1.000625000e-1,-7.000000000e+1,,,
2.015625000e+0,-1.000625000e-1,-6.800781250e+1,,,
7.937500000e+0,-9.603125000e-2,-6.800781250e+1,,,
6.125000000e+0,-9.606250000e-2,-6.900781250e+1,,,
1.984375000e+0,-9.196875000e-2,-6.997656250e+1,,,
1.000000000e+1,-1.079375000e-1,-6.701562500e+1,,,
2.000000000e+0,-1.079687500e-1,-7.100781250e+1,,,
1.192187500e+1,-9.600000000e-2,-6.800000000e+1,,,
6.125000000e+0,-1.078750000e-1,-6.700781250e+1,,,
4.015625000e+0,-1.000625000e-1,-6.900000000e+1,,,
3.984375000e+0,-9.600000000e-2,-6.999218750e+1,,,
2.015625000e+0,-9.600000000e-2,-6.600781250e+1,,,
8.015625000e+0,-9.600000000e-2,-6.999218750e+1,,,
6.015625000e+0,-9.200000000e-2,-6.801562500e+1,,,
4.000000000e+0,-9.593750000e-2,-6.700000000e+1,,,
8.000000000e+0,-1.000625000e-1,-6.700000000e+1,,,
0.000000000e+0,-9.206250000e-2,-6.899218750e+1,,,
7.968750000e+0,-9.600000000e-2,-6.900000000e+1,,,
6.015625000e+0,-1.000625000e-1,-6.800781250e+1,,,
3.968750000e+0,-7.993750000e-2,-6.800000000e+1,,,
9.984375000e+0,-9.206250000e-2,-6.700781250e+1,,,
8.046875000e+0,-9.612500000e-2,-6.697656250e+1,,,
7.984375000e+0,-8.406250000e-2,-6.900000000e+1,,,
1.200000000e+1,-9.196875000e-2,-6.896093750e+1,,,
5.890625000e+0,-9.600000000e-2,-6.601562500e+1,,,
6.250000000e-2,-1.120000000e-1,-6.902343750e+1,,,
1.000000000e+1,-9.593750000e-2,-6.798437500e+1,,,
1.968750000e+0,-9.200000000e-2,-6.800000000e+1,,,
7.984375000e+0,-9.587500000e-2,-6.799218750e+1,,,
4.000000000e+0,-9.612500000e-2,-6.900000000e+1,,,
7.968750000e+0,-8.400000000e-2,-6.799218750e+1,,,
1.203125000e+1,-9.609375000e-2,-6.700781250e+1,,,
6.078125000e+0,-1.040000000e-1,-6.699218750e+1,,,
5.937500000e+0,-9.200000000e-2,-6.700000000e+1,,,
9.875000000e+0,-1.078437500e-1,-6.600000000e+1,,,
1.395312500e+1,-1.040000000e-1,-6.797656250e+1,,,
5.812500000e+0,-1.000000000e-1,-6.900000000e+1,,,
2.046875000e+0,-9.200000000e-2,-6.700000000e+1,,,
8.031250000e+0,-9.609375000e-2,-6.900000000e+1,,,
3.890625000e+0,-1.040000000e-1,-6.799218750e+1,,,
2.015625000e+0,-1.000000000e-1,-6.701562500e+1,,,
6.046875000e+0,-1.040000000e-1,-6.500781250e+1,,,
8.062500000e+0,-9.609375000e-2,-6.702343750e+1,,,
3.937500000e+0,-9.200000000e-2,-7.000000000e+1,,,
1.198437500e+1,-9.603125000e-2,-6.700000000e+1,,,
4.046875000e+0,-9.603125000e-2,-6.801562500e+1,,,
5.984375000e+0,-1.040000000e-1,-6.800781250e+1,,,
3.984375000e+0,-8.809375000e-2,-6.901562500e+1,,,
8.046875000e+0,-9.581250000e-2,-6.700000000e+1,,,
1.000000000e+1,-1.000312500e-1,-6.900000000e+1,,,
9.984375000e+0,-9.200000000e-2,-6.700000000e+1,,,
7.968750000e+0,-9.200000000e-2,-6.900000000e+1,,,
8.015625000e+0,-9.203125000e-2,-6.599218750e+1,,,
1.200000000e+1,-1.000000000e-1,-6.600000000e+1,,,
9.984375000e+0,-1.039062500e-1,-6.800000000e+1,,,
7.984375000e+0,-1.120000000e-1,-6.699218750e+1,,,
6.000000000e+0,-9.990625000e-2,-6.600781250e+1,,,
8.000000000e+0,-8.787500000e-2,-6.698437500e+1,,,
6.000000000e+0,-8.818750000e-2,-7.000000000e+1,,,
8.015625000e+0,-1.121562500e-1,-6.600000000e+1,,,
2.015625000e+0,-1.037500000e-1,-6.596875000e+1,,,
2.000000000e+0,-9.584375000e-2,-6.998437500e+1,,,
0.000000000e+0,-1.040000000e-1,-6.900000000e+1,,,
6.000000000e+0,-9.596875000e-2,-7.000000000e+1,,,
1.398437500e+1,-9.603125000e-2,-6.795312500e+1,,,
7.984375000e+0,-1.040000000e-1,-6.700781250e+1,,,
9.984375000e+0,-9.593750000e-2,-6.900000000e+1,,,
2.000000000e+0,-9.987500000e-2,-7.099218750e+1,,,
1.000000000e+1,-1.080312500e-1,-6.600000000e+1,,,
1.400000000e+1,-9.193750000e-2,-6.999218750e+1,,,
4.000000000e+0,-9.203125000e-2,-6.896875000e+1,,,
5.984375000e+0,-1.000625000e-1,-6.700000000e+1,,,
7.968750000e+0,-9.584375000e-2,-6.900000000e+1,,,
9.968750000e+0,-8.803125000e-2,-6.800000000e+1,,,
1.000000000e+1,-9.975000000e-2,-6.600781250e+1,,,
5.859375000e+0,-9.990625000e-2,-6.698437500e+1,,,
2.078125000e+0,-8.796875000e-2,-7.000000000e+1,,,
1.206250000e+1,-9.212500000e-2,-6.699218750e+1,,,
5.828125000e+0,-9.600000000e-2,-6.800000000e+1,,,
2.015625000e+0,-9.603125000e-2,-6.700000000e+1,,,
6.062500000e+0,-1.000312500e-1,-6.698437500e+1,,,
7.984375000e+0,-1.040000000e-1,-6.999218750e+1,,,
8.000000000e+0,-1.040000000e-1,-6.900000000e+1,,,
8.000000000e+0,-1.040000000e-1,-6.798437500e+1,,,
7.953125000e+0,-1.039687500e-1,-6.500000000e+1,,,
1.398437500e+1,-1.000000000e-1,-6.700000000e+1,,,
1.007812500e+1,-1.040312500e-1,-6.700000000e+1,,,
7.968750000e+0,-1.042187500e-1,-6.700000000e+1,,,
1.004687500e+1,-9.200000000e-2,-6.700000000e+1,,,
9.921875000e+0,-1.040000000e-1,-6.700781250e+1,,,
5.984375000e+0,-9.196875000e-2,-6.800000000e+1,,,
1.006250000e+1,-1.041875000e-1,-6.700781250e+1,,,
1.198437500e+1,-1.038437500e-1,-6.603125000e+1,,,
6.000000000e+0,-9.193750000e-2,-7.000781250e+1,,,
1.400000000e+1,-9.962500000e-2,-6.702343750e+1,,,
1.598437500e+1,-1.120000000e-1,-6.900000000e+1,,,
1.000000000e+1,-9.978125000e-2,-6.800000000e+1,,,
2.000000000e+0,-9.603125000e-2,-6.900000000e+1,,,
1.203125000e+1,-9.593750000e-2,-6.700000000e+1,,,
1.000000000e+1,-9.215625000e-2,-6.600000000e+1,,,
1.004687500e+1,-1.039375000e-1,-6.700781250e+1,,,
3.984375000e+0,-8.800000000e-2,-6.600000000e+1,,,
8.125000000e+0,-1.040625000e-1,-6.701562500e+1,,,
1.590625000e+1,-1.040000000e-1,-6.700000000e+1,,,
1.843750000e+0,-1.079062500e-1,-6.596875000e+1,,,
8.187500000e+0,-9.593750000e-2,-6.503906250e+1,,,
1.403125000e+1,-1.000625000e-1,-6.800000000e+1,,,
1.600000000e+1,-9.993750000e-2,-6.600781250e+1,,,
9.968750000e+0,-1.039687500e-1,-6.600781250e+1,,,
1.000000000e+1,-9.203125000e-2,-6.700781250e+1,,,
7.953125000e+0,-1.040312500e-1,-6.600000000e+1,,,
1.598437500e+1,-9.600000000e-2,-6.802343750e+1,,,
1.009375000e+1,-1.080937500e-1,-7.100781250e+1,,,
9.968750000e+0,-1.080000000e-1,-6.802343750e+1,,,
9.968750000e+0,-1.039687500e-1,-6.699218750e+1,,,
1.001562500e+1,-1.040937500e-1,-6.500000000e+1,,,
1.201562500e+1,-1.078750000e-1,-6.697656250e+1,,,
1.400000000e+1,-9.590625000e-2,-6.700000000e+1,,,
1.400000000e+1,-1.045000000e-1,-6.600781250e+1,,,
1.604687500e+1,-1.156875000e-1,-6.597656250e+1,,,
1.800000000e+1,-9.600000000e-2,-6.800000000e+1,,,
1.407812500e+1,-1.080000000e-1,-6.600000000e+1,,,
7.953125000e+0,-9.200000000e-2,-6.600000000e+1,,,
1.795312500e+1,-1.000937500e-1,-6.602343750e+1,,,
1.803125000e+1,-1.040937500e-1,-6.800000000e+1,,,
1.007812500e+1,-1.120937500e-1,-6.600000000e+1,,,
7.953125000e+0,-1.078437500e-1,-6.600000000e+1,,,
1.001562500e+1,-9.221875000e-2,-6.798437500e+1,,,
8.062500000e+0,-8.800000000e-2,-6.898437500e+1,,,
1.598437500e+1,-8.812500000e-2,-6.800000000e+1,,,
7.953125000e+0,-1.001875000e-1,-6.200781250e+1,,,
1.201562500e+1,-9.987500000e-2,-6.598437500e+1,,,
1.200000000e+1,-9.196875000e-2,-6.400000000e+1,,,
1.800000000e+1,-9.993750000e-2,-6.801562500e+1,,,
1.200000000e+1,-1.079375000e-1,-6.803125000e+1,,,
1.800000000e+1,-9.587500000e-2,-6.600000000e+1,,,
1.200000000e+1,-1.001562500e-1,-6.800000000e+1,,,
1.000000000e+1,-1.039687500e-1,-6.800000000e+1,,,
1.200000000e+1,-1.040625000e-1,-6.802343750e+1,,,
1.600000000e+1,-1.038750000e-1,-6.400000000e+1,,,
1.198437500e+1,-9.600000000e-2,-6.499218750e+1,,,
1.996875000e+1,-1.041250000e-1,-6.497656250e+1,,,
1.800000000e+1,-1.079687500e-1,-7.002343750e+1,,,
1.195312500e+1,-9.596875000e-2,-6.693750000e+1,,,
1.001562500e+1,-1.041562500e-1,-6.300000000e+1,,,
1.401562500e+1,-1.039687500e-1,-6.700781250e+1,,,
1.604687500e+1,-9.996875000e-2,-6.400000000e+1,,,
2.010937500e+1,-8.821875000e-2,-6.700000000e+1,,,
9.984375000e+0,-9.568750000e-2,-6.506250000e+1,,,
1.996875000e+1,-1.080625000e-1,-6.300000000e+1,,,
1.203125000e+1,-9.612500000e-2,-6.700781250e+1,,,
1.992187500e+1,-9.990625000e-2,-6.402343750e+1,,,
1.221875000e+1,-1.041250000e-1,-6.500000000e+1,,,
1.379687500e+1,-9.625000000e-2,-6.500781250e+1,,,
1.798437500e+1,-9.590625000e-2,-6.498437500e+1,,,
9.953125000e+0,-1.000625000e-1,-6.600781250e+1,,,
8.031250000e+0,-9.596875000e-2,-6.398437500e+1,,,
1.803125000e+1,-1.080000000e-1,-6.400000000e+1,,,
1.793750000e+1,-9.600000000e-2,-6.500000000e+1,,,
1.600000000e+1,-9.600000000e-2,-6.700000000e+1,,,
1.800000000e+1,-1.036562500e-1,-6.306250000e+1,,,
1.810937500e+1,-1.043125000e-1,-6.400000000e+1,,,
1.193750000e+1,-8.793750000e-2,-6.401562500e+1,,,
2.200000000e+1,-1.078750000e-1,-6.497656250e+1,,,
1.009375000e+1,-1.000625000e-1,-6.200000000e+1,,,
1.382812500e+1,-9.590625000e-2,-6.503125000e+1,,,
2.198437500e+1,-1.080000000e-1,-6.600000000e+1,,,
1.590625000e+1,-9.621875000e-2,-6.600000000e+1,,,
1.396875000e+1,-9.596875000e-2,-6.501562500e+1,,,
1.403125000e+1,-9.996875000e-2,-6.599218750e+1,,,
2.201562500e+1,-1.080000000e-1,-6.300000000e+1,,,
2.000000000e+1,-1.000000000e-1,-6.404687500e+1,,,
2.201562500e+1,-1.080312500e-1,-6.596875000e+1,,,
1.400000000e+1,-9.987500000e-2,-6.102343750e+1,,,
1.798437500e+1,-1.120312500e-1,-6.300000000e+1,,,
1.200000000e+1,-1.000000000e-1,-6.400000000e+1,,,
1.796875000e+1,-1.120000000e-1,-6.300000000e+1,,,
1.800000000e+1,-1.040312500e-1,-6.500000000e+1,,,
1.598437500e+1,-1.039687500e-1,-6.300000000e+1,,,
1.998437500e+1,-9.600000000e-2,-6.401562500e+1,,,
1.800000000e+1,-1.078750000e-1,-6.200781250e+1,,,
2.200000000e+1,-1.041250000e-1,-6.502343750e+1,,,
1.800000000e+1,-1.039687500e-1,-6.400000000e+1,,,
2.207812500e+1,-1.080000000e-1,-6.500781250e+1,,,
2.798437500e+1,-1.080312500e-1,-6.399218750e+1,,,
2.001562500e+1,-1.000937500e-1,-6.400781250e+1,,,
2.400000000e+1,-9.206250000e-2,-6.202343750e+1,,,
1.795312500e+1,-9.971875000e-2,-6.100781250e+1,,,
1.200000000e+1,-1.120000000e-1,-6.400000000e+1,,,
1.792187500e+1,-1.040625000e-1,-6.300000000e+1,,,
2.200000000e+1,-1.000000000e-1,-6.400000000e+1,,,
1.800000000e+1,-1.080000000e-1,-6.200000000e+1,,,
2.200000000e+1,-1.000000000e-1,-6.400000000e+1,,,
1.800000000e+1,-9.571875000e-2,-6.200781250e+1,,,
2.200000000e+1,-1.080000000e-1,-6.300000000e+1,,,
1.796875000e+1,-1.079687500e-1,-6.100000000e+1,,,
2.000000000e+1,-9.996875000e-2,-6.303906250e+1,,,
1.801562500e+1,-9.596875000e-2,-6.500000000e+1,,,
2.198437500e+1,-9.200000000e-2,-6.201562500e+1,,,
1.800000000e+1,-9.596875000e-2,-6.199218750e+1,,,
2.201562500e+1,-1.040000000e-1,-6.501562500e+1,,,
1.795312500e+1,-9.612500000e-2,-6.399218750e+1,,,
2.598437500e+1,-9.196875000e-2,-6.301562500e+1,,,
2.201562500e+1,-9.996875000e-2,-6.399218750e+1,,,
1.990625000e+1,-1.040000000e-1,-6.200000000e+1,,,
3.000000000e+1,-9.600000000e-2,-6.300000000e+1,,,
1.820312500e+1,-1.039062500e-1,-6.199218750e+1,,,
1.810937500e+1,-1.000000000e-1,-6.100000000e+1,,,
2.603125000e+1,-1.040000000e-1,-6.200781250e+1,,,
2.596875000e+1,-1.040000000e-1,-6.300781250e+1,,,
2.598437500e+1,-1.160312500e-1,-6.400000000e+1,,,
2.403125000e+1,-1.080000000e-1,-6.301562500e+1,,,
1.600000000e+1,-9.603125000e-2,-6.101562500e+1,,,
2.600000000e+1,-1.038125000e-1,-6.400000000e+1,,,
1.801562500e+1,-1.160625000e-1,-6.302343750e+1,,,
1.996875000e+1,-1.000000000e-1,-6.300000000e+1,,,
2.396875000e+1,-1.040000000e-1,-6.400000000e+1,,,
2.600000000e+1,-1.000312500e-1,-6.299218750e+1,,,
2.401562500e+1,-9.993750000e-2,-6.500781250e+1,,,
2.196875000e+1,-8.403125000e-2,-6.198437500e+1,,,
2.598437500e+1,-9.981250000e-2,-6.600000000e+1,,,
2.400000000e+1,-1.080937500e-1,-6.196875000e+1,,,
2.403125000e+1,-1.000000000e-1,-6.407031250e+1,,,
2.801562500e+1,-1.080312500e-1,-6.398437500e+1,,,
2.593750000e+1,-1.039687500e-1,-6.300781250e+1,,,
2.201562500e+1,-1.000000000e-1,-6.399218750e+1,,,
2.600000000e+1,-1.081875000e-1,-6.197656250e+1,,,
2.200000000e+1,-9.596875000e-2,-6.501562500e+1,,,
2.596875000e+1,-1.040625000e-1,-5.898437500e+1,,,
3.004687500e+1,-8.400000000e-2,-6.199218750e+1,,,
2.400000000e+1,-1.040000000e-1,-6.103125000e+1,,,
2.992187500e+1,-9.600000000e-2,-6.000000000e+1,,,
2.810937500e+1,-1.081250000e-1,-6.297656250e+1,,,
2.600000000e+1,-8.800000000e-2,-6.301562500e+1,,,
2.804687500e+1,-1.120000000e-1,-6.300000000e+1,,,
2.796875000e+1,-1.039062500e-1,-6.300781250e+1,,,
2.395312500e+1,-1.000312500e-1,-6.200000000e+1,,,
2.404687500e+1,-1.000312500e-1,-6.300781250e+1,,,
2.804687500e+1,-1.000000000e-1,-6.101562500e+1,,,
2.998437500e+1,-9.996875000e-2,-5.896875000e+1,,,
2.803125000e+1,-1.039687500e-1,-6.301562500e+1,,,
2.792187500e+1,-1.040312500e-1,-6.300000000e+1,,,
3.206250000e+1,-9.996875000e-2,-6.200000000e+1,,,
2.398437500e+1,-9.206250000e-2,-5.902343750e+1,,,
3.196875000e+1,-1.120000000e-1,-6.300781250e+1,,,
2.409375000e+1,-1.080312500e-1,-6.103125000e+1,,,
2.603125000e+1,-1.120937500e-1,-6.100781250e+1,,,
2.396875000e+1,-1.000000000e-1,-6.200000000e+1,,,
2.198437500e+1,-1.120000000e-1,-6.200000000e+1,,,
2.404687500e+1,-9.993750000e-2,-6.200000000e+1,,,
3.000000000e+1,-9.603125000e-2,-6.100781250e+1,,,
2.600000000e+1,-1.040000000e-1,-6.300000000e+1,,,
3.198437500e+1,-1.121875000e-1,-6.300781250e+1,,,
2.393750000e+1,-9.600000000e-2,-6.099218750e+1,,,
2.596875000e+1,-1.040000000e-1,-5.996875000e+1,,,
3.000000000e+1,-9.600000000e-2,-6.400000000e+1,,,
2.600000000e+1,-1.081250000e-1,-6.098437500e+1,,,
3.000000000e+1,-1.078437500e-1,-5.900000000e+1,,,
2.400000000e+1,-1.000000000e-1,-6.197656250e+1,,,
2.800000000e+1,-1.115625000e-1,-6.203125000e+1,,,
2.200000000e+1,-1.200000000e-1,-6.100781250e+1,,,
2.800000000e+1,-1.119687500e-1,-6.100781250e+1,,,
2.998437500e+1,-1.079375000e-1,-6.299218750e+1,,,
3.001562500e+1,-9.600000000e-2,-6.099218750e+1,,,
2.995312500e+1,-1.081562500e-1,-6.300000000e+1,,,
2.401562500e+1,-1.120937500e-1,-6.299218750e+1,,,
3.400000000e+1,-1.000312500e-1,-6.000000000e+1,,,
2.800000000e+1,-1.040312500e-1,-6.200000000e+1,,,
3.000000000e+1,-1.040000000e-1,-5.998437500e+1,,,
3.400000000e+1,-1.041562500e-1,-6.000000000e+1,,,
3.007812500e+1,-1.159687500e-1,-6.099218750e+1,,,
2.793750000e+1,-1.040000000e-1,-6.200000000e+1,,,
3.398437500e+1,-1.156875000e-1,-6.100781250e+1,,,
2.995312500e+1,-1.159062500e-1,-6.100781250e+1,,,
3.201562500e+1,-9.987500000e-2,-6.000781250e+1,,,
2.990625000e+1,-9.615625000e-2,-6.200000000e+1,,,
3.015625000e+1,-1.080625000e-1,-5.901562500e+1,,,
4.001562500e+1,-1.040000000e-1,-5.800000000e+1,,,
2.979687500e+1,-1.080000000e-1,-6.001562500e+1,,,
2.581250000e+1,-1.000625000e-1,-5.898437500e+1,,,
3.804687500e+1,-1.040000000e-1,-6.400000000e+1,,,
2.401562500e+1,-1.079375000e-1,-6.394531250e+1,,,
3.385937500e+1,-1.160312500e-1,-5.799218750e+1,,,
3.804687500e+1,-1.079062500e-1,-6.200000000e+1,,,
3.206250000e+1,-9.996875000e-2,-5.800000000e+1,,,
3.381250000e+1,-9.993750000e-2,-5.996093750e+1,,,
3.790625000e+1,-1.039687500e-1,-6.000781250e+1,,,
2.790625000e+1,-1.080000000e-1,-5.800781250e+1,,,
3.209375000e+1,-9.990625000e-2,-6.000781250e+1,,,
3.396875000e+1,-1.001562500e-1,-5.900781250e+1,,,
3.200000000e+1,-1.079375000e-1,-5.899218750e+1,,,
3.600000000e+1,-9.600000000e-2,-5.800781250e+1,,,
3.400000000e+1,-1.079062500e-1,-6.098437500e+1,,,
3.400000000e+1,-9.996875000e-2,-6.000000000e+1,,,
3.400000000e+1,-1.039375000e-1,-6.100000000e+1,,,
3.600000000e+1,-9.612500000e-2,-5.899218750e+1,,,
3.196875000e+1,-1.120625000e-1,-6.200000000e+1,,,
3.000000000e+1,-9.984375000e-2,-6.100000000e+1,,,
3.390625000e+1,-1.040937500e-1,-6.198437500e+1,,,
3.798437500e+1,-1.040000000e-1,-6.000000000e+1,,,
3.196875000e+1,-1.000000000e-1,-5.801562500e+1,,,
3.609375000e+1,-1.040625000e-1,-6.000781250e+1,,,
3.787500000e+1,-1.162500000e-1,-5.899218750e+1,,,
3.001562500e+1,-1.197812500e-1,-6.001562500e+1,,,
4.003125000e+1,-9.996875000e-2,-6.000000000e+1,,,
4.000000000e+1,-1.118125000e-1,-6.000000000e+1,,,
3.598437500e+1,-1.120000000e-1,-6.000781250e+1,,,
3.800000000e+1,-1.079687500e-1,-6.100000000e+1,,,
3.600000000e+1,-9.996875000e-2,-5.901562500e+1,,,
3.600000000e+1,-1.000312500e-1,-5.800000000e+1,,,
3.407812500e+1,-9.996875000e-2,-5.800000000e+1,,,
3.190625000e+1,-1.040000000e-1,-5.899218750e+1,,,
3.993750000e+1,-1.160312500e-1,-5.899218750e+1,,,
3.200000000e+1,-1.079375000e-1,-5.800781250e+1,,,
4.204687500e+1,-1.039375000e-1,-5.800781250e+1,,,
3.792187500e+1,-9.993750000e-2,-5.800000000e+1,,,
3.796875000e+1,-1.002500000e-1,-6.100781250e+1,,,
3.603125000e+1,-1.119687500e-1,-5.703906250e+1,,,
3.996875000e+1,-1.000000000e-1,-5.893750000e+1,,,
3.400000000e+1,-1.000000000e-1,-6.100000000e+1,,,
3.995312500e+1,-9.600000000e-2,-5.701562500e+1,,,
3.800000000e+1,-1.159687500e-1,-5.703906250e+1,,,
4.000000000e+1,-9.996875000e-2,-5.900781250e+1,,,
3.600000000e+1,-1.162500000e-1,-5.800000000e+1,,,
3.996875000e+1,-1.078125000e-1,-5.800000000e+1,,,
3.803125000e+1,-1.037500000e-1,-5.899218750e+1,,,
3.795312500e+1,-1.160312500e-1,-6.000781250e+1,,,
3.607812500e+1,-1.120312500e-1,-5.900000000e+1,,,
4.396875000e+1,-1.158125000e-1,-6.000000000e+1,,,
3.398437500e+1,-9.590625000e-2,-5.800781250e+1,,,
4.000000000e+1,-1.040937500e-1,-5.900000000e+1,,,
3.998437500e+1,-1.000000000e-1,-5.800000000e+1,,,
3.798437500e+1,-1.041875000e-1,-5.896875000e+1,,,
3.600000000e+1,-1.160625000e-1,-6.102343750e+1,,,
3.800000000e+1,-1.078125000e-1,-5.600000000e+1,,,
3.800000000e+1,-1.040312500e-1,-5.798437500e+1,,,
4.000000000e+1,-1.081875000e-1,-6.002343750e+1,,,
3.798437500e+1,-1.076875000e-1,-5.600000000e+1,,,
3.600000000e+1,-9.200000000e-2,-5.702343750e+1,,,
3.796875000e+1,-1.081562500e-1,-5.400781250e+1,,,
4.200000000e+1,-1.120312500e-1,-5.803125000e+1,,,
3.992187500e+1,-1.120000000e-1,-5.899218750e+1,,,
3.806250000e+1,-1.120000000e-1,-5.900000000e+1,,,
4.800000000e+1,-1.078750000e-1,-5.899218750e+1,,,
3.992187500e+1,-1.000000000e-1,-5.700000000e+1,,,
4.192187500e+1,-9.587500000e-2,-5.700000000e+1,,,
4.395312500e+1,-1.038750000e-1,-5.700000000e+1,,,
4.410937500e+1,-1.040937500e-1,-5.600000000e+1,,,
3.592187500e+1,-1.000312500e-1,-5.300781250e+1,,,
4.590625000e+1,-1.039375000e-1,-5.698437500e+1,,,
3.823437500e+1,-1.080625000e-1,-5.600000000e+1,,,
3.971875000e+1,-1.003125000e-1,-5.699218750e+1,,,
4.800000000e+1,-9.984375000e-2,-5.505468750e+1,,,
4.398437500e+1,-1.080000000e-1,-5.299218750e+1,,,
4.398437500e+1,-1.000312500e-1,-5.702343750e+1,,,
3.998437500e+1,-9.996875000e-2,-5.600781250e+1,,,
4.200000000e+1,-1.080000000e-1,-5.600000000e+1,,,
4.000000000e+1,-1.080000000e-1,-5.600000000e+1,,,
4.400000000e+1,-1.041250000e-1,-5.600000000e+1,,,
4.803125000e+1,-1.000625000e-1,-5.600000000e+1,,,
4.203125000e+1,-9.996875000e-2,-5.599218750e+1,,,
4.200000000e+1,-1.079062500e-1,-5.603125000e+1,,,
3.998437500e+1,-1.160000000e-1,-5.900781250e+1,,,
4.395312500e+1,-1.080625000e-1,-5.798437500e+1,,,
4.401562500e+1,-1.078437500e-1,-5.700000000e+1,,,
4.400000000e+1,-1.081875000e-1,-5.700000000e+1,,,
4.606250000e+1,-9.593750000e-2,-5.698437500e+1,,,
4.796875000e+1,-1.080312500e-1,-5.298437500e+1,,,
3.995312500e+1,-9.200000000e-2,-5.300000000e+1,,,
4.403125000e+1,-9.200000000e-2,-5.403906250e+1,,,
5.001562500e+1,-9.990625000e-2,-5.902343750e+1,,,
3.800000000e+1,-1.079687500e-1,-5.603906250e+1,,,
4.403125000e+1,-1.001250000e-1,-5.400000000e+1,,,
4.798437500e+1,-9.600000000e-2,-5.400000000e+1,,,
4.601562500e+1,-1.080000000e-1,-5.399218750e+1,,,
4.400000000e+1,-1.040000000e-1,-5.700000000e+1,,,
4.398437500e+1,-1.080312500e-1,-5.399218750e+1,,,
4.598437500e+1,-1.120000000e-1,-5.400000000e+1,,,
4.600000000e+1,-9.596875000e-2,-5.401562500e+1,,,
4.800000000e+1,-1.120000000e-1,-5.703125000e+1,,,
4.398437500e+1,-9.609375000e-2,-5.700000000e+1,,,
4.603125000e+1,-1.080000000e-1,-5.600000000e+1,,,
5.001562500e+1,-1.040000000e-1,-5.599218750e+1,,,
5.203125000e+1,-1.080625000e-1,-5.500000000e+1,,,
4.200000000e+1,-9.606250000e-2,-5.599218750e+1,,,
4.001562500e+1,-1.077812500e-1,-5.499218750e+1,,,
4.796875000e+1,-1.080937500e-1,-5.300000000e+1,,,
4.796875000e+1,-1.000312500e-1,-5.600000000e+1,,,
5.600000000e+1,-1.040000000e-1,-5.699218750e+1,,,
4.807812500e+1,-1.040000000e-1,-5.300000000e+1,,,
4.993750000e+1,-1.040000000e-1,-5.600000000e+1,,,
5.000000000e+1,-1.040000000e-1,-5.400781250e+1,,,
4.792187500e+1,-1.040000000e-1,-5.600781250e+1,,,
4.404687500e+1,-9.996875000e-2,-5.500781250e+1,,,
5.203125000e+1,-9.600000000e-2,-5.400000000e+1,,,
4.795312500e+1,-9.606250000e-2,-5.500781250e+1,,,
5.001562500e+1,-1.080625000e-1,-5.600781250e+1,,,
5.003125000e+1,-1.080625000e-1,-5.400781250e+1,,,
5.207812500e+1,-1.039687500e-1,-5.401562500e+1,,,
4.209375000e+1,-1.080625000e-1,-5.601562500e+1,,,
4.595312500e+1,-9.603125000e-2,-5.700000000e+1,,,
5.200000000e+1,-1.040000000e-1,-5.492968750e+1,,,
4.601562500e+1,-1.000000000e-1,-5.300781250e+1,,,
4.998437500e+1,-9.993750000e-2,-5.600000000e+1,,,
4.795312500e+1,-1.160312500e-1,-5.399218750e+1,,,
5.406250000e+1,-1.000625000e-1,-5.400000000e+1,,,
5.196875000e+1,-1.040000000e-1,-5.400000000e+1,,,
4.601562500e+1,-1.080000000e-1,-5.300000000e+1,,,
5.201562500e+1,-1.000000000e-1,-5.300000000e+1,,,
5.001562500e+1,-1.040000000e-1,-5.300781250e+1,,,
4.800000000e+1,-1.120000000e-1,-5.200781250e+1,,,
5.200000000e+1,-1.080000000e-1,-5.400000000e+1,,,
4.801562500e+1,-1.080625000e-1,-5.400781250e+1,,,
4.598437500e+1,-9.600000000e-2,-5.400000000e+1,,,
5.198437500e+1,-9.996875000e-2,-5.300781250e+1,,,
5.000000000e+1,-1.040937500e-1,-5.199218750e+1,,,
5.400000000e+1,-1.120000000e-1,-5.300000000e+1,,,
4.995312500e+1,-1.000625000e-1,-5.197656250e+1,,,
6.000000000e+1,-1.079375000e-1,-5.500000000e+1,,,
5.000000000e+1,-1.080625000e-1,-5.294531250e+1,,,
5.201562500e+1,-1.080000000e-1,-5.105468750e+1,,,
5.203125000e+1,-1.160312500e-1,-5.502343750e+1,,,
6.000000000e+1,-1.119687500e-1,-5.296093750e+1,,,
5.600000000e+1,-1.040625000e-1,-5.201562500e+1,,,
6.001562500e+1,-9.984375000e-2,-5.301562500e+1,,,
4.998437500e+1,-1.080312500e-1,-5.100781250e+1,,,
6.196875000e+1,-9.603125000e-2,-5.301562500e+1,,,
5.810937500e+1,-1.040625000e-1,-5.399218750e+1,,,
5.401562500e+1,-1.080000000e-1,-5.500781250e+1,,,
5.393750000e+1,-1.080000000e-1,-5.300000000e+1,,,
5.606250000e+1,-1.120000000e-1,-5.297656250e+1,,,
5.200000000e+1,-1.040000000e-1,-5.400781250e+1,,,
5.603125000e+1,-9.600000000e-2,-5.099218750e+1,,,
5.398437500e+1,-1.040625000e-1,-5.100000000e+1,,,
5.603125000e+1,-1.039062500e-1,-5.200000000e+1,,,
5.590625000e+1,-9.606250000e-2,-5.401562500e+1,,,
5.206250000e+1,-1.080625000e-1,-5.400781250e+1,,,
6.203125000e+1,-1.001562500e-1,-5.201562500e+1,,,
5.809375000e+1,-9.990625000e-2,-5.300781250e+1,,,
5.790625000e+1,-1.080312500e-1,-5.300000000e+1,,,
6.403125000e+1,-9.606250000e-2,-5.300000000e+1,,,
5.603125000e+1,-1.200625000e-1,-5.199218750e+1,,,
5.995312500e+1,-1.120000000e-1,-5.200781250e+1,,,
5.992187500e+1,-1.120312500e-1,-5.300000000e+1,,,
6.393750000e+1,-1.040000000e-1,-5.199218750e+1,,,
5.393750000e+1,-1.119687500e-1,-5.100000000e+1,,,
5.604687500e+1,-1.120000000e-1,-5.200000000e+1,,,
6.003125000e+1,-9.996875000e-2,-5.100781250e+1,,,
6.400000000e+1,-1.040312500e-1,-5.300000000e+1,,,
6.200000000e+1,-1.040000000e-1,-5.000000000e+1,,,
5.596875000e+1,-1.040625000e-1,-5.400781250e+1,,,
5.598437500e+1,-1.080000000e-1,-4.900000000e+1,,,
5.396875000e+1,-1.159687500e-1,-5.299218750e+1,,,
6.198437500e+1,-1.000000000e-1,-5.000000000e+1,,,
5.796875000e+1,-1.160625000e-1,-5.400781250e+1,,,
5.601562500e+1,-1.080312500e-1,-5.100000000e+1,,,
5.398437500e+1,-1.200000000e-1,-5.096093750e+1,,,
5.795312500e+1,-1.080937500e-1,-5.400781250e+1,,,
5.800000000e+1,-1.160312500e-1,-5.002343750e+1,,,
5.400000000e+1,-1.039687500e-1,-4.901562500e+1,,,
5.812500000e+1,-1.080312500e-1,-5.301562500e+1,,,
6.396875000e+1,-1.120000000e-1,-5.096875000e+1,,,
5.595312500e+1,-1.079375000e-1,-5.100000000e+1,,,
5.803125000e+1,-1.039375000e-1,-5.299218750e+1,,,
6.400000000e+1,-1.120000000e-1,-4.900000000e+1,,,
6.800000000e+1,-1.039687500e-1,-5.200781250e+1,,,
6.000000000e+1,-1.000000000e-1,-4.800000000e+1,,,
6.198437500e+1,-1.040937500e-1,-5.200000000e+1,,,
6.395312500e+1,-1.121250000e-1,-4.900000000e+1,,,
6.798437500e+1,-1.159687500e-1,-5.200000000e+1,,,
6.598437500e+1,-1.039375000e-1,-5.200000000e+1,,,
6.589062500e+1,-1.119687500e-1,-5.200781250e+1,,,
5.796875000e+1,-1.000312500e-1,-5.098437500e+1,,,
6.417187500e+1,-1.161250000e-1,-4.800781250e+1,,,
6.795312500e+1,-1.078125000e-1,-5.199218750e+1,,,
6.193750000e+1,-1.040937500e-1,-5.100000000e+1,,,
6.196875000e+1,-1.120312500e-1,-4.796875000e+1,,,
5.985937500e+1,-1.080000000e-1,-5.399218750e+1,,,
7.001562500e+1,-1.120000000e-1,-5.000000000e+1,,,
6.001562500e+1,-1.040312500e-1,-5.304687500e+1,,,
6.592187500e+1,-1.121250000e-1,-5.197656250e+1,,,
6.604687500e+1,-1.118750000e-1,-4.700000000e+1,,,
6.203125000e+1,-1.000000000e-1,-5.100000000e+1,,,
6.384375000e+1,-1.118125000e-1,-4.903125000e+1,,,
7.003125000e+1,-1.120000000e-1,-4.900000000e+1,,,
6.798437500e+1,-1.119687500e-1,-4.899218750e+1,,,
7.000000000e+1,-9.990625000e-2,-4.901562500e+1,,,
6.796875000e+1,-1.000625000e-1,-5.200781250e+1,,,
6.800000000e+1,-1.041250000e-1,-4.696875000e+1,,,
7.001562500e+1,-1.120000000e-1,-4.700781250e+1,,,
7.400000000e+1,-1.079687500e-1,-4.799218750e+1,,,
5.992187500e+1,-1.120000000e-1,-4.800000000e+1,,,
6.600000000e+1,-1.039062500e-1,-4.800000000e+1,,,
7.200000000e+1,-1.082500000e-1,-4.999218750e+1,,,
6.198437500e+1,-1.158750000e-1,-5.000000000e+1,,,
7.000000000e+1,-9.987500000e-2,-5.100000000e+1,,,
7.204687500e+1,-1.081250000e-1,-4.800000000e+1,,,
6.798437500e+1,-1.080000000e-1,-5.100000000e+1,,,
6.801562500e+1,-1.000312500e-1,-4.898437500e+1,,,
6.798437500e+1,-1.121250000e-1,-4.900000000e+1,,,
6.596875000e+1,-1.159062500e-1,-4.904687500e+1,,,
6.600000000e+1,-1.079687500e-1,-5.200000000e+1,,,
6.600000000e+1,-1.079375000e-1,-4.900781250e+1,,,
6.800000000e+1,-9.596875000e-2,-5.000781250e+1,,,
6.800000000e+1,-1.080312500e-1,-4.799218750e+1,,,
6.798437500e+1,-9.990625000e-2,-4.798437500e+1,,,
7.198437500e+1,-1.000312500e-1,-4.900781250e+1,,,
7.000000000e+1,-1.040937500e-1,-4.700781250e+1,,,
6.995312500e+1,-1.120625000e-1,-4.999218750e+1,,,
7.390625000e+1,-1.160000000e-1,-5.001562500e+1,,,
7.582812500e+1,-1.079062500e-1,-4.899218750e+1,,,
6.592187500e+1,-1.040312500e-1,-4.800000000e+1,,,
7.001562500e+1,-1.121875000e-1,-4.898437500e+1,,,
6.807812500e+1,-1.159687500e-1,-4.800000000e+1,,,
7.600000000e+1,-1.119062500e-1,-4.400000000e+1,,,
6.790625000e+1,-1.121875000e-1,-4.796093750e+1,,,
6.800000000e+1,-1.160000000e-1,-4.800000000e+1,,,
6.793750000e+1,-1.040000000e-1,-4.900000000e+1,,,
7.598437500e+1,-1.120000000e-1,-4.700781250e+1,,,
7.001562500e+1,-9.587500000e-2,-4.704687500e+1,,,
7.000000000e+1,-9.206250000e-2,-5.100781250e+1,,,
6.989062500e+1,-1.002187500e-1,-4.900000000e+1,,,
8.190625000e+1,-1.079375000e-1,-4.900000000e+1,,,
7.817187500e+1,-1.000312500e-1,-4.799218750e+1,,,
7.198437500e+1,-1.080937500e-1,-4.900000000e+1,,,
7.401562500e+1,-1.078750000e-1,-4.600000000e+1,,,
7.195312500e+1,-1.000625000e-1,-4.498437500e+1,,,
7.201562500e+1,-1.122187500e-1,-4.200000000e+1,,,
7.800000000e+1,-1.116875000e-1,-4.600000000e+1,,,
7.196875000e+1,-9.196875000e-2,-4.701562500e+1,,,
7.201562500e+1,-1.202187500e-1,-4.903906250e+1,,,
7.800000000e+1,-1.078125000e-1,-4.400781250e+1,,,
7.400000000e+1,-1.078750000e-1,-4.900000000e+1,,,
7.400000000e+1,-9.593750000e-2,-4.801562500e+1,,,
7.600000000e+1,-1.041562500e-1,-4.598437500e+1,,,
7.598437500e+1,-1.041250000e-1,-4.700000000e+1,,,
7.398437500e+1,-1.120000000e-1,-4.302343750e+1,,,
8.000000000e+1,-1.040312500e-1,-4.595312500e+1,,,
7.200000000e+1,-1.160312500e-1,-4.797656250e+1,,,
8.003125000e+1,-1.077812500e-1,-4.498437500e+1,,,
7.598437500e+1,-9.209375000e-2,-4.700000000e+1,,,
8.000000000e+1,-1.123750000e-1,-4.799218750e+1,,,
7.598437500e+1,-1.118750000e-1,-4.600000000e+1,,,
7.990625000e+1,-9.593750000e-2,-4.500000000e+1,,,
8.009375000e+1,-1.079062500e-1,-4.496093750e+1,,,
7.403125000e+1,-1.040000000e-1,-4.800000000e+1,,,
7.781250000e+1,-1.158750000e-1,-4.399218750e+1,,,
8.206250000e+1,-1.161250000e-1,-4.598437500e+1,,,
7.612500000e+1,-1.079687500e-1,-4.500000000e+1,,,
7.779687500e+1,-1.157500000e-1,-4.600000000e+1,,,
8.195312500e+1,-1.122187500e-1,-4.404687500e+1,,,
7.398437500e+1,-1.039687500e-1,-4.299218750e+1,,,
7.801562500e+1,-1.120000000e-1,-4.700781250e+1,,,
8.000000000e+1,-1.080312500e-1,-4.301562500e+1,,,