CH1,CH3,CH4,Ts
-1.729921875e+2,-4.120000000e+0,-1.240000000e+1,2.000000000e-9
-1.740078125e+2,-4.159687500e+0,-1.229921875e+1,
-1.740078125e+2,-4.119375000e+0,-1.220000000e+1,
-1.750000000e+2,-4.040000000e+0,-1.240078125e+1,
-1.740000000e+2,-4.080000000e+0,-1.230000000e+1,
-1.750078125e+2,-4.119375000e+0,-1.240078125e+1,
-1.730000000e+2,-4.000000000e+0,-1.220078125e+1,
-1.760000000e+2,-4.079375000e+0,-1.219921875e+1,
-1.800000000e+2,-4.158437500e+0,-1.210000000e+1,
-1.760156250e+2,-4.240937500e+0,-1.239843750e+1,
-1.760078125e+2,-4.080312500e+0,-1.240000000e+1,
-1.750000000e+2,-4.162500000e+0,-1.230078125e+1,
-1.769921875e+2,-4.240000000e+0,-1.230000000e+1,
-1.780312500e+2,-3.960312500e+0,-1.239921875e+1,
-1.740078125e+2,-4.157187500e+0,-1.250156250e+1,
-1.770000000e+2,-4.080000000e+0,-1.230000000e+1,
-1.769921875e+2,-4.160000000e+0,-1.220078125e+1,
-1.759687500e+2,-4.158437500e+0,-1.230156250e+1,
-1.740312500e+2,-4.120937500e+0,-1.240156250e+1,
-1.790078125e+2,-4.159687500e+0,-1.249921875e+1,
-1.750078125e+2,-4.120937500e+0,-1.229843750e+1,
-1.770000000e+2,-4.241562500e+0,-1.229843750e+1,
-1.750156250e+2,-4.080937500e+0,-1.240000000e+1,
-1.739531250e+2,-4.120937500e+0,-1.229921875e+1,
-1.780078125e+2,-4.079687500e+0,-1.230000000e+1,
-1.740234375e+2,-4.039687500e+0,-1.230234375e+1,
-1.769453125e+2,-4.200000000e+0,-1.210000000e+1,
-1.749453125e+2,-4.160312500e+0,-1.239843750e+1,
-1.740234375e+2,-4.238750000e+0,-1.220156250e+1,
-1.760156250e+2,-4.200000000e+0,-1.220000000e+1,
-1.759921875e+2,-4.200312500e+0,-1.209921875e+1,
-1.760234375e+2,-4.160000000e+0,-1.240000000e+1,
-1.769843750e+2,-4.120000000e+0,-1.230156250e+1,
-1.750000000e+2,-4.120937500e+0,-1.250156250e+1,
-1.779687500e+2,-4.161250000e+0,-1.200390625e+1,
-1.780156250e+2,-4.080312500e+0,-1.230234375e+1,
-1.779843750e+2,-4.080312500e+0,-1.250000000e+1,
-1.780156250e+2,-4.120937500e+0,-1.210000000e+1,
-1.740312500e+2,-4.200000000e+0,-1.230390625e+1,
-1.739843750e+2,-4.118750000e+0,-1.230000000e+1,
-1.729453125e+2,-4.120000000e+0,-1.220156250e+1,
-1.700234375e+2,-4.239062500e+0,-1.220078125e+1,
-1.770546875e+2,-4.279687500e+0,-1.240000000e+1,
-1.759375000e+2,-4.158750000e+0,-1.220000000e+1,
-1.720000000e+2,-4.080000000e+0,-1.240156250e+1,
-1.760000000e+2,-4.162187500e+0,-1.250078125e+1,
-1.729921875e+2,-4.240000000e+0,-1.260000000e+1,
-1.730390625e+2,-4.123125000e+0,-1.230234375e+1,
-1.769921875e+2,-4.119687500e+0,-1.209921875e+1,
-1.750078125e+2,-4.200000000e+0,-1.209843750e+1,
-1.760078125e+2,-4.120312500e+0,-1.239843750e+1,
-1.760078125e+2,-4.120625000e+0,-1.250000000e+1,
-1.740000000e+2,-4.160312500e+0,-1.230000000e+1,
-1.759921875e+2,-4.160625000e+0,-1.260078125e+1,
-1.750000000e+2,-4.193750000e+0,-1.210625000e+1,
-1.760000000e+2,-4.319375000e+0,-1.229921875e+1,
-1.750000000e+2,-4.159687500e+0,-1.230078125e+1,
-1.760156250e+2,-4.200312500e+0,-1.239921875e+1,
-1.760000000e+2,-4.075625000e+0,-1.219843750e+1,
-1.749921875e+2,-4.040937500e+0,-1.230000000e+1,
-1.740000000e+2,-4.198125000e+0,-1.260000000e+1,
-1.730000000e+2,-4.198437500e+0,-1.220000000e+1,
-1.750000000e+2,-4.080000000e+0,-1.240000000e+1,
-1.730078125e+2,-4.240000000e+0,-1.230000000e+1,
-1.739765625e+2,-4.080000000e+0,-1.240000000e+1,
-1.750000000e+2,-4.280312500e+0,-1.220078125e+1,
-1.750234375e+2,-4.161250000e+0,-1.220000000e+1,
-1.750546875e+2,-4.158750000e+0,-1.229843750e+1,
-1.790390625e+2,-4.160000000e+0,-1.260000000e+1,
-1.779375000e+2,-4.160000000e+0,-1.229921875e+1,
-1.749687500e+2,-4.199375000e+0,-1.230078125e+1,
-1.750078125e+2,-4.120000000e+0,-1.240078125e+1,
-1.750156250e+2,-4.200000000e+0,-1.220000000e+1,
-1.760156250e+2,-4.160312500e+0,-1.249921875e+1,
-1.740468750e+2,-4.120000000e+0,-1.240000000e+1,
-1.739843750e+2,-4.158750000e+0,-1.250000000e+1,
-1.779843750e+2,-4.239375000e+0,-1.229843750e+1,
-1.770390625e+2,-4.079062500e+0,-1.220000000e+1,
-1.749921875e+2,-4.160312500e+0,-1.220000000e+1,
-1.769765625e+2,-4.120000000e+0,-1.230000000e+1,
-1.749296875e+2,-4.120625000e+0,-1.230000000e+1,
-1.730390625e+2,-4.120000000e+0,-1.230078125e+1,
-1.770234375e+2,-4.280000000e+0,-1.219843750e+1,
-1.749765625e+2,-4.158437500e+0,-1.210078125e+1,
-1.750000000e+2,-4.160000000e+0,-1.239921875e+1,
-1.750000000e+2,-4.160000000e+0,-1.229843750e+1,
-1.750000000e+2,-4.120000000e+0,-1.220000000e+1,
-1.740078125e+2,-4.162812500e+0,-1.219921875e+1,
-1.760000000e+2,-4.040000000e+0,-1.220000000e+1,
-1.750000000e+2,-4.160937500e+0,-1.210000000e+1,
-1.750078125e+2,-4.119375000e+0,-1.229609375e+1,
-1.770000000e+2,-4.080000000e+0,-1.240000000e+1,
-1.750000000e+2,-4.161250000e+0,-1.210000000e+1,
-1.770000000e+2,-4.240312500e+0,-1.249140625e+1,
-1.749843750e+2,-4.160937500e+0,-1.260000000e+1,
-1.750156250e+2,-4.160937500e+0,-1.249687500e+1,
-1.749765625e+2,-4.241250000e+0,-1.220000000e+1,
-1.729687500e+2,-4.198750000e+0,-1.250156250e+1,
-1.740234375e+2,-4.039062500e+0,-1.230000000e+1,
-1.790000000e+2,-4.121562500e+0,-1.250000000e+1,
-1.709921875e+2,-4.160312500e+0,-1.230078125e+1,
-1.759843750e+2,-4.160000000e+0,-1.230156250e+1,
-1.750156250e+2,-4.160312500e+0,-1.260156250e+1,
-1.770000000e+2,-4.160312500e+0,-1.230000000e+1,
-1.760156250e+2,-4.119687500e+0,-1.260078125e+1,
-1.760234375e+2,-4.240312500e+0,-1.250078125e+1,
-1.740156250e+2,-4.201250000e+0,-1.230156250e+1,
-1.770234375e+2,-4.160625000e+0,-1.220078125e+1,
-1.749843750e+2,-4.120312500e+0,-1.239843750e+1,
-1.739765625e+2,-4.120000000e+0,-1.260156250e+1,
-1.730312500e+2,-4.160000000e+0,-1.240000000e+1,
-1.760234375e+2,-4.240000000e+0,-1.260078125e+1,
-1.749687500e+2,-4.160312500e+0,-1.230546875e+1,
-1.740000000e+2,-4.157187500e+0,-1.219609375e+1,
-1.749921875e+2,-4.200000000e+0,-1.260000000e+1,
-1.750000000e+2,-4.120000000e+0,-1.240156250e+1,
-1.760078125e+2,-4.320312500e+0,-1.230390625e+1,
-1.740312500e+2,-4.157500000e+0,-1.259921875e+1,
-1.739843750e+2,-4.160625000e+0,-1.220000000e+1,
-1.759531250e+2,-4.120312500e+0,-1.250000000e+1,
-1.769843750e+2,-4.079375000e+0,-1.240000000e+1,
-1.739453125e+2,-4.120000000e+0,-1.259921875e+1,
-1.720156250e+2,-4.080312500e+0,-1.230000000e+1,
-1.750156250e+2,-4.080625000e+0,-1.209921875e+1,
-1.750000000e+2,-4.200937500e+0,-1.200000000e+1,
-1.760078125e+2,-4.240625000e+0,-1.220000000e+1,
-1.760000000e+2,-4.161875000e+0,-1.240000000e+1,
-1.750000000e+2,-4.119375000e+0,-1.220234375e+1,
-1.750000000e+2,-4.199687500e+0,-1.219843750e+1,
-1.740000000e+2,-4.200000000e+0,-1.230000000e+1,
-1.730000000e+2,-4.198437500e+0,-1.220078125e+1,
-1.750234375e+2,-4.040000000e+0,-1.210000000e+1,
-1.780078125e+2,-4.160000000e+0,-1.220000000e+1,
-1.740156250e+2,-4.121562500e+0,-1.229843750e+1,
-1.750000000e+2,-4.160000000e+0,-1.239921875e+1,
-1.760000000e+2,-4.160312500e+0,-1.249921875e+1,
-1.750000000e+2,-4.080625000e+0,-1.229843750e+1,
-1.750000000e+2,-4.201562500e+0,-1.240000000e+1,
-1.739921875e+2,-4.159687500e+0,-1.259765625e+1,
-1.749531250e+2,-4.120000000e+0,-1.220000000e+1,
-1.779453125e+2,-4.160000000e+0,-1.260000000e+1,
-1.790156250e+2,-4.160000000e+0,-1.230390625e+1,
-1.761015625e+2,-4.080000000e+0,-1.230000000e+1,
-1.729921875e+2,-4.161562500e+0,-1.230000000e+1,
-1.759453125e+2,-4.280000000e+0,-1.230000000e+1,
-1.751015625e+2,-4.160625000e+0,-1.230000000e+1,
-1.730156250e+2,-4.200937500e+0,-1.220000000e+1,
-1.750000000e+2,-4.080312500e+0,-1.239765625e+1,
-1.730000000e+2,-4.160000000e+0,-1.240078125e+1,
-1.740156250e+2,-4.120625000e+0,-1.220078125e+1,
-1.760000000e+2,-4.240000000e+0,-1.249921875e+1,
-1.760078125e+2,-4.080000000e+0,-1.240000000e+1,
-1.770000000e+2,-4.080000000e+0,-1.200000000e+1,
-1.740312500e+2,-4.077187500e+0,-1.229218750e+1,
-1.749843750e+2,-4.199687500e+0,-1.230000000e+1,
-1.760000000e+2,-4.159687500e+0,-1.230390625e+1,
-1.759921875e+2,-4.160000000e+0,-1.259843750e+1,
-1.770000000e+2,-4.119687500e+0,-1.219921875e+1,
-1.750468750e+2,-4.202187500e+0,-1.240468750e+1,
-1.720000000e+2,-4.280312500e+0,-1.260000000e+1,
-1.729843750e+2,-4.119687500e+0,-1.230000000e+1,
-1.710156250e+2,-4.160000000e+0,-1.230234375e+1,
-1.760078125e+2,-4.199062500e+0,-1.240078125e+1,
-1.730000000e+2,-4.120000000e+0,-1.230000000e+1,
-1.759843750e+2,-4.200000000e+0,-1.210078125e+1,
-1.770000000e+2,-4.158750000e+0,-1.220000000e+1,
-1.770000000e+2,-4.118125000e+0,-1.209921875e+1,
-1.760078125e+2,-4.200312500e+0,-1.230000000e+1,
-1.750156250e+2,-4.120000000e+0,-1.210000000e+1,
-1.730000000e+2,-4.241250000e+0,-1.229843750e+1,
-1.769921875e+2,-4.199687500e+0,-1.250000000e+1,
-1.750312500e+2,-4.120625000e+0,-1.229921875e+1,
-1.750000000e+2,-4.200000000e+0,-1.220234375e+1,
-1.739921875e+2,-4.121562500e+0,-1.220234375e+1,
-1.770156250e+2,-4.080937500e+0,-1.270078125e+1,
-1.769765625e+2,-4.160000000e+0,-1.240000000e+1,
-1.750000000e+2,-4.038437500e+0,-1.260234375e+1,
-1.760000000e+2,-4.001875000e+0,-1.249531250e+1,
-1.750000000e+2,-4.162187500e+0,-1.230078125e+1,
-1.770000000e+2,-4.165625000e+0,-1.240156250e+1,
-1.750156250e+2,-3.960000000e+0,-1.210000000e+1,
-1.739921875e+2,-4.161875000e+0,-1.240000000e+1,
-1.759921875e+2,-4.160000000e+0,-1.230000000e+1,
-1.760312500e+2,-4.120000000e+0,-1.220000000e+1,
-1.740000000e+2,-4.119375000e+0,-1.220000000e+1,
-1.750234375e+2,-4.080000000e+0,-1.230000000e+1,
-1.720078125e+2,-4.163125000e+0,-1.249921875e+1,
-1.760312500e+2,-4.000000000e+0,-1.239921875e+1,
-1.749921875e+2,-4.161250000e+0,-1.220078125e+1,
-1.759921875e+2,-4.120000000e+0,-1.220078125e+1,
-1.739921875e+2,-4.121875000e+0,-1.220078125e+1,
-1.760234375e+2,-4.239687500e+0,-1.230000000e+1,
-1.770078125e+2,-4.081250000e+0,-1.229921875e+1,
-1.760156250e+2,-4.120000000e+0,-1.250078125e+1,
-1.760000000e+2,-4.080312500e+0,-1.250078125e+1,
-1.760156250e+2,-4.240625000e+0,-1.259843750e+1,
-1.720234375e+2,-4.239375000e+0,-1.219765625e+1,
-1.719921875e+2,-4.240000000e+0,-1.230000000e+1,
-1.729531250e+2,-4.200000000e+0,-1.210000000e+1,
-1.760156250e+2,-4.200000000e+0,-1.240078125e+1,
-1.760078125e+2,-4.200312500e+0,-1.230000000e+1,
-1.770000000e+2,-4.200000000e+0,-1.230000000e+1,
-1.749921875e+2,-4.160000000e+0,-1.230078125e+1,
-1.750000000e+2,-4.200000000e+0,-1.230078125e+1,
-1.760000000e+2,-4.160000000e+0,-1.210000000e+1,
-1.750000000e+2,-4.240312500e+0,-1.240156250e+1,
-1.780000000e+2,-4.042812500e+0,-1.230000000e+1,
-1.760156250e+2,-4.038125000e+0,-1.239843750e+1,
-1.750000000e+2,-4.239687500e+0,-1.250000000e+1,
-1.770156250e+2,-4.119062500e+0,-1.230078125e+1,
-1.740000000e+2,-4.120000000e+0,-1.239843750e+1,
-1.769843750e+2,-4.040000000e+0,-1.240078125e+1,
-1.760078125e+2,-4.117500000e+0,-1.219765625e+1,
-1.760000000e+2,-4.200312500e+0,-1.250000000e+1,
-1.770156250e+2,-4.200000000e+0,-1.209453125e+1,
-1.769843750e+2,-4.160625000e+0,-1.221328125e+1,
-1.739921875e+2,-4.199687500e+0,-1.270078125e+1,
-1.740078125e+2,-4.160312500e+0,-1.239531250e+1,
-1.739921875e+2,-4.200312500e+0,-1.230078125e+1,
-1.760000000e+2,-4.124687500e+0,-1.229843750e+1,
-1.750078125e+2,-4.079062500e+0,-1.240078125e+1,
-1.750000000e+2,-4.160000000e+0,-1.230000000e+1,
-1.750078125e+2,-4.039687500e+0,-1.249921875e+1,
-1.749765625e+2,-4.080000000e+0,-1.250156250e+1,
-1.769609375e+2,-4.080000000e+0,-1.230000000e+1,
-1.769687500e+2,-3.999062500e+0,-1.219921875e+1,
-1.749921875e+2,-4.197812500e+0,-1.230156250e+1,
-1.760156250e+2,-4.160000000e+0,-1.220156250e+1,
-1.759921875e+2,-4.200000000e+0,-1.270078125e+1,
-1.760312500e+2,-4.120000000e+0,-1.210000000e+1,
-1.780000000e+2,-4.160000000e+0,-1.230312500e+1,
-1.759921875e+2,-4.118437500e+0,-1.220078125e+1,
-1.760156250e+2,-4.036875000e+0,-1.219531250e+1,
-1.740234375e+2,-4.160000000e+0,-1.250000000e+1,
-1.749531250e+2,-4.039687500e+0,-1.220000000e+1,
-1.780000000e+2,-4.160937500e+0,-1.210000000e+1,
-1.760312500e+2,-4.119062500e+0,-1.230703125e+1,
-1.750390625e+2,-4.080312500e+0,-1.270000000e+1,
-1.730000000e+2,-4.120000000e+0,-1.230468750e+1,
-1.750234375e+2,-4.120312500e+0,-1.220078125e+1,
-1.760156250e+2,-4.160625000e+0,-1.240000000e+1,
-1.759687500e+2,-4.240625000e+0,-1.240000000e+1,
-1.720000000e+2,-4.200000000e+0,-1.230000000e+1,
-1.750000000e+2,-4.079687500e+0,-1.240000000e+1,
-1.730000000e+2,-4.160000000e+0,-1.230000000e+1,
-1.740234375e+2,-4.240625000e+0,-1.250078125e+1,
-1.750000000e+2,-4.160625000e+0,-1.209921875e+1,
-1.740000000e+2,-4.080000000e+0,-1.219921875e+1,
-1.750078125e+2,-4.040000000e+0,-1.219921875e+1,
-1.750000000e+2,-4.121250000e+0,-1.239921875e+1,
-1.760000000e+2,-4.200000000e+0,-1.200000000e+1,
-1.759921875e+2,-4.121562500e+0,-1.249843750e+1,
-1.770000000e+2,-4.037500000e+0,-1.230078125e+1,
-1.740000000e+2,-4.161250000e+0,-1.260000000e+1,
-1.750312500e+2,-4.118750000e+0,-1.240000000e+1,
-1.759921875e+2,-4.081562500e+0,-1.260468750e+1,
-1.750000000e+2,-4.241250000e+0,-1.249609375e+1,
-1.760000000e+2,-4.159687500e+0,-1.220000000e+1,
-1.750000000e+2,-4.160625000e+0,-1.260000000e+1,
-1.770000000e+2,-4.039062500e+0,-1.220000000e+1,
-1.770000000e+2,-4.039375000e+0,-1.230078125e+1,
-1.740000000e+2,-4.200000000e+0,-1.210234375e+1,
-1.770000000e+2,-4.118437500e+0,-1.250000000e+1,
-1.730468750e+2,-4.040312500e+0,-1.210156250e+1,
-1.730078125e+2,-4.158750000e+0,-1.220000000e+1,
-1.730781250e+2,-4.240625000e+0,-1.219765625e+1,
-1.790390625e+2,-4.200000000e+0,-1.279921875e+1,
-1.769531250e+2,-4.240312500e+0,-1.239687500e+1,
-1.759609375e+2,-4.159375000e+0,-1.190000000e+1,
-1.740234375e+2,-4.160312500e+0,-1.239765625e+1,
-1.770156250e+2,-4.160000000e+0,-1.250000000e+1,
-1.740703125e+2,-4.200312500e+0,-1.220078125e+1,
-1.729765625e+2,-4.120312500e+0,-1.239921875e+1,
-1.759843750e+2,-4.159687500e+0,-1.240000000e+1,
-1.780078125e+2,-4.119062500e+0,-1.229843750e+1,
-1.750546875e+2,-4.080937500e+0,-1.220078125e+1,
-1.729453125e+2,-4.200625000e+0,-1.240000000e+1,
-1.789687500e+2,-4.240000000e+0,-1.240000000e+1,
-1.759609375e+2,-4.201875000e+0,-1.239687500e+1,
-1.770234375e+2,-4.120000000e+0,-1.260078125e+1,
-1.759531250e+2,-4.160000000e+0,-1.220000000e+1,
-1.730078125e+2,-4.200625000e+0,-1.250000000e+1,
-1.760078125e+2,-4.159062500e+0,-1.220156250e+1,
-1.750000000e+2,-3.960000000e+0,-1.210000000e+1,
-1.760000000e+2,-4.160937500e+0,-1.210078125e+1,
-1.760156250e+2,-4.165937500e+0,-1.229843750e+1,
-1.790000000e+2,-4.040000000e+0,-1.240000000e+1,
-1.780000000e+2,-4.120312500e+0,-1.260000000e+1,
-1.770000000e+2,-4.079687500e+0,-1.239843750e+1,
-1.770000000e+2,-4.160000000e+0,-1.270000000e+1,
-1.710234375e+2,-4.159687500e+0,-1.230000000e+1,
-1.750234375e+2,-4.198437500e+0,-1.239296875e+1,
-1.769843750e+2,-4.240000000e+0,-1.250000000e+1,
-1.749843750e+2,-4.199687500e+0,-1.230078125e+1,
-1.760312500e+2,-4.160000000e+0,-1.250000000e+1,
-1.759531250e+2,-4.160000000e+0,-1.219921875e+1,
-1.730000000e+2,-4.119687500e+0,-1.240156250e+1,
-1.750000000e+2,-4.161250000e+0,-1.220078125e+1,
-1.740000000e+2,-4.237812500e+0,-1.219843750e+1,
-1.749921875e+2,-4.240000000e+0,-1.260000000e+1,
-1.760234375e+2,-4.160000000e+0,-1.210156250e+1,
-1.730000000e+2,-4.200000000e+0,-1.249921875e+1,
-1.759375000e+2,-4.160312500e+0,-1.230000000e+1,
-1.770156250e+2,-4.160000000e+0,-1.250000000e+1,
-1.749453125e+2,-4.157812500e+0,-1.210156250e+1,
-1.740312500e+2,-4.282187500e+0,-1.230156250e+1,
-1.759921875e+2,-4.040625000e+0,-1.220000000e+1,
-1.730078125e+2,-4.159375000e+0,-1.239765625e+1,
-1.760078125e+2,-4.200000000e+0,-1.250000000e+1,
-1.729765625e+2,-4.000000000e+0,-1.260000000e+1,
-1.740156250e+2,-4.199375000e+0,-1.250156250e+1,
-1.740000000e+2,-4.165000000e+0,-1.240234375e+1,
-1.759687500e+2,-4.160937500e+0,-1.220000000e+1,
-1.770078125e+2,-4.360000000e+0,-1.230078125e+1,
-1.750078125e+2,-4.119062500e+0,-1.200234375e+1,
-1.760156250e+2,-4.120937500e+0,-1.260468750e+1,
-1.739765625e+2,-4.120000000e+0,-1.250000000e+1,
-1.779921875e+2,-4.120000000e+0,-1.210000000e+1,
-1.739531250e+2,-4.159375000e+0,-1.219687500e+1,
-1.740000000e+2,-4.120000000e+0,-1.239921875e+1,
-1.740312500e+2,-4.079687500e+0,-1.230000000e+1,
-1.780000000e+2,-4.200000000e+0,-1.209609375e+1,
-1.740000000e+2,-4.078750000e+0,-1.189687500e+1,
-1.740156250e+2,-4.040312500e+0,-1.260000000e+1,
-1.780156250e+2,-4.077187500e+0,-1.239921875e+1,
-1.769921875e+2,-4.239687500e+0,-1.230000000e+1,
-1.760000000e+2,-4.160625000e+0,-1.229921875e+1,
-1.750000000e+2,-4.160312500e+0,-1.240000000e+1,
-1.740000000e+2,-4.079687500e+0,-1.240078125e+1,
-1.760078125e+2,-4.120312500e+0,-1.219843750e+1,
-1.760000000e+2,-4.160000000e+0,-1.260000000e+1,
-1.760156250e+2,-4.118437500e+0,-1.230312500e+1,
-1.730000000e+2,-4.200312500e+0,-1.249687500e+1,
-1.770156250e+2,-4.080312500e+0,-1.259921875e+1,
-1.749921875e+2,-4.162812500e+0,-1.239765625e+1,
-1.760000000e+2,-4.239062500e+0,-1.230000000e+1,
-1.740000000e+2,-4.119687500e+0,-1.250000000e+1,
-1.759687500e+2,-4.160000000e+0,-1.230000000e+1,
-1.760078125e+2,-4.160312500e+0,-1.240000000e+1,
-1.760000000e+2,-4.120000000e+0,-1.220468750e+1,
-1.760312500e+2,-4.120000000e+0,-1.200000000e+1,
-1.749843750e+2,-4.159687500e+0,-1.220156250e+1,
-1.769609375e+2,-4.080000000e+0,-1.240078125e+1,
-1.760859375e+2,-4.118125000e+0,-1.230000000e+1,
-1.740078125e+2,-4.202500000e+0,-1.230078125e+1,
-1.760078125e+2,-4.040312500e+0,-1.220000000e+1,
-1.750078125e+2,-4.120000000e+0,-1.230000000e+1,
-1.780000000e+2,-4.040312500e+0,-1.230078125e+1,
-1.749687500e+2,-4.159687500e+0,-1.230078125e+1,
-1.740078125e+2,-4.040000000e+0,-1.210000000e+1,
-1.760000000e+2,-4.199687500e+0,-1.230000000e+1,
-1.729765625e+2,-4.083437500e+0,-1.230156250e+1,
-1.779843750e+2,-4.120000000e+0,-1.220000000e+1,
-1.750078125e+2,-4.120312500e+0,-1.210546875e+1,
-1.759843750e+2,-4.159687500e+0,-1.260156250e+1,
-1.769765625e+2,-4.120000000e+0,-1.219843750e+1,
-1.780390625e+2,-4.160312500e+0,-1.220390625e+1,
-1.740000000e+2,-4.080625000e+0,-1.250000000e+1,
-1.770156250e+2,-4.000625000e+0,-1.220000000e+1,
-1.750000000e+2,-4.200000000e+0,-1.230312500e+1,
-1.770000000e+2,-4.198125000e+0,-1.239843750e+1,
-1.750000000e+2,-4.120937500e+0,-1.220000000e+1,
-1.769921875e+2,-4.200000000e+0,-1.250156250e+1,
-1.770000000e+2,-3.999375000e+0,-1.209296875e+1,
-1.750000000e+2,-4.154687500e+0,-1.189765625e+1,
-1.770000000e+2,-4.200937500e+0,-1.230000000e+1,
-1.760078125e+2,-4.119375000e+0,-1.230000000e+1,
-1.760000000e+2,-4.121250000e+0,-1.220000000e+1,
-1.760078125e+2,-4.200312500e+0,-1.230078125e+1,
-1.740546875e+2,-4.158750000e+0,-1.200078125e+1,
-1.720000000e+2,-4.079687500e+0,-1.239843750e+1,
-1.769843750e+2,-4.238750000e+0,-1.210000000e+1,
-1.760000000e+2,-4.158125000e+0,-1.230468750e+1,
-1.760156250e+2,-4.081875000e+0,-1.250078125e+1,
-1.770000000e+2,-4.240625000e+0,-1.240000000e+1,
-1.760078125e+2,-4.076562500e+0,-1.249843750e+1,
-1.760000000e+2,-4.041562500e+0,-1.230000000e+1,
-1.780000000e+2,-4.160000000e+0,-1.249843750e+1,
-1.760156250e+2,-4.079687500e+0,-1.229843750e+1,
-1.740000000e+2,-4.080937500e+0,-1.210000000e+1,
-1.759921875e+2,-4.160000000e+0,-1.240000000e+1,
-1.770156250e+2,-4.080000000e+0,-1.239843750e+1,
-1.759921875e+2,-4.122500000e+0,-1.200000000e+1,
-1.780000000e+2,-4.239687500e+0,-1.240000000e+1,
-1.759843750e+2,-4.204062500e+0,-1.230156250e+1,
-1.759843750e+2,-4.080000000e+0,-1.229921875e+1,
-1.740156250e+2,-4.121250000e+0,-1.210078125e+1,
-1.759843750e+2,-4.200000000e+0,-1.210468750e+1,
-1.730078125e+2,-4.120000000e+0,-1.260078125e+1,
-1.770078125e+2,-4.201250000e+0,-1.220078125e+1,
-1.750000000e+2,-4.164687500e+0,-1.250000000e+1,
-1.779921875e+2,-4.000000000e+0,-1.219765625e+1,
-1.760000000e+2,-4.200937500e+0,-1.220078125e+1,
-1.790000000e+2,-4.120000000e+0,-1.230234375e+1,
-1.760312500e+2,-4.201562500e+0,-1.239375000e+1,
-1.750000000e+2,-4.159062500e+0,-1.200000000e+1,
-1.750000000e+2,-4.200000000e+0,-1.240000000e+1,
-1.750156250e+2,-4.164062500e+0,-1.230000000e+1,
-1.760000000e+2,-4.040312500e+0,-1.240000000e+1,
-1.749921875e+2,-4.120312500e+0,-1.219921875e+1,
-1.750078125e+2,-4.080000000e+0,-1.220234375e+1,
-1.760078125e+2,-4.121875000e+0,-1.230078125e+1,
-1.740000000e+2,-4.240000000e+0,-1.210000000e+1,
-1.740000000e+2,-4.001562500e+0,-1.230234375e+1,
-1.769843750e+2,-4.077187500e+0,-1.230000000e+1,
-1.780078125e+2,-4.200625000e+0,-1.210078125e+1,
-1.760078125e+2,-4.080312500e+0,-1.220000000e+1,
-1.770000000e+2,-4.160937500e+0,-1.229921875e+1,
-1.750078125e+2,-4.160000000e+0,-1.239843750e+1,
-1.750078125e+2,-4.120312500e+0,-1.269921875e+1,
-1.740000000e+2,-4.078437500e+0,-1.260234375e+1,
-1.760000000e+2,-4.160000000e+0,-1.260000000e+1,
-1.750078125e+2,-4.080000000e+0,-1.249765625e+1,
-1.759843750e+2,-4.240625000e+0,-1.230000000e+1,
-1.730078125e+2,-4.076875000e+0,-1.240078125e+1,
-1.770078125e+2,-4.121250000e+0,-1.230078125e+1,
-1.749921875e+2,-4.160000000e+0,-1.239921875e+1,
-1.790078125e+2,-4.122187500e+0,-1.219921875e+1,
-1.730156250e+2,-4.080000000e+0,-1.240000000e+1,
-1.759296875e+2,-4.080000000e+0,-1.199765625e+1,
-1.780234375e+2,-4.080312500e+0,-1.200000000e+1,
-1.759843750e+2,-4.120312500e+0,-1.210000000e+1,
-1.789765625e+2,-4.040000000e+0,-1.230000000e+1,
-1.759296875e+2,-4.118125000e+0,-1.250156250e+1,
-1.739921875e+2,-4.239375000e+0,-1.230000000e+1,
-1.740078125e+2,-4.240000000e+0,-1.250000000e+1,
-1.740078125e+2,-4.239375000e+0,-1.220156250e+1,
-1.750234375e+2,-4.120000000e+0,-1.210000000e+1,
-1.760078125e+2,-4.200000000e+0,-1.230078125e+1,
-1.759921875e+2,-4.079062500e+0,-1.239921875e+1,
-1.750156250e+2,-4.117187500e+0,-1.260468750e+1,
-1.750000000e+2,-4.160000000e+0,-1.220078125e+1,
-1.759609375e+2,-4.159687500e+0,-1.270000000e+1,
-1.780234375e+2,-4.119687500e+0,-1.240000000e+1,
-1.740078125e+2,-4.120625000e+0,-1.230156250e+1,
-1.760234375e+2,-4.200312500e+0,-1.229921875e+1,
-1.720000000e+2,-4.160312500e+0,-1.210234375e+1,
-1.760312500e+2,-4.199687500e+0,-1.210156250e+1,
-1.749843750e+2,-4.159687500e+0,-1.250000000e+1,
-1.750000000e+2,-4.120000000e+0,-1.240000000e+1,
-1.750078125e+2,-4.200000000e+0,-1.240078125e+1,
-1.760000000e+2,-4.280312500e+0,-1.250000000e+1,
-1.740000000e+2,-4.240000000e+0,-1.240000000e+1,
-1.750156250e+2,-4.200000000e+0,-1.240078125e+1,
-1.759921875e+2,-4.200312500e+0,-1.220078125e+1,
-1.770078125e+2,-4.120000000e+0,-1.250000000e+1,
-1.750000000e+2,-4.119687500e+0,-1.230000000e+1,
-1.760078125e+2,-4.200312500e+0,-1.250000000e+1,
-1.730000000e+2,-4.158750000e+0,-1.230000000e+1,
-1.769687500e+2,-4.119375000e+0,-1.239765625e+1,
-1.760000000e+2,-4.201875000e+0,-1.250390625e+1,
-1.740000000e+2,-4.079062500e+0,-1.220078125e+1,
-1.730234375e+2,-4.120625000e+0,-1.230156250e+1,
-1.749921875e+2,-4.120000000e+0,-1.250000000e+1,
-1.730078125e+2,-4.162812500e+0,-1.239921875e+1,
-1.760000000e+2,-4.240000000e+0,-1.240000000e+1,
-1.730000000e+2,-4.161562500e+0,-1.230000000e+1,
-1.730000000e+2,-4.120312500e+0,-1.230000000e+1,
-1.740000000e+2,-4.160000000e+0,-1.229921875e+1,
-1.769921875e+2,-4.160000000e+0,-1.250000000e+1,
-1.759921875e+2,-4.200625000e+0,-1.230000000e+1,
-1.789843750e+2,-4.159375000e+0,-1.230000000e+1,
-1.770312500e+2,-4.039375000e+0,-1.230000000e+1,
-1.760156250e+2,-4.160000000e+0,-1.230000000e+1,
-1.770000000e+2,-4.040312500e+0,-1.240000000e+1,
-1.749687500e+2,-4.119687500e+0,-1.239921875e+1,
-1.750078125e+2,-4.119375000e+0,-1.220000000e+1,
-1.750234375e+2,-4.120625000e+0,-1.230000000e+1,
-1.759765625e+2,-4.200000000e+0,-1.230000000e+1,
-1.730156250e+2,-4.160312500e+0,-1.230078125e+1,
-1.749765625e+2,-4.160312500e+0,-1.220000000e+1,
-1.749921875e+2,-4.120937500e+0,-1.230000000e+1,
-1.780078125e+2,-4.080625000e+0,-1.220078125e+1,
-1.760156250e+2,-4.201250000e+0,-1.240000000e+1,
-1.789531250e+2,-4.159687500e+0,-1.220000000e+1,
-1.800390625e+2,-4.120000000e+0,-1.250000000e+1,
-1.769375000e+2,-4.119687500e+0,-1.240156250e+1,
-1.750078125e+2,-4.120000000e+0,-1.240078125e+1,
-1.759921875e+2,-4.080000000e+0,-1.230156250e+1,
-1.740156250e+2,-4.160625000e+0,-1.250000000e+1,
-1.759921875e+2,-4.120000000e+0,-1.230156250e+1,
-1.720000000e+2,-4.120000000e+0,-1.210234375e+1,
-1.760000000e+2,-4.240000000e+0,-1.250156250e+1,
-1.760234375e+2,-4.085937500e+0,-1.240390625e+1,
-1.790000000e+2,-4.078750000e+0,-1.230000000e+1,
-1.730000000e+2,-4.199687500e+0,-1.250000000e+1,
-1.770078125e+2,-4.120000000e+0,-1.240234375e+1,
-1.740000000e+2,-4.240000000e+0,-1.230000000e+1,
-1.729296875e+2,-4.118125000e+0,-1.220000000e+1,
-1.790000000e+2,-4.037812500e+0,-1.209765625e+1,
-1.729609375e+2,-4.199375000e+0,-1.240000000e+1,
-1.750468750e+2,-4.159687500e+0,-1.249843750e+1,
-1.760234375e+2,-4.159375000e+0,-1.240078125e+1,
-1.759453125e+2,-4.079375000e+0,-1.260000000e+1,
-1.719921875e+2,-4.082500000e+0,-1.239921875e+1,
-1.730000000e+2,-4.200312500e+0,-1.250078125e+1,
-1.740000000e+2,-4.124062500e+0,-1.230000000e+1,
-1.729921875e+2,-4.120000000e+0,-1.250000000e+1,
-1.760000000e+2,-4.240312500e+0,-1.220156250e+1,
-1.740078125e+2,-4.160312500e+0,-1.239921875e+1,
-1.750000000e+2,-4.160312500e+0,-1.240000000e+1,
-1.740000000e+2,-4.120000000e+0,-1.240078125e+1,
-1.760234375e+2,-4.159687500e+0,-1.220000000e+1,
-1.760156250e+2,-4.121562500e+0,-1.240156250e+1,
-1.770000000e+2,-4.080000000e+0,-1.230078125e+1,
-1.739140625e+2,-4.119687500e+0,-1.219609375e+1,
-1.720703125e+2,-4.200000000e+0,-1.260000000e+1,
-1.780312500e+2,-4.119062500e+0,-1.220156250e+1,
-1.749453125e+2,-4.159687500e+0,-1.219687500e+1,
-1.749765625e+2,-4.242187500e+0,-1.239843750e+1,
-1.770000000e+2,-4.160312500e+0,-1.240000000e+1,
-1.750078125e+2,-4.280000000e+0,-1.240078125e+1,
-1.750000000e+2,-4.119687500e+0,-1.230000000e+1,
-1.759843750e+2,-4.160625000e+0,-1.230000000e+1,
-1.760390625e+2,-4.119687500e+0,-1.220000000e+1,
-1.739687500e+2,-4.159687500e+0,-1.230000000e+1,
-1.780156250e+2,-4.202187500e+0,-1.270078125e+1,
-1.749687500e+2,-4.120000000e+0,-1.240234375e+1,
-1.760156250e+2,-4.120312500e+0,-1.250000000e+1,
-1.760078125e+2,-4.040312500e+0,-1.239843750e+1,
-1.770000000e+2,-4.200312500e+0,-1.229921875e+1,
-1.750078125e+2,-4.120625000e+0,-1.250000000e+1,
-1.790078125e+2,-4.198437500e+0,-1.240000000e+1,
-1.759921875e+2,-4.201250000e+0,-1.249687500e+1,
-1.760000000e+2,-4.120625000e+0,-1.260390625e+1,
-1.740000000e+2,-4.159687500e+0,-1.200000000e+1,
-1.770000000e+2,-4.239375000e+0,-1.229921875e+1,
-1.750000000e+2,-4.160312500e+0,-1.220078125e+1,
-1.760000000e+2,-4.280000000e+0,-1.240000000e+1,
-1.750000000e+2,-4.165625000e+0,-1.230156250e+1,
-1.760000000e+2,-4.080000000e+0,-1.239843750e+1,
-1.739921875e+2,-4.159687500e+0,-1.250000000e+1,
-1.750156250e+2,-4.197812500e+0,-1.229765625e+1,
-1.749921875e+2,-4.040312500e+0,-1.220000000e+1,
-1.740000000e+2,-4.200312500e+0,-1.240078125e+1,
-1.749921875e+2,-4.120000000e+0,-1.240000000e+1,
-1.749687500e+2,-4.080000000e+0,-1.250000000e+1,
-1.770078125e+2,-4.120000000e+0,-1.230390625e+1,
-1.740937500e+2,-4.120312500e+0,-1.220000000e+1,
-1.729140625e+2,-4.079687500e+0,-1.240078125e+1,
-1.760390625e+2,-4.120625000e+0,-1.240156250e+1,
-1.729609375e+2,-4.199375000e+0,-1.220000000e+1,
-1.780156250e+2,-4.163437500e+0,-1.209921875e+1,
-1.749921875e+2,-4.039687500e+0,-1.210078125e+1,
-1.760078125e+2,-4.160000000e+0,-1.200000000e+1,
-1.760000000e+2,-4.079687500e+0,-1.210078125e+1,
-1.749921875e+2,-4.201250000e+0,-1.219921875e+1,
-1.750078125e+2,-4.240000000e+0,-1.230000000e+1,
-1.760000000e+2,-4.160000000e+0,-1.220000000e+1,
-1.749765625e+2,-4.162812500e+0,-1.229062500e+1,
-1.779921875e+2,-4.040312500e+0,-1.260000000e+1,
-1.760156250e+2,-4.121250000e+0,-1.239765625e+1,
-1.749687500e+2,-4.200937500e+0,-1.239921875e+1,
-1.789765625e+2,-4.157500000e+0,-1.230078125e+1,
-1.760781250e+2,-4.039687500e+0,-1.250156250e+1,
-1.730156250e+2,-4.119687500e+0,-1.240000000e+1,
-1.760390625e+2,-4.160312500e+0,-1.220000000e+1,
-1.760000000e+2,-4.160000000e+0,-1.210078125e+1,
-1.760156250e+2,-4.200000000e+0,-1.230234375e+1,
-1.769921875e+2,-4.160312500e+0,-1.250000000e+1,
-1.740156250e+2,-4.200000000e+0,-1.240000000e+1,
-1.740000000e+2,-4.119687500e+0,-1.229687500e+1,
-1.770156250e+2,-4.159687500e+0,-1.200000000e+1,
-1.780156250e+2,-4.120312500e+0,-1.220000000e+1,
-1.740000000e+2,-4.120312500e+0,-1.220000000e+1,
-1.780000000e+2,-4.119687500e+0,-1.210000000e+1,
-1.770000000e+2,-4.120312500e+0,-1.229921875e+1,
-1.779921875e+2,-4.200312500e+0,-1.240078125e+1,
-1.780000000e+2,-4.120625000e+0,-1.240625000e+1,
-1.780078125e+2,-4.080000000e+0,-1.200000000e+1,
-1.769921875e+2,-4.120625000e+0,-1.230000000e+1,
-1.760078125e+2,-4.160625000e+0,-1.200078125e+1,
-1.770078125e+2,-4.159687500e+0,-1.250546875e+1,
-1.770078125e+2,-4.079062500e+0,-1.269687500e+1,
-1.760000000e+2,-4.080937500e+0,-1.240156250e+1,
-1.760000000e+2,-4.120625000e+0,-1.240000000e+1,
-1.750000000e+2,-4.080000000e+0,-1.220000000e+1,
-1.760000000e+2,-4.120625000e+0,-1.230000000e+1,
-1.759921875e+2,-4.160000000e+0,-1.210000000e+1,
-1.779765625e+2,-4.120000000e+0,-1.250000000e+1,
-1.780390625e+2,-4.160312500e+0,-1.210000000e+1,
-1.750156250e+2,-4.120312500e+0,-1.210000000e+1,
-1.760234375e+2,-4.120312500e+0,-1.240000000e+1,
-1.759921875e+2,-4.120000000e+0,-1.209921875e+1,
-1.760156250e+2,-4.159687500e+0,-1.210000000e+1,
-1.769921875e+2,-4.080000000e+0,-1.220234375e+1,
-1.760156250e+2,-4.121562500e+0,-1.240000000e+1,
-1.790312500e+2,-4.200312500e+0,-1.220000000e+1,
-1.790312500e+2,-4.122500000e+0,-1.240000000e+1,
-1.760703125e+2,-4.040000000e+0,-1.229843750e+1,
-1.749843750e+2,-4.080625000e+0,-1.240156250e+1,
-1.800078125e+2,-4.120312500e+0,-1.269843750e+1,
-1.740468750e+2,-4.160312500e+0,-1.209062500e+1,
-1.749531250e+2,-4.161250000e+0,-1.220156250e+1,
-1.760312500e+2,-4.240000000e+0,-1.240000000e+1,
-1.740078125e+2,-4.203125000e+0,-1.220000000e+1,
-1.770156250e+2,-4.120312500e+0,-1.230000000e+1,
-1.769765625e+2,-4.160000000e+0,-1.200000000e+1,
-1.750000000e+2,-4.120000000e+0,-1.220234375e+1,
-1.769921875e+2,-4.161562500e+0,-1.229921875e+1,
-1.780000000e+2,-4.280000000e+0,-1.240078125e+1,
-1.770000000e+2,-4.081250000e+0,-1.209843750e+1,
-1.769921875e+2,-4.119062500e+0,-1.230000000e+1,
-1.790000000e+2,-4.120000000e+0,-1.250156250e+1,
-1.770078125e+2,-4.120312500e+0,-1.230000000e+1,
-1.779921875e+2,-4.079375000e+0,-1.240000000e+1,
-1.770078125e+2,-4.160000000e+0,-1.239921875e+1,
-1.769843750e+2,-4.360625000e+0,-1.250078125e+1,
-1.780078125e+2,-4.043437500e+0,-1.220312500e+1,
-1.750000000e+2,-4.160312500e+0,-1.230000000e+1,
-1.790390625e+2,-4.120000000e+0,-1.229921875e+1,
-1.789843750e+2,-4.159375000e+0,-1.230625000e+1,
-1.770000000e+2,-4.038750000e+0,-1.249843750e+1,
-1.759843750e+2,-4.121250000e+0,-1.220156250e+1,
-1.730078125e+2,-4.200312500e+0,-1.260078125e+1,
-1.749843750e+2,-4.162500000e+0,-1.220390625e+1,
-1.770078125e+2,-4.080937500e+0,-1.239687500e+1,
-1.730156250e+2,-4.000625000e+0,-1.249843750e+1,
-1.759687500e+2,-4.080312500e+0,-1.230078125e+1,
-1.750312500e+2,-4.040312500e+0,-1.239687500e+1,
-1.749609375e+2,-4.040000000e+0,-1.250000000e+1,
-1.770390625e+2,-4.118750000e+0,-1.210078125e+1,
-1.780000000e+2,-4.198750000e+0,-1.239843750e+1,
-1.780078125e+2,-4.199687500e+0,-1.230000000e+1,
-1.790000000e+2,-4.120000000e+0,-1.240000000e+1,
-1.780000000e+2,-4.160000000e+0,-1.230000000e+1,
-1.779765625e+2,-4.160000000e+0,-1.250156250e+1,
-1.750078125e+2,-4.159375000e+0,-1.230234375e+1,
-1.770000000e+2,-4.116875000e+0,-1.200234375e+1,
-1.749921875e+2,-4.240000000e+0,-1.220234375e+1,
-1.780000000e+2,-4.119062500e+0,-1.260000000e+1,
-1.750156250e+2,-4.160625000e+0,-1.230000000e+1,
-1.769687500e+2,-4.201250000e+0,-1.230234375e+1,
-1.760781250e+2,-4.277812500e+0,-1.240078125e+1,
-1.730390625e+2,-4.039687500e+0,-1.240156250e+1,
-1.780234375e+2,-4.279375000e+0,-1.220000000e+1,
-1.739609375e+2,-4.120000000e+0,-1.230000000e+1,
-1.730156250e+2,-4.240312500e+0,-1.250000000e+1,
-1.740078125e+2,-4.080000000e+0,-1.260078125e+1,
-1.750000000e+2,-4.120625000e+0,-1.269921875e+1,
-1.720078125e+2,-4.120000000e+0,-1.230000000e+1,
-1.760468750e+2,-4.242812500e+0,-1.230000000e+1,
-1.780078125e+2,-4.040000000e+0,-1.230000000e+1,
-1.750078125e+2,-4.240000000e+0,-1.220078125e+1,
-1.760156250e+2,-4.120000000e+0,-1.229921875e+1,
-1.780000000e+2,-4.240312500e+0,-1.250000000e+1,
-1.760156250e+2,-4.078125000e+0,-1.230000000e+1,
-1.749921875e+2,-4.079687500e+0,-1.239843750e+1,
-1.760000000e+2,-4.114687500e+0,-1.230625000e+1,
-1.750000000e+2,-4.239687500e+0,-1.210078125e+1,
-1.750312500e+2,-4.119375000e+0,-1.220078125e+1,
-1.769765625e+2,-4.160937500e+0,-1.229765625e+1,
-1.740078125e+2,-4.159687500e+0,-1.209687500e+1,
-1.800078125e+2,-4.159687500e+0,-1.210000000e+1,
-1.760000000e+2,-4.041875000e+0,-1.270156250e+1,
-1.750000000e+2,-4.000937500e+0,-1.240000000e+1,
-1.730000000e+2,-4.119687500e+0,-1.220078125e+1,
-1.749921875e+2,-4.080000000e+0,-1.230000000e+1,
-1.760000000e+2,-4.079687500e+0,-1.200000000e+1,
-1.760000000e+2,-4.080625000e+0,-1.200000000e+1,
-1.759921875e+2,-4.199687500e+0,-1.200000000e+1,
-1.749453125e+2,-4.160937500e+0,-1.189843750e+1,
-1.719921875e+2,-4.160000000e+0,-1.239921875e+1,
-1.740625000e+2,-4.160000000e+0,-1.219921875e+1,
-1.760000000e+2,-4.201250000e+0,-1.210000000e+1,
-1.739609375e+2,-4.198750000e+0,-1.220000000e+1,
-1.730156250e+2,-4.000000000e+0,-1.220000000e+1,
-1.749687500e+2,-4.080000000e+0,-1.210156250e+1,
-1.750468750e+2,-4.040000000e+0,-1.219843750e+1,
-1.730000000e+2,-4.119062500e+0,-1.250000000e+1,
-1.760000000e+2,-4.159062500e+0,-1.219921875e+1,
-1.730312500e+2,-4.080000000e+0,-1.240078125e+1,
-1.739609375e+2,-4.200937500e+0,-1.230000000e+1,
-1.760234375e+2,-4.319687500e+0,-1.220000000e+1,
-1.739765625e+2,-4.123437500e+0,-1.249765625e+1,
-1.740000000e+2,-4.080000000e+0,-1.230234375e+1,
-1.729921875e+2,-4.120000000e+0,-1.200156250e+1,
-1.730156250e+2,-4.079375000e+0,-1.220000000e+1,
-1.740000000e+2,-4.080312500e+0,-1.200000000e+1,
-1.720000000e+2,-4.120000000e+0,-1.220078125e+1,
-1.740000000e+2,-4.160000000e+0,-1.210078125e+1,
-1.740156250e+2,-4.120937500e+0,-1.229921875e+1,
-1.760000000e+2,-4.120000000e+0,-1.220000000e+1,
-1.730000000e+2,-4.079375000e+0,-1.230000000e+1,
-1.740000000e+2,-4.040000000e+0,-1.219921875e+1,
-1.720000000e+2,-4.120000000e+0,-1.240000000e+1,
-1.729609375e+2,-4.160000000e+0,-1.230000000e+1,
-1.760156250e+2,-4.121250000e+0,-1.189843750e+1,
-1.759609375e+2,-4.080000000e+0,-1.230000000e+1,
-1.730312500e+2,-4.120625000e+0,-1.230000000e+1,
-1.769843750e+2,-4.160312500e+0,-1.240000000e+1,
-1.709140625e+2,-4.160000000e+0,-1.219531250e+1,
-1.720156250e+2,-4.159687500e+0,-1.210312500e+1,
-1.750000000e+2,-4.119375000e+0,-1.230078125e+1,
-1.759921875e+2,-4.082812500e+0,-1.200078125e+1,
-1.720156250e+2,-4.080000000e+0,-1.220000000e+1,
-1.729609375e+2,-4.240000000e+0,-1.190156250e+1,
-1.750078125e+2,-4.040937500e+0,-1.219843750e+1,
-1.709921875e+2,-4.000312500e+0,-1.230078125e+1,
-1.759609375e+2,-4.000625000e+0,-1.230156250e+1,
-1.739296875e+2,-4.159062500e+0,-1.200078125e+1,
-1.740156250e+2,-4.083125000e+0,-1.220312500e+1,
-1.740000000e+2,-4.079687500e+0,-1.220078125e+1,
-1.729765625e+2,-4.160625000e+0,-1.200312500e+1,
-1.720078125e+2,-3.960000000e+0,-1.200000000e+1,
-1.730078125e+2,-4.082500000e+0,-1.229921875e+1,
-1.719843750e+2,-4.120312500e+0,-1.220234375e+1,
-1.719921875e+2,-4.040625000e+0,-1.210234375e+1,
-1.739609375e+2,-4.040000000e+0,-1.190000000e+1,
-1.750156250e+2,-4.000000000e+0,-1.199921875e+1,
-1.710078125e+2,-4.160312500e+0,-1.210078125e+1,
-1.739843750e+2,-4.078750000e+0,-1.220078125e+1,
-1.720234375e+2,-4.080000000e+0,-1.230000000e+1,
-1.729765625e+2,-4.040000000e+0,-1.220000000e+1,
-1.729843750e+2,-4.115937500e+0,-1.210156250e+1,
-1.709765625e+2,-4.120000000e+0,-1.199843750e+1,
-1.710234375e+2,-3.920625000e+0,-1.220000000e+1,
-1.740078125e+2,-4.000625000e+0,-1.189765625e+1,
-1.730000000e+2,-4.039062500e+0,-1.180078125e+1,
-1.720000000e+2,-3.960000000e+0,-1.190000000e+1,
-1.720078125e+2,-4.079062500e+0,-1.230000000e+1,
-1.740078125e+2,-4.040312500e+0,-1.190234375e+1,
-1.730000000e+2,-4.080000000e+0,-1.190156250e+1,
-1.740000000e+2,-4.040312500e+0,-1.160000000e+1,
-1.720000000e+2,-4.041250000e+0,-1.199843750e+1,
-1.740078125e+2,-4.120000000e+0,-1.200234375e+1,
-1.730156250e+2,-4.000000000e+0,-1.190000000e+1,
-1.710078125e+2,-3.999062500e+0,-1.190078125e+1,
-1.710000000e+2,-4.000000000e+0,-1.189843750e+1,
-1.700234375e+2,-3.999687500e+0,-1.210000000e+1,
-1.740078125e+2,-4.082500000e+0,-1.189843750e+1,
-1.720000000e+2,-4.117187500e+0,-1.200000000e+1,
-1.729765625e+2,-3.879375000e+0,-1.219687500e+1,
-1.680078125e+2,-3.960000000e+0,-1.170000000e+1,
-1.719609375e+2,-4.040000000e+0,-1.210000000e+1,
-1.700312500e+2,-3.960000000e+0,-1.210625000e+1,
-1.700156250e+2,-4.079687500e+0,-1.170000000e+1,
-1.689531250e+2,-4.039687500e+0,-1.200078125e+1,
-1.719843750e+2,-3.999375000e+0,-1.190000000e+1,
-1.700234375e+2,-3.880000000e+0,-1.200000000e+1,
-1.720234375e+2,-3.997187500e+0,-1.170312500e+1,
-1.719921875e+2,-4.040312500e+0,-1.169609375e+1,
-1.700000000e+2,-4.040000000e+0,-1.199921875e+1,
-1.710078125e+2,-4.040000000e+0,-1.189765625e+1,
-1.719843750e+2,-4.000312500e+0,-1.189921875e+1,
-1.700000000e+2,-4.000000000e+0,-1.210000000e+1,
-1.720000000e+2,-3.878750000e+0,-1.190000000e+1,
-1.710078125e+2,-4.081250000e+0,-1.170078125e+1,
-1.720000000e+2,-3.840937500e+0,-1.180000000e+1,
-1.710000000e+2,-3.880937500e+0,-1.190078125e+1,
-1.720000000e+2,-3.922187500e+0,-1.189921875e+1,
-1.700390625e+2,-4.041562500e+0,-1.190078125e+1,
-1.689765625e+2,-4.040000000e+0,-1.200156250e+1,
-1.709843750e+2,-4.040312500e+0,-1.200000000e+1,
-1.679921875e+2,-3.960000000e+0,-1.170000000e+1,
-1.710156250e+2,-4.040000000e+0,-1.160390625e+1,
-1.719765625e+2,-3.999062500e+0,-1.200000000e+1,
-1.679843750e+2,-4.000312500e+0,-1.170000000e+1,
-1.680000000e+2,-4.040000000e+0,-1.200156250e+1,
-1.690000000e+2,-4.041562500e+0,-1.169531250e+1,
-1.740234375e+2,-4.122812500e+0,-1.159765625e+1,
-1.740234375e+2,-3.881562500e+0,-1.180000000e+1,
-1.690312500e+2,-3.881562500e+0,-1.160000000e+1,
-1.670000000e+2,-3.960312500e+0,-1.179921875e+1,
-1.709765625e+2,-3.920000000e+0,-1.180000000e+1,
-1.730000000e+2,-3.959375000e+0,-1.179921875e+1,
-1.720000000e+2,-3.879687500e+0,-1.160625000e+1,
-1.700000000e+2,-4.039375000e+0,-1.140078125e+1,
-1.720000000e+2,-3.918750000e+0,-1.180156250e+1,
-1.699921875e+2,-3.879375000e+0,-1.149921875e+1,
-1.699921875e+2,-3.880625000e+0,-1.160625000e+1,
-1.680000000e+2,-4.043125000e+0,-1.209843750e+1,
-1.710000000e+2,-4.078437500e+0,-1.150234375e+1,
-1.699921875e+2,-3.920625000e+0,-1.149687500e+1,
-1.690078125e+2,-3.960000000e+0,-1.180156250e+1,
-1.679843750e+2,-3.920312500e+0,-1.190000000e+1,
-1.700000000e+2,-4.040625000e+0,-1.170000000e+1,
-1.679843750e+2,-4.040000000e+0,-1.190000000e+1,
-1.710078125e+2,-3.999375000e+0,-1.160000000e+1,
-1.670546875e+2,-3.960625000e+0,-1.190000000e+1,
-1.680703125e+2,-3.881562500e+0,-1.170000000e+1,
-1.719843750e+2,-3.880000000e+0,-1.179843750e+1,
-1.679921875e+2,-3.840000000e+0,-1.130078125e+1,
-1.710000000e+2,-3.880312500e+0,-1.160468750e+1,
-1.669843750e+2,-3.920937500e+0,-1.180000000e+1,
-1.700312500e+2,-3.959375000e+0,-1.160156250e+1,
-1.700078125e+2,-3.840312500e+0,-1.140000000e+1,
-1.690546875e+2,-3.880000000e+0,-1.160234375e+1,
-1.660078125e+2,-3.840625000e+0,-1.159921875e+1,
-1.669921875e+2,-4.000625000e+0,-1.140078125e+1,
-1.680078125e+2,-3.958750000e+0,-1.150078125e+1,
-1.670000000e+2,-3.960312500e+0,-1.130000000e+1,
-1.679921875e+2,-3.920000000e+0,-1.150000000e+1,
-1.669609375e+2,-3.882500000e+0,-1.170078125e+1,
-1.650078125e+2,-3.840937500e+0,-1.160000000e+1,
-1.690078125e+2,-3.960000000e+0,-1.170000000e+1,
-1.660000000e+2,-3.840000000e+0,-1.160000000e+1,
-1.680000000e+2,-3.801562500e+0,-1.170000000e+1,
-1.660000000e+2,-3.960000000e+0,-1.160078125e+1,
-1.660000000e+2,-3.840625000e+0,-1.160000000e+1,
-1.670000000e+2,-3.919687500e+0,-1.150000000e+1,
-1.660000000e+2,-3.840625000e+0,-1.160000000e+1,
-1.669921875e+2,-3.840000000e+0,-1.150000000e+1,
-1.690078125e+2,-3.840312500e+0,-1.159921875e+1,
-1.660156250e+2,-3.880000000e+0,-1.170000000e+1,
-1.659843750e+2,-3.880312500e+0,-1.170000000e+1,
-1.670000000e+2,-3.799062500e+0,-1.170000000e+1,
-1.660000000e+2,-3.880000000e+0,-1.160000000e+1,
-1.670234375e+2,-3.800000000e+0,-1.129765625e+1,
-1.679843750e+2,-3.920937500e+0,-1.140859375e+1,
-1.650000000e+2,-3.839062500e+0,-1.180156250e+1,
-1.659921875e+2,-3.920937500e+0,-1.169843750e+1,
-1.630000000e+2,-3.919375000e+0,-1.159765625e+1,
-1.659921875e+2,-3.841250000e+0,-1.120078125e+1,
-1.660000000e+2,-3.840000000e+0,-1.139921875e+1,
-1.659843750e+2,-3.799687500e+0,-1.130000000e+1,
-1.670312500e+2,-3.800312500e+0,-1.149921875e+1,
-1.639843750e+2,-3.880312500e+0,-1.150156250e+1,
-1.679765625e+2,-3.720000000e+0,-1.140000000e+1,
-1.649609375e+2,-3.799062500e+0,-1.149765625e+1,
-1.660234375e+2,-3.799375000e+0,-1.150234375e+1,
-1.659921875e+2,-3.880000000e+0,-1.119921875e+1,
-1.660078125e+2,-3.758750000e+0,-1.130078125e+1,
-1.670234375e+2,-3.720000000e+0,-1.100000000e+1,
-1.669843750e+2,-3.800312500e+0,-1.130546875e+1,
-1.650000000e+2,-3.760000000e+0,-1.160078125e+1,
-1.650156250e+2,-3.837187500e+0,-1.120859375e+1,
-1.630156250e+2,-3.880000000e+0,-1.110078125e+1,
-1.639765625e+2,-3.879687500e+0,-1.140000000e+1,
-1.650156250e+2,-3.799687500e+0,-1.130000000e+1,
-1.649609375e+2,-3.800625000e+0,-1.150156250e+1,
-1.680312500e+2,-3.799687500e+0,-1.140000000e+1,
-1.629531250e+2,-3.760000000e+0,-1.140000000e+1,
-1.640312500e+2,-3.800000000e+0,-1.129921875e+1,
-1.650000000e+2,-3.760000000e+0,-1.120000000e+1,
-1.639843750e+2,-3.800000000e+0,-1.130000000e+1,
-1.630078125e+2,-3.800000000e+0,-1.130078125e+1,
-1.650000000e+2,-3.881875000e+0,-1.139921875e+1,
-1.610000000e+2,-3.920000000e+0,-1.110000000e+1,
-1.640390625e+2,-3.724375000e+0,-1.129921875e+1,
-1.660000000e+2,-3.719687500e+0,-1.130000000e+1,
-1.650156250e+2,-3.840000000e+0,-1.129921875e+1,
-1.619921875e+2,-3.840312500e+0,-1.140078125e+1,
-1.620000000e+2,-3.799687500e+0,-1.119921875e+1,
-1.620000000e+2,-3.760625000e+0,-1.120000000e+1,
-1.619765625e+2,-3.800312500e+0,-1.109921875e+1,
-1.660000000e+2,-3.721562500e+0,-1.139531250e+1,
-1.630000000e+2,-3.802500000e+0,-1.140078125e+1,
-1.639921875e+2,-3.878750000e+0,-1.119843750e+1,
-1.620078125e+2,-3.679375000e+0,-1.100234375e+1,
-1.650156250e+2,-3.844687500e+0,-1.130156250e+1,
-1.639921875e+2,-3.839062500e+0,-1.120000000e+1,
-1.620000000e+2,-3.760000000e+0,-1.130078125e+1,
-1.610000000e+2,-3.800000000e+0,-1.140000000e+1,
-1.620000000e+2,-3.720312500e+0,-1.120000000e+1,
-1.619921875e+2,-3.760000000e+0,-1.140000000e+1,
-1.640078125e+2,-3.800000000e+0,-1.100000000e+1,
-1.620156250e+2,-3.759687500e+0,-1.099843750e+1,
-1.630000000e+2,-3.719687500e+0,-1.140000000e+1,
-1.620156250e+2,-3.760312500e+0,-1.090078125e+1,
-1.640156250e+2,-3.720000000e+0,-1.119921875e+1,
-1.629765625e+2,-3.760000000e+0,-1.119921875e+1,
-1.619375000e+2,-3.721562500e+0,-1.100000000e+1,
-1.590468750e+2,-3.880000000e+0,-1.120000000e+1,
-1.650312500e+2,-3.720000000e+0,-1.100000000e+1,
-1.610859375e+2,-3.799687500e+0,-1.099921875e+1,
-1.609453125e+2,-3.800312500e+0,-1.110000000e+1,
-1.639921875e+2,-3.719062500e+0,-1.110000000e+1,
-1.630234375e+2,-3.839687500e+0,-1.139843750e+1,
-1.619921875e+2,-3.638750000e+0,-1.089921875e+1,
-1.620078125e+2,-3.760625000e+0,-1.110000000e+1,
-1.600625000e+2,-3.759687500e+0,-1.110000000e+1,
-1.590234375e+2,-3.639375000e+0,-1.079843750e+1,
-1.610312500e+2,-3.800000000e+0,-1.120000000e+1,
-1.609843750e+2,-3.760000000e+0,-1.090000000e+1,
-1.610312500e+2,-3.719062500e+0,-1.120000000e+1,
-1.640000000e+2,-3.640000000e+0,-1.090078125e+1,
-1.600000000e+2,-3.680000000e+0,-1.100078125e+1,
-1.630000000e+2,-3.680000000e+0,-1.090078125e+1,
-1.599921875e+2,-3.681562500e+0,-1.109921875e+1,
-1.620000000e+2,-3.640000000e+0,-1.100000000e+1,
-1.600000000e+2,-3.720937500e+0,-1.100000000e+1,
-1.590156250e+2,-3.719062500e+0,-1.110390625e+1,
-1.630000000e+2,-3.600000000e+0,-1.070000000e+1,
-1.590000000e+2,-3.760937500e+0,-1.110000000e+1,
-1.630000000e+2,-3.683437500e+0,-1.070468750e+1,
-1.589921875e+2,-3.639375000e+0,-1.090000000e+1,
-1.610000000e+2,-3.720937500e+0,-1.080156250e+1,
-1.580000000e+2,-3.677812500e+0,-1.110000000e+1,
-1.599687500e+2,-3.559375000e+0,-1.069687500e+1,
-1.549921875e+2,-3.562187500e+0,-1.090312500e+1,
-1.570000000e+2,-3.640000000e+0,-1.080078125e+1,
-1.560156250e+2,-3.597500000e+0,-1.080078125e+1,
-1.609921875e+2,-3.720000000e+0,-1.070078125e+1,
-1.580390625e+2,-3.639687500e+0,-1.099843750e+1,
-1.580000000e+2,-3.720000000e+0,-1.090078125e+1,
-1.589453125e+2,-3.680312500e+0,-1.080000000e+1,
-1.620078125e+2,-3.680000000e+0,-1.080078125e+1,
-1.589843750e+2,-3.680000000e+0,-1.059921875e+1,
-1.599921875e+2,-3.642500000e+0,-1.090156250e+1,
-1.580234375e+2,-3.520625000e+0,-1.080000000e+1,
-1.609687500e+2,-3.520000000e+0,-1.089687500e+1,
-1.559921875e+2,-3.560000000e+0,-1.090000000e+1,
-1.600234375e+2,-3.640937500e+0,-1.040156250e+1,
-1.569687500e+2,-3.680000000e+0,-1.059453125e+1,
-1.579765625e+2,-3.680000000e+0,-1.080078125e+1,
-1.590078125e+2,-3.680000000e+0,-1.070000000e+1,
-1.580078125e+2,-3.680000000e+0,-1.090078125e+1,
-1.580000000e+2,-3.680312500e+0,-1.050234375e+1,
-1.590000000e+2,-3.718437500e+0,-1.100156250e+1,
-1.580156250e+2,-3.560000000e+0,-1.050000000e+1,
-1.579765625e+2,-3.640000000e+0,-1.060000000e+1,
-1.590000000e+2,-3.560625000e+0,-1.059921875e+1,
-1.569765625e+2,-3.640000000e+0,-1.079921875e+1,
-1.560156250e+2,-3.560625000e+0,-1.070000000e+1,
-1.549843750e+2,-3.480937500e+0,-1.049609375e+1,
-1.520000000e+2,-3.761250000e+0,-1.029609375e+1,
-1.560156250e+2,-3.602500000e+0,-1.110000000e+1,
-1.560078125e+2,-3.519375000e+0,-1.089921875e+1,
-1.579921875e+2,-3.598750000e+0,-1.080078125e+1,
-1.540000000e+2,-3.561562500e+0,-1.059921875e+1,
-1.560000000e+2,-3.400312500e+0,-1.070000000e+1,
-1.560000000e+2,-3.482500000e+0,-1.050078125e+1,
-1.590000000e+2,-3.600312500e+0,-1.049921875e+1,
-1.560156250e+2,-3.520000000e+0,-1.050000000e+1,
-1.560078125e+2,-3.398125000e+0,-1.050000000e+1,
-1.550000000e+2,-3.559375000e+0,-1.059843750e+1,
-1.580156250e+2,-3.560000000e+0,-1.080000000e+1,
-1.559765625e+2,-3.601875000e+0,-1.059921875e+1,
-1.550078125e+2,-3.637812500e+0,-1.060000000e+1,
-1.550000000e+2,-3.439375000e+0,-1.049843750e+1,
-1.549921875e+2,-3.480000000e+0,-1.040000000e+1,
-1.559843750e+2,-3.440000000e+0,-1.060000000e+1,
-1.560234375e+2,-3.480000000e+0,-1.030156250e+1,
-1.540234375e+2,-3.480000000e+0,-1.050000000e+1,
-1.549453125e+2,-3.519687500e+0,-1.050078125e+1,
-1.560390625e+2,-3.480312500e+0,-1.060078125e+1,
-1.540156250e+2,-3.559375000e+0,-1.040000000e+1,
-1.550078125e+2,-3.484062500e+0,-1.049921875e+1,
-1.540000000e+2,-3.320625000e+0,-1.040156250e+1,
-1.540000000e+2,-3.398750000e+0,-1.040000000e+1,
-1.530078125e+2,-3.520937500e+0,-1.040000000e+1,
-1.550156250e+2,-3.559062500e+0,-1.049921875e+1,
-1.550000000e+2,-3.400000000e+0,-1.060000000e+1,
-1.550000000e+2,-3.399687500e+0,-1.050000000e+1,
-1.520078125e+2,-3.398750000e+0,-1.000000000e+1,
-1.539921875e+2,-3.479687500e+0,-1.040000000e+1,
-1.520078125e+2,-3.520312500e+0,-1.019843750e+1,
-1.529765625e+2,-3.517187500e+0,-1.030000000e+1,
-1.550000000e+2,-3.400000000e+0,-1.020078125e+1,
-1.530312500e+2,-3.480312500e+0,-1.040234375e+1,
-1.509687500e+2,-3.400312500e+0,-1.040000000e+1,
-1.490000000e+2,-3.440312500e+0,-1.020000000e+1,
-1.510156250e+2,-3.440000000e+0,-9.903125000e+0,
-1.530234375e+2,-3.480312500e+0,-1.040156250e+1,
-1.550000000e+2,-3.439687500e+0,-1.010000000e+1,
-1.520156250e+2,-3.360000000e+0,-1.020312500e+1,
-1.520000000e+2,-3.321875000e+0,-1.029843750e+1,
-1.530078125e+2,-3.479375000e+0,-1.010000000e+1,
-1.530000000e+2,-3.361250000e+0,-1.020000000e+1,
-1.530078125e+2,-3.360312500e+0,-1.000000000e+1,
-1.520000000e+2,-3.401875000e+0,-1.019921875e+1,
-1.510078125e+2,-3.520000000e+0,-1.020000000e+1,
-1.509843750e+2,-3.358437500e+0,-1.019843750e+1,
-1.520000000e+2,-3.320000000e+0,-9.805468750e+0,
-1.510000000e+2,-3.399687500e+0,-9.902343750e+0,
-1.519921875e+2,-3.399687500e+0,-1.030156250e+1,
-1.489843750e+2,-3.482812500e+0,-1.020000000e+1,
-1.510234375e+2,-3.558750000e+0,-1.030000000e+1,
-1.539921875e+2,-3.317812500e+0,-1.020000000e+1,
-1.530000000e+2,-3.401250000e+0,-1.030000000e+1,
-1.510000000e+2,-3.399062500e+0,-1.030156250e+1,
-1.519921875e+2,-3.480000000e+0,-1.009921875e+1,
-1.540156250e+2,-3.359062500e+0,-1.010000000e+1,
-1.510078125e+2,-3.400625000e+0,-1.020000000e+1,
-1.519921875e+2,-3.480000000e+0,-9.899218750e+0,
-1.500312500e+2,-3.399062500e+0,-9.900000000e+0,
-1.489921875e+2,-3.400312500e+0,-1.010000000e+1,
-1.500312500e+2,-3.364687500e+0,-1.010156250e+1,
-1.499609375e+2,-3.280000000e+0,-9.899218750e+0,
-1.459843750e+2,-3.399375000e+0,-9.800000000e+0,
-1.480390625e+2,-3.240312500e+0,-9.900781250e+0,
-1.490156250e+2,-3.442187500e+0,-1.000156250e+1,
-1.500000000e+2,-3.398750000e+0,-1.020078125e+1,
-1.490156250e+2,-3.321250000e+0,-9.901562500e+0,
-1.490000000e+2,-3.320000000e+0,-9.801562500e+0,
-1.490000000e+2,-3.399687500e+0,-1.010156250e+1,
-1.489921875e+2,-3.279687500e+0,-1.019531250e+1,
-1.510000000e+2,-3.321875000e+0,-9.597656250e+0,
-1.490234375e+2,-3.360312500e+0,-1.000156250e+1,
-1.490078125e+2,-3.360000000e+0,-9.900000000e+0,
-1.479921875e+2,-3.282187500e+0,-9.900000000e+0,
-1.480078125e+2,-3.240000000e+0,-9.900000000e+0,
-1.489921875e+2,-3.240312500e+0,-9.900000000e+0,
-1.470000000e+2,-3.280000000e+0,-9.800781250e+0,
-1.490000000e+2,-3.200625000e+0,-1.000000000e+1,
-1.470000000e+2,-3.360000000e+0,-9.901562500e+0,
-1.470000000e+2,-3.241562500e+0,-9.699218750e+0,
-1.489921875e+2,-3.199687500e+0,-9.700000000e+0,
-1.490156250e+2,-3.278750000e+0,-9.898437500e+0,
-1.460000000e+2,-3.360312500e+0,-1.000000000e+1,
-1.499921875e+2,-3.239375000e+0,-9.800781250e+0,
-1.470078125e+2,-3.320000000e+0,-9.800781250e+0,
-1.490078125e+2,-3.360312500e+0,-9.600781250e+0,
-1.450078125e+2,-3.241562500e+0,-9.694531250e+0,
-1.470000000e+2,-3.280312500e+0,-9.900000000e+0,
-1.490000000e+2,-3.320000000e+0,-9.496093750e+0,
-1.479843750e+2,-3.279375000e+0,-9.608593750e+0,
-1.470156250e+2,-3.279687500e+0,-9.901562500e+0,
-1.469765625e+2,-3.240000000e+0,-9.897656250e+0,
-1.439921875e+2,-3.199687500e+0,-9.801562500e+0,
-1.490000000e+2,-3.160312500e+0,-9.901562500e+0,
-1.450234375e+2,-3.199375000e+0,-9.602343750e+0,
-1.439921875e+2,-3.280937500e+0,-9.602343750e+0,
-1.449687500e+2,-3.279375000e+0,-9.799218750e+0,
-1.470000000e+2,-3.120312500e+0,-9.803906250e+0,
-1.459921875e+2,-3.200000000e+0,-9.400000000e+0,
-1.469765625e+2,-3.159062500e+0,-9.698437500e+0,
-1.439765625e+2,-3.319375000e+0,-9.501562500e+0,
-1.450156250e+2,-3.199687500e+0,-9.700781250e+0,
-1.439765625e+2,-3.239687500e+0,-9.700781250e+0,
-1.440546875e+2,-3.160000000e+0,-9.600000000e+0,
-1.470000000e+2,-3.320000000e+0,-9.600781250e+0,
-1.429609375e+2,-3.120000000e+0,-9.500781250e+0,
-1.419765625e+2,-3.316875000e+0,-9.398437500e+0,
-1.439843750e+2,-3.200625000e+0,-9.600781250e+0,
-1.440078125e+2,-3.159687500e+0,-9.600000000e+0,
-1.440078125e+2,-3.080312500e+0,-9.500000000e+0,
-1.429921875e+2,-3.160625000e+0,-9.502343750e+0,
-1.440234375e+2,-3.119375000e+0,-9.700781250e+0,
-1.420156250e+2,-3.119687500e+0,-9.603906250e+0,
-1.460390625e+2,-3.160312500e+0,-9.300000000e+0,
-1.449609375e+2,-3.120312500e+0,-9.600000000e+0,
-1.399765625e+2,-3.200000000e+0,-9.600000000e+0,
-1.400156250e+2,-3.160000000e+0,-9.500000000e+0,
-1.430000000e+2,-3.240625000e+0,-9.500781250e+0,
-1.430078125e+2,-3.200000000e+0,-9.600000000e+0,
-1.440078125e+2,-3.198437500e+0,-9.701562500e+0,
-1.440000000e+2,-3.240312500e+0,-9.299218750e+0,
-1.440078125e+2,-3.160000000e+0,-9.400000000e+0,
-1.430000000e+2,-3.160625000e+0,-9.299218750e+0,
-1.440078125e+2,-3.040000000e+0,-9.600781250e+0,
-1.420078125e+2,-3.161875000e+0,-9.500000000e+0,
-1.429609375e+2,-3.160625000e+0,-9.299218750e+0,
-1.470000000e+2,-3.085312500e+0,-9.400781250e+0,
-1.430000000e+2,-3.000625000e+0,-9.200781250e+0,
-1.430156250e+2,-3.120937500e+0,-9.301562500e+0,
-1.419921875e+2,-3.119687500e+0,-9.600000000e+0,
-1.410000000e+2,-3.119687500e+0,-9.398437500e+0,
-1.410078125e+2,-3.080000000e+0,-9.500000000e+0,
-1.420000000e+2,-3.040625000e+0,-9.499218750e+0,
-1.400000000e+2,-2.999687500e+0,-9.300000000e+0,
-1.430000000e+2,-2.999687500e+0,-9.600781250e+0,
-1.430078125e+2,-3.120000000e+0,-9.095312500e+0,
-1.410234375e+2,-3.078750000e+0,-9.000000000e+0,
-1.409765625e+2,-3.000000000e+0,-9.299218750e+0,
-1.429921875e+2,-3.080312500e+0,-9.300000000e+0,
-1.430000000e+2,-3.000312500e+0,-9.199218750e+0,
-1.419687500e+2,-3.119687500e+0,-9.600000000e+0,
-1.379375000e+2,-3.120312500e+0,-9.197656250e+0,
-1.370312500e+2,-3.079687500e+0,-9.000000000e+0,
-1.400468750e+2,-3.080625000e+0,-9.199218750e+0,
-1.420078125e+2,-3.120000000e+0,-9.200000000e+0,
-1.410546875e+2,-3.080000000e+0,-9.100781250e+0,
-1.390000000e+2,-3.120312500e+0,-9.100000000e+0,
-1.409921875e+2,-3.040937500e+0,-9.100000000e+0,
-1.410156250e+2,-3.041562500e+0,-9.000000000e+0,
-1.390156250e+2,-3.118125000e+0,-9.100781250e+0,
-1.389765625e+2,-2.919687500e+0,-9.200000000e+0,
-1.400234375e+2,-3.040625000e+0,-9.100000000e+0,
-1.379843750e+2,-3.039687500e+0,-9.199218750e+0,
-1.390468750e+2,-3.080000000e+0,-9.100781250e+0,
-1.399843750e+2,-2.960000000e+0,-8.998437500e+0,
-1.369765625e+2,-3.040625000e+0,-8.800781250e+0,
-1.370078125e+2,-2.959687500e+0,-9.100000000e+0,
-1.390078125e+2,-2.920000000e+0,-8.798437500e+0,
-1.380000000e+2,-2.840312500e+0,-9.000781250e+0,
-1.380000000e+2,-2.958750000e+0,-9.000781250e+0,
-1.370000000e+2,-2.920312500e+0,-9.000000000e+0,
-1.380000000e+2,-3.040937500e+0,-9.000000000e+0,
-1.390000000e+2,-3.039687500e+0,-9.000000000e+0,
-1.380000000e+2,-2.960000000e+0,-9.000000000e+0,
-1.359687500e+2,-2.960625000e+0,-8.900000000e+0,
-1.400000000e+2,-3.000312500e+0,-9.000000000e+0,
-1.359609375e+2,-2.960312500e+0,-8.900000000e+0,
-1.360468750e+2,-2.960000000e+0,-8.900781250e+0,
-1.390312500e+2,-2.960625000e+0,-8.900000000e+0,
-1.379687500e+2,-3.000312500e+0,-8.800000000e+0,
-1.369921875e+2,-2.997812500e+0,-8.902343750e+0,
-1.360000000e+2,-2.961875000e+0,-8.900781250e+0,
-1.340000000e+2,-3.122187500e+0,-8.700000000e+0,
-1.349921875e+2,-2.920000000e+0,-8.900781250e+0,
-1.359921875e+2,-2.960000000e+0,-8.801562500e+0,
-1.370078125e+2,-2.840000000e+0,-8.899218750e+0,
-1.350234375e+2,-2.959687500e+0,-9.000000000e+0,
-1.350234375e+2,-2.920000000e+0,-8.800000000e+0,
-1.340625000e+2,-2.920625000e+0,-8.898437500e+0,
-1.390468750e+2,-2.880937500e+0,-8.797656250e+0,
-1.369687500e+2,-2.919687500e+0,-8.600000000e+0,
-1.359921875e+2,-3.000312500e+0,-8.797656250e+0,
-1.360234375e+2,-2.880000000e+0,-8.800000000e+0,
-1.370234375e+2,-3.000625000e+0,-8.700000000e+0,
-1.359375000e+2,-2.880625000e+0,-8.801562500e+0,
-1.310000000e+2,-2.837187500e+0,-8.695312500e+0,
-1.349687500e+2,-2.960312500e+0,-9.100000000e+0,
-1.340000000e+2,-2.920000000e+0,-8.401562500e+0,
-1.359921875e+2,-2.880000000e+0,-8.806250000e+0,
-1.360312500e+2,-2.920000000e+0,-8.799218750e+0,
-1.330156250e+2,-2.838750000e+0,-8.700000000e+0,
-1.330156250e+2,-2.760000000e+0,-8.500000000e+0,
-1.309843750e+2,-2.877812500e+0,-8.797656250e+0,
-1.310156250e+2,-2.840000000e+0,-8.701562500e+0,
-1.320000000e+2,-2.840000000e+0,-8.500000000e+0,
-1.320078125e+2,-2.880000000e+0,-8.300781250e+0,
-1.330000000e+2,-2.799687500e+0,-8.400000000e+0,
-1.320078125e+2,-2.839375000e+0,-8.400000000e+0,
-1.350078125e+2,-2.840625000e+0,-8.700000000e+0,
-1.339921875e+2,-2.800625000e+0,-8.403125000e+0,
-1.320000000e+2,-2.800000000e+0,-8.496093750e+0,
-1.320000000e+2,-2.839687500e+0,-8.700000000e+0,
-1.300000000e+2,-2.879062500e+0,-8.200781250e+0,
-1.310078125e+2,-2.759687500e+0,-8.599218750e+0,
-1.320000000e+2,-2.800000000e+0,-8.200000000e+0,
-1.310078125e+2,-2.758437500e+0,-8.397656250e+0,
-1.310000000e+2,-2.880000000e+0,-8.301562500e+0,
-1.330234375e+2,-2.800312500e+0,-8.402343750e+0,
-1.329687500e+2,-2.839687500e+0,-8.599218750e+0,
-1.289921875e+2,-2.717812500e+0,-8.400000000e+0,
-1.310234375e+2,-2.680312500e+0,-8.500781250e+0,
-1.309843750e+2,-2.760000000e+0,-8.300000000e+0,
-1.320390625e+2,-2.640312500e+0,-8.300000000e+0,
-1.280156250e+2,-2.720000000e+0,-8.100781250e+0,
-1.290625000e+2,-2.760000000e+0,-8.200000000e+0,
-1.259218750e+2,-2.758437500e+0,-8.100781250e+0,
-1.329531250e+2,-2.600312500e+0,-8.399218750e+0,
-1.281171875e+2,-2.838750000e+0,-8.300000000e+0,
-1.290234375e+2,-2.685312500e+0,-8.301562500e+0,
-1.290078125e+2,-2.678437500e+0,-8.002343750e+0,
-1.300000000e+2,-2.840312500e+0,-8.099218750e+0,
-1.280078125e+2,-2.719687500e+0,-8.200000000e+0,
-1.320156250e+2,-2.840937500e+0,-8.100781250e+0,
-1.289921875e+2,-2.760000000e+0,-8.100000000e+0,
-1.290000000e+2,-2.719687500e+0,-8.300000000e+0,
-1.310000000e+2,-2.722812500e+0,-8.205468750e+0,
-1.290156250e+2,-2.640312500e+0,-8.100000000e+0,
-1.290000000e+2,-2.680312500e+0,-8.100000000e+0,
-1.289843750e+2,-2.638125000e+0,-7.999218750e+0,
-1.290468750e+2,-2.642187500e+0,-8.000000000e+0,
-1.250000000e+2,-2.719687500e+0,-8.002343750e+0,
-1.280078125e+2,-2.640000000e+0,-8.300000000e+0,
-1.249843750e+2,-2.720312500e+0,-8.100000000e+0,
-1.280156250e+2,-2.720000000e+0,-8.300781250e+0,
-1.289843750e+2,-2.719375000e+0,-8.098437500e+0,
-1.269921875e+2,-2.680625000e+0,-8.100000000e+0,
-1.269921875e+2,-2.760000000e+0,-8.199218750e+0,
-1.300000000e+2,-2.640312500e+0,-7.999218750e+0,
-1.290000000e+2,-2.721250000e+0,-8.099218750e+0,
-1.290078125e+2,-2.521562500e+0,-8.000000000e+0,
-1.270156250e+2,-2.602500000e+0,-8.000000000e+0,
-1.260000000e+2,-2.800000000e+0,-7.899218750e+0,
-1.260000000e+2,-2.639375000e+0,-8.200781250e+0,
-1.260234375e+2,-2.640937500e+0,-7.798437500e+0,
-1.240000000e+2,-2.680000000e+0,-7.797656250e+0,
-1.259921875e+2,-2.639375000e+0,-7.900781250e+0,
-1.260078125e+2,-2.720000000e+0,-7.998437500e+0,
-1.280234375e+2,-2.598125000e+0,-7.800000000e+0,
-1.269765625e+2,-2.600937500e+0,-8.002343750e+0,
-1.220156250e+2,-2.639062500e+0,-7.997656250e+0,
-1.240000000e+2,-2.560937500e+0,-7.900000000e+0,
-1.290000000e+2,-2.679375000e+0,-8.000781250e+0,
-1.230078125e+2,-2.519062500e+0,-7.699218750e+0,
-1.269843750e+2,-2.442187500e+0,-7.800000000e+0,
-1.230078125e+2,-2.760625000e+0,-7.900000000e+0,
-1.249453125e+2,-2.600000000e+0,-7.899218750e+0,
-1.260546875e+2,-2.680625000e+0,-7.600000000e+0,
-1.210156250e+2,-2.560937500e+0,-7.600000000e+0,
-1.250703125e+2,-2.481562500e+0,-7.699218750e+0,
-1.259531250e+2,-2.520000000e+0,-7.700000000e+0,
-1.230312500e+2,-2.640000000e+0,-7.600000000e+0,
-1.280156250e+2,-2.519687500e+0,-7.703125000e+0,
-1.239687500e+2,-2.520625000e+0,-8.000000000e+0,
-1.250078125e+2,-2.560312500e+0,-7.701562500e+0,
-1.220234375e+2,-2.599062500e+0,-7.699218750e+0,
-1.220078125e+2,-2.600000000e+0,-7.898437500e+0,
-1.210000000e+2,-2.560625000e+0,-7.500000000e+0,
-1.229765625e+2,-2.599687500e+0,-7.802343750e+0,
-1.270234375e+2,-2.478125000e+0,-7.593750000e+0,
-1.200937500e+2,-2.522187500e+0,-7.500781250e+0,
-1.199062500e+2,-2.520000000e+0,-7.700000000e+0,
-1.250078125e+2,-2.400312500e+0,-7.800000000e+0,
-1.220000000e+2,-2.521562500e+0,-7.600000000e+0,
-1.240156250e+2,-2.560000000e+0,-7.600000000e+0,
-1.209843750e+2,-2.480000000e+0,-7.600000000e+0,
-1.200000000e+2,-2.481562500e+0,-7.500781250e+0,
-1.210000000e+2,-2.560000000e+0,-7.500781250e+0,
-1.200000000e+2,-2.361250000e+0,-7.401562500e+0,
-1.249843750e+2,-2.437500000e+0,-7.700000000e+0,
-1.240234375e+2,-2.520937500e+0,-7.503906250e+0,
-1.200000000e+2,-2.400312500e+0,-7.300000000e+0,
-1.249843750e+2,-2.480937500e+0,-7.499218750e+0,
-1.200234375e+2,-2.480000000e+0,-7.500781250e+0,
-1.189921875e+2,-2.440312500e+0,-7.500781250e+0,
-1.189921875e+2,-2.399062500e+0,-7.399218750e+0,
-1.210000000e+2,-2.480312500e+0,-7.500000000e+0,
-1.189843750e+2,-2.440000000e+0,-7.299218750e+0,
-1.190000000e+2,-2.438437500e+0,-7.401562500e+0,
-1.190234375e+2,-2.320000000e+0,-7.400781250e+0,
-1.209921875e+2,-2.440937500e+0,-7.498437500e+0,
-1.180078125e+2,-2.480312500e+0,-7.300781250e+0,
-1.200078125e+2,-2.523125000e+0,-7.500000000e+0,
-1.160156250e+2,-2.400000000e+0,-7.203125000e+0,
-1.169765625e+2,-2.480625000e+0,-7.202343750e+0,
-1.179843750e+2,-2.399687500e+0,-7.399218750e+0,
-1.190000000e+2,-2.400000000e+0,-7.401562500e+0,
-1.180390625e+2,-2.440000000e+0,-7.300000000e+0,
-1.170156250e+2,-2.361250000e+0,-7.300781250e+0,
-1.190390625e+2,-2.357187500e+0,-7.103125000e+0,
-1.189843750e+2,-2.480000000e+0,-7.001562500e+0,
-1.169921875e+2,-2.359062500e+0,-7.399218750e+0,
-1.180390625e+2,-2.400000000e+0,-7.200000000e+0,
-1.190078125e+2,-2.480312500e+0,-7.002343750e+0,
-1.179687500e+2,-2.437812500e+0,-7.300000000e+0,
-1.159765625e+2,-2.280937500e+0,-7.102343750e+0,
-1.199843750e+2,-2.359687500e+0,-7.200000000e+0,
-1.180078125e+2,-2.359687500e+0,-7.100000000e+0,
-1.190078125e+2,-2.319375000e+0,-7.200000000e+0,
-1.150312500e+2,-2.280625000e+0,-7.099218750e+0,
-1.159609375e+2,-2.401250000e+0,-7.100000000e+0,
-1.170156250e+2,-2.400312500e+0,-6.999218750e+0,
-1.169843750e+2,-2.360937500e+0,-7.200000000e+0,
-1.150078125e+2,-2.280312500e+0,-7.000000000e+0,
-1.160078125e+2,-2.400312500e+0,-7.100000000e+0,
-1.139921875e+2,-2.320000000e+0,-7.000000000e+0,
-1.140000000e+2,-2.360625000e+0,-7.000000000e+0,
-1.170078125e+2,-2.360000000e+0,-7.000000000e+0,
-1.159765625e+2,-2.357812500e+0,-7.100000000e+0,
-1.159921875e+2,-2.400625000e+0,-7.000000000e+0,
-1.180000000e+2,-2.200000000e+0,-6.999218750e+0,
-1.159843750e+2,-2.319062500e+0,-7.100000000e+0,
-1.130078125e+2,-2.440625000e+0,-7.000000000e+0,
-1.149843750e+2,-2.356250000e+0,-7.000000000e+0,
-1.170078125e+2,-2.119062500e+0,-7.000781250e+0,
-1.150000000e+2,-2.358750000e+0,-6.898437500e+0,
-1.140000000e+2,-2.158125000e+0,-7.000781250e+0,
-1.160078125e+2,-2.241250000e+0,-6.800781250e+0,
-1.139843750e+2,-2.239687500e+0,-7.105468750e+0,
-1.130156250e+2,-2.241562500e+0,-7.097656250e+0,
-1.129921875e+2,-2.280000000e+0,-6.900000000e+0,
-1.110000000e+2,-2.240000000e+0,-7.099218750e+0,
-1.110000000e+2,-2.280312500e+0,-6.700000000e+0,
-1.150000000e+2,-2.240312500e+0,-6.800000000e+0,
-1.120078125e+2,-2.240000000e+0,-6.800781250e+0,
-1.129765625e+2,-2.320625000e+0,-6.700000000e+0,
-1.139843750e+2,-2.279687500e+0,-6.400000000e+0,
-1.150156250e+2,-2.199687500e+0,-6.800000000e+0,
-1.129921875e+2,-2.241562500e+0,-6.800000000e+0,
-1.140156250e+2,-2.159687500e+0,-6.900000000e+0,
-1.129453125e+2,-2.319687500e+0,-6.800000000e+0,
-1.110312500e+2,-2.237812500e+0,-6.800781250e+0,
-1.140000000e+2,-2.160625000e+0,-6.901562500e+0,
-1.099687500e+2,-2.240000000e+0,-6.500000000e+0,
-1.109765625e+2,-2.160312500e+0,-6.599218750e+0,
-1.109921875e+2,-2.160312500e+0,-6.599218750e+0,
-1.120000000e+2,-2.120000000e+0,-6.900000000e+0,
-1.120156250e+2,-2.200937500e+0,-6.798437500e+0,
-1.109921875e+2,-2.239062500e+0,-6.699218750e+0,
-1.120078125e+2,-2.160000000e+0,-6.600000000e+0,
-1.100078125e+2,-2.200312500e+0,-6.300000000e+0,
-1.109921875e+2,-2.201250000e+0,-6.396093750e+0,
-1.090078125e+2,-2.120000000e+0,-6.501562500e+0,
-1.110078125e+2,-2.160000000e+0,-6.100000000e+0,
-1.089921875e+2,-2.000000000e+0,-6.400781250e+0,
-1.089921875e+2,-2.120000000e+0,-6.300000000e+0,
-1.069921875e+2,-2.000000000e+0,-6.401562500e+0,
-1.060000000e+2,-2.160312500e+0,-6.399218750e+0,
-1.070312500e+2,-2.082187500e+0,-6.200000000e+0,
-1.110000000e+2,-2.120000000e+0,-6.400000000e+0,
-1.090000000e+2,-2.080625000e+0,-6.400000000e+0,
-1.070000000e+2,-2.159687500e+0,-6.299218750e+0,
-1.090000000e+2,-2.040000000e+0,-6.400000000e+0,
-1.060312500e+2,-2.160625000e+0,-6.200000000e+0,
-1.070078125e+2,-2.082812500e+0,-6.392187500e+0,
-1.080156250e+2,-2.079062500e+0,-6.600000000e+0,
-1.079531250e+2,-2.160312500e+0,-6.399218750e+0,
-1.039921875e+2,-2.077500000e+0,-6.399218750e+0,
-1.070390625e+2,-2.000937500e+0,-6.199218750e+0,
-1.060000000e+2,-2.120312500e+0,-6.300781250e+0,
-1.060000000e+2,-2.039375000e+0,-6.200781250e+0,
-1.070000000e+2,-2.080000000e+0,-6.200000000e+0,
-1.060078125e+2,-2.040000000e+0,-6.200000000e+0,
-1.060000000e+2,-2.120312500e+0,-6.099218750e+0,
-1.060000000e+2,-2.080312500e+0,-6.300000000e+0,
-1.069765625e+2,-2.080000000e+0,-6.200000000e+0,
-1.070390625e+2,-2.120000000e+0,-6.299218750e+0,
-1.040078125e+2,-2.082500000e+0,-6.201562500e+0,
-1.070390625e+2,-1.959687500e+0,-5.998437500e+0,
-1.059843750e+2,-2.040312500e+0,-5.900000000e+0,
-1.049765625e+2,-1.920312500e+0,-6.099218750e+0,
-1.040234375e+2,-1.960000000e+0,-6.000000000e+0,
-1.060078125e+2,-2.079062500e+0,-6.000781250e+0,
-1.039765625e+2,-1.880625000e+0,-5.902343750e+0,
-1.039843750e+2,-1.960625000e+0,-5.897656250e+0,
-1.040234375e+2,-1.880625000e+0,-6.200000000e+0,
-1.020078125e+2,-2.080000000e+0,-6.201562500e+0,
-1.029843750e+2,-1.999375000e+0,-5.900781250e+0,
-1.060078125e+2,-1.878750000e+0,-6.100781250e+0,
-1.030234375e+2,-1.880312500e+0,-5.800000000e+0,
-1.040078125e+2,-1.919375000e+0,-5.900000000e+0,
-1.020078125e+2,-2.038750000e+0,-6.002343750e+0,
-1.029687500e+2,-1.960000000e+0,-5.700781250e+0,
-9.900781250e+1,-1.880000000e+0,-5.900000000e+0,
-1.030078125e+2,-1.960312500e+0,-5.900781250e+0,
-1.010000000e+2,-1.918437500e+0,-6.000781250e+0,
-1.000000000e+2,-1.799375000e+0,-5.800000000e+0,
-1.010156250e+2,-1.959375000e+0,-5.800000000e+0,
-1.029921875e+2,-1.840937500e+0,-5.801562500e+0,
-9.900000000e+1,-1.919687500e+0,-5.697656250e+0,
-1.010000000e+2,-1.880000000e+0,-5.900000000e+0,
-1.000000000e+2,-1.921250000e+0,-5.400000000e+0,
-1.020078125e+2,-1.960000000e+0,-5.896093750e+0,
-1.010156250e+2,-1.880000000e+0,-5.800000000e+0,
-9.800781250e+1,-1.838750000e+0,-5.703125000e+0,
-9.900000000e+1,-1.920000000e+0,-5.598437500e+0,
-1.010000000e+2,-1.880625000e+0,-5.800781250e+0,
-9.898437500e+1,-1.799375000e+0,-5.597656250e+0,
-9.800000000e+1,-1.842500000e+0,-5.500000000e+0,
-9.800781250e+1,-1.919687500e+0,-5.698437500e+0,
-9.897656250e+1,-1.720000000e+0,-5.400000000e+0,
-9.998437500e+1,-1.759687500e+0,-5.800000000e+0,
-1.000234375e+2,-1.800000000e+0,-5.404687500e+0,
-9.708593750e+1,-1.840000000e+0,-5.400000000e+0,
-9.592187500e+1,-1.799687500e+0,-5.400781250e+0,
-9.999218750e+1,-1.760000000e+0,-5.496875000e+0,
-9.707812500e+1,-1.760312500e+0,-5.700000000e+0,
-9.701562500e+1,-1.721250000e+0,-5.201562500e+0,
-9.700000000e+1,-1.719687500e+0,-5.396875000e+0,
-9.699218750e+1,-1.760000000e+0,-5.300781250e+0,
-9.500000000e+1,-1.720312500e+0,-5.201562500e+0,
-9.700781250e+1,-1.719062500e+0,-5.400000000e+0,
-9.600781250e+1,-1.560000000e+0,-5.200000000e+0,
-9.800000000e+1,-1.678437500e+0,-5.300000000e+0,
-9.603125000e+1,-1.762500000e+0,-5.301562500e+0,
-9.600000000e+1,-1.680312500e+0,-5.300000000e+0,
-9.600000000e+1,-1.720312500e+0,-5.300781250e+0,
-9.700000000e+1,-1.680000000e+0,-5.300781250e+0,
-9.698437500e+1,-1.720312500e+0,-5.198437500e+0,
-9.705468750e+1,-1.680000000e+0,-4.900000000e+0,
-9.094531250e+1,-1.759687500e+0,-5.200000000e+0,
-9.207031250e+1,-1.800000000e+0,-5.300000000e+0,
-9.600781250e+1,-1.720000000e+0,-5.000781250e+0,
-9.397656250e+1,-1.677500000e+0,-5.300781250e+0,
-9.300000000e+1,-1.561250000e+0,-5.000000000e+0,
-9.300000000e+1,-1.800000000e+0,-5.102343750e+0,
-9.300000000e+1,-1.678750000e+0,-5.097656250e+0,
-9.400781250e+1,-1.718125000e+0,-4.899218750e+0,
-9.401562500e+1,-1.680937500e+0,-5.000000000e+0,
-9.100781250e+1,-1.600000000e+0,-4.700000000e+0,
-9.200000000e+1,-1.681875000e+0,-4.997656250e+0,
-9.200000000e+1,-1.719687500e+0,-5.300781250e+0,
-9.198437500e+1,-1.559375000e+0,-4.798437500e+0,
-9.300000000e+1,-1.600000000e+0,-4.800781250e+0,
-9.100781250e+1,-1.599375000e+0,-4.701562500e+0,
-9.100781250e+1,-1.680000000e+0,-5.103906250e+0,
-9.299218750e+1,-1.599062500e+0,-4.999218750e+0,
-8.999218750e+1,-1.599687500e+0,-4.800000000e+0,
-9.099218750e+1,-1.521250000e+0,-4.902343750e+0,
-9.300000000e+1,-1.639687500e+0,-4.900781250e+0,
-9.098437500e+1,-1.479687500e+0,-4.802343750e+0,
-8.800781250e+1,-1.600000000e+0,-4.701562500e+0,
-9.000000000e+1,-1.440312500e+0,-5.100000000e+0,
-8.800000000e+1,-1.600000000e+0,-4.900000000e+0,
-8.998437500e+1,-1.440000000e+0,-4.599218750e+0,
-8.901562500e+1,-1.560312500e+0,-4.600000000e+0,
-8.900000000e+1,-1.400937500e+0,-4.800000000e+0,
-8.900781250e+1,-1.354062500e+0,-4.701562500e+0,
-8.898437500e+1,-1.600000000e+0,-4.498437500e+0,
-8.802343750e+1,-1.559062500e+0,-4.301562500e+0,
-8.998437500e+1,-1.519687500e+0,-4.203906250e+0,
-8.700781250e+1,-1.439375000e+0,-4.801562500e+0,
-9.000781250e+1,-1.440625000e+0,-4.600781250e+0,
-8.700781250e+1,-1.479687500e+0,-4.600781250e+0,
-8.901562500e+1,-1.480000000e+0,-4.497656250e+0,
-8.501562500e+1,-1.439687500e+0,-4.401562500e+0,
-8.599218750e+1,-1.440312500e+0,-4.800000000e+0,
-8.801562500e+1,-1.517500000e+0,-4.294531250e+0,
-8.402343750e+1,-1.360937500e+0,-4.400000000e+0,
-8.500000000e+1,-1.520000000e+0,-4.300000000e+0,
-8.298437500e+1,-1.361562500e+0,-4.700781250e+0,
-8.400781250e+1,-1.480625000e+0,-4.400000000e+0,
-8.499218750e+1,-1.400000000e+0,-4.299218750e+0,
-8.501562500e+1,-1.440000000e+0,-4.202343750e+0,
-8.800000000e+1,-1.439687500e+0,-4.599218750e+0,
-8.500000000e+1,-1.360000000e+0,-4.501562500e+0,
-8.700000000e+1,-1.320000000e+0,-4.197656250e+0,
-8.800781250e+1,-1.359687500e+0,-4.000000000e+0,
-8.502343750e+1,-1.398750000e+0,-4.198437500e+0,
-8.300781250e+1,-1.480937500e+0,-4.300000000e+0,
-8.401562500e+1,-1.200000000e+0,-4.300781250e+0,
-8.100000000e+1,-1.440000000e+0,-4.100781250e+0,
-8.500000000e+1,-1.361250000e+0,-4.100781250e+0,
-8.001562500e+1,-1.158437500e+0,-4.000000000e+0,
-8.200000000e+1,-1.400937500e+0,-4.100000000e+0,
-8.301562500e+1,-1.360000000e+0,-3.998437500e+0,
-8.500000000e+1,-1.280000000e+0,-4.003125000e+0,
-8.198437500e+1,-1.237812500e+0,-4.202343750e+0,
-8.100781250e+1,-1.201250000e+0,-4.298437500e+0,
-7.901562500e+1,-1.360312500e+0,-4.099218750e+0,
-7.800781250e+1,-1.206562500e+0,-4.100000000e+0,
-7.698437500e+1,-1.198750000e+0,-4.097656250e+0,
-8.200000000e+1,-1.320625000e+0,-4.197656250e+0,
-7.803125000e+1,-1.239375000e+0,-3.701562500e+0,
-7.998437500e+1,-1.160000000e+0,-3.899218750e+0,
-7.899218750e+1,-1.280000000e+0,-3.700000000e+0,
-8.203125000e+1,-1.360625000e+0,-3.997656250e+0,
-8.097656250e+1,-1.279687500e+0,-3.900781250e+0,
-7.999218750e+1,-1.319687500e+0,-3.899218750e+0,
-7.799218750e+1,-1.159375000e+0,-3.700000000e+0,
-7.798437500e+1,-1.200000000e+0,-3.900000000e+0,
-7.703906250e+1,-1.239687500e+0,-3.799218750e+0,
-8.100781250e+1,-1.080937500e+0,-3.800000000e+0,
-7.804687500e+1,-1.314375000e+0,-3.803125000e+0,
-7.797656250e+1,-1.240937500e+0,-3.600000000e+0,
-7.900000000e+1,-1.079687500e+0,-3.800000000e+0,
-7.801562500e+1,-1.161875000e+0,-3.700000000e+0,
-7.700000000e+1,-1.279687500e+0,-3.899218750e+0,
-7.700781250e+1,-1.158750000e+0,-3.498437500e+0,
-7.600000000e+1,-1.160000000e+0,-3.498437500e+0,
-7.599218750e+1,-1.119375000e+0,-3.701562500e+0,
-7.501562500e+1,-1.240000000e+0,-3.800000000e+0,
-7.700781250e+1,-1.119062500e+0,-3.800000000e+0,
-7.499218750e+1,-1.120000000e+0,-3.799218750e+0,
-7.500000000e+1,-1.160000000e+0,-3.600000000e+0,
-7.400781250e+1,-1.120000000e+0,-3.700000000e+0,
-7.700781250e+1,-1.119375000e+0,-3.400781250e+0,
-7.500781250e+1,-1.160000000e+0,-3.500000000e+0,
-7.600000000e+1,-1.160000000e+0,-3.300000000e+0,
-7.599218750e+1,-1.040312500e+0,-3.500000000e+0,
-7.400781250e+1,-1.120625000e+0,-3.300000000e+0,
-7.400000000e+1,-1.079687500e+0,-3.500000000e+0,
-7.497656250e+1,-1.080000000e+0,-3.401562500e+0,
-7.600000000e+1,-1.041875000e+0,-3.303125000e+0,
-7.200000000e+1,-9.990625000e-1,-3.200000000e+0,
-7.503906250e+1,-9.606250000e-1,-3.400781250e+0,
-7.397656250e+1,-1.080937500e+0,-3.396093750e+0,
-7.301562500e+1,-1.038437500e+0,-3.198437500e+0,
-7.399218750e+1,-1.040312500e+0,-3.300000000e+0,
-7.100000000e+1,-1.040000000e+0,-3.600000000e+0,
-7.200000000e+1,-9.993750000e-1,-3.200000000e+0,
-7.100000000e+1,-9.200000000e-1,-3.400781250e+0,
-6.900000000e+1,-1.000000000e+0,-3.098437500e+0,
-7.098437500e+1,-9.996875000e-1,-3.100000000e+0,
-7.003906250e+1,-1.000000000e+0,-3.000000000e+0,
-6.898437500e+1,-9.996875000e-1,-3.200000000e+0,
-7.303906250e+1,-1.040312500e+0,-3.000781250e+0,
-7.198437500e+1,-1.000312500e+0,-3.100000000e+0,
-7.199218750e+1,-1.000312500e+0,-3.000000000e+0,
-7.000000000e+1,-9.203125000e-1,-3.000000000e+0,
-7.099218750e+1,-1.000937500e+0,-3.000000000e+0,
-6.900781250e+1,-9.600000000e-1,-3.000000000e+0,
-7.099218750e+1,-8.803125000e-1,-2.799218750e+0,
-6.903906250e+1,-8.800000000e-1,-3.100000000e+0,
-6.900000000e+1,-9.200000000e-1,-2.900000000e+0,
-7.001562500e+1,-8.796875000e-1,-3.000000000e+0,
-6.800000000e+1,-8.800000000e-1,-2.699218750e+0,
-6.999218750e+1,-8.803125000e-1,-2.800000000e+0,
-6.807812500e+1,-9.596875000e-1,-2.800000000e+0,
-6.700781250e+1,-7.600000000e-1,-2.901562500e+0,
-6.696093750e+1,-9.600000000e-1,-2.700781250e+0,
-6.400000000e+1,-8.400000000e-1,-2.800781250e+0,
-6.704687500e+1,-8.806250000e-1,-2.700000000e+0,
-6.798437500e+1,-8.396875000e-1,-2.801562500e+0,
-6.298437500e+1,-8.000000000e-1,-2.400000000e+0,
-6.400000000e+1,-7.996875000e-1,-2.700781250e+0,
-6.201562500e+1,-7.181250000e-1,-2.600781250e+0,
-6.700000000e+1,-8.790625000e-1,-2.700000000e+0,
-6.600000000e+1,-8.390625000e-1,-2.500000000e+0,
-6.199218750e+1,-8.003125000e-1,-2.697656250e+0,
-6.300000000e+1,-8.000000000e-1,-2.700000000e+0,
-6.403125000e+1,-8.000000000e-1,-2.600000000e+0,
-6.200781250e+1,-7.996875000e-1,-2.503125000e+0,
-6.600000000e+1,-8.003125000e-1,-2.400000000e+0,
-6.196875000e+1,-7.196875000e-1,-2.501562500e+0,
-6.405468750e+1,-7.209375000e-1,-2.500000000e+0,
-6.500781250e+1,-7.603125000e-1,-2.404687500e+0,
-6.398437500e+1,-7.593750000e-1,-2.803125000e+0,
-6.100000000e+1,-7.196875000e-1,-2.503125000e+0,
-6.300781250e+1,-7.209375000e-1,-2.101562500e+0,
-6.200781250e+1,-7.200000000e-1,-2.101562500e+0,
-6.200781250e+1,-7.996875000e-1,-2.400000000e+0,
-6.100000000e+1,-6.406250000e-1,-2.300000000e+0,
-6.203125000e+1,-6.800000000e-1,-2.401562500e+0,
-5.805468750e+1,-6.400000000e-1,-2.700781250e+0,
-5.808593750e+1,-6.387500000e-1,-2.400781250e+0,
-6.203906250e+1,-7.200000000e-1,-2.500781250e+0,
-6.098437500e+1,-6.800000000e-1,-2.201562500e+0,
-5.996875000e+1,-7.200000000e-1,-2.196093750e+0,
-5.798437500e+1,-6.800000000e-1,-2.400000000e+0,
-5.801562500e+1,-6.790625000e-1,-2.001562500e+0,
-5.799218750e+1,-5.603125000e-1,-1.998437500e+0,
-5.702343750e+1,-6.006250000e-1,-2.097656250e+0,
-5.695312500e+1,-6.006250000e-1,-2.200000000e+0,
-6.100000000e+1,-7.600000000e-1,-2.000781250e+0,
-5.801562500e+1,-5.596875000e-1,-2.100781250e+0,
-5.700000000e+1,-6.821875000e-1,-2.102343750e+0,
-5.700000000e+1,-6.387500000e-1,-2.300000000e+0,
-5.795312500e+1,-5.203125000e-1,-1.800000000e+0,
-6.000000000e+1,-5.584375000e-1,-2.096875000e+0,
-5.693750000e+1,-5.200000000e-1,-2.002343750e+0,
-5.400781250e+1,-4.400000000e-1,-1.900000000e+0,
-5.601562500e+1,-5.603125000e-1,-1.998437500e+0,
-5.700000000e+1,-5.193750000e-1,-1.601562500e+0,
-5.699218750e+1,-5.600000000e-1,-1.800000000e+0,
-5.400781250e+1,-5.984375000e-1,-1.800000000e+0,
-5.800000000e+1,-6.800000000e-1,-1.799218750e+0,
-5.400000000e+1,-6.006250000e-1,-1.800781250e+0,
-5.600000000e+1,-5.206250000e-1,-1.600000000e+0,
-5.500000000e+1,-4.390625000e-1,-1.499218750e+0,
-5.599218750e+1,-4.003125000e-1,-1.797656250e+0,
-5.200781250e+1,-4.800000000e-1,-1.800000000e+0,
-5.500000000e+1,-4.806250000e-1,-1.501562500e+0,
-5.200000000e+1,-4.009375000e-1,-1.697656250e+0,
-5.203906250e+1,-2.793750000e-1,-1.699218750e+0,
-5.498437500e+1,-6.040625000e-1,-1.600000000e+0,
-5.100000000e+1,-5.153125000e-1,-1.500000000e+0,
-5.401562500e+1,-3.193750000e-1,-1.400000000e+0,
-5.005468750e+1,-3.600000000e-1,-1.500000000e+0,
-5.002343750e+1,-2.800000000e-1,-1.600000000e+0,
-4.798437500e+1,-4.000000000e-1,-1.298437500e+0,
-5.099218750e+1,-4.003125000e-1,-1.700000000e+0,
-4.900781250e+1,-3.600000000e-1,-1.299218750e+0,
-5.098437500e+1,-3.196875000e-1,-1.497656250e+0,
-4.903906250e+1,-2.790625000e-1,-1.500000000e+0,
-5.001562500e+1,-3.993750000e-1,-1.502343750e+0,
-5.000000000e+1,-3.209375000e-1,-1.200000000e+0,
-4.900000000e+1,-3.200000000e-1,-1.400781250e+0,
-4.900781250e+1,-3.206250000e-1,-1.099218750e+0,
-5.100000000e+1,-4.006250000e-1,-1.200781250e+0,
-5.000000000e+1,-3.600000000e-1,-1.000000000e+0,
-5.100000000e+1,-2.809375000e-1,-1.300000000e+0,
-5.003906250e+1,-2.368750000e-1,-1.308593750e+0,
-4.800000000e+1,-3.596875000e-1,-1.000000000e+0,
-4.800781250e+1,-3.193750000e-1,-1.203125000e+0,
-4.600000000e+1,-3.206250000e-1,-1.200000000e+0,
-4.797656250e+1,-3.190625000e-1,-1.199218750e+0,
-4.800781250e+1,-2.387500000e-1,-1.001562500e+0,
-4.696875000e+1,-1.603125000e-1,-1.200000000e+0,
-4.397656250e+1,-1.603125000e-1,-8.000000000e-1,
-4.400781250e+1,-2.400000000e-1,-9.039062500e-1,
-4.502343750e+1,-1.600000000e-1,-1.099218750e+0,
-4.498437500e+1,-2.403125000e-1,-8.000000000e-1,
-4.100000000e+1,-2.000000000e-1,-9.015625000e-1,
-4.600000000e+1,-2.415625000e-1,-1.003125000e+0,
-4.599218750e+1,-3.215625000e-1,-1.200781250e+0,
-4.400781250e+1,-2.003125000e-1,-1.000000000e+0,
-4.400781250e+1,-2.809375000e-1,-9.992187500e-1,
-4.200000000e+1,-2.384375000e-1,-8.000000000e-1,
-4.599218750e+1,-1.600000000e-1,-1.000000000e+0,
-4.498437500e+1,-2.412500000e-1,-8.000000000e-1,
-4.900000000e+1,-2.803125000e-1,-8.992187500e-1,
-4.702343750e+1,-2.025000000e-1,-7.992187500e-1,
-4.298437500e+1,-3.968750000e-2,-7.015625000e-1,
-4.302343750e+1,-1.237500000e-1,-9.007812500e-1,
-4.199218750e+1,-2.396875000e-1,-7.992187500e-1,
-4.000781250e+1,-7.750000000e-2,-6.984375000e-1,
-4.100000000e+1,-8.156250000e-2,-6.007812500e-1,
-4.400781250e+1,-1.596875000e-1,-6.000000000e-1,
-4.201562500e+1,-1.196875000e-1,-6.000000000e-1,
-4.100000000e+1,-4.000000000e-2,-6.000000000e-1,
-4.199218750e+1,-8.031250000e-2,-7.000000000e-1,
-4.300000000e+1,-8.000000000e-2,-4.992187500e-1,
-4.106250000e+1,-1.200000000e-1,-4.000000000e-1,
-3.702343750e+1,-8.000000000e-2,-6.000000000e-1,
-3.906250000e+1,-1.243750000e-1,-6.976562500e-1,
-4.200781250e+1,4.000000000e-2,-6.976562500e-1,
-4.099218750e+1,-1.206250000e-1,-1.562500000e-3,
-4.099218750e+1,3.125000000e-4,-4.039062500e-1,
-3.897656250e+1,-4.125000000e-2,-1.992187500e-1,
-3.800000000e+1,-8.062500000e-2,-2.000000000e-1,
-3.798437500e+1,-4.312500000e-2,-1.992187500e-1,
-3.997656250e+1,1.200000000e-1,-4.007812500e-1,
-4.000781250e+1,3.875000000e-2,-4.000000000e-1,
-3.900781250e+1,-3.125000000e-4,-4.007812500e-1,
-3.801562500e+1,-2.187500000e-3,-3.984375000e-1,
-3.599218750e+1,-1.212500000e-1,-1.992187500e-1,
-3.702343750e+1,-4.000000000e-2,-2.000000000e-1,
-3.397656250e+1,3.843750000e-2,-3.992187500e-1,
-3.501562500e+1,3.906250000e-2,1.000000000e-1,
-3.698437500e+1,-4.000000000e-2,-2.015625000e-1,
-3.400000000e+1,4.000000000e-2,-2.000000000e-1,
-3.698437500e+1,1.603125000e-1,-2.015625000e-1,
-3.800000000e+1,1.600000000e-1,9.843750000e-2,
-3.700000000e+1,8.062500000e-2,1.968750000e-1,
-3.600000000e+1,7.875000000e-2,-1.000000000e-1,
-3.800000000e+1,1.593750000e-1,1.976562500e-1,
-3.600781250e+1,1.206250000e-1,1.000000000e-1,
-3.599218750e+1,-1.562500000e-3,0.000000000e+0,
-3.500781250e+1,-4.000000000e-2,-1.562500000e-3,
-3.396875000e+1,2.390625000e-1,1.000000000e-1,
-3.601562500e+1,2.053125000e-1,-7.812500000e-4,
-3.000000000e+1,-6.250000000e-4,2.000000000e-1,
-3.403906250e+1,8.000000000e-2,3.031250000e-1,
-3.296093750e+1,7.812500000e-2,4.984375000e-1,
-3.203906250e+1,4.062500000e-2,9.609375000e-2,
-3.598437500e+1,1.206250000e-1,1.039062500e-1,
-3.000781250e+1,1.596875000e-1,4.007812500e-1,
-3.399218750e+1,1.581250000e-1,4.007812500e-1,
-3.201562500e+1,2.003125000e-1,4.015625000e-1,
-3.101562500e+1,1.600000000e-1,3.015625000e-1,
-2.999218750e+1,2.403125000e-1,6.000000000e-1,
-3.100000000e+1,2.400000000e-1,3.000000000e-1,
-3.001562500e+1,2.400000000e-1,6.000000000e-1,
-3.102343750e+1,2.406250000e-1,4.015625000e-1,
-3.098437500e+1,1.603125000e-1,5.007812500e-1,
-3.000781250e+1,1.596875000e-1,4.015625000e-1,
-2.997656250e+1,1.209375000e-1,8.992187500e-1,
-2.802343750e+1,3.200000000e-1,5.000000000e-1,
-3.102343750e+1,2.393750000e-1,6.023437500e-1,
-2.898437500e+1,2.009375000e-1,7.000000000e-1,
-2.801562500e+1,3.181250000e-1,6.023437500e-1,
-2.699218750e+1,2.800000000e-1,4.992187500e-1,
-2.896093750e+1,2.806250000e-1,4.000000000e-1,
-3.002343750e+1,3.600000000e-1,2.000000000e-1,
-2.700000000e+1,3.196875000e-1,7.046875000e-1,
-2.901562500e+1,3.609375000e-1,6.992187500e-1,
-2.600000000e+1,3.600000000e-1,6.007812500e-1,
-2.902343750e+1,2.406250000e-1,6.007812500e-1,
-2.800000000e+1,2.403125000e-1,8.000000000e-1,
-2.696875000e+1,3.212500000e-1,8.000000000e-1,
-2.300000000e+1,4.400000000e-1,9.000000000e-1,
-2.700000000e+1,2.790625000e-1,7.984375000e-1,
-2.500000000e+1,3.600000000e-1,6.000000000e-1,
-2.602343750e+1,3.206250000e-1,7.984375000e-1,
-2.600781250e+1,3.596875000e-1,9.007812500e-1,
-2.400781250e+1,3.600000000e-1,9.992187500e-1,
-2.500781250e+1,4.400000000e-1,1.000000000e+0,
-2.600781250e+1,3.593750000e-1,9.000000000e-1,
-2.401562500e+1,3.603125000e-1,1.100000000e+0,
-2.199218750e+1,3.606250000e-1,8.007812500e-1,
-2.400000000e+1,3.559375000e-1,9.929687500e-1,
-2.400000000e+1,5.221875000e-1,1.000000000e+0,
-2.398437500e+1,5.590625000e-1,9.007812500e-1,
-2.300000000e+1,3.978125000e-1,1.200781250e+0,
-2.503125000e+1,3.612500000e-1,9.992187500e-1,
-2.698437500e+1,4.406250000e-1,1.200000000e+0,
-2.100000000e+1,5.190625000e-1,9.992187500e-1,
-2.100000000e+1,5.596875000e-1,1.100000000e+0,
-2.200000000e+1,5.200000000e-1,9.992187500e-1,
-2.300781250e+1,5.200000000e-1,1.200781250e+0,
-2.005468750e+1,5.206250000e-1,1.100000000e+0,
-1.896093750e+1,5.593750000e-1,9.992187500e-1,
-2.297656250e+1,4.003125000e-1,1.300000000e+0,
-2.092187500e+1,4.778125000e-1,1.200781250e+0,
-1.799218750e+1,4.800000000e-1,1.000781250e+0,
-2.006250000e+1,4.796875000e-1,1.002343750e+0,
-2.199218750e+1,5.184375000e-1,1.701562500e+0,
-1.999218750e+1,3.596875000e-1,1.400781250e+0,
-2.101562500e+1,4.800000000e-1,1.500000000e+0,
-2.004687500e+1,4.400000000e-1,1.297656250e+0,
-1.799218750e+1,4.796875000e-1,1.700000000e+0,
-2.000000000e+1,5.206250000e-1,1.300000000e+0,
-1.900781250e+1,4.393750000e-1,1.601562500e+0,
-1.900000000e+1,5.221875000e-1,1.500000000e+0,
-1.800000000e+1,6.003125000e-1,1.700000000e+0,
-1.803125000e+1,6.000000000e-1,1.500000000e+0,
-1.600000000e+1,6.396875000e-1,1.497656250e+0,
-1.804687500e+1,6.000000000e-1,1.698437500e+0,
-1.900000000e+1,5.600000000e-1,1.796875000e+0,
-1.798437500e+1,6.012500000e-1,1.298437500e+0,
-1.600000000e+1,6.396875000e-1,1.497656250e+0,
-1.700781250e+1,5.200000000e-1,1.800000000e+0,
-1.700000000e+1,7.609375000e-1,1.699218750e+0,
-1.900000000e+1,7.650000000e-1,1.601562500e+0,
-1.500000000e+1,6.796875000e-1,1.500000000e+0,
-1.300000000e+1,7.606250000e-1,1.700000000e+0,
-1.601562500e+1,7.190625000e-1,1.503906250e+0,
-1.600000000e+1,6.400000000e-1,1.500000000e+0,
-1.601562500e+1,7.603125000e-1,1.900000000e+0,
-1.399218750e+1,6.046875000e-1,1.704687500e+0,
-1.401562500e+1,5.587500000e-1,1.800000000e+0,
-1.602343750e+1,7.203125000e-1,1.998437500e+0,
-1.596875000e+1,6.793750000e-1,1.699218750e+0,
-1.398437500e+1,7.609375000e-1,1.804687500e+0,
-1.399218750e+1,8.412500000e-1,2.000781250e+0,
-1.200000000e+1,7.971875000e-1,1.900000000e+0,
-1.401562500e+1,6.015625000e-1,1.900000000e+0,
-1.501562500e+1,7.200000000e-1,1.898437500e+0,
-1.004687500e+1,7.993750000e-1,1.600000000e+0,
-7.992187500e+0,7.200000000e-1,1.898437500e+0,
-1.194531250e+1,7.596875000e-1,1.898437500e+0,
-1.203125000e+1,7.993750000e-1,1.599218750e+0,
-1.100781250e+1,6.400000000e-1,2.197656250e+0,
-1.306250000e+1,7.968750000e-1,1.997656250e+0,
-1.396875000e+1,8.000000000e-1,2.199218750e+0,
-7.929687500e+0,8.003125000e-1,2.202343750e+0,
-9.070312500e+0,7.200000000e-1,2.000000000e+0,
-1.100781250e+1,7.609375000e-1,2.099218750e+0,
-8.953125000e+0,8.393750000e-1,2.197656250e+0,
-7.000000000e+0,8.790625000e-1,2.301562500e+0,
-8.968750000e+0,8.393750000e-1,2.100000000e+0,
-1.000000000e+1,7.600000000e-1,2.198437500e+0,
-1.000781250e+1,8.803125000e-1,2.398437500e+0,
-9.015625000e+0,8.390625000e-1,2.200000000e+0,
-8.015625000e+0,8.806250000e-1,2.400000000e+0,
-7.000000000e+0,9.596875000e-1,2.100000000e+0,
-8.023437500e+0,9.218750000e-1,2.499218750e+0,
-7.984375000e+0,8.800000000e-1,2.103125000e+0,
-6.000000000e+0,8.400000000e-1,2.300000000e+0,
-6.000000000e+0,8.800000000e-1,2.498437500e+0,
-5.000000000e+0,8.800000000e-1,2.202343750e+0,
-7.015625000e+0,8.806250000e-1,2.300000000e+0,
-7.992187500e+0,7.993750000e-1,2.500781250e+0,
-5.000000000e+0,9.193750000e-1,2.498437500e+0,
-7.000000000e+0,8.803125000e-1,2.701562500e+0,
-5.000000000e+0,9.596875000e-1,2.400000000e+0,
-8.000000000e+0,9.587500000e-1,2.699218750e+0,
-6.992187500e+0,9.203125000e-1,2.603125000e+0,
-5.000000000e+0,1.040000000e+0,2.500000000e+0,
-8.000000000e+0,9.209375000e-1,2.798437500e+0,
-5.000000000e+0,1.000000000e+0,2.601562500e+0,
-4.007812500e+0,9.200000000e-1,2.700000000e+0,
-4.007812500e+0,1.000937500e+0,2.701562500e+0,
-4.000000000e+0,9.578125000e-1,2.900000000e+0,
-2.992187500e+0,9.206250000e-1,2.600000000e+0,
-2.992187500e+0,1.120000000e+0,3.000000000e+0,
-3.968750000e+0,1.120625000e+0,2.800000000e+0,
-5.015625000e+0,9.600000000e-1,2.898437500e+0,
-3.023437500e+0,1.040000000e+0,2.900000000e+0,
-3.976562500e+0,9.600000000e-1,2.899218750e+0,
-4.023437500e+0,1.080312500e+0,2.799218750e+0,
-3.062500000e+0,1.040625000e+0,3.000000000e+0,
-1.007812500e+0,1.077812500e+0,3.001562500e+0,
-2.000000000e+0,1.120312500e+0,2.899218750e+0,
-1.007812500e+0,1.080000000e+0,3.000000000e+0,
-3.000000000e+0,1.120312500e+0,2.798437500e+0,
3.125000000e-2,1.119375000e+0,2.898437500e+0,
-1.562500000e-2,1.080000000e+0,3.100000000e+0,
-3.000000000e+0,1.119375000e+0,3.100000000e+0,
1.968750000e+0,1.121562500e+0,3.112500000e+0,
-1.960937500e+0,1.080000000e+0,2.600000000e+0,
-3.000000000e+0,1.120937500e+0,3.203906250e+0,
-2.000000000e+0,1.199375000e+0,2.895312500e+0,
-1.039062500e+0,1.077187500e+0,3.000781250e+0,
2.000000000e+0,1.081562500e+0,3.200000000e+0,
-7.812500000e-3,1.199687500e+0,3.100000000e+0,
2.007812500e+0,1.119687500e+0,3.100000000e+0,
1.000000000e+0,1.120000000e+0,3.297656250e+0,
2.007812500e+0,1.080937500e+0,2.897656250e+0,
9.921875000e-1,1.200000000e+0,3.200000000e+0,
-7.812500000e-3,1.160000000e+0,3.397656250e+0,
2.000000000e+0,1.240625000e+0,3.098437500e+0,
0.000000000e+0,1.202812500e+0,3.299218750e+0,
1.992187500e+0,1.159062500e+0,3.300000000e+0,
9.921875000e-1,1.320937500e+0,3.600000000e+0,
3.000000000e+0,1.237500000e+0,3.301562500e+0,
1.000000000e+0,1.119687500e+0,3.200000000e+0,
1.976562500e+0,1.160937500e+0,3.300000000e+0,
3.000000000e+0,1.279375000e+0,3.294531250e+0,
3.007812500e+0,1.280937500e+0,3.700781250e+0,
1.000000000e+0,1.240312500e+0,3.496093750e+0,
4.031250000e+0,1.320625000e+0,3.500781250e+0,
6.000000000e+0,1.279375000e+0,3.701562500e+0,
5.000000000e+0,1.280312500e+0,3.696875000e+0,
6.000000000e+0,1.320312500e+0,3.500781250e+0,
5.992187500e+0,1.358437500e+0,3.398437500e+0,
4.000000000e+0,1.440312500e+0,3.600781250e+0,
4.968750000e+0,1.479375000e+0,3.600000000e+0,
7.000000000e+0,1.359375000e+0,3.500000000e+0,
3.968750000e+0,1.320000000e+0,3.601562500e+0,
9.960937500e+0,1.480937500e+0,3.900000000e+0,
6.085937500e+0,1.400000000e+0,3.600000000e+0,
4.031250000e+0,1.438125000e+0,3.699218750e+0,
8.031250000e+0,1.440000000e+0,3.700781250e+0,
8.000000000e+0,1.439687500e+0,4.000000000e+0,
1.000000000e+1,1.399687500e+0,3.696875000e+0,
9.000000000e+0,1.399375000e+0,3.801562500e+0,
1.101562500e+1,1.401562500e+0,4.098437500e+0,
1.102343750e+1,1.600000000e+0,4.200781250e+0,
9.976562500e+0,1.400000000e+0,3.797656250e+0,
1.200000000e+1,1.521875000e+0,3.800000000e+0,
1.000000000e+1,1.599687500e+0,3.901562500e+0,
1.097656250e+1,1.480937500e+0,4.202343750e+0,
1.201562500e+1,1.600625000e+0,4.200000000e+0,
1.096093750e+1,1.480000000e+0,4.200000000e+0,
1.502343750e+1,1.555937500e+0,4.199218750e+0,
1.400000000e+1,1.640000000e+0,4.100000000e+0,
1.502343750e+1,1.639687500e+0,4.200000000e+0,
1.700000000e+1,1.600000000e+0,4.099218750e+0,
1.501562500e+1,1.520000000e+0,4.397656250e+0,
1.200000000e+1,1.640000000e+0,4.699218750e+0,
1.700000000e+1,1.720312500e+0,4.595312500e+0,
1.300781250e+1,1.640937500e+0,4.300000000e+0,
1.498437500e+1,1.600312500e+0,4.796875000e+0,
1.697656250e+1,1.559687500e+0,4.700000000e+0,
1.999218750e+1,1.639687500e+0,4.700000000e+0,
1.900781250e+1,1.600000000e+0,4.700781250e+0,
1.698437500e+1,1.719687500e+0,4.599218750e+0,
1.999218750e+1,1.641562500e+0,4.796875000e+0,
1.800000000e+1,1.680000000e+0,4.800000000e+0,
1.900781250e+1,1.680000000e+0,4.703125000e+0,
2.102343750e+1,1.600937500e+0,4.995312500e+0,
2.296093750e+1,1.721875000e+0,4.498437500e+0,
1.900781250e+1,1.719687500e+0,4.905468750e+0,
2.399218750e+1,1.800312500e+0,4.896093750e+0,
2.000781250e+1,1.799687500e+0,4.699218750e+0,
2.197656250e+1,1.800312500e+0,4.999218750e+0,
2.505468750e+1,1.719687500e+0,5.000781250e+0,
1.900781250e+1,1.760312500e+0,5.299218750e+0,
2.490625000e+1,1.800000000e+0,5.101562500e+0,
2.409375000e+1,1.760000000e+0,5.200000000e+0,
2.200000000e+1,1.840312500e+0,5.199218750e+0,
2.404687500e+1,1.759375000e+0,5.203125000e+0,
2.497656250e+1,1.880000000e+0,4.900781250e+0,
2.402343750e+1,1.799375000e+0,5.398437500e+0,
2.699218750e+1,1.800000000e+0,5.200000000e+0,
2.398437500e+1,1.760312500e+0,5.201562500e+0,
2.600000000e+1,1.879687500e+0,5.399218750e+0,
2.498437500e+1,1.725000000e+0,5.405468750e+0,
2.796875000e+1,1.759062500e+0,5.100000000e+0,
2.705468750e+1,1.919687500e+0,5.400000000e+0,
2.398437500e+1,1.799375000e+0,5.200000000e+0,
2.796093750e+1,1.880312500e+0,5.301562500e+0,
2.702343750e+1,1.840000000e+0,5.300000000e+0,
2.700781250e+1,1.880312500e+0,5.300000000e+0,
2.699218750e+1,1.760000000e+0,5.199218750e+0,
2.600000000e+1,1.920625000e+0,5.200000000e+0,
2.700781250e+1,1.920000000e+0,5.200000000e+0,
2.699218750e+1,1.960000000e+0,5.600781250e+0,
2.600000000e+1,1.799687500e+0,5.399218750e+0,
2.700000000e+1,1.920000000e+0,5.400000000e+0,
2.597656250e+1,1.880625000e+0,5.299218750e+0,
2.499218750e+1,1.920000000e+0,5.600000000e+0,
2.798437500e+1,1.840000000e+0,5.301562500e+0,
2.799218750e+1,1.839375000e+0,5.399218750e+0,
2.600781250e+1,1.999375000e+0,5.400000000e+0,
2.599218750e+1,1.839687500e+0,5.400000000e+0,
2.701562500e+1,1.998750000e+0,5.599218750e+0,
2.500000000e+1,1.926250000e+0,5.505468750e+0,
2.900000000e+1,1.880937500e+0,5.399218750e+0,
2.797656250e+1,1.959687500e+0,5.599218750e+0,
2.800781250e+1,1.879062500e+0,5.296093750e+0,
2.798437500e+1,1.964062500e+0,5.400000000e+0,
2.700781250e+1,2.080312500e+0,5.400000000e+0,
3.000000000e+1,2.080937500e+0,5.800000000e+0,
3.200000000e+1,2.000000000e+0,5.500000000e+0,
2.900000000e+1,2.000312500e+0,5.698437500e+0,
2.798437500e+1,1.920000000e+0,5.899218750e+0,
3.195312500e+1,1.960000000e+0,5.700000000e+0,
3.106250000e+1,1.960312500e+0,5.700000000e+0,
2.699218750e+1,2.040625000e+0,5.700000000e+0,
3.003906250e+1,1.919375000e+0,5.700000000e+0,
2.897656250e+1,2.039687500e+0,5.600000000e+0,
2.796875000e+1,1.959687500e+0,5.699218750e+0,
2.706250000e+1,2.122500000e+0,5.500781250e+0,
3.201562500e+1,2.159062500e+0,5.898437500e+0,
2.895312500e+1,2.000000000e+0,5.800000000e+0,
2.994531250e+1,1.959687500e+0,5.800000000e+0,
3.200781250e+1,2.079062500e+0,5.700000000e+0,
3.000000000e+1,2.160625000e+0,5.700000000e+0,
3.198437500e+1,2.120000000e+0,5.900781250e+0,
3.101562500e+1,2.200625000e+0,6.000000000e+0,
3.098437500e+1,2.159687500e+0,6.000000000e+0,
3.294531250e+1,2.120000000e+0,6.000000000e+0,
3.397656250e+1,2.160937500e+0,6.200000000e+0,
3.196875000e+1,2.040000000e+0,6.000781250e+0,
3.202343750e+1,2.120000000e+0,6.000781250e+0,
3.297656250e+1,2.120312500e+0,5.999218750e+0,
3.100781250e+1,2.200312500e+0,5.898437500e+0,
3.501562500e+1,2.200000000e+0,6.303125000e+0,
3.500000000e+1,2.199687500e+0,6.399218750e+0,
3.399218750e+1,2.120000000e+0,6.103906250e+0,
3.400000000e+1,2.199375000e+0,6.000000000e+0,
3.500000000e+1,2.199687500e+0,6.100000000e+0,
3.499218750e+1,2.200000000e+0,6.299218750e+0,
3.400000000e+1,2.200000000e+0,6.300000000e+0,
3.699218750e+1,2.200312500e+0,6.400000000e+0,
3.500000000e+1,2.279687500e+0,6.302343750e+0,
3.701562500e+1,2.240000000e+0,6.200000000e+0,
3.699218750e+1,2.320625000e+0,6.201562500e+0,
3.698437500e+1,2.277812500e+0,6.500781250e+0,
3.600000000e+1,2.200312500e+0,6.494531250e+0,
3.700000000e+1,2.280937500e+0,6.198437500e+0,
3.600000000e+1,2.239062500e+0,6.398437500e+0,
3.900781250e+1,2.239687500e+0,6.500000000e+0,
3.800781250e+1,2.280000000e+0,6.400000000e+0,
3.696093750e+1,2.399062500e+0,6.499218750e+0,
4.199218750e+1,2.240000000e+0,6.500000000e+0,
3.806250000e+1,2.399687500e+0,6.499218750e+0,
3.895312500e+1,2.319687500e+0,6.400000000e+0,
4.094531250e+1,2.319375000e+0,6.698437500e+0,
3.903125000e+1,2.359062500e+0,6.800000000e+0,
4.300000000e+1,2.400000000e+0,6.900000000e+0,
3.896093750e+1,2.360312500e+0,6.702343750e+0,
4.102343750e+1,2.320000000e+0,6.600000000e+0,
3.999218750e+1,2.199062500e+0,6.600000000e+0,
4.099218750e+1,2.278750000e+0,6.598437500e+0,
4.000000000e+1,2.478437500e+0,6.796875000e+0,
4.198437500e+1,2.359375000e+0,6.900000000e+0,
4.199218750e+1,2.360000000e+0,6.800000000e+0,
4.300000000e+1,2.440000000e+0,6.895312500e+0,
4.100781250e+1,2.360937500e+0,6.399218750e+0,
4.199218750e+1,2.479062500e+0,6.800000000e+0,
4.196875000e+1,2.240000000e+0,6.800000000e+0,
4.502343750e+1,2.436250000e+0,6.700000000e+0,
4.500000000e+1,2.320000000e+0,6.897656250e+0,
4.497656250e+1,2.359375000e+0,7.100000000e+0,
4.200000000e+1,2.439687500e+0,7.100000000e+0,
4.500000000e+1,2.320312500e+0,7.002343750e+0,
4.499218750e+1,2.479375000e+0,6.600000000e+0,
4.299218750e+1,2.361875000e+0,6.800000000e+0,
4.400000000e+1,2.360000000e+0,6.701562500e+0,
4.400000000e+1,2.319687500e+0,6.699218750e+0,
4.300000000e+1,2.399687500e+0,6.900000000e+0,
4.300000000e+1,2.399375000e+0,6.999218750e+0,
4.500000000e+1,2.400312500e+0,6.997656250e+0,
4.300000000e+1,2.480000000e+0,7.300000000e+0,
4.499218750e+1,2.401875000e+0,7.003906250e+0,
4.400000000e+1,2.400000000e+0,7.000000000e+0,
4.400781250e+1,2.399687500e+0,6.900781250e+0,
4.601562500e+1,2.437500000e+0,7.202343750e+0,
4.597656250e+1,2.281250000e+0,7.200000000e+0,
4.400000000e+1,2.520312500e+0,6.900000000e+0,
4.597656250e+1,2.360000000e+0,7.100000000e+0,
4.503906250e+1,2.399375000e+0,6.900000000e+0,
4.398437500e+1,2.520000000e+0,7.096093750e+0,
4.596875000e+1,2.480312500e+0,7.200000000e+0,
4.505468750e+1,2.400312500e+0,7.099218750e+0,
4.396875000e+1,2.480000000e+0,6.997656250e+0,
4.596875000e+1,2.439687500e+0,7.300000000e+0,
4.600000000e+1,2.519062500e+0,7.000000000e+0,
4.599218750e+1,2.440937500e+0,7.297656250e+0,
4.399218750e+1,2.399375000e+0,7.100781250e+0,
4.500000000e+1,2.480000000e+0,7.099218750e+0,
4.495312500e+1,2.440000000e+0,6.999218750e+0,
4.000000000e+1,2.520000000e+0,7.200000000e+0,
4.600000000e+1,2.480312500e+0,7.000000000e+0,
4.602343750e+1,2.517812500e+0,6.992187500e+0,
4.600000000e+1,2.559687500e+0,7.200000000e+0,
4.600000000e+1,2.559062500e+0,6.796093750e+0,
4.600000000e+1,2.438750000e+0,7.006250000e+0,
4.599218750e+1,2.480312500e+0,7.400781250e+0,
4.601562500e+1,2.439687500e+0,7.296875000e+0,
4.500000000e+1,2.479687500e+0,7.100000000e+0,
4.703125000e+1,2.480312500e+0,7.200000000e+0,
4.799218750e+1,2.560000000e+0,7.001562500e+0,
4.599218750e+1,2.557812500e+0,7.399218750e+0,
4.700000000e+1,2.399062500e+0,7.000000000e+0,
4.600000000e+1,2.400000000e+0,7.302343750e+0,
4.600000000e+1,2.480625000e+0,7.196093750e+0,
4.497656250e+1,2.482500000e+0,7.098437500e+0,
4.000000000e+1,2.438750000e+0,7.300000000e+0,
4.497656250e+1,2.600000000e+0,7.200000000e+0,
4.600000000e+1,2.396875000e+0,7.300000000e+0,
4.700000000e+1,2.400937500e+0,7.099218750e+0,
4.496875000e+1,2.640625000e+0,7.500000000e+0,
4.900000000e+1,2.520625000e+0,7.200781250e+0,
4.501562500e+1,2.440000000e+0,7.399218750e+0,
4.500781250e+1,2.480625000e+0,7.001562500e+0,
4.700000000e+1,2.519375000e+0,7.500000000e+0,
4.499218750e+1,2.480625000e+0,6.997656250e+0,
4.499218750e+1,2.600312500e+0,7.200781250e+0,
4.700000000e+1,2.477500000e+0,6.999218750e+0,
4.500000000e+1,2.436562500e+0,7.296875000e+0,
4.800000000e+1,2.600625000e+0,7.399218750e+0,
4.499218750e+1,2.640000000e+0,7.200000000e+0,
4.899218750e+1,2.639375000e+0,7.300000000e+0,
4.603125000e+1,2.520000000e+0,7.400000000e+0,
4.698437500e+1,2.600312500e+0,7.400000000e+0,
4.698437500e+1,2.520000000e+0,7.000000000e+0,
4.798437500e+1,2.558437500e+0,7.097656250e+0,
4.599218750e+1,2.520000000e+0,7.301562500e+0,
4.700781250e+1,2.440000000e+0,7.499218750e+0,
4.598437500e+1,2.520312500e+0,7.400000000e+0,
4.600000000e+1,2.519062500e+0,7.600000000e+0,
4.600781250e+1,2.520937500e+0,7.401562500e+0,
4.700000000e+1,2.640000000e+0,7.200000000e+0,
4.601562500e+1,2.520000000e+0,7.400000000e+0,
4.600000000e+1,2.601250000e+0,7.099218750e+0,
4.598437500e+1,2.639687500e+0,7.201562500e+0,
4.898437500e+1,2.560625000e+0,7.197656250e+0,
4.900781250e+1,2.598125000e+0,7.200781250e+0,
4.803906250e+1,2.480000000e+0,7.400000000e+0,
4.600000000e+1,2.677500000e+0,7.200781250e+0,
4.800781250e+1,2.599375000e+0,7.600000000e+0,
4.800781250e+1,2.599375000e+0,7.199218750e+0,
4.899218750e+1,2.480000000e+0,7.400000000e+0,
4.600781250e+1,2.640312500e+0,7.199218750e+0,
4.700000000e+1,2.440000000e+0,7.499218750e+0,
4.800000000e+1,2.439687500e+0,7.396875000e+0,
4.700781250e+1,2.477812500e+0,7.200000000e+0,
4.600000000e+1,2.678437500e+0,7.298437500e+0,
4.700000000e+1,2.640937500e+0,7.300000000e+0,
4.498437500e+1,2.400000000e+0,7.299218750e+0,
4.899218750e+1,2.560000000e+0,7.399218750e+0,
4.601562500e+1,2.479687500e+0,7.300781250e+0,
4.799218750e+1,2.595625000e+0,7.098437500e+0,
4.800000000e+1,2.599375000e+0,7.400000000e+0,
4.697656250e+1,2.440000000e+0,7.500000000e+0,
4.602343750e+1,2.640312500e+0,7.392968750e+0,
5.000000000e+1,2.479062500e+0,7.100000000e+0,
4.699218750e+1,2.600000000e+0,7.402343750e+0,
4.900000000e+1,2.520312500e+0,7.400000000e+0,
4.599218750e+1,2.716250000e+0,7.598437500e+0,
4.997656250e+1,2.640937500e+0,7.501562500e+0,
5.104687500e+1,2.640312500e+0,7.399218750e+0,
4.700781250e+1,2.639687500e+0,7.399218750e+0,
4.898437500e+1,2.599687500e+0,7.598437500e+0,
4.706250000e+1,2.720000000e+0,7.600000000e+0,
4.805468750e+1,2.641562500e+0,7.402343750e+0,
4.996093750e+1,2.560000000e+0,7.299218750e+0,
4.597656250e+1,2.560000000e+0,7.400000000e+0,
4.804687500e+1,2.560625000e+0,7.400000000e+0,
4.896093750e+1,2.640000000e+0,7.400000000e+0,
4.701562500e+1,2.559687500e+0,7.200000000e+0,
5.101562500e+1,2.561562500e+0,7.498437500e+0,
4.903125000e+1,2.680312500e+0,7.603125000e+0,
4.800000000e+1,2.600000000e+0,7.298437500e+0,
4.703125000e+1,2.640312500e+0,7.300000000e+0,
4.596875000e+1,2.599687500e+0,7.100000000e+0,
5.096875000e+1,2.599687500e+0,7.501562500e+0,
4.903906250e+1,2.560625000e+0,7.299218750e+0,
4.900781250e+1,2.640000000e+0,7.396875000e+0,
4.900000000e+1,2.520625000e+0,7.499218750e+0,
4.797656250e+1,2.560312500e+0,7.200000000e+0,
4.600781250e+1,2.599375000e+0,7.400000000e+0,
4.900781250e+1,2.560000000e+0,7.400000000e+0,
4.800000000e+1,2.679687500e+0,7.399218750e+0,
4.899218750e+1,2.520000000e+0,7.300000000e+0,
4.696875000e+1,2.556562500e+0,7.599218750e+0,
4.499218750e+1,2.600000000e+0,7.400000000e+0,
4.799218750e+1,2.520000000e+0,7.699218750e+0,
4.698437500e+1,2.639375000e+0,7.301562500e+0,
4.499218750e+1,2.679062500e+0,7.200000000e+0,
4.898437500e+1,2.559062500e+0,7.400000000e+0,
4.802343750e+1,2.559375000e+0,7.396093750e+0,
4.800000000e+1,2.525000000e+0,7.903125000e+0,
4.900000000e+1,2.482187500e+0,7.300781250e+0,
4.903125000e+1,2.720625000e+0,7.700000000e+0,
5.097656250e+1,2.597812500e+0,7.392187500e+0,
4.599218750e+1,2.603125000e+0,7.402343750e+0,
4.900781250e+1,2.680000000e+0,7.400000000e+0,
4.900000000e+1,2.640312500e+0,7.100781250e+0,
4.900000000e+1,2.680937500e+0,7.600000000e+0,
4.800000000e+1,2.680625000e+0,7.300000000e+0,
4.899218750e+1,2.520000000e+0,7.605468750e+0,
5.002343750e+1,2.519687500e+0,7.900000000e+0,
4.700781250e+1,2.520625000e+0,7.402343750e+0,
4.897656250e+1,2.720312500e+0,7.300000000e+0,
4.796093750e+1,2.522500000e+0,7.500781250e+0,
4.701562500e+1,2.639375000e+0,7.100781250e+0,
4.900781250e+1,2.640312500e+0,7.303125000e+0,
4.799218750e+1,2.520312500e+0,7.900781250e+0,
4.901562500e+1,2.639687500e+0,7.600781250e+0,
4.897656250e+1,2.520000000e+0,7.600000000e+0,
4.703125000e+1,2.679375000e+0,7.498437500e+0,
4.696875000e+1,2.680000000e+0,7.600781250e+0,
4.899218750e+1,2.640000000e+0,7.200000000e+0,
4.901562500e+1,2.640000000e+0,7.302343750e+0,
4.800000000e+1,2.640000000e+0,7.500781250e+0,
4.898437500e+1,2.639687500e+0,7.500000000e+0,
4.899218750e+1,2.600312500e+0,7.700000000e+0,
4.896875000e+1,2.718437500e+0,7.698437500e+0,
4.697656250e+1,2.680000000e+0,7.800781250e+0,
4.804687500e+1,2.600000000e+0,7.499218750e+0,
4.996093750e+1,2.601562500e+0,7.600000000e+0,
4.500000000e+1,2.679687500e+0,7.500000000e+0,
5.100781250e+1,2.520000000e+0,7.501562500e+0,
4.800000000e+1,2.680937500e+0,7.599218750e+0,
4.802343750e+1,2.761562500e+0,7.401562500e+0,
4.900000000e+1,2.680625000e+0,7.400000000e+0,
4.600000000e+1,2.640000000e+0,7.400000000e+0,
4.601562500e+1,2.640000000e+0,7.500000000e+0,
5.100000000e+1,2.680000000e+0,7.400000000e+0,
4.803906250e+1,2.680312500e+0,7.400000000e+0,
4.900781250e+1,2.681562500e+0,7.304687500e+0,
5.100000000e+1,2.560625000e+0,7.300000000e+0,
4.998437500e+1,2.600937500e+0,7.700000000e+0,
4.894531250e+1,2.680312500e+0,7.399218750e+0,
4.705468750e+1,2.639375000e+0,7.503125000e+0,
5.200000000e+1,2.599687500e+0,7.600000000e+0,
4.700000000e+1,2.600000000e+0,7.599218750e+0,
5.198437500e+1,2.600000000e+0,7.700000000e+0,
4.301562500e+1,2.600000000e+0,7.499218750e+0,
4.692187500e+1,2.600000000e+0,7.600000000e+0,
5.099218750e+1,2.639687500e+0,7.300781250e+0,
4.803906250e+1,2.679687500e+0,7.400000000e+0,
4.800000000e+1,2.679375000e+0,7.299218750e+0,
4.592968750e+1,2.521250000e+0,7.500000000e+0,
4.500781250e+1,2.595625000e+0,7.299218750e+0,
4.597656250e+1,2.719687500e+0,7.499218750e+0,
4.507031250e+1,2.640000000e+0,7.401562500e+0,
5.102343750e+1,2.720000000e+0,7.400000000e+0,
4.695312500e+1,2.678125000e+0,7.399218750e+0,
4.802343750e+1,2.560312500e+0,7.499218750e+0,
4.800781250e+1,2.597812500e+0,7.500000000e+0,
4.799218750e+1,2.599687500e+0,7.500000000e+0,
4.899218750e+1,2.520000000e+0,7.400000000e+0,
4.900781250e+1,2.560625000e+0,7.497656250e+0,
4.701562500e+1,2.680937500e+0,7.198437500e+0,
4.796875000e+1,2.639062500e+0,7.400000000e+0,
4.997656250e+1,2.560312500e+0,7.500000000e+0,
4.997656250e+1,2.565000000e+0,7.400000000e+0,
4.900000000e+1,2.440000000e+0,7.500000000e+0,
5.002343750e+1,2.679375000e+0,7.400000000e+0,
4.998437500e+1,2.560312500e+0,7.501562500e+0,
4.600000000e+1,2.760625000e+0,7.600000000e+0,
5.000000000e+1,2.601250000e+0,7.500000000e+0,
4.598437500e+1,2.599375000e+0,7.400000000e+0,
4.701562500e+1,2.561562500e+0,7.600000000e+0,
5.000000000e+1,2.479062500e+0,7.302343750e+0,
4.800000000e+1,2.639687500e+0,7.300000000e+0,
4.800000000e+1,2.559062500e+0,7.499218750e+0,
4.699218750e+1,2.600000000e+0,7.500781250e+0,
4.700000000e+1,2.600000000e+0,7.700000000e+0,
4.699218750e+1,2.640000000e+0,7.905468750e+0,
4.800000000e+1,2.600000000e+0,7.303125000e+0,
4.900781250e+1,2.639687500e+0,7.403125000e+0,
5.000000000e+1,2.638750000e+0,7.601562500e+0,
4.898437500e+1,2.559375000e+0,7.700000000e+0,
4.699218750e+1,2.600312500e+0,7.398437500e+0,
4.699218750e+1,2.640000000e+0,7.500000000e+0,
4.699218750e+1,2.680000000e+0,7.600000000e+0,
4.701562500e+1,2.640000000e+0,7.700781250e+0,
4.598437500e+1,2.520312500e+0,7.500000000e+0,
4.794531250e+1,2.560625000e+0,7.400000000e+0,
4.803906250e+1,2.640312500e+0,7.501562500e+0,
4.792187500e+1,2.681562500e+0,7.200000000e+0,
4.997656250e+1,2.520312500e+0,7.494531250e+0,
4.499218750e+1,2.599687500e+0,7.802343750e+0,
4.800781250e+1,2.519687500e+0,7.301562500e+0,
4.699218750e+1,2.599062500e+0,7.300781250e+0,
4.601562500e+1,2.440000000e+0,7.298437500e+0,
4.900000000e+1,2.640000000e+0,7.600000000e+0,
4.700000000e+1,2.600000000e+0,7.400000000e+0,
4.800781250e+1,2.719375000e+0,7.300781250e+0,
4.600000000e+1,2.600625000e+0,7.300000000e+0,
4.799218750e+1,2.559687500e+0,7.398437500e+0,
4.801562500e+1,2.479062500e+0,7.302343750e+0,
4.698437500e+1,2.520937500e+0,7.600000000e+0,
4.800781250e+1,2.560937500e+0,7.297656250e+0,
4.496875000e+1,2.639687500e+0,7.400000000e+0,
4.500781250e+1,2.600000000e+0,7.500000000e+0,
4.601562500e+1,2.640000000e+0,7.698437500e+0,
4.899218750e+1,2.598437500e+0,7.298437500e+0,
4.800000000e+1,2.560312500e+0,7.400000000e+0,
5.000000000e+1,2.640000000e+0,7.298437500e+0,
4.700000000e+1,2.639687500e+0,7.403906250e+0,
4.600000000e+1,2.604062500e+0,7.601562500e+0,
4.700000000e+1,2.478750000e+0,7.300000000e+0,
4.600000000e+1,2.680000000e+0,7.501562500e+0,
4.700000000e+1,2.518750000e+0,7.701562500e+0,
4.401562500e+1,2.640312500e+0,7.001562500e+0,
4.300000000e+1,2.640312500e+0,7.203125000e+0,
4.400000000e+1,2.680625000e+0,7.796093750e+0,
4.699218750e+1,2.482187500e+0,7.497656250e+0,
4.600000000e+1,2.481250000e+0,7.202343750e+0,
4.700000000e+1,2.600625000e+0,7.499218750e+0,
4.700000000e+1,2.559687500e+0,7.096875000e+0,
4.800781250e+1,2.599062500e+0,7.205468750e+0,
4.500000000e+1,2.520937500e+0,7.400000000e+0,
4.600000000e+1,2.679687500e+0,7.201562500e+0,
4.500000000e+1,2.559375000e+0,7.300781250e+0,
4.499218750e+1,2.559687500e+0,7.400000000e+0,
4.500000000e+1,2.439687500e+0,7.100000000e+0,
4.396093750e+1,2.520000000e+0,7.100781250e+0,
4.798437500e+1,2.558750000e+0,7.400000000e+0,
4.505468750e+1,2.480000000e+0,7.200000000e+0,
4.401562500e+1,2.559687500e+0,7.400000000e+0,
4.603125000e+1,2.480000000e+0,7.200000000e+0,
4.698437500e+1,2.520312500e+0,7.398437500e+0,
4.498437500e+1,2.520000000e+0,7.498437500e+0,
4.499218750e+1,2.520000000e+0,7.198437500e+0,
4.400000000e+1,2.520000000e+0,7.099218750e+0,
4.498437500e+1,2.481875000e+0,7.298437500e+0,
4.501562500e+1,2.400000000e+0,7.396875000e+0,
4.400000000e+1,2.480937500e+0,6.999218750e+0,
4.399218750e+1,2.560000000e+0,7.200781250e+0,
4.598437500e+1,2.518125000e+0,7.103125000e+0,
4.603906250e+1,2.523125000e+0,7.399218750e+0,
4.396875000e+1,2.640000000e+0,6.900000000e+0,
4.803906250e+1,2.481250000e+0,7.002343750e+0,
4.597656250e+1,2.560312500e+0,7.500000000e+0,
4.202343750e+1,2.480000000e+0,7.198437500e+0,
4.801562500e+1,2.560000000e+0,7.203125000e+0,
4.601562500e+1,2.638437500e+0,7.500000000e+0,
4.300000000e+1,2.360000000e+0,7.201562500e+0,
4.700000000e+1,2.438437500e+0,7.000781250e+0,
4.400000000e+1,2.479375000e+0,7.200000000e+0,
4.600000000e+1,2.520312500e+0,7.200781250e+0,
4.400781250e+1,2.440000000e+0,7.200000000e+0,
4.396875000e+1,2.480312500e+0,7.200781250e+0,
4.799218750e+1,2.440000000e+0,7.000781250e+0,
4.603125000e+1,2.439375000e+0,7.000000000e+0,
4.400781250e+1,2.557812500e+0,7.006250000e+0,
4.400000000e+1,2.559375000e+0,6.600000000e+0,
4.400000000e+1,2.400000000e+0,7.106250000e+0,
4.501562500e+1,2.362187500e+0,7.196093750e+0,
4.597656250e+1,2.522187500e+0,7.099218750e+0,
4.300000000e+1,2.519062500e+0,7.100781250e+0,
4.500000000e+1,2.479375000e+0,7.098437500e+0,
4.299218750e+1,2.475312500e+0,6.997656250e+0,
4.698437500e+1,2.600000000e+0,7.200781250e+0,
4.606250000e+1,2.479062500e+0,6.898437500e+0,
4.200000000e+1,2.480000000e+0,7.098437500e+0,
4.495312500e+1,2.479687500e+0,7.200000000e+0,
4.406250000e+1,2.520000000e+0,7.200000000e+0,
4.196093750e+1,2.440625000e+0,7.198437500e+0,
4.101562500e+1,2.439375000e+0,7.203125000e+0,
4.300781250e+1,2.399687500e+0,6.800000000e+0,
4.300781250e+1,2.360625000e+0,7.199218750e+0,
4.398437500e+1,2.480000000e+0,7.000000000e+0,
4.197656250e+1,2.400312500e+0,6.999218750e+0,
4.201562500e+1,2.558750000e+0,6.899218750e+0,
4.300781250e+1,2.285625000e+0,7.098437500e+0,
4.100781250e+1,2.399062500e+0,6.999218750e+0,
4.197656250e+1,2.519375000e+0,7.000000000e+0,
4.201562500e+1,2.399062500e+0,6.900000000e+0,
4.000000000e+1,2.440312500e+0,7.200781250e+0,
4.195312500e+1,2.440312500e+0,6.999218750e+0,
4.298437500e+1,2.519375000e+0,7.101562500e+0,
4.200000000e+1,2.520937500e+0,6.700000000e+0,
4.300781250e+1,2.399687500e+0,7.100000000e+0,
4.197656250e+1,2.481562500e+0,7.000000000e+0,
4.100000000e+1,2.560000000e+0,7.200781250e+0,
4.300000000e+1,2.398125000e+0,7.299218750e+0,
4.199218750e+1,2.400000000e+0,7.000000000e+0,
4.099218750e+1,2.441562500e+0,6.800000000e+0,
4.099218750e+1,2.399687500e+0,7.001562500e+0,
4.199218750e+1,2.520000000e+0,7.200781250e+0,
4.200000000e+1,2.360625000e+0,6.900781250e+0,
4.199218750e+1,2.321250000e+0,6.898437500e+0,
4.400000000e+1,2.439687500e+0,6.600000000e+0,
4.202343750e+1,2.320000000e+0,6.896093750e+0,
3.900000000e+1,2.439687500e+0,6.910156250e+0,
3.900000000e+1,2.319062500e+0,6.599218750e+0,
4.202343750e+1,2.400625000e+0,6.999218750e+0,
4.200000000e+1,2.399687500e+0,6.496093750e+0,
4.199218750e+1,2.400000000e+0,6.903125000e+0,
3.899218750e+1,2.400000000e+0,6.800000000e+0,
4.100000000e+1,2.439687500e+0,6.800000000e+0,
4.100000000e+1,2.440000000e+0,6.900000000e+0,
4.000000000e+1,2.480000000e+0,6.499218750e+0,
4.099218750e+1,2.440000000e+0,7.102343750e+0,
4.200000000e+1,2.320312500e+0,6.800000000e+0,
4.100781250e+1,2.400000000e+0,6.900000000e+0,
4.001562500e+1,2.320625000e+0,6.800000000e+0,
3.699218750e+1,2.318437500e+0,6.700781250e+0,
3.900781250e+1,2.360000000e+0,6.600000000e+0,
3.799218750e+1,2.320000000e+0,6.701562500e+0,
4.003125000e+1,2.320625000e+0,7.000000000e+0,
3.999218750e+1,2.360000000e+0,6.700781250e+0,
3.896093750e+1,2.280000000e+0,6.800000000e+0,
3.696093750e+1,2.240000000e+0,6.800000000e+0,
4.096093750e+1,2.280000000e+0,6.800000000e+0,
3.900781250e+1,2.240625000e+0,6.700000000e+0,
3.797656250e+1,2.281562500e+0,6.498437500e+0,
4.098437500e+1,2.398437500e+0,6.500781250e+0,
4.003125000e+1,2.158750000e+0,6.800000000e+0,
3.900000000e+1,2.120625000e+0,6.800000000e+0,
4.004687500e+1,2.316250000e+0,6.501562500e+0,
4.199218750e+1,2.400000000e+0,6.599218750e+0,
3.998437500e+1,2.320000000e+0,6.700000000e+0,
3.998437500e+1,2.280312500e+0,6.700000000e+0,
3.800781250e+1,2.320000000e+0,6.700000000e+0,
4.200000000e+1,2.320000000e+0,6.599218750e+0,
3.800000000e+1,2.360312500e+0,6.600000000e+0,
3.900781250e+1,2.440000000e+0,6.600000000e+0,
3.700000000e+1,2.321562500e+0,6.600000000e+0,
3.700000000e+1,2.241562500e+0,6.600000000e+0,
3.500000000e+1,2.400000000e+0,6.598437500e+0,
3.700000000e+1,2.200000000e+0,6.600000000e+0,
3.801562500e+1,2.280937500e+0,6.300000000e+0,
3.599218750e+1,2.279375000e+0,6.493750000e+0,
3.703125000e+1,2.320625000e+0,6.600000000e+0,
3.897656250e+1,2.240312500e+0,6.498437500e+0,
3.600000000e+1,2.401875000e+0,6.400000000e+0,
3.900781250e+1,2.359062500e+0,6.501562500e+0,
3.598437500e+1,2.279375000e+0,6.498437500e+0,
3.600000000e+1,2.239375000e+0,6.499218750e+0,
3.600000000e+1,2.235000000e+0,6.700000000e+0,
3.698437500e+1,2.360000000e+0,6.398437500e+0,
3.900781250e+1,2.199375000e+0,6.398437500e+0,
3.600781250e+1,2.319687500e+0,6.400000000e+0,
3.698437500e+1,2.280000000e+0,6.400000000e+0,
3.600000000e+1,2.279687500e+0,6.500781250e+0,
3.596093750e+1,2.238750000e+0,6.299218750e+0,
3.400000000e+1,2.358437500e+0,6.500000000e+0,
3.498437500e+1,2.320000000e+0,6.300000000e+0,
3.200000000e+1,2.319687500e+0,6.400781250e+0,
3.502343750e+1,2.360000000e+0,6.200000000e+0,
3.400000000e+1,2.316562500e+0,6.499218750e+0,
3.600781250e+1,2.040312500e+0,6.301562500e+0,
3.500000000e+1,2.232500000e+0,6.400000000e+0,
3.600000000e+1,2.279687500e+0,6.300000000e+0,
3.400781250e+1,2.200000000e+0,6.500781250e+0,
3.400000000e+1,2.280000000e+0,6.096093750e+0,
3.298437500e+1,2.198750000e+0,6.201562500e+0,
3.595312500e+1,2.199375000e+0,6.300000000e+0,
3.703125000e+1,2.159375000e+0,6.400000000e+0,
3.501562500e+1,2.316562500e+0,6.202343750e+0,
3.799218750e+1,2.280000000e+0,6.098437500e+0,
3.399218750e+1,2.240000000e+0,6.300000000e+0,
3.599218750e+1,2.280000000e+0,6.303125000e+0,
3.300000000e+1,2.238437500e+0,6.800000000e+0,
3.399218750e+1,2.119062500e+0,6.200000000e+0,
3.199218750e+1,2.279687500e+0,6.200781250e+0,
3.300000000e+1,2.121250000e+0,6.401562500e+0,
3.300000000e+1,2.199062500e+0,6.100000000e+0,
3.400000000e+1,2.200000000e+0,6.400000000e+0,
3.200000000e+1,2.199062500e+0,6.300000000e+0,
3.300000000e+1,2.160312500e+0,6.299218750e+0,
3.199218750e+1,2.280000000e+0,6.300000000e+0,
3.398437500e+1,2.239062500e+0,6.300781250e+0,
3.600000000e+1,2.320000000e+0,6.201562500e+0,
3.396875000e+1,2.200312500e+0,6.101562500e+0,
3.300781250e+1,2.199062500e+0,6.401562500e+0,
3.500781250e+1,2.120000000e+0,6.300000000e+0,
3.500781250e+1,2.200000000e+0,6.100000000e+0,
3.506250000e+1,2.160000000e+0,6.100000000e+0,
3.003906250e+1,2.119687500e+0,5.900000000e+0,
3.195312500e+1,2.200000000e+0,5.996093750e+0,
3.394531250e+1,2.080312500e+0,6.300000000e+0,
3.604687500e+1,2.081250000e+0,6.299218750e+0,
3.205468750e+1,2.200000000e+0,6.100000000e+0,
3.296875000e+1,2.120000000e+0,6.100000000e+0,
3.198437500e+1,2.198750000e+0,5.900781250e+0,
3.100000000e+1,2.120937500e+0,6.093750000e+0,
3.200781250e+1,2.079375000e+0,6.400000000e+0,
3.299218750e+1,2.160312500e+0,6.098437500e+0,
2.995312500e+1,2.119062500e+0,6.200000000e+0,
2.801562500e+1,2.080000000e+0,6.000000000e+0,
3.400000000e+1,2.119375000e+0,5.900000000e+0,
3.307031250e+1,2.160937500e+0,6.099218750e+0,
3.000781250e+1,2.120000000e+0,5.900000000e+0,
3.099218750e+1,2.160625000e+0,5.902343750e+0,
3.201562500e+1,2.158750000e+0,6.100781250e+0,
3.096093750e+1,2.077187500e+0,5.999218750e+0,
3.500000000e+1,2.000625000e+0,5.900781250e+0,
3.095312500e+1,2.119375000e+0,6.000000000e+0,
3.204687500e+1,2.119687500e+0,5.900000000e+0,
3.400000000e+1,2.040000000e+0,6.201562500e+0,
3.200000000e+1,2.043437500e+0,6.098437500e+0,
3.298437500e+1,2.240000000e+0,5.900000000e+0,
2.901562500e+1,2.040000000e+0,5.700000000e+0,
2.900000000e+1,2.040312500e+0,6.005468750e+0,
2.799218750e+1,2.001562500e+0,6.201562500e+0,
2.699218750e+1,2.038750000e+0,5.900000000e+0,
2.898437500e+1,2.200000000e+0,5.999218750e+0,
3.000000000e+1,2.118750000e+0,5.801562500e+0,
2.700000000e+1,2.119687500e+0,5.599218750e+0,
2.898437500e+1,2.079062500e+0,5.900781250e+0,
2.800000000e+1,1.960000000e+0,5.800000000e+0,
2.900000000e+1,2.038750000e+0,5.899218750e+0,
2.700000000e+1,2.080625000e+0,5.701562500e+0,
3.001562500e+1,2.159062500e+0,6.000000000e+0,
3.000000000e+1,2.039687500e+0,5.695312500e+0,
3.001562500e+1,2.120312500e+0,5.502343750e+0,
2.600000000e+1,2.039062500e+0,5.799218750e+0,
2.400781250e+1,2.039375000e+0,5.700000000e+0,
2.799218750e+1,2.040000000e+0,6.000781250e+0,
2.599218750e+1,2.080312500e+0,5.900000000e+0,
2.900000000e+1,2.079687500e+0,5.800000000e+0,
2.500000000e+1,2.040000000e+0,5.700000000e+0,
2.896093750e+1,2.119375000e+0,5.900000000e+0,
2.704687500e+1,2.000312500e+0,5.800000000e+0,
2.603125000e+1,2.038437500e+0,5.400781250e+0,
2.900000000e+1,2.000000000e+0,5.702343750e+0,
2.596093750e+1,1.960937500e+0,6.000781250e+0,
2.706250000e+1,2.079687500e+0,5.499218750e+0,
2.996093750e+1,1.918750000e+0,5.900000000e+0,
2.500000000e+1,2.000937500e+0,5.601562500e+0,
2.900000000e+1,2.000625000e+0,5.499218750e+0,
2.499218750e+1,1.960000000e+0,5.799218750e+0,
2.998437500e+1,1.920312500e+0,5.399218750e+0,
2.801562500e+1,2.000000000e+0,5.603125000e+0,
2.500000000e+1,1.958750000e+0,5.797656250e+0,
2.694531250e+1,1.960625000e+0,5.700000000e+0,
2.900781250e+1,1.960000000e+0,5.800000000e+0,
2.593750000e+1,1.919375000e+0,5.499218750e+0,
2.299218750e+1,1.959687500e+0,5.700000000e+0,
2.402343750e+1,1.879687500e+0,5.699218750e+0,
2.600000000e+1,1.920000000e+0,5.498437500e+0,
2.500000000e+1,1.918750000e+0,5.400000000e+0,
2.600000000e+1,1.840000000e+0,5.400000000e+0,
2.800000000e+1,2.040000000e+0,5.400000000e+0,
2.601562500e+1,1.880312500e+0,5.400000000e+0,
2.300000000e+1,2.038750000e+0,5.400000000e+0,
2.500000000e+1,1.960625000e+0,5.400000000e+0,
2.199218750e+1,1.880937500e+0,5.398437500e+0,
2.599218750e+1,2.080000000e+0,5.697656250e+0,
2.302343750e+1,2.000312500e+0,5.700781250e+0,
2.300000000e+1,1.959375000e+0,5.503125000e+0,
2.300000000e+1,1.959687500e+0,5.400000000e+0,
2.499218750e+1,1.920000000e+0,5.405468750e+0,
2.299218750e+1,1.882500000e+0,5.692187500e+0,
2.399218750e+1,1.998437500e+0,4.996875000e+0,
2.301562500e+1,1.839687500e+0,5.202343750e+0,
2.600000000e+1,1.960000000e+0,5.099218750e+0,
2.300781250e+1,1.840000000e+0,5.296875000e+0,
2.398437500e+1,1.959375000e+0,5.400781250e+0,
2.601562500e+1,1.838750000e+0,5.300000000e+0,
2.301562500e+1,1.840312500e+0,5.300781250e+0,
2.397656250e+1,1.920000000e+0,5.100000000e+0,
2.310156250e+1,1.840000000e+0,5.200000000e+0,
2.106250000e+1,1.920625000e+0,5.203906250e+0,
2.702343750e+1,1.762500000e+0,4.900000000e+0,
2.296875000e+1,1.840625000e+0,5.200781250e+0,
2.401562500e+1,1.919687500e+0,5.200000000e+0,
2.191406250e+1,1.800000000e+0,5.200000000e+0,
1.902343750e+1,1.719687500e+0,5.000781250e+0,
2.403125000e+1,1.761250000e+0,5.299218750e+0,
2.401562500e+1,1.840000000e+0,5.201562500e+0,
2.302343750e+1,1.839687500e+0,5.199218750e+0,
2.100000000e+1,1.879375000e+0,5.000000000e+0,
2.197656250e+1,1.718750000e+0,5.200000000e+0,
2.201562500e+1,1.761250000e+0,5.295312500e+0,
2.004687500e+1,1.880937500e+0,4.899218750e+0,
1.903906250e+1,1.880625000e+0,5.196875000e+0,
2.301562500e+1,1.799687500e+0,5.099218750e+0,
2.096875000e+1,1.839687500e+0,5.000000000e+0,
2.000781250e+1,1.760625000e+0,5.000000000e+0,
2.100000000e+1,1.920000000e+0,5.099218750e+0,
2.100000000e+1,1.757812500e+0,4.899218750e+0,
1.898437500e+1,1.760000000e+0,5.000000000e+0,
1.700000000e+1,1.800625000e+0,5.000000000e+0,
1.997656250e+1,1.720312500e+0,4.999218750e+0,
2.299218750e+1,1.680000000e+0,4.800781250e+0,
2.097656250e+1,1.799687500e+0,4.899218750e+0,
1.800000000e+1,1.718437500e+0,5.000781250e+0,
2.000000000e+1,1.680937500e+0,5.100000000e+0,
1.801562500e+1,1.799062500e+0,4.797656250e+0,
1.900000000e+1,1.801875000e+0,5.200781250e+0,
2.000000000e+1,1.717812500e+0,4.700781250e+0,
1.800000000e+1,1.600625000e+0,4.900781250e+0,
1.899218750e+1,1.761250000e+0,4.893750000e+0,
1.599218750e+1,1.718125000e+0,4.596875000e+0,
1.800781250e+1,1.720000000e+0,4.600000000e+0,
1.900000000e+1,1.680625000e+0,5.001562500e+0,
2.100000000e+1,1.680625000e+0,5.000000000e+0,
1.800000000e+1,1.760000000e+0,4.800781250e+0,
1.800000000e+1,1.680000000e+0,4.800000000e+0,
1.800781250e+1,1.639375000e+0,4.800000000e+0,
1.700000000e+1,1.600312500e+0,4.900781250e+0,
1.700000000e+1,1.719062500e+0,4.600000000e+0,
1.600000000e+1,1.721875000e+0,4.900000000e+0,
1.700781250e+1,1.640312500e+0,4.601562500e+0,
1.700781250e+1,1.640000000e+0,4.501562500e+0,
1.693750000e+1,1.639687500e+0,5.100781250e+0,
1.299218750e+1,1.640625000e+0,4.700781250e+0,
1.706250000e+1,1.720000000e+0,4.900000000e+0,
1.802343750e+1,1.640000000e+0,4.902343750e+0,
1.602343750e+1,1.680000000e+0,4.600000000e+0,
1.600000000e+1,1.600625000e+0,4.800000000e+0,
1.499218750e+1,1.600625000e+0,4.596875000e+0,
1.599218750e+1,1.680625000e+0,4.500000000e+0,
1.501562500e+1,1.680000000e+0,4.700000000e+0,
1.401562500e+1,1.719375000e+0,5.000000000e+0,
1.403906250e+1,1.521875000e+0,4.905468750e+0,
1.703125000e+1,1.600000000e+0,4.500781250e+0,
1.700781250e+1,1.720000000e+0,4.602343750e+0,
1.697656250e+1,1.599062500e+0,4.700000000e+0,
1.198437500e+1,1.639687500e+0,4.700000000e+0,
1.300781250e+1,1.560000000e+0,4.698437500e+0,
1.500000000e+1,1.640000000e+0,4.500000000e+0,
1.498437500e+1,1.600312500e+0,4.700781250e+0,
1.400000000e+1,1.640000000e+0,4.400000000e+0,
1.400000000e+1,1.600000000e+0,4.600000000e+0,
1.300000000e+1,1.640000000e+0,4.400000000e+0,
1.400000000e+1,1.600000000e+0,4.600000000e+0,
1.400000000e+1,1.600312500e+0,4.500000000e+0,
1.400000000e+1,1.639687500e+0,4.601562500e+0,
1.400781250e+1,1.639687500e+0,4.500000000e+0,
1.397656250e+1,1.599062500e+0,4.697656250e+0,
1.198437500e+1,1.478750000e+0,4.098437500e+0,
1.301562500e+1,1.521562500e+0,4.305468750e+0,
1.300000000e+1,1.639375000e+0,4.399218750e+0,
1.300000000e+1,1.518437500e+0,4.399218750e+0,
1.400000000e+1,1.517500000e+0,4.600000000e+0,
1.300000000e+1,1.560000000e+0,4.398437500e+0,
1.398437500e+1,1.559687500e+0,4.198437500e+0,
1.400781250e+1,1.520312500e+0,4.399218750e+0,
1.200781250e+1,1.479375000e+0,4.298437500e+0,
1.298437500e+1,1.680000000e+0,3.999218750e+0,
1.192187500e+1,1.521875000e+0,4.398437500e+0,
1.001562500e+1,1.595312500e+0,4.299218750e+0,
1.301562500e+1,1.680312500e+0,4.499218750e+0,
1.197656250e+1,1.520312500e+0,4.403906250e+0,
1.199218750e+1,1.560000000e+0,4.100000000e+0,
1.098437500e+1,1.597187500e+0,4.199218750e+0,
1.101562500e+1,1.320312500e+0,4.200000000e+0,
1.200000000e+1,1.474375000e+0,4.199218750e+0,
1.100000000e+1,1.479687500e+0,4.100000000e+0,
1.200000000e+1,1.440000000e+0,3.799218750e+0,
1.101562500e+1,1.480312500e+0,4.300781250e+0,
6.984375000e+0,1.518750000e+0,3.897656250e+0,
1.096093750e+1,1.399062500e+0,4.200000000e+0,
9.078125000e+0,1.439375000e+0,4.200000000e+0,
7.023437500e+0,1.519687500e+0,4.198437500e+0,
1.103125000e+1,1.520000000e+0,4.201562500e+0,
9.968750000e+0,1.600000000e+0,3.900000000e+0,
9.000000000e+0,1.518750000e+0,4.002343750e+0,
1.000000000e+1,1.320312500e+0,4.199218750e+0,
1.199218750e+1,1.517812500e+0,4.100000000e+0,
7.984375000e+0,1.522812500e+0,4.000000000e+0,
8.000000000e+0,1.360625000e+0,4.099218750e+0,
8.000000000e+0,1.438437500e+0,4.000781250e+0,
7.000000000e+0,1.480000000e+0,4.000000000e+0,
7.000000000e+0,1.399375000e+0,4.100000000e+0,
5.007812500e+0,1.480625000e+0,3.900000000e+0,
8.984375000e+0,1.560000000e+0,4.100000000e+0,
8.992187500e+0,1.443437500e+0,4.102343750e+0,
1.100000000e+1,1.440000000e+0,4.000000000e+0,
7.968750000e+0,1.440625000e+0,4.102343750e+0,
7.015625000e+0,1.278750000e+0,4.199218750e+0,
9.000000000e+0,1.405625000e+0,3.900000000e+0,
8.000000000e+0,1.599375000e+0,3.803906250e+0,
9.023437500e+0,1.280000000e+0,4.300000000e+0,
6.023437500e+0,1.599062500e+0,3.900000000e+0,
6.992187500e+0,1.480000000e+0,3.897656250e+0,
6.007812500e+0,1.440312500e+0,4.000000000e+0,
6.976562500e+0,1.401250000e+0,4.099218750e+0,
6.976562500e+0,1.479375000e+0,3.902343750e+0,
8.945312500e+0,1.240625000e+0,3.700000000e+0,
8.976562500e+0,1.397500000e+0,3.796093750e+0,
6.992187500e+0,1.320937500e+0,4.197656250e+0,
8.007812500e+0,1.398125000e+0,4.001562500e+0,
8.992187500e+0,1.478750000e+0,3.801562500e+0,
6.992187500e+0,1.279062500e+0,4.099218750e+0,
6.992187500e+0,1.400000000e+0,3.900000000e+0,
6.000000000e+0,1.440937500e+0,3.800000000e+0,
7.031250000e+0,1.355937500e+0,3.903906250e+0,
3.992187500e+0,1.480312500e+0,3.700000000e+0,
6.992187500e+0,1.280000000e+0,4.003125000e+0,
5.015625000e+0,1.481875000e+0,3.894531250e+0,
5.968750000e+0,1.315625000e+0,3.600000000e+0,
7.015625000e+0,1.279687500e+0,3.902343750e+0,
5.007812500e+0,1.239687500e+0,3.900000000e+0,
7.007812500e+0,1.320312500e+0,3.800000000e+0,
3.976562500e+0,1.320000000e+0,3.697656250e+0,
2.031250000e+0,1.280625000e+0,3.602343750e+0,
6.000000000e+0,1.360000000e+0,4.000000000e+0,
3.023437500e+0,1.280000000e+0,3.696093750e+0,
-1.000000000e+0,1.280625000e+0,3.805468750e+0,
4.007812500e+0,1.319687500e+0,4.100000000e+0,
2.000000000e+0,1.319687500e+0,3.800000000e+0,
3.000000000e+0,1.400625000e+0,3.800000000e+0,
2.000000000e+0,1.398437500e+0,3.900781250e+0,
9.843750000e-1,1.279687500e+0,3.600781250e+0,
5.007812500e+0,1.321250000e+0,3.699218750e+0,
0.000000000e+0,1.360312500e+0,3.496875000e+0,
2.000000000e+0,1.201250000e+0,3.798437500e+0,
-1.000000000e+0,1.240937500e+0,3.198437500e+0,
3.031250000e+0,1.280000000e+0,3.700781250e+0,
4.000000000e+0,1.280000000e+0,3.496875000e+0,
4.015625000e+0,1.320000000e+0,3.603906250e+0,
-1.000000000e+0,1.278750000e+0,3.700000000e+0,
-9.921875000e-1,1.237812500e+0,3.500781250e+0,
9.765625000e-1,1.319687500e+0,3.399218750e+0,
3.992187500e+0,1.200000000e+0,3.300000000e+0,
3.007812500e+0,1.320000000e+0,3.400000000e+0,
9.687500000e-1,1.240000000e+0,3.400000000e+0,
4.984375000e+0,1.319687500e+0,3.400000000e+0,
2.039062500e+0,1.200312500e+0,3.500000000e+0,
2.015625000e+0,1.235000000e+0,3.401562500e+0,
1.992187500e+0,1.280000000e+0,3.501562500e+0,
-4.687500000e-2,1.079687500e+0,3.900000000e+0,
-3.015625000e+0,1.280625000e+0,3.498437500e+0,
-9.453125000e-1,1.278437500e+0,3.599218750e+0,
3.015625000e+0,1.200000000e+0,3.300000000e+0,
3.031250000e+0,1.239687500e+0,3.498437500e+0,
1.023437500e+0,1.200000000e+0,3.700781250e+0,
1.000000000e+0,1.201250000e+0,3.497656250e+0,
1.000000000e+0,1.279375000e+0,3.098437500e+0,
7.812500000e-3,1.078437500e+0,3.207812500e+0,
-3.125000000e-2,1.160937500e+0,3.500781250e+0,
1.992187500e+0,1.120000000e+0,3.400000000e+0,
-3.906250000e-2,1.239062500e+0,3.299218750e+0,
-1.000000000e+0,1.159375000e+0,3.200000000e+0,
0.000000000e+0,1.200000000e+0,3.500000000e+0,
0.000000000e+0,1.160000000e+0,3.298437500e+0,
1.000000000e+0,1.199687500e+0,3.400000000e+0,
-1.000000000e+0,1.120000000e+0,3.300000000e+0,
-4.000000000e+0,1.159375000e+0,3.398437500e+0,
-3.007812500e+0,1.159687500e+0,3.000000000e+0,
-2.015625000e+0,1.160937500e+0,3.196875000e+0,
1.000000000e+0,1.040000000e+0,3.200000000e+0,
-2.976562500e+0,1.160625000e+0,3.000000000e+0,
-1.015625000e+0,1.160000000e+0,3.197656250e+0,
0.000000000e+0,1.200000000e+0,3.300000000e+0,
0.000000000e+0,1.119062500e+0,3.200781250e+0,
-1.000000000e+0,1.280312500e+0,3.200000000e+0,
0.000000000e+0,1.240000000e+0,3.100781250e+0,
-3.031250000e+0,1.158125000e+0,3.199218750e+0,
-5.000000000e+0,1.079062500e+0,2.998437500e+0,
-2.968750000e+0,1.120625000e+0,3.001562500e+0,
-1.000000000e+0,1.118750000e+0,3.100000000e+0,
-4.007812500e+0,1.036250000e+0,3.002343750e+0,
0.000000000e+0,1.199687500e+0,2.899218750e+0,
-3.945312500e+0,1.119375000e+0,3.102343750e+0,
-5.023437500e+0,1.200000000e+0,3.200781250e+0,
-4.000000000e+0,1.160625000e+0,2.901562500e+0,
-5.000000000e+0,1.040000000e+0,3.000000000e+0,
-3.992187500e+0,1.119375000e+0,3.198437500e+0,
-3.968750000e+0,1.043437500e+0,3.102343750e+0,
-2.007812500e+0,1.040625000e+0,2.799218750e+0,
-6.046875000e+0,1.199375000e+0,2.898437500e+0,
-5.976562500e+0,1.000000000e+0,3.100000000e+0,
-4.984375000e+0,1.080312500e+0,2.897656250e+0,
-4.000000000e+0,1.118750000e+0,2.899218750e+0,
-4.007812500e+0,1.001562500e+0,3.000781250e+0,
-3.984375000e+0,1.039687500e+0,2.798437500e+0,
-5.992187500e+0,1.039062500e+0,2.700000000e+0,
-5.023437500e+0,1.000937500e+0,2.800000000e+0,
-3.992187500e+0,1.159687500e+0,2.898437500e+0,
-5.960937500e+0,1.040000000e+0,2.800000000e+0,
-7.000000000e+0,1.159687500e+0,2.996093750e+0,
-5.984375000e+0,9.609375000e-1,3.198437500e+0,
-4.000000000e+0,1.000000000e+0,2.700000000e+0,
-4.007812500e+0,9.606250000e-1,3.000000000e+0,
-4.000000000e+0,1.120000000e+0,2.799218750e+0,
-4.000000000e+0,1.036875000e+0,2.900000000e+0,
-6.007812500e+0,8.800000000e-1,2.900000000e+0,
-6.000000000e+0,1.039687500e+0,2.900781250e+0,
-6.007812500e+0,9.200000000e-1,2.699218750e+0,
-4.992187500e+0,1.040000000e+0,2.700781250e+0,
-8.007812500e+0,9.600000000e-1,2.599218750e+0,
-6.007812500e+0,1.040000000e+0,2.900781250e+0,
-6.992187500e+0,9.187500000e-1,2.800000000e+0,
-8.015625000e+0,9.590625000e-1,2.600781250e+0,
-6.000000000e+0,1.039062500e+0,2.500781250e+0,
-7.000000000e+0,1.040000000e+0,2.599218750e+0,
-6.007812500e+0,1.039375000e+0,2.699218750e+0,
-8.007812500e+0,9.187500000e-1,2.501562500e+0,
-7.007812500e+0,9.225000000e-1,2.801562500e+0,
-7.992187500e+0,9.996875000e-1,2.700000000e+0,
-5.000000000e+0,9.206250000e-1,2.700000000e+0,
-6.000000000e+0,9.612500000e-1,2.800000000e+0,
-9.000000000e+0,1.000625000e+0,2.500000000e+0,
-5.007812500e+0,8.000000000e-1,2.702343750e+0,
-7.968750000e+0,8.815625000e-1,2.700000000e+0,
-7.039062500e+0,1.000312500e+0,2.600000000e+0,
-6.968750000e+0,9.603125000e-1,2.600000000e+0,
-1.099218750e+1,9.215625000e-1,2.300000000e+0,
-6.953125000e+0,8.400000000e-1,2.598437500e+0,
-9.125000000e+0,9.196875000e-1,2.700000000e+0,
-1.298437500e+1,8.800000000e-1,2.699218750e+0,
-7.929687500e+0,9.193750000e-1,2.500000000e+0,
-7.031250000e+0,8.000000000e-1,2.700000000e+0,
-8.976562500e+0,9.196875000e-1,2.401562500e+0,
-8.992187500e+0,8.796875000e-1,2.400000000e+0,
-1.000000000e+1,1.000312500e+0,2.400000000e+0,
-9.023437500e+0,8.390625000e-1,2.301562500e+0,
-8.984375000e+0,9.634375000e-1,2.700781250e+0,
-1.197656250e+1,1.039687500e+0,2.500000000e+0,
-1.106250000e+1,9.196875000e-1,2.500000000e+0,
-8.984375000e+0,1.000000000e+0,2.500000000e+0,
-9.007812500e+0,8.800000000e-1,2.499218750e+0,
-9.015625000e+0,8.800000000e-1,2.602343750e+0,
-1.000000000e+1,1.040625000e+0,2.597656250e+0,
-9.000000000e+0,9.596875000e-1,2.000000000e+0,
-9.000000000e+0,9.600000000e-1,2.601562500e+0,
-9.000000000e+0,9.600000000e-1,2.199218750e+0,
-1.101562500e+1,9.606250000e-1,2.495312500e+0,
-1.200000000e+1,9.593750000e-1,2.500000000e+0,
-1.100000000e+1,1.000312500e+0,2.300000000e+0,
-1.300000000e+1,9.193750000e-1,2.500000000e+0,
-1.100000000e+1,8.000000000e-1,2.200000000e+0,
-1.099218750e+1,9.212500000e-1,2.300000000e+0,
-1.100000000e+1,9.228125000e-1,2.603125000e+0,
-1.100000000e+1,8.393750000e-1,2.200000000e+0,
-1.100781250e+1,9.196875000e-1,2.303125000e+0,
-1.098437500e+1,7.990625000e-1,2.399218750e+0,
-1.000781250e+1,8.812500000e-1,2.200000000e+0,
-1.100000000e+1,9.181250000e-1,2.401562500e+0,
-9.000000000e+0,8.396875000e-1,2.300000000e+0,
-1.200781250e+1,8.815625000e-1,2.300000000e+0,
-1.100781250e+1,8.000000000e-1,2.200000000e+0,
-9.976562500e+0,8.800000000e-1,2.399218750e+0,
-1.399218750e+1,7.603125000e-1,2.300000000e+0,
-1.203906250e+1,7.596875000e-1,2.399218750e+0,
-1.200000000e+1,8.400000000e-1,2.200781250e+0,
-1.095312500e+1,7.996875000e-1,2.198437500e+0,
-1.105468750e+1,8.787500000e-1,2.400781250e+0,
-1.399218750e+1,8.400000000e-1,2.400000000e+0,
-1.097656250e+1,8.796875000e-1,2.300000000e+0,
-1.304687500e+1,9.200000000e-1,2.400000000e+0,
-1.296875000e+1,9.187500000e-1,2.500781250e+0,
-1.102343750e+1,8.003125000e-1,2.203125000e+0,
-1.401562500e+1,7.987500000e-1,2.100781250e+0,
-1.000000000e+1,7.996875000e-1,2.000000000e+0,
-1.498437500e+1,7.200000000e-1,2.200000000e+0,
-1.401562500e+1,7.603125000e-1,1.998437500e+0,
-1.202343750e+1,8.406250000e-1,1.997656250e+0,
-1.196875000e+1,7.987500000e-1,1.800000000e+0,
-1.400781250e+1,7.196875000e-1,2.300000000e+0,
-1.199218750e+1,8.368750000e-1,2.103906250e+0,
-1.299218750e+1,8.000000000e-1,1.900000000e+0,
-1.202343750e+1,7.596875000e-1,2.100000000e+0,
-1.600781250e+1,8.800000000e-1,2.303125000e+0,
-1.300000000e+1,7.596875000e-1,2.503125000e+0,
-1.201562500e+1,8.790625000e-1,1.900000000e+0,
-1.702343750e+1,8.018750000e-1,2.099218750e+0,
-1.698437500e+1,7.593750000e-1,1.702343750e+0,
-1.300000000e+1,8.000000000e-1,1.895312500e+0,
-1.400000000e+1,7.596875000e-1,2.200000000e+0,
-1.500000000e+1,8.409375000e-1,2.000000000e+0,
-1.200000000e+1,8.396875000e-1,2.099218750e+0,
-1.400000000e+1,8.000000000e-1,2.100000000e+0,
-1.300000000e+1,6.800000000e-1,2.302343750e+0,
-1.400000000e+1,7.993750000e-1,1.901562500e+0,
-1.501562500e+1,8.400000000e-1,2.000781250e+0,
-1.497656250e+1,7.984375000e-1,2.000781250e+0,
-1.200000000e+1,7.190625000e-1,2.200000000e+0,
-1.402343750e+1,7.200000000e-1,2.000000000e+0,
-1.303906250e+1,7.600000000e-1,2.200000000e+0,
-1.200000000e+1,8.396875000e-1,2.000000000e+0,
-1.297656250e+1,8.000000000e-1,2.300000000e+0,
-1.404687500e+1,6.400000000e-1,1.900000000e+0,
-1.290625000e+1,8.018750000e-1,2.000000000e+0,
-1.797656250e+1,7.993750000e-1,2.001562500e+0,
-1.407812500e+1,6.384375000e-1,1.900000000e+0,
-1.501562500e+1,8.790625000e-1,2.097656250e+0,
-1.500781250e+1,6.421875000e-1,2.103906250e+0,
-1.599218750e+1,6.778125000e-1,1.899218750e+0,
-1.300781250e+1,7.996875000e-1,2.300000000e+0,
-1.703125000e+1,6.781250000e-1,1.801562500e+0,
-1.599218750e+1,6.800000000e-1,1.900000000e+0,
-1.400000000e+1,8.793750000e-1,1.900000000e+0,
-1.696093750e+1,7.656250000e-1,2.001562500e+0,
-1.700000000e+1,7.200000000e-1,1.800000000e+0,
-1.800781250e+1,7.200000000e-1,1.900781250e+0,
-1.600781250e+1,6.790625000e-1,1.901562500e+0,
-1.600781250e+1,6.796875000e-1,1.999218750e+0,
-1.499218750e+1,6.806250000e-1,1.696875000e+0,
-1.702343750e+1,7.200000000e-1,1.800000000e+0,
-1.699218750e+1,6.396875000e-1,2.200000000e+0,
-1.700000000e+1,6.800000000e-1,1.896875000e+0,
-1.699218750e+1,6.781250000e-1,1.901562500e+0,
-1.499218750e+1,5.590625000e-1,2.000000000e+0,
-1.497656250e+1,6.400000000e-1,1.899218750e+0,
-2.100000000e+1,7.984375000e-1,1.796875000e+0,
-1.798437500e+1,5.993750000e-1,1.696093750e+0,
-1.601562500e+1,8.384375000e-1,2.200000000e+0,
-1.500000000e+1,7.181250000e-1,1.698437500e+0,
-1.600000000e+1,6.396875000e-1,1.899218750e+0,
-1.900781250e+1,6.803125000e-1,1.800000000e+0,
-1.503125000e+1,7.596875000e-1,1.900781250e+0,
-1.700000000e+1,6.403125000e-1,1.999218750e+0,
-1.800000000e+1,6.396875000e-1,1.898437500e+0,
-1.800000000e+1,6.400000000e-1,1.600781250e+0,
-1.700781250e+1,6.812500000e-1,1.900781250e+0,
-1.800000000e+1,7.196875000e-1,1.799218750e+0,
-1.599218750e+1,6.390625000e-1,1.796093750e+0,
-2.000000000e+1,6.387500000e-1,1.599218750e+0,
-1.700000000e+1,5.571875000e-1,2.000000000e+0,
-1.900000000e+1,7.603125000e-1,1.700000000e+0,
-1.803125000e+1,6.387500000e-1,2.000000000e+0,
-1.500781250e+1,6.396875000e-1,1.700000000e+0,
-1.701562500e+1,6.000000000e-1,2.000000000e+0,
-1.400781250e+1,6.803125000e-1,1.800000000e+0,
-1.795312500e+1,6.003125000e-1,1.700000000e+0,
-1.900000000e+1,5.565625000e-1,1.300000000e+0,
-1.897656250e+1,6.800000000e-1,1.601562500e+0,
-1.700781250e+1,6.406250000e-1,1.698437500e+0,
-1.900000000e+1,7.996875000e-1,1.899218750e+0,
-1.700781250e+1,5.975000000e-1,1.800000000e+0,
-2.000781250e+1,6.009375000e-1,1.900000000e+0,
-1.800781250e+1,6.796875000e-1,1.700781250e+0,
-1.998437500e+1,6.800000000e-1,1.700781250e+0,
-1.801562500e+1,6.796875000e-1,1.599218750e+0,
-1.600781250e+1,6.400000000e-1,1.500000000e+0,
-1.600000000e+1,6.784375000e-1,1.705468750e+0,
-1.599218750e+1,5.590625000e-1,1.900000000e+0,
-1.796875000e+1,6.400000000e-1,1.800000000e+0,
-1.899218750e+1,6.406250000e-1,1.700000000e+0,
-1.900781250e+1,6.400000000e-1,1.800000000e+0,
-2.100000000e+1,6.400000000e-1,1.799218750e+0,
-1.798437500e+1,6.400000000e-1,1.598437500e+0,
-1.699218750e+1,6.000000000e-1,1.599218750e+0,
-2.000000000e+1,6.400000000e-1,1.799218750e+0,
-2.100000000e+1,6.403125000e-1,1.797656250e+0,
-2.000781250e+1,6.393750000e-1,1.600000000e+0,
-1.900000000e+1,6.803125000e-1,1.698437500e+0,
-2.000781250e+1,6.000000000e-1,1.600000000e+0,
-1.802343750e+1,6.406250000e-1,1.499218750e+0,
-1.799218750e+1,6.400000000e-1,1.798437500e+0,
-2.002343750e+1,5.600000000e-1,1.501562500e+0,
-1.700000000e+1,6.384375000e-1,1.297656250e+0,
-2.100000000e+1,6.400000000e-1,1.600000000e+0,
-2.098437500e+1,6.400000000e-1,1.599218750e+0,
-2.100781250e+1,6.390625000e-1,1.599218750e+0,
-2.100781250e+1,6.003125000e-1,1.397656250e+0,
-1.999218750e+1,6.400000000e-1,1.403906250e+0,
-1.800781250e+1,6.003125000e-1,1.700000000e+0,
-1.799218750e+1,6.425000000e-1,1.502343750e+0,
-2.100000000e+1,5.203125000e-1,1.500000000e+0,
-1.801562500e+1,6.412500000e-1,1.500781250e+0,
-1.998437500e+1,6.796875000e-1,1.699218750e+0,
-1.901562500e+1,6.003125000e-1,1.601562500e+0,
-1.993750000e+1,6.000000000e-1,1.500000000e+0,
-2.199218750e+1,5.193750000e-1,1.599218750e+0,
-1.892968750e+1,6.393750000e-1,1.500781250e+0,
-1.803906250e+1,5.600000000e-1,1.500000000e+0,
-2.301562500e+1,6.406250000e-1,1.600000000e+0,
-1.996875000e+1,6.000000000e-1,1.400000000e+0,
-2.100000000e+1,5.600000000e-1,1.500781250e+0,
-1.900000000e+1,5.993750000e-1,1.400000000e+0,
-2.098437500e+1,5.212500000e-1,1.395312500e+0,
-2.000781250e+1,5.990625000e-1,1.700000000e+0,
-2.003125000e+1,7.200000000e-1,1.500000000e+0,
-1.798437500e+1,6.387500000e-1,1.200000000e+0,
-2.196875000e+1,6.009375000e-1,1.406250000e+0,
-2.007812500e+1,6.800000000e-1,1.700000000e+0,
-1.801562500e+1,5.603125000e-1,1.403906250e+0,
-2.103125000e+1,5.196875000e-1,1.200000000e+0,
-2.198437500e+1,5.200000000e-1,1.400000000e+0,
-1.998437500e+1,5.196875000e-1,1.500000000e+0,
-2.000781250e+1,5.200000000e-1,1.699218750e+0,
-2.200000000e+1,5.609375000e-1,1.398437500e+0,
-2.100000000e+1,6.000000000e-1,1.400000000e+0,
-2.101562500e+1,4.821875000e-1,1.500781250e+0,
-2.200000000e+1,5.193750000e-1,1.100000000e+0,
-2.100781250e+1,6.000000000e-1,1.596875000e+0,
-2.100000000e+1,5.200000000e-1,1.500000000e+0,
-2.099218750e+1,5.606250000e-1,1.499218750e+0,
-2.299218750e+1,6.000000000e-1,1.400000000e+0,
-2.300781250e+1,5.612500000e-1,1.498437500e+0,
-2.400000000e+1,4.753125000e-1,1.502343750e+0,
-2.400000000e+1,6.403125000e-1,1.400000000e+0,
-2.097656250e+1,5.190625000e-1,1.399218750e+0,
-2.100781250e+1,6.012500000e-1,1.296093750e+0,
-2.100000000e+1,5.975000000e-1,1.202343750e+0,
-2.200781250e+1,5.196875000e-1,1.500000000e+0,
-2.200000000e+1,5.196875000e-1,1.200000000e+0,
-2.000000000e+1,5.203125000e-1,1.500000000e+0,
-2.200000000e+1,5.600000000e-1,1.299218750e+0,
-2.100000000e+1,4.800000000e-1,1.699218750e+0,
-2.200000000e+1,4.796875000e-1,1.200000000e+0,
-2.101562500e+1,4.403125000e-1,1.400000000e+0,
-2.100000000e+1,5.600000000e-1,1.100000000e+0,
-2.202343750e+1,4.031250000e-1,1.498437500e+0,
-2.300781250e+1,4.393750000e-1,1.400000000e+0,
-2.299218750e+1,5.596875000e-1,1.400781250e+0,
-2.198437500e+1,4.790625000e-1,1.600000000e+0,
-2.202343750e+1,5.212500000e-1,1.400781250e+0,
-2.298437500e+1,5.600000000e-1,1.300000000e+0,
-2.101562500e+1,3.603125000e-1,1.498437500e+0,
-2.292968750e+1,4.796875000e-1,1.301562500e+0,
-2.600000000e+1,4.393750000e-1,1.000000000e+0,
-2.402343750e+1,6.403125000e-1,1.301562500e+0,
-2.201562500e+1,5.178125000e-1,1.200000000e+0,
-2.096875000e+1,5.200000000e-1,1.300000000e+0,
-2.397656250e+1,5.203125000e-1,1.400000000e+0,
-2.195312500e+1,6.421875000e-1,1.199218750e+0,
-2.207031250e+1,3.600000000e-1,1.400000000e+0,
-2.600000000e+1,4.400000000e-1,1.200781250e+0,
-2.196875000e+1,4.009375000e-1,1.500000000e+0,
-2.200000000e+1,6.006250000e-1,1.200000000e+0,
-2.201562500e+1,6.000000000e-1,1.502343750e+0,
-2.500000000e+1,5.996875000e-1,1.500000000e+0,
-2.299218750e+1,5.215625000e-1,1.500000000e+0,
-2.300000000e+1,4.806250000e-1,1.400000000e+0,
-2.100000000e+1,4.003125000e-1,1.200000000e+0,
-2.400781250e+1,5.203125000e-1,1.396875000e+0,
-2.300000000e+1,5.200000000e-1,1.300000000e+0,
-2.100000000e+1,4.800000000e-1,1.000000000e+0,
-2.300781250e+1,4.806250000e-1,1.094531250e+0,
-2.299218750e+1,4.400000000e-1,1.200000000e+0,
-2.199218750e+1,5.206250000e-1,1.100781250e+0,
-2.202343750e+1,5.596875000e-1,1.400781250e+0,
-2.300781250e+1,5.190625000e-1,1.297656250e+0,
-2.199218750e+1,4.809375000e-1,1.300000000e+0,
-2.100000000e+1,5.606250000e-1,1.300000000e+0,
-2.201562500e+1,5.215625000e-1,1.300000000e+0,
-2.400000000e+1,4.800000000e-1,1.300781250e+0,
-2.302343750e+1,4.415625000e-1,1.602343750e+0,
-2.100781250e+1,6.400000000e-1,1.000781250e+0,
-2.198437500e+1,4.403125000e-1,1.400781250e+0,
-2.200781250e+1,5.603125000e-1,1.301562500e+0,
-2.200781250e+1,5.621875000e-1,1.300000000e+0,
-2.200000000e+1,4.403125000e-1,1.300781250e+0,
-2.200781250e+1,5.193750000e-1,1.400000000e+0,
-2.196093750e+1,5.996875000e-1,1.203906250e+0,
-2.003125000e+1,6.000000000e-1,1.100000000e+0,
-2.403125000e+1,6.381250000e-1,1.399218750e+0,
-2.298437500e+1,4.400000000e-1,1.304687500e+0,
-2.399218750e+1,5.956250000e-1,1.000781250e+0,
-2.400781250e+1,5.593750000e-1,1.100000000e+0,
-2.300781250e+1,4.800000000e-1,1.098437500e+0,
-2.200000000e+1,4.800000000e-1,1.399218750e+0,
-2.398437500e+1,4.812500000e-1,1.097656250e+0,
-2.302343750e+1,5.596875000e-1,1.200000000e+0,
-2.200781250e+1,4.800000000e-1,1.200000000e+0,
-2.199218750e+1,5.575000000e-1,1.298437500e+0,
-2.099218750e+1,5.200000000e-1,1.400000000e+0,
-2.202343750e+1,4.796875000e-1,1.300000000e+0,
-2.400000000e+1,5.603125000e-1,1.301562500e+0,
-2.200000000e+1,5.590625000e-1,1.500000000e+0,
-2.399218750e+1,4.793750000e-1,1.300000000e+0,
-1.999218750e+1,5.221875000e-1,1.299218750e+0,
-2.201562500e+1,3.200000000e-1,1.200781250e+0,
-2.400000000e+1,5.187500000e-1,1.198437500e+0,
-2.300000000e+1,4.796875000e-1,1.400000000e+0,
-2.100000000e+1,5.596875000e-1,1.300781250e+0,
-2.400781250e+1,4.800000000e-1,1.100781250e+0,
-2.301562500e+1,5.600000000e-1,1.300000000e+0,
-2.001562500e+1,4.418750000e-1,1.693750000e+0,
-2.000000000e+1,5.193750000e-1,1.703125000e+0,
-2.301562500e+1,5.600000000e-1,1.095312500e+0,
-2.297656250e+1,4.803125000e-1,1.004687500e+0,
-2.200781250e+1,5.590625000e-1,1.400000000e+0,
-2.400781250e+1,3.996875000e-1,1.097656250e+0,
-2.397656250e+1,4.800000000e-1,1.200000000e+0,
-2.600781250e+1,5.590625000e-1,1.200000000e+0,
-2.304687500e+1,6.800000000e-1,1.600000000e+0,
-2.200000000e+1,4.009375000e-1,1.300000000e+0,
-2.296093750e+1,4.418750000e-1,1.599218750e+0,
-2.403125000e+1,5.600000000e-1,1.100781250e+0,
-2.110937500e+1,4.815625000e-1,1.400000000e+0,
-2.003906250e+1,4.756250000e-1,1.200000000e+0,
-2.400781250e+1,6.403125000e-1,1.594531250e+0,
-2.100000000e+1,5.196875000e-1,1.601562500e+0,
-2.300781250e+1,6.400000000e-1,1.196875000e+0,
-2.199218750e+1,4.387500000e-1,1.198437500e+0,
-2.300781250e+1,4.800000000e-1,1.600000000e+0,
-2.300000000e+1,4.796875000e-1,1.400000000e+0,
-2.200781250e+1,5.575000000e-1,1.396875000e+0,
-2.200781250e+1,5.600000000e-1,1.400000000e+0,
-2.100000000e+1,5.193750000e-1,1.297656250e+0,
-2.198437500e+1,5.221875000e-1,1.303125000e+0,
-2.300781250e+1,5.987500000e-1,1.600000000e+0,
-2.103906250e+1,5.203125000e-1,1.397656250e+0,
-2.001562500e+1,6.003125000e-1,1.300000000e+0,
-2.202343750e+1,4.393750000e-1,1.300000000e+0,
-2.200000000e+1,4.400000000e-1,1.498437500e+0,
-2.197656250e+1,4.000000000e-1,1.300781250e+0,
-1.900000000e+1,4.393750000e-1,1.600000000e+0,
-2.198437500e+1,4.000000000e-1,1.196093750e+0,
-2.400000000e+1,5.606250000e-1,1.304687500e+0,
-2.100000000e+1,4.831250000e-1,1.599218750e+0,
-2.299218750e+1,4.787500000e-1,1.500000000e+0,
-2.300000000e+1,6.000000000e-1,1.400000000e+0,
-2.400000000e+1,5.187500000e-1,1.500000000e+0,
-2.201562500e+1,5.200000000e-1,1.300000000e+0,
-2.096875000e+1,5.593750000e-1,1.400000000e+0,
-2.400000000e+1,4.796875000e-1,1.396093750e+0,
-2.100000000e+1,6.003125000e-1,1.599218750e+0,
-2.400781250e+1,4.390625000e-1,1.196093750e+0,
-2.299218750e+1,5.212500000e-1,1.300781250e+0,
-2.400000000e+1,5.203125000e-1,1.396875000e+0,
-2.300000000e+1,5.993750000e-1,9.984375000e-1,
-2.500000000e+1,5.203125000e-1,1.298437500e+0,
-2.300000000e+1,6.390625000e-1,1.301562500e+0,
-2.400781250e+1,5.596875000e-1,1.199218750e+0,
-2.203906250e+1,5.600000000e-1,1.200000000e+0,
-1.999218750e+1,5.600000000e-1,1.500000000e+0,
-2.398437500e+1,6.000000000e-1,1.499218750e+0,
-2.106250000e+1,4.775000000e-1,1.300000000e+0,
-1.995312500e+1,4.396875000e-1,1.100000000e+0,
-2.400781250e+1,5.562500000e-1,9.984375000e-1,
-2.097656250e+1,6.000000000e-1,1.401562500e+0,
-2.202343750e+1,5.600000000e-1,1.500000000e+0,
-2.096875000e+1,5.596875000e-1,1.396875000e+0,
-1.900781250e+1,4.790625000e-1,1.200000000e+0,
-2.102343750e+1,5.212500000e-1,1.498437500e+0,
-2.101562500e+1,6.403125000e-1,1.500000000e+0,
-2.002343750e+1,5.200000000e-1,1.500781250e+0,
-1.999218750e+1,5.606250000e-1,1.498437500e+0,
-2.199218750e+1,5.596875000e-1,1.200000000e+0,
-2.303906250e+1,5.203125000e-1,1.403125000e+0,
-1.801562500e+1,5.603125000e-1,1.199218750e+0,
-2.191406250e+1,5.600000000e-1,1.200000000e+0,
-2.297656250e+1,6.009375000e-1,1.500781250e+0,
-2.100000000e+1,5.196875000e-1,1.500000000e+0,
-2.199218750e+1,6.003125000e-1,1.299218750e+0,
-1.900000000e+1,6.000000000e-1,1.402343750e+0,
-2.099218750e+1,4.393750000e-1,1.500000000e+0,
-2.200000000e+1,5.200000000e-1,1.300000000e+0,
-2.200000000e+1,5.600000000e-1,1.400781250e+0,
-2.300000000e+1,5.603125000e-1,1.400000000e+0,
-2.200781250e+1,5.209375000e-1,1.500781250e+0,
-2.101562500e+1,4.793750000e-1,1.300000000e+0,
-1.800000000e+1,6.409375000e-1,1.398437500e+0,
-2.198437500e+1,6.000000000e-1,1.597656250e+0,
-2.301562500e+1,4.800000000e-1,1.601562500e+0,
-2.200781250e+1,5.981250000e-1,1.204687500e+0,
-2.200000000e+1,5.593750000e-1,1.300000000e+0,
-2.199218750e+1,4.800000000e-1,1.601562500e+0,
-2.100000000e+1,4.821875000e-1,1.493750000e+0,
-2.202343750e+1,5.590625000e-1,1.401562500e+0,
-2.196875000e+1,4.800000000e-1,1.496093750e+0,
-1.900000000e+1,6.003125000e-1,1.100000000e+0,
-2.300000000e+1,5.596875000e-1,1.594531250e+0,
-2.000781250e+1,6.393750000e-1,1.502343750e+0,
-2.100000000e+1,5.996875000e-1,1.398437500e+0,
-1.902343750e+1,5.593750000e-1,1.299218750e+0,
-1.897656250e+1,4.803125000e-1,1.498437500e+0,
-2.001562500e+1,4.800000000e-1,1.600000000e+0,
-1.900781250e+1,7.190625000e-1,1.600781250e+0,
-2.102343750e+1,6.028125000e-1,1.501562500e+0,
-2.100000000e+1,6.000000000e-1,1.400000000e+0,
-2.200000000e+1,6.000000000e-1,1.600000000e+0,
-2.204687500e+1,5.600000000e-1,1.400000000e+0,
-2.396093750e+1,5.196875000e-1,1.403906250e+0,
-1.796875000e+1,5.196875000e-1,1.800000000e+0,
-1.993750000e+1,5.175000000e-1,1.402343750e+0,
-2.201562500e+1,6.396875000e-1,1.700781250e+0,
-2.001562500e+1,5.987500000e-1,1.700000000e+0,
-2.099218750e+1,4.796875000e-1,1.500000000e+0,
-2.099218750e+1,5.206250000e-1,1.401562500e+0,
-2.199218750e+1,5.596875000e-1,1.600000000e+0,
-2.096093750e+1,5.596875000e-1,1.502343750e+0,
-1.799218750e+1,6.400000000e-1,1.199218750e+0,
-1.903125000e+1,5.596875000e-1,1.300000000e+0,
-2.100781250e+1,6.009375000e-1,1.700000000e+0,
-1.999218750e+1,6.800000000e-1,1.598437500e+0,
-1.900000000e+1,5.984375000e-1,1.400000000e+0,
-2.200781250e+1,5.600000000e-1,1.600000000e+0,
-2.000000000e+1,6.000000000e-1,1.400781250e+0,
-2.300000000e+1,5.203125000e-1,1.300781250e+0,
-2.100781250e+1,4.800000000e-1,1.598437500e+0,
-2.098437500e+1,6.393750000e-1,1.500781250e+0,
-1.700781250e+1,5.990625000e-1,1.400781250e+0,
-1.898437500e+1,6.003125000e-1,1.700000000e+0,
-2.098437500e+1,6.393750000e-1,1.400000000e+0,
-2.300000000e+1,6.815625000e-1,1.605468750e+0,
-2.000000000e+1,6.406250000e-1,1.199218750e+0,
-2.002343750e+1,7.193750000e-1,1.799218750e+0,
-2.099218750e+1,5.593750000e-1,1.095312500e+0,
-2.101562500e+1,6.400000000e-1,1.705468750e+0,
-2.400000000e+1,5.190625000e-1,1.500000000e+0,
-2.000000000e+1,5.981250000e-1,1.200781250e+0,
-2.000000000e+1,6.796875000e-1,1.700000000e+0,
-1.900000000e+1,6.400000000e-1,1.400781250e+0,
-1.700781250e+1,6.400000000e-1,1.500781250e+0,
-1.797656250e+1,6.003125000e-1,1.600000000e+0,
-1.900000000e+1,6.800000000e-1,1.901562500e+0,
-1.900781250e+1,6.400000000e-1,1.200000000e+0,
-1.899218750e+1,6.421875000e-1,1.899218750e+0,
-1.902343750e+1,5.200000000e-1,1.300781250e+0,
-2.100781250e+1,6.003125000e-1,1.600781250e+0,
-1.999218750e+1,4.396875000e-1,1.599218750e+0,
-2.103906250e+1,6.418750000e-1,1.399218750e+0,
-2.196875000e+1,6.800000000e-1,1.800000000e+0,
-1.803125000e+1,5.600000000e-1,1.701562500e+0,
-1.900781250e+1,6.796875000e-1,1.600781250e+0,
-1.700000000e+1,6.012500000e-1,1.500000000e+0,
-1.999218750e+1,5.606250000e-1,1.800781250e+0,
-1.802343750e+1,6.818750000e-1,1.700000000e+0,
-1.798437500e+1,6.793750000e-1,1.800000000e+0,
-1.902343750e+1,5.596875000e-1,1.500000000e+0,
-1.800781250e+1,5.990625000e-1,1.795312500e+0,
-1.898437500e+1,6.000000000e-1,1.899218750e+0,
-1.700781250e+1,6.400000000e-1,1.899218750e+0,
-2.002343750e+1,5.590625000e-1,1.597656250e+0,
-1.899218750e+1,5.600000000e-1,1.398437500e+0,
-1.800000000e+1,6.000000000e-1,1.903125000e+0,
-1.800000000e+1,6.003125000e-1,1.899218750e+0,
-1.700000000e+1,7.168750000e-1,1.701562500e+0,
-1.900000000e+1,6.421875000e-1,1.700000000e+0,
-2.100000000e+1,4.806250000e-1,1.700000000e+0,
-1.999218750e+1,6.809375000e-1,1.698437500e+0,
-1.800000000e+1,6.400000000e-1,1.800000000e+0,
-1.902343750e+1,5.603125000e-1,1.700000000e+0,
-1.499218750e+1,6.784375000e-1,1.701562500e+0,
-1.703125000e+1,6.800000000e-1,1.600000000e+0,
-1.800000000e+1,7.196875000e-1,1.700781250e+0,
-1.695312500e+1,6.390625000e-1,1.598437500e+0,
-1.501562500e+1,6.396875000e-1,1.397656250e+0,
-1.700000000e+1,6.012500000e-1,1.504687500e+0,
-1.400000000e+1,7.200000000e-1,1.798437500e+0,
-1.600781250e+1,6.059375000e-1,1.900781250e+0,
-1.600000000e+1,6.000000000e-1,1.599218750e+0,
-1.700781250e+1,7.587500000e-1,1.798437500e+0,
-1.600000000e+1,5.200000000e-1,1.700000000e+0,
-1.796875000e+1,7.193750000e-1,1.698437500e+0,
-1.803125000e+1,6.803125000e-1,1.400000000e+0,
-1.599218750e+1,8.006250000e-1,1.696875000e+0,
-1.702343750e+1,6.415625000e-1,1.797656250e+0,
-1.700000000e+1,7.200000000e-1,1.798437500e+0,
-1.699218750e+1,6.403125000e-1,2.100000000e+0,
-1.598437500e+1,6.400000000e-1,1.800000000e+0,
-1.601562500e+1,7.987500000e-1,1.800000000e+0,
-1.803906250e+1,5.603125000e-1,1.698437500e+0,
-1.901562500e+1,7.140625000e-1,1.801562500e+0,
-1.603906250e+1,7.196875000e-1,1.500000000e+0,
-1.500781250e+1,6.400000000e-1,1.698437500e+0,
-1.499218750e+1,6.403125000e-1,1.897656250e+0,
-1.800781250e+1,7.603125000e-1,1.599218750e+0,
-1.500781250e+1,6.790625000e-1,1.800000000e+0,
-1.700000000e+1,6.796875000e-1,1.600000000e+0,
-1.396875000e+1,7.221875000e-1,1.996093750e+0,
-1.401562500e+1,6.400000000e-1,2.003125000e+0,
-1.500781250e+1,7.196875000e-1,1.700000000e+0,
-1.600781250e+1,7.200000000e-1,1.902343750e+0,
-1.600000000e+1,7.190625000e-1,2.098437500e+0,
-1.500000000e+1,5.996875000e-1,2.100000000e+0,
-1.600781250e+1,7.184375000e-1,1.799218750e+0,
-1.599218750e+1,6.806250000e-1,1.899218750e+0,
-1.400000000e+1,6.796875000e-1,1.700781250e+0,
-1.600000000e+1,6.800000000e-1,1.800000000e+0,
-1.600000000e+1,6.800000000e-1,1.900000000e+0,
-1.300781250e+1,6.800000000e-1,1.801562500e+0,
-1.700000000e+1,6.800000000e-1,1.800000000e+0,
-1.300781250e+1,7.215625000e-1,2.000781250e+0,
-1.500000000e+1,6.396875000e-1,1.799218750e+0,
-1.399218750e+1,7.596875000e-1,2.100781250e+0,
-1.400000000e+1,6.787500000e-1,1.899218750e+0,
-1.300781250e+1,7.215625000e-1,2.000000000e+0,
-1.400781250e+1,8.003125000e-1,1.799218750e+0,
-1.302343750e+1,8.000000000e-1,2.000000000e+0,
-1.296093750e+1,8.400000000e-1,2.000000000e+0,
-1.500781250e+1,8.000000000e-1,2.002343750e+0,
-1.208593750e+1,7.600000000e-1,1.900000000e+0,
-1.094531250e+1,8.003125000e-1,2.400000000e+0,
-1.395312500e+1,7.596875000e-1,1.903906250e+0,
-1.307812500e+1,7.200000000e-1,2.000000000e+0,
-1.202343750e+1,7.587500000e-1,2.100000000e+0,
-1.500000000e+1,7.996875000e-1,2.196875000e+0,
-1.199218750e+1,8.003125000e-1,2.300781250e+0,
-1.300000000e+1,7.593750000e-1,1.896875000e+0,
-1.197656250e+1,7.609375000e-1,1.998437500e+0,
-1.101562500e+1,8.400000000e-1,2.300000000e+0,
-1.500000000e+1,7.203125000e-1,2.100000000e+0,
-9.976562500e+0,7.978125000e-1,2.305468750e+0,
-1.696875000e+1,7.600000000e-1,1.800000000e+0,
-1.301562500e+1,7.603125000e-1,2.103125000e+0,
-1.299218750e+1,8.006250000e-1,1.998437500e+0,
-1.201562500e+1,7.996875000e-1,2.100781250e+0,
-1.199218750e+1,8.000000000e-1,2.198437500e+0,
-1.301562500e+1,8.000000000e-1,2.100000000e+0,
-1.297656250e+1,7.600000000e-1,2.300000000e+0,
-1.100000000e+1,8.400000000e-1,2.097656250e+0,
-1.301562500e+1,7.996875000e-1,2.101562500e+0,
-1.200000000e+1,8.400000000e-1,2.300000000e+0,
-1.198437500e+1,8.000000000e-1,2.198437500e+0,
-1.600000000e+1,7.984375000e-1,2.200000000e+0,
-1.298437500e+1,6.415625000e-1,2.199218750e+0,
-1.200781250e+1,7.581250000e-1,2.200000000e+0,
-1.100000000e+1,8.390625000e-1,2.100000000e+0,
-1.200000000e+1,7.190625000e-1,2.300000000e+0,
-1.200000000e+1,8.003125000e-1,2.100000000e+0,
-1.198437500e+1,8.396875000e-1,2.200781250e+0,
-1.300000000e+1,8.003125000e-1,2.395312500e+0,
-1.100781250e+1,7.600000000e-1,2.499218750e+0,
-1.099218750e+1,8.000000000e-1,2.196093750e+0,
-9.023437500e+0,8.415625000e-1,2.200781250e+0,
-1.300781250e+1,9.203125000e-1,2.399218750e+0,
-1.000781250e+1,8.368750000e-1,2.198437500e+0,
-1.100000000e+1,7.200000000e-1,2.300000000e+0,
-1.300000000e+1,8.378125000e-1,2.099218750e+0,
-1.000781250e+1,8.803125000e-1,2.400781250e+0,
-1.198437500e+1,9.190625000e-1,2.300000000e+0,
-1.100781250e+1,7.596875000e-1,2.400000000e+0,
-1.101562500e+1,8.400000000e-1,2.500000000e+0,
-9.992187500e+0,8.375000000e-1,2.400000000e+0,
-1.199218750e+1,7.196875000e-1,2.100000000e+0,
-1.099218750e+1,9.175000000e-1,2.298437500e+0,
-1.099218750e+1,8.400000000e-1,2.300781250e+0,
-1.001562500e+1,9.203125000e-1,2.500781250e+0,
-1.200781250e+1,8.396875000e-1,2.099218750e+0,
-9.976562500e+0,8.406250000e-1,2.500781250e+0,
-1.000781250e+1,8.800000000e-1,2.400000000e+0,
-9.984375000e+0,8.806250000e-1,2.499218750e+0,
-1.101562500e+1,8.800000000e-1,2.600000000e+0,
-9.007812500e+0,8.784375000e-1,2.297656250e+0,
-9.000000000e+0,7.203125000e-1,2.000000000e+0,
-1.002343750e+1,9.634375000e-1,2.308593750e+0,
-6.023437500e+0,8.350000000e-1,2.600000000e+0,
-7.953125000e+0,7.600000000e-1,2.400000000e+0,
-9.000000000e+0,9.143750000e-1,2.100000000e+0,
-1.001562500e+1,9.987500000e-1,2.400000000e+0,
-1.195312500e+1,8.396875000e-1,2.300000000e+0,
-3.992187500e+0,9.200000000e-1,2.500000000e+0,
-9.976562500e+0,9.206250000e-1,2.499218750e+0,
-1.000000000e+1,1.000000000e+0,2.700000000e+0,
-1.100000000e+1,8.409375000e-1,2.496875000e+0,
-1.101562500e+1,8.781250000e-1,2.400000000e+0,
-7.007812500e+0,9.603125000e-1,2.696875000e+0,
-8.992187500e+0,8.800000000e-1,2.600000000e+0,
-1.001562500e+1,9.196875000e-1,2.200781250e+0,
-7.015625000e+0,8.800000000e-1,2.396875000e+0,
-7.007812500e+0,1.040000000e+0,2.499218750e+0,
-5.000000000e+0,8.809375000e-1,2.500781250e+0,
-8.000000000e+0,1.000000000e+0,2.500000000e+0,
-7.000000000e+0,9.200000000e-1,2.603125000e+0,
-1.001562500e+1,9.212500000e-1,2.694531250e+0,
-8.992187500e+0,9.600000000e-1,2.297656250e+0,
-9.007812500e+0,9.190625000e-1,2.300781250e+0,
-8.007812500e+0,8.800000000e-1,2.300781250e+0,
-7.007812500e+0,9.546875000e-1,2.401562500e+0,
-6.000000000e+0,1.040625000e+0,2.298437500e+0,
-7.992187500e+0,9.190625000e-1,2.700781250e+0,
-6.039062500e+0,9.603125000e-1,2.500781250e+0,
-5.000000000e+0,1.000000000e+0,2.498437500e+0,
-5.984375000e+0,9.200000000e-1,2.600000000e+0,
-7.031250000e+0,9.596875000e-1,2.602343750e+0,
-7.976562500e+0,9.209375000e-1,2.498437500e+0,
-6.000000000e+0,9.200000000e-1,2.800781250e+0,
-9.039062500e+0,9.196875000e-1,2.700000000e+0,
-8.992187500e+0,9.200000000e-1,2.700000000e+0,
-7.968750000e+0,1.000312500e+0,2.497656250e+0,
-4.992187500e+0,9.987500000e-1,2.498437500e+0,
-5.968750000e+0,9.200000000e-1,2.793750000e+0,
-7.015625000e+0,9.596875000e-1,2.898437500e+0,
-5.984375000e+0,9.600000000e-1,2.500000000e+0,
-9.007812500e+0,9.996875000e-1,2.600000000e+0,
-6.992187500e+0,9.596875000e-1,2.503125000e+0,
-9.992187500e+0,1.000625000e+0,2.900000000e+0,
-6.976562500e+0,1.000312500e+0,2.500781250e+0,
-7.000000000e+0,9.200000000e-1,2.800000000e+0,
-5.000000000e+0,1.000312500e+0,2.600000000e+0,
-6.007812500e+0,1.000000000e+0,2.700000000e+0,
-5.000000000e+0,1.000000000e+0,2.699218750e+0,
-5.000000000e+0,9.193750000e-1,2.599218750e+0,
-6.007812500e+0,9.600000000e-1,2.600000000e+0,
-6.007812500e+0,9.996875000e-1,2.498437500e+0,
-7.000000000e+0,9.603125000e-1,3.000781250e+0,
-6.000000000e+0,8.800000000e-1,2.802343750e+0,
-7.007812500e+0,9.996875000e-1,2.700781250e+0,
-7.000000000e+0,9.596875000e-1,2.600781250e+0,
-7.007812500e+0,1.040312500e+0,3.000000000e+0,
-6.007812500e+0,1.000000000e+0,2.600781250e+0,
-7.000000000e+0,1.041562500e+0,2.897656250e+0,
-8.000000000e+0,9.600000000e-1,2.600000000e+0,
-3.953125000e+0,1.040000000e+0,2.800000000e+0,
-3.015625000e+0,9.596875000e-1,2.697656250e+0,
-4.007812500e+0,1.043437500e+0,2.802343750e+0,
-5.007812500e+0,1.038437500e+0,2.900000000e+0,
-5.000000000e+0,9.190625000e-1,2.599218750e+0,
-4.000000000e+0,1.121250000e+0,2.800000000e+0,
-6.000000000e+0,1.040625000e+0,2.599218750e+0,
-3.000000000e+0,9.600000000e-1,3.001562500e+0,
-6.976562500e+0,1.120937500e+0,2.900000000e+0,
-5.023437500e+0,1.079687500e+0,3.000000000e+0,
-6.000000000e+0,1.040000000e+0,2.800000000e+0,
-5.007812500e+0,1.039687500e+0,2.899218750e+0,
-5.992187500e+0,1.040312500e+0,2.900000000e+0,
-2.960937500e+0,9.603125000e-1,2.799218750e+0,
-3.007812500e+0,9.603125000e-1,2.800000000e+0,
-1.984375000e+0,1.000625000e+0,2.898437500e+0,
-1.007812500e+0,1.080000000e+0,3.100000000e+0,
-2.007812500e+0,1.040312500e+0,2.998437500e+0,
-1.929687500e+0,1.000000000e+0,3.101562500e+0,
-7.000000000e+0,1.040000000e+0,2.600000000e+0,
-3.031250000e+0,9.996875000e-1,2.703125000e+0,
-3.976562500e+0,1.081562500e+0,3.001562500e+0,
-4.007812500e+0,1.120000000e+0,3.100000000e+0,
-3.039062500e+0,1.079687500e+0,3.200000000e+0,
-2.007812500e+0,1.080625000e+0,3.100000000e+0,
-3.007812500e+0,1.000000000e+0,3.100781250e+0,
-1.984375000e+0,1.000000000e+0,2.901562500e+0,
-2.015625000e+0,1.040937500e+0,3.200000000e+0,
-3.000000000e+0,1.079687500e+0,2.900781250e+0,
-1.992187500e+0,1.000000000e+0,3.000781250e+0,
0.000000000e+0,1.200625000e+0,3.000000000e+0,
-3.023437500e+0,1.202187500e+0,3.098437500e+0,
-3.000000000e+0,1.121250000e+0,3.100000000e+0,
-2.000000000e+0,1.000625000e+0,2.900000000e+0,
-9.921875000e-1,1.160937500e+0,3.098437500e+0,
0.000000000e+0,1.120000000e+0,2.900000000e+0,
-1.960937500e+0,1.000937500e+0,2.800000000e+0,
-2.992187500e+0,1.198125000e+0,3.294531250e+0,
1.562500000e-2,1.081250000e+0,3.200000000e+0,
-1.039062500e+0,1.120937500e+0,3.200781250e+0,
-3.031250000e+0,1.200000000e+0,3.098437500e+0,
-2.953125000e+0,1.160312500e+0,2.898437500e+0,
7.812500000e-3,1.238750000e+0,2.895312500e+0,
-1.000000000e+0,1.079062500e+0,2.697656250e+0,
-1.000000000e+0,1.157187500e+0,3.398437500e+0,
-1.007812500e+0,1.120000000e+0,3.000000000e+0,
9.921875000e-1,1.079062500e+0,3.399218750e+0,
0.000000000e+0,1.079062500e+0,3.100000000e+0,
4.687500000e-2,1.279375000e+0,3.400000000e+0,
-3.023437500e+0,1.199687500e+0,3.102343750e+0,
2.085937500e+0,1.200000000e+0,2.898437500e+0,
9.375000000e-1,1.161562500e+0,3.202343750e+0,
-1.000000000e+0,1.120000000e+0,3.300000000e+0,
0.000000000e+0,1.159687500e+0,3.197656250e+0,
-1.007812500e+0,1.200000000e+0,3.400000000e+0,
1.562500000e-2,1.160937500e+0,2.900000000e+0,
1.015625000e+0,1.240625000e+0,3.296093750e+0,
1.015625000e+0,9.996875000e-1,3.103906250e+0,
-1.976562500e+0,1.240625000e+0,3.100000000e+0,
-2.007812500e+0,1.160000000e+0,3.298437500e+0,
-1.007812500e+0,1.160312500e+0,3.497656250e+0,
-7.812500000e-3,1.239375000e+0,3.198437500e+0,
0.000000000e+0,1.118437500e+0,3.300000000e+0,
2.343750000e-2,1.119375000e+0,3.300000000e+0,
-9.921875000e-1,1.281875000e+0,3.400000000e+0,
2.046875000e+0,1.080000000e+0,3.300781250e+0,
2.968750000e+0,1.079687500e+0,3.300000000e+0,
-1.007812500e+0,1.160625000e+0,3.402343750e+0,
1.000000000e+0,1.240000000e+0,3.502343750e+0,
-7.812500000e-3,1.200625000e+0,3.100000000e+0,
7.812500000e-3,1.159375000e+0,3.400000000e+0,
2.007812500e+0,1.200312500e+0,3.202343750e+0,
2.000000000e+0,1.120625000e+0,3.197656250e+0,
3.000000000e+0,1.199062500e+0,3.400000000e+0,
0.000000000e+0,1.320000000e+0,3.200781250e+0,
1.000000000e+0,1.239687500e+0,3.199218750e+0,
9.921875000e-1,1.240000000e+0,3.300000000e+0,
2.000000000e+0,1.278750000e+0,3.499218750e+0,
1.000000000e+0,1.319687500e+0,3.400000000e+0,
-2.007812500e+0,1.320312500e+0,3.397656250e+0,
1.031250000e+0,1.197500000e+0,3.100781250e+0,
4.007812500e+0,1.161250000e+0,3.400000000e+0,
4.992187500e+0,1.280312500e+0,3.200781250e+0,
4.039062500e+0,1.280000000e+0,3.600000000e+0,
2.007812500e+0,1.280000000e+0,3.300000000e+0,
2.976562500e+0,1.280000000e+0,3.596875000e+0,
3.968750000e+0,1.240000000e+0,3.600000000e+0,
5.015625000e+0,1.280937500e+0,3.800000000e+0,
3.023437500e+0,1.319687500e+0,3.599218750e+0,
3.953125000e+0,1.199062500e+0,3.700000000e+0,
5.007812500e+0,1.397187500e+0,3.200000000e+0,
4.992187500e+0,1.321250000e+0,3.596093750e+0,
3.000000000e+0,1.240000000e+0,3.500000000e+0,
5.000000000e+0,1.240625000e+0,3.599218750e+0,
3.984375000e+0,1.280000000e+0,3.499218750e+0,
5.007812500e+0,1.240000000e+0,3.800000000e+0,
6.000000000e+0,1.240000000e+0,3.500000000e+0,
3.039062500e+0,1.201250000e+0,3.797656250e+0,
2.976562500e+0,1.199687500e+0,3.600000000e+0,
4.000000000e+0,1.239687500e+0,3.798437500e+0,
2.007812500e+0,1.240937500e+0,3.398437500e+0,
3.968750000e+0,1.322187500e+0,3.600000000e+0,
4.984375000e+0,1.318437500e+0,3.397656250e+0,
5.992187500e+0,1.200000000e+0,3.500000000e+0,
5.000000000e+0,1.280000000e+0,3.700000000e+0,
6.000000000e+0,1.240000000e+0,3.399218750e+0,
5.007812500e+0,1.240625000e+0,3.803906250e+0,
6.992187500e+0,1.279687500e+0,3.900000000e+0,
4.015625000e+0,1.240000000e+0,3.599218750e+0,
3.000000000e+0,1.280937500e+0,3.699218750e+0,
4.007812500e+0,1.319687500e+0,3.500781250e+0,
4.984375000e+0,1.280937500e+0,3.700000000e+0,
7.000000000e+0,1.200000000e+0,3.899218750e+0,
5.000000000e+0,1.281250000e+0,3.500781250e+0,
4.992187500e+0,1.320000000e+0,3.699218750e+0,
6.039062500e+0,1.320000000e+0,3.600000000e+0,
2.000000000e+0,1.320312500e+0,3.794531250e+0,
6.984375000e+0,1.240000000e+0,3.898437500e+0,
6.000000000e+0,1.320312500e+0,3.496093750e+0,
7.007812500e+0,1.320312500e+0,3.600781250e+0,
5.992187500e+0,1.359375000e+0,3.799218750e+0,
5.007812500e+0,1.280625000e+0,3.701562500e+0,
3.000000000e+0,1.400625000e+0,3.900781250e+0,
5.007812500e+0,1.322500000e+0,3.503125000e+0,
5.976562500e+0,1.320312500e+0,3.601562500e+0,
1.000000000e+1,1.399687500e+0,3.900000000e+0,
6.015625000e+0,1.319687500e+0,3.900000000e+0,
5.968750000e+0,1.360000000e+0,3.598437500e+0,
7.976562500e+0,1.358750000e+0,3.600000000e+0,
8.039062500e+0,1.280312500e+0,3.700000000e+0,
6.023437500e+0,1.280625000e+0,3.700781250e+0,
1.001562500e+1,1.240000000e+0,3.700000000e+0,
6.953125000e+0,1.321250000e+0,3.799218750e+0,
6.007812500e+0,1.440000000e+0,3.901562500e+0,
5.968750000e+0,1.317812500e+0,4.100000000e+0,
4.015625000e+0,1.280625000e+0,3.901562500e+0,
8.976562500e+0,1.398437500e+0,3.700000000e+0,
7.007812500e+0,1.400000000e+0,3.900781250e+0,
9.000000000e+0,1.400312500e+0,3.800000000e+0,
6.007812500e+0,1.399687500e+0,3.899218750e+0,
6.953125000e+0,1.321250000e+0,3.803125000e+0,
1.002343750e+1,1.439687500e+0,4.100000000e+0,
5.992187500e+0,1.320000000e+0,3.800000000e+0,
1.000781250e+1,1.398437500e+0,3.900781250e+0,
5.992187500e+0,1.359687500e+0,4.100000000e+0,
8.023437500e+0,1.400000000e+0,3.999218750e+0,
9.007812500e+0,1.360000000e+0,3.900781250e+0,
1.001562500e+1,1.399062500e+0,4.000000000e+0,
5.000000000e+0,1.280000000e+0,3.899218750e+0,
9.000000000e+0,1.478750000e+0,4.100000000e+0,
6.000000000e+0,1.440937500e+0,3.900000000e+0,
7.992187500e+0,1.400625000e+0,3.898437500e+0,
7.000000000e+0,1.319687500e+0,4.000000000e+0,
6.976562500e+0,1.439687500e+0,3.899218750e+0,
9.992187500e+0,1.280000000e+0,4.195312500e+0,
8.015625000e+0,1.399375000e+0,4.301562500e+0,
8.000000000e+0,1.440312500e+0,3.703906250e+0,
8.000000000e+0,1.440000000e+0,4.000000000e+0,
7.000000000e+0,1.440000000e+0,4.000781250e+0,
9.015625000e+0,1.440312500e+0,4.099218750e+0,
9.992187500e+0,1.480625000e+0,3.796875000e+0,
8.992187500e+0,1.438750000e+0,3.803906250e+0,
9.000000000e+0,1.360312500e+0,4.100781250e+0,
8.000000000e+0,1.476875000e+0,4.002343750e+0,
8.992187500e+0,1.480312500e+0,3.998437500e+0,
1.003125000e+1,1.480000000e+0,4.200781250e+0,
7.000000000e+0,1.439687500e+0,4.100781250e+0,
1.092968750e+1,1.400312500e+0,3.898437500e+0,
1.196875000e+1,1.360000000e+0,4.300000000e+0,
1.294531250e+1,1.518125000e+0,4.207031250e+0,
8.992187500e+0,1.521562500e+0,3.797656250e+0,
1.201562500e+1,1.439375000e+0,4.300781250e+0,
9.984375000e+0,1.400312500e+0,4.001562500e+0,
9.960937500e+0,1.440000000e+0,3.900000000e+0,
7.000000000e+0,1.399687500e+0,3.803125000e+0,
1.001562500e+1,1.360625000e+0,4.299218750e+0,
1.000000000e+1,1.475937500e+0,3.906250000e+0,
1.098437500e+1,1.520000000e+0,4.000781250e+0,
1.103125000e+1,1.439375000e+0,4.200000000e+0,
8.984375000e+0,1.440000000e+0,4.100000000e+0,
1.296093750e+1,1.440000000e+0,4.202343750e+0,
1.203906250e+1,1.480625000e+0,4.299218750e+0,
1.099218750e+1,1.520312500e+0,4.101562500e+0,
1.099218750e+1,1.479687500e+0,4.100781250e+0,
1.101562500e+1,1.519687500e+0,4.300000000e+0,
1.298437500e+1,1.440625000e+0,4.200000000e+0,
1.000000000e+1,1.600000000e+0,4.099218750e+0,
1.300000000e+1,1.438437500e+0,4.100781250e+0,
1.200000000e+1,1.440000000e+0,4.300000000e+0,
1.299218750e+1,1.357187500e+0,4.400000000e+0,
1.100000000e+1,1.599375000e+0,4.199218750e+0,
1.298437500e+1,1.520000000e+0,4.197656250e+0,
1.400000000e+1,1.519687500e+0,4.300000000e+0,
1.301562500e+1,1.599375000e+0,4.098437500e+0,
9.000000000e+0,1.438750000e+0,4.000000000e+0,
1.297656250e+1,1.479062500e+0,4.197656250e+0,
1.100000000e+1,1.481250000e+0,4.398437500e+0,
1.200000000e+1,1.480312500e+0,4.300781250e+0,
1.200000000e+1,1.519687500e+0,4.099218750e+0,
1.198437500e+1,1.479687500e+0,4.201562500e+0,
1.100000000e+1,1.522187500e+0,4.302343750e+0,
1.300781250e+1,1.559687500e+0,4.500000000e+0,
1.300000000e+1,1.520000000e+0,4.099218750e+0,
1.500000000e+1,1.560312500e+0,4.400000000e+0,
1.100000000e+1,1.560000000e+0,3.899218750e+0,
1.299218750e+1,1.560000000e+0,4.504687500e+0,
1.303125000e+1,1.479062500e+0,4.600000000e+0,
1.100000000e+1,1.440312500e+0,4.600000000e+0,
1.296875000e+1,1.559062500e+0,4.600000000e+0,
1.396875000e+1,1.563125000e+0,4.301562500e+0,
1.095312500e+1,1.479687500e+0,4.200000000e+0,
1.106250000e+1,1.640000000e+0,4.200781250e+0,
1.504687500e+1,1.478125000e+0,4.500781250e+0,
1.394531250e+1,1.521250000e+0,4.400000000e+0,
1.098437500e+1,1.600000000e+0,4.400000000e+0,
1.196093750e+1,1.520625000e+0,4.301562500e+0,
1.300000000e+1,1.440000000e+0,4.199218750e+0,
1.200000000e+1,1.519062500e+0,4.400000000e+0,
1.200000000e+1,1.559687500e+0,4.298437500e+0,
1.199218750e+1,1.560625000e+0,4.300000000e+0,
1.299218750e+1,1.599687500e+0,4.400000000e+0,
1.300781250e+1,1.479687500e+0,4.200000000e+0,
1.405468750e+1,1.559375000e+0,4.399218750e+0,
1.699218750e+1,1.520000000e+0,4.299218750e+0,
1.398437500e+1,1.600000000e+0,4.503125000e+0,
1.499218750e+1,1.518750000e+0,4.699218750e+0,
1.199218750e+1,1.479687500e+0,4.300000000e+0,
1.400000000e+1,1.480000000e+0,4.701562500e+0,
1.300000000e+1,1.480312500e+0,4.499218750e+0,
1.400781250e+1,1.558750000e+0,4.596875000e+0,
1.500000000e+1,1.559687500e+0,4.600000000e+0,
1.600000000e+1,1.640000000e+0,4.300000000e+0,
1.398437500e+1,1.599687500e+0,4.596875000e+0,
1.300000000e+1,1.600000000e+0,4.500000000e+0,
1.300000000e+1,1.560000000e+0,4.400000000e+0,
1.300000000e+1,1.600625000e+0,4.399218750e+0,
1.401562500e+1,1.559375000e+0,4.400000000e+0,
1.600000000e+1,1.680312500e+0,4.400000000e+0,
1.499218750e+1,1.556562500e+0,4.500000000e+0,
1.603125000e+1,1.480625000e+0,4.499218750e+0,
1.598437500e+1,1.601250000e+0,4.500000000e+0,
1.200000000e+1,1.559062500e+0,4.500000000e+0,
1.501562500e+1,1.558750000e+0,4.500781250e+0,
1.600000000e+1,1.600000000e+0,4.300000000e+0,
1.500781250e+1,1.680937500e+0,4.498437500e+0,
1.500000000e+1,1.680625000e+0,4.400000000e+0,
1.501562500e+1,1.480000000e+0,4.400000000e+0,
1.399218750e+1,1.680000000e+0,4.500000000e+0,
1.500000000e+1,1.522187500e+0,4.600000000e+0,
1.399218750e+1,1.595625000e+0,4.600000000e+0,
1.500781250e+1,1.719687500e+0,4.600781250e+0,
1.600781250e+1,1.680312500e+0,4.396875000e+0,
1.599218750e+1,1.600000000e+0,4.800000000e+0,
1.599218750e+1,1.599062500e+0,4.500000000e+0,
1.600781250e+1,1.519687500e+0,4.696875000e+0,
1.699218750e+1,1.680312500e+0,4.603125000e+0,
1.602343750e+1,1.519687500e+0,4.400000000e+0,
1.499218750e+1,1.600000000e+0,4.399218750e+0,
1.699218750e+1,1.599375000e+0,4.498437500e+0,
1.699218750e+1,1.479687500e+0,4.401562500e+0,
1.702343750e+1,1.559687500e+0,4.800000000e+0,
1.403125000e+1,1.479687500e+0,4.600000000e+0,
1.503906250e+1,1.635937500e+0,4.900000000e+0,
1.700000000e+1,1.640000000e+0,4.601562500e+0,
1.600781250e+1,1.680000000e+0,4.800000000e+0,
1.698437500e+1,1.599687500e+0,4.800000000e+0,
1.300000000e+1,1.640937500e+0,4.899218750e+0,
1.901562500e+1,1.680312500e+0,4.700000000e+0,
1.797656250e+1,1.600937500e+0,4.399218750e+0,
1.399218750e+1,1.599687500e+0,4.499218750e+0,
1.700000000e+1,1.600000000e+0,4.597656250e+0,
1.500000000e+1,1.599687500e+0,4.900000000e+0,
1.600000000e+1,1.640000000e+0,4.701562500e+0,
1.600000000e+1,1.599687500e+0,4.499218750e+0,
1.697656250e+1,1.600000000e+0,4.700000000e+0,
2.099218750e+1,1.641875000e+0,4.796875000e+0,
1.900000000e+1,1.559687500e+0,4.901562500e+0,
1.499218750e+1,1.680000000e+0,4.599218750e+0,
1.702343750e+1,1.559062500e+0,4.700000000e+0,
1.800000000e+1,1.641250000e+0,4.500000000e+0,
1.797656250e+1,1.640000000e+0,4.601562500e+0,
1.597656250e+1,1.680000000e+0,4.700000000e+0,
1.900000000e+1,1.679687500e+0,4.700000000e+0,
1.601562500e+1,1.760000000e+0,4.898437500e+0,
1.792968750e+1,1.600625000e+0,4.800000000e+0,
1.805468750e+1,1.601562500e+0,4.700000000e+0,
1.694531250e+1,1.800312500e+0,4.900000000e+0,
1.996875000e+1,1.720625000e+0,4.700000000e+0,
1.796875000e+1,1.759062500e+0,4.800000000e+0,
1.700000000e+1,1.680625000e+0,4.698437500e+0,
1.800000000e+1,1.639062500e+0,4.900000000e+0,
1.700000000e+1,1.678750000e+0,4.699218750e+0,
1.900781250e+1,1.561250000e+0,4.899218750e+0,
1.799218750e+1,1.800000000e+0,4.900000000e+0,
1.800000000e+1,1.561875000e+0,4.900000000e+0,
2.001562500e+1,1.707500000e+0,4.505468750e+0,
1.701562500e+1,1.880000000e+0,4.700000000e+0,
1.799218750e+1,1.678437500e+0,4.897656250e+0,
1.800000000e+1,1.681250000e+0,4.599218750e+0,
1.899218750e+1,1.679375000e+0,4.800000000e+0,
1.899218750e+1,1.720937500e+0,4.599218750e+0,
2.000781250e+1,1.760000000e+0,4.900000000e+0,
1.998437500e+1,1.679375000e+0,4.900000000e+0,
1.899218750e+1,1.640000000e+0,4.700000000e+0,
1.898437500e+1,1.718125000e+0,4.901562500e+0,
1.800781250e+1,1.560625000e+0,4.900000000e+0,
2.099218750e+1,1.840000000e+0,4.897656250e+0,
2.000000000e+1,1.677812500e+0,4.598437500e+0,
1.799218750e+1,1.716562500e+0,4.797656250e+0,
1.800000000e+1,1.760000000e+0,4.900000000e+0,
1.798437500e+1,1.760312500e+0,4.900000000e+0,
2.100000000e+1,1.799375000e+0,4.900000000e+0,
2.000781250e+1,1.679375000e+0,4.799218750e+0,
1.901562500e+1,1.681250000e+0,5.100000000e+0,
1.800000000e+1,1.760000000e+0,4.900781250e+0,
2.000000000e+1,1.641250000e+0,4.999218750e+0,
1.799218750e+1,1.680937500e+0,4.698437500e+0,
1.803125000e+1,1.760312500e+0,4.900781250e+0,
2.099218750e+1,1.719687500e+0,4.996875000e+0,
1.699218750e+1,1.719375000e+0,4.702343750e+0,
2.200000000e+1,1.638125000e+0,5.100000000e+0,
1.698437500e+1,1.596875000e+0,4.703906250e+0,
1.898437500e+1,1.800625000e+0,4.700781250e+0,
1.997656250e+1,1.798125000e+0,4.900000000e+0,
2.200781250e+1,1.639687500e+0,4.900000000e+0,
1.795312500e+1,1.760000000e+0,4.700000000e+0,
2.596875000e+1,1.717812500e+0,4.900000000e+0,
2.007812500e+1,1.640000000e+0,5.000000000e+0,
2.002343750e+1,1.717812500e+0,4.801562500e+0,
2.000781250e+1,1.720000000e+0,4.901562500e+0,
1.997656250e+1,1.720000000e+0,5.198437500e+0,
1.800000000e+1,1.719687500e+0,5.296093750e+0,
2.002343750e+1,1.680312500e+0,4.798437500e+0,
1.999218750e+1,1.760625000e+0,4.999218750e+0,
1.901562500e+1,1.761250000e+0,4.999218750e+0,
1.800781250e+1,1.680000000e+0,5.100000000e+0,
1.799218750e+1,1.721250000e+0,4.999218750e+0,
1.900000000e+1,1.799687500e+0,5.000781250e+0,
1.797656250e+1,1.675937500e+0,4.995312500e+0,
2.199218750e+1,1.643750000e+0,4.900781250e+0,
1.902343750e+1,1.840000000e+0,5.200000000e+0,
2.102343750e+1,1.724062500e+0,4.698437500e+0,
1.999218750e+1,1.721250000e+0,4.900000000e+0,
1.899218750e+1,1.799687500e+0,4.900781250e+0,
2.000781250e+1,1.680000000e+0,5.097656250e+0,
2.200000000e+1,1.880937500e+0,4.898437500e+0,
1.900000000e+1,1.760000000e+0,5.399218750e+0,
2.000000000e+1,1.719375000e+0,4.996093750e+0,
1.600781250e+1,1.798750000e+0,4.900000000e+0,
1.798437500e+1,1.800937500e+0,4.798437500e+0,
1.898437500e+1,1.720000000e+0,5.100000000e+0,
2.100000000e+1,1.800312500e+0,5.100000000e+0,
2.099218750e+1,1.720000000e+0,5.000000000e+0,
2.197656250e+1,1.679375000e+0,5.099218750e+0,
2.300781250e+1,1.879687500e+0,5.100000000e+0,
2.000000000e+1,1.719687500e+0,5.100000000e+0,
2.303125000e+1,1.800000000e+0,5.096875000e+0,
2.196875000e+1,1.839375000e+0,4.801562500e+0,
1.898437500e+1,1.798750000e+0,4.998437500e+0,
2.003125000e+1,1.719375000e+0,4.700781250e+0,
2.200000000e+1,1.761562500e+0,5.203125000e+0,
2.000000000e+1,1.920000000e+0,5.105468750e+0,
2.199218750e+1,1.801250000e+0,4.897656250e+0,
2.105468750e+1,1.841562500e+0,5.200000000e+0,
1.797656250e+1,1.960000000e+0,4.900000000e+0,
2.292968750e+1,1.840312500e+0,5.098437500e+0,
2.207812500e+1,1.840000000e+0,5.000000000e+0,
1.998437500e+1,1.761875000e+0,5.100000000e+0,
2.103125000e+1,1.639375000e+0,5.000000000e+0,
2.199218750e+1,1.760312500e+0,5.100000000e+0,
2.100781250e+1,1.719062500e+0,5.000781250e+0,
2.197656250e+1,1.720000000e+0,4.900000000e+0,
1.896875000e+1,1.800000000e+0,5.001562500e+0,
2.001562500e+1,1.719062500e+0,5.100000000e+0,
2.196875000e+1,1.719062500e+0,4.898437500e+0,
2.303906250e+1,1.719687500e+0,5.200781250e+0,
1.999218750e+1,1.760625000e+0,5.100000000e+0,
2.396093750e+1,1.840000000e+0,5.200000000e+0,
2.402343750e+1,1.799375000e+0,5.400000000e+0,
2.203906250e+1,1.800937500e+0,5.198437500e+0,
2.101562500e+1,1.840625000e+0,5.100000000e+0,
2.199218750e+1,1.719687500e+0,4.899218750e+0,
1.998437500e+1,1.880312500e+0,4.900000000e+0,
2.101562500e+1,1.799062500e+0,5.100000000e+0,
2.200000000e+1,1.800000000e+0,5.100000000e+0,
2.100000000e+1,1.760312500e+0,5.100000000e+0,
1.999218750e+1,1.800000000e+0,5.100000000e+0,
1.901562500e+1,1.720937500e+0,4.800000000e+0,
2.100000000e+1,1.799687500e+0,5.100000000e+0,
1.800000000e+1,1.800000000e+0,4.800781250e+0,
2.101562500e+1,1.639687500e+0,5.098437500e+0,
2.200000000e+1,1.841562500e+0,5.100000000e+0,
2.000000000e+1,1.798125000e+0,5.100000000e+0,
2.097656250e+1,1.719687500e+0,5.196875000e+0,
2.200000000e+1,1.760937500e+0,5.405468750e+0,
2.100000000e+1,1.720625000e+0,5.000000000e+0,
1.900781250e+1,1.840312500e+0,5.300000000e+0,
2.203125000e+1,1.758125000e+0,5.092187500e+0,
2.298437500e+1,1.722187500e+0,5.001562500e+0,
2.099218750e+1,1.799687500e+0,5.300000000e+0,
2.100000000e+1,1.759062500e+0,5.199218750e+0,
2.100000000e+1,1.920937500e+0,5.100000000e+0,
2.100000000e+1,1.840625000e+0,4.899218750e+0,
2.297656250e+1,1.720000000e+0,5.202343750e+0,
2.602343750e+1,1.840312500e+0,5.200000000e+0,
2.103125000e+1,1.759687500e+0,5.100781250e+0,
2.199218750e+1,1.800625000e+0,5.000000000e+0,
2.000000000e+1,1.679062500e+0,5.299218750e+0,
2.305468750e+1,1.839687500e+0,5.100781250e+0,
2.391406250e+1,1.720000000e+0,5.100781250e+0,
1.898437500e+1,1.801875000e+0,5.400000000e+0,
2.304687500e+1,1.879687500e+0,5.100000000e+0,
2.195312500e+1,1.800000000e+0,5.400000000e+0,
2.096093750e+1,1.800000000e+0,5.103125000e+0,
2.398437500e+1,1.799687500e+0,4.999218750e+0,
2.200000000e+1,1.840000000e+0,5.200000000e+0,
2.297656250e+1,1.799375000e+0,5.498437500e+0,
2.400781250e+1,1.801562500e+0,5.199218750e+0,
2.300781250e+1,1.879687500e+0,5.300000000e+0,
2.393750000e+1,1.760312500e+0,4.900000000e+0,
2.495312500e+1,1.959687500e+0,5.294531250e+0,
2.096093750e+1,1.760000000e+0,5.300000000e+0,
2.307031250e+1,1.840000000e+0,5.198437500e+0,
2.598437500e+1,1.840937500e+0,5.200781250e+0,
2.198437500e+1,1.960000000e+0,5.399218750e+0,
2.200781250e+1,1.840000000e+0,5.298437500e+0,
2.500000000e+1,2.000312500e+0,5.199218750e+0,
2.396093750e+1,1.964687500e+0,5.200781250e+0,
2.200000000e+1,1.879687500e+0,5.100000000e+0,
2.500000000e+1,1.879687500e+0,5.300000000e+0,
2.500000000e+1,1.799687500e+0,5.101562500e+0,
2.500000000e+1,1.840000000e+0,5.200000000e+0,
2.300000000e+1,1.880312500e+0,5.200000000e+0,
2.400000000e+1,1.919375000e+0,5.200000000e+0,
2.300781250e+1,1.880937500e+0,5.200000000e+0,
2.600781250e+1,1.718750000e+0,5.300000000e+0,
2.394531250e+1,1.722500000e+0,5.300000000e+0,
2.406250000e+1,1.880312500e+0,5.398437500e+0,
2.800781250e+1,1.880000000e+0,5.197656250e+0,
2.600000000e+1,1.919687500e+0,5.298437500e+0,
2.599218750e+1,1.845000000e+0,5.500781250e+0,
2.500781250e+1,1.800000000e+0,5.098437500e+0,
2.397656250e+1,1.960000000e+0,5.196875000e+0,
2.798437500e+1,1.840312500e+0,5.399218750e+0,
2.701562500e+1,1.879687500e+0,5.400000000e+0,
2.702343750e+1,1.880000000e+0,5.500000000e+0,
2.396875000e+1,1.920625000e+0,5.300781250e+0,
2.501562500e+1,1.876875000e+0,5.300000000e+0,
2.499218750e+1,2.040000000e+0,5.299218750e+0,
2.602343750e+1,1.840000000e+0,5.401562500e+0,
2.701562500e+1,2.000000000e+0,5.200000000e+0,
2.696875000e+1,1.956875000e+0,5.398437500e+0,
2.501562500e+1,1.760312500e+0,5.600000000e+0,
2.800000000e+1,1.875625000e+0,5.307812500e+0,
2.500781250e+1,1.920000000e+0,4.900000000e+0,
2.700000000e+1,1.920000000e+0,5.298437500e+0,
2.401562500e+1,1.919375000e+0,5.196093750e+0,
2.199218750e+1,1.798750000e+0,5.100781250e+0,
2.394531250e+1,1.840937500e+0,5.300000000e+0,
2.603125000e+1,1.880000000e+0,5.200000000e+0,
2.298437500e+1,1.843125000e+0,4.999218750e+0,
2.607031250e+1,1.800000000e+0,5.297656250e+0,
2.796093750e+1,1.880000000e+0,5.400000000e+0,
2.198437500e+1,1.799687500e+0,5.399218750e+0,
2.400000000e+1,1.841562500e+0,5.400000000e+0,
2.699218750e+1,1.960000000e+0,5.400000000e+0,
2.300000000e+1,1.803125000e+0,5.399218750e+0,
2.700781250e+1,1.759062500e+0,5.199218750e+0,
2.500000000e+1,1.839375000e+0,5.400000000e+0,
2.400000000e+1,1.879687500e+0,5.300000000e+0,
2.400000000e+1,1.920625000e+0,5.600000000e+0,
2.600781250e+1,1.959687500e+0,5.302343750e+0,
2.599218750e+1,1.880000000e+0,5.300000000e+0,
2.700000000e+1,1.920312500e+0,5.401562500e+0,
2.500000000e+1,1.879687500e+0,5.201562500e+0,
2.600000000e+1,1.960000000e+0,5.303125000e+0,
2.500000000e+1,1.839062500e+0,5.600000000e+0,
2.600000000e+1,1.921562500e+0,5.400000000e+0,
2.498437500e+1,1.919687500e+0,5.303125000e+0,
2.496875000e+1,1.880000000e+0,5.500000000e+0,
2.604687500e+1,1.999375000e+0,5.000000000e+0,
2.201562500e+1,2.000000000e+0,5.491406250e+0,
2.490625000e+1,2.000312500e+0,5.600000000e+0,
2.603125000e+1,1.880000000e+0,5.199218750e+0,
2.406250000e+1,1.960000000e+0,5.395312500e+0,
2.389843750e+1,1.920937500e+0,5.600000000e+0,
2.800781250e+1,1.879062500e+0,5.198437500e+0,
2.397656250e+1,1.920000000e+0,5.795312500e+0,
2.200781250e+1,1.840937500e+0,5.501562500e+0,
2.700000000e+1,1.840312500e+0,5.400781250e+0,
2.296875000e+1,1.960937500e+0,5.499218750e+0,
2.500781250e+1,2.040000000e+0,5.500000000e+0,
2.600000000e+1,1.960000000e+0,5.400000000e+0,
2.400000000e+1,2.000312500e+0,5.607031250e+0,
2.500000000e+1,1.920312500e+0,5.200000000e+0,
2.200781250e+1,1.920625000e+0,5.701562500e+0,
2.299218750e+1,1.917187500e+0,5.296093750e+0,
2.298437500e+1,1.841562500e+0,5.500781250e+0,
2.498437500e+1,2.000937500e+0,5.499218750e+0,
2.499218750e+1,1.920312500e+0,5.500000000e+0,
2.603125000e+1,1.919687500e+0,5.400000000e+0,
2.799218750e+1,1.880000000e+0,5.199218750e+0,
2.499218750e+1,1.878437500e+0,5.301562500e+0,
2.800781250e+1,1.758750000e+0,5.400000000e+0,
2.701562500e+1,1.800000000e+0,5.297656250e+0,
2.400000000e+1,1.999687500e+0,5.304687500e+0,
2.299218750e+1,1.840937500e+0,5.699218750e+0,
2.299218750e+1,1.959062500e+0,5.400000000e+0,
2.400000000e+1,1.838437500e+0,5.400000000e+0,
2.300000000e+1,1.800312500e+0,5.499218750e+0,
2.300000000e+1,1.880625000e+0,5.500000000e+0,
2.300781250e+1,1.960625000e+0,5.500000000e+0,
2.300000000e+1,1.960625000e+0,5.500781250e+0,
2.600000000e+1,1.799687500e+0,5.399218750e+0,
2.299218750e+1,1.960937500e+0,5.302343750e+0,
2.403125000e+1,1.919375000e+0,5.499218750e+0,
2.700000000e+1,1.919375000e+0,5.098437500e+0,
2.501562500e+1,1.799062500e+0,5.302343750e+0,
2.300000000e+1,1.882187500e+0,5.200000000e+0,
2.200781250e+1,1.963750000e+0,5.197656250e+0,
2.597656250e+1,1.799687500e+0,5.600781250e+0,
2.702343750e+1,1.920312500e+0,5.500000000e+0,
2.500000000e+1,1.759375000e+0,5.400000000e+0,
2.696875000e+1,1.800000000e+0,5.399218750e+0,
2.700781250e+1,1.921250000e+0,5.200000000e+0,
2.601562500e+1,1.920000000e+0,5.500000000e+0,
2.499218750e+1,1.919687500e+0,5.402343750e+0,
2.500781250e+1,1.920000000e+0,5.400781250e+0,
2.497656250e+1,1.960312500e+0,5.699218750e+0,
2.402343750e+1,1.959687500e+0,5.597656250e+0,
2.700000000e+1,1.879375000e+0,5.298437500e+0,
2.398437500e+1,1.839375000e+0,5.199218750e+0,
2.500000000e+1,1.759375000e+0,5.399218750e+0,
2.301562500e+1,1.880000000e+0,5.399218750e+0,
2.399218750e+1,1.880000000e+0,5.299218750e+0,
2.399218750e+1,1.919687500e+0,5.198437500e+0,
2.596093750e+1,1.841250000e+0,5.204687500e+0,
2.901562500e+1,1.960000000e+0,5.500000000e+0,
2.505468750e+1,1.840000000e+0,5.200000000e+0,
2.500781250e+1,1.917187500e+0,5.100781250e+0,
2.399218750e+1,1.919375000e+0,5.500000000e+0,
2.300781250e+1,1.880000000e+0,5.598437500e+0,
2.500781250e+1,1.920000000e+0,5.199218750e+0,
2.499218750e+1,1.879687500e+0,5.400000000e+0,
2.600000000e+1,1.920000000e+0,5.199218750e+0,
2.200000000e+1,1.920312500e+0,5.602343750e+0,
2.199218750e+1,1.880000000e+0,5.600000000e+0,
2.299218750e+1,1.880000000e+0,5.600000000e+0,
2.300000000e+1,1.840000000e+0,5.400000000e+0,
2.201562500e+1,1.839687500e+0,5.299218750e+0,
2.099218750e+1,1.800000000e+0,5.498437500e+0,
2.397656250e+1,1.879687500e+0,5.400781250e+0,
2.400000000e+1,1.839687500e+0,5.199218750e+0,
2.300000000e+1,1.879687500e+0,5.400000000e+0,
2.099218750e+1,1.800000000e+0,5.398437500e+0,
2.303906250e+1,1.882187500e+0,5.298437500e+0,
2.597656250e+1,1.920312500e+0,5.198437500e+0,
2.198437500e+1,1.919375000e+0,5.101562500e+0,
2.498437500e+1,1.880000000e+0,5.300000000e+0,
2.500000000e+1,1.919687500e+0,5.200000000e+0,
2.500000000e+1,1.880312500e+0,5.398437500e+0,
2.401562500e+1,1.839687500e+0,5.398437500e+0,
2.299218750e+1,1.800000000e+0,5.300000000e+0,
2.397656250e+1,1.839687500e+0,5.399218750e+0,
2.401562500e+1,1.880000000e+0,5.300000000e+0,
2.299218750e+1,1.801562500e+0,5.303906250e+0,
2.404687500e+1,1.720312500e+0,4.900781250e+0,
2.600000000e+1,1.760625000e+0,5.201562500e+0,
2.295312500e+1,1.881250000e+0,5.400000000e+0,
2.097656250e+1,1.960000000e+0,5.200000000e+0,
2.103906250e+1,1.799687500e+0,5.202343750e+0,
2.399218750e+1,1.880312500e+0,5.400000000e+0,
2.199218750e+1,1.802187500e+0,5.201562500e+0,
2.498437500e+1,1.839687500e+0,5.300000000e+0,
2.302343750e+1,1.839062500e+0,5.300000000e+0,
2.299218750e+1,1.760312500e+0,5.400000000e+0,
2.298437500e+1,1.880937500e+0,5.297656250e+0,
2.401562500e+1,1.838437500e+0,5.199218750e+0,
2.200000000e+1,1.759687500e+0,5.198437500e+0,
2.400000000e+1,1.799687500e+0,5.199218750e+0,
2.199218750e+1,1.800000000e+0,5.000000000e+0,
2.401562500e+1,1.840312500e+0,5.400000000e+0,
2.399218750e+1,1.880000000e+0,5.499218750e+0,
2.300000000e+1,1.879375000e+0,5.197656250e+0,
2.299218750e+1,1.800000000e+0,5.000000000e+0,
2.200000000e+1,1.757500000e+0,5.000000000e+0,
2.200000000e+1,1.880000000e+0,4.900000000e+0,
2.100000000e+1,1.760000000e+0,5.097656250e+0,
2.100000000e+1,1.799687500e+0,5.100781250e+0,
2.099218750e+1,1.799687500e+0,4.899218750e+0,
2.199218750e+1,1.759062500e+0,5.000000000e+0,
2.300781250e+1,1.759062500e+0,5.099218750e+0,
2.200000000e+1,1.878125000e+0,5.200000000e+0,
2.300000000e+1,1.839062500e+0,5.200000000e+0,
2.196093750e+1,1.799062500e+0,5.198437500e+0,
2.000000000e+1,1.720312500e+0,4.799218750e+0,
2.200781250e+1,1.843437500e+0,5.102343750e+0,
2.200000000e+1,1.838437500e+0,5.000000000e+0,
2.200000000e+1,1.758437500e+0,4.900781250e+0,
2.200000000e+1,1.960312500e+0,5.300000000e+0,
2.200000000e+1,1.840312500e+0,4.900781250e+0,
2.400000000e+1,1.880000000e+0,5.101562500e+0,
2.102343750e+1,1.679062500e+0,5.000000000e+0,
2.198437500e+1,1.720312500e+0,5.099218750e+0,
2.199218750e+1,1.760625000e+0,5.100000000e+0,
2.298437500e+1,1.680625000e+0,5.400781250e+0,
2.099218750e+1,1.759375000e+0,4.802343750e+0,
2.202343750e+1,1.840000000e+0,4.800000000e+0,
2.092968750e+1,1.718437500e+0,4.900000000e+0,
1.803125000e+1,1.720625000e+0,4.899218750e+0,
2.300781250e+1,1.760000000e+0,5.000000000e+0,
2.000000000e+1,1.760000000e+0,5.000000000e+0,
2.393750000e+1,1.760000000e+0,5.000000000e+0,
2.301562500e+1,1.760625000e+0,5.000000000e+0,
1.900000000e+1,1.680312500e+0,5.300781250e+0,
2.096875000e+1,1.801250000e+0,5.199218750e+0,
2.102343750e+1,1.759687500e+0,5.100000000e+0,
1.899218750e+1,1.720000000e+0,4.900000000e+0,
1.998437500e+1,1.801875000e+0,5.096093750e+0,
1.800000000e+1,1.600000000e+0,5.100781250e+0,
2.000000000e+1,1.760000000e+0,4.799218750e+0,
1.800781250e+1,1.759375000e+0,5.000781250e+0,
1.999218750e+1,1.760000000e+0,5.000000000e+0,
1.600000000e+1,1.760000000e+0,5.000781250e+0,
2.100000000e+1,1.800000000e+0,4.999218750e+0,
1.996093750e+1,1.802812500e+0,4.799218750e+0,
1.800000000e+1,1.719687500e+0,5.000000000e+0,
2.000000000e+1,1.760000000e+0,4.800000000e+0,
1.599218750e+1,1.639375000e+0,5.197656250e+0,
1.800000000e+1,1.640000000e+0,4.900000000e+0,
1.901562500e+1,1.760625000e+0,4.800000000e+0,
1.699218750e+1,1.721562500e+0,5.003906250e+0,
1.702343750e+1,1.640937500e+0,4.700000000e+0,
2.000781250e+1,1.641562500e+0,5.001562500e+0,
1.795312500e+1,1.840312500e+0,4.799218750e+0,
1.803125000e+1,1.679062500e+0,4.802343750e+0,
2.000000000e+1,1.720937500e+0,4.897656250e+0,
1.900000000e+1,1.639062500e+0,4.699218750e+0,
1.799218750e+1,1.637500000e+0,5.000000000e+0,
1.800000000e+1,1.680000000e+0,4.699218750e+0,
1.797656250e+1,1.680625000e+0,4.897656250e+0,
2.099218750e+1,1.799687500e+0,4.800781250e+0,
1.901562500e+1,1.719687500e+0,4.699218750e+0,
2.000000000e+1,1.840000000e+0,4.700000000e+0,
1.793750000e+1,1.720625000e+0,4.800000000e+0,
1.803906250e+1,1.761875000e+0,4.900781250e+0,
1.999218750e+1,1.600000000e+0,5.099218750e+0,
1.797656250e+1,1.759687500e+0,5.005468750e+0,
1.902343750e+1,1.640000000e+0,4.600000000e+0,
1.897656250e+1,1.720937500e+0,4.798437500e+0,
1.700000000e+1,1.720000000e+0,4.900781250e+0,
1.800781250e+1,1.717500000e+0,4.701562500e+0,
1.599218750e+1,1.719062500e+0,4.600000000e+0,
1.899218750e+1,1.520000000e+0,4.399218750e+0,
1.800781250e+1,1.680937500e+0,4.701562500e+0,
1.601562500e+1,1.758437500e+0,4.599218750e+0,
1.599218750e+1,1.640000000e+0,4.700000000e+0,
1.694531250e+1,1.759687500e+0,4.600000000e+0,
1.896093750e+1,1.683437500e+0,4.500000000e+0,
1.499218750e+1,1.680000000e+0,4.598437500e+0,
1.902343750e+1,1.680312500e+0,4.700000000e+0,
1.799218750e+1,1.599687500e+0,4.699218750e+0,
1.800000000e+1,1.600625000e+0,4.697656250e+0,
1.497656250e+1,1.679687500e+0,4.800000000e+0,
1.200000000e+1,1.640625000e+0,4.400000000e+0,
1.501562500e+1,1.640000000e+0,4.796875000e+0,
1.600000000e+1,1.600312500e+0,4.701562500e+0,
1.400000000e+1,1.599687500e+0,4.700000000e+0,
1.900000000e+1,1.640625000e+0,4.599218750e+0,
1.698437500e+1,1.639687500e+0,4.800000000e+0,
1.600000000e+1,1.560000000e+0,4.600000000e+0,
1.700000000e+1,1.634375000e+0,4.800781250e+0,
1.600000000e+1,1.760000000e+0,4.500000000e+0,
1.600781250e+1,1.640312500e+0,4.699218750e+0,
1.599218750e+1,1.680312500e+0,4.400781250e+0,
1.498437500e+1,1.640000000e+0,4.700000000e+0,
1.603906250e+1,1.679687500e+0,4.299218750e+0,
2.000781250e+1,1.600000000e+0,4.800000000e+0,
1.509375000e+1,1.760000000e+0,4.800000000e+0,
1.396875000e+1,1.600000000e+0,4.700000000e+0,
1.598437500e+1,1.520000000e+0,4.700000000e+0,
1.600781250e+1,1.600937500e+0,4.599218750e+0,
1.693750000e+1,1.640000000e+0,4.498437500e+0,
1.804687500e+1,1.600312500e+0,4.700000000e+0,
1.396093750e+1,1.599687500e+0,4.600000000e+0,
1.300781250e+1,1.560625000e+0,4.700781250e+0,
1.600781250e+1,1.558437500e+0,4.500000000e+0,
1.498437500e+1,1.719375000e+0,4.601562500e+0,
1.301562500e+1,1.518750000e+0,4.600000000e+0,
1.499218750e+1,1.640000000e+0,4.500000000e+0,
1.100000000e+1,1.680312500e+0,4.400000000e+0,
1.692968750e+1,1.641250000e+0,4.492968750e+0,
1.601562500e+1,1.600000000e+0,4.700000000e+0,
1.700000000e+1,1.601562500e+0,4.497656250e+0,
1.601562500e+1,1.717500000e+0,4.500781250e+0,
1.399218750e+1,1.476250000e+0,4.500000000e+0,
1.500781250e+1,1.562500000e+0,4.500781250e+0,
1.299218750e+1,1.640000000e+0,4.600000000e+0,
1.502343750e+1,1.560000000e+0,4.500000000e+0,
1.499218750e+1,1.640000000e+0,4.301562500e+0,
1.400781250e+1,1.477812500e+0,4.600000000e+0,
1.499218750e+1,1.521250000e+0,4.300000000e+0,
1.300000000e+1,1.640000000e+0,4.402343750e+0,
1.400000000e+1,1.599375000e+0,4.499218750e+0,
1.299218750e+1,1.562812500e+0,4.400000000e+0,
1.298437500e+1,1.440000000e+0,4.500000000e+0,
1.599218750e+1,1.520937500e+0,4.399218750e+0,
1.400000000e+1,1.518750000e+0,4.399218750e+0,
1.300781250e+1,1.480312500e+0,4.599218750e+0,
1.100000000e+1,1.600000000e+0,4.499218750e+0,
1.300000000e+1,1.520000000e+0,4.399218750e+0,
1.400000000e+1,1.560312500e+0,4.500000000e+0,
1.199218750e+1,1.480312500e+0,4.399218750e+0,
1.300781250e+1,1.600312500e+0,4.399218750e+0,
1.199218750e+1,1.520000000e+0,4.301562500e+0,
1.200781250e+1,1.599375000e+0,4.498437500e+0,
1.000000000e+1,1.478750000e+0,4.200781250e+0,
1.200781250e+1,1.555312500e+0,4.296875000e+0,
1.199218750e+1,1.680000000e+0,4.399218750e+0,
1.301562500e+1,1.558125000e+0,4.200000000e+0,
1.000000000e+1,1.480312500e+0,4.200000000e+0,
1.297656250e+1,1.640000000e+0,4.099218750e+0,
1.200781250e+1,1.677812500e+0,4.000000000e+0,
1.300000000e+1,1.520625000e+0,4.400000000e+0,
1.201562500e+1,1.522500000e+0,4.002343750e+0,
1.296093750e+1,1.400000000e+0,4.200781250e+0,
7.960937500e+0,1.480625000e+0,4.198437500e+0,
1.006250000e+1,1.480000000e+0,4.601562500e+0,
1.300781250e+1,1.479062500e+0,4.498437500e+0,
1.199218750e+1,1.400000000e+0,4.300781250e+0,
1.201562500e+1,1.478750000e+0,4.299218750e+0,
1.000781250e+1,1.440000000e+0,4.400781250e+0,
1.099218750e+1,1.440625000e+0,4.298437500e+0,
1.100000000e+1,1.560312500e+0,3.998437500e+0,
1.000781250e+1,1.516250000e+0,4.107031250e+0,
9.976562500e+0,1.359375000e+0,4.299218750e+0,
1.196093750e+1,1.480000000e+0,4.000000000e+0,
1.196875000e+1,1.561562500e+0,4.000781250e+0,
8.984375000e+0,1.480000000e+0,4.200000000e+0,
9.031250000e+0,1.560000000e+0,4.099218750e+0,
1.300781250e+1,1.480000000e+0,4.100000000e+0,
1.101562500e+1,1.439687500e+0,4.199218750e+0,
9.000000000e+0,1.400000000e+0,4.300000000e+0,
9.000000000e+0,1.479687500e+0,4.099218750e+0,
1.000000000e+1,1.440312500e+0,4.100000000e+0,
9.000000000e+0,1.479375000e+0,3.999218750e+0,
9.992187500e+0,1.480312500e+0,4.200000000e+0,
9.992187500e+0,1.399687500e+0,4.100000000e+0,
1.100000000e+1,1.400000000e+0,4.098437500e+0,
9.992187500e+0,1.399687500e+0,4.100781250e+0,
1.000781250e+1,1.436250000e+0,3.898437500e+0,
7.000000000e+0,1.559375000e+0,4.200000000e+0,
1.002343750e+1,1.320000000e+0,4.100000000e+0,
9.984375000e+0,1.362187500e+0,4.196093750e+0,
1.000000000e+1,1.358750000e+0,3.798437500e+0,
9.992187500e+0,1.360000000e+0,3.902343750e+0,
9.000000000e+0,1.399687500e+0,3.898437500e+0,
9.000000000e+0,1.434062500e+0,3.798437500e+0,
8.992187500e+0,1.560937500e+0,3.998437500e+0,
1.002343750e+1,1.358750000e+0,3.896875000e+0,
6.031250000e+0,1.480625000e+0,3.799218750e+0,
6.960937500e+0,1.560312500e+0,4.098437500e+0,
7.976562500e+0,1.360000000e+0,4.000000000e+0,
8.984375000e+0,1.359375000e+0,4.001562500e+0,
6.960937500e+0,1.361250000e+0,3.800000000e+0,
7.031250000e+0,1.400625000e+0,3.900000000e+0,
8.960937500e+0,1.518750000e+0,3.800781250e+0,
5.007812500e+0,1.320000000e+0,3.700000000e+0,
1.003906250e+1,1.480000000e+0,3.801562500e+0,
7.968750000e+0,1.358125000e+0,3.999218750e+0,
7.984375000e+0,1.355937500e+0,4.002343750e+0,
7.992187500e+0,1.440000000e+0,3.798437500e+0,
7.046875000e+0,1.359062500e+0,3.700000000e+0,
3.960937500e+0,1.319687500e+0,3.800000000e+0,
8.031250000e+0,1.320312500e+0,3.995312500e+0,
1.039062500e+0,1.401875000e+0,3.500000000e+0,
6.070312500e+0,1.440625000e+0,3.996875000e+0,
5.976562500e+0,1.200312500e+0,3.698437500e+0,
4.992187500e+0,1.320312500e+0,3.600000000e+0,
5.007812500e+0,1.280625000e+0,3.700000000e+0,
6.000000000e+0,1.480000000e+0,3.600000000e+0,
6.000000000e+0,1.317187500e+0,3.800781250e+0,
5.992187500e+0,1.240000000e+0,3.900000000e+0,
5.000000000e+0,1.279375000e+0,3.800781250e+0,
6.000000000e+0,1.280000000e+0,3.600000000e+0,
5.000000000e+0,1.280000000e+0,3.797656250e+0,
5.000000000e+0,1.319687500e+0,3.700781250e+0,
4.992187500e+0,1.319687500e+0,3.499218750e+0,
6.000000000e+0,1.320000000e+0,3.500000000e+0,
5.031250000e+0,1.320000000e+0,3.797656250e+0,
2.000000000e+0,1.283750000e+0,3.808593750e+0,
5.000000000e+0,1.241250000e+0,3.499218750e+0,
5.992187500e+0,1.400937500e+0,3.900000000e+0,
5.000000000e+0,1.317500000e+0,3.591406250e+0,
3.992187500e+0,1.199062500e+0,3.503906250e+0,
1.000000000e+0,1.240625000e+0,3.800000000e+0,
4.000000000e+0,1.280000000e+0,3.299218750e+0,
6.000000000e+0,1.280312500e+0,3.700000000e+0,
6.000000000e+0,1.320312500e+0,3.700781250e+0,
4.000000000e+0,1.200000000e+0,3.398437500e+0,
4.976562500e+0,1.360937500e+0,3.500000000e+0,
5.015625000e+0,1.279375000e+0,3.700000000e+0,
3.992187500e+0,1.239687500e+0,3.400000000e+0,
6.015625000e+0,1.201562500e+0,3.600000000e+0,
4.992187500e+0,1.160000000e+0,3.400781250e+0,
4.984375000e+0,1.199687500e+0,3.400781250e+0,
2.992187500e+0,1.199062500e+0,3.699218750e+0,
4.007812500e+0,1.160000000e+0,3.300781250e+0,
1.945312500e+0,1.280000000e+0,3.500000000e+0,
-4.687500000e-2,1.360000000e+0,3.602343750e+0,
3.992187500e+0,1.240312500e+0,3.200781250e+0,
1.000000000e+0,1.280312500e+0,3.300000000e+0,
3.968750000e+0,1.160000000e+0,3.800000000e+0,
4.000000000e+0,1.281250000e+0,3.498437500e+0,
2.062500000e+0,1.239687500e+0,3.500000000e+0,
-2.000000000e+0,1.240000000e+0,3.300000000e+0,
2.078125000e+0,1.282812500e+0,3.398437500e+0,
2.960937500e+0,1.040000000e+0,3.399218750e+0,
1.000000000e+0,1.200000000e+0,3.500781250e+0,
3.000000000e+0,1.120000000e+0,3.499218750e+0,
9.921875000e-1,1.280312500e+0,3.400000000e+0,
2.007812500e+0,1.240000000e+0,3.400000000e+0,
3.000000000e+0,1.320000000e+0,3.400000000e+0,
9.843750000e-1,1.240000000e+0,3.401562500e+0,
-1.000000000e+0,1.280312500e+0,3.200000000e+0,
-2.000000000e+0,1.120000000e+0,3.300000000e+0,
-1.984375000e+0,1.200000000e+0,3.300000000e+0,
2.000000000e+0,1.080000000e+0,3.300000000e+0,
2.039062500e+0,1.199687500e+0,3.200000000e+0,
-1.007812500e+0,1.078750000e+0,3.401562500e+0,
1.562500000e-2,1.240312500e+0,3.100000000e+0,
2.031250000e+0,1.079687500e+0,3.303125000e+0,
2.960937500e+0,1.281875000e+0,3.298437500e+0,
-3.125000000e-2,1.199062500e+0,3.003125000e+0,
1.007812500e+0,1.200312500e+0,3.502343750e+0,
2.000000000e+0,1.159687500e+0,3.200000000e+0,
1.984375000e+0,1.158437500e+0,3.500000000e+0,
-9.921875000e-1,1.160000000e+0,3.098437500e+0,
-1.031250000e+0,1.080312500e+0,3.097656250e+0,
1.992187500e+0,1.199687500e+0,3.299218750e+0,
3.125000000e-2,1.160000000e+0,3.299218750e+0,
0.000000000e+0,1.159687500e+0,3.198437500e+0,
-1.000000000e+0,1.079375000e+0,3.400000000e+0,
0.000000000e+0,1.198437500e+0,3.097656250e+0,
-1.007812500e+0,1.160312500e+0,3.198437500e+0,
2.343750000e-2,1.120312500e+0,3.403906250e+0,
-5.468750000e-2,1.040000000e+0,2.900000000e+0,
-2.984375000e+0,1.120625000e+0,3.198437500e+0,
1.015625000e+0,1.080312500e+0,3.203906250e+0,
-1.968750000e+0,1.038125000e+0,2.900000000e+0,
-2.023437500e+0,1.120000000e+0,3.100000000e+0,
-1.007812500e+0,1.080000000e+0,2.900000000e+0,
-1.000000000e+0,1.120312500e+0,3.099218750e+0,
-9.687500000e-1,1.198125000e+0,2.900781250e+0,
-3.031250000e+0,9.990625000e-1,3.300000000e+0,
9.921875000e-1,1.039687500e+0,3.000000000e+0,
-3.046875000e+0,1.039687500e+0,3.297656250e+0,
-1.960937500e+0,1.080000000e+0,3.004687500e+0,
1.562500000e-2,1.079687500e+0,2.800000000e+0,
-1.562500000e-2,1.119375000e+0,3.201562500e+0,
-3.000000000e+0,9.590625000e-1,3.000781250e+0,
-2.000000000e+0,1.077500000e+0,3.000000000e+0,
-2.015625000e+0,1.201875000e+0,2.598437500e+0,
-5.000000000e+0,1.000625000e+0,2.697656250e+0,
-1.000000000e+0,1.118750000e+0,2.898437500e+0,
-3.000000000e+0,1.040625000e+0,3.100000000e+0,
-1.000000000e+0,9.606250000e-1,3.000781250e+0,
-4.000000000e+0,1.080312500e+0,2.900781250e+0,
-1.007812500e+0,1.080000000e+0,2.900000000e+0,
-2.992187500e+0,1.042187500e+0,3.098437500e+0,
-4.000000000e+0,9.996875000e-1,3.001562500e+0,
-2.984375000e+0,1.120000000e+0,2.899218750e+0,
-9.843750000e-1,9.978125000e-1,3.003125000e+0,
-1.039062500e+0,1.001250000e+0,3.200000000e+0,
-5.000000000e+0,1.080312500e+0,2.799218750e+0,
-2.031250000e+0,1.120000000e+0,3.000000000e+0,
-3.953125000e+0,1.080000000e+0,2.800000000e+0,
-5.000000000e+0,1.120000000e+0,2.798437500e+0,
-5.015625000e+0,9.206250000e-1,3.000000000e+0,
-4.960937500e+0,9.609375000e-1,3.300000000e+0,
-6.984375000e+0,1.000312500e+0,3.002343750e+0,
-5.093750000e+0,1.039062500e+0,2.800000000e+0,
-3.007812500e+0,1.117187500e+0,2.696093750e+0,
-5.015625000e+0,1.121562500e+0,3.198437500e+0,
-6.000000000e+0,9.587500000e-1,2.801562500e+0,
-5.000000000e+0,1.160000000e+0,2.802343750e+0,
-5.007812500e+0,9.184375000e-1,2.999218750e+0,
-6.007812500e+0,1.000000000e+0,3.000000000e+0,
-7.000000000e+0,9.990625000e-1,2.900000000e+0,
-6.007812500e+0,1.124375000e+0,2.900781250e+0,
-6.015625000e+0,9.200000000e-1,2.800000000e+0,
-3.007812500e+0,1.121250000e+0,2.700000000e+0,
-4.000000000e+0,9.521875000e-1,2.802343750e+0,
-3.953125000e+0,8.412500000e-1,2.899218750e+0,
-8.023437500e+0,9.612500000e-1,2.697656250e+0,
-2.984375000e+0,9.203125000e-1,2.600000000e+0,
-7.031250000e+0,8.800000000e-1,2.800000000e+0,
-5.000000000e+0,9.600000000e-1,2.698437500e+0,
-7.023437500e+0,9.593750000e-1,2.802343750e+0,
-5.984375000e+0,9.600000000e-1,3.000000000e+0,
-2.992187500e+0,1.000000000e+0,2.698437500e+0,
-9.000000000e+0,9.996875000e-1,2.802343750e+0,
-7.992187500e+0,9.618750000e-1,2.801562500e+0,
-6.000000000e+0,9.193750000e-1,2.600000000e+0,
-8.992187500e+0,1.000312500e+0,2.800000000e+0,
-8.000000000e+0,9.587500000e-1,2.700000000e+0,
-6.007812500e+0,9.200000000e-1,2.800000000e+0,
-6.984375000e+0,9.990625000e-1,2.699218750e+0,
-7.000000000e+0,8.000000000e-1,2.598437500e+0,
-6.992187500e+0,9.590625000e-1,2.699218750e+0,
-1.000000000e+1,8.800000000e-1,2.496875000e+0,
-5.984375000e+0,1.040625000e+0,2.400000000e+0,
-8.007812500e+0,9.193750000e-1,2.501562500e+0,
-8.000000000e+0,9.593750000e-1,2.600781250e+0,
-9.000000000e+0,8.806250000e-1,2.501562500e+0,
-9.000000000e+0,1.000000000e+0,2.197656250e+0,
-8.015625000e+0,8.796875000e-1,2.700781250e+0,
-6.000000000e+0,9.209375000e-1,2.400000000e+0,
-7.992187500e+0,9.193750000e-1,2.600000000e+0,
-9.015625000e+0,8.000000000e-1,2.499218750e+0,
-7.039062500e+0,9.218750000e-1,2.500000000e+0,
-5.968750000e+0,9.200000000e-1,2.400000000e+0,
-8.992187500e+0,8.781250000e-1,2.501562500e+0,
-7.023437500e+0,9.600000000e-1,2.401562500e+0,
-1.202343750e+1,8.787500000e-1,2.900000000e+0,
-8.953125000e+0,8.000000000e-1,2.296093750e+0,
-9.031250000e+0,8.815625000e-1,2.400000000e+0,
-1.101562500e+1,9.603125000e-1,2.399218750e+0,
-1.101562500e+1,9.606250000e-1,2.599218750e+0,
-1.003125000e+1,8.800000000e-1,2.499218750e+0,
-9.000000000e+0,8.400000000e-1,2.398437500e+0,
-1.000000000e+1,8.400000000e-1,2.197656250e+0,
-8.992187500e+0,8.809375000e-1,2.105468750e+0,
-1.101562500e+1,8.787500000e-1,2.500781250e+0,
-8.023437500e+0,8.000000000e-1,2.300000000e+0,
-1.004687500e+1,8.365625000e-1,2.200781250e+0,
-1.100000000e+1,9.193750000e-1,2.600000000e+0,
-8.976562500e+0,8.803125000e-1,3.305468750e+0,
-8.007812500e+0,1.000000000e+0,4.096093750e+0,
-1.000781250e+1,9.593750000e-1,4.691406250e+0,
-7.000000000e+0,1.120000000e+0,6.288281250e+0,
-1.000000000e+1,1.279687500e+0,7.596875000e+0,
-1.100000000e+1,1.360625000e+0,8.900000000e+0,
-1.003125000e+1,1.359375000e+0,1.059687500e+1,
-4.023437500e+0,1.559062500e+0,1.160000000e+1,
-4.976562500e+0,1.558750000e+0,1.220000000e+1,
-4.007812500e+0,1.640000000e+0,1.160078125e+1,
-2.992187500e+0,1.838437500e+0,1.120625000e+1,
-1.031250000e+0,1.995937500e+0,9.928125000e+0,
4.000000000e+0,2.080312500e+0,8.100000000e+0,
4.976562500e+0,2.120000000e+0,6.485937500e+0,
3.992187500e+0,2.366250000e+0,4.859375000e+0,
4.007812500e+0,2.565312500e+0,3.901562500e+0,
3.000000000e+0,2.719062500e+0,3.297656250e+0,
1.015625000e+0,2.679375000e+0,2.899218750e+0,
-1.992187500e+0,2.796875000e+0,2.502343750e+0,
-2.007812500e+0,2.839375000e+0,2.499218750e+0,
-9.765625000e-1,3.080625000e+0,2.702343750e+0,
-3.992187500e+0,3.120312500e+0,3.098437500e+0,
-1.046875000e+0,3.199687500e+0,3.003125000e+0,
8.828125000e-1,3.200000000e+0,3.400000000e+0,
7.101562500e+0,3.320312500e+0,4.193750000e+0,
1.415625000e+1,3.239062500e+0,5.000000000e+0,
2.400000000e+1,3.441250000e+0,6.310156250e+0,
2.901562500e+1,3.600312500e+0,7.588281250e+0,
3.716406250e+1,3.600000000e+0,9.200000000e+0,
4.810156250e+1,3.440625000e+0,1.070156250e+1,
5.800000000e+1,3.762500000e+0,1.238828125e+1,
6.593750000e+1,3.760000000e+0,1.358750000e+1,
7.296093750e+1,3.879375000e+0,1.430625000e+1,
7.794531250e+1,3.878750000e+0,1.520000000e+1,
8.400781250e+1,3.920625000e+0,1.590000000e+1,
8.598437500e+1,4.160312500e+0,1.700703125e+1,
9.090625000e+1,4.240625000e+0,1.760546875e+1,
9.500781250e+1,4.400312500e+0,1.839687500e+1,
9.598437500e+1,4.440625000e+0,1.870000000e+1,
9.900781250e+1,4.440312500e+0,1.850000000e+1,
1.020078125e+2,4.519687500e+0,1.820000000e+1,
1.040000000e+2,4.600000000e+0,1.749531250e+1,
1.030000000e+2,4.800312500e+0,1.709453125e+1,
1.079921875e+2,4.760000000e+0,1.610000000e+1,
1.009609375e+2,4.880000000e+0,1.570546875e+1,
1.029921875e+2,4.759687500e+0,1.459296875e+1,
1.020000000e+2,4.920000000e+0,1.399921875e+1,
1.019921875e+2,4.839375000e+0,1.280781250e+1,
1.000156250e+2,5.040000000e+0,1.189296875e+1,
9.800781250e+1,4.960625000e+0,1.110000000e+1,
9.798437500e+1,5.159687500e+0,1.000078125e+1,
9.800000000e+1,5.043125000e+0,9.515625000e+0,
9.600000000e+1,5.121562500e+0,9.001562500e+0,
9.598437500e+1,5.159687500e+0,8.998437500e+0,
9.400000000e+1,5.119375000e+0,8.595312500e+0,
9.599218750e+1,5.121250000e+0,8.901562500e+0,
9.500781250e+1,5.159687500e+0,9.300000000e+0,
9.800000000e+1,5.159375000e+0,9.903125000e+0,
9.900000000e+1,5.241250000e+0,1.020000000e+1,
9.600000000e+1,5.240937500e+0,1.069531250e+1,
9.899218750e+1,4.960000000e+0,1.130156250e+1,
9.702343750e+1,5.121562500e+0,1.240000000e+1,
9.796093750e+1,5.120000000e+0,1.309531250e+1,
9.903906250e+1,5.120000000e+0,1.350000000e+1,
9.501562500e+1,5.041875000e+0,1.469296875e+1,
1.010703125e+2,5.000312500e+0,1.519609375e+1,
1.019609375e+2,4.960312500e+0,1.570390625e+1,
1.020312500e+2,4.880937500e+0,1.630312500e+1,
1.039921875e+2,5.000312500e+0,1.649531250e+1,
1.009375000e+2,4.880000000e+0,1.740000000e+1,
9.994531250e+1,4.839687500e+0,1.710468750e+1,
1.049062500e+2,4.920000000e+0,1.690156250e+1,
1.070000000e+2,4.800937500e+0,1.670000000e+1,
1.049843750e+2,4.801250000e+0,1.670312500e+1,
1.099765625e+2,4.879062500e+0,1.649531250e+1,
1.080390625e+2,4.719375000e+0,1.560000000e+1,
1.079218750e+2,4.720625000e+0,1.540000000e+1,
1.099687500e+2,4.881250000e+0,1.460859375e+1,
1.059609375e+2,4.680000000e+0,1.390468750e+1,
1.070156250e+2,4.880000000e+0,1.340000000e+1,
1.059921875e+2,4.717500000e+0,1.259375000e+1,
1.049921875e+2,4.720312500e+0,1.190468750e+1,
1.040000000e+2,4.840000000e+0,1.139843750e+1,
1.060000000e+2,4.800000000e+0,1.079687500e+1,
1.039609375e+2,4.838437500e+0,1.069765625e+1,
1.010000000e+2,4.800625000e+0,1.060000000e+1,
1.030000000e+2,4.720000000e+0,1.020000000e+1,
1.019921875e+2,4.720000000e+0,1.040000000e+1,
1.010000000e+2,4.680000000e+0,1.020000000e+1,
1.020000000e+2,4.719687500e+0,1.070000000e+1,
9.999218750e+1,4.639687500e+0,1.090000000e+1,
1.000234375e+2,4.719687500e+0,1.100000000e+1,
1.030078125e+2,4.599687500e+0,1.200234375e+1,
1.009531250e+2,4.598750000e+0,1.240390625e+1,
1.010546875e+2,4.479375000e+0,1.300937500e+1,
1.039921875e+2,4.564062500e+0,1.350781250e+1,
1.000000000e+2,4.638437500e+0,1.399609375e+1,
1.070078125e+2,4.477812500e+0,1.439765625e+1,
1.030078125e+2,4.640000000e+0,1.460234375e+1,
1.049609375e+2,4.479375000e+0,1.499843750e+1,
1.069921875e+2,4.599687500e+0,1.529765625e+1,
1.059921875e+2,4.559687500e+0,1.550078125e+1,
1.079765625e+2,4.679375000e+0,1.560000000e+1,
1.069140625e+2,4.441250000e+0,1.560000000e+1,
1.050312500e+2,4.595625000e+0,1.550000000e+1,
1.080000000e+2,4.600000000e+0,1.530156250e+1,
1.039453125e+2,4.560000000e+0,1.500078125e+1,
1.050312500e+2,4.600000000e+0,1.490000000e+1,
1.060234375e+2,4.599687500e+0,1.450234375e+1,
1.069765625e+2,4.599687500e+0,1.420390625e+1,
1.040000000e+2,4.639687500e+0,1.350781250e+1,
1.049921875e+2,4.640000000e+0,1.290000000e+1,
1.030078125e+2,4.680000000e+0,1.270156250e+1,
1.030000000e+2,4.559375000e+0,1.249296875e+1,
1.019921875e+2,4.522187500e+0,1.169765625e+1,
1.030000000e+2,4.680000000e+0,1.170000000e+1,
1.020078125e+2,4.560312500e+0,1.160000000e+1,
1.030234375e+2,4.603125000e+0,1.140078125e+1,
1.039921875e+2,4.440000000e+0,1.139843750e+1,
1.019687500e+2,4.599375000e+0,1.150000000e+1,
1.000000000e+2,4.560000000e+0,1.149921875e+1,
1.020000000e+2,4.599687500e+0,1.160000000e+1,
1.009921875e+2,4.519687500e+0,1.170000000e+1,
9.998437500e+1,4.600000000e+0,1.200156250e+1,
9.800000000e+1,4.482187500e+0,1.210078125e+1,
1.010000000e+2,4.438750000e+0,1.239765625e+1,
1.000000000e+2,4.599375000e+0,1.270000000e+1,
1.020000000e+2,4.560625000e+0,1.269687500e+1,
9.798437500e+1,4.679687500e+0,1.339609375e+1,
9.898437500e+1,4.480000000e+0,1.380000000e+1,
1.009921875e+2,4.597500000e+0,1.399687500e+1,
1.010000000e+2,4.520000000e+0,1.420078125e+1,
9.900000000e+1,4.559375000e+0,1.419921875e+1,
1.010078125e+2,4.637812500e+0,1.440156250e+1,
9.996875000e+1,4.438750000e+0,1.460000000e+1,
1.000312500e+2,4.560312500e+0,1.459921875e+1,
1.040000000e+2,4.560000000e+0,1.460000000e+1,
1.000625000e+2,4.520000000e+0,1.450000000e+1,
1.009375000e+2,4.560000000e+0,1.449921875e+1,
1.039843750e+2,4.520312500e+0,1.440000000e+1,
1.011484375e+2,4.480625000e+0,1.409765625e+1,
9.792187500e+1,4.519687500e+0,1.380078125e+1,
1.038828125e+2,4.399687500e+0,1.340000000e+1,
1.029531250e+2,4.557500000e+0,1.329843750e+1,
1.010000000e+2,4.520625000e+0,1.320000000e+1,
1.029921875e+2,4.480625000e+0,1.300234375e+1,
9.999218750e+1,4.440937500e+0,1.259687500e+1,
1.010156250e+2,4.560312500e+0,1.210156250e+1,
9.998437500e+1,4.440000000e+0,1.210000000e+1,
9.800000000e+1,4.398750000e+0,1.220000000e+1,
1.020234375e+2,4.520312500e+0,1.200468750e+1,
9.699218750e+1,4.400312500e+0,1.200000000e+1,
1.020000000e+2,4.400312500e+0,1.199609375e+1,
9.703125000e+1,4.439687500e+0,1.180234375e+1,
9.896093750e+1,4.483750000e+0,1.230156250e+1,
9.997656250e+1,4.639375000e+0,1.229687500e+1,
1.009687500e+2,4.440625000e+0,1.230000000e+1,
9.799218750e+1,4.480312500e+0,1.260000000e+1,
1.000000000e+2,4.560000000e+0,1.299843750e+1,
9.800000000e+1,4.519375000e+0,1.279609375e+1,
1.010000000e+2,4.519687500e+0,1.300000000e+1,
9.902343750e+1,4.440000000e+0,1.360078125e+1,
9.500000000e+1,4.440312500e+0,1.359921875e+1,
1.010078125e+2,4.404062500e+0,1.379921875e+1,
9.800781250e+1,4.318437500e+0,1.380000000e+1,
9.799218750e+1,4.519687500e+0,1.390000000e+1,
1.000000000e+2,4.319375000e+0,1.390078125e+1,
9.800781250e+1,4.480000000e+0,1.370000000e+1,
9.799218750e+1,4.359062500e+0,1.380078125e+1,
9.900000000e+1,4.399687500e+0,1.399687500e+1,
1.010078125e+2,4.399375000e+0,1.399843750e+1,
9.700000000e+1,4.439687500e+0,1.369687500e+1,
1.010468750e+2,4.359062500e+0,1.359921875e+1,
1.019843750e+2,4.400312500e+0,1.350078125e+1,
9.800781250e+1,4.440625000e+0,1.349921875e+1,
9.900000000e+1,4.480312500e+0,1.330156250e+1,
9.600781250e+1,4.480937500e+0,1.300000000e+1,
1.009843750e+2,4.440000000e+0,1.300000000e+1,
1.000078125e+2,4.480312500e+0,1.300000000e+1,
1.010000000e+2,4.439375000e+0,1.240000000e+1,
9.901562500e+1,4.360000000e+0,1.250078125e+1,
9.900781250e+1,4.521562500e+0,1.260000000e+1,
9.895312500e+1,4.480000000e+0,1.230000000e+1,
1.030000000e+2,4.480000000e+0,1.250078125e+1,
9.894531250e+1,4.400000000e+0,1.220000000e+1,
9.800781250e+1,4.320625000e+0,1.259687500e+1,
9.799218750e+1,4.440312500e+0,1.289765625e+1,
9.698437500e+1,4.399062500e+0,1.249843750e+1,
9.701562500e+1,4.441562500e+0,1.249921875e+1,
9.900000000e+1,4.561562500e+0,1.270000000e+1,
9.703125000e+1,4.360000000e+0,1.249921875e+1,
9.700000000e+1,4.441250000e+0,1.300234375e+1,
9.699218750e+1,4.480000000e+0,1.319765625e+1,
9.899218750e+1,4.479375000e+0,1.320156250e+1,
9.900000000e+1,4.439687500e+0,1.350078125e+1,
9.997656250e+1,4.480000000e+0,1.340000000e+1,
9.997656250e+1,4.520312500e+0,1.320078125e+1,
9.698437500e+1,4.479687500e+0,1.370000000e+1,
9.603125000e+1,4.479687500e+0,1.389921875e+1,
1.010156250e+2,4.440000000e+0,1.349843750e+1,
1.000078125e+2,4.519687500e+0,1.369921875e+1,
9.900000000e+1,4.400000000e+0,1.370000000e+1,
9.900000000e+1,4.478437500e+0,1.360000000e+1,
9.999218750e+1,4.521250000e+0,1.350000000e+1,
9.999218750e+1,4.400312500e+0,1.329921875e+1,
1.010000000e+2,4.479687500e+0,1.350000000e+1,
1.000000000e+2,4.479687500e+0,1.350078125e+1,
1.009921875e+2,4.520000000e+0,1.330390625e+1,
1.010078125e+2,4.520000000e+0,1.290000000e+1,
1.000000000e+2,4.519062500e+0,1.329843750e+1,
1.010000000e+2,4.560000000e+0,1.280000000e+1,
9.999218750e+1,4.520000000e+0,1.260156250e+1,
9.899218750e+1,4.519375000e+0,1.269843750e+1,
9.799218750e+1,4.479687500e+0,1.259921875e+1,
9.903125000e+1,4.520312500e+0,1.260000000e+1,
1.020000000e+2,4.519687500e+0,1.260000000e+1,
9.900781250e+1,4.480625000e+0,1.269921875e+1,
1.000000000e+2,4.480000000e+0,1.279687500e+1,
9.903125000e+1,4.480312500e+0,1.309765625e+1,
9.796875000e+1,4.520000000e+0,1.260078125e+1,
1.009765625e+2,4.480000000e+0,1.279687500e+1,
9.908593750e+1,4.520000000e+0,1.290000000e+1,
9.803906250e+1,4.480625000e+0,1.289843750e+1,
1.009921875e+2,4.477812500e+0,1.310078125e+1,
9.798437500e+1,4.560000000e+0,1.300078125e+1,
1.000234375e+2,4.479375000e+0,1.329765625e+1,
9.896093750e+1,4.520000000e+0,1.350000000e+1,
9.801562500e+1,4.520000000e+0,1.299843750e+1,
9.999218750e+1,4.559062500e+0,1.339765625e+1,
9.896875000e+1,4.440625000e+0,1.350390625e+1,
1.029843750e+2,4.519687500e+0,1.319843750e+1,
1.000390625e+2,4.479062500e+0,1.320000000e+1,
9.999218750e+1,4.440000000e+0,1.340000000e+1,
9.998437500e+1,4.480000000e+0,1.349921875e+1,
1.010156250e+2,4.480937500e+0,1.339921875e+1,
9.900000000e+1,4.560312500e+0,1.340000000e+1,
1.010078125e+2,4.440625000e+0,1.319921875e+1,
9.997656250e+1,4.520312500e+0,1.320000000e+1,
1.010390625e+2,4.560312500e+0,1.340000000e+1,
1.039921875e+2,4.680000000e+0,1.330000000e+1,
9.900000000e+1,4.637500000e+0,1.349921875e+1,
1.020000000e+2,4.440000000e+0,1.320000000e+1,
9.896875000e+1,4.477812500e+0,1.320000000e+1,
9.700781250e+1,4.480312500e+0,1.309765625e+1,
9.700000000e+1,4.400000000e+0,1.270234375e+1,
9.700000000e+1,4.478750000e+0,1.240078125e+1,
9.798437500e+1,4.680312500e+0,1.240156250e+1,
9.999218750e+1,4.639375000e+0,1.280000000e+1,
1.000000000e+2,4.600625000e+0,1.359765625e+1,
1.000000000e+2,4.370937500e+0,1.302109375e+1,
9.800000000e+1,4.282187500e+0,1.230156250e+1,
1.000156250e+2,4.561250000e+0,1.250234375e+1,
9.899218750e+1,4.600000000e+0,1.290468750e+1,
9.900781250e+1,4.681875000e+0,1.330234375e+1,
9.799218750e+1,4.598437500e+0,1.350000000e+1,
9.700000000e+1,4.440312500e+0,1.309765625e+1,
9.900000000e+1,4.520937500e+0,1.290000000e+1,
9.800000000e+1,4.559687500e+0,1.290000000e+1,
9.700000000e+1,4.560000000e+0,1.280000000e+1,
9.796093750e+1,4.520312500e+0,1.320000000e+1,
9.999218750e+1,4.559687500e+0,1.349765625e+1,
9.802343750e+1,4.442500000e+0,1.370000000e+1,
9.494531250e+1,4.200625000e+0,1.350312500e+1,
9.403906250e+1,4.438125000e+0,1.290000000e+1,
9.802343750e+1,4.679375000e+0,1.340156250e+1,
9.696875000e+1,4.556250000e+0,1.329765625e+1,
9.701562500e+1,4.400000000e+0,1.280000000e+1,
9.798437500e+1,4.520000000e+0,1.320000000e+1,
9.600781250e+1,4.600312500e+0,1.339843750e+1,
9.700781250e+1,4.440625000e+0,1.350078125e+1,
9.500000000e+1,4.399375000e+0,1.310000000e+1,
9.698437500e+1,4.480625000e+0,1.280234375e+1,
9.700000000e+1,4.560937500e+0,1.320078125e+1,
9.700781250e+1,4.559687500e+0,1.300000000e+1,
9.602343750e+1,4.479687500e+0,1.290000000e+1,
9.603906250e+1,4.518437500e+0,1.339531250e+1,
9.903125000e+1,4.520000000e+0,1.330156250e+1,
9.900000000e+1,4.360000000e+0,1.299687500e+1,
9.897656250e+1,4.481875000e+0,1.259921875e+1,
9.499218750e+1,4.560312500e+0,1.279921875e+1,
9.700781250e+1,4.600000000e+0,1.279843750e+1,
9.800000000e+1,4.719375000e+0,1.290078125e+1,
9.798437500e+1,4.446875000e+0,1.310156250e+1,
9.600000000e+1,4.439375000e+0,1.280000000e+1,
9.700000000e+1,4.440625000e+0,1.290000000e+1,
9.700000000e+1,4.559687500e+0,1.290312500e+1,
9.700000000e+1,4.480000000e+0,1.280000000e+1,
9.702343750e+1,4.560937500e+0,1.330000000e+1,
9.500000000e+1,4.523750000e+0,1.290703125e+1,
9.702343750e+1,4.399375000e+0,1.290000000e+1,
9.696875000e+1,4.520312500e+0,1.290078125e+1,
9.500000000e+1,4.439062500e+0,1.320078125e+1,
9.703125000e+1,4.480000000e+0,1.319531250e+1,
9.700000000e+1,4.482812500e+0,1.300000000e+1,
9.700000000e+1,4.598125000e+0,1.319921875e+1,
9.799218750e+1,4.325312500e+0,1.310000000e+1,
9.600000000e+1,4.440000000e+0,1.320078125e+1,
9.698437500e+1,4.559375000e+0,1.329921875e+1,
9.700000000e+1,4.519687500e+0,1.330000000e+1,
9.696875000e+1,4.640000000e+0,1.319921875e+1,
9.899218750e+1,4.519375000e+0,1.319921875e+1,
9.801562500e+1,4.480000000e+0,1.320000000e+1,
9.792187500e+1,4.479375000e+0,1.320000000e+1,
9.300000000e+1,4.520000000e+0,1.329921875e+1,
9.806250000e+1,4.480000000e+0,1.330312500e+1,
9.696093750e+1,4.520000000e+0,1.290000000e+1,
9.703125000e+1,4.519375000e+0,1.290000000e+1,
9.897656250e+1,4.480000000e+0,1.280078125e+1,
9.600000000e+1,4.517500000e+0,1.289687500e+1,
9.896875000e+1,4.559687500e+0,1.310000000e+1,
9.800781250e+1,4.480000000e+0,1.310000000e+1,
9.700000000e+1,4.400312500e+0,1.299687500e+1,
9.698437500e+1,4.560625000e+0,1.279921875e+1,
9.800000000e+1,4.438750000e+0,1.290000000e+1,
9.701562500e+1,4.440000000e+0,1.310000000e+1,
9.700000000e+1,4.441250000e+0,1.310000000e+1,
9.699218750e+1,4.400000000e+0,1.310156250e+1,
9.802343750e+1,4.439375000e+0,1.290000000e+1,
1.010000000e+2,4.560937500e+0,1.320078125e+1,
9.800000000e+1,4.679062500e+0,1.300078125e+1,
1.009921875e+2,4.520000000e+0,1.300000000e+1,
9.598437500e+1,4.600937500e+0,1.270156250e+1,
9.800781250e+1,4.400937500e+0,1.339609375e+1,
9.800000000e+1,4.479375000e+0,1.320546875e+1,
9.900000000e+1,4.439687500e+0,1.300000000e+1,
9.800000000e+1,4.561562500e+0,1.330000000e+1,
1.000000000e+2,4.559375000e+0,1.300156250e+1,
9.800781250e+1,4.440000000e+0,1.320000000e+1,
9.799218750e+1,4.562187500e+0,1.330078125e+1,
9.900000000e+1,4.360000000e+0,1.320078125e+1,
9.698437500e+1,4.559375000e+0,1.320000000e+1,
9.801562500e+1,4.520625000e+0,1.320234375e+1,
9.900000000e+1,4.640000000e+0,1.330000000e+1,
9.900000000e+1,4.519687500e+0,1.280234375e+1,
9.900781250e+1,4.560000000e+0,1.350000000e+1,
9.803125000e+1,4.560000000e+0,1.290000000e+1,
9.698437500e+1,4.520000000e+0,1.319140625e+1,
9.989843750e+1,4.360000000e+0,1.340000000e+1,
1.011093750e+2,4.482187500e+0,1.279843750e+1,
9.694531250e+1,4.599687500e+0,1.299609375e+1,
1.029140625e+2,4.440937500e+0,1.310000000e+1,
9.995312500e+1,4.517500000e+0,1.299921875e+1,
9.799218750e+1,4.520312500e+0,1.319843750e+1,
9.800000000e+1,4.479687500e+0,1.310000000e+1,
9.900000000e+1,4.479687500e+0,1.310078125e+1,
9.799218750e+1,4.399375000e+0,1.310078125e+1,
9.800000000e+1,4.400000000e+0,1.290000000e+1,
9.800000000e+1,4.439062500e+0,1.320000000e+1,
1.009687500e+2,4.559375000e+0,1.300703125e+1,
1.000078125e+2,4.480312500e+0,1.300000000e+1,
9.900781250e+1,4.440000000e+0,1.309687500e+1,
9.698437500e+1,4.440000000e+0,1.280078125e+1,
1.009531250e+2,4.439375000e+0,1.320078125e+1,
1.010312500e+2,4.481562500e+0,1.309687500e+1,
9.897656250e+1,4.560312500e+0,1.310000000e+1,
9.903125000e+1,4.399687500e+0,1.330000000e+1,
1.010000000e+2,4.480000000e+0,1.309921875e+1,
9.898437500e+1,4.561250000e+0,1.330234375e+1,
1.010078125e+2,4.599687500e+0,1.320000000e+1,
1.020078125e+2,4.520000000e+0,1.289843750e+1,
9.800000000e+1,4.439687500e+0,1.310625000e+1,
9.900781250e+1,4.476562500e+0,1.340156250e+1,
1.010000000e+2,4.560625000e+0,1.300000000e+1,
9.900000000e+1,4.439687500e+0,1.310078125e+1,
1.000000000e+2,4.560625000e+0,1.330000000e+1,
1.020078125e+2,4.520000000e+0,1.300078125e+1,
9.703906250e+1,4.599062500e+0,1.310078125e+1,
9.900000000e+1,4.400000000e+0,1.319687500e+1,
1.009921875e+2,4.558750000e+0,1.329921875e+1,
9.999218750e+1,4.479375000e+0,1.309843750e+1,
9.997656250e+1,4.561562500e+0,1.309921875e+1,
9.800781250e+1,4.559062500e+0,1.290078125e+1,
1.019921875e+2,4.479687500e+0,1.310000000e+1,
1.000000000e+2,4.519687500e+0,1.290000000e+1,
9.599218750e+1,4.441875000e+0,1.310156250e+1,
9.898437500e+1,4.480312500e+0,1.270000000e+1,
1.000156250e+2,4.559375000e+0,1.320000000e+1,
9.800000000e+1,4.399375000e+0,1.330000000e+1,
9.899218750e+1,4.440000000e+0,1.289843750e+1,
9.896093750e+1,4.401250000e+0,1.300000000e+1,
1.020156250e+2,4.520000000e+0,1.310000000e+1,
9.798437500e+1,4.360000000e+0,1.290156250e+1,
1.010234375e+2,4.520000000e+0,1.300078125e+1,
9.895312500e+1,4.438750000e+0,1.319921875e+1,
9.803125000e+1,4.400000000e+0,1.310000000e+1,
1.010000000e+2,4.441562500e+0,1.330000000e+1,
9.798437500e+1,4.560625000e+0,1.310000000e+1,
9.899218750e+1,4.524375000e+0,1.320000000e+1,
9.799218750e+1,4.360000000e+0,1.300078125e+1,
9.998437500e+1,4.600625000e+0,1.319921875e+1,
1.010000000e+2,4.439375000e+0,1.289687500e+1,
9.897656250e+1,4.482812500e+0,1.300781250e+1,
1.049609375e+2,4.519375000e+0,1.330000000e+1,
1.020703125e+2,4.480000000e+0,1.310000000e+1,
1.010078125e+2,4.479062500e+0,1.319921875e+1,
1.009921875e+2,4.520312500e+0,1.300000000e+1,
9.899218750e+1,4.479375000e+0,1.300078125e+1,
9.899218750e+1,4.360000000e+0,1.320078125e+1,
9.799218750e+1,4.520625000e+0,1.320000000e+1,
1.010000000e+2,4.440000000e+0,1.320000000e+1,
9.900000000e+1,4.480000000e+0,1.319843750e+1,
9.800000000e+1,4.439375000e+0,1.290000000e+1,
9.797656250e+1,4.559687500e+0,1.299765625e+1,
1.029921875e+2,4.520000000e+0,1.320000000e+1,
9.900781250e+1,4.560000000e+0,1.319921875e+1,
1.020000000e+2,4.520000000e+0,1.330156250e+1,
9.903125000e+1,4.559687500e+0,1.280156250e+1,
9.998437500e+1,4.601250000e+0,1.289765625e+1,
1.030000000e+2,4.519687500e+0,1.290000000e+1,
9.895312500e+1,4.520000000e+0,1.320156250e+1,
9.600781250e+1,4.397500000e+0,1.309843750e+1,
9.803125000e+1,4.443437500e+0,1.309921875e+1,
9.897656250e+1,4.559687500e+0,1.300312500e+1,
9.700000000e+1,4.479375000e+0,1.319687500e+1,
9.899218750e+1,4.519375000e+0,1.260234375e+1,
9.800000000e+1,4.519062500e+0,1.299609375e+1,
9.797656250e+1,4.639375000e+0,1.309921875e+1,
9.997656250e+1,4.479687500e+0,1.319921875e+1,
1.000312500e+2,4.559687500e+0,1.320000000e+1,
9.802343750e+1,4.520000000e+0,1.320000000e+1,
9.801562500e+1,4.480937500e+0,1.320000000e+1,
9.900781250e+1,4.438125000e+0,1.310156250e+1,
9.900000000e+1,4.560000000e+0,1.300000000e+1,
9.897656250e+1,4.480000000e+0,1.320000000e+1,
9.697656250e+1,4.560000000e+0,1.290000000e+1,
9.804687500e+1,4.399687500e+0,1.310390625e+1,
1.009921875e+2,4.520937500e+0,1.330000000e+1,
9.901562500e+1,4.481250000e+0,1.300312500e+1,
9.999218750e+1,4.519687500e+0,1.310078125e+1,
9.997656250e+1,4.520312500e+0,1.320000000e+1,
1.020000000e+2,4.560000000e+0,1.300000000e+1,
9.903125000e+1,4.478437500e+0,1.300234375e+1,
9.897656250e+1,4.442187500e+0,1.320000000e+1,
9.897656250e+1,4.639687500e+0,1.310156250e+1,
9.700000000e+1,4.481562500e+0,1.279843750e+1,
9.901562500e+1,4.440000000e+0,1.270000000e+1,
9.897656250e+1,4.480312500e+0,1.310000000e+1,
9.900781250e+1,4.520000000e+0,1.309921875e+1,
1.020000000e+2,4.558437500e+0,1.290000000e+1,
9.797656250e+1,4.400000000e+0,1.320000000e+1,
9.600781250e+1,4.477187500e+0,1.290078125e+1,
9.897656250e+1,4.440312500e+0,1.300078125e+1,
1.010000000e+2,4.360000000e+0,1.310078125e+1,
9.798437500e+1,4.599687500e+0,1.290000000e+1,
9.800000000e+1,4.398750000e+0,1.300078125e+1,
9.799218750e+1,4.480625000e+0,1.310000000e+1,
9.900000000e+1,4.439687500e+0,1.279921875e+1,
9.800000000e+1,4.559062500e+0,1.319687500e+1,
9.800000000e+1,4.479375000e+0,1.300000000e+1,
9.898437500e+1,4.520000000e+0,1.320000000e+1,
9.801562500e+1,4.438750000e+0,1.299375000e+1,
1.010000000e+2,4.442812500e+0,1.290234375e+1,
9.798437500e+1,4.560312500e+0,1.320000000e+1,
9.800000000e+1,4.521250000e+0,1.299921875e+1,
1.000000000e+2,4.480937500e+0,1.300000000e+1,
1.000000000e+2,4.560312500e+0,1.310000000e+1,
1.000078125e+2,4.400000000e+0,1.300000000e+1,
9.802343750e+1,4.481562500e+0,1.330000000e+1,
9.796093750e+1,4.560000000e+0,1.330078125e+1,
1.000078125e+2,4.480625000e+0,1.310000000e+1,
9.696093750e+1,4.477812500e+0,1.320078125e+1,
9.803125000e+1,4.520000000e+0,1.280078125e+1,
1.000078125e+2,4.479375000e+0,1.290234375e+1,
9.998437500e+1,4.639375000e+0,1.340078125e+1,
9.896875000e+1,4.398125000e+0,1.320156250e+1,
9.700000000e+1,4.440000000e+0,1.300000000e+1,
9.894531250e+1,4.520000000e+0,1.319843750e+1,
1.000234375e+2,4.439687500e+0,1.300078125e+1,
9.800000000e+1,4.559062500e+0,1.290000000e+1,
9.999218750e+1,4.519062500e+0,1.300312500e+1,
9.802343750e+1,4.480000000e+0,1.330000000e+1,
9.797656250e+1,4.479687500e+0,1.300000000e+1,
9.996875000e+1,4.400312500e+0,1.310000000e+1,
9.997656250e+1,4.558437500e+0,1.330156250e+1,
9.898437500e+1,4.480000000e+0,1.300078125e+1,
9.900000000e+1,4.440000000e+0,1.310078125e+1,
9.900000000e+1,4.521250000e+0,1.300000000e+1,
9.900000000e+1,4.559687500e+0,1.309843750e+1,
9.900000000e+1,4.480000000e+0,1.329921875e+1,
9.900000000e+1,4.560000000e+0,1.309921875e+1,
9.799218750e+1,4.521562500e+0,1.319843750e+1,
9.700000000e+1,4.520000000e+0,1.310000000e+1,
9.600000000e+1,4.520312500e+0,1.300000000e+1,
9.700781250e+1,4.559687500e+0,1.320000000e+1,
9.900000000e+1,4.480000000e+0,1.300000000e+1,
9.703125000e+1,4.520937500e+0,1.320000000e+1,
9.700781250e+1,4.523750000e+0,1.310703125e+1,
9.899218750e+1,4.359687500e+0,1.300000000e+1,
9.699218750e+1,4.561562500e+0,1.329843750e+1,
9.901562500e+1,4.517500000e+0,1.289921875e+1,
9.904687500e+1,4.439375000e+0,1.320703125e+1,
1.019921875e+2,4.483437500e+0,1.329765625e+1,
9.700000000e+1,4.640312500e+0,1.310078125e+1,
1.010156250e+2,4.526250000e+0,1.299921875e+1,
1.020156250e+2,4.440000000e+0,1.330000000e+1,
9.700781250e+1,4.520937500e+0,1.310156250e+1,
9.998437500e+1,4.599687500e+0,1.310000000e+1,
1.000234375e+2,4.560312500e+0,1.309843750e+1,
9.900781250e+1,4.479375000e+0,1.280156250e+1,
9.903125000e+1,4.400312500e+0,1.269765625e+1,
9.999218750e+1,4.438125000e+0,1.310156250e+1,
9.900781250e+1,4.519375000e+0,1.309921875e+1,
1.010000000e+2,4.559687500e+0,1.320000000e+1,
9.895312500e+1,4.560000000e+0,1.310000000e+1,
9.903906250e+1,4.479062500e+0,1.309921875e+1,
1.020000000e+2,4.479687500e+0,1.320234375e+1,
9.903125000e+1,4.560625000e+0,1.290000000e+1,
9.796875000e+1,4.520000000e+0,1.310000000e+1,
1.000000000e+2,4.600000000e+0,1.290000000e+1,
9.700781250e+1,4.439375000e+0,1.300078125e+1,
9.797656250e+1,4.481562500e+0,1.289765625e+1,
9.800781250e+1,4.520000000e+0,1.290000000e+1,
9.798437500e+1,4.520000000e+0,1.330000000e+1,
1.000312500e+2,4.478125000e+0,1.300234375e+1,
1.019921875e+2,4.560000000e+0,1.309843750e+1,
1.010078125e+2,4.520000000e+0,1.310000000e+1,
1.019843750e+2,4.520000000e+0,1.320000000e+1,
9.800000000e+1,4.519687500e+0,1.319843750e+1,
9.900000000e+1,4.479375000e+0,1.320000000e+1,
9.800000000e+1,4.521250000e+0,1.269921875e+1,
9.901562500e+1,4.361875000e+0,1.309687500e+1,
1.020000000e+2,4.358750000e+0,1.300234375e+1,
9.600000000e+1,4.519062500e+0,1.300000000e+1,
1.010000000e+2,4.559687500e+0,1.310000000e+1,
9.900000000e+1,4.559687500e+0,1.299921875e+1,
1.010000000e+2,4.520000000e+0,1.320000000e+1,
9.800000000e+1,4.476250000e+0,1.310156250e+1,
1.010000000e+2,4.639687500e+0,1.309921875e+1,
9.899218750e+1,4.520000000e+0,1.299765625e+1,
1.000078125e+2,4.599687500e+0,1.290156250e+1,
9.798437500e+1,4.478750000e+0,1.320000000e+1,
9.700000000e+1,4.520000000e+0,1.299921875e+1,
9.700000000e+1,4.520000000e+0,1.320000000e+1,
9.699218750e+1,4.559687500e+0,1.300000000e+1,
9.797656250e+1,4.560000000e+0,1.299921875e+1,
9.996093750e+1,4.480312500e+0,1.310000000e+1,
1.010000000e+2,4.481250000e+0,1.329921875e+1,
1.000468750e+2,4.640000000e+0,1.290234375e+1,
9.805468750e+1,4.522187500e+0,1.310000000e+1,
9.700781250e+1,4.477500000e+0,1.339843750e+1,
9.800000000e+1,4.560000000e+0,1.330468750e+1,
9.800781250e+1,4.440937500e+0,1.300000000e+1,
1.000078125e+2,4.480937500e+0,1.319765625e+1,
1.009921875e+2,4.559375000e+0,1.270000000e+1,
9.898437500e+1,4.520000000e+0,1.320000000e+1,
9.700000000e+1,4.638750000e+0,1.330000000e+1,
9.795312500e+1,4.606875000e+0,1.330156250e+1,
9.999218750e+1,4.440312500e+0,1.310000000e+1,
9.900781250e+1,4.480625000e+0,1.289687500e+1,
9.801562500e+1,4.438750000e+0,1.280390625e+1,
9.695312500e+1,4.439062500e+0,1.320078125e+1,
1.010156250e+2,4.441562500e+0,1.299921875e+1,
9.700781250e+1,4.560000000e+0,1.330000000e+1,
1.020156250e+2,4.399687500e+0,1.310000000e+1,
9.697656250e+1,4.520000000e+0,1.320078125e+1,
9.702343750e+1,4.479375000e+0,1.320078125e+1,
9.800000000e+1,4.520000000e+0,1.320000000e+1,
9.800000000e+1,4.520000000e+0,1.290156250e+1,
9.800000000e+1,4.559687500e+0,1.340390625e+1,
9.600781250e+1,4.482187500e+0,1.320234375e+1,
9.999218750e+1,4.440000000e+0,1.310000000e+1,
9.799218750e+1,4.480937500e+0,1.290000000e+1,
1.010000000e+2,4.559375000e+0,1.309921875e+1,
9.500781250e+1,4.439687500e+0,1.300000000e+1,
9.896093750e+1,4.480937500e+0,1.310078125e+1,
9.700000000e+1,4.520000000e+0,1.329765625e+1,
9.700000000e+1,4.480312500e+0,1.319843750e+1,
9.600781250e+1,4.520625000e+0,1.289843750e+1,
9.900781250e+1,4.559062500e+0,1.289921875e+1,
9.800000000e+1,4.479687500e+0,1.280078125e+1,
9.899218750e+1,4.519687500e+0,1.320546875e+1,
9.900000000e+1,4.480312500e+0,1.320000000e+1,
9.499218750e+1,4.597812500e+0,1.309921875e+1,
9.698437500e+1,4.599687500e+0,1.309843750e+1,
9.798437500e+1,4.559687500e+0,1.280000000e+1,
1.000000000e+2,4.519687500e+0,1.300000000e+1,
9.801562500e+1,4.480000000e+0,1.290078125e+1,
9.896875000e+1,4.517187500e+0,1.320000000e+1,
9.905468750e+1,4.319687500e+0,1.300000000e+1,
9.500781250e+1,4.593750000e+0,1.299921875e+1,
1.000468750e+2,4.520000000e+0,1.310078125e+1,
9.896875000e+1,4.480937500e+0,1.329921875e+1,
9.900000000e+1,4.559687500e+0,1.329843750e+1,
9.900781250e+1,4.438437500e+0,1.319921875e+1,
9.998437500e+1,4.440625000e+0,1.320000000e+1,
9.896875000e+1,4.518437500e+0,1.310000000e+1,
1.020234375e+2,4.520000000e+0,1.310000000e+1,
9.701562500e+1,4.440937500e+0,1.299921875e+1,
9.799218750e+1,4.559375000e+0,1.299921875e+1,
9.799218750e+1,4.318437500e+0,1.289921875e+1,
9.999218750e+1,4.524375000e+0,1.300000000e+1,
9.900781250e+1,4.480000000e+0,1.300000000e+1,
1.000156250e+2,4.398750000e+0,1.290156250e+1,
9.999218750e+1,4.480312500e+0,1.340000000e+1,
9.800000000e+1,4.480000000e+0,1.309765625e+1,
1.000000000e+2,4.520000000e+0,1.290156250e+1,
9.900000000e+1,4.560312500e+0,1.319921875e+1,
1.000000000e+2,4.600000000e+0,1.310078125e+1,
1.010000000e+2,4.520312500e+0,1.300078125e+1,
9.800781250e+1,4.520000000e+0,1.310000000e+1,
9.898437500e+1,4.519687500e+0,1.290078125e+1,
1.010000000e+2,4.599375000e+0,1.310000000e+1,
9.803125000e+1,4.638750000e+0,1.320000000e+1,
9.798437500e+1,4.480000000e+0,1.310156250e+1,
1.010000000e+2,4.600312500e+0,1.299921875e+1,
9.800781250e+1,4.403437500e+0,1.320078125e+1,
9.900000000e+1,4.480312500e+0,1.300000000e+1,
9.896875000e+1,4.520000000e+0,1.330078125e+1,
9.600781250e+1,4.400000000e+0,1.299140625e+1,
1.000156250e+2,4.522812500e+0,1.300312500e+1,
9.899218750e+1,4.519062500e+0,1.330078125e+1,
1.000078125e+2,4.479687500e+0,1.309765625e+1,
9.699218750e+1,4.515937500e+0,1.309921875e+1,
1.009843750e+2,4.560937500e+0,1.309687500e+1,
1.010625000e+2,4.398750000e+0,1.319609375e+1,
9.795312500e+1,4.480937500e+0,1.260000000e+1,
1.039687500e+2,4.639687500e+0,1.309296875e+1,
9.913281250e+1,4.520000000e+0,1.330000000e+1,
9.802343750e+1,4.439687500e+0,1.290000000e+1,
9.900000000e+1,4.479687500e+0,1.329765625e+1,
9.798437500e+1,4.480000000e+0,1.309921875e+1,
9.904687500e+1,4.519687500e+0,1.320000000e+1,
1.019765625e+2,4.480000000e+0,1.310000000e+1,
9.795312500e+1,4.520000000e+0,1.310078125e+1,
9.903125000e+1,4.520312500e+0,1.319921875e+1,
1.009921875e+2,4.522812500e+0,1.320625000e+1,
1.000000000e+2,4.400000000e+0,1.279921875e+1,
1.000390625e+2,4.481562500e+0,1.310000000e+1,
9.599218750e+1,4.600000000e+0,1.310000000e+1,
9.996093750e+1,4.478437500e+0,1.300078125e+1,
9.903906250e+1,4.400312500e+0,1.320078125e+1,
9.903125000e+1,4.479375000e+0,1.320078125e+1,
1.020078125e+2,4.520625000e+0,1.299843750e+1,
1.009765625e+2,4.440000000e+0,1.280000000e+1,
1.010156250e+2,4.520312500e+0,1.330000000e+1,
1.019921875e+2,4.480000000e+0,1.309921875e+1,
1.000000000e+2,4.518750000e+0,1.309921875e+1,
9.900000000e+1,4.400000000e+0,1.300000000e+1,
1.000000000e+2,4.595625000e+0,1.290000000e+1,
9.900000000e+1,4.560312500e+0,1.290078125e+1,
9.899218750e+1,4.480000000e+0,1.309843750e+1,
1.009921875e+2,4.560000000e+0,1.319921875e+1,
9.800000000e+1,4.478750000e+0,1.320000000e+1,
9.999218750e+1,4.399687500e+0,1.330000000e+1,
9.901562500e+1,4.439062500e+0,1.299921875e+1,
9.900000000e+1,4.519375000e+0,1.320468750e+1,
1.010000000e+2,4.520625000e+0,1.289843750e+1,
9.898437500e+1,4.600000000e+0,1.350000000e+1,
1.000078125e+2,4.478437500e+0,1.289218750e+1,
9.899218750e+1,4.438750000e+0,1.310312500e+1,
9.900000000e+1,4.400312500e+0,1.300000000e+1,
1.000000000e+2,4.518750000e+0,1.290078125e+1,
1.010000000e+2,4.560625000e+0,1.330000000e+1,
1.020000000e+2,4.600625000e+0,1.310000000e+1,
9.899218750e+1,4.400000000e+0,1.329921875e+1,
1.029453125e+2,4.480625000e+0,1.300000000e+1,
1.030312500e+2,4.480312500e+0,1.320000000e+1,
1.000156250e+2,4.560000000e+0,1.300000000e+1,
9.900000000e+1,4.480312500e+0,1.340000000e+1,
1.000468750e+2,4.520000000e+0,1.290078125e+1,
1.029843750e+2,4.440000000e+0,1.320156250e+1,
9.997656250e+1,4.480937500e+0,1.329921875e+1,
1.020312500e+2,4.519687500e+0,1.310000000e+1,
1.019765625e+2,4.520000000e+0,1.330000000e+1,
1.000234375e+2,4.600000000e+0,1.320156250e+1,
9.996875000e+1,4.520312500e+0,1.300078125e+1,
1.010000000e+2,4.478750000e+0,1.300000000e+1,
9.899218750e+1,4.478437500e+0,1.310078125e+1,
1.019843750e+2,4.239375000e+0,1.309921875e+1,
1.000234375e+2,4.400312500e+0,1.300000000e+1,
9.996875000e+1,4.320625000e+0,1.310000000e+1,
9.998437500e+1,4.598750000e+0,1.319921875e+1,
1.000468750e+2,4.440000000e+0,1.320000000e+1,
1.029921875e+2,4.560000000e+0,1.319765625e+1,
9.896093750e+1,4.599062500e+0,1.300000000e+1,
9.900781250e+1,4.519687500e+0,1.329843750e+1,
1.020156250e+2,4.520000000e+0,1.329843750e+1,
1.030000000e+2,4.520000000e+0,1.330000000e+1,
9.898437500e+1,4.518125000e+0,1.330078125e+1,
9.900000000e+1,4.560312500e+0,1.320000000e+1,
9.800000000e+1,4.480000000e+0,1.320000000e+1,
9.800000000e+1,4.520000000e+0,1.310078125e+1,
9.900000000e+1,4.440000000e+0,1.310000000e+1,
1.000234375e+2,4.480937500e+0,1.310000000e+1,
9.800000000e+1,4.521250000e+0,1.320312500e+1,
1.010390625e+2,4.400937500e+0,1.290000000e+1,
1.019453125e+2,4.441875000e+0,1.300234375e+1,
9.696093750e+1,4.599375000e+0,1.309921875e+1,
1.000859375e+2,4.439062500e+0,1.290078125e+1,
1.020000000e+2,4.522187500e+0,1.320546875e+1,
1.000000000e+2,4.520000000e+0,1.320078125e+1,
1.000000000e+2,4.522812500e+0,1.290000000e+1,
1.000078125e+2,4.440000000e+0,1.310078125e+1,
9.798437500e+1,4.519687500e+0,1.310156250e+1,
1.010000000e+2,4.400000000e+0,1.300000000e+1,
9.804687500e+1,4.519687500e+0,1.310078125e+1,
9.796875000e+1,4.439687500e+0,1.320000000e+1,
9.894531250e+1,4.479687500e+0,1.320000000e+1,
9.703125000e+1,4.440312500e+0,1.309921875e+1,
1.010000000e+2,4.479687500e+0,1.300000000e+1,
9.798437500e+1,4.519687500e+0,1.299921875e+1,
1.000000000e+2,4.560000000e+0,1.300000000e+1,
9.695312500e+1,4.479062500e+0,1.289921875e+1,
9.703906250e+1,4.480000000e+0,1.309687500e+1,
1.000000000e+2,4.473750000e+0,1.320156250e+1,
9.801562500e+1,4.639375000e+0,1.310000000e+1,
9.900000000e+1,4.360000000e+0,1.330000000e+1,
9.800000000e+1,4.520625000e+0,1.299765625e+1,
9.800781250e+1,4.518125000e+0,1.310234375e+1,
9.698437500e+1,4.440000000e+0,1.310000000e+1,
9.899218750e+1,4.519687500e+0,1.280000000e+1,
9.800781250e+1,4.484375000e+0,1.309765625e+1,
1.010312500e+2,4.400000000e+0,1.300390625e+1,
1.009921875e+2,4.479375000e+0,1.290000000e+1,
9.998437500e+1,4.559687500e+0,1.340000000e+1,
9.800000000e+1,4.439687500e+0,1.310078125e+1,
1.030000000e+2,4.519375000e+0,1.330000000e+1,
9.799218750e+1,4.480312500e+0,1.289843750e+1,
1.010078125e+2,4.519062500e+0,1.289687500e+1,
1.010000000e+2,4.520312500e+0,1.310000000e+1,
9.800000000e+1,4.440312500e+0,1.300000000e+1,
9.900000000e+1,4.441250000e+0,1.320000000e+1,
9.900781250e+1,4.560312500e+0,1.290156250e+1,
1.019843750e+2,4.520000000e+0,1.310000000e+1,
1.020078125e+2,4.438125000e+0,1.320000000e+1,
9.900000000e+1,4.559687500e+0,1.310156250e+1,
9.899218750e+1,4.480312500e+0,1.289921875e+1,
9.802343750e+1,4.481250000e+0,1.300312500e+1,
1.020078125e+2,4.560625000e+0,1.320000000e+1,
9.897656250e+1,4.519375000e+0,1.290078125e+1,
9.899218750e+1,4.440000000e+0,1.330000000e+1,
9.803906250e+1,4.399062500e+0,1.300000000e+1,
9.696093750e+1,4.640000000e+0,1.329921875e+1,
1.009609375e+2,4.440312500e+0,1.300000000e+1,
9.907812500e+1,4.520625000e+0,1.320078125e+1,
9.798437500e+1,4.439687500e+0,1.320312500e+1,
9.894531250e+1,4.439687500e+0,1.300000000e+1,
9.998437500e+1,4.439375000e+0,1.349765625e+1,
9.800000000e+1,4.480000000e+0,1.320625000e+1,
1.000078125e+2,4.440312500e+0,1.300000000e+1,
9.999218750e+1,4.480312500e+0,1.310156250e+1,
9.899218750e+1,4.519687500e+0,1.319921875e+1,
9.799218750e+1,4.520000000e+0,1.320000000e+1,
9.800000000e+1,4.600000000e+0,1.320000000e+1,
1.010000000e+2,4.523437500e+0,1.320312500e+1,
9.899218750e+1,4.519687500e+0,1.310000000e+1,
1.020000000e+2,4.559062500e+0,1.329921875e+1,
9.802343750e+1,4.356875000e+0,1.310000000e+1,
9.995312500e+1,4.443750000e+0,1.340078125e+1,
1.010078125e+2,4.519687500e+0,1.329687500e+1,
9.998437500e+1,4.480000000e+0,1.300000000e+1,
9.999218750e+1,4.519687500e+0,1.310000000e+1,
1.000078125e+2,4.440000000e+0,1.290078125e+1,
1.019843750e+2,4.520937500e+0,1.320078125e+1,
9.900000000e+1,4.520312500e+0,1.300000000e+1,
1.020000000e+2,4.560000000e+0,1.300000000e+1,
9.900000000e+1,4.440000000e+0,1.310312500e+1,
9.999218750e+1,4.559062500e+0,1.330000000e+1,
9.799218750e+1,4.480312500e+0,1.310000000e+1,
1.009843750e+2,4.560625000e+0,1.300000000e+1,
1.010000000e+2,4.518437500e+0,1.309921875e+1,
1.020078125e+2,4.440000000e+0,1.320000000e+1,
9.900000000e+1,4.520937500e+0,1.299921875e+1,
1.010000000e+2,4.520312500e+0,1.309921875e+1,
9.800000000e+1,4.440625000e+0,1.300000000e+1,
1.000156250e+2,4.480625000e+0,1.310156250e+1,
1.019843750e+2,4.560937500e+0,1.309921875e+1,
9.898437500e+1,4.559687500e+0,1.299843750e+1,
9.899218750e+1,4.518437500e+0,1.290156250e+1,
1.000000000e+2,4.480625000e+0,1.309921875e+1,
9.800000000e+1,4.597187500e+0,1.310000000e+1,
1.009921875e+2,4.639687500e+0,1.320000000e+1,
9.899218750e+1,4.559375000e+0,1.310000000e+1,
1.010078125e+2,4.519687500e+0,1.280000000e+1,
9.600000000e+1,4.520000000e+0,1.300000000e+1,
1.009609375e+2,4.519687500e+0,1.290000000e+1,
9.902343750e+1,4.480312500e+0,1.310000000e+1,
1.000234375e+2,4.398750000e+0,1.290156250e+1,
9.996875000e+1,4.480000000e+0,1.290000000e+1,
9.697656250e+1,4.400000000e+0,1.299843750e+1,
9.803125000e+1,4.520000000e+0,1.320078125e+1,
1.000234375e+2,4.439375000e+0,1.319921875e+1,
1.009921875e+2,4.520937500e+0,1.309921875e+1,
9.903125000e+1,4.522187500e+0,1.330000000e+1,
9.797656250e+1,4.440000000e+0,1.309765625e+1,
9.999218750e+1,4.520000000e+0,1.299921875e+1,
9.999218750e+1,4.440000000e+0,1.299843750e+1,
1.019843750e+2,4.519375000e+0,1.290312500e+1,
1.020312500e+2,4.400000000e+0,1.330078125e+1,
1.000000000e+2,4.560000000e+0,1.310000000e+1,
1.020234375e+2,4.560937500e+0,1.289921875e+1,
1.020000000e+2,4.560000000e+0,1.300000000e+1,
1.019843750e+2,4.519687500e+0,1.300000000e+1,
1.000000000e+2,4.480000000e+0,1.310078125e+1,
1.020000000e+2,4.520625000e+0,1.319921875e+1,
9.900000000e+1,4.520000000e+0,1.319921875e+1,
9.900000000e+1,4.440625000e+0,1.329765625e+1,
9.899218750e+1,4.477812500e+0,1.290000000e+1,
1.009765625e+2,4.600312500e+0,1.319843750e+1,
1.040156250e+2,4.480312500e+0,1.300000000e+1,
9.701562500e+1,4.520000000e+0,1.320000000e+1,
1.009843750e+2,4.440000000e+0,1.300078125e+1,
1.000000000e+2,4.479375000e+0,1.310000000e+1,
1.029921875e+2,4.559375000e+0,1.300000000e+1,
1.020000000e+2,4.519375000e+0,1.310000000e+1,
9.896093750e+1,4.440000000e+0,1.299921875e+1,
9.501562500e+1,4.481562500e+0,1.299453125e+1,
9.902343750e+1,4.519062500e+0,1.280156250e+1,
9.798437500e+1,4.439062500e+0,1.320078125e+1,
9.899218750e+1,4.440625000e+0,1.289687500e+1,
9.900000000e+1,4.519375000e+0,1.309531250e+1,
9.898437500e+1,4.480312500e+0,1.330000000e+1,
1.020468750e+2,4.480312500e+0,1.319921875e+1,
9.599218750e+1,4.479687500e+0,1.320078125e+1,
1.019687500e+2,4.440000000e+0,1.299843750e+1,
9.710156250e+1,4.480000000e+0,1.340000000e+1,
9.803125000e+1,4.518750000e+0,1.320468750e+1,
9.903906250e+1,4.562187500e+0,1.299921875e+1,
1.009843750e+2,4.399687500e+0,1.310000000e+1,
9.798437500e+1,4.520937500e+0,1.300078125e+1,
9.898437500e+1,4.560000000e+0,1.290000000e+1,
9.701562500e+1,4.600000000e+0,1.290234375e+1,
1.010000000e+2,4.558750000e+0,1.310000000e+1,
9.898437500e+1,4.481250000e+0,1.279765625e+1,
1.029843750e+2,4.479687500e+0,1.319921875e+1,
9.906250000e+1,4.520000000e+0,1.270000000e+1,
9.796093750e+1,4.519687500e+0,1.320000000e+1,
1.010000000e+2,4.560625000e+0,1.310000000e+1,
9.803125000e+1,4.599687500e+0,1.329921875e+1,
9.902343750e+1,4.520000000e+0,1.300234375e+1,
9.898437500e+1,4.440312500e+0,1.300000000e+1,
9.698437500e+1,4.400000000e+0,1.310000000e+1,
9.801562500e+1,4.480625000e+0,1.290000000e+1,
1.000078125e+2,4.520000000e+0,1.280000000e+1,
1.010000000e+2,4.479375000e+0,1.300078125e+1,
1.009921875e+2,4.480000000e+0,1.300000000e+1,
9.998437500e+1,4.478125000e+0,1.289921875e+1,
9.900000000e+1,4.560000000e+0,1.320078125e+1,
9.999218750e+1,4.440000000e+0,1.310078125e+1,
9.999218750e+1,4.399687500e+0,1.319921875e+1,
9.900781250e+1,4.479687500e+0,1.320000000e+1,
9.799218750e+1,4.399687500e+0,1.330000000e+1,
1.009921875e+2,4.518750000e+0,1.290078125e+1,
9.900000000e+1,4.563750000e+0,1.309765625e+1,
1.000000000e+2,4.480312500e+0,1.300000000e+1,
1.010156250e+2,4.559687500e+0,1.309921875e+1,
1.009843750e+2,4.440000000e+0,1.290000000e+1,
9.798437500e+1,4.561562500e+0,1.320234375e+1,
9.801562500e+1,4.479062500e+0,1.320000000e+1,
1.020000000e+2,4.480000000e+0,1.309921875e+1,
9.900000000e+1,4.480625000e+0,1.300000000e+1,
1.000000000e+2,4.560000000e+0,1.289843750e+1,
1.000078125e+2,4.440000000e+0,1.330000000e+1,
9.801562500e+1,4.481250000e+0,1.310000000e+1,
9.894531250e+1,4.559687500e+0,1.330000000e+1,
1.020078125e+2,4.441250000e+0,1.300000000e+1,
9.793750000e+1,4.438125000e+0,1.300000000e+1,
9.803125000e+1,4.559375000e+0,1.290000000e+1,
9.895312500e+1,4.600312500e+0,1.290078125e+1,
9.598437500e+1,4.438125000e+0,1.320078125e+1,
9.800781250e+1,4.400312500e+0,1.310000000e+1,
9.699218750e+1,4.440000000e+0,1.310000000e+1,
9.894531250e+1,4.480000000e+0,1.309921875e+1,
1.009921875e+2,4.439687500e+0,1.310000000e+1,
1.000000000e+2,4.560625000e+0,1.300000000e+1,
9.998437500e+1,4.399375000e+0,1.280000000e+1,
1.000000000e+2,4.562812500e+0,1.300078125e+1,
9.802343750e+1,4.559375000e+0,1.300000000e+1,
9.700781250e+1,4.440312500e+0,1.310000000e+1,
9.804687500e+1,4.678125000e+0,1.330078125e+1,
9.998437500e+1,4.560000000e+0,1.310000000e+1,
9.799218750e+1,4.560000000e+0,1.319843750e+1,
1.000078125e+2,4.439687500e+0,1.290000000e+1,
9.899218750e+1,4.479687500e+0,1.319921875e+1,
9.901562500e+1,4.400000000e+0,1.310000000e+1,
1.030000000e+2,4.560312500e+0,1.329921875e+1,
9.696875000e+1,4.482500000e+0,1.300078125e+1,
1.000000000e+2,4.519375000e+0,1.310000000e+1,
1.010000000e+2,4.519687500e+0,1.280000000e+1,
1.020000000e+2,4.479687500e+0,1.289609375e+1,
1.020000000e+2,4.440000000e+0,1.310000000e+1,
1.010234375e+2,4.520312500e+0,1.310000000e+1,
9.899218750e+1,4.519375000e+0,1.280312500e+1,
1.000234375e+2,4.560000000e+0,1.300000000e+1,
1.030390625e+2,4.479375000e+0,1.329843750e+1,
1.028906250e+2,4.480000000e+0,1.299921875e+1,
9.700000000e+1,4.480000000e+0,1.310156250e+1,
1.030156250e+2,4.520312500e+0,1.310078125e+1,
1.020000000e+2,4.520000000e+0,1.319921875e+1,
9.799218750e+1,4.520937500e+0,1.320156250e+1,
9.999218750e+1,4.480000000e+0,1.279921875e+1,
1.000078125e+2,4.479687500e+0,1.309609375e+1,
1.000000000e+2,4.440000000e+0,1.310078125e+1,
1.000000000e+2,4.479687500e+0,1.290078125e+1,
9.999218750e+1,4.519687500e+0,1.329921875e+1,
9.997656250e+1,4.441250000e+0,1.310234375e+1,
9.900000000e+1,4.475625000e+0,1.320312500e+1,
9.999218750e+1,4.640000000e+0,1.330078125e+1,
9.902343750e+1,4.480312500e+0,1.290156250e+1,
1.020078125e+2,4.520000000e+0,1.310000000e+1,
9.997656250e+1,4.560000000e+0,1.309921875e+1,
1.020703125e+2,4.559687500e+0,1.330234375e+1,
1.050156250e+2,4.599375000e+0,1.290234375e+1,
9.906250000e+1,4.559375000e+0,1.310000000e+1,
9.800000000e+1,4.480000000e+0,1.320000000e+1,
9.798437500e+1,4.440000000e+0,1.299453125e+1,
1.009609375e+2,4.480000000e+0,1.280156250e+1,
1.020234375e+2,4.439375000e+0,1.320000000e+1,
1.000078125e+2,4.439687500e+0,1.310000000e+1,
1.020625000e+2,4.517812500e+0,1.299921875e+1,
1.039375000e+2,4.520000000e+0,1.310000000e+1,
9.697656250e+1,4.519687500e+0,1.310000000e+1,
1.000078125e+2,4.600000000e+0,1.329921875e+1,
1.000000000e+2,4.519375000e+0,1.290312500e+1,
9.800000000e+1,4.519375000e+0,1.280000000e+1,
1.000000000e+2,4.521250000e+0,1.290078125e+1,
9.900000000e+1,4.439687500e+0,1.309843750e+1,
1.000000000e+2,4.519375000e+0,1.320078125e+1,
1.000000000e+2,4.480312500e+0,1.310000000e+1,
1.010000000e+2,4.440000000e+0,1.320000000e+1,
1.009921875e+2,4.480000000e+0,1.309921875e+1,
1.000000000e+2,4.480000000e+0,1.320000000e+1,
9.999218750e+1,4.600937500e+0,1.290000000e+1,
1.020000000e+2,4.440000000e+0,1.319765625e+1,
9.899218750e+1,4.559062500e+0,1.319921875e+1,
1.010078125e+2,4.637500000e+0,1.330156250e+1,
9.999218750e+1,4.439062500e+0,1.320000000e+1,
1.020312500e+2,4.560000000e+0,1.280078125e+1,
1.030390625e+2,4.440000000e+0,1.320000000e+1,
9.907031250e+1,4.479687500e+0,1.310000000e+1,
9.796093750e+1,4.480000000e+0,1.319921875e+1,
1.010000000e+2,4.359375000e+0,1.310000000e+1,
9.997656250e+1,4.601250000e+0,1.310000000e+1,
1.020078125e+2,4.519375000e+0,1.310078125e+1,
9.903906250e+1,4.480312500e+0,1.300000000e+1,
1.000000000e+2,4.440000000e+0,1.309843750e+1,
9.900000000e+1,4.440625000e+0,1.329765625e+1,
1.010078125e+2,4.398750000e+0,1.330078125e+1,
1.009921875e+2,4.559687500e+0,1.299765625e+1,
9.897656250e+1,4.399062500e+0,1.299921875e+1,
9.900781250e+1,4.480000000e+0,1.320000000e+1,
1.020000000e+2,4.440000000e+0,1.310000000e+1,
1.030703125e+2,4.517500000e+0,1.330000000e+1,
9.800781250e+1,4.480312500e+0,1.310000000e+1,
1.009843750e+2,4.400625000e+0,1.319921875e+1,
1.010156250e+2,4.521562500e+0,1.299843750e+1,
1.000078125e+2,4.436562500e+0,1.310078125e+1,
1.000078125e+2,4.400937500e+0,1.319765625e+1,
1.000312500e+2,4.519687500e+0,1.290000000e+1,
1.030000000e+2,4.479687500e+0,1.310000000e+1,
9.998437500e+1,4.440000000e+0,1.330078125e+1,
9.902343750e+1,4.481875000e+0,1.339921875e+1,
1.010000000e+2,4.600625000e+0,1.320000000e+1,
9.900781250e+1,4.600000000e+0,1.310000000e+1,
9.900000000e+1,4.478437500e+0,1.310078125e+1,
9.600781250e+1,4.440000000e+0,1.320000000e+1,
1.009921875e+2,4.479062500e+0,1.320000000e+1,
9.801562500e+1,4.519687500e+0,1.339921875e+1,
9.700000000e+1,4.398437500e+0,1.310000000e+1,
9.898437500e+1,4.359687500e+0,1.330078125e+1,
1.000312500e+2,4.360312500e+0,1.289921875e+1,
9.700000000e+1,4.439375000e+0,1.319531250e+1,
9.998437500e+1,4.478750000e+0,1.309921875e+1,
1.000000000e+2,4.559062500e+0,1.299921875e+1,
9.997656250e+1,4.440000000e+0,1.289843750e+1,
9.700000000e+1,4.560000000e+0,1.270000000e+1,
9.998437500e+1,4.439062500e+0,1.290390625e+1,
1.000000000e+2,4.520625000e+0,1.299921875e+1,
9.700000000e+1,4.480000000e+0,1.300000000e+1,
9.999218750e+1,4.519687500e+0,1.310000000e+1,
9.902343750e+1,4.440000000e+0,1.310000000e+1,
9.800000000e+1,4.479687500e+0,1.280000000e+1,
9.896875000e+1,4.400000000e+0,1.270000000e+1,
1.000000000e+2,4.440625000e+0,1.290000000e+1,
9.803906250e+1,4.439687500e+0,1.320000000e+1,
9.600781250e+1,4.478437500e+0,1.260390625e+1,
9.802343750e+1,4.440000000e+0,1.280156250e+1,
9.798437500e+1,4.361250000e+0,1.309921875e+1,
9.699218750e+1,4.560000000e+0,1.299921875e+1,
9.698437500e+1,4.358750000e+0,1.299921875e+1,
9.600781250e+1,4.481562500e+0,1.280156250e+1,
9.800000000e+1,4.443750000e+0,1.260000000e+1,
9.601562500e+1,4.320000000e+0,1.270234375e+1,
9.700000000e+1,4.359687500e+0,1.290000000e+1,
9.600781250e+1,4.280000000e+0,1.279843750e+1,
9.497656250e+1,4.400937500e+0,1.280000000e+1,
9.798437500e+1,4.317812500e+0,1.279921875e+1,
9.604687500e+1,4.320000000e+0,1.270000000e+1,
9.500781250e+1,4.319687500e+0,1.249921875e+1,
9.600000000e+1,4.319375000e+0,1.250000000e+1,
9.500781250e+1,4.280000000e+0,1.269921875e+1,
9.599218750e+1,4.360000000e+0,1.229687500e+1,
9.300781250e+1,4.399687500e+0,1.229921875e+1,
9.400000000e+1,4.320000000e+0,1.239921875e+1,
9.300000000e+1,4.240000000e+0,1.250078125e+1,
8.999218750e+1,4.278437500e+0,1.230000000e+1,
9.399218750e+1,4.320625000e+0,1.189843750e+1,
9.201562500e+1,4.200000000e+0,1.230000000e+1,
8.897656250e+1,4.280625000e+0,1.210000000e+1,
9.200000000e+1,4.200000000e+0,1.219921875e+1,
8.902343750e+1,4.159687500e+0,1.210000000e+1,
8.900000000e+1,4.240937500e+0,1.219921875e+1,
8.900000000e+1,4.119687500e+0,1.210000000e+1,
8.896093750e+1,4.160000000e+0,1.199921875e+1,
8.502343750e+1,4.159062500e+0,1.189765625e+1,
9.102343750e+1,4.160625000e+0,1.169687500e+1,
8.696875000e+1,4.159375000e+0,1.150312500e+1,
8.700781250e+1,4.080000000e+0,1.190078125e+1,
8.400781250e+1,4.158750000e+0,1.160390625e+1,
8.499218750e+1,4.120312500e+0,1.159921875e+1,
8.502343750e+1,4.120312500e+0,1.160234375e+1,
8.300000000e+1,4.079375000e+0,1.180078125e+1,
8.496093750e+1,3.960625000e+0,1.140234375e+1,
8.503906250e+1,3.920000000e+0,1.140000000e+1,
8.295312500e+1,3.959062500e+0,1.150156250e+1,
8.098437500e+1,4.000000000e+0,1.120156250e+1,
7.998437500e+1,3.959375000e+0,1.120000000e+1,
7.698437500e+1,3.879687500e+0,1.120000000e+1,
7.803906250e+1,3.840000000e+0,1.110000000e+1,
7.794531250e+1,3.839687500e+0,1.079921875e+1,
7.400781250e+1,3.760000000e+0,1.070078125e+1,
7.796093750e+1,3.837812500e+0,1.060234375e+1,
7.603906250e+1,3.800625000e+0,1.039843750e+1,
7.400781250e+1,3.679687500e+0,1.030000000e+1,
7.299218750e+1,3.680625000e+0,1.020000000e+1,
7.103125000e+1,3.679687500e+0,1.019687500e+1,
6.800781250e+1,3.599687500e+0,9.798437500e+0,
6.800000000e+1,3.599062500e+0,9.799218750e+0,
6.395312500e+1,3.520625000e+0,9.397656250e+0,
5.801562500e+1,3.359062500e+0,9.200000000e+0,
6.003125000e+1,3.321250000e+0,9.100000000e+0,
5.596875000e+1,3.400000000e+0,9.098437500e+0,
5.200000000e+1,3.238125000e+0,8.798437500e+0,
4.897656250e+1,3.200000000e+0,8.700000000e+0,
4.700000000e+1,3.164062500e+0,8.400781250e+0,
4.401562500e+1,3.040312500e+0,8.498437500e+0,
4.201562500e+1,3.040000000e+0,8.000000000e+0,
3.897656250e+1,2.880625000e+0,8.100781250e+0,
3.600000000e+1,2.840625000e+0,7.697656250e+0,
3.801562500e+1,2.798750000e+0,7.500000000e+0,
3.103906250e+1,2.718750000e+0,7.197656250e+0,
2.700000000e+1,2.844687500e+0,7.405468750e+0,
2.500000000e+1,2.598750000e+0,6.902343750e+0,
2.403906250e+1,2.640000000e+0,6.797656250e+0,
2.700000000e+1,2.438750000e+0,6.391406250e+0,
2.198437500e+1,2.480312500e+0,6.203125000e+0,
2.099218750e+1,2.399062500e+0,6.200000000e+0,
2.100000000e+1,2.319687500e+0,5.598437500e+0,
1.800000000e+1,2.320000000e+0,5.800000000e+0,
1.800000000e+1,2.200625000e+0,5.801562500e+0,
1.900781250e+1,2.160000000e+0,5.397656250e+0,
1.600781250e+1,2.078750000e+0,5.400000000e+0,
1.698437500e+1,1.960000000e+0,5.600000000e+0,
1.500781250e+1,2.080000000e+0,5.300000000e+0,
1.294531250e+1,1.883125000e+0,5.400781250e+0,
9.984375000e+0,1.920312500e+0,5.100000000e+0,
9.992187500e+0,1.760937500e+0,5.300000000e+0,
8.968750000e+0,1.638125000e+0,5.098437500e+0,
8.015625000e+0,1.480000000e+0,4.900000000e+0,
8.984375000e+0,1.560000000e+0,5.100000000e+0,
6.031250000e+0,1.599687500e+0,4.699218750e+0,
6.007812500e+0,1.600625000e+0,4.900781250e+0,
4.007812500e+0,1.440625000e+0,4.400000000e+0,
3.000000000e+0,1.440937500e+0,4.402343750e+0,
1.976562500e+0,1.480625000e+0,4.500000000e+0,
3.023437500e+0,1.439062500e+0,4.400000000e+0,
-9.531250000e-1,1.239375000e+0,4.100000000e+0,
0.000000000e+0,1.278125000e+0,4.400781250e+0,
-2.015625000e+0,1.320000000e+0,3.901562500e+0,
-2.023437500e+0,1.280000000e+0,4.003125000e+0,
-6.015625000e+0,1.237500000e+0,3.797656250e+0,
-7.007812500e+0,9.993750000e-1,3.402343750e+0,
-8.015625000e+0,1.080000000e+0,3.201562500e+0,
-1.100000000e+1,1.039687500e+0,3.400000000e+0,
-1.099218750e+1,1.002812500e+0,3.301562500e+0,
-1.200000000e+1,8.806250000e-1,3.100000000e+0,
-1.200000000e+1,8.812500000e-1,2.700000000e+0,
-1.502343750e+1,9.603125000e-1,2.800000000e+0,
-1.700000000e+1,8.400000000e-1,2.500000000e+0,
-1.798437500e+1,7.206250000e-1,2.600000000e+0,
-2.101562500e+1,8.387500000e-1,2.207031250e+0,
-2.200000000e+1,7.612500000e-1,2.300000000e+0,
-2.502343750e+1,7.209375000e-1,2.300000000e+0,
-2.601562500e+1,7.996875000e-1,2.097656250e+0,
-2.699218750e+1,6.793750000e-1,1.798437500e+0,
-2.702343750e+1,6.793750000e-1,1.901562500e+0,
-3.200000000e+1,5.990625000e-1,1.899218750e+0,
-3.000000000e+1,5.253125000e-1,2.002343750e+0,
-3.197656250e+1,4.000000000e-1,1.298437500e+0,
-3.599218750e+1,5.215625000e-1,1.598437500e+0,
-3.699218750e+1,5.603125000e-1,1.001562500e+0,
-3.800000000e+1,4.009375000e-1,1.100000000e+0,
-3.799218750e+1,3.193750000e-1,9.992187500e-1,
-4.002343750e+1,2.800000000e-1,7.023437500e-1,
-4.107812500e+1,2.793750000e-1,5.023437500e-1,
-4.599218750e+1,2.803125000e-1,7.000000000e-1,
-4.298437500e+1,2.000000000e-1,4.046875000e-1,
-4.710156250e+1,2.800000000e-1,2.000000000e-1,
-4.998437500e+1,1.990625000e-1,2.007812500e-1,
-4.800000000e+1,2.000000000e-1,-9.765625000e-2,
-5.100000000e+1,1.600000000e-1,-1.992187500e-1,
-5.000000000e+1,1.596875000e-1,-4.000000000e-1,
-5.298437500e+1,8.000000000e-2,-5.015625000e-1,
-5.398437500e+1,1.996875000e-1,-1.023437500e-1,
-5.699218750e+1,3.750000000e-2,-7.031250000e-1,
-5.603125000e+1,4.031250000e-2,-5.000000000e-1,
-5.596875000e+1,7.937500000e-2,-6.000000000e-1,
-5.903125000e+1,1.596875000e-1,-6.984375000e-1,
-6.102343750e+1,1.200000000e-1,-1.000000000e+0,
-6.300781250e+1,1.200000000e-1,-8.000000000e-1,
-6.299218750e+1,7.937500000e-2,-6.992187500e-1,
-6.100000000e+1,-4.000000000e-2,-6.000000000e-1,
-6.402343750e+1,7.875000000e-2,-9.000000000e-1,
-6.600781250e+1,8.156250000e-2,-1.100000000e+0,
-6.498437500e+1,-3.125000000e-4,-9.015625000e-1,
-6.200000000e+1,7.968750000e-2,-1.096875000e+0,
-6.500000000e+1,0.000000000e+0,-1.200000000e+0,
-6.700000000e+1,4.187500000e-2,-9.007812500e-1,
-6.600000000e+1,1.600000000e-1,-9.968750000e-1,
-6.601562500e+1,4.000000000e-2,-1.200000000e+0,
-6.200000000e+1,8.031250000e-2,-1.007031250e+0,
-6.600000000e+1,3.968750000e-2,-8.000000000e-1,
-6.497656250e+1,1.206250000e-1,-1.103906250e+0,
-6.300000000e+1,-1.209375000e-1,-1.300000000e+0,
-6.301562500e+1,8.375000000e-2,-1.100000000e+0,
-6.300000000e+1,7.937500000e-2,-9.007812500e-1,
-6.202343750e+1,-4.000000000e-2,-1.000000000e+0,
-6.100781250e+1,-8.000000000e-2,-1.000000000e+0,
-6.098437500e+1,-8.000000000e-2,-7.007812500e-1,
-6.109375000e+1,3.125000000e-4,-8.000000000e-1,
-5.700000000e+1,-2.003125000e-1,-6.007812500e-1,
-6.002343750e+1,-8.000000000e-2,-8.992187500e-1,
-5.605468750e+1,-1.987500000e-1,-7.000000000e-1,
-5.801562500e+1,-2.000000000e-1,-8.015625000e-1,
-5.600000000e+1,-2.403125000e-1,-4.007812500e-1,
-5.700000000e+1,-2.000000000e-1,-7.000000000e-1,
-5.500000000e+1,-2.809375000e-1,-5.015625000e-1,
-5.700781250e+1,-2.790625000e-1,-9.007812500e-1,
-5.500000000e+1,-1.600000000e-1,-4.000000000e-1,
-5.600000000e+1,-2.400000000e-1,-5.000000000e-1,
-5.400781250e+1,-2.359375000e-1,-4.015625000e-1,
-5.500781250e+1,-4.393750000e-1,-6.000000000e-1,
-5.200781250e+1,-3.984375000e-1,-6.984375000e-1,
-5.296875000e+1,-2.371875000e-1,-4.976562500e-1,
-5.500781250e+1,-2.425000000e-1,-5.007812500e-1,
-5.302343750e+1,-3.606250000e-1,-7.023437500e-1,
-5.301562500e+1,-3.203125000e-1,-8.000000000e-1,
-5.295312500e+1,-3.206250000e-1,-6.000000000e-1,
-5.102343750e+1,-4.400000000e-1,-6.007812500e-1,
-5.903125000e+1,-3.996875000e-1,-5.992187500e-1,
-5.599218750e+1,-3.996875000e-1,-6.000000000e-1,
-5.600000000e+1,-2.800000000e-1,-8.015625000e-1,
-5.700000000e+1,-3.225000000e-1,-7.976562500e-1,
-5.899218750e+1,-4.784375000e-1,-6.992187500e-1,
-5.500781250e+1,-4.015625000e-1,-9.000000000e-1,
-5.800000000e+1,-3.609375000e-1,-7.984375000e-1,
-5.600000000e+1,-4.809375000e-1,-4.992187500e-1,
-5.898437500e+1,-4.400000000e-1,-1.099218750e+0,
-6.098437500e+1,-4.400000000e-1,-6.992187500e-1,
-6.100000000e+1,-4.003125000e-1,-7.914062500e-1,
-5.800000000e+1,-3.993750000e-1,-1.301562500e+0,
-6.102343750e+1,-3.990625000e-1,-1.198437500e+0,
-6.299218750e+1,-2.400000000e-1,-1.199218750e+0,
-6.200000000e+1,-3.603125000e-1,-9.984375000e-1,
-6.200000000e+1,-2.809375000e-1,-1.003906250e+0,
-6.300000000e+1,-4.406250000e-1,-1.298437500e+0,
-6.700000000e+1,-3.215625000e-1,-1.399218750e+0,
-6.301562500e+1,-3.603125000e-1,-1.499218750e+0,
-6.398437500e+1,-3.606250000e-1,-1.200000000e+0,
-6.598437500e+1,-4.803125000e-1,-1.400000000e+0,
-6.800781250e+1,-4.400000000e-1,-1.601562500e+0,
-6.702343750e+1,-4.400000000e-1,-1.800000000e+0,
-6.796875000e+1,-4.396875000e-1,-1.600000000e+0,
-7.103906250e+1,-5.209375000e-1,-1.599218750e+0,
-7.197656250e+1,-4.400000000e-1,-1.600000000e+0,
-6.895312500e+1,-5.203125000e-1,-1.600000000e+0,
-6.803906250e+1,-4.396875000e-1,-1.701562500e+0,
-7.203125000e+1,-4.400000000e-1,-1.800000000e+0,
-7.097656250e+1,-4.403125000e-1,-1.700000000e+0,
-6.998437500e+1,-5.562500000e-1,-1.900000000e+0,
-7.102343750e+1,-6.400000000e-1,-1.697656250e+0,
-6.800781250e+1,-5.203125000e-1,-1.802343750e+0,
-6.899218750e+1,-5.996875000e-1,-2.201562500e+0,
-7.000000000e+1,-4.378125000e-1,-1.992187500e+0,
-7.099218750e+1,-5.231250000e-1,-1.800781250e+0,
-7.197656250e+1,-5.600000000e-1,-2.100000000e+0,
-7.300000000e+1,-5.193750000e-1,-2.400000000e+0,
-7.200000000e+1,-5.596875000e-1,-2.100000000e+0,
-7.199218750e+1,-5.606250000e-1,-2.000000000e+0,
-7.100781250e+1,-7.200000000e-1,-2.101562500e+0,
-7.299218750e+1,-6.793750000e-1,-2.001562500e+0,
-7.400000000e+1,-6.800000000e-1,-1.800000000e+0,
-7.200000000e+1,-6.396875000e-1,-2.102343750e+0,
-7.099218750e+1,-6.803125000e-1,-2.100000000e+0,
-7.399218750e+1,-6.009375000e-1,-2.000000000e+0,
-7.300781250e+1,-6.393750000e-1,-2.200000000e+0,
-7.300781250e+1,-7.600000000e-1,-2.300781250e+0,
-7.100781250e+1,-7.600000000e-1,-2.100781250e+0,
-7.196875000e+1,-8.406250000e-1,-2.299218750e+0,
-7.400781250e+1,-6.006250000e-1,-2.400000000e+0,
-7.100000000e+1,-8.006250000e-1,-2.300000000e+0,
-7.400781250e+1,-7.200000000e-1,-1.999218750e+0,
-7.096875000e+1,-7.615625000e-1,-2.208593750e+0,
-7.203125000e+1,-7.175000000e-1,-2.398437500e+0,
-7.500000000e+1,-6.809375000e-1,-2.200000000e+0,
-7.400000000e+1,-7.593750000e-1,-2.401562500e+0,
-7.500781250e+1,-6.003125000e-1,-2.204687500e+0,
-7.200000000e+1,-7.587500000e-1,-2.098437500e+0,
-7.595312500e+1,-7.590625000e-1,-2.401562500e+0,
-7.699218750e+1,-7.203125000e-1,-2.300781250e+0,
-7.707812500e+1,-8.000000000e-1,-2.300000000e+0,
-7.299218750e+1,-7.600000000e-1,-2.400000000e+0,
-7.911718750e+1,-7.584375000e-1,-2.499218750e+0,
-7.992187500e+1,-9.187500000e-1,-2.501562500e+0,
-7.497656250e+1,-8.800000000e-1,-2.300000000e+0,
-7.705468750e+1,-9.203125000e-1,-2.398437500e+0,
-7.901562500e+1,-8.800000000e-1,-2.700000000e+0,
-7.796093750e+1,-8.393750000e-1,-2.496875000e+0,
-7.600000000e+1,-7.200000000e-1,-2.400000000e+0,
-7.795312500e+1,-8.350000000e-1,-2.596875000e+0,
-8.000781250e+1,-9.200000000e-1,-2.700781250e+0,
-7.802343750e+1,-8.787500000e-1,-2.800000000e+0,
-7.800781250e+1,-8.409375000e-1,-2.600000000e+0,
-7.699218750e+1,-1.000937500e+0,-2.900781250e+0,
-7.994531250e+1,-9.175000000e-1,-2.700781250e+0,
-8.097656250e+1,-8.000000000e-1,-2.998437500e+0,
-7.899218750e+1,-8.793750000e-1,-3.000000000e+0,
-8.000781250e+1,-9.206250000e-1,-3.000000000e+0,
-8.000000000e+1,-9.990625000e-1,-3.000000000e+0,
-8.100781250e+1,-8.800000000e-1,-3.000000000e+0,
-8.100000000e+1,-1.041562500e+0,-2.899218750e+0,
-8.000781250e+1,-1.000000000e+0,-2.800000000e+0,
-8.202343750e+1,-9.603125000e-1,-2.898437500e+0,
-8.400000000e+1,-9.996875000e-1,-3.201562500e+0,
-8.300781250e+1,-1.080000000e+0,-3.201562500e+0,
-8.199218750e+1,-8.806250000e-1,-3.200000000e+0,
-8.100000000e+1,-9.609375000e-1,-3.199218750e+0,
-8.199218750e+1,-1.042500000e+0,-2.900000000e+0,
-8.397656250e+1,-1.161250000e+0,-2.997656250e+0,
-8.700000000e+1,-8.853125000e-1,-3.196875000e+0,
-8.400000000e+1,-9.612500000e-1,-3.200781250e+0,
-8.601562500e+1,-9.603125000e-1,-3.100781250e+0,
-8.397656250e+1,-1.121250000e+0,-3.403906250e+0,
-8.400781250e+1,-1.120625000e+0,-3.399218750e+0,
-8.701562500e+1,-1.159687500e+0,-3.400000000e+0,
-8.800000000e+1,-1.080000000e+0,-3.300781250e+0,
-8.600000000e+1,-1.119375000e+0,-3.500000000e+0,
-8.800000000e+1,-1.000000000e+0,-3.400781250e+0,
-8.600781250e+1,-1.160000000e+0,-3.300781250e+0,
-8.699218750e+1,-1.078750000e+0,-3.400000000e+0,
-8.700000000e+1,-1.080625000e+0,-3.298437500e+0,
-8.800000000e+1,-1.199687500e+0,-3.800000000e+0,
-8.799218750e+1,-1.161875000e+0,-3.601562500e+0,
-8.800781250e+1,-1.120000000e+0,-3.500000000e+0,
-8.903125000e+1,-1.199375000e+0,-3.600000000e+0,
-9.000000000e+1,-1.280625000e+0,-3.500000000e+0,
-8.897656250e+1,-1.280000000e+0,-3.599218750e+0,
-8.800000000e+1,-1.240000000e+0,-3.700000000e+0,
-8.897656250e+1,-1.160312500e+0,-3.700000000e+0,
-8.997656250e+1,-1.200000000e+0,-3.899218750e+0,
-9.100781250e+1,-1.200312500e+0,-3.900000000e+0,
-8.899218750e+1,-1.240625000e+0,-3.697656250e+0,
-9.299218750e+1,-1.279687500e+0,-3.600781250e+0,
-9.102343750e+1,-1.240000000e+0,-3.900000000e+0,
-9.198437500e+1,-1.279375000e+0,-3.800000000e+0,
-9.099218750e+1,-1.080000000e+0,-3.799218750e+0,
-9.098437500e+1,-1.280000000e+0,-3.899218750e+0,
-9.001562500e+1,-1.240000000e+0,-3.998437500e+0,
-9.302343750e+1,-1.160312500e+0,-3.800000000e+0,
-9.400000000e+1,-1.280625000e+0,-4.000000000e+0,
-9.300781250e+1,-1.320000000e+0,-3.796875000e+0,
-9.500000000e+1,-1.240625000e+0,-3.700781250e+0,
-9.500000000e+1,-1.434062500e+0,-3.998437500e+0,
-9.500000000e+1,-1.441250000e+0,-3.900000000e+0,
-9.400000000e+1,-1.359375000e+0,-4.000000000e+0,
-9.300000000e+1,-1.360625000e+0,-4.100000000e+0,
-9.300000000e+1,-1.440000000e+0,-4.100000000e+0,
-9.494531250e+1,-1.360000000e+0,-4.200000000e+0,
-9.800000000e+1,-1.400625000e+0,-4.098437500e+0,
-9.396875000e+1,-1.320000000e+0,-4.300000000e+0,
-9.402343750e+1,-1.400312500e+0,-4.098437500e+0,
-9.502343750e+1,-1.360312500e+0,-4.100000000e+0,
-9.599218750e+1,-1.440625000e+0,-4.103906250e+0,
-9.601562500e+1,-1.439062500e+0,-4.402343750e+0,
-1.000000000e+2,-1.400000000e+0,-4.300781250e+0,
-9.399218750e+1,-1.437812500e+0,-4.300000000e+0,
-9.698437500e+1,-1.480000000e+0,-4.400000000e+0,
-9.800781250e+1,-1.479687500e+0,-4.198437500e+0,
-9.800000000e+1,-1.440312500e+0,-4.699218750e+0,
-9.802343750e+1,-1.440000000e+0,-4.499218750e+0,
-9.697656250e+1,-1.440312500e+0,-4.500000000e+0,
-9.998437500e+1,-1.477812500e+0,-4.300781250e+0,
-9.700000000e+1,-1.601562500e+0,-4.400781250e+0,
-1.000078125e+2,-1.480000000e+0,-4.400000000e+0,
-9.696093750e+1,-1.600312500e+0,-4.496875000e+0,
-9.909375000e+1,-1.400000000e+0,-4.800000000e+0,
-1.030234375e+2,-1.443125000e+0,-4.801562500e+0,
-1.009375000e+2,-1.639687500e+0,-4.498437500e+0,
-9.799218750e+1,-1.526875000e+0,-4.898437500e+0,
-1.009843750e+2,-1.400000000e+0,-4.600000000e+0,
-1.000000000e+2,-1.520000000e+0,-4.699218750e+0,
-1.019921875e+2,-1.600000000e+0,-4.903125000e+0,
-1.020156250e+2,-1.520937500e+0,-4.999218750e+0,
-1.010234375e+2,-1.680937500e+0,-4.800000000e+0,
-1.009375000e+2,-1.600625000e+0,-4.700000000e+0,
-1.050078125e+2,-1.560937500e+0,-4.701562500e+0,
-1.019609375e+2,-1.560000000e+0,-4.697656250e+0,
-1.030390625e+2,-1.679687500e+0,-5.100000000e+0,
-1.050000000e+2,-1.640000000e+0,-4.896875000e+0,
-1.020000000e+2,-1.679375000e+0,-4.899218750e+0,
-1.040078125e+2,-1.560625000e+0,-5.100000000e+0,
-1.040078125e+2,-1.677187500e+0,-5.200781250e+0,
-1.050078125e+2,-1.760312500e+0,-5.203906250e+0,
-1.050000000e+2,-1.720000000e+0,-4.798437500e+0,
-1.040000000e+2,-1.760312500e+0,-5.200000000e+0,
-1.040000000e+2,-1.638750000e+0,-4.700000000e+0,
-1.070078125e+2,-1.640312500e+0,-5.196875000e+0,
-1.050156250e+2,-1.680000000e+0,-5.100000000e+0,
-1.030000000e+2,-1.838750000e+0,-5.199218750e+0,
-1.050000000e+2,-1.720625000e+0,-5.100781250e+0,
-1.070156250e+2,-1.679687500e+0,-4.998437500e+0,
-1.079687500e+2,-1.802187500e+0,-4.901562500e+0,
-1.050078125e+2,-1.797812500e+0,-5.300000000e+0,
-1.090234375e+2,-1.680000000e+0,-5.396093750e+0,
-1.070312500e+2,-1.800000000e+0,-5.100000000e+0,
-1.070234375e+2,-1.800000000e+0,-5.500000000e+0,
-1.050234375e+2,-1.840000000e+0,-5.102343750e+0,
-1.059453125e+2,-1.880000000e+0,-5.400000000e+0,
-1.089140625e+2,-1.839375000e+0,-5.300000000e+0,
-1.100546875e+2,-1.760000000e+0,-5.300000000e+0,
-1.070234375e+2,-1.798125000e+0,-5.400000000e+0,
-1.090312500e+2,-1.920000000e+0,-5.600000000e+0,
-1.100000000e+2,-1.840625000e+0,-5.501562500e+0,
-1.090078125e+2,-1.840312500e+0,-5.500000000e+0,
-1.120234375e+2,-1.800000000e+0,-5.499218750e+0,
-1.140000000e+2,-1.880937500e+0,-5.499218750e+0,
-1.140000000e+2,-1.920000000e+0,-5.800000000e+0,
-1.130000000e+2,-1.841250000e+0,-5.700000000e+0,
-1.099921875e+2,-1.797187500e+0,-5.596875000e+0,
-1.129765625e+2,-1.959062500e+0,-5.700000000e+0,
-1.120156250e+2,-2.079687500e+0,-5.500000000e+0,
-1.099765625e+2,-1.957500000e+0,-5.805468750e+0,
-1.159609375e+2,-1.920000000e+0,-6.000000000e+0,
-1.140390625e+2,-1.920937500e+0,-5.800000000e+0,
-1.140078125e+2,-2.000000000e+0,-5.900000000e+0,
-1.129765625e+2,-1.959687500e+0,-5.700000000e+0,
-1.120078125e+2,-1.920000000e+0,-5.802343750e+0,
-1.140234375e+2,-2.039687500e+0,-5.899218750e+0,
-1.150000000e+2,-1.919687500e+0,-5.800000000e+0,
-1.130000000e+2,-2.040000000e+0,-5.903125000e+0,
-1.160000000e+2,-2.040000000e+0,-6.097656250e+0,
-1.160078125e+2,-2.079062500e+0,-5.800000000e+0,
-1.170000000e+2,-2.040937500e+0,-6.100000000e+0,
-1.170000000e+2,-2.000625000e+0,-5.899218750e+0,
-1.170000000e+2,-2.120937500e+0,-5.900000000e+0,
-1.200000000e+2,-2.079687500e+0,-5.899218750e+0,
-1.170156250e+2,-2.040937500e+0,-6.200000000e+0,
-1.190000000e+2,-2.160000000e+0,-5.904687500e+0,
-1.170156250e+2,-2.041562500e+0,-6.001562500e+0,
-1.160078125e+2,-2.040625000e+0,-6.202343750e+0,
-1.190312500e+2,-2.039375000e+0,-6.300781250e+0,
-1.199921875e+2,-2.000000000e+0,-6.302343750e+0,
-1.170000000e+2,-2.082500000e+0,-6.498437500e+0,
-1.200000000e+2,-2.159687500e+0,-6.102343750e+0,
-1.210078125e+2,-2.080937500e+0,-5.998437500e+0,
-1.210078125e+2,-2.120312500e+0,-6.200781250e+0,
-1.190078125e+2,-2.118750000e+0,-6.200000000e+0,
-1.209843750e+2,-2.040625000e+0,-6.400000000e+0,
-1.230156250e+2,-2.240000000e+0,-6.600000000e+0,
-1.210156250e+2,-2.116562500e+0,-6.300000000e+0,
-1.219843750e+2,-2.040000000e+0,-6.300000000e+0,
-1.220000000e+2,-2.156562500e+0,-6.599218750e+0,
-1.219921875e+2,-2.200000000e+0,-6.499218750e+0,
-1.220312500e+2,-2.200000000e+0,-6.400781250e+0,
-1.250078125e+2,-2.200000000e+0,-6.402343750e+0,
-1.229921875e+2,-2.200000000e+0,-6.700781250e+0,
-1.240000000e+2,-2.200625000e+0,-6.500000000e+0,
-1.220234375e+2,-2.241250000e+0,-6.800000000e+0,
-1.229375000e+2,-2.120000000e+0,-6.597656250e+0,
-1.260000000e+2,-2.161250000e+0,-6.701562500e+0,
-1.230078125e+2,-2.240000000e+0,-6.900000000e+0,
-1.239843750e+2,-2.160625000e+0,-6.697656250e+0,
-1.250078125e+2,-2.282187500e+0,-6.700000000e+0,
-1.249765625e+2,-2.280000000e+0,-6.700000000e+0,
-1.269921875e+2,-2.281562500e+0,-7.000000000e+0,
-1.250000000e+2,-2.200000000e+0,-6.700000000e+0,
-1.270078125e+2,-2.280312500e+0,-6.700000000e+0,
-1.260000000e+2,-2.280000000e+0,-6.702343750e+0,
-1.270000000e+2,-2.320000000e+0,-7.000000000e+0,
-1.270000000e+2,-2.240000000e+0,-6.800781250e+0,
-1.290000000e+2,-2.240312500e+0,-6.901562500e+0,
-1.310078125e+2,-2.239375000e+0,-6.900000000e+0,
-1.270000000e+2,-2.359062500e+0,-6.900781250e+0,
-1.320000000e+2,-2.400312500e+0,-7.000000000e+0,
-1.280156250e+2,-2.319687500e+0,-7.200781250e+0,
-1.300078125e+2,-2.400000000e+0,-6.901562500e+0,
-1.270156250e+2,-2.480000000e+0,-7.000000000e+0,
-1.280000000e+2,-2.442500000e+0,-6.897656250e+0,
-1.280000000e+2,-2.360312500e+0,-7.300000000e+0,
-1.300234375e+2,-2.480000000e+0,-7.396875000e+0,
-1.319921875e+2,-2.436250000e+0,-7.203906250e+0,
-1.299843750e+2,-2.279375000e+0,-7.501562500e+0,
-1.300000000e+2,-2.401875000e+0,-7.195312500e+0,
-1.299921875e+2,-2.520312500e+0,-7.102343750e+0,
-1.320000000e+2,-2.485312500e+0,-7.300781250e+0,
-1.300000000e+2,-2.399062500e+0,-7.100781250e+0,
-1.319218750e+2,-2.560312500e+0,-7.403125000e+0,
-1.370078125e+2,-2.439687500e+0,-7.500781250e+0,
-1.330625000e+2,-2.479375000e+0,-7.304687500e+0,
-1.339296875e+2,-2.600000000e+0,-7.000000000e+0,
-1.349843750e+2,-2.600312500e+0,-7.596093750e+0,
-1.329609375e+2,-2.561875000e+0,-7.403906250e+0,
-1.330312500e+2,-2.439687500e+0,-7.400781250e+0,
-1.359921875e+2,-2.440625000e+0,-7.500000000e+0,
-1.329921875e+2,-2.480000000e+0,-7.500000000e+0,
-1.360312500e+2,-2.480312500e+0,-7.599218750e+0,
-1.349921875e+2,-2.521250000e+0,-7.300781250e+0,
-1.350156250e+2,-2.600312500e+0,-7.398437500e+0,
-1.339921875e+2,-2.560000000e+0,-7.502343750e+0,
-1.359765625e+2,-2.600000000e+0,-8.000000000e+0,
-1.360156250e+2,-2.519062500e+0,-7.800000000e+0,
-1.350156250e+2,-2.521250000e+0,-7.799218750e+0,
-1.349921875e+2,-2.639375000e+0,-7.600000000e+0,
-1.360234375e+2,-2.520312500e+0,-7.700000000e+0,
-1.380156250e+2,-2.718750000e+0,-7.600781250e+0,
-1.379765625e+2,-2.639375000e+0,-7.800000000e+0,
-1.360000000e+2,-2.559687500e+0,-7.700000000e+0,
-1.380078125e+2,-2.600000000e+0,-7.800781250e+0,
-1.380000000e+2,-2.720312500e+0,-7.900781250e+0,
-1.380078125e+2,-2.640000000e+0,-7.900000000e+0,
-1.399921875e+2,-2.600000000e+0,-7.900781250e+0,
-1.360156250e+2,-2.639375000e+0,-7.700000000e+0,
-1.369921875e+2,-2.760000000e+0,-7.797656250e+0,
-1.390156250e+2,-2.720312500e+0,-8.099218750e+0,
-1.400078125e+2,-2.720312500e+0,-7.999218750e+0,
-1.380078125e+2,-2.719687500e+0,-7.900000000e+0,
-1.380000000e+2,-2.679687500e+0,-8.098437500e+0,
-1.390000000e+2,-2.720312500e+0,-8.296093750e+0,
-1.410000000e+2,-2.638437500e+0,-8.301562500e+0,
-1.400234375e+2,-2.600625000e+0,-8.000000000e+0,
-1.429921875e+2,-2.721250000e+0,-8.303906250e+0,
-1.389843750e+2,-2.760937500e+0,-8.197656250e+0,
-1.410156250e+2,-2.800312500e+0,-8.200000000e+0,
-1.420000000e+2,-2.761562500e+0,-8.400781250e+0,
-1.380000000e+2,-2.679687500e+0,-8.300000000e+0,
-1.440000000e+2,-2.759062500e+0,-8.200781250e+0,
-1.410078125e+2,-2.920000000e+0,-8.100000000e+0,
-1.420078125e+2,-2.799687500e+0,-8.100000000e+0,
-1.400000000e+2,-2.880000000e+0,-8.199218750e+0,
-1.429843750e+2,-2.760000000e+0,-8.400000000e+0,
-1.429843750e+2,-2.918125000e+0,-8.600000000e+0,
-1.430156250e+2,-2.840312500e+0,-8.500781250e+0,
-1.439921875e+2,-2.879687500e+0,-8.399218750e+0,
-1.430156250e+2,-2.920000000e+0,-8.300781250e+0,
-1.450156250e+2,-2.880000000e+0,-8.600000000e+0,
-1.439843750e+2,-2.880000000e+0,-8.300000000e+0,
-1.440078125e+2,-2.840000000e+0,-8.397656250e+0,
-1.439609375e+2,-2.880312500e+0,-8.698437500e+0,
-1.470000000e+2,-2.800000000e+0,-8.800000000e+0,
-1.450312500e+2,-2.879687500e+0,-8.598437500e+0,
-1.449921875e+2,-2.800625000e+0,-8.600781250e+0,
-1.469609375e+2,-2.960625000e+0,-8.700000000e+0,
-1.490234375e+2,-2.960000000e+0,-8.500000000e+0,
-1.459765625e+2,-2.920937500e+0,-8.798437500e+0,
-1.480703125e+2,-2.880000000e+0,-8.700000000e+0,
-1.499843750e+2,-2.880000000e+0,-8.800781250e+0,
-1.469921875e+2,-2.960625000e+0,-8.699218750e+0,
-1.480000000e+2,-2.960000000e+0,-8.599218750e+0,
-1.469921875e+2,-2.960000000e+0,-9.001562500e+0,
-1.460000000e+2,-2.959687500e+0,-8.799218750e+0,
-1.510312500e+2,-2.841250000e+0,-8.800000000e+0,
-1.510000000e+2,-2.919375000e+0,-8.800000000e+0,
-1.500000000e+2,-2.960312500e+0,-8.900000000e+0,
-1.510078125e+2,-2.999687500e+0,-9.101562500e+0,
-1.510000000e+2,-2.920000000e+0,-8.800000000e+0,
-1.490234375e+2,-2.959062500e+0,-8.900000000e+0,
-1.490078125e+2,-2.838750000e+0,-8.998437500e+0,
-1.499921875e+2,-3.078437500e+0,-9.200000000e+0,
-1.500234375e+2,-3.038437500e+0,-9.197656250e+0,
-1.530312500e+2,-2.959687500e+0,-8.900000000e+0,
-1.519531250e+2,-3.000312500e+0,-9.107031250e+0,
-1.510078125e+2,-2.999375000e+0,-9.298437500e+0,
-1.540000000e+2,-3.041875000e+0,-9.001562500e+0,
-1.530000000e+2,-3.162500000e+0,-8.998437500e+0,
-1.530078125e+2,-3.040000000e+0,-9.400781250e+0,
-1.519921875e+2,-3.200625000e+0,-9.202343750e+0,
-1.540000000e+2,-3.120312500e+0,-9.200781250e+0,
-1.529843750e+2,-3.159687500e+0,-9.100000000e+0,
-1.550156250e+2,-3.200000000e+0,-9.100781250e+0,
-1.519921875e+2,-3.160312500e+0,-9.099218750e+0,
-1.550390625e+2,-3.161875000e+0,-9.300000000e+0,
-1.539765625e+2,-3.080000000e+0,-9.200000000e+0,
-1.530234375e+2,-3.160312500e+0,-9.397656250e+0,
-1.550234375e+2,-3.040000000e+0,-9.400000000e+0,
-1.539609375e+2,-3.121250000e+0,-9.200781250e+0,
-1.520000000e+2,-3.159687500e+0,-9.296875000e+0,
-1.539843750e+2,-3.239375000e+0,-9.499218750e+0,
-1.550078125e+2,-3.200312500e+0,-9.500000000e+0,
-1.549921875e+2,-3.280000000e+0,-9.501562500e+0,
-1.570000000e+2,-3.320000000e+0,-9.101562500e+0,
-1.550078125e+2,-3.238437500e+0,-9.706250000e+0,
-1.569765625e+2,-3.200312500e+0,-9.800000000e+0,
-1.570078125e+2,-3.239687500e+0,-9.300000000e+0,
-1.570000000e+2,-3.278750000e+0,-9.299218750e+0,
-1.570078125e+2,-3.280000000e+0,-9.398437500e+0,
-1.580078125e+2,-3.200000000e+0,-9.700000000e+0,
-1.580000000e+2,-3.280625000e+0,-9.600000000e+0,
-1.580000000e+2,-3.319375000e+0,-9.702343750e+0,
-1.570078125e+2,-3.200625000e+0,-9.500000000e+0,
-1.600000000e+2,-3.238437500e+0,-1.000156250e+1,
-1.569921875e+2,-3.280625000e+0,-9.803125000e+0,
-1.570000000e+2,-3.240000000e+0,-9.897656250e+0,
-1.580000000e+2,-3.320000000e+0,-1.000000000e+1,
-1.590000000e+2,-3.279687500e+0,-9.801562500e+0,
-1.590000000e+2,-3.320312500e+0,-9.700781250e+0,
-1.590078125e+2,-3.360000000e+0,-9.600000000e+0,
-1.579921875e+2,-3.441250000e+0,-9.696093750e+0,
-1.610000000e+2,-3.280937500e+0,-9.900000000e+0,
-1.629765625e+2,-3.239687500e+0,-9.900000000e+0,
-1.589765625e+2,-3.363750000e+0,-9.999218750e+0,
-1.610468750e+2,-3.478437500e+0,-9.900000000e+0,
-1.629687500e+2,-3.279687500e+0,-1.009921875e+1,
-1.590156250e+2,-3.360000000e+0,-9.800000000e+0,
-1.629218750e+2,-3.160312500e+0,-1.010000000e+1,
-1.640234375e+2,-3.280000000e+0,-9.899218750e+0,
-1.629765625e+2,-3.399375000e+0,-1.030000000e+1,
-1.640156250e+2,-3.479062500e+0,-1.020000000e+1,
-1.620234375e+2,-3.360000000e+0,-1.030078125e+1,
-1.629921875e+2,-3.478750000e+0,-1.000000000e+1,
-1.630156250e+2,-3.443125000e+0,-1.009687500e+1,
-1.639921875e+2,-3.399375000e+0,-1.020312500e+1,
-1.600000000e+2,-3.520000000e+0,-9.900000000e+0,
-1.640234375e+2,-3.439375000e+0,-1.020078125e+1,
-1.650000000e+2,-3.480625000e+0,-1.009921875e+1,
-1.649921875e+2,-3.520000000e+0,-1.040000000e+1,
-1.630000000e+2,-3.560625000e+0,-1.030000000e+1,
-1.639296875e+2,-3.481250000e+0,-1.029453125e+1,
-1.679921875e+2,-3.520000000e+0,-1.040000000e+1,
-1.670078125e+2,-3.520000000e+0,-1.030390625e+1,
-1.670078125e+2,-3.477812500e+0,-1.069843750e+1,
-1.669687500e+2,-3.442812500e+0,-1.020000000e+1,
-1.690234375e+2,-3.600625000e+0,-1.060312500e+1,
-1.649843750e+2,-3.559687500e+0,-1.050000000e+1,
-1.670234375e+2,-3.720000000e+0,-1.050000000e+1,
-1.660000000e+2,-3.520000000e+0,-1.050078125e+1,
-1.670078125e+2,-3.480937500e+0,-1.060000000e+1,
-1.660000000e+2,-3.520000000e+0,-1.050000000e+1,
-1.659843750e+2,-3.520000000e+0,-1.060078125e+1,
-1.700000000e+2,-3.641562500e+0,-1.049765625e+1,
-1.659921875e+2,-3.643750000e+0,-1.049843750e+1,
-1.679921875e+2,-3.480625000e+0,-1.080000000e+1,
-1.690000000e+2,-3.601875000e+0,-1.069843750e+1,
-1.690000000e+2,-3.679375000e+0,-1.039921875e+1,
-1.700078125e+2,-3.559375000e+0,-1.089921875e+1,
-1.669453125e+2,-3.520625000e+0,-1.059921875e+1,
-1.740000000e+2,-3.679062500e+0,-1.060078125e+1,
-1.670156250e+2,-3.761562500e+0,-1.060156250e+1,
-1.700156250e+2,-3.599375000e+0,-1.100078125e+1,
-1.699843750e+2,-3.641562500e+0,-1.069921875e+1,
-1.700078125e+2,-3.638750000e+0,-1.080156250e+1,
-1.719921875e+2,-3.520937500e+0,-1.080234375e+1,
-1.720000000e+2,-3.680937500e+0,-1.090078125e+1,
-1.709843750e+2,-3.600625000e+0,-1.060078125e+1,
-1.680078125e+2,-3.680312500e+0,-1.090156250e+1,
-1.700078125e+2,-3.680312500e+0,-1.090000000e+1,
-1.689843750e+2,-3.760312500e+0,-1.070000000e+1,
-1.749843750e+2,-3.720000000e+0,-1.100078125e+1,
-1.710468750e+2,-3.560625000e+0,-1.090000000e+1,
-1.719921875e+2,-3.759062500e+0,-1.100000000e+1,
-1.720234375e+2,-3.800312500e+0,-1.130000000e+1,
-1.750156250e+2,-3.800000000e+0,-1.109921875e+1,
-1.739765625e+2,-3.759687500e+0,-1.100078125e+1,
-1.740312500e+2,-3.720000000e+0,-1.090078125e+1,
-1.759843750e+2,-3.722187500e+0,-1.120156250e+1,
-1.730000000e+2,-3.879687500e+0,-1.130078125e+1,
-1.759765625e+2,-3.720312500e+0,-1.110078125e+1,
-1.750078125e+2,-3.840000000e+0,-1.110078125e+1,
-1.760000000e+2,-3.719062500e+0,-1.130156250e+1,
-1.750078125e+2,-3.720000000e+0,-1.150000000e+1,
-1.740312500e+2,-3.720312500e+0,-1.119140625e+1,
-1.709921875e+2,-3.802812500e+0,-1.090000000e+1,
-1.749296875e+2,-3.840000000e+0,-1.110000000e+1,
-1.749453125e+2,-3.722187500e+0,-1.130078125e+1,
-1.720078125e+2,-3.802500000e+0,-1.120000000e+1,
-1.770234375e+2,-3.959687500e+0,-1.130078125e+1,
-1.749921875e+2,-3.720000000e+0,-1.130078125e+1,
-1.749921875e+2,-3.882812500e+0,-1.149921875e+1,
-1.770000000e+2,-4.000000000e+0,-1.150078125e+1,
-1.750000000e+2,-3.801875000e+0,-1.130000000e+1,
-1.770000000e+2,-3.758437500e+0,-1.140000000e+1,
-1.750078125e+2,-3.880312500e+0,-1.139921875e+1,
-1.759921875e+2,-3.800000000e+0,-1.150000000e+1,
-1.780000000e+2,-3.920937500e+0,-1.130078125e+1,
-1.760156250e+2,-3.880000000e+0,-1.130000000e+1,
-1.750000000e+2,-3.840000000e+0,-1.139843750e+1,
-1.750000000e+2,-3.920625000e+0,-1.170234375e+1,
-1.750000000e+2,-3.840000000e+0,-1.130000000e+1,
-1.770078125e+2,-3.920000000e+0,-1.140312500e+1,
-1.759921875e+2,-3.880625000e+0,-1.150078125e+1,
-1.749921875e+2,-3.918125000e+0,-1.160078125e+1,
-1.740000000e+2,-3.759687500e+0,-1.159921875e+1,
-1.759843750e+2,-3.881250000e+0,-1.150000000e+1,
-1.780078125e+2,-3.881250000e+0,-1.150000000e+1,
-1.740234375e+2,-3.880312500e+0,-1.149921875e+1,
-1.729609375e+2,-3.840312500e+0,-1.159921875e+1,
-1.759921875e+2,-3.880000000e+0,-1.150000000e+1,
-1.740312500e+2,-3.800000000e+0,-1.169921875e+1,
-1.749531250e+2,-3.880000000e+0,-1.160000000e+1,
-1.760078125e+2,-3.960312500e+0,-1.159921875e+1,
-1.760000000e+2,-3.881562500e+0,-1.169921875e+1,
-1.760156250e+2,-3.840000000e+0,-1.170000000e+1,
-1.759765625e+2,-3.840312500e+0,-1.160000000e+1,
-1.729687500e+2,-3.920000000e+0,-1.170000000e+1,
-1.740390625e+2,-3.960000000e+0,-1.149921875e+1,
-1.760078125e+2,-3.880625000e+0,-1.150000000e+1,
-1.760234375e+2,-3.999062500e+0,-1.149609375e+1,
-1.750000000e+2,-3.920312500e+0,-1.180078125e+1,
-1.760000000e+2,-3.920000000e+0,-1.160000000e+1,
-1.749921875e+2,-3.880000000e+0,-1.170000000e+1,
-1.750468750e+2,-3.920937500e+0,-1.150000000e+1,
-1.709843750e+2,-3.918125000e+0,-1.180156250e+1,
-1.760312500e+2,-3.799687500e+0,-1.190078125e+1,
-1.739843750e+2,-3.999375000e+0,-1.179921875e+1,
-1.760234375e+2,-3.920000000e+0,-1.170000000e+1,
-1.749765625e+2,-4.001250000e+0,-1.160000000e+1,
-1.730000000e+2,-4.040000000e+0,-1.200078125e+1,
-1.740000000e+2,-3.920312500e+0,-1.179921875e+1,
-1.760000000e+2,-4.040000000e+0,-1.170000000e+1,
-1.739609375e+2,-3.923437500e+0,-1.199921875e+1,
-1.729843750e+2,-3.959687500e+0,-1.189921875e+1,
-1.779843750e+2,-4.040000000e+0,-1.169921875e+1,
-1.770000000e+2,-3.879687500e+0,-1.190000000e+1,
-1.780156250e+2,-4.121250000e+0,-1.180078125e+1,
-1.730156250e+2,-4.038750000e+0,-1.200000000e+1,
-1.749531250e+2,-4.040000000e+0,-1.190312500e+1,
-1.780000000e+2,-3.999375000e+0,-1.170078125e+1,
-1.750000000e+2,-4.039687500e+0,-1.189843750e+1,
-1.750156250e+2,-3.959687500e+0,-1.210000000e+1,
-1.750000000e+2,-4.000312500e+0,-1.189921875e+1,
-1.740000000e+2,-4.001250000e+0,-1.200078125e+1,
-1.740078125e+2,-4.080312500e+0,-1.200000000e+1,
-1.750000000e+2,-4.041250000e+0,-1.220078125e+1,
-1.750000000e+2,-4.000312500e+0,-1.220000000e+1,
-1.740000000e+2,-4.040000000e+0,-1.200078125e+1,
-1.740000000e+2,-4.040000000e+0,-1.200156250e+1,
-1.739921875e+2,-4.119687500e+0,-1.200000000e+1,
-1.759843750e+2,-3.999687500e+0,-1.190000000e+1,
-1.770000000e+2,-4.039687500e+0,-1.210000000e+1,
-1.780000000e+2,-4.078750000e+0,-1.220000000e+1,
-1.769921875e+2,-4.160000000e+0,-1.210000000e+1,
-1.759687500e+2,-4.120312500e+0,-1.229921875e+1,
-1.739843750e+2,-4.079687500e+0,-1.179921875e+1,
-1.750546875e+2,-4.040312500e+0,-1.199921875e+1,
-1.780000000e+2,-4.040000000e+0,-1.210000000e+1,
-1.750625000e+2,-3.999687500e+0,-1.200156250e+1,
-1.740078125e+2,-4.159687500e+0,-1.199921875e+1,
-1.739921875e+2,-4.121875000e+0,-1.220000000e+1,
-1.760156250e+2,-4.040937500e+0,-1.209765625e+1,
-1.730156250e+2,-4.201250000e+0,-1.200078125e+1,
-1.759531250e+2,-4.120000000e+0,-1.230000000e+1,
-1.770234375e+2,-4.159687500e+0,-1.220000000e+1,
-1.759843750e+2,-4.040312500e+0,-1.229921875e+1,
-1.760234375e+2,-4.120000000e+0,-1.230000000e+1,
-1.770000000e+2,-4.040000000e+0,-1.229921875e+1,
-1.760000000e+2,-4.081875000e+0,-1.220000000e+1,
-1.760000000e+2,-4.200312500e+0,-1.230156250e+1,
-1.749921875e+2,-4.160000000e+0,-1.190000000e+1,
-1.740000000e+2,-4.160000000e+0,-1.230156250e+1,
-1.740156250e+2,-4.163125000e+0,-1.230000000e+1,
-1.760000000e+2,-4.079687500e+0,-1.260000000e+1,
-1.750000000e+2,-4.160312500e+0,-1.270000000e+1,
-1.770000000e+2,-4.079687500e+0,-1.230468750e+1,
-1.740000000e+2,-4.080000000e+0,-1.220000000e+1,
-1.740156250e+2,-4.120312500e+0,-1.230000000e+1,
-1.730156250e+2,-4.159687500e+0,-1.239765625e+1,
-1.770156250e+2,-4.160000000e+0,-1.240000000e+1,
-1.759921875e+2,-4.240937500e+0,-1.220078125e+1,
-1.770000000e+2,-4.278437500e+0,-1.240078125e+1,
-1.749609375e+2,-4.160312500e+0,-1.229843750e+1,
-1.740000000e+2,-4.281562500e+0,-1.230078125e+1,
-1.750000000e+2,-4.198750000e+0,-1.230078125e+1,
-1.739921875e+2,-4.159687500e+0,-1.220000000e+1,
-1.729921875e+2,-4.160000000e+0,-1.230000000e+1,
-1.770234375e+2,-4.119375000e+0,-1.220078125e+1,
-1.720000000e+2,-4.119687500e+0,-1.220000000e+1,
-1.769296875e+2,-4.239687500e+0,-1.220000000e+1,
-1.760625000e+2,-4.240312500e+0,-1.220000000e+1,
-1.740468750e+2,-4.320000000e+0,-1.200234375e+1,
-1.780625000e+2,-4.242187500e+0,-1.190078125e+1,
-1.769609375e+2,-4.200312500e+0,-1.209843750e+1,
-1.729609375e+2,-4.200000000e+0,-1.229687500e+1,
-1.740625000e+2,-4.200000000e+0,-1.250000000e+1,
-1.770312500e+2,-4.359062500e+0,-1.230078125e+1,
-1.769531250e+2,-4.160312500e+0,-1.230078125e+1,
-1.739921875e+2,-4.322187500e+0,-1.220000000e+1,
-1.769843750e+2,-4.080000000e+0,-1.240000000e+1,
-1.750078125e+2,-4.280000000e+0,-1.250078125e+1,
-1.760078125e+2,-4.279687500e+0,-1.229921875e+1,
-1.740312500e+2,-4.159062500e+0,-1.250390625e+1,
-1.729921875e+2,-4.159687500e+0,-1.260000000e+1,
-1.739843750e+2,-4.080000000e+0,-1.220000000e+1,
-1.739843750e+2,-4.194062500e+0,-1.250000000e+1,
-1.730156250e+2,-4.240000000e+0,-1.220156250e+1,
-1.750078125e+2,-4.120000000e+0,-1.250000000e+1,
-1.740000000e+2,-4.240312500e+0,-1.249843750e+1,
-1.750000000e+2,-4.200312500e+0,-1.240078125e+1,
-1.760078125e+2,-4.319687500e+0,-1.240000000e+1,
-1.760000000e+2,-4.202812500e+0,-1.250000000e+1,
-1.759921875e+2,-4.120625000e+0,-1.230078125e+1,
-1.730000000e+2,-4.119375000e+0,-1.239921875e+1,
-1.750000000e+2,-4.239687500e+0,-1.230000000e+1,
-1.760000000e+2,-4.238125000e+0,-1.220078125e+1,
-1.760000000e+2,-4.120312500e+0,-1.219765625e+1,
-1.760078125e+2,-4.280000000e+0,-1.230000000e+1,
-1.740078125e+2,-4.245000000e+0,-1.190156250e+1,
-1.740000000e+2,-4.120312500e+0,-1.229609375e+1,
-1.790078125e+2,-4.159687500e+0,-1.249921875e+1,
-1.749609375e+2,-4.200000000e+0,-1.239843750e+1,
-1.740312500e+2,-4.159375000e+0,-1.240000000e+1,
-1.749765625e+2,-4.119687500e+0,-1.259843750e+1,
-1.710156250e+2,-4.040000000e+0,-1.210000000e+1,
-1.749062500e+2,-4.080000000e+0,-1.230000000e+1,
-1.770156250e+2,-4.080000000e+0,-1.210000000e+1,
-1.741171875e+2,-4.119687500e+0,-1.240000000e+1,
-1.718671875e+2,-4.199687500e+0,-1.230000000e+1,
-1.780156250e+2,-4.120000000e+0,-1.230078125e+1,
-1.721015625e+2,-4.159375000e+0,-1.210000000e+1,
-1.750468750e+2,-4.162187500e+0,-1.219843750e+1,
-1.760000000e+2,-4.119375000e+0,-1.229921875e+1,
-1.740000000e+2,-4.240000000e+0,-1.230078125e+1,
-1.760078125e+2,-4.120000000e+0,-1.220078125e+1,
-1.759921875e+2,-4.159375000e+0,-1.249843750e+1,
-1.750000000e+2,-4.000000000e+0,-1.260000000e+1,
-1.750000000e+2,-4.198750000e+0,-1.240000000e+1,
-1.729921875e+2,-4.163125000e+0,-1.229609375e+1,
-1.750000000e+2,-4.120625000e+0,-1.250000000e+1,
-1.730000000e+2,-4.040312500e+0,-1.229921875e+1,
-1.749843750e+2,-4.204062500e+0,-1.240078125e+1,
-1.750156250e+2,-4.240000000e+0,-1.230000000e+1,
-1.749843750e+2,-4.239687500e+0,-1.240156250e+1,
-1.759921875e+2,-4.200312500e+0,-1.240000000e+1,
-1.729531250e+2,-4.200000000e+0,-1.220000000e+1,
-1.720078125e+2,-4.160000000e+0,-1.220156250e+1,
-1.750234375e+2,-4.200000000e+0,-1.240156250e+1,
-1.760078125e+2,-4.118750000e+0,-1.240000000e+1,
-1.760078125e+2,-4.080000000e+0,-1.220000000e+1,
-1.750000000e+2,-4.240937500e+0,-1.219921875e+1,
-1.780000000e+2,-4.163125000e+0,-1.209921875e+1,
-1.740156250e+2,-4.120000000e+0,-1.230000000e+1,
-1.739921875e+2,-4.120312500e+0,-1.209921875e+1,
-1.760000000e+2,-4.161250000e+0,-1.209921875e+1,
-1.780078125e+2,-4.199687500e+0,-1.230078125e+1,
-1.750546875e+2,-4.039375000e+0,-1.200000000e+1,
-1.730000000e+2,-4.040000000e+0,-1.229609375e+1,
-1.749921875e+2,-4.040000000e+0,-1.230078125e+1,
-1.750000000e+2,-4.039375000e+0,-1.250000000e+1,
-1.749921875e+2,-4.001875000e+0,-1.229921875e+1,
-1.740000000e+2,-4.159687500e+0,-1.230234375e+1,
-1.749921875e+2,-4.040000000e+0,-1.250156250e+1,
-1.760000000e+2,-4.202187500e+0,-1.240078125e+1,
-1.749921875e+2,-4.203125000e+0,-1.240000000e+1,
-1.740156250e+2,-4.079687500e+0,-1.229921875e+1,
-1.719921875e+2,-4.080937500e+0,-1.220000000e+1,
-1.759843750e+2,-4.200625000e+0,-1.230000000e+1,
-1.759843750e+2,-4.200000000e+0,-1.240000000e+1,
-1.780156250e+2,-4.079375000e+0,-1.220000000e+1,
-1.740468750e+2,-4.120000000e+0,-1.240000000e+1,
-1.740312500e+2,-4.081250000e+0,-1.230156250e+1,
-1.749921875e+2,-4.120000000e+0,-1.209843750e+1,
-1.729921875e+2,-4.159375000e+0,-1.190000000e+1,
-1.740156250e+2,-4.080000000e+0,-1.210390625e+1,
-1.739921875e+2,-4.161250000e+0,-1.240078125e+1,
-1.740000000e+2,-4.200312500e+0,-1.220000000e+1,
-1.749843750e+2,-4.202812500e+0,-1.250000000e+1,
-1.760156250e+2,-4.080000000e+0,-1.219843750e+1,
-1.750000000e+2,-4.240000000e+0,-1.240078125e+1,
-1.770000000e+2,-4.120312500e+0,-1.240000000e+1,
-1.750546875e+2,-4.283125000e+0,-1.240000000e+1,
-1.700000000e+2,-4.237187500e+0,-1.229921875e+1,
-1.739375000e+2,-4.120000000e+0,-1.220000000e+1,
-1.739843750e+2,-4.040312500e+0,-1.230156250e+1,
-1.740000000e+2,-4.121250000e+0,-1.250000000e+1,
-1.739921875e+2,-4.200000000e+0,-1.259843750e+1,
-1.730000000e+2,-4.120000000e+0,-1.210000000e+1,
-1.739921875e+2,-4.120312500e+0,-1.249921875e+1,
-1.750000000e+2,-4.120000000e+0,-1.240156250e+1,
-1.750000000e+2,-4.160625000e+0,-1.220234375e+1,
-1.760000000e+2,-4.080000000e+0,-1.250000000e+1,
-1.750000000e+2,-4.159375000e+0,-1.220390625e+1,
-1.760000000e+2,-4.120625000e+0,-1.220000000e+1,
-1.750078125e+2,-4.040000000e+0,-1.260000000e+1,
-1.750078125e+2,-4.080000000e+0,-1.220312500e+1,
-1.740078125e+2,-4.120000000e+0,-1.230000000e+1,
-1.740000000e+2,-4.118750000e+0,-1.230078125e+1,
-1.750000000e+2,-4.160000000e+0,-1.230000000e+1,
-1.770156250e+2,-4.080000000e+0,-1.230000000e+1,
-1.759687500e+2,-4.161875000e+0,-1.230078125e+1,
-1.730078125e+2,-4.117187500e+0,-1.230000000e+1,
-1.750078125e+2,-4.081250000e+0,-1.230156250e+1,
-1.740000000e+2,-4.240625000e+0,-1.240078125e+1,
-1.760078125e+2,-4.127812500e+0,-1.230390625e+1,
-1.720078125e+2,-4.039062500e+0,-1.209921875e+1,
-1.739453125e+2,-4.201250000e+0,-1.230156250e+1,
-1.760156250e+2,-4.159375000e+0,-1.220078125e+1,
-1.740234375e+2,-4.040000000e+0,-1.219765625e+1,
-1.749843750e+2,-4.160000000e+0,-1.250000000e+1,
-1.750312500e+2,-4.120937500e+0,-1.230546875e+1,
-1.770000000e+2,-4.118125000e+0,-1.200000000e+1,
-1.749765625e+2,-4.159687500e+0,-1.210078125e+1,
-1.750468750e+2,-4.039375000e+0,-1.209921875e+1,
-1.780078125e+2,-4.080000000e+0,-1.240000000e+1,
-1.749531250e+2,-4.160312500e+0,-1.249765625e+1,
-1.740312500e+2,-4.118437500e+0,-1.220078125e+1,
-1.760312500e+2,-4.040000000e+0,-1.229921875e+1,
-1.720078125e+2,-4.119375000e+0,-1.220000000e+1,
-1.759453125e+2,-4.199687500e+0,-1.220000000e+1,
-1.760312500e+2,-4.120000000e+0,-1.210000000e+1,
-1.730156250e+2,-4.160000000e+0,-1.239921875e+1,
-1.740000000e+2,-4.039062500e+0,-1.199921875e+1,
-1.730078125e+2,-4.079687500e+0,-1.219687500e+1,
-1.750156250e+2,-4.159687500e+0,-1.230000000e+1,
-1.749921875e+2,-4.160000000e+0,-1.220000000e+1,
-1.739921875e+2,-4.119375000e+0,-1.210000000e+1,
-1.740078125e+2,-4.080000000e+0,-1.250156250e+1,
-1.760000000e+2,-4.201250000e+0,-1.240000000e+1,
-1.750000000e+2,-4.200000000e+0,-1.240000000e+1,
-1.750078125e+2,-4.161562500e+0,-1.240156250e+1,
-1.760000000e+2,-4.120000000e+0,-1.210000000e+1,
-1.760078125e+2,-4.200000000e+0,-1.229765625e+1,
-1.750000000e+2,-4.160312500e+0,-1.240000000e+1,
-1.749921875e+2,-4.160625000e+0,-1.239921875e+1,
-1.770000000e+2,-4.199687500e+0,-1.220000000e+1,
-1.760156250e+2,-4.120625000e+0,-1.209921875e+1,
-1.760000000e+2,-4.154687500e+0,-1.229453125e+1,
-1.760000000e+2,-4.239687500e+0,-1.240078125e+1,
-1.750156250e+2,-4.160000000e+0,-1.220000000e+1,
-1.770000000e+2,-4.240312500e+0,-1.240078125e+1,
-1.750078125e+2,-4.158437500e+0,-1.219921875e+1,
-1.770000000e+2,-4.200625000e+0,-1.230000000e+1,
-1.740000000e+2,-4.122500000e+0,-1.230000000e+1,
-1.730000000e+2,-4.000937500e+0,-1.230000000e+1,
-1.770000000e+2,-4.159687500e+0,-1.220078125e+1,
-1.740156250e+2,-4.080000000e+0,-1.220000000e+1,
-1.739921875e+2,-4.200937500e+0,-1.210000000e+1,
-1.740000000e+2,-4.200000000e+0,-1.209921875e+1,
-1.749843750e+2,-4.160000000e+0,-1.240000000e+1,
-1.770156250e+2,-4.160000000e+0,-1.259921875e+1,
-1.759843750e+2,-4.120312500e+0,-1.260078125e+1,
-1.749765625e+2,-4.119687500e+0,-1.239843750e+1,
-1.729921875e+2,-4.239375000e+0,-1.220000000e+1,
-1.740234375e+2,-4.079375000e+0,-1.230078125e+1,
-1.739843750e+2,-4.200000000e+0,-1.210000000e+1,
-1.729921875e+2,-4.200000000e+0,-1.239921875e+1,
-1.749765625e+2,-4.200000000e+0,-1.230000000e+1,
-1.750000000e+2,-4.200312500e+0,-1.250000000e+1,
-1.760156250e+2,-4.159687500e+0,-1.239843750e+1,
-1.740000000e+2,-4.160625000e+0,-1.230000000e+1,
-1.769687500e+2,-4.200312500e+0,-1.240000000e+1,
-1.760703125e+2,-4.240312500e+0,-1.240000000e+1,
-1.739843750e+2,-4.280937500e+0,-1.230234375e+1,
-1.740078125e+2,-4.160000000e+0,-1.220000000e+1,
-1.729687500e+2,-4.120000000e+0,-1.230312500e+1,
-1.710078125e+2,-4.241562500e+0,-1.260078125e+1,
-1.740156250e+2,-4.239687500e+0,-1.240234375e+1,
-1.740000000e+2,-4.120000000e+0,-1.200078125e+1,
-1.740000000e+2,-4.080625000e+0,-1.230156250e+1,
-1.749921875e+2,-4.239687500e+0,-1.230390625e+1,
-1.750000000e+2,-4.160000000e+0,-1.210000000e+1,
-1.780000000e+2,-4.280312500e+0,-1.240000000e+1,
-1.779921875e+2,-4.159687500e+0,-1.210234375e+1,
-1.750000000e+2,-4.200000000e+0,-1.220000000e+1,
-1.739687500e+2,-4.160625000e+0,-1.210000000e+1,
-1.770078125e+2,-4.240625000e+0,-1.239375000e+1,
-1.749921875e+2,-4.120625000e+0,-1.240000000e+1,
-1.760000000e+2,-4.160625000e+0,-1.230078125e+1,
-1.740000000e+2,-4.118750000e+0,-1.240000000e+1,
-1.749609375e+2,-4.080000000e+0,-1.229765625e+1,
-1.710000000e+2,-4.162187500e+0,-1.219921875e+1,
-1.740000000e+2,-4.240937500e+0,-1.220000000e+1,
-1.730078125e+2,-4.244375000e+0,-1.230000000e+1,
-1.750000000e+2,-4.120000000e+0,-1.220078125e+1,
-1.740312500e+2,-4.200937500e+0,-1.239921875e+1,
-1.720000000e+2,-4.200000000e+0,-1.240000000e+1,
-1.739531250e+2,-4.200625000e+0,-1.250156250e+1,
-1.750078125e+2,-4.040000000e+0,-1.269921875e+1,
-1.739687500e+2,-4.158125000e+0,-1.250234375e+1,
-1.740546875e+2,-4.161250000e+0,-1.219843750e+1,
-1.769921875e+2,-4.160000000e+0,-1.209921875e+1,
-1.739765625e+2,-4.200000000e+0,-1.239765625e+1,
-1.760468750e+2,-4.200000000e+0,-1.240000000e+1,
-1.759765625e+2,-4.118750000e+0,-1.240000000e+1,
-1.729375000e+2,-4.080000000e+0,-1.240156250e+1,
-1.709687500e+2,-4.157812500e+0,-1.220234375e+1,
-1.769531250e+2,-4.160000000e+0,-1.210000000e+1,
-1.750234375e+2,-4.120000000e+0,-1.210000000e+1,
-1.720000000e+2,-4.160312500e+0,-1.220234375e+1,
-1.759687500e+2,-4.158750000e+0,-1.240156250e+1,
-1.750234375e+2,-4.080000000e+0,-1.240000000e+1,
-1.750000000e+2,-4.159687500e+0,-1.210000000e+1,
-1.750234375e+2,-4.158437500e+0,-1.249765625e+1,
-1.759765625e+2,-4.200000000e+0,-1.230312500e+1,
-1.730000000e+2,-4.040625000e+0,-1.220000000e+1,
-1.750078125e+2,-4.080312500e+0,-1.220078125e+1,
-1.740000000e+2,-4.120625000e+0,-1.229843750e+1,
-1.760234375e+2,-4.160625000e+0,-1.240000000e+1,
-1.790000000e+2,-4.080312500e+0,-1.220000000e+1,
-1.749843750e+2,-4.158437500e+0,-1.239843750e+1,
-1.750000000e+2,-4.200937500e+0,-1.230078125e+1,
-1.780000000e+2,-4.120000000e+0,-1.220000000e+1,
-1.720000000e+2,-4.200625000e+0,-1.190000000e+1,
-1.800156250e+2,-4.160000000e+0,-1.229687500e+1,
-1.750234375e+2,-4.160000000e+0,-1.240000000e+1,
-1.750000000e+2,-4.201562500e+0,-1.240390625e+1,
-1.750000000e+2,-4.120000000e+0,-1.210078125e+1,
-1.750156250e+2,-4.200000000e+0,-1.210000000e+1,
-1.759921875e+2,-4.158125000e+0,-1.200000000e+1,
-1.740078125e+2,-4.080000000e+0,-1.230000000e+1,
-1.760078125e+2,-4.160625000e+0,-1.249687500e+1,
-1.730703125e+2,-4.200000000e+0,-1.210000000e+1,
-1.729062500e+2,-4.080625000e+0,-1.240000000e+1,
-1.789843750e+2,-4.080000000e+0,-1.240390625e+1,
-1.751015625e+2,-4.159687500e+0,-1.220000000e+1,
-1.739765625e+2,-4.158750000e+0,-1.250078125e+1,
-1.749531250e+2,-4.040312500e+0,-1.230078125e+1,
-1.760625000e+2,-4.200312500e+0,-1.240000000e+1,
-1.730000000e+2,-4.041250000e+0,-1.210234375e+1,
-1.750078125e+2,-4.198750000e+0,-1.209843750e+1,
-1.740078125e+2,-4.161562500e+0,-1.219921875e+1,
-1.760078125e+2,-4.121250000e+0,-1.230234375e+1,
-1.749687500e+2,-4.239375000e+0,-1.260000000e+1,
-1.730078125e+2,-4.040000000e+0,-1.240000000e+1,
-1.760000000e+2,-4.158750000e+0,-1.230000000e+1,
-1.740468750e+2,-4.164375000e+0,-1.240078125e+1,
-1.730078125e+2,-4.119687500e+0,-1.220000000e+1,
-1.729921875e+2,-4.240312500e+0,-1.210312500e+1,
-1.749765625e+2,-4.116562500e+0,-1.240156250e+1,
-1.770156250e+2,-4.122500000e+0,-1.219921875e+1,
-1.740312500e+2,-4.200000000e+0,-1.220078125e+1,
-1.740078125e+2,-4.120312500e+0,-1.230000000e+1,
-1.740000000e+2,-4.120312500e+0,-1.240000000e+1,
-1.750156250e+2,-4.200000000e+0,-1.239921875e+1,
-1.769843750e+2,-4.158125000e+0,-1.230078125e+1,
-1.729921875e+2,-4.080000000e+0,-1.230000000e+1,
-1.749921875e+2,-4.120000000e+0,-1.209843750e+1,
-1.760000000e+2,-4.119687500e+0,-1.200156250e+1,
-1.740000000e+2,-4.119062500e+0,-1.219921875e+1,
-1.749921875e+2,-4.160000000e+0,-1.230000000e+1,
-1.770000000e+2,-4.119375000e+0,-1.239921875e+1,
-1.750000000e+2,-4.121875000e+0,-1.210000000e+1,
-1.749921875e+2,-4.240000000e+0,-1.250078125e+1,
-1.770000000e+2,-4.079375000e+0,-1.189921875e+1,
-1.760000000e+2,-4.120000000e+0,-1.229687500e+1,
-1.770000000e+2,-4.079062500e+0,-1.210078125e+1,
-1.770000000e+2,-4.199687500e+0,-1.240390625e+1,
-1.760000000e+2,-4.080312500e+0,-1.240000000e+1,
-1.770078125e+2,-4.199687500e+0,-1.229843750e+1,
-1.780078125e+2,-4.039687500e+0,-1.210078125e+1,
-1.760000000e+2,-4.202187500e+0,-1.229921875e+1,
-1.750000000e+2,-4.201562500e+0,-1.230078125e+1,
-1.750078125e+2,-4.159687500e+0,-1.230000000e+1,
-1.739921875e+2,-4.079687500e+0,-1.230000000e+1,
-1.769921875e+2,-4.120625000e+0,-1.240000000e+1,
-1.760390625e+2,-4.200000000e+0,-1.199921875e+1,
-1.740078125e+2,-4.118437500e+0,-1.220000000e+1,
-1.749843750e+2,-4.119687500e+0,-1.230000000e+1,
-1.749843750e+2,-4.241250000e+0,-1.260000000e+1,
-1.740000000e+2,-4.120000000e+0,-1.239921875e+1,
-1.750312500e+2,-4.200312500e+0,-1.230156250e+1,
-1.759843750e+2,-4.120000000e+0,-1.210000000e+1,
-1.740000000e+2,-4.200937500e+0,-1.230156250e+1,
-1.760078125e+2,-4.159062500e+0,-1.240078125e+1,
-1.749921875e+2,-4.117812500e+0,-1.220078125e+1,
-1.769921875e+2,-4.240000000e+0,-1.230000000e+1,
-1.750156250e+2,-4.119375000e+0,-1.220078125e+1,
-1.740000000e+2,-4.160312500e+0,-1.250234375e+1,
-1.760000000e+2,-4.159062500e+0,-1.239453125e+1,
-1.740234375e+2,-4.160312500e+0,-1.219921875e+1,
-1.740078125e+2,-4.160000000e+0,-1.220000000e+1,
-1.729921875e+2,-4.084375000e+0,-1.220078125e+1,
-1.740156250e+2,-4.001250000e+0,-1.240000000e+1,
-1.759921875e+2,-4.160312500e+0,-1.229843750e+1,
-1.740000000e+2,-4.040000000e+0,-1.200078125e+1,
-1.750000000e+2,-4.041250000e+0,-1.229921875e+1,
-1.740000000e+2,-4.160000000e+0,-1.220078125e+1,
-1.750000000e+2,-4.120937500e+0,-1.209921875e+1,
-1.789921875e+2,-4.118750000e+0,-1.220000000e+1,
-1.770234375e+2,-4.200312500e+0,-1.249921875e+1,
-1.740000000e+2,-4.080312500e+0,-1.240000000e+1,
-1.780000000e+2,-4.121250000e+0,-1.220078125e+1,
-1.730156250e+2,-4.160000000e+0,-1.229921875e+1,
-1.749843750e+2,-4.040000000e+0,-1.239921875e+1,
-1.740000000e+2,-4.159687500e+0,-1.260156250e+1,
-1.760000000e+2,-4.080000000e+0,-1.230000000e+1,
-1.749843750e+2,-4.160000000e+0,-1.230156250e+1,
-1.750078125e+2,-4.039687500e+0,-1.240390625e+1,
-1.760234375e+2,-4.120312500e+0,-1.249843750e+1,
-1.769843750e+2,-4.040000000e+0,-1.219765625e+1,
-1.740078125e+2,-4.201250000e+0,-1.230468750e+1,
-1.750000000e+2,-4.241875000e+0,-1.250546875e+1,
-1.750000000e+2,-4.200312500e+0,-1.190156250e+1,
-1.749765625e+2,-4.160000000e+0,-1.230390625e+1,
-1.779843750e+2,-4.079687500e+0,-1.230000000e+1,
-1.770390625e+2,-4.039687500e+0,-1.240078125e+1,
-1.759921875e+2,-4.200000000e+0,-1.210000000e+1,
-1.770156250e+2,-4.201562500e+0,-1.200078125e+1,
-1.759531250e+2,-4.119687500e+0,-1.200000000e+1,
-1.739921875e+2,-4.200312500e+0,-1.220234375e+1,
-1.760546875e+2,-4.158750000e+0,-1.249843750e+1,
-1.790312500e+2,-4.080000000e+0,-1.260000000e+1,
-1.779453125e+2,-4.200625000e+0,-1.239687500e+1,
-1.739921875e+2,-4.200000000e+0,-1.210000000e+1,
-1.749687500e+2,-4.201562500e+0,-1.239687500e+1,
-1.759843750e+2,-4.120625000e+0,-1.230000000e+1,
-1.760234375e+2,-4.079062500e+0,-1.230000000e+1,
-1.730390625e+2,-3.960312500e+0,-1.230000000e+1,
-1.719453125e+2,-4.121250000e+0,-1.230000000e+1,
-1.769765625e+2,-4.119062500e+0,-1.230000000e+1,
-1.739531250e+2,-4.120000000e+0,-1.230078125e+1,
-1.740312500e+2,-4.239687500e+0,-1.220000000e+1,
-1.760000000e+2,-4.200000000e+0,-1.230000000e+1,
-1.739843750e+2,-4.200312500e+0,-1.210000000e+1,
-1.740078125e+2,-4.160000000e+0,-1.250234375e+1,
-1.750000000e+2,-4.121250000e+0,-1.260078125e+1,
-1.750000000e+2,-4.240000000e+0,-1.260000000e+1,
-1.750078125e+2,-4.160937500e+0,-1.220078125e+1,
-1.750078125e+2,-4.200312500e+0,-1.240000000e+1,
-1.730078125e+2,-4.120000000e+0,-1.209843750e+1,
-1.730156250e+2,-4.200312500e+0,-1.260000000e+1,
-1.769921875e+2,-4.039687500e+0,-1.209843750e+1,
-1.760000000e+2,-4.202812500e+0,-1.210000000e+1,
-1.769843750e+2,-4.240937500e+0,-1.210078125e+1,
-1.770000000e+2,-4.125000000e+0,-1.209921875e+1,
-1.740000000e+2,-4.080937500e+0,-1.219921875e+1,
-1.760078125e+2,-4.201562500e+0,-1.230078125e+1,
-1.739921875e+2,-4.238437500e+0,-1.229921875e+1,
-1.750078125e+2,-4.078437500e+0,-1.230078125e+1,
-1.750078125e+2,-4.161250000e+0,-1.250000000e+1,
-1.760000000e+2,-4.122187500e+0,-1.250000000e+1,
-1.740000000e+2,-4.000312500e+0,-1.240000000e+1,
-1.740000000e+2,-4.159375000e+0,-1.240000000e+1,
-1.750000000e+2,-4.160000000e+0,-1.239921875e+1,
-1.740390625e+2,-4.120000000e+0,-1.220000000e+1,
-1.720078125e+2,-4.160312500e+0,-1.230000000e+1,
-1.739687500e+2,-4.160000000e+0,-1.220000000e+1,
-1.759843750e+2,-4.160312500e+0,-1.219921875e+1,
-1.740000000e+2,-4.080312500e+0,-1.249921875e+1,
-1.760312500e+2,-4.079375000e+0,-1.239843750e+1,
-1.749765625e+2,-4.279687500e+0,-1.210000000e+1,
-1.750156250e+2,-4.119687500e+0,-1.229921875e+1,
-1.760234375e+2,-4.280000000e+0,-1.230000000e+1,
-1.760468750e+2,-4.160625000e+0,-1.200078125e+1,
-1.730156250e+2,-4.120312500e+0,-1.219921875e+1,
-1.749921875e+2,-4.120000000e+0,-1.230000000e+1,
-1.760390625e+2,-4.120312500e+0,-1.239843750e+1,
-1.739687500e+2,-4.159375000e+0,-1.220078125e+1,
-1.800000000e+2,-4.120625000e+0,-1.250000000e+1,
-1.740781250e+2,-4.279687500e+0,-1.230000000e+1,
-1.760234375e+2,-4.040625000e+0,-1.240234375e+1,
-1.750390625e+2,-4.240000000e+0,-1.200156250e+1,
-1.779609375e+2,-4.080000000e+0,-1.210234375e+1,
-1.720000000e+2,-4.242812500e+0,-1.230156250e+1,
-1.780156250e+2,-4.279687500e+0,-1.240000000e+1,
-1.749921875e+2,-4.120000000e+0,-1.229843750e+1,
-1.750000000e+2,-4.040312500e+0,-1.210000000e+1,
-1.759921875e+2,-4.157500000e+0,-1.219687500e+1,
-1.740000000e+2,-4.160312500e+0,-1.230000000e+1,
-1.750000000e+2,-4.118750000e+0,-1.210000000e+1,
-1.770156250e+2,-4.000625000e+0,-1.229687500e+1,
-1.780000000e+2,-4.200000000e+0,-1.240000000e+1,
-1.740390625e+2,-4.119062500e+0,-1.240000000e+1,
-1.740078125e+2,-4.118750000e+0,-1.199843750e+1,
-1.750078125e+2,-4.120312500e+0,-1.250000000e+1,
-1.749843750e+2,-4.120625000e+0,-1.239765625e+1,
-1.740078125e+2,-4.200312500e+0,-1.230000000e+1,
-1.749921875e+2,-4.118750000e+0,-1.230468750e+1,
-1.730000000e+2,-4.083437500e+0,-1.260312500e+1,
-1.740000000e+2,-4.240000000e+0,-1.250156250e+1,
-1.720156250e+2,-4.120937500e+0,-1.230078125e+1,
-1.769843750e+2,-4.240000000e+0,-1.229921875e+1,
-1.770312500e+2,-4.198750000e+0,-1.210000000e+1,
-1.740156250e+2,-4.120000000e+0,-1.229921875e+1,
-1.729921875e+2,-4.200312500e+0,-1.230078125e+1,
-1.740000000e+2,-4.080312500e+0,-1.239921875e+1,
-1.740156250e+2,-4.240625000e+0,-1.260000000e+1,
-1.760234375e+2,-4.041250000e+0,-1.239843750e+1,
-1.749687500e+2,-4.200000000e+0,-1.230078125e+1,
-1.719843750e+2,-4.080312500e+0,-1.219921875e+1,
-1.740781250e+2,-4.120000000e+0,-1.240000000e+1,
-1.759687500e+2,-4.079062500e+0,-1.250156250e+1,
-1.719687500e+2,-4.079687500e+0,-1.210156250e+1,
-1.739609375e+2,-4.199062500e+0,-1.239453125e+1,
-1.760234375e+2,-4.160312500e+0,-1.250000000e+1,
-1.730078125e+2,-4.240000000e+0,-1.230000000e+1,
-1.739921875e+2,-4.199687500e+0,-1.250234375e+1,
-1.749921875e+2,-4.119375000e+0,-1.239921875e+1,
-1.750312500e+2,-4.120000000e+0,-1.230000000e+1,
-1.730000000e+2,-4.119687500e+0,-1.220000000e+1,
-1.750156250e+2,-4.237812500e+0,-1.250000000e+1,
-1.739843750e+2,-4.200000000e+0,-1.220312500e+1,
-1.740078125e+2,-4.160000000e+0,-1.230000000e+1,
-1.750078125e+2,-4.200000000e+0,-1.259765625e+1,
-1.750000000e+2,-4.160000000e+0,-1.210234375e+1,
-1.750078125e+2,-4.200000000e+0,-1.250000000e+1,
-1.769843750e+2,-4.160000000e+0,-1.259921875e+1,
-1.709921875e+2,-4.200312500e+0,-1.230156250e+1,
-1.740000000e+2,-4.120625000e+0,-1.239765625e+1,
-1.790000000e+2,-4.120000000e+0,-1.250000000e+1,
-1.740000000e+2,-4.160000000e+0,-1.230078125e+1,
-1.760000000e+2,-4.120000000e+0,-1.230078125e+1,
-1.740078125e+2,-4.120000000e+0,-1.210000000e+1,
-1.740000000e+2,-4.040000000e+0,-1.229843750e+1,
-1.750000000e+2,-4.119687500e+0,-1.220078125e+1,
-1.760156250e+2,-4.119687500e+0,-1.230078125e+1,
-1.759609375e+2,-4.200625000e+0,-1.229921875e+1,
-1.720312500e+2,-4.117187500e+0,-1.230000000e+1,
-1.780078125e+2,-4.000000000e+0,-1.240000000e+1,
-1.730546875e+2,-4.080000000e+0,-1.230000000e+1,
-1.759218750e+2,-4.200312500e+0,-1.230000000e+1,
-1.770312500e+2,-4.000000000e+0,-1.239921875e+1,
-1.740625000e+2,-4.199687500e+0,-1.240000000e+1,
-1.739218750e+2,-4.119375000e+0,-1.230000000e+1,
-1.760468750e+2,-4.160000000e+0,-1.229765625e+1,
-1.729921875e+2,-4.120625000e+0,-1.250000000e+1,
-1.760078125e+2,-4.119687500e+0,-1.220156250e+1,
-1.750078125e+2,-4.120312500e+0,-1.220156250e+1,
-1.780000000e+2,-4.080312500e+0,-1.200000000e+1,
-1.749843750e+2,-4.080312500e+0,-1.230468750e+1,
-1.730390625e+2,-4.120000000e+0,-1.250156250e+1,
-1.770000000e+2,-4.120000000e+0,-1.200000000e+1,
-1.730000000e+2,-4.199687500e+0,-1.240000000e+1,
-1.769453125e+2,-4.201875000e+0,-1.220546875e+1,
-1.760312500e+2,-4.160312500e+0,-1.230000000e+1,
-1.750000000e+2,-4.160000000e+0,-1.229921875e+1,
-1.759921875e+2,-4.117812500e+0,-1.230078125e+1,
-1.769921875e+2,-4.123125000e+0,-1.240078125e+1,
-1.770156250e+2,-4.239062500e+0,-1.240156250e+1,
-1.760078125e+2,-4.040625000e+0,-1.240000000e+1,
-1.759687500e+2,-4.120625000e+0,-1.200000000e+1,
-1.730078125e+2,-4.160000000e+0,-1.210234375e+1,
-1.770156250e+2,-4.159375000e+0,-1.220000000e+1,
-1.739921875e+2,-4.119687500e+0,-1.230000000e+1,
-1.749843750e+2,-4.120000000e+0,-1.249843750e+1,
-1.780000000e+2,-4.201562500e+0,-1.209687500e+1,
-1.730000000e+2,-4.241875000e+0,-1.219921875e+1,
-1.779843750e+2,-4.120625000e+0,-1.220000000e+1,
-1.780156250e+2,-4.160937500e+0,-1.250078125e+1,
-1.740000000e+2,-4.200312500e+0,-1.240078125e+1,
-1.730078125e+2,-4.159687500e+0,-1.230078125e+1,
-1.729609375e+2,-4.081250000e+0,-1.220000000e+1,
-1.760000000e+2,-4.280000000e+0,-1.230078125e+1,
-1.730078125e+2,-4.121875000e+0,-1.220078125e+1,
-1.740078125e+2,-4.120625000e+0,-1.240078125e+1,
-1.740156250e+2,-4.078750000e+0,-1.230000000e+1,
-1.760000000e+2,-4.040625000e+0,-1.240234375e+1,
-1.740078125e+2,-4.161875000e+0,-1.249843750e+1,
-1.750000000e+2,-4.159062500e+0,-1.230078125e+1,
-1.760078125e+2,-4.081250000e+0,-1.229921875e+1,
-1.760000000e+2,-4.080312500e+0,-1.230000000e+1,
-1.760078125e+2,-4.160312500e+0,-1.220000000e+1,
-1.760000000e+2,-4.119687500e+0,-1.250000000e+1,
-1.769843750e+2,-4.080000000e+0,-1.219843750e+1,
-1.770156250e+2,-4.081875000e+0,-1.210000000e+1,
-1.750312500e+2,-4.199687500e+0,-1.200000000e+1,
-1.740156250e+2,-4.160312500e+0,-1.199843750e+1,
-1.749843750e+2,-4.200000000e+0,-1.230078125e+1,
-1.730156250e+2,-4.118750000e+0,-1.220078125e+1,
-1.760078125e+2,-4.040312500e+0,-1.210390625e+1,
-1.740000000e+2,-4.202500000e+0,-1.250000000e+1,
-1.760078125e+2,-4.239062500e+0,-1.200078125e+1,
-1.740156250e+2,-4.121562500e+0,-1.229843750e+1,
-1.749921875e+2,-4.120000000e+0,-1.239687500e+1,
-1.749921875e+2,-4.160625000e+0,-1.210000000e+1,
-1.770078125e+2,-4.159687500e+0,-1.240078125e+1,
-1.730390625e+2,-4.078437500e+0,-1.209765625e+1,
-1.729453125e+2,-4.123750000e+0,-1.220000000e+1,
-1.769921875e+2,-4.240000000e+0,-1.200000000e+1,
-1.739609375e+2,-4.081562500e+0,-1.230156250e+1,
-1.740000000e+2,-4.160625000e+0,-1.230000000e+1,
-1.739843750e+2,-4.080000000e+0,-1.230000000e+1,
-1.740156250e+2,-4.120000000e+0,-1.230000000e+1,
-1.779921875e+2,-4.159375000e+0,-1.239921875e+1,
-1.770000000e+2,-4.040000000e+0,-1.250078125e+1,
-1.750000000e+2,-4.080000000e+0,-1.220156250e+1,
-1.770000000e+2,-4.000312500e+0,-1.260000000e+1,
-1.750078125e+2,-4.079687500e+0,-1.230390625e+1,
-1.760000000e+2,-4.119687500e+0,-1.220000000e+1,
-1.750234375e+2,-4.200937500e+0,-1.230000000e+1,
-1.730000000e+2,-4.200000000e+0,-1.230078125e+1,
-1.749765625e+2,-4.040937500e+0,-1.230000000e+1,
-1.760078125e+2,-3.998750000e+0,-1.229687500e+1,
-1.740000000e+2,-4.120625000e+0,-1.250000000e+1,
-1.740156250e+2,-4.160000000e+0,-1.219765625e+1,
-1.760156250e+2,-4.079375000e+0,-1.230625000e+1,
-1.759765625e+2,-4.121875000e+0,-1.239921875e+1,
-1.740078125e+2,-4.160000000e+0,-1.209531250e+1,
-1.760000000e+2,-4.119687500e+0,-1.210468750e+1,
-1.750078125e+2,-4.118437500e+0,-1.259921875e+1,
-1.740000000e+2,-4.159687500e+0,-1.220312500e+1,
-1.749687500e+2,-4.119062500e+0,-1.219921875e+1,
-1.770000000e+2,-4.040312500e+0,-1.199921875e+1,
-1.760312500e+2,-4.160000000e+0,-1.239765625e+1,
-1.759531250e+2,-4.080000000e+0,-1.240000000e+1,
-1.780000000e+2,-4.160312500e+0,-1.240468750e+1,
-1.759687500e+2,-4.079375000e+0,-1.200156250e+1,
-1.760234375e+2,-4.200000000e+0,-1.230234375e+1,
-1.769921875e+2,-4.079687500e+0,-1.260078125e+1,
-1.749687500e+2,-4.160000000e+0,-1.210000000e+1,
-1.750234375e+2,-4.120312500e+0,-1.240234375e+1,
-1.760078125e+2,-4.240312500e+0,-1.220078125e+1,
-1.750312500e+2,-4.122187500e+0,-1.219687500e+1,
-1.739921875e+2,-4.120312500e+0,-1.240078125e+1,
-1.759843750e+2,-4.040625000e+0,-1.230000000e+1,
-1.760078125e+2,-4.201250000e+0,-1.240000000e+1,
-1.759921875e+2,-4.158750000e+0,-1.220468750e+1,
-1.760312500e+2,-4.080000000e+0,-1.270000000e+1,
-1.740000000e+2,-4.159687500e+0,-1.210390625e+1,
-1.750000000e+2,-4.200625000e+0,-1.240234375e+1,
-1.740000000e+2,-4.160312500e+0,-1.260000000e+1,
-1.760156250e+2,-4.239687500e+0,-1.240000000e+1,
-1.760000000e+2,-4.080000000e+0,-1.230156250e+1,
-1.760000000e+2,-4.160937500e+0,-1.270078125e+1,
-1.750000000e+2,-4.160000000e+0,-1.250000000e+1,
-1.760234375e+2,-4.237812500e+0,-1.270078125e+1,
-1.770078125e+2,-4.240312500e+0,-1.229765625e+1,
-1.740078125e+2,-4.160000000e+0,-1.209921875e+1,
-1.760078125e+2,-4.160000000e+0,-1.239843750e+1,
-1.749921875e+2,-4.160000000e+0,-1.260078125e+1,
-1.780000000e+2,-4.119687500e+0,-1.250000000e+1,
-1.760390625e+2,-4.120000000e+0,-1.250234375e+1,
-1.740000000e+2,-4.156875000e+0,-1.219687500e+1,
-1.760000000e+2,-4.199375000e+0,-1.250156250e+1,
-1.759687500e+2,-4.079062500e+0,-1.189921875e+1,
-1.740000000e+2,-4.081562500e+0,-1.220390625e+1,
-1.760156250e+2,-4.201875000e+0,-1.199843750e+1,
-1.759921875e+2,-4.199687500e+0,-1.220000000e+1,
-1.740000000e+2,-4.160937500e+0,-1.230000000e+1,
-1.740000000e+2,-4.079375000e+0,-1.220000000e+1,
-1.740000000e+2,-4.079687500e+0,-1.269843750e+1,
-1.780000000e+2,-4.200000000e+0,-1.259453125e+1,
-1.750390625e+2,-4.159062500e+0,-1.200000000e+1,
-1.750000000e+2,-4.120000000e+0,-1.219843750e+1,
-1.740078125e+2,-4.159062500e+0,-1.250000000e+1,
-1.750312500e+2,-4.279687500e+0,-1.220000000e+1,
-1.760156250e+2,-4.200625000e+0,-1.249843750e+1,
-1.759765625e+2,-4.160312500e+0,-1.269921875e+1,
-1.739843750e+2,-4.158750000e+0,-1.219843750e+1,
-1.739921875e+2,-4.040312500e+0,-1.229921875e+1,
-1.730078125e+2,-4.200000000e+0,-1.240000000e+1,
-1.749765625e+2,-4.160312500e+0,-1.220078125e+1,
-1.750000000e+2,-4.159687500e+0,-1.230000000e+1,
-1.759921875e+2,-4.239687500e+0,-1.230000000e+1,
-1.770156250e+2,-4.199062500e+0,-1.240000000e+1,
-1.740234375e+2,-4.119687500e+0,-1.230000000e+1,
-1.739765625e+2,-4.160312500e+0,-1.240000000e+1,
-1.759453125e+2,-4.200000000e+0,-1.230000000e+1,
-1.769531250e+2,-4.160937500e+0,-1.230000000e+1,
-1.729609375e+2,-4.160000000e+0,-1.230000000e+1,
-1.740234375e+2,-4.200000000e+0,-1.240000000e+1,
-1.740078125e+2,-4.118750000e+0,-1.219921875e+1,
-1.750000000e+2,-4.080312500e+0,-1.210078125e+1,
-1.730000000e+2,-4.160000000e+0,-1.210234375e+1,
-1.740000000e+2,-4.199687500e+0,-1.230000000e+1,
-1.740078125e+2,-4.082187500e+0,-1.210156250e+1,
-1.750000000e+2,-4.119375000e+0,-1.230000000e+1,
-1.730000000e+2,-4.119375000e+0,-1.240000000e+1,
-1.720000000e+2,-4.080000000e+0,-1.200000000e+1,
-1.730000000e+2,-4.200000000e+0,-1.240000000e+1,
-1.750000000e+2,-4.199687500e+0,-1.220000000e+1,
-1.750078125e+2,-4.161562500e+0,-1.219687500e+1,
-1.770078125e+2,-4.119375000e+0,-1.220000000e+1,
-1.759765625e+2,-4.280937500e+0,-1.210078125e+1,
-1.750234375e+2,-4.238437500e+0,-1.230078125e+1,
-1.759453125e+2,-4.159375000e+0,-1.219765625e+1,
-1.720078125e+2,-4.081250000e+0,-1.220234375e+1,
-1.780000000e+2,-4.159062500e+0,-1.230078125e+1,
-1.739921875e+2,-3.964687500e+0,-1.209921875e+1,
-1.750000000e+2,-4.040000000e+0,-1.250156250e+1,
-1.750078125e+2,-4.160312500e+0,-1.250000000e+1,
-1.740078125e+2,-4.120312500e+0,-1.260078125e+1,
-1.739765625e+2,-4.080000000e+0,-1.230078125e+1,
-1.750390625e+2,-4.160000000e+0,-1.269843750e+1,
-1.720390625e+2,-4.081250000e+0,-1.240468750e+1,
-1.770468750e+2,-4.079375000e+0,-1.220234375e+1,
-1.749765625e+2,-4.080312500e+0,-1.240000000e+1,
-1.750000000e+2,-4.040312500e+0,-1.219921875e+1,
-1.750312500e+2,-4.040000000e+0,-1.250000000e+1,
-1.770156250e+2,-4.160625000e+0,-1.230156250e+1,
-1.759687500e+2,-4.120000000e+0,-1.219687500e+1,
-1.740000000e+2,-4.156875000e+0,-1.250000000e+1,
-1.749843750e+2,-4.200000000e+0,-1.230000000e+1,
-1.750078125e+2,-4.120000000e+0,-1.250078125e+1,
-1.739921875e+2,-4.160312500e+0,-1.220078125e+1,
-1.769687500e+2,-4.160000000e+0,-1.250078125e+1,
-1.760468750e+2,-4.160000000e+0,-1.210000000e+1,
-1.730156250e+2,-4.120312500e+0,-1.210000000e+1,
-1.740234375e+2,-4.080937500e+0,-1.219921875e+1,
-1.729531250e+2,-4.120000000e+0,-1.230000000e+1,
-1.710234375e+2,-4.279687500e+0,-1.230000000e+1,
-1.770234375e+2,-4.239375000e+0,-1.220000000e+1,
-1.760000000e+2,-4.080000000e+0,-1.220078125e+1,
-1.760000000e+2,-4.159687500e+0,-1.220000000e+1,
-1.750000000e+2,-4.119375000e+0,-1.240078125e+1,
-1.750000000e+2,-4.239375000e+0,-1.240234375e+1,
-1.740000000e+2,-4.200625000e+0,-1.210156250e+1,
-1.770000000e+2,-4.200000000e+0,-1.220000000e+1,
-1.740000000e+2,-4.200625000e+0,-1.230000000e+1,
-1.750078125e+2,-4.199687500e+0,-1.219921875e+1,
-1.750000000e+2,-4.080000000e+0,-1.240000000e+1,
-1.750000000e+2,-4.117812500e+0,-1.220546875e+1,
-1.750000000e+2,-4.160000000e+0,-1.209843750e+1,
-1.770078125e+2,-4.120312500e+0,-1.240156250e+1,
-1.759843750e+2,-4.081562500e+0,-1.229765625e+1,
-1.750156250e+2,-4.200000000e+0,-1.230000000e+1,
-1.759843750e+2,-4.079687500e+0,-1.249921875e+1,
-1.730000000e+2,-4.120000000e+0,-1.230000000e+1,
-1.759687500e+2,-4.040000000e+0,-1.250000000e+1,
-1.750156250e+2,-4.160000000e+0,-1.240156250e+1,
-1.750156250e+2,-4.160000000e+0,-1.240000000e+1,
-1.739921875e+2,-4.159375000e+0,-1.240000000e+1,
-1.759531250e+2,-4.080000000e+0,-1.239843750e+1,
-1.751015625e+2,-4.159687500e+0,-1.250000000e+1,
-1.720000000e+2,-4.083125000e+0,-1.220000000e+1,
-1.750156250e+2,-4.078437500e+0,-1.239921875e+1,
-1.760000000e+2,-4.240625000e+0,-1.220078125e+1,
-1.750078125e+2,-4.080000000e+0,-1.220312500e+1,
-1.780156250e+2,-4.240312500e+0,-1.240078125e+1,
-1.759843750e+2,-4.080000000e+0,-1.200000000e+1,
-1.740000000e+2,-4.199062500e+0,-1.230000000e+1,
-1.729687500e+2,-4.125937500e+0,-1.240625000e+1,
-1.760000000e+2,-4.079687500e+0,-1.220000000e+1,
-1.749921875e+2,-4.200312500e+0,-1.240156250e+1,
-1.779765625e+2,-4.118437500e+0,-1.219453125e+1,
-1.780156250e+2,-4.161875000e+0,-1.200078125e+1,
-1.760390625e+2,-4.159375000e+0,-1.240234375e+1,
-1.729687500e+2,-4.080312500e+0,-1.230000000e+1,
-1.730546875e+2,-4.080312500e+0,-1.230000000e+1,
-1.770078125e+2,-4.120000000e+0,-1.190000000e+1,
-1.749765625e+2,-4.239687500e+0,-1.230468750e+1,
-1.750078125e+2,-4.119375000e+0,-1.240000000e+1,
-1.759921875e+2,-4.160000000e+0,-1.220156250e+1,
-1.770000000e+2,-4.119687500e+0,-1.250000000e+1,
-1.780078125e+2,-4.159062500e+0,-1.210312500e+1,
-1.780156250e+2,-4.199062500e+0,-1.220000000e+1,
-1.750156250e+2,-4.238750000e+0,-1.230156250e+1,
-1.740000000e+2,-4.040000000e+0,-1.259921875e+1,
-1.749921875e+2,-4.200312500e+0,-1.250078125e+1,
-1.760234375e+2,-4.078750000e+0,-1.240078125e+1,
-1.740000000e+2,-4.119375000e+0,-1.260000000e+1,
-1.769921875e+2,-4.240000000e+0,-1.240000000e+1,
-1.770000000e+2,-4.159687500e+0,-1.250078125e+1,
-1.770078125e+2,-4.200000000e+0,-1.229843750e+1,
-1.759921875e+2,-4.160312500e+0,-1.210156250e+1,
-1.740000000e+2,-4.240625000e+0,-1.240468750e+1,
-1.770000000e+2,-4.199375000e+0,-1.240078125e+1,
-1.740000000e+2,-4.199062500e+0,-1.230078125e+1,
-1.770078125e+2,-4.199687500e+0,-1.240078125e+1,
-1.730000000e+2,-4.120000000e+0,-1.250000000e+1,
-1.779921875e+2,-4.160000000e+0,-1.240000000e+1,
-1.760312500e+2,-4.120000000e+0,-1.240000000e+1,
-1.760000000e+2,-4.041250000e+0,-1.230000000e+1,
-1.740546875e+2,-4.199375000e+0,-1.230000000e+1,
-1.720390625e+2,-4.201875000e+0,-1.229843750e+1,
-1.770312500e+2,-4.200000000e+0,-1.239921875e+1,
-1.749687500e+2,-4.239687500e+0,-1.210156250e+1,
-1.750000000e+2,-4.119687500e+0,-1.210156250e+1,
-1.739921875e+2,-4.120312500e+0,-1.220078125e+1,
-1.740000000e+2,-4.120312500e+0,-1.230000000e+1,
-1.740000000e+2,-4.159062500e+0,-1.230000000e+1,
-1.749843750e+2,-4.160000000e+0,-1.240000000e+1,
-1.759921875e+2,-4.120000000e+0,-1.240078125e+1,
-1.770078125e+2,-4.160312500e+0,-1.250000000e+1,
-1.740156250e+2,-4.200000000e+0,-1.229531250e+1,
-1.739843750e+2,-4.200000000e+0,-1.220078125e+1,
-1.740390625e+2,-4.160000000e+0,-1.240000000e+1,
-1.720078125e+2,-4.042187500e+0,-1.240000000e+1,
-1.760312500e+2,-4.081562500e+0,-1.230000000e+1,
-1.789687500e+2,-4.200312500e+0,-1.260078125e+1,
-1.739921875e+2,-4.120000000e+0,-1.239765625e+1,
-1.769921875e+2,-4.160937500e+0,-1.240000000e+1,
-1.760000000e+2,-4.200000000e+0,-1.250078125e+1,
-1.730000000e+2,-4.120312500e+0,-1.219843750e+1,
-1.779843750e+2,-4.159687500e+0,-1.230000000e+1,
-1.780156250e+2,-4.120625000e+0,-1.240000000e+1,
-1.750156250e+2,-4.080312500e+0,-1.240000000e+1,
-1.739921875e+2,-4.081250000e+0,-1.240078125e+1,
-1.749921875e+2,-4.240000000e+0,-1.230078125e+1,
-1.760234375e+2,-4.120625000e+0,-1.230000000e+1,
-1.730000000e+2,-4.080937500e+0,-1.230312500e+1,
-1.760000000e+2,-4.080625000e+0,-1.210000000e+1,
-1.780000000e+2,-4.240000000e+0,-1.220000000e+1,
-1.759765625e+2,-4.079062500e+0,-1.220859375e+1,
-1.740078125e+2,-4.202187500e+0,-1.259843750e+1,
-1.750156250e+2,-4.119062500e+0,-1.219921875e+1,
-1.750000000e+2,-4.080000000e+0,-1.260312500e+1,
-1.750000000e+2,-4.079375000e+0,-1.250234375e+1,
-1.750000000e+2,-4.119687500e+0,-1.240156250e+1,
-1.759609375e+2,-4.160312500e+0,-1.210000000e+1,
-1.790000000e+2,-4.160000000e+0,-1.220000000e+1,
-1.760703125e+2,-4.120312500e+0,-1.209921875e+1,
-1.740234375e+2,-4.080000000e+0,-1.230000000e+1,
-1.740390625e+2,-4.239375000e+0,-1.210000000e+1,
-1.760156250e+2,-4.161250000e+0,-1.239921875e+1,
-1.749843750e+2,-4.159687500e+0,-1.230000000e+1,
-1.740000000e+2,-4.039375000e+0,-1.239921875e+1,
-1.750546875e+2,-4.120000000e+0,-1.250000000e+1,
-1.769765625e+2,-4.240000000e+0,-1.210078125e+1,
-1.729843750e+2,-4.119062500e+0,-1.250000000e+1,
-1.749765625e+2,-4.121562500e+0,-1.220312500e+1,
-1.749921875e+2,-4.040000000e+0,-1.240156250e+1,
-1.760078125e+2,-4.160625000e+0,-1.250000000e+1,
-1.740078125e+2,-4.119375000e+0,-1.250000000e+1,
-1.740078125e+2,-4.120312500e+0,-1.230312500e+1,
-1.730078125e+2,-4.119687500e+0,-1.259921875e+1,
-1.740078125e+2,-4.080312500e+0,-1.210234375e+1,
-1.750234375e+2,-4.119687500e+0,-1.240156250e+1,
-1.779921875e+2,-4.160312500e+0,-1.240000000e+1,
-1.749921875e+2,-4.200000000e+0,-1.240000000e+1,
-1.770078125e+2,-4.160000000e+0,-1.249921875e+1,
-1.760000000e+2,-4.119687500e+0,-1.209921875e+1,
-1.730000000e+2,-4.120000000e+0,-1.220000000e+1,
-1.760156250e+2,-4.200937500e+0,-1.250078125e+1,
-1.740078125e+2,-4.120312500e+0,-1.209843750e+1,
-1.739921875e+2,-4.160000000e+0,-1.209609375e+1,
-1.760078125e+2,-4.039687500e+0,-1.250000000e+1,
-1.750078125e+2,-4.280625000e+0,-1.220000000e+1,
-1.750000000e+2,-4.118125000e+0,-1.250000000e+1,
-1.749921875e+2,-4.159375000e+0,-1.220312500e+1,
-1.770000000e+2,-4.161250000e+0,-1.219218750e+1,
-1.760000000e+2,-4.160312500e+0,-1.240000000e+1,
-1.740156250e+2,-4.160312500e+0,-1.230234375e+1,
-1.770234375e+2,-4.118437500e+0,-1.290156250e+1,
-1.769921875e+2,-4.042500000e+0,-1.229609375e+1,
-1.770000000e+2,-4.200312500e+0,-1.230000000e+1,
-1.770000000e+2,-4.081250000e+0,-1.220000000e+1,
-1.720000000e+2,-4.120625000e+0,-1.230000000e+1,
-1.720000000e+2,-4.080312500e+0,-1.230000000e+1,
-1.750000000e+2,-4.080000000e+0,-1.230000000e+1,
-1.720000000e+2,-4.160625000e+0,-1.230000000e+1,
-1.769218750e+2,-4.119687500e+0,-1.230078125e+1,
-1.780546875e+2,-4.038750000e+0,-1.220000000e+1,
-1.730000000e+2,-4.239687500e+0,-1.229921875e+1,
-1.770156250e+2,-4.080312500e+0,-1.249921875e+1,
-1.729453125e+2,-4.159687500e+0,-1.250000000e+1,
-1.750390625e+2,-4.160312500e+0,-1.239843750e+1,
-1.749921875e+2,-4.200000000e+0,-1.210156250e+1,
-1.749921875e+2,-4.160000000e+0,-1.200000000e+1,
-1.749687500e+2,-4.200000000e+0,-1.220000000e+1,
-1.779375000e+2,-4.160312500e+0,-1.210000000e+1,
-1.790156250e+2,-4.159687500e+0,-1.230000000e+1,
-1.750312500e+2,-4.118750000e+0,-1.229765625e+1,
-1.749843750e+2,-4.001250000e+0,-1.220078125e+1,
-1.769687500e+2,-4.160312500e+0,-1.250000000e+1,
-1.780156250e+2,-4.040312500e+0,-1.240000000e+1,
-1.759609375e+2,-4.200000000e+0,-1.240078125e+1,
-1.750234375e+2,-4.040000000e+0,-1.230078125e+1,
-1.759687500e+2,-4.160000000e+0,-1.230156250e+1,
-1.720078125e+2,-4.079687500e+0,-1.240000000e+1,
-1.760078125e+2,-4.160312500e+0,-1.220078125e+1,
-1.730000000e+2,-4.160000000e+0,-1.220000000e+1,
-1.750000000e+2,-4.080000000e+0,-1.200000000e+1,
-1.750156250e+2,-4.159062500e+0,-1.210000000e+1,
-1.780000000e+2,-4.120000000e+0,-1.210000000e+1,
-1.760000000e+2,-4.159687500e+0,-1.240000000e+1,
-1.760078125e+2,-4.080625000e+0,-1.240468750e+1,
-1.770000000e+2,-4.200000000e+0,-1.210000000e+1,
-1.770781250e+2,-4.039062500e+0,-1.230000000e+1,
-1.710000000e+2,-4.116562500e+0,-1.240156250e+1,
-1.770468750e+2,-4.160937500e+0,-1.230000000e+1,
-1.759765625e+2,-4.080000000e+0,-1.230156250e+1,
-1.759921875e+2,-4.160625000e+0,-1.240000000e+1,
-1.749921875e+2,-4.120000000e+0,-1.220000000e+1,
-1.750000000e+2,-4.200625000e+0,-1.240390625e+1,
-1.740000000e+2,-4.159687500e+0,-1.240078125e+1,
-1.760078125e+2,-4.127187500e+0,-1.230000000e+1,
-1.760000000e+2,-3.960000000e+0,-1.240000000e+1,
-1.770156250e+2,-4.200625000e+0,-1.220156250e+1,
-1.740078125e+2,-4.040312500e+0,-1.239843750e+1,
-1.749531250e+2,-4.159375000e+0,-1.270000000e+1,
-1.760468750e+2,-4.199687500e+0,-1.230156250e+1,
-1.719921875e+2,-4.080000000e+0,-1.229843750e+1,
-1.760703125e+2,-4.198750000e+0,-1.230000000e+1,
-1.759765625e+2,-4.160000000e+0,-1.220078125e+1,
-1.739921875e+2,-4.200312500e+0,-1.219843750e+1,
-1.750156250e+2,-4.120000000e+0,-1.240000000e+1,
-1.750000000e+2,-4.161562500e+0,-1.240000000e+1,
-1.760234375e+2,-4.240000000e+0,-1.240156250e+1,
-1.770078125e+2,-4.200625000e+0,-1.229921875e+1,
-1.760078125e+2,-4.199687500e+0,-1.240000000e+1,
-1.760078125e+2,-4.120000000e+0,-1.220156250e+1,
-1.750000000e+2,-4.080312500e+0,-1.210312500e+1,
-1.769843750e+2,-4.162187500e+0,-1.240156250e+1,
-1.760234375e+2,-4.199062500e+0,-1.230000000e+1,
-1.750312500e+2,-4.040625000e+0,-1.220000000e+1,
-1.740156250e+2,-4.075625000e+0,-1.200078125e+1,
-1.760234375e+2,-4.160000000e+0,-1.209765625e+1,
-1.749765625e+2,-4.160000000e+0,-1.230000000e+1,
-1.730000000e+2,-4.160000000e+0,-1.219921875e+1,
-1.750000000e+2,-4.160312500e+0,-1.229921875e+1,
-1.760078125e+2,-4.239687500e+0,-1.230000000e+1,
-1.760078125e+2,-4.240312500e+0,-1.229921875e+1,
-1.780000000e+2,-4.240000000e+0,-1.209921875e+1,
-1.750000000e+2,-4.200312500e+0,-1.239765625e+1,
-1.750000000e+2,-4.120625000e+0,-1.230000000e+1,
-1.750000000e+2,-4.079687500e+0,-1.200078125e+1,
-1.760078125e+2,-4.080312500e+0,-1.209531250e+1,
-1.760156250e+2,-4.160000000e+0,-1.260000000e+1,
-1.720078125e+2,-4.200937500e+0,-1.220468750e+1,
-1.750000000e+2,-4.120312500e+0,-1.239765625e+1,
-1.740078125e+2,-4.119687500e+0,-1.239921875e+1,
-1.759921875e+2,-4.200625000e+0,-1.229921875e+1,
-1.730000000e+2,-4.159687500e+0,-1.220000000e+1,
-1.760078125e+2,-4.159687500e+0,-1.230156250e+1,
-1.740000000e+2,-4.040000000e+0,-1.230000000e+1,
-1.769531250e+2,-4.079687500e+0,-1.220000000e+1,
-1.760546875e+2,-4.160000000e+0,-1.220156250e+1,
-1.720625000e+2,-4.120000000e+0,-1.210000000e+1,
-1.719140625e+2,-4.159375000e+0,-1.230078125e+1,
-1.759218750e+2,-4.000000000e+0,-1.220156250e+1,
-1.760625000e+2,-4.117187500e+0,-1.220000000e+1,
-1.750234375e+2,-4.241250000e+0,-1.230000000e+1,
-1.780000000e+2,-4.120937500e+0,-1.220156250e+1,
-1.739843750e+2,-4.120312500e+0,-1.220000000e+1,
-1.730078125e+2,-4.080625000e+0,-1.219921875e+1,
-1.760078125e+2,-4.199687500e+0,-1.219921875e+1,
-1.760078125e+2,-4.120000000e+0,-1.240000000e+1,
-1.780000000e+2,-4.280000000e+0,-1.230000000e+1,
-1.760468750e+2,-4.084375000e+0,-1.229375000e+1,
-1.750000000e+2,-4.120312500e+0,-1.240000000e+1,
-1.750000000e+2,-4.039687500e+0,-1.200156250e+1,
-1.759921875e+2,-4.122812500e+0,-1.250234375e+1,
-1.760234375e+2,-4.159687500e+0,-1.220000000e+1,
-1.739843750e+2,-4.119062500e+0,-1.240390625e+1,
-1.749375000e+2,-4.080000000e+0,-1.240000000e+1,
-1.690156250e+2,-4.120625000e+0,-1.190000000e+1,
-1.770312500e+2,-4.240000000e+0,-1.220390625e+1,
-1.769687500e+2,-4.077812500e+0,-1.219765625e+1,
-1.749921875e+2,-4.080625000e+0,-1.210000000e+1,
-1.740000000e+2,-4.080000000e+0,-1.240000000e+1,
-1.750000000e+2,-4.080000000e+0,-1.220000000e+1,
-1.750000000e+2,-4.078437500e+0,-1.240078125e+1,
-1.740078125e+2,-4.120625000e+0,-1.210000000e+1,
-1.740000000e+2,-3.958750000e+0,-1.240000000e+1,
-1.750000000e+2,-4.002812500e+0,-1.200156250e+1,
-1.770078125e+2,-4.160000000e+0,-1.199921875e+1,
-1.730312500e+2,-3.999375000e+0,-1.220078125e+1,
-1.750000000e+2,-4.159375000e+0,-1.220000000e+1,
-1.759921875e+2,-4.161250000e+0,-1.230078125e+1,
-1.769921875e+2,-4.079687500e+0,-1.239843750e+1,
-1.739921875e+2,-4.081562500e+0,-1.220000000e+1,
-1.750078125e+2,-4.119062500e+0,-1.240156250e+1,
-1.750000000e+2,-3.960000000e+0,-1.229687500e+1,
-1.750000000e+2,-4.122187500e+0,-1.220078125e+1,
-1.760078125e+2,-4.122812500e+0,-1.219921875e+1,
-1.760000000e+2,-4.080000000e+0,-1.219921875e+1,
-1.760000000e+2,-4.119687500e+0,-1.200000000e+1,
-1.750078125e+2,-3.999687500e+0,-1.250000000e+1,
-1.739921875e+2,-4.040000000e+0,-1.219765625e+1,
-1.750156250e+2,-3.999687500e+0,-1.180000000e+1,
-1.729921875e+2,-4.039687500e+0,-1.220000000e+1,
-1.760312500e+2,-4.121562500e+0,-1.230156250e+1,
-1.749765625e+2,-4.080000000e+0,-1.209843750e+1,
-1.739765625e+2,-4.198750000e+0,-1.190078125e+1,
-1.730234375e+2,-3.920000000e+0,-1.200234375e+1,
-1.760312500e+2,-4.161875000e+0,-1.220078125e+1,
-1.759921875e+2,-3.997812500e+0,-1.220156250e+1,
-1.759921875e+2,-3.957500000e+0,-1.180078125e+1,
-1.760312500e+2,-4.080000000e+0,-1.200156250e+1,
-1.740000000e+2,-3.999375000e+0,-1.200078125e+1,
-1.760000000e+2,-4.040312500e+0,-1.220000000e+1,
-1.740234375e+2,-4.040000000e+0,-1.210000000e+1,
-1.720234375e+2,-4.080937500e+0,-1.220000000e+1,
-1.709921875e+2,-4.080000000e+0,-1.200000000e+1,
-1.720078125e+2,-4.041250000e+0,-1.210000000e+1,
-1.720078125e+2,-4.040937500e+0,-1.190000000e+1,
-1.739921875e+2,-4.079687500e+0,-1.210156250e+1,
-1.709921875e+2,-3.960000000e+0,-1.219921875e+1,
-1.719843750e+2,-3.960937500e+0,-1.210000000e+1,
-1.750000000e+2,-4.000000000e+0,-1.220078125e+1,
-1.730000000e+2,-3.920312500e+0,-1.200000000e+1,
-1.710000000e+2,-3.960000000e+0,-1.230000000e+1,
-1.739921875e+2,-3.959375000e+0,-1.230234375e+1,
-1.740078125e+2,-4.080000000e+0,-1.210000000e+1,
-1.730078125e+2,-3.958750000e+0,-1.210078125e+1,
-1.720078125e+2,-4.000000000e+0,-1.199843750e+1,
-1.720000000e+2,-4.160312500e+0,-1.230000000e+1,
-1.720000000e+2,-3.962500000e+0,-1.210625000e+1,
-1.730000000e+2,-4.000312500e+0,-1.190000000e+1,
-1.700234375e+2,-4.000000000e+0,-1.190312500e+1,
-1.750078125e+2,-4.161875000e+0,-1.220468750e+1,
-1.709921875e+2,-4.076875000e+0,-1.219843750e+1,
-1.729843750e+2,-4.000000000e+0,-1.199765625e+1,
-1.680000000e+2,-4.040937500e+0,-1.190000000e+1,
-1.729843750e+2,-4.080937500e+0,-1.199609375e+1,
-1.730156250e+2,-4.040312500e+0,-1.229921875e+1,
-1.700234375e+2,-4.040000000e+0,-1.209687500e+1,
-1.709687500e+2,-4.000000000e+0,-1.180078125e+1,
-1.720156250e+2,-4.000312500e+0,-1.189921875e+1,
-1.709765625e+2,-3.920000000e+0,-1.180000000e+1,
-1.730078125e+2,-4.078125000e+0,-1.180000000e+1,
-1.720078125e+2,-4.082187500e+0,-1.180078125e+1,
-1.740156250e+2,-3.999687500e+0,-1.180078125e+1,
-1.729765625e+2,-3.959687500e+0,-1.200000000e+1,
-1.719921875e+2,-3.960000000e+0,-1.180000000e+1,
-1.720234375e+2,-4.080312500e+0,-1.220234375e+1,
-1.730000000e+2,-4.039375000e+0,-1.200156250e+1,
-1.710390625e+2,-4.041875000e+0,-1.190078125e+1,
-1.699921875e+2,-3.999687500e+0,-1.190078125e+1,
-1.719687500e+2,-4.120312500e+0,-1.200000000e+1,
-1.730078125e+2,-3.958125000e+0,-1.180000000e+1,
-1.720078125e+2,-3.921562500e+0,-1.200156250e+1,
-1.720234375e+2,-4.080937500e+0,-1.200156250e+1,
-1.699843750e+2,-4.000937500e+0,-1.230078125e+1,
-1.700078125e+2,-3.960000000e+0,-1.189843750e+1,
-1.700000000e+2,-4.000312500e+0,-1.190000000e+1,
-1.700000000e+2,-4.039375000e+0,-1.190000000e+1,
-1.700000000e+2,-3.920000000e+0,-1.180000000e+1,
-1.700000000e+2,-4.000937500e+0,-1.180000000e+1,
-1.690000000e+2,-3.960000000e+0,-1.180000000e+1,
-1.690000000e+2,-3.960937500e+0,-1.200078125e+1,
-1.689921875e+2,-3.920000000e+0,-1.159843750e+1,
-1.709843750e+2,-4.000000000e+0,-1.159687500e+1,
-1.730000000e+2,-3.960000000e+0,-1.199843750e+1,
-1.700078125e+2,-4.000000000e+0,-1.199921875e+1,
-1.719843750e+2,-3.960000000e+0,-1.180000000e+1,
-1.740000000e+2,-3.999687500e+0,-1.160078125e+1,
-1.730000000e+2,-3.962500000e+0,-1.159765625e+1,
-1.710000000e+2,-3.919687500e+0,-1.179921875e+1,
-1.670078125e+2,-3.920625000e+0,-1.190078125e+1,
-1.710390625e+2,-4.000937500e+0,-1.190000000e+1,
-1.709921875e+2,-3.998125000e+0,-1.179843750e+1,
-1.699921875e+2,-3.919687500e+0,-1.170000000e+1,
-1.680000000e+2,-3.920312500e+0,-1.200000000e+1,
-1.700000000e+2,-3.920937500e+0,-1.170000000e+1,
-1.710000000e+2,-4.079687500e+0,-1.180078125e+1,
-1.690156250e+2,-4.000000000e+0,-1.159687500e+1,
-1.680078125e+2,-3.920625000e+0,-1.140000000e+1,
-1.679843750e+2,-4.000312500e+0,-1.180000000e+1,
-1.699921875e+2,-3.961562500e+0,-1.150000000e+1,
-1.699843750e+2,-3.840312500e+0,-1.179921875e+1,
-1.689921875e+2,-3.959375000e+0,-1.180000000e+1,
-1.690234375e+2,-4.040000000e+0,-1.189921875e+1,
-1.699921875e+2,-3.959062500e+0,-1.160000000e+1,
-1.679687500e+2,-3.960312500e+0,-1.180000000e+1,
-1.670156250e+2,-4.000000000e+0,-1.170000000e+1,
-1.689687500e+2,-4.080312500e+0,-1.169921875e+1,
-1.690312500e+2,-3.920000000e+0,-1.189921875e+1,
-1.680000000e+2,-4.079687500e+0,-1.190000000e+1,
-1.700078125e+2,-3.878750000e+0,-1.170000000e+1,
-1.670234375e+2,-3.880625000e+0,-1.170000000e+1,
-1.679687500e+2,-3.880312500e+0,-1.160000000e+1,
-1.699687500e+2,-3.920000000e+0,-1.190000000e+1,
-1.699453125e+2,-3.877812500e+0,-1.160312500e+1,
-1.659687500e+2,-4.080000000e+0,-1.169921875e+1,
-1.670078125e+2,-3.920000000e+0,-1.179843750e+1,
-1.660078125e+2,-3.920937500e+0,-1.160000000e+1,
-1.680078125e+2,-3.920000000e+0,-1.180078125e+1,
-1.670000000e+2,-3.880000000e+0,-1.139765625e+1,
-1.680000000e+2,-3.960312500e+0,-1.150156250e+1,
-1.710000000e+2,-3.921250000e+0,-1.170000000e+1,
-1.690000000e+2,-3.920312500e+0,-1.160000000e+1,
-1.690000000e+2,-3.880312500e+0,-1.170000000e+1,
-1.710000000e+2,-3.960312500e+0,-1.150078125e+1,
-1.680000000e+2,-3.920000000e+0,-1.170000000e+1,
-1.690156250e+2,-3.880000000e+0,-1.180000000e+1,
-1.660000000e+2,-3.918125000e+0,-1.160390625e+1,
-1.680234375e+2,-4.000000000e+0,-1.150000000e+1,
-1.669687500e+2,-3.959687500e+0,-1.140000000e+1,
-1.660468750e+2,-3.919687500e+0,-1.140000000e+1,
-1.689843750e+2,-3.879687500e+0,-1.140234375e+1,
-1.649921875e+2,-3.799062500e+0,-1.160468750e+1,
-1.670000000e+2,-3.841250000e+0,-1.170078125e+1,
-1.660000000e+2,-3.883125000e+0,-1.140000000e+1,
-1.670000000e+2,-3.800000000e+0,-1.170078125e+1,
-1.660000000e+2,-3.920937500e+0,-1.160078125e+1,
-1.670000000e+2,-3.840625000e+0,-1.170000000e+1,
-1.660234375e+2,-3.759687500e+0,-1.159921875e+1,
-1.650390625e+2,-3.960625000e+0,-1.140000000e+1,
-1.630468750e+2,-3.922812500e+0,-1.159843750e+1,
-1.680625000e+2,-3.838125000e+0,-1.159921875e+1,
-1.669765625e+2,-3.960000000e+0,-1.150078125e+1,
-1.649609375e+2,-3.840625000e+0,-1.139843750e+1,
-1.640390625e+2,-3.800000000e+0,-1.160000000e+1,
-1.670156250e+2,-3.800000000e+0,-1.150000000e+1,
-1.660000000e+2,-3.799687500e+0,-1.169843750e+1,
-1.670078125e+2,-3.879687500e+0,-1.160234375e+1,
-1.640312500e+2,-3.840000000e+0,-1.150000000e+1,
-1.640000000e+2,-3.880000000e+0,-1.140000000e+1,
-1.639921875e+2,-3.839687500e+0,-1.150234375e+1,
-1.670000000e+2,-3.799375000e+0,-1.160078125e+1,
-1.650156250e+2,-3.800625000e+0,-1.160000000e+1,
-1.660000000e+2,-3.880000000e+0,-1.140000000e+1,
-1.639687500e+2,-3.842187500e+0,-1.129921875e+1,
-1.630078125e+2,-3.840000000e+0,-1.130078125e+1,
-1.650312500e+2,-3.840625000e+0,-1.120000000e+1,
-1.680078125e+2,-3.720000000e+0,-1.129921875e+1,
-1.670000000e+2,-3.800625000e+0,-1.110156250e+1,
-1.670000000e+2,-3.839062500e+0,-1.130000000e+1,
-1.659921875e+2,-3.961250000e+0,-1.160000000e+1,
-1.650000000e+2,-3.800312500e+0,-1.130390625e+1,
-1.650000000e+2,-3.919375000e+0,-1.119843750e+1,
-1.640000000e+2,-3.800625000e+0,-1.140000000e+1,
-1.640000000e+2,-3.801250000e+0,-1.130078125e+1,
-1.630000000e+2,-3.880312500e+0,-1.130000000e+1,
-1.640078125e+2,-3.880000000e+0,-1.120000000e+1,
-1.610000000e+2,-3.882500000e+0,-1.120000000e+1,
-1.640000000e+2,-3.800312500e+0,-1.120078125e+1,
-1.620078125e+2,-3.840625000e+0,-1.120078125e+1,
-1.660078125e+2,-3.678125000e+0,-1.130078125e+1,
-1.640000000e+2,-3.723125000e+0,-1.130000000e+1,
-1.670078125e+2,-3.840000000e+0,-1.119843750e+1,
-1.650156250e+2,-3.720000000e+0,-1.110000000e+1,
-1.660078125e+2,-3.760312500e+0,-1.130000000e+1,
-1.630546875e+2,-3.680000000e+0,-1.119921875e+1,
-1.609765625e+2,-3.679687500e+0,-1.140000000e+1,
-1.639375000e+2,-3.759687500e+0,-1.120000000e+1,
-1.640625000e+2,-3.720625000e+0,-1.139921875e+1,
-1.620234375e+2,-3.880312500e+0,-1.120000000e+1,
-1.620078125e+2,-3.685000000e+0,-1.110156250e+1,
-1.610000000e+2,-3.678437500e+0,-1.090000000e+1,
-1.610078125e+2,-3.800312500e+0,-1.109921875e+1,
-1.630156250e+2,-3.679687500e+0,-1.110000000e+1,
-1.640000000e+2,-3.719687500e+0,-1.110078125e+1,
-1.640000000e+2,-3.640000000e+0,-1.100000000e+1,
-1.640000000e+2,-3.799375000e+0,-1.120000000e+1,
-1.600234375e+2,-3.725625000e+0,-1.099609375e+1,
-1.619843750e+2,-3.680000000e+0,-1.140000000e+1,
-1.619921875e+2,-3.760000000e+0,-1.109687500e+1,
-1.639843750e+2,-3.635937500e+0,-1.120312500e+1,
-1.630546875e+2,-3.645000000e+0,-1.119921875e+1,
-1.599843750e+2,-3.840000000e+0,-1.100000000e+1,
-1.630000000e+2,-3.680312500e+0,-1.120000000e+1,
-1.589531250e+2,-3.760312500e+0,-1.120000000e+1,
-1.600156250e+2,-3.760000000e+0,-1.089843750e+1,
-1.629921875e+2,-3.800000000e+0,-1.090234375e+1,
-1.610000000e+2,-3.719062500e+0,-1.100000000e+1,
-1.629921875e+2,-3.640000000e+0,-1.089843750e+1,
-1.640000000e+2,-3.721875000e+0,-1.090390625e+1,
-1.609921875e+2,-3.800000000e+0,-1.119921875e+1,
-1.620078125e+2,-3.721562500e+0,-1.100000000e+1,
-1.590000000e+2,-3.681562500e+0,-1.080000000e+1,
-1.630000000e+2,-3.840000000e+0,-1.089921875e+1,
-1.600078125e+2,-3.679687500e+0,-1.100000000e+1,
-1.609921875e+2,-3.721250000e+0,-1.099921875e+1,
-1.600000000e+2,-3.799687500e+0,-1.080312500e+1,
-1.609921875e+2,-3.801250000e+0,-1.090234375e+1,
-1.629921875e+2,-3.680000000e+0,-1.130078125e+1,
-1.590000000e+2,-3.637500000e+0,-1.099843750e+1,
-1.620000000e+2,-3.480625000e+0,-1.090234375e+1,
-1.590078125e+2,-3.681562500e+0,-1.110000000e+1,
-1.610000000e+2,-3.599687500e+0,-1.090078125e+1,
-1.610000000e+2,-3.716875000e+0,-1.099921875e+1,
-1.610078125e+2,-3.720000000e+0,-1.079921875e+1,
-1.589921875e+2,-3.680312500e+0,-1.070000000e+1,
-1.610078125e+2,-3.679687500e+0,-1.060000000e+1,
-1.580390625e+2,-3.560000000e+0,-1.110078125e+1,
-1.579765625e+2,-3.682812500e+0,-1.070000000e+1,
-1.599843750e+2,-3.720312500e+0,-1.120000000e+1,
-1.599921875e+2,-3.643125000e+0,-1.100156250e+1,
-1.600078125e+2,-3.600000000e+0,-1.099921875e+1,
-1.599921875e+2,-3.639687500e+0,-1.070156250e+1,
-1.579687500e+2,-3.600312500e+0,-1.070078125e+1,
-1.570156250e+2,-3.720937500e+0,-1.070078125e+1,
-1.590078125e+2,-3.638437500e+0,-1.089921875e+1,
-1.599687500e+2,-3.558750000e+0,-1.090078125e+1,
-1.620390625e+2,-3.680000000e+0,-1.069921875e+1,
-1.580078125e+2,-3.639687500e+0,-1.090156250e+1,
-1.610078125e+2,-3.639687500e+0,-1.109843750e+1,
-1.560312500e+2,-3.558750000e+0,-1.069609375e+1,
-1.560078125e+2,-3.602187500e+0,-1.080000000e+1,
-1.549531250e+2,-3.680000000e+0,-1.070000000e+1,
-1.590000000e+2,-3.642500000e+0,-1.090000000e+1,
-1.560078125e+2,-3.559687500e+0,-1.070000000e+1,
-1.600312500e+2,-3.520000000e+0,-1.100078125e+1,
-1.589921875e+2,-3.520000000e+0,-1.079921875e+1,
-1.570078125e+2,-3.560937500e+0,-1.090000000e+1,
-1.580000000e+2,-3.680000000e+0,-1.080156250e+1,
-1.560000000e+2,-3.600937500e+0,-1.059765625e+1,
-1.589921875e+2,-3.599062500e+0,-1.050000000e+1,
-1.590156250e+2,-3.640937500e+0,-1.089765625e+1,
-1.550000000e+2,-3.520000000e+0,-1.070000000e+1,
-1.589843750e+2,-3.640937500e+0,-1.040078125e+1,
-1.560078125e+2,-3.560000000e+0,-1.059921875e+1,
-1.569921875e+2,-3.479687500e+0,-1.050000000e+1,
-1.569921875e+2,-3.638125000e+0,-1.069609375e+1,
-1.590000000e+2,-3.599687500e+0,-1.080000000e+1,
-1.610156250e+2,-3.560000000e+0,-1.079687500e+1,
-1.609843750e+2,-3.561250000e+0,-1.060390625e+1,
-1.580078125e+2,-3.599062500e+0,-1.100234375e+1,
-1.579843750e+2,-3.520000000e+0,-1.079765625e+1,
-1.540000000e+2,-3.560312500e+0,-1.069921875e+1,
-1.579921875e+2,-3.519062500e+0,-1.040234375e+1,
-1.560078125e+2,-3.560937500e+0,-1.049687500e+1,
-1.559765625e+2,-3.440312500e+0,-1.069921875e+1,
-1.570234375e+2,-3.600625000e+0,-1.050000000e+1,
-1.540312500e+2,-3.560312500e+0,-1.070000000e+1,
-1.549843750e+2,-3.520000000e+0,-1.040000000e+1,
-1.550156250e+2,-3.520000000e+0,-1.039765625e+1,
-1.559765625e+2,-3.519375000e+0,-1.050156250e+1,
-1.540078125e+2,-3.519687500e+0,-1.030000000e+1,
-1.570156250e+2,-3.400000000e+0,-1.050000000e+1,
-1.560156250e+2,-3.480000000e+0,-1.040000000e+1,
-1.580078125e+2,-3.480625000e+0,-1.050000000e+1,
-1.549531250e+2,-3.600625000e+0,-1.030078125e+1,
-1.519843750e+2,-3.525312500e+0,-1.039921875e+1,
-1.559609375e+2,-3.440000000e+0,-1.040078125e+1,
-1.560078125e+2,-3.520312500e+0,-1.060000000e+1,
-1.560078125e+2,-3.439375000e+0,-1.030000000e+1,
-1.540156250e+2,-3.440937500e+0,-1.050468750e+1,
-1.539765625e+2,-3.479375000e+0,-1.060000000e+1,
-1.539453125e+2,-3.400312500e+0,-1.040078125e+1,
-1.500156250e+2,-3.479062500e+0,-1.050078125e+1,
-1.560390625e+2,-3.520000000e+0,-1.050000000e+1,
-1.539765625e+2,-3.478750000e+0,-1.040000000e+1,
-1.529921875e+2,-3.360000000e+0,-1.050078125e+1,
-1.510000000e+2,-3.480937500e+0,-1.050000000e+1,
-1.520078125e+2,-3.440000000e+0,-1.050000000e+1,
-1.519921875e+2,-3.515000000e+0,-1.020156250e+1,
-1.520000000e+2,-3.640312500e+0,-1.020078125e+1,
-1.530078125e+2,-3.440000000e+0,-1.029765625e+1,
-1.510078125e+2,-3.360000000e+0,-1.050078125e+1,
-1.550000000e+2,-3.481875000e+0,-1.019843750e+1,
-1.520156250e+2,-3.559062500e+0,-1.010000000e+1,
-1.509765625e+2,-3.401875000e+0,-1.000078125e+1,
-1.530000000e+2,-3.392500000e+0,-1.009296875e+1,
-1.510000000e+2,-3.601875000e+0,-1.040000000e+1,
-1.510000000e+2,-3.558125000e+0,-1.020000000e+1,
-1.510078125e+2,-3.399375000e+0,-1.030234375e+1,
-1.530078125e+2,-3.482812500e+0,-1.019843750e+1,
-1.540000000e+2,-3.560937500e+0,-1.010000000e+1,
-1.520000000e+2,-3.522812500e+0,-1.020078125e+1,
-1.510000000e+2,-3.279375000e+0,-1.030000000e+1,
-1.520000000e+2,-3.359687500e+0,-1.000000000e+1,
-1.520078125e+2,-3.400000000e+0,-1.030234375e+1,
-1.500234375e+2,-3.319687500e+0,-1.010000000e+1,
-1.490234375e+2,-3.320000000e+0,-9.899218750e+0,
-1.479921875e+2,-3.319375000e+0,-1.040000000e+1,
-1.510546875e+2,-3.438750000e+0,-9.900781250e+0,
-1.520078125e+2,-3.400312500e+0,-1.019843750e+1,
-1.519843750e+2,-3.400000000e+0,-1.030000000e+1,
-1.499765625e+2,-3.439375000e+0,-1.010078125e+1,
-1.500156250e+2,-3.359687500e+0,-1.040156250e+1,
-1.499921875e+2,-3.440000000e+0,-9.800000000e+0,
-1.490156250e+2,-3.480312500e+0,-9.995312500e+0,
-1.489843750e+2,-3.360625000e+0,-1.029921875e+1,
-1.500000000e+2,-3.360000000e+0,-1.020000000e+1,
-1.490078125e+2,-3.320000000e+0,-9.899218750e+0,
-1.509765625e+2,-3.402187500e+0,-9.900781250e+0,
-1.520234375e+2,-3.439687500e+0,-1.000000000e+1,
-1.499843750e+2,-3.319687500e+0,-1.020000000e+1,
-1.509609375e+2,-3.357500000e+0,-1.010468750e+1,
-1.470000000e+2,-3.480000000e+0,-9.900000000e+0,
-1.510546875e+2,-3.400000000e+0,-1.020156250e+1,
-1.499609375e+2,-3.280000000e+0,-9.999218750e+0,
-1.459921875e+2,-3.360625000e+0,-1.000078125e+1,
-1.470156250e+2,-3.400000000e+0,-9.897656250e+0,
-1.490000000e+2,-3.239687500e+0,-9.600000000e+0,
-1.490000000e+2,-3.276250000e+0,-9.796093750e+0,
-1.480000000e+2,-3.359687500e+0,-1.010000000e+1,
-1.460000000e+2,-3.359062500e+0,-1.030000000e+1,
-1.520156250e+2,-3.280312500e+0,-9.900781250e+0,
-1.500000000e+2,-3.360000000e+0,-1.020000000e+1,
-1.510000000e+2,-3.279687500e+0,-9.900000000e+0,
-1.479765625e+2,-3.319375000e+0,-9.893750000e+0,
-1.450156250e+2,-3.280312500e+0,-1.010000000e+1,
-1.480390625e+2,-3.239687500e+0,-1.000078125e+1,
-1.480000000e+2,-3.200937500e+0,-1.020000000e+1,
-1.479765625e+2,-3.279687500e+0,-9.892968750e+0,
-1.459921875e+2,-3.199687500e+0,-9.701562500e+0,
-1.460000000e+2,-3.322187500e+0,-9.900000000e+0,
-1.470000000e+2,-3.363750000e+0,-9.801562500e+0,
-1.460156250e+2,-3.240000000e+0,-9.500000000e+0,
-1.440156250e+2,-3.280937500e+0,-9.798437500e+0,
-1.439921875e+2,-3.320000000e+0,-9.799218750e+0,
-1.459296875e+2,-3.280625000e+0,-1.000000000e+1,
-1.490234375e+2,-3.200000000e+0,-9.800781250e+0,
-1.449531250e+2,-3.237812500e+0,-9.799218750e+0,
-1.460156250e+2,-3.322187500e+0,-9.799218750e+0,
-1.449843750e+2,-3.200000000e+0,-9.700000000e+0,
-1.450468750e+2,-3.360000000e+0,-9.799218750e+0,
-1.480312500e+2,-3.240000000e+0,-9.700000000e+0,
-1.469609375e+2,-3.201250000e+0,-9.600781250e+0,
-1.450078125e+2,-3.280312500e+0,-9.599218750e+0,
-1.469921875e+2,-3.163437500e+0,-9.698437500e+0,
-1.460000000e+2,-3.160312500e+0,-9.800000000e+0,
-1.470078125e+2,-3.200000000e+0,-9.800781250e+0,
-1.450000000e+2,-3.280312500e+0,-9.600000000e+0,
-1.470234375e+2,-3.278750000e+0,-9.802343750e+0,
-1.430078125e+2,-3.200000000e+0,-9.800000000e+0,
-1.469296875e+2,-3.200312500e+0,-9.600000000e+0,
-1.469765625e+2,-3.120000000e+0,-9.600000000e+0,
-1.449765625e+2,-3.200000000e+0,-9.599218750e+0,
-1.440078125e+2,-3.239687500e+0,-9.700000000e+0,
-1.440000000e+2,-3.319687500e+0,-9.497656250e+0,
-1.430000000e+2,-3.159062500e+0,-9.399218750e+0,
-1.420156250e+2,-3.159687500e+0,-9.600000000e+0,
-1.460156250e+2,-3.159062500e+0,-9.700781250e+0,
-1.449843750e+2,-3.239375000e+0,-9.700000000e+0,
-1.410000000e+2,-3.240312500e+0,-9.700000000e+0,
-1.440000000e+2,-3.200312500e+0,-9.600000000e+0,
-1.430000000e+2,-3.160312500e+0,-9.400781250e+0,
-1.410078125e+2,-3.200312500e+0,-9.400000000e+0,
-1.440000000e+2,-3.200000000e+0,-9.300000000e+0,
-1.420156250e+2,-3.159687500e+0,-9.398437500e+0,
-1.410000000e+2,-3.160312500e+0,-9.401562500e+0,
-1.430000000e+2,-3.079687500e+0,-9.403125000e+0,
-1.409921875e+2,-3.279687500e+0,-9.698437500e+0,
-1.420156250e+2,-3.036875000e+0,-9.300000000e+0,
-1.419843750e+2,-3.080312500e+0,-9.603125000e+0,
-1.409765625e+2,-3.080000000e+0,-9.500000000e+0,
-1.439687500e+2,-3.160000000e+0,-9.400000000e+0,
-1.430234375e+2,-3.120000000e+0,-9.499218750e+0,
-1.420312500e+2,-3.120312500e+0,-9.400000000e+0,
-1.400078125e+2,-3.079687500e+0,-9.300781250e+0,
-1.419296875e+2,-3.120625000e+0,-9.599218750e+0,
-1.439765625e+2,-3.200000000e+0,-9.400000000e+0,
-1.439921875e+2,-3.123750000e+0,-9.400000000e+0,
-1.419921875e+2,-3.039062500e+0,-9.202343750e+0,
-1.410000000e+2,-3.160000000e+0,-9.199218750e+0,
-1.410078125e+2,-3.039062500e+0,-9.400000000e+0,
-1.430078125e+2,-3.080937500e+0,-9.300000000e+0,
-1.420000000e+2,-3.120000000e+0,-9.500000000e+0,
-1.420000000e+2,-3.120312500e+0,-9.300000000e+0,
-1.420156250e+2,-3.044062500e+0,-9.200000000e+0,
-1.410000000e+2,-3.000000000e+0,-9.200000000e+0,
-1.410078125e+2,-3.079062500e+0,-9.202343750e+0,
-1.399921875e+2,-2.962812500e+0,-9.296875000e+0,
-1.410234375e+2,-3.201562500e+0,-8.900000000e+0,
-1.379921875e+2,-3.079687500e+0,-9.203125000e+0,
-1.410156250e+2,-3.160625000e+0,-9.200000000e+0,
-1.379531250e+2,-2.960312500e+0,-9.100000000e+0,
-1.380156250e+2,-3.200000000e+0,-9.001562500e+0,
-1.410078125e+2,-3.116562500e+0,-9.200000000e+0,
-1.400000000e+2,-3.000000000e+0,-9.100000000e+0,
-1.410000000e+2,-3.080000000e+0,-9.300781250e+0,
-1.410000000e+2,-3.118750000e+0,-9.097656250e+0,
-1.410000000e+2,-2.999062500e+0,-9.000781250e+0,
-1.400000000e+2,-3.080937500e+0,-8.900000000e+0,
-1.410078125e+2,-2.879687500e+0,-9.000781250e+0,
-1.380000000e+2,-3.083125000e+0,-9.000781250e+0,
-1.399921875e+2,-3.119687500e+0,-8.900000000e+0,
-1.400000000e+2,-2.998750000e+0,-9.000000000e+0,
-1.400000000e+2,-2.959687500e+0,-8.904687500e+0,
-1.370078125e+2,-3.078437500e+0,-8.700000000e+0,
-1.390078125e+2,-3.078750000e+0,-8.803906250e+0,
-1.390078125e+2,-2.918750000e+0,-9.101562500e+0,
-1.400000000e+2,-2.960625000e+0,-9.197656250e+0,
-1.380078125e+2,-2.919375000e+0,-8.794531250e+0,
-1.380000000e+2,-2.920625000e+0,-8.799218750e+0,
-1.380000000e+2,-2.960000000e+0,-9.000781250e+0,
-1.370078125e+2,-2.960312500e+0,-8.800000000e+0,
-1.359765625e+2,-3.000000000e+0,-9.000000000e+0,
-1.380078125e+2,-2.960000000e+0,-8.800000000e+0,
-1.339921875e+2,-2.960000000e+0,-8.899218750e+0,
-1.380000000e+2,-2.882187500e+0,-8.600000000e+0,
-1.340312500e+2,-3.080000000e+0,-8.800000000e+0,
-1.370468750e+2,-2.883437500e+0,-8.900000000e+0,
-1.380000000e+2,-2.960000000e+0,-8.900000000e+0,
-1.380078125e+2,-2.920000000e+0,-8.800781250e+0,
-1.379687500e+2,-2.960000000e+0,-8.800781250e+0,
-1.350078125e+2,-2.920312500e+0,-9.001562500e+0,
-1.380156250e+2,-3.000312500e+0,-9.100781250e+0,
-1.360312500e+2,-2.960000000e+0,-8.901562500e+0,
-1.369453125e+2,-3.000000000e+0,-8.800781250e+0,
-1.390078125e+2,-2.919687500e+0,-8.800000000e+0,
-1.360156250e+2,-2.920000000e+0,-8.800781250e+0,
-1.350078125e+2,-2.917500000e+0,-8.800781250e+0,
-1.339765625e+2,-2.841250000e+0,-8.699218750e+0,
-1.360156250e+2,-3.000000000e+0,-8.600000000e+0,
-1.329765625e+2,-2.925937500e+0,-9.000781250e+0,
-1.340078125e+2,-2.800937500e+0,-8.700000000e+0,
-1.349609375e+2,-2.920000000e+0,-8.599218750e+0,
-1.300078125e+2,-2.800000000e+0,-8.499218750e+0,
-1.359843750e+2,-2.840625000e+0,-8.499218750e+0,
-1.350000000e+2,-2.840000000e+0,-8.800781250e+0,
-1.340000000e+2,-2.839375000e+0,-8.398437500e+0,
-1.380000000e+2,-2.881250000e+0,-8.700000000e+0,
-1.340156250e+2,-2.760000000e+0,-8.699218750e+0,
-1.339921875e+2,-2.880000000e+0,-8.900000000e+0,
-1.360078125e+2,-2.799375000e+0,-8.601562500e+0,
-1.330078125e+2,-2.880000000e+0,-8.599218750e+0,
-1.339843750e+2,-2.919687500e+0,-8.500781250e+0,
-1.340078125e+2,-2.963437500e+0,-8.501562500e+0,
-1.330000000e+2,-2.760000000e+0,-8.400000000e+0,
-1.320312500e+2,-2.920000000e+0,-8.601562500e+0,
-1.349843750e+2,-2.797812500e+0,-8.496093750e+0,
-1.310078125e+2,-2.840937500e+0,-8.400000000e+0,
-1.350000000e+2,-2.800000000e+0,-8.402343750e+0,
-1.300078125e+2,-2.840312500e+0,-8.498437500e+0,
-1.329921875e+2,-2.801875000e+0,-8.202343750e+0,
-1.320078125e+2,-2.799687500e+0,-8.397656250e+0,
-1.310234375e+2,-2.799687500e+0,-8.601562500e+0,
-1.299921875e+2,-2.719687500e+0,-8.601562500e+0,
-1.319687500e+2,-2.720000000e+0,-8.201562500e+0,
-1.320390625e+2,-2.760000000e+0,-8.300000000e+0,
-1.310156250e+2,-2.881250000e+0,-8.302343750e+0,
-1.330312500e+2,-2.682812500e+0,-8.199218750e+0,
-1.329843750e+2,-2.760312500e+0,-8.400781250e+0,
-1.330234375e+2,-2.758750000e+0,-8.300781250e+0,
-1.350312500e+2,-2.640000000e+0,-8.300000000e+0,
-1.339531250e+2,-2.760625000e+0,-8.299218750e+0,
-1.300000000e+2,-2.759687500e+0,-8.299218750e+0,
-1.309921875e+2,-2.758125000e+0,-8.501562500e+0,
-1.290390625e+2,-2.760312500e+0,-8.300781250e+0,
-1.279609375e+2,-2.680937500e+0,-8.600000000e+0,
-1.310156250e+2,-2.880937500e+0,-8.100000000e+0,
-1.270156250e+2,-2.758437500e+0,-8.202343750e+0,
-1.309140625e+2,-2.679375000e+0,-8.200781250e+0,
-1.319609375e+2,-2.679375000e+0,-8.300000000e+0,
-1.290000000e+2,-2.839687500e+0,-8.199218750e+0,
-1.310156250e+2,-2.759687500e+0,-8.100000000e+0,
-1.289843750e+2,-2.719062500e+0,-8.400000000e+0,
-1.279921875e+2,-2.640000000e+0,-8.300000000e+0,
-1.270000000e+2,-2.880937500e+0,-8.299218750e+0,
-1.290000000e+2,-2.720000000e+0,-8.100000000e+0,
-1.260000000e+2,-2.718125000e+0,-8.400781250e+0,
-1.299843750e+2,-2.759687500e+0,-7.899218750e+0,
-1.300078125e+2,-2.800000000e+0,-8.197656250e+0,
-1.279921875e+2,-2.760625000e+0,-8.100000000e+0,
-1.280000000e+2,-2.680312500e+0,-8.200781250e+0,
-1.289843750e+2,-2.720312500e+0,-8.200000000e+0,
-1.319921875e+2,-2.680000000e+0,-8.202343750e+0,
-1.290000000e+2,-2.718750000e+0,-7.900781250e+0,
-1.250000000e+2,-2.678750000e+0,-8.100000000e+0,
-1.280156250e+2,-2.600312500e+0,-8.000000000e+0,
-1.249609375e+2,-2.680312500e+0,-8.103906250e+0,
-1.250312500e+2,-2.640312500e+0,-8.096093750e+0,
-1.300078125e+2,-2.720625000e+0,-7.700000000e+0,
-1.260000000e+2,-2.680937500e+0,-8.201562500e+0,
-1.260000000e+2,-2.640000000e+0,-8.000000000e+0,
-1.280000000e+2,-2.640000000e+0,-8.200781250e+0,
-1.260156250e+2,-2.640000000e+0,-7.896875000e+0,
-1.240468750e+2,-2.720312500e+0,-7.800000000e+0,
-1.229296875e+2,-2.680000000e+0,-8.099218750e+0,
-1.300000000e+2,-2.680312500e+0,-8.100000000e+0,
-1.259843750e+2,-2.601875000e+0,-7.900000000e+0,
-1.289921875e+2,-2.599687500e+0,-8.100000000e+0,
-1.239453125e+2,-2.680000000e+0,-7.898437500e+0,
-1.260078125e+2,-2.638750000e+0,-7.699218750e+0,
-1.240156250e+2,-2.559687500e+0,-7.599218750e+0,
-1.270078125e+2,-2.560000000e+0,-8.000000000e+0,
-1.240390625e+2,-2.639687500e+0,-7.903125000e+0,
-1.249765625e+2,-2.680312500e+0,-7.800000000e+0,
-1.259843750e+2,-2.600625000e+0,-7.900000000e+0,
-1.290000000e+2,-2.560312500e+0,-7.896875000e+0,
-1.260234375e+2,-2.559062500e+0,-7.600781250e+0,
-1.250156250e+2,-2.520625000e+0,-8.000000000e+0,
-1.240156250e+2,-2.720312500e+0,-7.800000000e+0,
-1.260625000e+2,-2.563125000e+0,-7.696875000e+0,
-1.269453125e+2,-2.520000000e+0,-8.000000000e+0,
-1.219531250e+2,-2.480000000e+0,-7.799218750e+0,
-1.230546875e+2,-2.561562500e+0,-7.799218750e+0,
-1.260000000e+2,-2.600000000e+0,-7.500781250e+0,
-1.219921875e+2,-2.520000000e+0,-7.702343750e+0,
-1.240000000e+2,-2.440000000e+0,-7.800781250e+0,
-1.239843750e+2,-2.515625000e+0,-7.803906250e+0,
-1.220000000e+2,-2.600312500e+0,-7.500000000e+0,
-1.220000000e+2,-2.518750000e+0,-7.800000000e+0,
-1.250078125e+2,-2.480937500e+0,-7.601562500e+0,
-1.230000000e+2,-2.600000000e+0,-7.800000000e+0,
-1.219609375e+2,-2.478750000e+0,-7.900000000e+0,
-1.250000000e+2,-2.477812500e+0,-7.704687500e+0,
-1.209765625e+2,-2.559687500e+0,-7.500000000e+0,
-1.220312500e+2,-2.519375000e+0,-7.503125000e+0,
-1.230156250e+2,-2.479687500e+0,-7.800000000e+0,
-1.229843750e+2,-2.480625000e+0,-7.495312500e+0,
-1.220000000e+2,-2.518750000e+0,-7.501562500e+0,
-1.230000000e+2,-2.440000000e+0,-7.500000000e+0,
-1.199843750e+2,-2.518437500e+0,-7.499218750e+0,
-1.189921875e+2,-2.480000000e+0,-7.800781250e+0,
-1.219921875e+2,-2.480000000e+0,-7.600781250e+0,
-1.200156250e+2,-2.480000000e+0,-7.700781250e+0,
-1.189687500e+2,-2.519687500e+0,-7.499218750e+0,
-1.219843750e+2,-2.600312500e+0,-7.398437500e+0,
-1.209531250e+2,-2.563125000e+0,-7.598437500e+0,
-1.210390625e+2,-2.401250000e+0,-7.395312500e+0,
-1.230156250e+2,-2.479687500e+0,-7.000000000e+0,
-1.209140625e+2,-2.520000000e+0,-7.494531250e+0,
-1.180625000e+2,-2.480000000e+0,-7.500000000e+0,
-1.240234375e+2,-2.319375000e+0,-7.401562500e+0,
-1.199531250e+2,-2.439062500e+0,-7.200781250e+0,
-1.209765625e+2,-2.563750000e+0,-7.299218750e+0,
-1.210078125e+2,-2.400000000e+0,-7.300000000e+0,
-1.200078125e+2,-2.520000000e+0,-7.400000000e+0,
-1.190078125e+2,-2.360000000e+0,-7.402343750e+0,
-1.190078125e+2,-2.520000000e+0,-7.600781250e+0,
-1.180000000e+2,-2.318750000e+0,-7.400000000e+0,
-1.190000000e+2,-2.399687500e+0,-7.200000000e+0,
-1.179921875e+2,-2.440937500e+0,-7.198437500e+0,
-1.179921875e+2,-2.400000000e+0,-7.300781250e+0,
-1.170078125e+2,-2.360000000e+0,-7.100000000e+0,
-1.180000000e+2,-2.440312500e+0,-7.200781250e+0,
-1.160000000e+2,-2.399687500e+0,-7.101562500e+0,
-1.180156250e+2,-2.400000000e+0,-7.200000000e+0,
-1.190000000e+2,-2.399687500e+0,-7.400000000e+0,
-1.179921875e+2,-2.439062500e+0,-7.103125000e+0,
-1.170000000e+2,-2.480312500e+0,-7.096875000e+0,
-1.190000000e+2,-2.400312500e+0,-7.400000000e+0,
-1.150000000e+2,-2.400000000e+0,-7.201562500e+0,
-1.180078125e+2,-2.360000000e+0,-6.998437500e+0,
-1.160078125e+2,-2.400000000e+0,-7.100000000e+0,
-1.160078125e+2,-2.441875000e+0,-6.800781250e+0,
-1.140000000e+2,-2.320625000e+0,-7.096875000e+0,
-1.150234375e+2,-2.280000000e+0,-7.198437500e+0,
-1.159921875e+2,-2.361562500e+0,-7.000000000e+0,
-1.150000000e+2,-2.358750000e+0,-7.100000000e+0,
-1.160000000e+2,-2.280000000e+0,-7.000000000e+0,
-1.150000000e+2,-2.320000000e+0,-7.100000000e+0,
-1.160000000e+2,-2.160312500e+0,-7.100000000e+0,
-1.140468750e+2,-2.240000000e+0,-7.301562500e+0,
-1.119921875e+2,-2.239375000e+0,-6.900000000e+0,
-1.139453125e+2,-2.439687500e+0,-6.800000000e+0,
-1.150078125e+2,-2.239687500e+0,-6.900000000e+0,
-1.149921875e+2,-2.359687500e+0,-6.800000000e+0,
-1.139687500e+2,-2.204375000e+0,-6.799218750e+0,
-1.110078125e+2,-2.238125000e+0,-6.802343750e+0,
-1.150078125e+2,-2.400000000e+0,-6.699218750e+0,
-1.119921875e+2,-2.279375000e+0,-7.001562500e+0,
-1.130078125e+2,-2.279687500e+0,-6.801562500e+0,
-1.130078125e+2,-2.200000000e+0,-6.700000000e+0,
-1.150000000e+2,-2.359062500e+0,-6.800000000e+0,
-1.150468750e+2,-2.287187500e+0,-6.802343750e+0,
-1.120078125e+2,-2.160312500e+0,-6.700000000e+0,
-1.130000000e+2,-2.200625000e+0,-6.803906250e+0,
-1.120078125e+2,-2.199375000e+0,-7.000000000e+0,
-1.119843750e+2,-2.242812500e+0,-6.799218750e+0,
-1.120312500e+2,-2.319062500e+0,-6.700000000e+0,
-1.089843750e+2,-2.160625000e+0,-6.600000000e+0,
-1.100156250e+2,-2.200625000e+0,-6.600000000e+0,
-1.100078125e+2,-2.320000000e+0,-6.699218750e+0,
-1.119921875e+2,-2.159062500e+0,-6.500781250e+0,
-1.089921875e+2,-2.199375000e+0,-6.700000000e+0,
-1.100000000e+2,-1.960000000e+0,-6.399218750e+0,
-1.090000000e+2,-2.082187500e+0,-6.500781250e+0,
-1.110078125e+2,-2.120312500e+0,-6.400000000e+0,
-1.109921875e+2,-2.159687500e+0,-6.500000000e+0,
-1.140000000e+2,-2.159375000e+0,-6.400781250e+0,
-1.110000000e+2,-2.080625000e+0,-6.699218750e+0,
-1.100000000e+2,-2.160000000e+0,-6.600781250e+0,
-1.109765625e+2,-2.040000000e+0,-6.499218750e+0,
-1.110000000e+2,-2.160000000e+0,-6.400781250e+0,
-1.080078125e+2,-2.080000000e+0,-6.501562500e+0,
-1.100000000e+2,-2.159687500e+0,-6.797656250e+0,
-1.070156250e+2,-2.040625000e+0,-6.298437500e+0,
-1.120078125e+2,-2.200937500e+0,-6.403906250e+0,
-1.080156250e+2,-2.118437500e+0,-6.704687500e+0,
-1.080000000e+2,-2.078437500e+0,-6.701562500e+0,
-1.090156250e+2,-1.957500000e+0,-6.302343750e+0,
-1.110000000e+2,-2.160312500e+0,-6.300781250e+0,
-1.090234375e+2,-2.039375000e+0,-6.400000000e+0,
-1.080078125e+2,-2.120000000e+0,-6.400000000e+0,
-1.079843750e+2,-2.040000000e+0,-6.398437500e+0,
-1.090078125e+2,-2.041562500e+0,-6.000000000e+0,
-1.079921875e+2,-2.080625000e+0,-6.300000000e+0,
-1.089921875e+2,-1.921875000e+0,-6.301562500e+0,
-1.059531250e+2,-2.040000000e+0,-6.099218750e+0,
-1.050468750e+2,-2.119687500e+0,-6.000000000e+0,
-1.079843750e+2,-2.080000000e+0,-6.100781250e+0,
-1.039921875e+2,-2.118750000e+0,-6.100781250e+0,
-1.070078125e+2,-1.959687500e+0,-6.200000000e+0,
-1.049921875e+2,-2.077187500e+0,-6.100000000e+0,
-1.080078125e+2,-2.120000000e+0,-6.201562500e+0,
-1.040156250e+2,-1.998750000e+0,-6.300000000e+0,
-1.050000000e+2,-1.920312500e+0,-6.198437500e+0,
-1.050156250e+2,-2.041250000e+0,-6.000781250e+0,
-1.030078125e+2,-1.998750000e+0,-6.100000000e+0,
-1.040000000e+2,-2.000000000e+0,-6.000000000e+0,
-1.030078125e+2,-1.999062500e+0,-6.100000000e+0,
-1.050078125e+2,-2.040000000e+0,-5.900000000e+0,
-1.039843750e+2,-1.959687500e+0,-6.000781250e+0,
-1.030000000e+2,-1.960000000e+0,-6.000781250e+0,
-1.030000000e+2,-2.000625000e+0,-6.100000000e+0,
-1.040000000e+2,-2.040000000e+0,-6.001562500e+0,
-1.030000000e+2,-1.961250000e+0,-5.799218750e+0,
-1.029921875e+2,-1.880000000e+0,-5.700000000e+0,
-1.050000000e+2,-1.958750000e+0,-5.800781250e+0,
-1.040156250e+2,-2.040000000e+0,-5.800000000e+0,
-1.020312500e+2,-1.960312500e+0,-6.100781250e+0,
-9.999218750e+1,-2.040000000e+0,-5.701562500e+0,
-1.050156250e+2,-1.920625000e+0,-5.900000000e+0,
-9.900781250e+1,-1.880625000e+0,-5.700781250e+0,
-1.030000000e+2,-1.880625000e+0,-5.900000000e+0,
-1.010156250e+2,-2.000000000e+0,-5.899218750e+0,
-1.060078125e+2,-1.956250000e+0,-5.798437500e+0,
-1.009843750e+2,-1.799375000e+0,-5.699218750e+0,
-1.019921875e+2,-1.881250000e+0,-5.805468750e+0,
-9.800000000e+1,-1.879375000e+0,-6.098437500e+0,
-1.019921875e+2,-1.839062500e+0,-5.603125000e+0,
-1.000078125e+2,-1.880312500e+0,-5.798437500e+0,
-9.997656250e+1,-1.840312500e+0,-5.597656250e+0,
-1.019921875e+2,-1.920000000e+0,-5.698437500e+0,
-1.010156250e+2,-1.840625000e+0,-5.999218750e+0,
-1.010234375e+2,-1.800000000e+0,-5.900000000e+0,
-9.898437500e+1,-1.799687500e+0,-5.701562500e+0,
-9.899218750e+1,-1.840000000e+0,-5.698437500e+0,
-9.801562500e+1,-1.840000000e+0,-5.800000000e+0,
-1.000000000e+2,-1.839375000e+0,-5.700781250e+0,
-9.799218750e+1,-1.760000000e+0,-5.700000000e+0,
-1.000390625e+2,-1.840000000e+0,-5.299218750e+0,
-1.010000000e+2,-1.720000000e+0,-5.400000000e+0,
-1.000078125e+2,-1.836875000e+0,-5.401562500e+0,
-9.903125000e+1,-1.800312500e+0,-5.400781250e+0,
-9.600781250e+1,-1.760312500e+0,-5.600000000e+0,
-9.701562500e+1,-1.840937500e+0,-5.700000000e+0,
-9.496875000e+1,-1.880000000e+0,-5.297656250e+0,
-9.996875000e+1,-1.798437500e+0,-5.400000000e+0,
-9.696093750e+1,-1.719687500e+0,-5.299218750e+0,
-9.701562500e+1,-1.799375000e+0,-5.600781250e+0,
-9.598437500e+1,-1.800000000e+0,-5.500000000e+0,
-9.501562500e+1,-1.760000000e+0,-5.400000000e+0,
-9.700781250e+1,-1.760000000e+0,-5.299218750e+0,
-9.600000000e+1,-1.759375000e+0,-5.200000000e+0,
-9.400000000e+1,-1.680000000e+0,-5.300000000e+0,
-9.500781250e+1,-1.717500000e+0,-5.500781250e+0,
-9.400000000e+1,-1.800000000e+0,-5.199218750e+0,
-9.499218750e+1,-1.720000000e+0,-5.298437500e+0,
-9.600000000e+1,-1.600000000e+0,-5.300000000e+0,
-9.500781250e+1,-1.721250000e+0,-5.299218750e+0,
-9.400000000e+1,-1.719375000e+0,-5.100000000e+0,
-9.595312500e+1,-1.679687500e+0,-5.299218750e+0,
-9.900000000e+1,-1.683750000e+0,-5.105468750e+0,
-9.200000000e+1,-1.559375000e+0,-5.100000000e+0,
-9.304687500e+1,-1.641562500e+0,-5.100000000e+0,
-9.399218750e+1,-1.760312500e+0,-5.000781250e+0,
-9.400781250e+1,-1.675937500e+0,-5.100781250e+0,
-9.600000000e+1,-1.600937500e+0,-5.000000000e+0,
-9.400000000e+1,-1.720000000e+0,-5.000000000e+0,
-9.300000000e+1,-1.599687500e+0,-4.900000000e+0,
-9.200000000e+1,-1.640312500e+0,-5.099218750e+0,
-9.200000000e+1,-1.560000000e+0,-5.100000000e+0,
-9.197656250e+1,-1.600312500e+0,-5.000000000e+0,
-9.400000000e+1,-1.600312500e+0,-4.800781250e+0,
-9.201562500e+1,-1.639687500e+0,-4.900000000e+0,
-9.201562500e+1,-1.641875000e+0,-4.900000000e+0,
-9.197656250e+1,-1.560000000e+0,-4.900000000e+0,
-9.000781250e+1,-1.679687500e+0,-4.899218750e+0,
-9.202343750e+1,-1.679375000e+0,-4.599218750e+0,
-9.099218750e+1,-1.639687500e+0,-4.700000000e+0,
-9.100781250e+1,-1.600000000e+0,-4.700000000e+0,
-9.005468750e+1,-1.600000000e+0,-4.600000000e+0,
-8.703906250e+1,-1.600625000e+0,-4.799218750e+0,
-8.798437500e+1,-1.480000000e+0,-4.800000000e+0,
-9.202343750e+1,-1.560625000e+0,-5.100000000e+0,
-8.702343750e+1,-1.519062500e+0,-4.597656250e+0,
-8.994531250e+1,-1.520312500e+0,-4.400000000e+0,
-9.007031250e+1,-1.560312500e+0,-4.700000000e+0,
-8.696093750e+1,-1.600625000e+0,-4.703125000e+0,
-8.703906250e+1,-1.520000000e+0,-4.500781250e+0,
-8.901562500e+1,-1.520000000e+0,-4.600781250e+0,
-8.798437500e+1,-1.560312500e+0,-4.600781250e+0,
-8.700000000e+1,-1.560000000e+0,-4.700781250e+0,
-8.700000000e+1,-1.560000000e+0,-4.499218750e+0,
-8.700000000e+1,-1.440000000e+0,-4.500000000e+0,
-8.900000000e+1,-1.559687500e+0,-4.500000000e+0,
-8.600000000e+1,-1.401562500e+0,-4.500000000e+0,
-8.600000000e+1,-1.401562500e+0,-4.500000000e+0,
-8.700781250e+1,-1.520312500e+0,-4.497656250e+0,
-8.800000000e+1,-1.440000000e+0,-4.700000000e+0,
-8.603125000e+1,-1.400312500e+0,-4.400000000e+0,
-8.500000000e+1,-1.400937500e+0,-4.498437500e+0,
-8.599218750e+1,-1.399375000e+0,-4.400000000e+0,
-8.502343750e+1,-1.479687500e+0,-4.400781250e+0,
-8.803906250e+1,-1.400000000e+0,-4.299218750e+0,
-8.589843750e+1,-1.480625000e+0,-4.205468750e+0,
-8.099218750e+1,-1.396250000e+0,-4.600781250e+0,
-8.300000000e+1,-1.321250000e+0,-4.201562500e+0,
-8.400000000e+1,-1.475625000e+0,-4.199218750e+0,
-8.300000000e+1,-1.440000000e+0,-4.400781250e+0,
-8.501562500e+1,-1.320312500e+0,-4.300781250e+0,
-8.100781250e+1,-1.439687500e+0,-4.400000000e+0,
-8.296875000e+1,-1.400625000e+0,-4.399218750e+0,
-8.203906250e+1,-1.320000000e+0,-4.200000000e+0,
-8.107812500e+1,-1.359687500e+0,-4.298437500e+0,
-8.500000000e+1,-1.320937500e+0,-4.197656250e+0,
-8.096875000e+1,-1.320000000e+0,-3.900781250e+0,
-8.206250000e+1,-1.320000000e+0,-4.096875000e+0,
-8.398437500e+1,-1.360000000e+0,-4.200000000e+0,
-8.200781250e+1,-1.320000000e+0,-4.200781250e+0,
-8.502343750e+1,-1.320625000e+0,-4.101562500e+0,
-8.302343750e+1,-1.204062500e+0,-4.099218750e+0,
-8.200781250e+1,-1.200625000e+0,-4.200000000e+0,
-8.100781250e+1,-1.320000000e+0,-4.200781250e+0,
-8.100000000e+1,-1.280000000e+0,-4.000781250e+0,
-8.200000000e+1,-1.318437500e+0,-4.099218750e+0,
-8.100000000e+1,-1.160000000e+0,-3.800000000e+0,
-8.102343750e+1,-1.280000000e+0,-4.000000000e+0,
-7.795312500e+1,-1.197812500e+0,-4.003125000e+0,
-7.603125000e+1,-1.360000000e+0,-3.700000000e+0,
-7.900781250e+1,-1.200625000e+0,-3.900000000e+0,
-7.700000000e+1,-1.240312500e+0,-3.696875000e+0,
-7.800000000e+1,-1.279687500e+0,-3.696875000e+0,
-7.701562500e+1,-1.239375000e+0,-4.100000000e+0,
-8.100000000e+1,-1.320937500e+0,-3.899218750e+0,
-7.698437500e+1,-1.160937500e+0,-3.900000000e+0,
-7.700000000e+1,-1.200000000e+0,-3.800000000e+0,
-7.800000000e+1,-1.120000000e+0,-3.800000000e+0,
-7.900000000e+1,-1.201562500e+0,-3.600781250e+0,
-7.999218750e+1,-1.199375000e+0,-3.700000000e+0,
-7.702343750e+1,-1.040000000e+0,-3.400000000e+0,
-7.500000000e+1,-1.077500000e+0,-3.396875000e+0,
-7.800000000e+1,-1.120000000e+0,-3.597656250e+0,
-8.000781250e+1,-1.120000000e+0,-3.698437500e+0,
-7.999218750e+1,-1.120000000e+0,-3.398437500e+0,
-7.800000000e+1,-1.120312500e+0,-3.400000000e+0,
-7.598437500e+1,-1.119687500e+0,-3.500781250e+0,
-7.301562500e+1,-1.040000000e+0,-3.500000000e+0,
-7.492968750e+1,-1.119687500e+0,-3.500000000e+0,
-7.701562500e+1,-1.120000000e+0,-3.401562500e+0,
-7.405468750e+1,-1.040312500e+0,-3.400000000e+0,
-7.303125000e+1,-1.079687500e+0,-3.500000000e+0,
-7.198437500e+1,-1.000312500e+0,-3.399218750e+0,
-7.400000000e+1,-1.159375000e+0,-3.500000000e+0,
-7.300781250e+1,-1.081562500e+0,-3.202343750e+0,
-7.399218750e+1,-1.119687500e+0,-3.197656250e+0,
-7.099218750e+1,-1.081250000e+0,-3.300000000e+0,
-7.100781250e+1,-1.041562500e+0,-3.201562500e+0,
-7.200781250e+1,-1.200000000e+0,-3.400781250e+0,
-7.300781250e+1,-1.000000000e+0,-3.000000000e+0,
-7.300000000e+1,-1.039062500e+0,-3.300000000e+0,
-7.101562500e+1,-1.041562500e+0,-3.205468750e+0,
-7.198437500e+1,-1.040000000e+0,-3.100000000e+0,
-7.200781250e+1,-1.080000000e+0,-3.103906250e+0,
-7.002343750e+1,-1.080000000e+0,-3.401562500e+0,
-6.896875000e+1,-1.121562500e+0,-3.199218750e+0,
-7.198437500e+1,-1.118750000e+0,-3.100781250e+0,
-6.996093750e+1,-9.606250000e-1,-3.200000000e+0,
-6.798437500e+1,-9.600000000e-1,-3.200000000e+0,
-6.801562500e+1,-9.200000000e-1,-2.998437500e+0,
-7.101562500e+1,-9.609375000e-1,-2.800781250e+0,
-6.999218750e+1,-9.593750000e-1,-2.900000000e+0,
-6.800781250e+1,-8.800000000e-1,-2.900781250e+0,
-6.900000000e+1,-9.212500000e-1,-3.101562500e+0,
-7.200000000e+1,-9.237500000e-1,-3.001562500e+0,
-6.801562500e+1,-7.996875000e-1,-2.900000000e+0,
-6.900000000e+1,-9.609375000e-1,-2.900000000e+0,
-6.800000000e+1,-8.784375000e-1,-2.800000000e+0,
-6.600781250e+1,-8.400000000e-1,-2.900781250e+0,
-6.596093750e+1,-8.403125000e-1,-2.599218750e+0,
-6.900000000e+1,-8.403125000e-1,-2.598437500e+0,
-6.602343750e+1,-8.003125000e-1,-2.701562500e+0,
-6.400781250e+1,-8.003125000e-1,-2.899218750e+0,
-6.703125000e+1,-7.996875000e-1,-2.700000000e+0,
-6.699218750e+1,-8.006250000e-1,-2.802343750e+0,
-6.501562500e+1,-8.806250000e-1,-2.796875000e+0,
-6.400000000e+1,-8.396875000e-1,-2.600781250e+0,
-6.500000000e+1,-8.403125000e-1,-2.699218750e+0,
-6.300000000e+1,-7.593750000e-1,-2.499218750e+0,
-6.500000000e+1,-6.806250000e-1,-2.400000000e+0,
-6.400000000e+1,-8.409375000e-1,-2.600000000e+0,
-6.601562500e+1,-8.800000000e-1,-2.400000000e+0,
-6.300781250e+1,-7.184375000e-1,-2.500000000e+0,
-6.500781250e+1,-7.596875000e-1,-2.600000000e+0,
-6.199218750e+1,-7.993750000e-1,-2.700781250e+0,
-6.401562500e+1,-8.400000000e-1,-2.297656250e+0,
-6.299218750e+1,-8.396875000e-1,-2.100000000e+0,
-6.402343750e+1,-7.596875000e-1,-2.301562500e+0,
-6.398437500e+1,-7.609375000e-1,-2.300781250e+0,
-6.198437500e+1,-7.593750000e-1,-2.400781250e+0,
-6.099218750e+1,-6.415625000e-1,-2.200781250e+0,
-6.200000000e+1,-7.200000000e-1,-2.303125000e+0,
-6.100000000e+1,-7.590625000e-1,-2.600781250e+0,
-6.200000000e+1,-5.996875000e-1,-2.499218750e+0,
-6.101562500e+1,-6.431250000e-1,-2.398437500e+0,
-6.000781250e+1,-7.603125000e-1,-2.098437500e+0,
-5.998437500e+1,-6.800000000e-1,-2.000000000e+0,
-6.100000000e+1,-5.621875000e-1,-2.500000000e+0,
-6.000000000e+1,-5.612500000e-1,-1.900000000e+0,
-5.999218750e+1,-6.803125000e-1,-2.200781250e+0,
-5.800000000e+1,-6.400000000e-1,-2.099218750e+0,
-5.900000000e+1,-5.612500000e-1,-2.100781250e+0,
-5.800000000e+1,-6.800000000e-1,-2.001562500e+0,
-5.800000000e+1,-4.809375000e-1,-1.801562500e+0,
-5.999218750e+1,-5.593750000e-1,-2.100000000e+0,
-6.000000000e+1,-5.196875000e-1,-2.000781250e+0,
-6.000781250e+1,-6.400000000e-1,-2.100000000e+0,
-5.803906250e+1,-5.593750000e-1,-2.000781250e+0,
-5.499218750e+1,-5.600000000e-1,-1.896875000e+0,
-5.997656250e+1,-5.603125000e-1,-2.300781250e+0,
-5.800781250e+1,-4.825000000e-1,-1.807031250e+0,
-5.800000000e+1,-4.806250000e-1,-1.900000000e+0,
-5.601562500e+1,-6.400000000e-1,-1.996093750e+0,
-5.900781250e+1,-4.775000000e-1,-1.600781250e+0,
-5.700000000e+1,-5.215625000e-1,-2.002343750e+0,
-5.800781250e+1,-5.203125000e-1,-1.796875000e+0,
-5.501562500e+1,-5.193750000e-1,-1.800781250e+0,
-5.400781250e+1,-4.393750000e-1,-1.800000000e+0,
-5.300781250e+1,-5.587500000e-1,-1.800000000e+0,
-5.299218750e+1,-5.990625000e-1,-1.699218750e+0,
-5.302343750e+1,-4.800000000e-1,-1.600781250e+0,
-5.195312500e+1,-5.600000000e-1,-1.600781250e+0,
-5.597656250e+1,-5.200000000e-1,-1.500000000e+0,
-5.294531250e+1,-3.596875000e-1,-1.598437500e+0,
-5.302343750e+1,-5.184375000e-1,-1.699218750e+0,
-5.400781250e+1,-4.400000000e-1,-1.699218750e+0,
-5.501562500e+1,-4.812500000e-1,-1.501562500e+0,
-5.498437500e+1,-5.200000000e-1,-1.400000000e+0,
-5.296093750e+1,-3.996875000e-1,-1.601562500e+0,
-5.102343750e+1,-4.403125000e-1,-1.600781250e+0,
-5.302343750e+1,-4.000000000e-1,-1.502343750e+0,
-4.900781250e+1,-4.403125000e-1,-1.500781250e+0,
-5.296093750e+1,-3.593750000e-1,-1.700000000e+0,
-5.203125000e+1,-3.606250000e-1,-1.200000000e+0,
-5.097656250e+1,-4.003125000e-1,-1.204687500e+0,
-5.300781250e+1,-3.587500000e-1,-1.501562500e+0,
-4.996875000e+1,-3.196875000e-1,-1.499218750e+0,
-5.001562500e+1,-4.403125000e-1,-1.699218750e+0,
-5.000781250e+1,-3.603125000e-1,-1.300000000e+0,
-4.999218750e+1,-5.196875000e-1,-1.300000000e+0,
-4.900000000e+1,-2.800000000e-1,-1.300000000e+0,
-5.000000000e+1,-3.609375000e-1,-1.300000000e+0,
-4.800000000e+1,-2.800000000e-1,-1.200000000e+0,
-5.001562500e+1,-3.156250000e-1,-1.401562500e+0,
-4.900781250e+1,-4.403125000e-1,-8.992187500e-1,
-4.900000000e+1,-2.800000000e-1,-1.096875000e+0,
-4.900000000e+1,-2.800000000e-1,-1.200000000e+0,
-4.800781250e+1,-3.206250000e-1,-1.100000000e+0,
-4.700781250e+1,-3.600000000e-1,-1.200000000e+0,
-4.699218750e+1,-2.809375000e-1,-9.000000000e-1,
-4.900000000e+1,-1.990625000e-1,-1.193750000e+0,
-4.900000000e+1,-2.393750000e-1,-1.101562500e+0,
-4.596875000e+1,-1.600000000e-1,-9.007812500e-1,
-4.603125000e+1,-3.225000000e-1,-1.202343750e+0,
-4.901562500e+1,-3.575000000e-1,-9.968750000e-1,
-4.697656250e+1,-2.396875000e-1,-8.000000000e-1,
-4.300000000e+1,-2.403125000e-1,-1.000000000e+0,
-4.400000000e+1,-2.006250000e-1,-8.000000000e-1,
-4.400000000e+1,-2.800000000e-1,-1.000781250e+0,
-4.400000000e+1,-2.000000000e-1,-6.992187500e-1,
-4.499218750e+1,-1.600000000e-1,-9.000000000e-1,
-4.501562500e+1,-1.603125000e-1,-9.000000000e-1,
-4.400781250e+1,-2.387500000e-1,-9.000000000e-1,
-4.401562500e+1,-3.603125000e-1,-1.000000000e+0,
-4.397656250e+1,-2.009375000e-1,-1.001562500e+0,
-4.200781250e+1,-1.596875000e-1,-6.984375000e-1,
-4.401562500e+1,-2.800000000e-1,-5.000000000e-1,
-4.196093750e+1,-1.600000000e-1,-7.000000000e-1,
-4.102343750e+1,-2.400000000e-1,-5.000000000e-1,
-4.301562500e+1,-8.062500000e-2,-7.992187500e-1,
-4.098437500e+1,-1.200000000e-1,-5.015625000e-1,
-4.499218750e+1,-1.196875000e-1,-5.000000000e-1,
-4.401562500e+1,-1.190625000e-1,-6.984375000e-1,
-4.300000000e+1,4.062500000e-2,-2.992187500e-1,
-4.103125000e+1,-8.062500000e-2,-5.000000000e-1,
-3.902343750e+1,-1.193750000e-1,-6.000000000e-1,
-3.900781250e+1,8.093750000e-2,-6.992187500e-1,
-3.901562500e+1,-1.600000000e-1,-6.015625000e-1,
-4.000781250e+1,4.000000000e-2,-2.976562500e-1,
-4.000781250e+1,-4.187500000e-2,-2.007812500e-1,
-3.999218750e+1,-8.000000000e-2,-5.000000000e-1,
-3.800000000e+1,-4.000000000e-2,-3.000000000e-1,
-3.900000000e+1,-3.937500000e-2,-5.000000000e-1,
-4.001562500e+1,1.200000000e-1,-3.000000000e-1,
-4.100000000e+1,-3.875000000e-2,-5.000000000e-1,
-3.800000000e+1,1.562500000e-3,-2.000000000e-1,
-3.900000000e+1,3.875000000e-2,-2.007812500e-1,
-3.800000000e+1,-1.200000000e-1,-1.000000000e-1,
-3.701562500e+1,1.209375000e-1,-3.000000000e-1,
-3.600000000e+1,-3.562500000e-2,-1.031250000e-1,
-3.700781250e+1,-4.093750000e-2,-2.000000000e-1,
-3.801562500e+1,4.000000000e-2,-1.992187500e-1,
-3.901562500e+1,4.062500000e-2,-1.000000000e-1,
-3.793750000e+1,7.937500000e-2,-9.921875000e-2,
-3.399218750e+1,-4.187500000e-2,-7.812500000e-4,
-3.500000000e+1,4.250000000e-2,-1.000000000e-1,
-3.500781250e+1,1.631250000e-1,0.000000000e+0,
-3.600000000e+1,4.000000000e-2,-9.921875000e-2,
-3.601562500e+1,1.600000000e-1,2.000000000e-1,
-3.301562500e+1,3.125000000e-4,0.000000000e+0,
-3.196093750e+1,3.968750000e-2,1.992187500e-1,
-3.500000000e+1,8.031250000e-2,-1.992187500e-1,
-3.300000000e+1,1.206250000e-1,9.687500000e-2,
-3.603906250e+1,7.718750000e-2,9.765625000e-2,
-3.498437500e+1,2.396875000e-1,9.843750000e-2,
-3.400781250e+1,1.200000000e-1,4.023437500e-1,
-3.396093750e+1,2.000000000e-1,0.000000000e+0,
-3.100000000e+1,1.200000000e-1,4.992187500e-1,
-3.302343750e+1,2.000000000e-1,1.046875000e-1,
-3.201562500e+1,1.203125000e-1,1.953125000e-1,
-3.199218750e+1,2.000000000e-1,4.000000000e-1,
-3.200781250e+1,1.600000000e-1,1.992187500e-1,
-3.099218750e+1,1.603125000e-1,5.000000000e-1,
-3.400781250e+1,2.796875000e-1,1.992187500e-1,
-3.102343750e+1,1.587500000e-1,3.000000000e-1,
-3.294531250e+1,1.993750000e-1,0.000000000e+0,
-3.400781250e+1,3.225000000e-1,3.976562500e-1,
-3.192187500e+1,1.600000000e-1,4.007812500e-1,
-2.703125000e+1,2.393750000e-1,6.000000000e-1,
-3.300781250e+1,3.203125000e-1,7.000000000e-1,
-2.800000000e+1,3.206250000e-1,6.015625000e-1,
-3.100000000e+1,3.609375000e-1,3.000000000e-1,
-2.699218750e+1,1.609375000e-1,2.992187500e-1,
-2.901562500e+1,2.781250000e-1,1.992187500e-1,
-3.000000000e+1,2.409375000e-1,4.976562500e-1,
-2.800000000e+1,1.600000000e-1,6.000000000e-1,
-2.900000000e+1,2.015625000e-1,4.992187500e-1,
-2.900781250e+1,3.203125000e-1,7.007812500e-1,
-3.001562500e+1,2.800000000e-1,6.000000000e-1,
-2.600781250e+1,3.993750000e-1,9.992187500e-1,
-2.900000000e+1,3.196875000e-1,7.007812500e-1,
-2.900000000e+1,4.400000000e-1,1.000000000e+0,
-2.797656250e+1,2.768750000e-1,8.007812500e-1,
-2.502343750e+1,2.400000000e-1,1.100000000e+0,
-2.800000000e+1,2.806250000e-1,6.984375000e-1,
-2.403125000e+1,4.000000000e-1,9.000000000e-1,
-2.596093750e+1,3.596875000e-1,8.000000000e-1,
-2.505468750e+1,4.400000000e-1,8.023437500e-1,
-2.198437500e+1,4.400000000e-1,6.000000000e-1,
-2.496093750e+1,4.393750000e-1,1.000000000e+0,
-2.402343750e+1,3.600000000e-1,6.023437500e-1,
-2.498437500e+1,4.406250000e-1,8.000000000e-1,
-2.399218750e+1,3.190625000e-1,7.992187500e-1,
-2.300000000e+1,4.796875000e-1,1.098437500e+0,
-2.300000000e+1,3.603125000e-1,1.000000000e+0,
-2.300000000e+1,4.806250000e-1,1.002343750e+0,
-2.200000000e+1,3.987500000e-1,1.299218750e+0,
-2.300781250e+1,4.000000000e-1,1.100000000e+0,
-2.300000000e+1,5.193750000e-1,1.100000000e+0,
-2.197656250e+1,5.221875000e-1,1.505468750e+0,
-2.400781250e+1,4.800000000e-1,9.000000000e-1,
-2.001562500e+1,4.796875000e-1,1.101562500e+0,
-1.998437500e+1,3.975000000e-1,1.000781250e+0,
-2.098437500e+1,4.025000000e-1,1.300781250e+0,
-2.199218750e+1,5.203125000e-1,1.198437500e+0,
-2.200000000e+1,4.796875000e-1,1.300000000e+0,
-2.096875000e+1,5.603125000e-1,1.300000000e+0,
-1.900781250e+1,5.600000000e-1,1.200781250e+0,
-2.203906250e+1,6.406250000e-1,1.501562500e+0,
-2.198437500e+1,5.996875000e-1,1.500000000e+0,
-1.700781250e+1,5.600000000e-1,1.400000000e+0,
-2.000000000e+1,4.793750000e-1,1.500781250e+0,
-1.700781250e+1,4.800000000e-1,1.499218750e+0,
-2.199218750e+1,5.187500000e-1,1.600000000e+0,
-2.002343750e+1,6.396875000e-1,1.500000000e+0,
-1.700000000e+1,5.181250000e-1,1.700781250e+0,
-1.699218750e+1,5.203125000e-1,1.300000000e+0,
-2.000781250e+1,6.006250000e-1,1.700781250e+0,
-1.700000000e+1,6.400000000e-1,1.600000000e+0,
-1.900000000e+1,6.006250000e-1,1.800000000e+0,
-1.700000000e+1,6.006250000e-1,1.695312500e+0,
-1.802343750e+1,6.803125000e-1,1.399218750e+0,
-1.799218750e+1,6.393750000e-1,1.500781250e+0,
-1.500000000e+1,6.403125000e-1,1.397656250e+0,
-1.800000000e+1,6.809375000e-1,1.497656250e+0,
-1.599218750e+1,7.581250000e-1,1.899218750e+0,
-1.600000000e+1,7.593750000e-1,1.800000000e+0,
-1.599218750e+1,5.987500000e-1,1.900000000e+0,
-1.700781250e+1,6.006250000e-1,1.800000000e+0,
-1.504687500e+1,7.600000000e-1,1.700781250e+0,
-1.298437500e+1,7.981250000e-1,2.000000000e+0,
-1.596093750e+1,6.803125000e-1,1.800000000e+0,
-1.598437500e+1,7.190625000e-1,1.699218750e+0,
-1.395312500e+1,6.800000000e-1,2.001562500e+0,
-1.203906250e+1,6.806250000e-1,2.200000000e+0,
-1.601562500e+1,7.196875000e-1,1.996875000e+0,
-1.295312500e+1,5.984375000e-1,1.900000000e+0,
-1.302343750e+1,6.006250000e-1,2.099218750e+0,
-1.499218750e+1,7.175000000e-1,2.000781250e+0,
-1.400781250e+1,7.600000000e-1,1.899218750e+0,
-1.401562500e+1,6.790625000e-1,1.800000000e+0,
-1.100781250e+1,7.206250000e-1,1.900781250e+0,
-1.298437500e+1,8.396875000e-1,2.103906250e+0,
-1.200781250e+1,7.178125000e-1,2.300000000e+0,
-1.203906250e+1,7.600000000e-1,2.200000000e+0,
-8.984375000e+0,8.406250000e-1,2.199218750e+0,
-1.000781250e+1,7.593750000e-1,2.000000000e+0,
-1.000000000e+1,8.003125000e-1,2.300781250e+0,
-8.992187500e+0,8.400000000e-1,2.198437500e+0,
-8.000000000e+0,8.800000000e-1,2.200000000e+0,
-1.000000000e+1,8.400000000e-1,2.200000000e+0,
-8.000000000e+0,8.003125000e-1,2.197656250e+0,
-1.000000000e+1,8.375000000e-1,1.900000000e+0,
-9.000000000e+0,1.000625000e+0,2.096093750e+0,
-1.000000000e+1,8.003125000e-1,2.400000000e+0,
-1.002343750e+1,9.206250000e-1,2.199218750e+0,
-8.000000000e+0,8.400000000e-1,2.599218750e+0,
-1.000781250e+1,8.800000000e-1,2.201562500e+0,
-7.000000000e+0,8.393750000e-1,2.194531250e+0,
-1.000000000e+1,9.200000000e-1,2.500000000e+0,
-1.098437500e+1,8.800000000e-1,2.501562500e+0,
-7.976562500e+0,9.231250000e-1,2.592968750e+0,
-7.031250000e+0,1.040000000e+0,2.099218750e+0,
-9.000000000e+0,9.593750000e-1,2.503125000e+0,
-6.007812500e+0,9.596875000e-1,2.400000000e+0,
-7.000000000e+0,9.196875000e-1,2.700000000e+0,
-6.000000000e+0,9.990625000e-1,2.401562500e+0,
-7.976562500e+0,1.039687500e+0,2.600781250e+0,
-7.046875000e+0,9.593750000e-1,2.599218750e+0,
-4.023437500e+0,8.800000000e-1,2.799218750e+0,
-4.968750000e+0,9.200000000e-1,2.700000000e+0,
-6.007812500e+0,9.600000000e-1,2.698437500e+0,
-4.953125000e+0,9.593750000e-1,2.701562500e+0,
-3.007812500e+0,1.000312500e+0,2.500000000e+0,
-5.023437500e+0,1.040000000e+0,2.699218750e+0,
-5.000000000e+0,1.040000000e+0,2.700000000e+0,
-5.000000000e+0,1.000000000e+0,2.800781250e+0,
-3.976562500e+0,1.040625000e+0,2.900000000e+0,
-2.968750000e+0,1.080937500e+0,2.803125000e+0,
-6.968750000e+0,1.079687500e+0,2.700000000e+0,
-6.015625000e+0,1.159062500e+0,2.900000000e+0,
-4.046875000e+0,9.600000000e-1,2.900000000e+0,
2.000000000e+0,1.080000000e+0,2.800781250e+0,
-2.929687500e+0,9.190625000e-1,3.000000000e+0,
-1.968750000e+0,1.039375000e+0,2.900781250e+0,
-2.015625000e+0,1.040312500e+0,2.899218750e+0,
-3.000000000e+0,1.080312500e+0,2.800000000e+0,
-2.000000000e+0,1.119687500e+0,3.000000000e+0,
-2.000000000e+0,1.080000000e+0,2.899218750e+0,
-1.000000000e+0,1.119375000e+0,2.800000000e+0,
-1.007812500e+0,1.000000000e+0,3.000000000e+0,
-2.015625000e+0,9.956250000e-1,3.098437500e+0,
-2.007812500e+0,1.159687500e+0,3.300000000e+0,
-7.812500000e-3,1.040000000e+0,3.202343750e+0,
-1.007812500e+0,1.079687500e+0,3.000000000e+0,
-2.015625000e+0,1.119375000e+0,3.200781250e+0,
1.984375000e+0,1.039375000e+0,3.200000000e+0,
1.039062500e+0,1.118750000e+0,3.101562500e+0,
-2.000000000e+0,1.200312500e+0,2.900781250e+0,
1.000000000e+0,1.159687500e+0,3.098437500e+0,
3.000000000e+0,1.199687500e+0,3.300000000e+0,
1.992187500e+0,1.160625000e+0,3.096875000e+0,
9.843750000e-1,1.237500000e+0,3.100781250e+0,
-9.921875000e-1,1.080312500e+0,3.200000000e+0,
3.000000000e+0,1.317500000e+0,3.199218750e+0,
2.000000000e+0,1.237812500e+0,3.100000000e+0,
0.000000000e+0,1.120000000e+0,3.100781250e+0,
2.992187500e+0,1.200000000e+0,2.900000000e+0,
1.992187500e+0,1.238437500e+0,3.200000000e+0,
4.000000000e+0,1.160625000e+0,3.300781250e+0,
2.000000000e+0,1.398750000e+0,3.000000000e+0,
4.000000000e+0,1.285937500e+0,3.498437500e+0,
1.984375000e+0,1.199687500e+0,3.400781250e+0,
3.023437500e+0,1.320625000e+0,3.300781250e+0,
3.000000000e+0,9.990625000e-1,3.700000000e+0,
2.984375000e+0,1.282500000e+0,3.400781250e+0,
1.992187500e+0,1.280000000e+0,3.500000000e+0,
2.968750000e+0,1.200312500e+0,3.598437500e+0,
3.984375000e+0,1.199062500e+0,3.600781250e+0,
4.007812500e+0,1.399375000e+0,3.300000000e+0,
1.976562500e+0,1.318437500e+0,3.402343750e+0,
6.984375000e+0,1.280625000e+0,3.600781250e+0,
5.015625000e+0,1.319687500e+0,3.600000000e+0,
6.937500000e+0,1.240625000e+0,3.600000000e+0,
6.984375000e+0,1.477500000e+0,3.499218750e+0,
7.007812500e+0,1.400000000e+0,3.699218750e+0,
8.007812500e+0,1.360000000e+0,3.698437500e+0,
7.984375000e+0,1.401250000e+0,3.599218750e+0,
7.000000000e+0,1.480000000e+0,3.599218750e+0,
9.007812500e+0,1.440000000e+0,3.700000000e+0,
9.000000000e+0,1.480000000e+0,3.800781250e+0,
6.976562500e+0,1.439062500e+0,3.897656250e+0,
7.000000000e+0,1.519687500e+0,4.000000000e+0,
1.000000000e+1,1.479375000e+0,3.700000000e+0,
8.000000000e+0,1.479687500e+0,4.097656250e+0,
1.000000000e+1,1.480000000e+0,3.800000000e+0,
9.992187500e+0,1.560625000e+0,3.800000000e+0,
1.100000000e+1,1.562500000e+0,3.997656250e+0,
1.001562500e+1,1.440000000e+0,4.100000000e+0,
1.503906250e+1,1.520625000e+0,4.299218750e+0,
1.290625000e+1,1.519687500e+0,4.200000000e+0,
1.002343750e+1,1.519375000e+0,4.303125000e+0,
1.400781250e+1,1.523125000e+0,4.399218750e+0,
1.300000000e+1,1.679687500e+0,4.300000000e+0,
1.400781250e+1,1.524375000e+0,4.400000000e+0,
1.500000000e+1,1.560000000e+0,4.200781250e+0,
1.300781250e+1,1.599375000e+0,4.699218750e+0,
1.498437500e+1,1.559687500e+0,4.400000000e+0,
1.701562500e+1,1.679375000e+0,4.599218750e+0,
1.500781250e+1,1.719687500e+0,4.299218750e+0,
1.706250000e+1,1.640625000e+0,4.798437500e+0,
1.800000000e+1,1.676562500e+0,4.496875000e+0,
1.799218750e+1,1.720312500e+0,4.698437500e+0,
1.902343750e+1,1.559375000e+0,4.900000000e+0,
2.001562500e+1,1.840000000e+0,4.800000000e+0,
1.996093750e+1,1.757187500e+0,4.900000000e+0,
1.803125000e+1,1.679687500e+0,4.700781250e+0,
2.297656250e+1,1.794375000e+0,4.798437500e+0,
2.103125000e+1,1.879687500e+0,4.700000000e+0,
2.100000000e+1,1.760000000e+0,4.599218750e+0,
2.099218750e+1,1.760000000e+0,4.903906250e+0,
2.196875000e+1,1.759062500e+0,4.998437500e+0,
2.400000000e+1,1.720312500e+0,4.900000000e+0,
2.301562500e+1,1.799687500e+0,5.000000000e+0,
2.403125000e+1,1.764687500e+0,5.098437500e+0,
2.703125000e+1,1.720000000e+0,5.300000000e+0,
2.696875000e+1,1.919687500e+0,5.100000000e+0,
2.298437500e+1,1.799375000e+0,5.100781250e+0,
2.400000000e+1,1.800312500e+0,5.198437500e+0,
2.500781250e+1,1.839375000e+0,5.200000000e+0,
2.700000000e+1,1.880000000e+0,4.898437500e+0,
2.498437500e+1,1.840625000e+0,4.898437500e+0,
2.400000000e+1,1.800625000e+0,5.099218750e+0,
2.600000000e+1,1.759375000e+0,5.200000000e+0,
2.400000000e+1,1.921250000e+0,5.298437500e+0,
2.601562500e+1,1.920000000e+0,5.499218750e+0,
2.799218750e+1,1.920000000e+0,5.600000000e+0,
2.800000000e+1,1.882187500e+0,5.702343750e+0,
2.800000000e+1,1.839687500e+0,5.401562500e+0,
2.696875000e+1,1.919687500e+0,5.402343750e+0,
2.603906250e+1,1.878437500e+0,5.500000000e+0,
3.200781250e+1,1.840312500e+0,5.300000000e+0,
2.797656250e+1,1.920312500e+0,5.103125000e+0,
2.901562500e+1,1.960000000e+0,5.600000000e+0,
2.601562500e+1,1.999687500e+0,5.300000000e+0,
2.796093750e+1,2.040000000e+0,5.597656250e+0,
2.898437500e+1,1.960000000e+0,5.500000000e+0,
2.904687500e+1,2.000312500e+0,5.600000000e+0,
2.606250000e+1,2.000000000e+0,5.597656250e+0,
2.688281250e+1,2.000000000e+0,5.800000000e+0,
2.997656250e+1,1.961562500e+0,5.400000000e+0,
2.599218750e+1,1.880312500e+0,5.699218750e+0,
2.900781250e+1,1.879687500e+0,5.499218750e+0,
2.800000000e+1,1.960312500e+0,5.900781250e+0,
2.901562500e+1,2.040625000e+0,5.600781250e+0,
2.999218750e+1,2.120000000e+0,5.700000000e+0,
2.800000000e+1,2.000625000e+0,5.400000000e+0,
2.997656250e+1,1.999687500e+0,5.791406250e+0,
2.901562500e+1,1.960000000e+0,5.700000000e+0,
2.899218750e+1,2.000937500e+0,5.498437500e+0,
2.999218750e+1,2.121250000e+0,5.603906250e+0,
3.099218750e+1,2.078437500e+0,5.800000000e+0,
3.099218750e+1,2.039687500e+0,5.598437500e+0,
3.097656250e+1,2.040000000e+0,5.800000000e+0,
2.900781250e+1,2.040000000e+0,5.900000000e+0,
3.100000000e+1,2.080000000e+0,5.899218750e+0,
2.898437500e+1,1.998750000e+0,5.798437500e+0,
3.101562500e+1,2.000312500e+0,5.700000000e+0,
3.299218750e+1,2.040000000e+0,5.900781250e+0,
3.200000000e+1,2.080625000e+0,5.899218750e+0,
3.099218750e+1,2.122187500e+0,5.998437500e+0,
2.999218750e+1,2.039062500e+0,6.100000000e+0,
3.199218750e+1,2.159062500e+0,6.000000000e+0,
3.200000000e+1,1.918750000e+0,6.199218750e+0,
3.099218750e+1,2.080625000e+0,6.100000000e+0,
3.296875000e+1,2.119687500e+0,6.100000000e+0,
3.400000000e+1,2.159687500e+0,6.195312500e+0,
3.300781250e+1,2.160937500e+0,6.298437500e+0,
3.100781250e+1,2.079687500e+0,5.798437500e+0,
3.500781250e+1,2.120937500e+0,6.100781250e+0,
3.300000000e+1,2.160312500e+0,5.999218750e+0,
3.500000000e+1,2.240937500e+0,6.100000000e+0,
3.300000000e+1,2.239062500e+0,6.000000000e+0,
3.000000000e+1,2.199375000e+0,6.100000000e+0,
3.297656250e+1,2.280312500e+0,6.000000000e+0,
3.599218750e+1,2.278437500e+0,6.100000000e+0,
3.501562500e+1,2.120000000e+0,6.300000000e+0,
3.200000000e+1,2.280000000e+0,6.300000000e+0,
3.591406250e+1,2.278125000e+0,6.400000000e+0,
3.903125000e+1,2.200000000e+0,6.300000000e+0,
3.496875000e+1,2.280000000e+0,6.300000000e+0,
3.703906250e+1,2.200000000e+0,6.300781250e+0,
3.800000000e+1,2.280937500e+0,6.499218750e+0,
3.798437500e+1,2.319687500e+0,6.499218750e+0,
3.698437500e+1,2.238437500e+0,6.399218750e+0,
3.701562500e+1,2.200625000e+0,6.300000000e+0,
3.901562500e+1,2.319687500e+0,6.400000000e+0,
3.697656250e+1,2.280000000e+0,6.300000000e+0,
4.098437500e+1,2.360312500e+0,6.299218750e+0,
3.999218750e+1,2.279375000e+0,6.099218750e+0,
4.197656250e+1,2.242812500e+0,6.405468750e+0,
4.203125000e+1,2.317187500e+0,6.600781250e+0,
3.903906250e+1,2.120000000e+0,6.700000000e+0,
3.901562500e+1,2.352812500e+0,6.400781250e+0,
4.101562500e+1,2.398437500e+0,7.000000000e+0,
4.300000000e+1,2.320000000e+0,6.798437500e+0,
4.299218750e+1,2.400000000e+0,6.602343750e+0,
4.200781250e+1,2.399062500e+0,6.900000000e+0,
4.100000000e+1,2.280000000e+0,6.600000000e+0,
4.100000000e+1,2.319375000e+0,6.801562500e+0,
4.198437500e+1,2.359375000e+0,6.800000000e+0,
4.400781250e+1,2.400312500e+0,6.798437500e+0,
4.000000000e+1,2.360000000e+0,7.000000000e+0,
4.296875000e+1,2.400000000e+0,6.900781250e+0,
4.399218750e+1,2.360000000e+0,6.697656250e+0,
4.397656250e+1,2.399687500e+0,7.099218750e+0,
4.501562500e+1,2.400937500e+0,6.807812500e+0,
3.900000000e+1,2.360000000e+0,6.700000000e+0,
4.103125000e+1,2.440000000e+0,7.203125000e+0,
4.301562500e+1,2.478125000e+0,6.885156250e+0,
4.395312500e+1,2.400937500e+0,6.500781250e+0,
4.001562500e+1,2.479687500e+0,6.803125000e+0,
4.598437500e+1,2.360000000e+0,6.798437500e+0,
4.300781250e+1,2.480937500e+0,6.995312500e+0,
4.400000000e+1,2.359687500e+0,7.201562500e+0,
4.301562500e+1,2.520312500e+0,6.797656250e+0,
4.299218750e+1,2.399687500e+0,6.899218750e+0,
4.397656250e+1,2.479687500e+0,6.897656250e+0,
4.500000000e+1,2.480000000e+0,7.300000000e+0,
4.501562500e+1,2.400625000e+0,7.103125000e+0,
4.597656250e+1,2.400312500e+0,7.001562500e+0,
4.399218750e+1,2.400312500e+0,6.800000000e+0,
4.603125000e+1,2.520312500e+0,7.098437500e+0,
4.595312500e+1,2.480000000e+0,7.100000000e+0,
4.297656250e+1,2.440000000e+0,7.100000000e+0,
4.400781250e+1,2.478125000e+0,7.199218750e+0,
4.496093750e+1,2.317812500e+0,7.200781250e+0,
4.800000000e+1,2.559062500e+0,7.099218750e+0,
4.504687500e+1,2.518437500e+0,7.000000000e+0,
4.397656250e+1,2.440000000e+0,7.300000000e+0,
4.599218750e+1,2.480312500e+0,7.199218750e+0,
4.499218750e+1,2.480625000e+0,7.299218750e+0,
4.700781250e+1,2.520000000e+0,7.102343750e+0,
4.599218750e+1,2.400312500e+0,6.799218750e+0,
4.599218750e+1,2.440000000e+0,6.900000000e+0,
4.500000000e+1,2.440312500e+0,7.100000000e+0,
4.600000000e+1,2.520000000e+0,7.199218750e+0,
4.500000000e+1,2.479062500e+0,6.899218750e+0,
4.699218750e+1,2.440000000e+0,7.100000000e+0,
4.399218750e+1,2.441250000e+0,7.199218750e+0,
4.599218750e+1,2.399375000e+0,7.300000000e+0,
4.500000000e+1,2.560000000e+0,7.304687500e+0,
4.600000000e+1,2.600312500e+0,6.700000000e+0,
4.600000000e+1,2.478437500e+0,7.301562500e+0,
4.500781250e+1,2.441250000e+0,7.200000000e+0,
4.397656250e+1,2.599062500e+0,6.898437500e+0,
4.600000000e+1,2.602187500e+0,7.198437500e+0,
4.300000000e+1,2.559062500e+0,7.000781250e+0,
4.403125000e+1,2.479687500e+0,6.999218750e+0,
4.499218750e+1,2.439687500e+0,6.800000000e+0,
4.399218750e+1,2.440625000e+0,7.101562500e+0,
4.500000000e+1,2.480000000e+0,7.200000000e+0,
4.500000000e+1,2.519062500e+0,7.299218750e+0,
4.700000000e+1,2.559062500e+0,7.000000000e+0,
4.600000000e+1,2.440000000e+0,7.099218750e+0,
4.400000000e+1,2.520000000e+0,7.200000000e+0,
4.498437500e+1,2.519375000e+0,7.200000000e+0,
4.595312500e+1,2.520000000e+0,7.100781250e+0,
4.900781250e+1,2.559375000e+0,6.900000000e+0,
4.392187500e+1,2.562187500e+0,7.098437500e+0,
4.403125000e+1,2.479687500e+0,7.199218750e+0,
4.600000000e+1,2.599687500e+0,7.200000000e+0,
4.601562500e+1,2.519687500e+0,7.199218750e+0,
4.698437500e+1,2.600625000e+0,7.099218750e+0,
4.396093750e+1,2.560000000e+0,7.400000000e+0,
4.395312500e+1,2.480312500e+0,7.301562500e+0,
4.694531250e+1,2.440000000e+0,7.200781250e+0,
4.800000000e+1,2.479375000e+0,7.100000000e+0,
4.700781250e+1,2.519375000e+0,7.100781250e+0,
4.600000000e+1,2.480625000e+0,7.099218750e+0,
4.600000000e+1,2.559687500e+0,7.000000000e+0,
4.598437500e+1,2.439687500e+0,7.300000000e+0,
4.700000000e+1,2.517187500e+0,7.602343750e+0,
4.597656250e+1,2.600000000e+0,7.101562500e+0,
4.600781250e+1,2.480000000e+0,7.101562500e+0,
4.700781250e+1,2.441562500e+0,7.200781250e+0,
4.699218750e+1,2.600312500e+0,7.398437500e+0,
4.599218750e+1,2.520000000e+0,7.497656250e+0,
4.600000000e+1,2.600312500e+0,7.199218750e+0,
4.698437500e+1,2.603437500e+0,7.398437500e+0,
4.500000000e+1,2.559062500e+0,7.200000000e+0,
4.700000000e+1,2.720625000e+0,7.200000000e+0,
4.700000000e+1,2.599062500e+0,7.398437500e+0,
4.700000000e+1,2.480000000e+0,7.300000000e+0,
4.799218750e+1,2.520625000e+0,7.200000000e+0,
4.699218750e+1,2.520937500e+0,7.099218750e+0,
4.600000000e+1,2.519687500e+0,7.300000000e+0,
4.804687500e+1,2.560000000e+0,7.399218750e+0,
4.997656250e+1,2.518437500e+0,7.299218750e+0,
4.696875000e+1,2.480000000e+0,7.203125000e+0,
4.800000000e+1,2.562812500e+0,7.501562500e+0,
4.700000000e+1,2.639375000e+0,7.300781250e+0,
4.800000000e+1,2.561250000e+0,7.300000000e+0,
4.700781250e+1,2.600000000e+0,7.300000000e+0,
4.600781250e+1,2.558750000e+0,7.399218750e+0,
4.598437500e+1,2.440000000e+0,7.400000000e+0,
4.900000000e+1,2.559062500e+0,7.300000000e+0,
4.603125000e+1,2.640625000e+0,7.500000000e+0,
4.704687500e+1,2.721250000e+0,7.201562500e+0,
4.801562500e+1,2.561875000e+0,7.403125000e+0,
4.900000000e+1,2.599687500e+0,7.599218750e+0,
4.899218750e+1,2.600000000e+0,7.505468750e+0,
4.795312500e+1,2.560000000e+0,7.200000000e+0,
4.599218750e+1,2.598437500e+0,7.599218750e+0,
4.806250000e+1,2.440000000e+0,7.402343750e+0,
5.102343750e+1,2.595625000e+0,7.401562500e+0,
4.699218750e+1,2.600000000e+0,7.200000000e+0,
5.100000000e+1,2.640000000e+0,7.398437500e+0,
4.701562500e+1,2.639687500e+0,7.497656250e+0,
4.695312500e+1,2.598750000e+0,7.197656250e+0,
4.998437500e+1,2.560000000e+0,7.200000000e+0,
4.900781250e+1,2.599687500e+0,7.400000000e+0,
5.000781250e+1,2.601875000e+0,7.299218750e+0,
5.001562500e+1,2.600000000e+0,7.500000000e+0,
5.100000000e+1,2.720000000e+0,7.300000000e+0,
4.797656250e+1,2.559687500e+0,7.501562500e+0,
4.600000000e+1,2.640312500e+0,7.500781250e+0,
4.900000000e+1,2.520312500e+0,7.400000000e+0,
4.600000000e+1,2.560312500e+0,7.400000000e+0,
5.000781250e+1,2.480312500e+0,7.399218750e+0,
4.900000000e+1,2.559062500e+0,7.500000000e+0,
4.800000000e+1,2.599687500e+0,7.400000000e+0,
4.700000000e+1,2.598750000e+0,7.499218750e+0,
5.000000000e+1,2.560625000e+0,7.600781250e+0,
4.799218750e+1,2.760000000e+0,7.400000000e+0,
5.199218750e+1,2.603125000e+0,7.498437500e+0,
5.000000000e+1,2.640000000e+0,7.401562500e+0,
4.698437500e+1,2.560000000e+0,7.299218750e+0,
4.703906250e+1,2.600000000e+0,7.401562500e+0,
4.895312500e+1,2.560000000e+0,7.600000000e+0,
4.401562500e+1,2.640312500e+0,7.597656250e+0,
5.192968750e+1,2.680000000e+0,7.300000000e+0,
4.809375000e+1,2.559687500e+0,7.300000000e+0,
4.699218750e+1,2.720000000e+0,7.497656250e+0,
4.795312500e+1,2.680312500e+0,7.600000000e+0,
5.001562500e+1,2.640312500e+0,7.600000000e+0,
4.707031250e+1,2.720000000e+0,7.600781250e+0,
4.693750000e+1,2.680937500e+0,7.400000000e+0,
4.900781250e+1,2.640000000e+0,7.496093750e+0,
4.900000000e+1,2.639687500e+0,7.702343750e+0,
4.899218750e+1,2.679062500e+0,7.300781250e+0,
4.798437500e+1,2.718437500e+0,7.503906250e+0,
4.603125000e+1,2.560312500e+0,7.700000000e+0,
5.200781250e+1,2.760000000e+0,7.400000000e+0,
4.800000000e+1,2.681250000e+0,7.400000000e+0,
4.903906250e+1,2.638437500e+0,7.502343750e+0,
4.499218750e+1,2.679687500e+0,7.400000000e+0,
4.998437500e+1,2.680000000e+0,7.498437500e+0,
4.802343750e+1,2.678437500e+0,7.298437500e+0,
4.896875000e+1,2.598750000e+0,7.501562500e+0,
5.000000000e+1,2.600312500e+0,7.699218750e+0,
4.896875000e+1,2.600000000e+0,7.600000000e+0,
4.801562500e+1,2.600000000e+0,7.700000000e+0,
5.000000000e+1,2.640000000e+0,7.699218750e+0,
4.800000000e+1,2.719062500e+0,7.597656250e+0,
5.000000000e+1,2.599375000e+0,7.500000000e+0,
4.800781250e+1,2.680000000e+0,7.799218750e+0,
4.800000000e+1,2.717187500e+0,7.600781250e+0,
4.699218750e+1,2.479687500e+0,7.899218750e+0,
4.700000000e+1,2.718125000e+0,7.600000000e+0,
4.599218750e+1,2.679062500e+0,7.700000000e+0,
4.800000000e+1,2.679062500e+0,7.700781250e+0,
4.900000000e+1,2.600000000e+0,7.501562500e+0,
4.701562500e+1,2.680312500e+0,7.300000000e+0,
4.800000000e+1,2.640000000e+0,7.592187500e+0,
5.000000000e+1,2.641250000e+0,7.698437500e+0,
4.699218750e+1,2.520000000e+0,7.199218750e+0,
4.801562500e+1,2.682500000e+0,7.600781250e+0,
4.799218750e+1,2.720000000e+0,7.498437500e+0,
4.699218750e+1,2.758437500e+0,7.601562500e+0,
4.900000000e+1,2.640000000e+0,7.600000000e+0,
4.698437500e+1,2.720937500e+0,7.601562500e+0,
4.598437500e+1,2.599687500e+0,7.400000000e+0,
4.997656250e+1,2.679687500e+0,7.700000000e+0,
5.099218750e+1,2.600312500e+0,7.600000000e+0,
5.100781250e+1,2.760000000e+0,7.500781250e+0,
5.001562500e+1,2.640000000e+0,7.900000000e+0,
4.899218750e+1,2.760000000e+0,7.300000000e+0,
5.000781250e+1,2.603125000e+0,7.597656250e+0,
4.897656250e+1,2.640000000e+0,7.500781250e+0,
4.799218750e+1,2.600312500e+0,7.799218750e+0,
4.800000000e+1,2.680000000e+0,7.600000000e+0,
4.798437500e+1,2.598125000e+0,7.698437500e+0,
4.801562500e+1,2.561250000e+0,7.300000000e+0,
5.099218750e+1,2.681250000e+0,7.598437500e+0,
4.903125000e+1,2.520000000e+0,7.700000000e+0,
4.900000000e+1,2.600937500e+0,7.598437500e+0,
4.900000000e+1,2.599687500e+0,7.300000000e+0,
4.798437500e+1,2.561562500e+0,7.606250000e+0,
5.000000000e+1,2.681250000e+0,7.599218750e+0,
4.800000000e+1,2.640000000e+0,7.500000000e+0,
5.001562500e+1,2.640625000e+0,7.500781250e+0,
4.899218750e+1,2.600312500e+0,7.800000000e+0,
4.801562500e+1,2.639687500e+0,7.599218750e+0,
5.000000000e+1,2.560000000e+0,7.600000000e+0,
4.800781250e+1,2.680937500e+0,7.500000000e+0,
4.700000000e+1,2.720000000e+0,7.598437500e+0,
4.700000000e+1,2.680625000e+0,7.799218750e+0,
4.599218750e+1,2.600000000e+0,7.500000000e+0,
4.800000000e+1,2.600625000e+0,7.399218750e+0,
4.600000000e+1,2.480000000e+0,7.500000000e+0,
4.697656250e+1,2.599687500e+0,7.600781250e+0,
4.998437500e+1,2.520000000e+0,7.301562500e+0,
5.001562500e+1,2.719687500e+0,7.399218750e+0,
4.999218750e+1,2.602187500e+0,7.498437500e+0,
5.200000000e+1,2.640000000e+0,7.500000000e+0,
4.995312500e+1,2.600000000e+0,7.300781250e+0,
4.601562500e+1,2.601875000e+0,7.500000000e+0,
4.899218750e+1,2.680312500e+0,7.299218750e+0,
4.498437500e+1,2.598750000e+0,7.399218750e+0,
4.897656250e+1,2.600312500e+0,7.301562500e+0,
4.999218750e+1,2.714375000e+0,7.600781250e+0,
5.100000000e+1,2.800312500e+0,7.300000000e+0,
4.900781250e+1,2.678750000e+0,7.702343750e+0,
4.998437500e+1,2.640000000e+0,7.500781250e+0,
4.902343750e+1,2.680000000e+0,7.399218750e+0,
4.797656250e+1,2.600000000e+0,7.600000000e+0,
4.795312500e+1,2.640312500e+0,7.700781250e+0,
4.607031250e+1,2.520625000e+0,7.502343750e+0,
5.200000000e+1,2.559687500e+0,7.400781250e+0,
4.593750000e+1,2.480312500e+0,7.699218750e+0,
4.702343750e+1,2.680000000e+0,7.500000000e+0,
4.596875000e+1,2.640000000e+0,7.200781250e+0,
4.601562500e+1,2.719687500e+0,7.498437500e+0,
4.995312500e+1,2.603750000e+0,7.500000000e+0,
5.003125000e+1,2.639375000e+0,7.498437500e+0,
4.705468750e+1,2.718437500e+0,7.200000000e+0,
4.496875000e+1,2.479062500e+0,7.500000000e+0,
4.898437500e+1,2.641875000e+0,7.497656250e+0,
4.700781250e+1,2.679687500e+0,7.400000000e+0,
4.902343750e+1,2.600937500e+0,7.500781250e+0,
4.796875000e+1,2.438125000e+0,7.300000000e+0,
4.600000000e+1,2.679687500e+0,7.500000000e+0,
4.801562500e+1,2.399375000e+0,7.600000000e+0,
4.799218750e+1,2.640000000e+0,7.397656250e+0,
4.700000000e+1,2.478750000e+0,7.100000000e+0,
4.800000000e+1,2.600000000e+0,7.400000000e+0,
4.797656250e+1,2.601562500e+0,7.100000000e+0,
4.599218750e+1,2.560312500e+0,7.400781250e+0,
4.899218750e+1,2.520000000e+0,7.398437500e+0,
4.699218750e+1,2.519687500e+0,7.700000000e+0,
4.700000000e+1,2.599687500e+0,7.298437500e+0,
4.600000000e+1,2.479062500e+0,7.400000000e+0,
4.700000000e+1,2.519375000e+0,7.100781250e+0,
4.500000000e+1,2.520000000e+0,7.392187500e+0,
4.600000000e+1,2.560937500e+0,7.599218750e+0,
4.701562500e+1,2.640312500e+0,7.597656250e+0,
4.798437500e+1,2.639375000e+0,7.095312500e+0,
4.600000000e+1,2.600000000e+0,7.202343750e+0,
4.700000000e+1,2.599687500e+0,7.300000000e+0,
4.600000000e+1,2.559687500e+0,7.400000000e+0,
4.800000000e+1,2.641250000e+0,7.300000000e+0,
4.800000000e+1,2.680312500e+0,7.299218750e+0,
4.900781250e+1,2.520000000e+0,7.499218750e+0,
4.502343750e+1,2.520937500e+0,7.300000000e+0,
4.597656250e+1,2.560000000e+0,7.400000000e+0,
4.600000000e+1,2.520312500e+0,7.200000000e+0,
4.600781250e+1,2.556562500e+0,7.600000000e+0,
4.595312500e+1,2.640312500e+0,7.101562500e+0,
4.303125000e+1,2.440312500e+0,7.201562500e+0,
4.804687500e+1,2.522187500e+0,7.499218750e+0,
4.596875000e+1,2.559062500e+0,7.000000000e+0,
4.597656250e+1,2.440000000e+0,7.400000000e+0,
4.397656250e+1,2.519375000e+0,7.203125000e+0,
4.699218750e+1,2.559375000e+0,7.099218750e+0,
4.499218750e+1,2.640625000e+0,7.300000000e+0,
4.895312500e+1,2.479687500e+0,7.198437500e+0,
5.002343750e+1,2.560312500e+0,7.300781250e+0,
4.504687500e+1,2.480000000e+0,7.500000000e+0,
4.400781250e+1,2.560312500e+0,7.300000000e+0,
4.300000000e+1,2.600312500e+0,7.400000000e+0,
4.402343750e+1,2.560000000e+0,7.200781250e+0,
4.500781250e+1,2.560000000e+0,7.200781250e+0,
4.498437500e+1,2.440312500e+0,7.300000000e+0,
4.299218750e+1,2.600312500e+0,7.300000000e+0,
4.401562500e+1,2.560000000e+0,7.300781250e+0,
4.700000000e+1,2.560000000e+0,7.400000000e+0,
4.196875000e+1,2.560625000e+0,7.302343750e+0,
4.400000000e+1,2.559687500e+0,7.100000000e+0,
4.500000000e+1,2.600312500e+0,7.000000000e+0,
4.699218750e+1,2.559062500e+0,7.198437500e+0,
4.400000000e+1,2.440000000e+0,7.100000000e+0,
4.499218750e+1,2.600625000e+0,7.100000000e+0,
4.400000000e+1,2.520937500e+0,7.103125000e+0,
4.499218750e+1,2.560000000e+0,7.000000000e+0,
4.402343750e+1,2.479687500e+0,7.300781250e+0,
4.697656250e+1,2.561250000e+0,7.200000000e+0,
4.299218750e+1,2.559375000e+0,7.300000000e+0,
4.700781250e+1,2.562187500e+0,7.198437500e+0,
4.600000000e+1,2.639375000e+0,7.200000000e+0,
4.600000000e+1,2.484062500e+0,7.200781250e+0,
4.600000000e+1,2.480000000e+0,6.900000000e+0,
4.600781250e+1,2.480625000e+0,7.297656250e+0,
4.400781250e+1,2.520312500e+0,7.001562500e+0,
4.398437500e+1,2.400000000e+0,6.900000000e+0,
4.497656250e+1,2.520312500e+0,6.998437500e+0,
4.597656250e+1,2.480937500e+0,7.300000000e+0,
4.397656250e+1,2.478750000e+0,7.099218750e+0,
4.501562500e+1,2.519687500e+0,7.200000000e+0,
4.601562500e+1,2.520000000e+0,7.002343750e+0,
4.594531250e+1,2.520000000e+0,7.000000000e+0,
4.300781250e+1,2.518437500e+0,7.099218750e+0,
4.602343750e+1,2.400000000e+0,7.201562500e+0,
4.402343750e+1,2.511875000e+0,7.000781250e+0,
4.300000000e+1,2.639687500e+0,7.100000000e+0,
4.299218750e+1,2.440000000e+0,7.000000000e+0,
4.400000000e+1,2.520000000e+0,7.099218750e+0,
4.299218750e+1,2.480312500e+0,7.001562500e+0,
4.497656250e+1,2.560000000e+0,7.300000000e+0,
4.502343750e+1,2.480000000e+0,7.000000000e+0,
4.400781250e+1,2.518125000e+0,7.100000000e+0,
4.499218750e+1,2.480000000e+0,6.999218750e+0,
4.298437500e+1,2.400000000e+0,7.300000000e+0,
4.300000000e+1,2.480000000e+0,7.297656250e+0,
4.300000000e+1,2.439375000e+0,7.100000000e+0,
4.399218750e+1,2.478750000e+0,7.100000000e+0,
4.200781250e+1,2.561250000e+0,6.999218750e+0,
4.600000000e+1,2.400937500e+0,6.900000000e+0,
4.300000000e+1,2.478750000e+0,6.800781250e+0,
4.300000000e+1,2.480000000e+0,6.800000000e+0,
4.200000000e+1,2.438750000e+0,6.998437500e+0,
4.200000000e+1,2.360000000e+0,7.200000000e+0,
4.299218750e+1,2.440000000e+0,7.100000000e+0,
4.400000000e+1,2.517500000e+0,6.999218750e+0,
4.300000000e+1,2.520625000e+0,7.099218750e+0,
4.199218750e+1,2.360000000e+0,7.099218750e+0,
4.201562500e+1,2.484062500e+0,7.100000000e+0,
4.298437500e+1,2.598750000e+0,7.100000000e+0,
4.100000000e+1,2.439687500e+0,7.102343750e+0,
4.394531250e+1,2.520000000e+0,7.400000000e+0,
4.405468750e+1,2.479687500e+0,7.000000000e+0,
4.100781250e+1,2.560000000e+0,6.896093750e+0,
4.292968750e+1,2.400625000e+0,7.200000000e+0,
4.308593750e+1,2.400625000e+0,6.998437500e+0,
4.000781250e+1,2.440312500e+0,6.899218750e+0,
4.287500000e+1,2.480937500e+0,6.900000000e+0,
4.396093750e+1,2.360625000e+0,6.796875000e+0,
4.000000000e+1,2.399687500e+0,7.200000000e+0,
4.399218750e+1,2.320312500e+0,6.800781250e+0,
3.798437500e+1,2.360000000e+0,7.001562500e+0,
4.003906250e+1,2.360625000e+0,6.800781250e+0,
4.300781250e+1,2.480000000e+0,6.800000000e+0,
4.300000000e+1,2.400937500e+0,7.000000000e+0,
4.107812500e+1,2.434687500e+0,7.104687500e+0,
3.796093750e+1,2.520312500e+0,6.800000000e+0,
4.300000000e+1,2.358750000e+0,6.902343750e+0,
3.703125000e+1,2.320625000e+0,7.001562500e+0,
3.993750000e+1,2.360625000e+0,7.100000000e+0,
4.101562500e+1,2.400312500e+0,6.996093750e+0,
3.999218750e+1,2.400000000e+0,6.600000000e+0,
4.205468750e+1,2.360000000e+0,7.000000000e+0,
4.398437500e+1,2.400000000e+0,7.096875000e+0,
3.900000000e+1,2.282187500e+0,6.697656250e+0,
4.199218750e+1,2.519687500e+0,6.800000000e+0,
3.801562500e+1,2.280000000e+0,6.899218750e+0,
3.800000000e+1,2.441562500e+0,6.696093750e+0,
3.800781250e+1,2.362812500e+0,6.598437500e+0,
4.100781250e+1,2.359687500e+0,6.800000000e+0,
3.600000000e+1,2.360312500e+0,6.700000000e+0,
4.100000000e+1,2.399375000e+0,6.799218750e+0,
3.900781250e+1,2.319687500e+0,6.800000000e+0,
3.900781250e+1,2.359687500e+0,6.700000000e+0,
3.800000000e+1,2.279687500e+0,6.797656250e+0,
4.000781250e+1,2.400625000e+0,6.799218750e+0,
3.599218750e+1,2.280312500e+0,6.697656250e+0,
3.802343750e+1,2.521875000e+0,6.600000000e+0,
3.800000000e+1,2.398437500e+0,6.800781250e+0,
3.799218750e+1,2.359687500e+0,6.696093750e+0,
4.000000000e+1,2.360937500e+0,6.599218750e+0,
3.698437500e+1,2.402500000e+0,6.797656250e+0,
3.700000000e+1,2.279687500e+0,6.799218750e+0,
3.697656250e+1,2.360000000e+0,6.600000000e+0,
3.800781250e+1,2.239687500e+0,6.500000000e+0,
3.400000000e+1,2.320000000e+0,6.700781250e+0,
3.891406250e+1,2.317812500e+0,6.800000000e+0,
4.006250000e+1,2.200000000e+0,6.300000000e+0,
3.500000000e+1,2.318125000e+0,6.596875000e+0,
3.902343750e+1,2.280000000e+0,6.600000000e+0,
3.596093750e+1,2.361250000e+0,6.699218750e+0,
3.703906250e+1,2.359062500e+0,6.699218750e+0,
3.900000000e+1,2.159687500e+0,6.700000000e+0,
3.696093750e+1,2.321250000e+0,6.800781250e+0,
3.499218750e+1,2.282187500e+0,6.400781250e+0,
3.792187500e+1,2.280000000e+0,6.602343750e+0,
4.000000000e+1,2.359375000e+0,6.599218750e+0,
3.700000000e+1,2.239687500e+0,6.498437500e+0,
3.999218750e+1,2.321250000e+0,6.503125000e+0,
3.800000000e+1,2.279062500e+0,6.700000000e+0,
4.000000000e+1,2.320000000e+0,6.500000000e+0,
3.800781250e+1,2.320625000e+0,6.300000000e+0,
3.999218750e+1,2.320312500e+0,6.500000000e+0,
3.599218750e+1,2.359687500e+0,6.500000000e+0,
3.799218750e+1,2.280000000e+0,6.500781250e+0,
3.500781250e+1,2.320625000e+0,6.600000000e+0,
3.500000000e+1,2.320000000e+0,6.399218750e+0,
3.600000000e+1,2.280000000e+0,6.701562500e+0,
3.500000000e+1,2.358125000e+0,6.500000000e+0,
3.498437500e+1,2.400937500e+0,6.299218750e+0,
3.800000000e+1,2.200625000e+0,6.300000000e+0,
3.501562500e+1,2.241250000e+0,6.199218750e+0,
3.698437500e+1,2.240000000e+0,6.496093750e+0,
3.801562500e+1,2.160000000e+0,6.600781250e+0,
3.500781250e+1,2.198437500e+0,6.198437500e+0,
3.600000000e+1,2.240000000e+0,6.600000000e+0,
3.498437500e+1,2.200000000e+0,6.200781250e+0,
3.502343750e+1,2.160625000e+0,6.703125000e+0,
3.596875000e+1,2.283437500e+0,6.297656250e+0,
3.100000000e+1,2.318750000e+0,6.400000000e+0,
3.499218750e+1,2.159375000e+0,6.199218750e+0,
3.299218750e+1,2.236250000e+0,6.297656250e+0,
3.698437500e+1,2.240625000e+0,6.203906250e+0,
3.607031250e+1,2.240625000e+0,5.902343750e+0,
3.101562500e+1,2.320000000e+0,6.399218750e+0,
3.296093750e+1,2.240625000e+0,6.100781250e+0,
3.300000000e+1,2.120000000e+0,6.400000000e+0,
3.398437500e+1,2.119062500e+0,6.202343750e+0,
3.198437500e+1,2.159687500e+0,6.297656250e+0,
3.300781250e+1,2.160000000e+0,6.399218750e+0,
3.299218750e+1,2.160000000e+0,6.200000000e+0,
3.300781250e+1,2.160000000e+0,6.300000000e+0,
3.401562500e+1,2.120000000e+0,6.102343750e+0,
3.500000000e+1,2.199687500e+0,6.600000000e+0,
3.402343750e+1,2.120000000e+0,6.107812500e+0,
3.200781250e+1,2.239375000e+0,6.100000000e+0,
3.200781250e+1,2.280000000e+0,6.200000000e+0,
3.098437500e+1,2.239375000e+0,6.200000000e+0,
3.397656250e+1,2.119062500e+0,6.300000000e+0,
3.302343750e+1,2.080937500e+0,6.300781250e+0,
3.302343750e+1,2.160000000e+0,6.501562500e+0,
3.398437500e+1,2.120000000e+0,5.998437500e+0,
3.099218750e+1,2.200000000e+0,6.200000000e+0,
3.302343750e+1,2.159062500e+0,6.100000000e+0,
3.299218750e+1,2.120000000e+0,5.900000000e+0,
3.100000000e+1,2.160000000e+0,6.200000000e+0,
3.099218750e+1,2.080000000e+0,6.000000000e+0,
2.999218750e+1,1.997187500e+0,5.999218750e+0,
3.198437500e+1,2.199375000e+0,6.100000000e+0,
3.400781250e+1,2.120000000e+0,6.101562500e+0,
2.998437500e+1,2.000000000e+0,5.900000000e+0,
2.999218750e+1,2.120625000e+0,6.000000000e+0,
3.100000000e+1,2.079062500e+0,5.900000000e+0,
2.901562500e+1,2.079375000e+0,6.000000000e+0,
2.900000000e+1,2.121562500e+0,5.899218750e+0,
3.100000000e+1,2.080625000e+0,6.099218750e+0,
2.796093750e+1,2.159687500e+0,5.998437500e+0,
2.904687500e+1,1.997812500e+0,5.798437500e+0,
3.297656250e+1,2.004062500e+0,5.800000000e+0,
2.900000000e+1,2.119687500e+0,5.900000000e+0,
3.300000000e+1,2.039687500e+0,6.199218750e+0,
3.100000000e+1,2.160312500e+0,5.800000000e+0,
2.800000000e+1,2.080000000e+0,5.898437500e+0,
3.098437500e+1,2.120000000e+0,6.097656250e+0,
3.100781250e+1,1.959062500e+0,5.800000000e+0,
3.100000000e+1,2.040625000e+0,6.099218750e+0,
3.001562500e+1,2.160937500e+0,6.000000000e+0,
2.800000000e+1,1.961250000e+0,6.000000000e+0,
3.001562500e+1,2.040000000e+0,5.900781250e+0,
3.000000000e+1,1.960000000e+0,5.700000000e+0,
3.098437500e+1,2.040312500e+0,6.000000000e+0,
2.899218750e+1,1.999687500e+0,5.700000000e+0,
2.895312500e+1,2.040000000e+0,6.000000000e+0,
2.497656250e+1,1.999687500e+0,6.000781250e+0,
2.994531250e+1,2.079687500e+0,5.801562500e+0,
2.800781250e+1,2.040937500e+0,5.600000000e+0,
2.799218750e+1,1.960000000e+0,5.801562500e+0,
2.700781250e+1,2.041875000e+0,5.799218750e+0,
2.601562500e+1,2.079687500e+0,5.700000000e+0,
2.595312500e+1,2.000000000e+0,5.700000000e+0,
2.903125000e+1,2.080000000e+0,5.798437500e+0,
2.796093750e+1,1.960000000e+0,5.701562500e+0,
2.595312500e+1,1.960000000e+0,5.400781250e+0,
2.402343750e+1,2.000312500e+0,5.800781250e+0,
2.901562500e+1,2.000000000e+0,5.700000000e+0,
2.797656250e+1,2.000000000e+0,5.701562500e+0,
2.400000000e+1,1.919687500e+0,5.799218750e+0,
2.601562500e+1,1.957187500e+0,5.600000000e+0,
2.500000000e+1,2.000312500e+0,5.700000000e+0,
2.600000000e+1,2.041562500e+0,5.500000000e+0,
2.500000000e+1,2.159375000e+0,5.400000000e+0,
2.700000000e+1,1.880000000e+0,5.400000000e+0,
2.303125000e+1,2.001875000e+0,5.500000000e+0,
2.400781250e+1,1.965625000e+0,5.403906250e+0,
2.500000000e+1,1.799375000e+0,5.300000000e+0,
2.600781250e+1,2.001250000e+0,5.298437500e+0,
2.596093750e+1,1.917187500e+0,5.200781250e+0,
2.400000000e+1,1.880625000e+0,5.603125000e+0,
2.600781250e+1,2.001562500e+0,5.497656250e+0,
2.600000000e+1,1.958437500e+0,5.599218750e+0,
2.700000000e+1,1.918125000e+0,5.700000000e+0,
2.700000000e+1,2.000000000e+0,5.498437500e+0,
2.698437500e+1,1.959062500e+0,5.398437500e+0,
2.700781250e+1,1.840312500e+0,5.599218750e+0,
2.405468750e+1,1.839687500e+0,5.499218750e+0,
2.295312500e+1,1.879687500e+0,5.400000000e+0,
2.596875000e+1,1.800000000e+0,5.399218750e+0,
2.195312500e+1,1.915625000e+0,5.500000000e+0,
2.300781250e+1,2.039687500e+0,5.500000000e+0,
2.301562500e+1,1.960312500e+0,5.503125000e+0,
2.503125000e+1,1.920000000e+0,5.200000000e+0,
2.497656250e+1,1.919687500e+0,5.399218750e+0,
2.297656250e+1,1.919687500e+0,5.399218750e+0,
2.299218750e+1,1.999062500e+0,5.403906250e+0,
2.396875000e+1,1.959687500e+0,5.000000000e+0,
2.500781250e+1,1.920000000e+0,5.198437500e+0,
2.100781250e+1,1.840000000e+0,5.300781250e+0,
2.198437500e+1,1.921875000e+0,5.400000000e+0,
2.196875000e+1,1.960000000e+0,5.400000000e+0,
2.498437500e+1,1.880625000e+0,5.300000000e+0,
2.297656250e+1,1.756250000e+0,5.399218750e+0,
2.300000000e+1,1.960000000e+0,5.300781250e+0,
2.198437500e+1,1.920312500e+0,5.300000000e+0,
2.100000000e+1,1.879375000e+0,5.400000000e+0,
2.300000000e+1,1.800000000e+0,5.399218750e+0,
2.099218750e+1,1.839062500e+0,5.400000000e+0,
2.200000000e+1,1.803125000e+0,5.198437500e+0,
2.199218750e+1,1.639375000e+0,5.000000000e+0,
2.100000000e+1,1.838437500e+0,4.999218750e+0,
2.000000000e+1,1.840000000e+0,5.100000000e+0,
2.200000000e+1,1.800000000e+0,5.300000000e+0,
2.398437500e+1,1.840000000e+0,5.100781250e+0,
1.900781250e+1,1.800000000e+0,5.300000000e+0,
2.099218750e+1,1.720000000e+0,5.301562500e+0,
2.100000000e+1,1.799687500e+0,5.200781250e+0,
1.899218750e+1,1.800312500e+0,5.099218750e+0,
2.000781250e+1,1.720000000e+0,5.102343750e+0,
1.998437500e+1,1.801250000e+0,5.300000000e+0,
2.000781250e+1,1.800000000e+0,4.998437500e+0,
2.295312500e+1,1.800000000e+0,5.100000000e+0,
2.304687500e+1,1.879687500e+0,5.000000000e+0,
2.002343750e+1,1.840000000e+0,5.098437500e+0,
2.000000000e+1,1.720000000e+0,5.200000000e+0,
1.997656250e+1,1.800937500e+0,5.399218750e+0,
2.196875000e+1,1.840000000e+0,5.103125000e+0,
2.107812500e+1,1.800312500e+0,4.900000000e+0,
1.798437500e+1,1.761250000e+0,5.098437500e+0,
1.800000000e+1,1.680312500e+0,5.003125000e+0,
1.899218750e+1,1.679062500e+0,4.899218750e+0,
1.699218750e+1,1.760000000e+0,5.200000000e+0,
1.800781250e+1,1.719687500e+0,4.900781250e+0,
1.800000000e+1,1.760000000e+0,4.900000000e+0,
1.800000000e+1,1.719062500e+0,4.900000000e+0,
1.900781250e+1,1.916562500e+0,4.797656250e+0,
1.702343750e+1,1.840625000e+0,5.000000000e+0,
1.599218750e+1,1.760000000e+0,4.897656250e+0,
1.801562500e+1,1.717812500e+0,4.901562500e+0,
1.498437500e+1,1.638437500e+0,5.000000000e+0,
1.996875000e+1,1.681875000e+0,4.895312500e+0,
1.797656250e+1,1.799687500e+0,4.600000000e+0,
1.900781250e+1,1.719375000e+0,5.300000000e+0,
1.698437500e+1,1.640000000e+0,4.696093750e+0,
1.501562500e+1,1.600625000e+0,4.800000000e+0,
1.800000000e+1,1.680625000e+0,4.600000000e+0,
1.600781250e+1,1.680000000e+0,5.001562500e+0,
1.600000000e+1,1.640312500e+0,4.796875000e+0,
1.300000000e+1,1.718437500e+0,4.798437500e+0,
1.699218750e+1,1.720000000e+0,4.800000000e+0,
1.500781250e+1,1.719375000e+0,4.700781250e+0,
1.400000000e+1,1.639375000e+0,5.100000000e+0,
1.500000000e+1,1.680312500e+0,4.601562500e+0,
1.400000000e+1,1.760000000e+0,4.700000000e+0,
1.500000000e+1,1.680625000e+0,4.700000000e+0,
1.499218750e+1,1.600937500e+0,4.700000000e+0,
1.699218750e+1,1.560625000e+0,4.698437500e+0,
1.296875000e+1,1.640000000e+0,4.498437500e+0,
1.400781250e+1,1.600625000e+0,4.401562500e+0,
1.600000000e+1,1.760625000e+0,4.703125000e+0,
1.300000000e+1,1.638437500e+0,4.600781250e+0,
1.300000000e+1,1.638437500e+0,4.399218750e+0,
1.398437500e+1,1.639687500e+0,4.600781250e+0,
1.599218750e+1,1.559375000e+0,4.600000000e+0,
1.600000000e+1,1.560312500e+0,4.500000000e+0,
1.498437500e+1,1.640000000e+0,4.600000000e+0,
1.601562500e+1,1.560000000e+0,4.600000000e+0,
1.300781250e+1,1.640000000e+0,4.300000000e+0,
1.503125000e+1,1.562187500e+0,4.497656250e+0,
1.396875000e+1,1.560000000e+0,4.500000000e+0,
1.094531250e+1,1.519062500e+0,4.500000000e+0,
9.023437500e+0,1.480312500e+0,4.399218750e+0,
1.303125000e+1,1.640312500e+0,4.299218750e+0,
1.300000000e+1,1.559687500e+0,4.299218750e+0,
1.500000000e+1,1.639687500e+0,4.500000000e+0,
1.303125000e+1,1.520000000e+0,4.198437500e+0,
1.300000000e+1,1.480000000e+0,4.400781250e+0,
1.300000000e+1,1.480000000e+0,4.399218750e+0,
1.298437500e+1,1.521562500e+0,4.396093750e+0,
1.400781250e+1,1.559062500e+0,4.300000000e+0,
1.201562500e+1,1.520000000e+0,4.500000000e+0,
1.301562500e+1,1.639062500e+0,4.099218750e+0,
1.299218750e+1,1.559375000e+0,4.400000000e+0,
1.198437500e+1,1.600000000e+0,4.300000000e+0,
1.200781250e+1,1.560000000e+0,4.399218750e+0,
1.400781250e+1,1.480312500e+0,4.200000000e+0,
1.000000000e+1,1.560000000e+0,4.298437500e+0,
1.600000000e+1,1.520312500e+0,4.500000000e+0,
1.101562500e+1,1.559062500e+0,4.300000000e+0,
1.100000000e+1,1.560625000e+0,4.099218750e+0,
1.099218750e+1,1.480000000e+0,4.300000000e+0,
1.200000000e+1,1.520000000e+0,4.300000000e+0,
1.100000000e+1,1.440000000e+0,4.300781250e+0,
1.099218750e+1,1.479375000e+0,4.200000000e+0,
1.199218750e+1,1.558125000e+0,4.297656250e+0,
1.200000000e+1,1.599687500e+0,4.300000000e+0,
9.976562500e+0,1.520000000e+0,4.100781250e+0,
1.004687500e+1,1.519687500e+0,4.194531250e+0,
1.398437500e+1,1.479062500e+0,3.799218750e+0,
7.968750000e+0,1.520625000e+0,4.103906250e+0,
9.992187500e+0,1.559687500e+0,4.097656250e+0,
8.992187500e+0,1.480937500e+0,3.997656250e+0,
1.100000000e+1,1.480312500e+0,4.201562500e+0,
9.015625000e+0,1.399687500e+0,3.799218750e+0,
9.000000000e+0,1.480312500e+0,4.198437500e+0,
7.984375000e+0,1.520000000e+0,4.099218750e+0,
9.023437500e+0,1.440000000e+0,4.300000000e+0,
5.960937500e+0,1.520312500e+0,3.901562500e+0,
7.054687500e+0,1.400625000e+0,4.099218750e+0,
8.984375000e+0,1.520000000e+0,4.000781250e+0,
6.992187500e+0,1.438750000e+0,4.300000000e+0,
9.007812500e+0,1.360000000e+0,4.000000000e+0,
8.007812500e+0,1.400000000e+0,4.101562500e+0,
9.992187500e+0,1.398125000e+0,4.100000000e+0,
7.000000000e+0,1.278437500e+0,4.004687500e+0,
9.007812500e+0,1.439375000e+0,3.698437500e+0,
5.023437500e+0,1.398437500e+0,3.700000000e+0,
6.953125000e+0,1.320000000e+0,3.900000000e+0,
8.054687500e+0,1.440937500e+0,3.996093750e+0,
3.007812500e+0,1.480312500e+0,3.700000000e+0,
7.023437500e+0,1.480000000e+0,3.996875000e+0,
6.000000000e+0,1.360625000e+0,3.898437500e+0,
1.001562500e+1,1.360000000e+0,3.600000000e+0,
7.953125000e+0,1.400000000e+0,3.900000000e+0,
6.007812500e+0,1.400000000e+0,3.898437500e+0,
1.000000000e+1,1.398437500e+0,3.598437500e+0,
3.976562500e+0,1.240000000e+0,3.600000000e+0,
5.007812500e+0,1.316875000e+0,3.599218750e+0,
2.992187500e+0,1.359687500e+0,3.800781250e+0,
5.992187500e+0,1.360000000e+0,3.903125000e+0,
4.992187500e+0,1.400000000e+0,3.599218750e+0,
4.000000000e+0,1.319062500e+0,4.100000000e+0,
3.992187500e+0,1.280312500e+0,3.600000000e+0,
5.000000000e+0,1.320000000e+0,3.895312500e+0,
4.000000000e+0,1.317187500e+0,3.910156250e+0,
4.000000000e+0,1.400000000e+0,3.600000000e+0,
6.007812500e+0,1.319687500e+0,3.899218750e+0,
3.976562500e+0,1.319062500e+0,3.492968750e+0,
2.000000000e+0,1.198437500e+0,3.603906250e+0,
2.000000000e+0,1.280937500e+0,3.900000000e+0,
3.000000000e+0,1.359375000e+0,3.700000000e+0,
5.000000000e+0,1.359375000e+0,3.900000000e+0,
2.000000000e+0,1.280312500e+0,3.600781250e+0,
3.000000000e+0,1.240000000e+0,3.701562500e+0,
2.015625000e+0,1.279687500e+0,3.700000000e+0,
1.976562500e+0,1.240000000e+0,3.700781250e+0,
3.992187500e+0,1.320000000e+0,3.500000000e+0,
2.968750000e+0,1.202500000e+0,3.500781250e+0,
1.984375000e+0,1.199687500e+0,3.300781250e+0,
9.843750000e-1,1.279375000e+0,3.201562500e+0,
2.062500000e+0,1.319687500e+0,3.800781250e+0,
4.976562500e+0,1.279375000e+0,3.400781250e+0,
9.765625000e-1,1.240000000e+0,3.600000000e+0,
2.953125000e+0,1.240625000e+0,3.400781250e+0,
2.070312500e+0,1.039687500e+0,3.500000000e+0,
-1.992187500e+0,1.318437500e+0,3.400000000e+0,
-4.687500000e-2,1.238125000e+0,3.203125000e+0,
3.000000000e+0,1.241250000e+0,3.800781250e+0,
5.468750000e-2,1.320000000e+0,3.400000000e+0,
-1.078125000e+0,1.279687500e+0,3.400000000e+0,
2.000000000e+0,1.280937500e+0,3.499218750e+0,
2.343750000e-2,1.200000000e+0,3.500000000e+0,
4.015625000e+0,1.280000000e+0,3.499218750e+0,
9.609375000e-1,1.239062500e+0,3.400000000e+0,
0.000000000e+0,1.199687500e+0,3.499218750e+0,
1.007812500e+0,1.160000000e+0,3.603125000e+0,
2.000000000e+0,1.160625000e+0,3.899218750e+0,
9.843750000e-1,1.318437500e+0,3.404687500e+0,
-1.000000000e+0,1.201562500e+0,3.400000000e+0,
-2.000000000e+0,1.160625000e+0,3.300000000e+0,
-9.921875000e-1,1.240312500e+0,3.301562500e+0,
0.000000000e+0,1.200000000e+0,3.100000000e+0,
-1.015625000e+0,1.160000000e+0,3.300000000e+0,
9.921875000e-1,1.198437500e+0,3.207812500e+0,
-2.023437500e+0,1.200937500e+0,3.000000000e+0,
-1.976562500e+0,1.120312500e+0,3.402343750e+0,
-1.007812500e+0,1.240625000e+0,3.298437500e+0,
-2.015625000e+0,1.159062500e+0,3.100781250e+0,
-9.921875000e-1,1.202812500e+0,3.301562500e+0,
1.000000000e+0,1.279687500e+0,3.200000000e+0,
-3.007812500e+0,1.165625000e+0,3.200000000e+0,
-1.007812500e+0,1.080000000e+0,3.100000000e+0,
-1.984375000e+0,1.120625000e+0,3.197656250e+0,
-2.007812500e+0,1.120000000e+0,3.200781250e+0,
3.125000000e-2,1.079687500e+0,2.900000000e+0,
-3.992187500e+0,1.160000000e+0,3.298437500e+0,
-9.453125000e-1,1.080625000e+0,3.103125000e+0,
-2.039062500e+0,1.118437500e+0,3.101562500e+0,
-3.000000000e+0,1.120000000e+0,3.299218750e+0,
-2.984375000e+0,1.080000000e+0,3.203906250e+0,
-3.062500000e+0,1.080000000e+0,3.100000000e+0,
-5.976562500e+0,1.199687500e+0,3.500000000e+0,
5.468750000e-2,1.040625000e+0,3.103906250e+0,
-9.687500000e-1,1.035625000e+0,3.100781250e+0,
-2.976562500e+0,1.119687500e+0,2.900000000e+0,
-4.000000000e+0,9.600000000e-1,3.099218750e+0,
-3.007812500e+0,1.000937500e+0,2.995312500e+0,
-2.953125000e+0,1.201250000e+0,2.699218750e+0,
-6.023437500e+0,1.118750000e+0,2.800000000e+0,
-1.062500000e+0,1.080000000e+0,2.800000000e+0,
-2.039062500e+0,1.079062500e+0,3.198437500e+0,
-2.992187500e+0,1.120000000e+0,2.904687500e+0,
-3.007812500e+0,1.120000000e+0,2.700000000e+0,
-6.015625000e+0,1.079687500e+0,3.103125000e+0,
-6.000000000e+0,1.080625000e+0,3.201562500e+0,
-2.992187500e+0,1.120000000e+0,3.000000000e+0,
-3.000000000e+0,1.041875000e+0,2.899218750e+0,
-3.000000000e+0,9.993750000e-1,2.800781250e+0,
-3.000000000e+0,1.079687500e+0,2.699218750e+0,
-4.000000000e+0,1.079687500e+0,2.800000000e+0,
-6.000000000e+0,1.118437500e+0,2.699218750e+0,
-6.000000000e+0,9.596875000e-1,2.899218750e+0,
-5.007812500e+0,1.080000000e+0,2.900000000e+0,
-4.992187500e+0,1.004375000e+0,2.998437500e+0,
-7.000000000e+0,9.596875000e-1,2.903125000e+0,
-6.007812500e+0,1.079687500e+0,2.600781250e+0,
-5.976562500e+0,1.039062500e+0,2.901562500e+0,
-1.992187500e+0,1.039687500e+0,2.800000000e+0,
-5.039062500e+0,1.040312500e+0,2.900781250e+0,
-6.023437500e+0,1.120000000e+0,2.700000000e+0,
-4.984375000e+0,1.080000000e+0,2.500000000e+0,
-7.007812500e+0,1.080000000e+0,2.997656250e+0,
-4.054687500e+0,1.040312500e+0,2.800000000e+0,
-4.937500000e+0,9.609375000e-1,3.097656250e+0,
-6.960937500e+0,1.039375000e+0,2.303125000e+0,
-7.078125000e+0,8.406250000e-1,2.800000000e+0,
-4.000000000e+0,9.584375000e-1,3.000000000e+0,
-6.007812500e+0,9.196875000e-1,3.003125000e+0,
-5.000000000e+0,1.079062500e+0,2.700781250e+0,
-6.007812500e+0,9.978125000e-1,2.801562500e+0,
-6.007812500e+0,8.809375000e-1,2.800000000e+0,
-8.007812500e+0,1.080000000e+0,2.700000000e+0,
-8.000000000e+0,1.001562500e+0,2.700000000e+0,
-6.007812500e+0,9.178125000e-1,2.801562500e+0,
-7.968750000e+0,9.996875000e-1,2.700000000e+0,
-9.015625000e+0,1.000625000e+0,2.797656250e+0,
-4.984375000e+0,1.077187500e+0,2.500000000e+0,
-9.984375000e+0,8.781250000e-1,2.800781250e+0,
-6.039062500e+0,1.001562500e+0,2.696093750e+0,
-7.007812500e+0,9.603125000e-1,2.500000000e+0,
-6.007812500e+0,8.796875000e-1,2.800000000e+0,
-8.007812500e+0,8.800000000e-1,2.597656250e+0,
-6.984375000e+0,9.200000000e-1,2.601562500e+0,
-7.007812500e+0,9.209375000e-1,2.700000000e+0,
-8.992187500e+0,1.040000000e+0,2.600000000e+0,
-1.000000000e+1,8.384375000e-1,2.800781250e+0,
-7.000000000e+0,9.168750000e-1,2.700000000e+0,
-8.992187500e+0,9.596875000e-1,2.800000000e+0,
-1.000000000e+1,1.000000000e+0,2.599218750e+0,
-9.000000000e+0,9.181250000e-1,2.599218750e+0,
-8.000000000e+0,8.400000000e-1,2.700000000e+0,
-9.015625000e+0,9.600000000e-1,2.599218750e+0,
-7.000000000e+0,8.796875000e-1,2.498437500e+0,
-1.000000000e+1,9.990625000e-1,2.599218750e+0,
-8.000000000e+0,9.184375000e-1,2.300781250e+0,
-9.039062500e+0,8.821875000e-1,2.599218750e+0,
-1.300781250e+1,1.040625000e+0,2.195312500e+0,
-1.000781250e+1,9.168750000e-1,2.103125000e+0,
-1.200000000e+1,8.400000000e-1,2.398437500e+0,
-9.992187500e+0,8.793750000e-1,2.500781250e+0,
-9.000000000e+0,9.203125000e-1,2.399218750e+0,
-1.100000000e+1,9.590625000e-1,2.400000000e+0,
-9.007812500e+0,8.396875000e-1,2.300000000e+0,
-9.992187500e+0,9.200000000e-1,2.401562500e+0,
-9.992187500e+0,8.403125000e-1,2.700000000e+0,
-1.196093750e+1,9.596875000e-1,2.200000000e+0,
-1.296093750e+1,8.796875000e-1,2.396875000e+0,
-8.984375000e+0,9.200000000e-1,2.399218750e+0,
-1.101562500e+1,7.600000000e-1,2.299218750e+0,
-1.000781250e+1,9.203125000e-1,2.600781250e+0,
-1.202343750e+1,8.387500000e-1,2.399218750e+0,
-1.097656250e+1,8.815625000e-1,2.400000000e+0,
-9.000000000e+0,9.631250000e-1,2.400000000e+0,
-1.096875000e+1,7.200000000e-1,2.300781250e+0,
-1.100781250e+1,8.415625000e-1,2.399218750e+0,
-1.000781250e+1,8.396875000e-1,2.097656250e+0,
-9.000000000e+0,7.590625000e-1,2.205468750e+0,
-9.984375000e+0,7.609375000e-1,2.400000000e+0,
-1.097656250e+1,7.600000000e-1,2.300000000e+0,
-1.199218750e+1,7.562500000e-1,2.099218750e+0,
-1.100781250e+1,9.200000000e-1,2.200000000e+0,
-1.299218750e+1,7.993750000e-1,2.200000000e+0,
-1.000000000e+1,8.000000000e-1,2.201562500e+0,
-1.299218750e+1,8.396875000e-1,2.400000000e+0,
-1.200000000e+1,8.400000000e-1,2.200000000e+0,
-1.100000000e+1,9.203125000e-1,2.300000000e+0,
-1.500000000e+1,8.396875000e-1,2.200000000e+0,
-1.201562500e+1,9.203125000e-1,2.397656250e+0,
-1.200000000e+1,7.603125000e-1,2.300000000e+0,
-1.300000000e+1,8.390625000e-1,1.999218750e+0,
-1.200781250e+1,6.400000000e-1,2.396875000e+0,
-1.100000000e+1,8.790625000e-1,2.300781250e+0,
-1.200000000e+1,8.418750000e-1,2.200000000e+0,
-1.200000000e+1,8.800000000e-1,2.200000000e+0,
-1.000781250e+1,8.400000000e-1,2.099218750e+0,
-1.302343750e+1,7.193750000e-1,2.099218750e+0,
-1.299218750e+1,8.021875000e-1,2.100781250e+0,
-1.299218750e+1,7.990625000e-1,2.198437500e+0,
-1.299218750e+1,7.603125000e-1,1.998437500e+0,
-1.500781250e+1,8.762500000e-1,2.096093750e+0,
-1.200781250e+1,8.806250000e-1,2.299218750e+0,
-1.298437500e+1,8.403125000e-1,2.198437500e+0,
-1.301562500e+1,8.796875000e-1,2.000781250e+0,
-1.295312500e+1,7.603125000e-1,1.900000000e+0,
-1.601562500e+1,7.600000000e-1,2.000000000e+0,
-1.298437500e+1,7.200000000e-1,2.297656250e+0,
-1.499218750e+1,7.584375000e-1,2.203125000e+0,
-1.301562500e+1,8.000000000e-1,2.000000000e+0,
-1.802343750e+1,7.590625000e-1,2.299218750e+0,
-1.496875000e+1,7.600000000e-1,2.100000000e+0,
-1.600000000e+1,8.803125000e-1,2.102343750e+0,
-1.400781250e+1,8.384375000e-1,2.300000000e+0,
-1.600781250e+1,7.234375000e-1,2.004687500e+0,
-1.302343750e+1,6.796875000e-1,1.898437500e+0,
-1.495312500e+1,8.006250000e-1,1.700000000e+0,
-1.603125000e+1,7.590625000e-1,2.200000000e+0,
-1.300000000e+1,7.196875000e-1,2.296875000e+0,
-1.598437500e+1,7.615625000e-1,2.099218750e+0,
-1.398437500e+1,8.396875000e-1,2.099218750e+0,
-1.601562500e+1,7.209375000e-1,1.898437500e+0,
-1.701562500e+1,6.396875000e-1,1.800000000e+0,
-1.797656250e+1,6.415625000e-1,1.900000000e+0,
-1.400000000e+1,8.000000000e-1,1.800000000e+0,
-1.700000000e+1,5.987500000e-1,1.900781250e+0,
-1.500000000e+1,7.200000000e-1,2.100000000e+0,
-1.700781250e+1,6.834375000e-1,1.800781250e+0,
-1.600000000e+1,6.396875000e-1,1.900781250e+0,
-1.700781250e+1,7.600000000e-1,2.000781250e+0,
-1.400000000e+1,6.800000000e-1,1.700781250e+0,
-1.599218750e+1,7.200000000e-1,1.700781250e+0,
-1.599218750e+1,6.803125000e-1,2.000000000e+0,
-1.799218750e+1,7.203125000e-1,2.002343750e+0,
-1.700000000e+1,6.028125000e-1,1.797656250e+0,
-1.500000000e+1,6.409375000e-1,1.900000000e+0,
-1.500781250e+1,6.796875000e-1,1.700781250e+0,
-1.499218750e+1,6.803125000e-1,2.103906250e+0,
-1.500000000e+1,7.193750000e-1,1.896875000e+0,
-1.801562500e+1,6.393750000e-1,1.800000000e+0,
-1.800000000e+1,6.790625000e-1,1.900000000e+0,
-1.400000000e+1,7.203125000e-1,1.900000000e+0,
-1.700000000e+1,7.600000000e-1,1.700000000e+0,
-1.899218750e+1,7.200000000e-1,1.800000000e+0,
-1.902343750e+1,6.790625000e-1,1.800000000e+0,
-1.701562500e+1,6.403125000e-1,2.000781250e+0,
-1.700000000e+1,7.996875000e-1,1.500000000e+0,
-1.700781250e+1,6.431250000e-1,1.799218750e+0,
-1.802343750e+1,6.396875000e-1,1.600000000e+0,
-1.897656250e+1,6.793750000e-1,1.701562500e+0,
-1.700000000e+1,7.596875000e-1,2.100000000e+0,
-1.903125000e+1,6.390625000e-1,1.700781250e+0,
-1.900000000e+1,6.000000000e-1,1.800000000e+0,
-1.806250000e+1,5.996875000e-1,1.902343750e+0,
-1.499218750e+1,6.396875000e-1,1.600000000e+0,
-1.799218750e+1,6.412500000e-1,1.900000000e+0,
-1.700000000e+1,5.603125000e-1,1.496875000e+0,
-1.801562500e+1,7.628125000e-1,1.600781250e+0,
-1.500000000e+1,7.596875000e-1,1.700000000e+0,
-1.797656250e+1,6.796875000e-1,1.800000000e+0,
-1.701562500e+1,7.203125000e-1,1.801562500e+0,
-1.899218750e+1,6.400000000e-1,1.600781250e+0,
-1.596875000e+1,7.200000000e-1,1.503125000e+0,
-1.703125000e+1,5.200000000e-1,1.900000000e+0,
-1.900000000e+1,6.800000000e-1,1.600000000e+0,
-1.700000000e+1,5.200000000e-1,1.803906250e+0,
-1.800000000e+1,6.006250000e-1,1.898437500e+0,
-1.900000000e+1,6.812500000e-1,1.404687500e+0,
-1.800000000e+1,6.006250000e-1,1.400000000e+0,
-1.800000000e+1,6.409375000e-1,1.500000000e+0,
-2.100000000e+1,6.793750000e-1,1.600781250e+0,
-1.700000000e+1,5.600000000e-1,1.500000000e+0,
-2.100000000e+1,6.809375000e-1,1.700000000e+0,
-1.700000000e+1,6.428125000e-1,1.802343750e+0,
-2.103125000e+1,5.600000000e-1,1.600000000e+0,
-1.896093750e+1,6.006250000e-1,1.497656250e+0,
-1.801562500e+1,6.403125000e-1,1.401562500e+0,
-1.900781250e+1,6.400000000e-1,1.903125000e+0,
-1.799218750e+1,6.400000000e-1,1.592187500e+0,
-1.700000000e+1,5.987500000e-1,1.499218750e+0,
-1.800781250e+1,5.565625000e-1,1.699218750e+0,
-1.800000000e+1,6.800000000e-1,1.599218750e+0,
-1.901562500e+1,5.584375000e-1,1.599218750e+0,
-1.700000000e+1,5.196875000e-1,1.600000000e+0,
-1.893750000e+1,5.996875000e-1,1.500000000e+0,
-2.102343750e+1,5.996875000e-1,1.598437500e+0,
-1.904687500e+1,5.625000000e-1,1.602343750e+0,
-2.301562500e+1,4.384375000e-1,1.400781250e+0,
-1.896093750e+1,6.393750000e-1,1.699218750e+0,
-1.803125000e+1,6.003125000e-1,1.505468750e+0,
-2.001562500e+1,5.600000000e-1,1.300000000e+0,
-1.900000000e+1,6.406250000e-1,1.598437500e+0,
-1.999218750e+1,6.003125000e-1,1.601562500e+0,
-1.899218750e+1,5.587500000e-1,1.500000000e+0,
-2.199218750e+1,6.000000000e-1,1.500000000e+0,
-2.000781250e+1,5.600000000e-1,1.300000000e+0,
-1.999218750e+1,6.396875000e-1,1.499218750e+0,
-2.301562500e+1,4.796875000e-1,1.198437500e+0,
-1.904687500e+1,6.003125000e-1,1.400000000e+0,
-1.994531250e+1,4.800000000e-1,1.500000000e+0,
-2.200000000e+1,5.550000000e-1,1.599218750e+0,
-1.996875000e+1,6.000000000e-1,1.600781250e+0,
-2.003906250e+1,5.596875000e-1,1.500000000e+0,
-2.299218750e+1,6.400000000e-1,1.601562500e+0,
-1.800000000e+1,5.996875000e-1,1.700000000e+0,
-1.801562500e+1,5.993750000e-1,1.500000000e+0,
-2.200781250e+1,5.621875000e-1,1.399218750e+0,
-1.900000000e+1,4.396875000e-1,1.296875000e+0,
-2.100000000e+1,5.593750000e-1,1.699218750e+0,
-2.300000000e+1,5.196875000e-1,1.300000000e+0,
-2.000000000e+1,6.006250000e-1,1.198437500e+0,
-2.200000000e+1,6.000000000e-1,1.600000000e+0,
-2.001562500e+1,6.400000000e-1,1.400000000e+0,
-1.900000000e+1,6.821875000e-1,1.700781250e+0,
-2.000000000e+1,5.996875000e-1,1.302343750e+0,
-2.000000000e+1,7.200000000e-1,1.401562500e+0,
-1.999218750e+1,5.562500000e-1,1.400000000e+0,
-1.900000000e+1,4.812500000e-1,1.500000000e+0,
-2.000781250e+1,6.003125000e-1,1.500781250e+0,
-2.000000000e+1,5.600000000e-1,1.500000000e+0,
-2.096093750e+1,6.400000000e-1,1.100000000e+0,
-2.300781250e+1,5.200000000e-1,1.693750000e+0,
-2.105468750e+1,5.200000000e-1,1.600000000e+0,
-2.185156250e+1,5.209375000e-1,1.499218750e+0,
-2.701562500e+1,6.400000000e-1,1.398437500e+0,
-2.306250000e+1,5.209375000e-1,1.500000000e+0,
-2.400781250e+1,5.965625000e-1,1.300781250e+0,
-1.897656250e+1,6.406250000e-1,1.398437500e+0,
-1.800000000e+1,5.600000000e-1,1.400000000e+0,
-1.902343750e+1,6.000000000e-1,1.400781250e+0,
-2.299218750e+1,5.600000000e-1,1.599218750e+0,
-1.899218750e+1,6.400000000e-1,1.500000000e+0,
-2.000000000e+1,6.000000000e-1,1.300000000e+0,
-1.997656250e+1,5.643750000e-1,1.093750000e+0,
-2.200781250e+1,4.400000000e-1,1.500000000e+0,
-2.000781250e+1,5.606250000e-1,1.196875000e+0,
-2.098437500e+1,5.603125000e-1,1.403906250e+0,
-2.200781250e+1,5.990625000e-1,1.499218750e+0,
-2.197656250e+1,4.790625000e-1,1.300781250e+0,
-2.398437500e+1,5.196875000e-1,1.500000000e+0,
-1.996093750e+1,5.600000000e-1,1.200000000e+0,
-2.101562500e+1,5.600000000e-1,1.202343750e+0,
-2.400000000e+1,5.184375000e-1,1.603125000e+0,
-2.099218750e+1,4.803125000e-1,1.600000000e+0,
-2.100000000e+1,6.000000000e-1,1.098437500e+0,
-2.200000000e+1,5.987500000e-1,1.405468750e+0,
-2.100781250e+1,4.846875000e-1,1.500781250e+0,
-2.300000000e+1,3.984375000e-1,1.400000000e+0,
-2.101562500e+1,6.003125000e-1,1.300781250e+0,
-1.900000000e+1,4.790625000e-1,1.600000000e+0,
-2.499218750e+1,5.600000000e-1,1.300781250e+0,
-2.104687500e+1,5.206250000e-1,1.300781250e+0,
-2.200000000e+1,6.800000000e-1,1.496875000e+0,
-2.100000000e+1,5.237500000e-1,1.499218750e+0,
-2.200000000e+1,3.606250000e-1,1.299218750e+0,
-2.101562500e+1,5.225000000e-1,1.400000000e+0,
-2.400000000e+1,5.193750000e-1,1.397656250e+0,
-2.100000000e+1,5.200000000e-1,1.098437500e+0,
-2.400000000e+1,5.196875000e-1,1.299218750e+0,
-2.300000000e+1,5.203125000e-1,1.299218750e+0,
-2.301562500e+1,5.603125000e-1,1.399218750e+0,
-2.000000000e+1,6.384375000e-1,1.200000000e+0,
-2.299218750e+1,4.400000000e-1,1.100000000e+0,
-2.202343750e+1,6.400000000e-1,1.400000000e+0,
-2.102343750e+1,5.178125000e-1,1.200000000e+0,
-1.997656250e+1,5.200000000e-1,1.400000000e+0,
-2.302343750e+1,4.818750000e-1,1.103906250e+0,
-2.196093750e+1,4.400000000e-1,1.001562500e+0,
-2.103906250e+1,4.412500000e-1,1.497656250e+0,
-2.500781250e+1,5.596875000e-1,1.496875000e+0,
-2.198437500e+1,3.996875000e-1,1.299218750e+0,
-2.402343750e+1,5.609375000e-1,1.299218750e+0,
-2.303125000e+1,5.200000000e-1,1.399218750e+0,
-2.200781250e+1,5.600000000e-1,1.498437500e+0,
-2.299218750e+1,4.796875000e-1,1.198437500e+0,
-2.499218750e+1,5.200000000e-1,1.202343750e+0,
-2.503125000e+1,5.215625000e-1,1.400781250e+0,
-2.003125000e+1,5.987500000e-1,1.299218750e+0,
-2.099218750e+1,4.800000000e-1,1.300000000e+0,
-2.000000000e+1,5.984375000e-1,1.300000000e+0,
-2.201562500e+1,5.193750000e-1,1.400000000e+0,
-2.300000000e+1,5.196875000e-1,1.699218750e+0,
-2.199218750e+1,4.800000000e-1,1.198437500e+0,
-2.100000000e+1,5.600000000e-1,1.400000000e+0,
-2.300000000e+1,5.200000000e-1,1.200000000e+0,
-2.100000000e+1,5.993750000e-1,1.400000000e+0,
-2.600000000e+1,6.003125000e-1,1.100000000e+0,
-2.101562500e+1,5.606250000e-1,1.197656250e+0,
-2.198437500e+1,4.800000000e-1,1.300000000e+0,
-2.501562500e+1,5.600000000e-1,1.300000000e+0,
-2.101562500e+1,4.800000000e-1,1.299218750e+0,
-2.197656250e+1,5.593750000e-1,1.300000000e+0,
-2.300000000e+1,6.009375000e-1,1.197656250e+0,
-2.200000000e+1,5.193750000e-1,1.400000000e+0,
-2.299218750e+1,4.800000000e-1,1.202343750e+0,
-1.997656250e+1,5.206250000e-1,1.705468750e+0,
-2.104687500e+1,5.190625000e-1,1.396093750e+0,
-2.500000000e+1,4.796875000e-1,1.300781250e+0,
-2.200781250e+1,5.209375000e-1,1.400781250e+0,
-2.300781250e+1,5.643750000e-1,1.400781250e+0,
-2.101562500e+1,4.393750000e-1,1.399218750e+0,
-1.998437500e+1,6.000000000e-1,1.500000000e+0,
-2.198437500e+1,4.800000000e-1,1.400000000e+0,
-2.201562500e+1,6.000000000e-1,1.400781250e+0,
-2.196875000e+1,4.800000000e-1,1.300000000e+0,
-2.403125000e+1,5.590625000e-1,1.498437500e+0,
-2.398437500e+1,5.218750000e-1,1.402343750e+0,
-2.299218750e+1,5.200000000e-1,1.300000000e+0,
-2.300781250e+1,5.590625000e-1,1.500781250e+0,
-2.404687500e+1,4.400000000e-1,1.000000000e+0,
-2.494531250e+1,6.000000000e-1,1.204687500e+0,
-1.900000000e+1,4.796875000e-1,1.500000000e+0,
-2.298437500e+1,6.346875000e-1,1.203125000e+0,
-2.000781250e+1,6.403125000e-1,1.300000000e+0,
-2.298437500e+1,5.596875000e-1,1.200000000e+0,
-2.103906250e+1,5.196875000e-1,1.200000000e+0,
-2.095312500e+1,4.387500000e-1,1.398437500e+0,
-2.499218750e+1,4.434375000e-1,1.200781250e+0,
-2.197656250e+1,7.206250000e-1,1.599218750e+0,
-2.300781250e+1,4.809375000e-1,1.097656250e+0,
-2.200000000e+1,6.403125000e-1,1.100000000e+0,
-2.402343750e+1,5.584375000e-1,1.300000000e+0,
-2.399218750e+1,4.800000000e-1,1.000000000e+0,
-2.200000000e+1,5.203125000e-1,1.300000000e+0,
-2.100781250e+1,4.800000000e-1,1.000000000e+0,
-2.400000000e+1,4.796875000e-1,1.299218750e+0,
-2.100781250e+1,4.403125000e-1,1.199218750e+0,
-2.199218750e+1,4.000000000e-1,1.097656250e+0,
-2.400781250e+1,5.596875000e-1,1.399218750e+0,
-2.300781250e+1,4.800000000e-1,1.199218750e+0,
-2.300781250e+1,6.000000000e-1,1.200000000e+0,
-2.197656250e+1,4.803125000e-1,1.596875000e+0,
-2.500000000e+1,5.600000000e-1,1.608593750e+0,
-2.100000000e+1,4.803125000e-1,1.200781250e+0,
-2.201562500e+1,6.003125000e-1,1.300000000e+0,
-2.098437500e+1,5.196875000e-1,1.195312500e+0,
-2.100781250e+1,5.584375000e-1,1.203125000e+0,
-2.400781250e+1,3.990625000e-1,1.500000000e+0,
-2.300000000e+1,4.390625000e-1,9.992187500e-1,
-2.300000000e+1,4.806250000e-1,1.400000000e+0,
-2.400000000e+1,5.600000000e-1,1.199218750e+0,
-2.201562500e+1,4.400000000e-1,1.502343750e+0,
-1.998437500e+1,5.606250000e-1,1.400000000e+0,
-2.296875000e+1,4.793750000e-1,1.100781250e+0,
-2.301562500e+1,4.403125000e-1,1.100000000e+0,
-2.300781250e+1,4.365625000e-1,1.499218750e+0,
-2.300000000e+1,6.000000000e-1,1.300000000e+0,
-2.196875000e+1,4.003125000e-1,1.500781250e+0,
-2.103125000e+1,4.818750000e-1,1.500000000e+0,
-2.403125000e+1,5.200000000e-1,1.600781250e+0,
-2.398437500e+1,4.800000000e-1,1.200000000e+0,
-2.301562500e+1,4.000000000e-1,1.296875000e+0,
-2.300781250e+1,4.790625000e-1,1.201562500e+0,
-2.299218750e+1,6.000000000e-1,9.000000000e-1,
-2.501562500e+1,5.184375000e-1,1.102343750e+0,
-2.101562500e+1,4.815625000e-1,1.200000000e+0,
-2.199218750e+1,6.000000000e-1,1.100000000e+0,
-2.100781250e+1,5.196875000e-1,1.300000000e+0,
-2.303125000e+1,5.603125000e-1,1.500781250e+0,
-2.300781250e+1,4.800000000e-1,1.300781250e+0,
-2.296875000e+1,5.600000000e-1,1.301562500e+0,
-2.000000000e+1,5.987500000e-1,1.299218750e+0,
-2.200781250e+1,4.796875000e-1,1.100000000e+0,
-2.100781250e+1,5.200000000e-1,1.301562500e+0,
-2.300000000e+1,6.800000000e-1,1.299218750e+0,
-2.299218750e+1,5.659375000e-1,1.200000000e+0,
-2.300000000e+1,4.796875000e-1,1.300000000e+0,
-2.400000000e+1,5.206250000e-1,1.400000000e+0,
-2.400000000e+1,5.196875000e-1,1.400000000e+0,
-2.300000000e+1,4.800000000e-1,1.400000000e+0,
-2.099218750e+1,4.800000000e-1,1.300000000e+0,
-2.300000000e+1,4.793750000e-1,1.002343750e+0,
-2.096093750e+1,4.806250000e-1,1.200000000e+0,
-1.904687500e+1,4.403125000e-1,1.500781250e+0,
-2.403125000e+1,5.609375000e-1,1.398437500e+0,
-2.094531250e+1,5.193750000e-1,1.199218750e+0,
-2.100000000e+1,5.621875000e-1,1.406250000e+0,
-2.100000000e+1,5.584375000e-1,1.600000000e+0,
-2.100781250e+1,4.390625000e-1,1.400000000e+0,
-2.200000000e+1,5.600000000e-1,1.499218750e+0,
-2.202343750e+1,5.190625000e-1,1.300000000e+0,
-2.000000000e+1,4.800000000e-1,1.400000000e+0,
-2.196093750e+1,5.196875000e-1,1.298437500e+0,
-2.204687500e+1,5.603125000e-1,1.100000000e+0,
-1.903125000e+1,6.396875000e-1,1.397656250e+0,
-2.200000000e+1,5.993750000e-1,1.499218750e+0,
-1.899218750e+1,6.403125000e-1,1.500000000e+0,
-2.203125000e+1,5.203125000e-1,1.500000000e+0,
-2.100000000e+1,5.600000000e-1,1.500000000e+0,
-2.199218750e+1,5.596875000e-1,1.600000000e+0,
-1.999218750e+1,5.596875000e-1,1.500781250e+0,
-2.197656250e+1,5.981250000e-1,1.499218750e+0,
-2.300000000e+1,5.993750000e-1,1.400000000e+0,
-2.102343750e+1,4.800000000e-1,1.199218750e+0,
-1.700000000e+1,4.803125000e-1,1.500781250e+0,
-2.194531250e+1,5.603125000e-1,1.298437500e+0,
-2.104687500e+1,5.196875000e-1,1.400000000e+0,
-1.900000000e+1,5.596875000e-1,1.400000000e+0,
-1.999218750e+1,5.606250000e-1,1.400781250e+0,
-1.697656250e+1,5.600000000e-1,1.200781250e+0,
-1.802343750e+1,5.600000000e-1,1.300000000e+0,
-2.000781250e+1,5.193750000e-1,1.501562500e+0,
-2.000000000e+1,4.400000000e-1,1.601562500e+0,
-1.900781250e+1,5.193750000e-1,1.300000000e+0,
-2.201562500e+1,5.200000000e-1,1.400781250e+0,
-2.198437500e+1,5.593750000e-1,1.598437500e+0,
-1.800000000e+1,5.993750000e-1,1.602343750e+0,
-2.100000000e+1,6.400000000e-1,1.300000000e+0,
-2.100000000e+1,5.590625000e-1,1.399218750e+0,
-1.999218750e+1,5.600000000e-1,1.400781250e+0,
-1.900781250e+1,5.600000000e-1,1.400000000e+0,
-1.800000000e+1,6.018750000e-1,1.498437500e+0,
-1.900000000e+1,5.200000000e-1,1.500781250e+0,
-2.100000000e+1,6.003125000e-1,1.500781250e+0,
-2.100781250e+1,4.381250000e-1,1.701562500e+0,
-2.199218750e+1,5.237500000e-1,1.600000000e+0,
-1.898437500e+1,6.800000000e-1,1.199218750e+0,
-1.899218750e+1,5.600000000e-1,1.500000000e+0,
-1.898437500e+1,5.596875000e-1,1.700000000e+0,
-1.999218750e+1,6.000000000e-1,1.499218750e+0,
-1.905468750e+1,6.000000000e-1,1.700000000e+0,
-1.700781250e+1,5.606250000e-1,1.398437500e+0,
-1.797656250e+1,5.993750000e-1,1.396093750e+0,
-1.895312500e+1,4.412500000e-1,1.700000000e+0,
-2.100000000e+1,5.162500000e-1,1.299218750e+0,
-1.899218750e+1,6.396875000e-1,1.894531250e+0,
-1.799218750e+1,6.403125000e-1,1.701562500e+0,
-1.700781250e+1,5.993750000e-1,1.500000000e+0,
-2.002343750e+1,5.606250000e-1,1.599218750e+0,
-1.999218750e+1,6.400000000e-1,1.700000000e+0,
-1.800000000e+1,5.606250000e-1,1.500000000e+0,
-1.796093750e+1,5.575000000e-1,1.495312500e+0,
-2.000000000e+1,5.996875000e-1,1.600000000e+0,
-1.801562500e+1,6.009375000e-1,1.500781250e+0,
-1.698437500e+1,7.193750000e-1,1.700000000e+0,
-1.900781250e+1,5.568750000e-1,1.499218750e+0,
-1.700000000e+1,5.609375000e-1,1.599218750e+0,
-2.003125000e+1,5.996875000e-1,1.300000000e+0,
-1.896093750e+1,6.000000000e-1,1.500000000e+0,
-1.700000000e+1,6.000000000e-1,1.299218750e+0,
-1.802343750e+1,6.378125000e-1,1.602343750e+0,
-1.900000000e+1,4.803125000e-1,1.700000000e+0,
-1.800000000e+1,6.800000000e-1,1.699218750e+0,
-2.000000000e+1,5.593750000e-1,1.700781250e+0,
-1.900000000e+1,6.778125000e-1,1.800000000e+0,
-1.900781250e+1,6.396875000e-1,1.700000000e+0,
-1.700000000e+1,7.203125000e-1,1.800000000e+0,
-1.900000000e+1,5.971875000e-1,1.700781250e+0,
-1.900781250e+1,5.203125000e-1,1.599218750e+0,
-1.798437500e+1,7.209375000e-1,1.800000000e+0,
-2.000000000e+1,6.800000000e-1,1.703125000e+0,
-1.801562500e+1,6.806250000e-1,1.600000000e+0,
-1.701562500e+1,6.000000000e-1,1.700781250e+0,
-2.102343750e+1,6.806250000e-1,1.599218750e+0,
-1.999218750e+1,6.403125000e-1,1.500000000e+0,
-1.900000000e+1,6.371875000e-1,1.600781250e+0,
-2.000000000e+1,4.396875000e-1,1.599218750e+0,
-1.899218750e+1,5.978125000e-1,1.700781250e+0,
-1.800000000e+1,6.006250000e-1,1.600000000e+0,
-1.902343750e+1,7.606250000e-1,1.800000000e+0,
-1.600000000e+1,6.390625000e-1,1.500000000e+0,
-1.997656250e+1,5.200000000e-1,1.500781250e+0,
-1.803125000e+1,4.418750000e-1,1.800000000e+0,
-1.799218750e+1,6.787500000e-1,1.700000000e+0,
-1.801562500e+1,7.646875000e-1,1.800781250e+0,
-1.796875000e+1,5.600000000e-1,1.700781250e+0,
-1.500000000e+1,6.409375000e-1,1.999218750e+0,
-1.702343750e+1,6.400000000e-1,1.896875000e+0,
-1.597656250e+1,6.387500000e-1,1.498437500e+0,
-1.602343750e+1,5.606250000e-1,1.499218750e+0,
-1.800000000e+1,7.181250000e-1,1.699218750e+0,
-1.604687500e+1,6.400000000e-1,1.698437500e+0,
-1.599218750e+1,6.418750000e-1,1.498437500e+0,
-1.900000000e+1,7.996875000e-1,1.402343750e+0,
-1.702343750e+1,5.593750000e-1,1.903906250e+0,
-1.600781250e+1,7.628125000e-1,1.799218750e+0,
-1.597656250e+1,6.800000000e-1,1.800000000e+0,
-1.697656250e+1,7.596875000e-1,1.500000000e+0,
-1.400000000e+1,6.800000000e-1,1.900000000e+0,
-1.601562500e+1,8.000000000e-1,1.800000000e+0,
-1.600781250e+1,7.200000000e-1,1.900781250e+0,
-1.700000000e+1,7.603125000e-1,1.800781250e+0,
-1.600000000e+1,7.600000000e-1,1.699218750e+0,
-1.700000000e+1,8.003125000e-1,2.000781250e+0,
-1.700781250e+1,7.200000000e-1,1.800000000e+0,
-1.500000000e+1,7.596875000e-1,1.796875000e+0,
-1.699218750e+1,6.803125000e-1,2.000000000e+0,
-1.703906250e+1,6.800000000e-1,1.700781250e+0,
-1.300781250e+1,6.800000000e-1,1.696875000e+0,
-1.598437500e+1,7.596875000e-1,1.900000000e+0,
-1.500000000e+1,7.237500000e-1,1.698437500e+0,
-1.600000000e+1,5.600000000e-1,2.000000000e+0,
-1.499218750e+1,7.600000000e-1,1.797656250e+0,
-1.400000000e+1,8.387500000e-1,1.798437500e+0,
-1.299218750e+1,7.581250000e-1,1.599218750e+0,
-1.300781250e+1,6.796875000e-1,1.802343750e+0,
-1.499218750e+1,6.803125000e-1,1.900000000e+0,
-1.600781250e+1,7.171875000e-1,2.001562500e+0,
-1.400781250e+1,7.606250000e-1,1.897656250e+0,
-1.499218750e+1,6.390625000e-1,2.300000000e+0,
-1.403125000e+1,6.806250000e-1,1.900781250e+0,
-1.298437500e+1,7.993750000e-1,1.998437500e+0,
-1.496875000e+1,8.000000000e-1,1.900000000e+0,
-1.500000000e+1,7.212500000e-1,1.997656250e+0,
-1.603906250e+1,6.768750000e-1,2.100781250e+0,
-1.699218750e+1,7.996875000e-1,2.000000000e+0,
-1.295312500e+1,6.406250000e-1,2.200781250e+0,
-1.203906250e+1,8.800000000e-1,1.700000000e+0,
-1.399218750e+1,6.393750000e-1,2.001562500e+0,
-1.200000000e+1,7.234375000e-1,1.800000000e+0,
-1.496875000e+1,8.821875000e-1,1.898437500e+0,
-1.502343750e+1,7.203125000e-1,1.900000000e+0,
-1.399218750e+1,7.612500000e-1,2.000000000e+0,
-1.501562500e+1,7.993750000e-1,1.900000000e+0,
-1.298437500e+1,7.193750000e-1,2.200781250e+0,
-1.600000000e+1,7.612500000e-1,1.999218750e+0,
-1.296875000e+1,8.003125000e-1,2.000781250e+0,
-1.403125000e+1,6.803125000e-1,1.699218750e+0,
-1.500000000e+1,7.200000000e-1,1.900000000e+0,
-1.297656250e+1,7.200000000e-1,2.000000000e+0,
-1.200781250e+1,8.400000000e-1,2.100000000e+0,
-1.500000000e+1,8.787500000e-1,1.999218750e+0,
-1.299218750e+1,7.600000000e-1,2.000000000e+0,
-1.201562500e+1,7.600000000e-1,1.798437500e+0,
-1.300000000e+1,7.200000000e-1,2.300781250e+0,
-1.200781250e+1,7.200000000e-1,2.003125000e+0,
-1.100781250e+1,7.590625000e-1,2.099218750e+0,
-1.298437500e+1,9.190625000e-1,2.199218750e+0,
-1.500781250e+1,7.190625000e-1,2.000000000e+0,
-1.200000000e+1,8.393750000e-1,1.996093750e+0,
-1.600000000e+1,7.606250000e-1,2.303125000e+0,
-1.400000000e+1,8.400000000e-1,1.900000000e+0,
-1.098437500e+1,7.593750000e-1,2.200781250e+0,
-1.203125000e+1,8.009375000e-1,2.193750000e+0,
-1.500781250e+1,7.968750000e-1,1.998437500e+0,
-1.398437500e+1,6.796875000e-1,2.200000000e+0,
-1.100000000e+1,7.984375000e-1,2.499218750e+0,
-1.300000000e+1,8.403125000e-1,2.100000000e+0,
-1.300000000e+1,9.200000000e-1,2.198437500e+0,
-1.100000000e+1,8.000000000e-1,2.399218750e+0,
-1.396875000e+1,8.803125000e-1,2.200000000e+0,
-1.207812500e+1,8.400000000e-1,2.300781250e+0,
-7.992187500e+0,8.800000000e-1,2.000000000e+0,
-1.308593750e+1,8.021875000e-1,2.199218750e+0,
-1.296875000e+1,7.993750000e-1,2.200000000e+0,
-1.100781250e+1,9.196875000e-1,2.101562500e+0,
-1.096875000e+1,8.393750000e-1,2.600000000e+0,
-9.023437500e+0,8.800000000e-1,2.201562500e+0,
-1.302343750e+1,8.000000000e-1,2.200000000e+0,
-1.103906250e+1,8.393750000e-1,2.297656250e+0,
-1.100000000e+1,9.603125000e-1,2.400781250e+0,
-1.100000000e+1,7.200000000e-1,2.000000000e+0,
-1.203125000e+1,9.212500000e-1,2.302343750e+0,
-8.000000000e+0,7.971875000e-1,2.300000000e+0,
-1.295312500e+1,8.003125000e-1,2.300000000e+0,
-1.207031250e+1,9.203125000e-1,2.300000000e+0,
-1.099218750e+1,9.203125000e-1,2.501562500e+0,
-1.101562500e+1,9.200000000e-1,2.200000000e+0,
-1.097656250e+1,9.200000000e-1,2.401562500e+0,
-9.023437500e+0,8.787500000e-1,2.299218750e+0,
-1.200000000e+1,8.000000000e-1,2.200781250e+0,
-8.000000000e+0,8.800000000e-1,2.099218750e+0,
-1.100000000e+1,9.200000000e-1,2.201562500e+0,
-8.000000000e+0,9.175000000e-1,2.500781250e+0,
-1.100000000e+1,9.606250000e-1,2.100000000e+0,
-9.000000000e+0,7.993750000e-1,2.100000000e+0,
-1.100781250e+1,8.812500000e-1,2.098437500e+0,
-1.100000000e+1,9.200000000e-1,2.300000000e+0,
-6.984375000e+0,7.593750000e-1,2.400000000e+0,
-1.200781250e+1,8.378125000e-1,2.392968750e+0,
-8.968750000e+0,8.793750000e-1,2.700000000e+0,
-9.023437500e+0,9.593750000e-1,2.297656250e+0,
-8.976562500e+0,8.800000000e-1,2.400000000e+0,
-6.992187500e+0,9.600000000e-1,2.396875000e+0,
-8.007812500e+0,8.384375000e-1,2.303906250e+0,
-8.000000000e+0,8.803125000e-1,2.698437500e+0,
-8.007812500e+0,8.771875000e-1,2.600781250e+0,
-8.992187500e+0,1.000000000e+0,2.500000000e+0,
-1.000000000e+1,9.596875000e-1,2.598437500e+0,
-9.007812500e+0,9.206250000e-1,2.501562500e+0,
-8.007812500e+0,8.000000000e-1,2.199218750e+0,
-8.015625000e+0,9.200000000e-1,2.299218750e+0,
-7.015625000e+0,8.409375000e-1,2.299218750e+0,
-9.023437500e+0,8.778125000e-1,2.499218750e+0,
-7.984375000e+0,9.196875000e-1,2.399218750e+0,
-6.992187500e+0,9.596875000e-1,2.700781250e+0,
-7.007812500e+0,1.000000000e+0,2.400000000e+0,
-6.992187500e+0,9.193750000e-1,2.699218750e+0,
-7.015625000e+0,9.200000000e-1,2.602343750e+0,
-8.992187500e+0,8.775000000e-1,2.500000000e+0,
-9.007812500e+0,9.596875000e-1,2.500000000e+0,
-8.015625000e+0,8.000000000e-1,2.399218750e+0,
-6.000000000e+0,9.203125000e-1,2.600781250e+0,
-8.007812500e+0,9.206250000e-1,2.396093750e+0,
-5.992187500e+0,9.996875000e-1,2.200000000e+0,
-8.984375000e+0,9.596875000e-1,2.500000000e+0,
-6.984375000e+0,1.080000000e+0,2.802343750e+0,
-8.007812500e+0,9.600000000e-1,2.401562500e+0,
-7.000000000e+0,9.600000000e-1,2.700000000e+0,
-7.000000000e+0,9.200000000e-1,2.800000000e+0,
-6.000000000e+0,1.000312500e+0,2.703125000e+0,
-7.007812500e+0,9.600000000e-1,2.400000000e+0,
-8.007812500e+0,9.612500000e-1,2.700000000e+0,
-9.000000000e+0,8.409375000e-1,2.500000000e+0,
-8.000000000e+0,8.790625000e-1,2.699218750e+0,
-6.000000000e+0,9.990625000e-1,2.500000000e+0,
-6.000000000e+0,1.079375000e+0,2.498437500e+0,
-7.000000000e+0,9.593750000e-1,2.800781250e+0,
-6.015625000e+0,9.200000000e-1,2.600000000e+0,
-4.000000000e+0,9.996875000e-1,2.997656250e+0,
-6.000000000e+0,9.596875000e-1,2.703125000e+0,
-7.984375000e+0,1.039687500e+0,2.600000000e+0,
-3.976562500e+0,1.039062500e+0,2.702343750e+0,
-4.023437500e+0,1.000000000e+0,2.900000000e+0,
-5.000000000e+0,1.040000000e+0,2.599218750e+0,
-4.000000000e+0,1.000000000e+0,2.800000000e+0,
-4.992187500e+0,9.996875000e-1,2.600000000e+0,
-4.023437500e+0,1.080000000e+0,2.798437500e+0,
-3.015625000e+0,1.040000000e+0,2.700000000e+0,
-2.960937500e+0,1.080000000e+0,2.700000000e+0,
-4.976562500e+0,9.593750000e-1,2.700000000e+0,
-5.000000000e+0,9.193750000e-1,2.600000000e+0,
-4.992187500e+0,9.981250000e-1,2.599218750e+0,
-2.992187500e+0,1.040312500e+0,2.797656250e+0,
-3.007812500e+0,1.039375000e+0,2.899218750e+0,
-4.007812500e+0,1.079062500e+0,2.995312500e+0,
-3.984375000e+0,9.600000000e-1,2.499218750e+0,
-3.007812500e+0,1.080000000e+0,3.200000000e+0,
-5.000000000e+0,1.040625000e+0,2.600000000e+0,
-2.960937500e+0,1.038750000e+0,2.889843750e+0,
-7.992187500e+0,1.040000000e+0,2.800000000e+0,
-4.015625000e+0,1.040625000e+0,2.699218750e+0,
-4.000000000e+0,1.120625000e+0,2.803125000e+0,
-2.992187500e+0,1.036562500e+0,3.000000000e+0,
-4.976562500e+0,9.606250000e-1,2.898437500e+0,
-3.953125000e+0,1.079687500e+0,2.800000000e+0,
-9.921875000e-1,1.040000000e+0,2.700000000e+0,
-3.015625000e+0,1.120000000e+0,2.800000000e+0,
-3.984375000e+0,1.078437500e+0,2.800000000e+0,
-2.000000000e+0,1.040312500e+0,2.900000000e+0,
-2.984375000e+0,1.120000000e+0,2.799218750e+0,
-6.000000000e+0,1.078437500e+0,3.003906250e+0,
-9.843750000e-1,1.038750000e+0,3.200000000e+0,
-2.000000000e+0,1.158437500e+0,3.000000000e+0,
-1.007812500e+0,1.239062500e+0,2.900000000e+0,
-1.000000000e+0,1.078125000e+0,3.000000000e+0,
-2.992187500e+0,1.080000000e+0,2.800781250e+0,
-2.984375000e+0,1.119375000e+0,2.800781250e+0,
-5.000000000e+0,1.000000000e+0,3.095312500e+0,
-3.015625000e+0,1.078750000e+0,3.098437500e+0,
-1.000000000e+0,1.120312500e+0,2.801562500e+0,
-2.023437500e+0,1.158750000e+0,3.200000000e+0,
-3.000000000e+0,1.039375000e+0,2.896875000e+0,
-2.000000000e+0,1.081250000e+0,2.799218750e+0,
-3.000000000e+0,1.119687500e+0,2.799218750e+0,
-1.000000000e+0,1.118750000e+0,3.000000000e+0,
-2.992187500e+0,1.200312500e+0,2.900000000e+0,
-3.015625000e+0,1.198750000e+0,3.000000000e+0,
-2.000000000e+0,1.079687500e+0,2.900000000e+0,
-3.015625000e+0,1.160000000e+0,3.102343750e+0,
-1.562500000e-2,1.239375000e+0,3.500000000e+0,
-9.921875000e-1,1.120625000e+0,3.100000000e+0,
0.000000000e+0,1.037500000e+0,2.898437500e+0,
-1.007812500e+0,1.160000000e+0,3.201562500e+0,
2.343750000e-2,1.119687500e+0,3.399218750e+0,
9.921875000e-1,1.200312500e+0,3.296875000e+0,
-7.812500000e-3,1.197812500e+0,2.999218750e+0,
7.812500000e-3,1.040312500e+0,3.098437500e+0,
-9.609375000e-1,1.161250000e+0,3.398437500e+0,
-4.007812500e+0,1.000000000e+0,3.395312500e+0,
-1.007812500e+0,1.161875000e+0,2.798437500e+0,
-2.007812500e+0,1.159375000e+0,3.003906250e+0,
-1.562500000e-2,1.001250000e+0,3.301562500e+0,
0.000000000e+0,1.120000000e+0,3.299218750e+0,
1.562500000e-2,1.040000000e+0,3.200000000e+0,
-9.921875000e-1,1.275625000e+0,3.100000000e+0,
-7.812500000e-3,1.239062500e+0,3.300000000e+0,
-3.000000000e+0,1.239687500e+0,3.099218750e+0,
1.015625000e+0,1.160000000e+0,3.200000000e+0,
9.921875000e-1,1.160625000e+0,3.100000000e+0,
2.000000000e+0,1.280000000e+0,3.198437500e+0,
2.000000000e+0,1.280312500e+0,3.400000000e+0,
-1.000000000e+0,1.279375000e+0,3.300000000e+0,
1.984375000e+0,1.280625000e+0,3.297656250e+0,
2.000000000e+0,1.160312500e+0,3.500000000e+0,
1.023437500e+0,1.199062500e+0,3.300781250e+0,
-1.562500000e-2,1.040000000e+0,3.299218750e+0,
3.968750000e+0,1.239375000e+0,3.200781250e+0,
3.015625000e+0,1.200937500e+0,3.099218750e+0,
-1.000000000e+0,1.240000000e+0,3.200000000e+0,
1.015625000e+0,1.200000000e+0,3.199218750e+0,
1.007812500e+0,1.240312500e+0,3.200781250e+0,
1.976562500e+0,1.198750000e+0,3.199218750e+0,
-1.000000000e+0,1.159375000e+0,3.099218750e+0,
2.984375000e+0,1.160937500e+0,3.200000000e+0,
3.000000000e+0,1.279062500e+0,3.296093750e+0,
2.992187500e+0,1.200937500e+0,3.600781250e+0,
4.023437500e+0,1.159687500e+0,3.298437500e+0,
3.906250000e-2,1.160312500e+0,3.499218750e+0,
9.375000000e-1,1.240000000e+0,3.501562500e+0,
3.976562500e+0,1.160000000e+0,3.300000000e+0,
3.984375000e+0,1.239062500e+0,3.399218750e+0,
2.960937500e+0,1.240000000e+0,3.300000000e+0,
9.921875000e-1,1.239687500e+0,3.400000000e+0,
2.039062500e+0,1.200312500e+0,3.300781250e+0,
2.937500000e+0,1.280000000e+0,3.200000000e+0,
-9.843750000e-1,1.199687500e+0,3.200781250e+0,
5.039062500e+0,1.201875000e+0,3.498437500e+0,
4.046875000e+0,1.359687500e+0,3.600000000e+0,
2.007812500e+0,1.240625000e+0,3.498437500e+0,
2.000000000e+0,1.199375000e+0,3.200000000e+0,
1.976562500e+0,1.201250000e+0,3.700000000e+0,
4.023437500e+0,1.400312500e+0,3.496093750e+0,
3.125000000e-2,1.278125000e+0,3.500000000e+0,
2.039062500e+0,1.239687500e+0,3.501562500e+0,
2.992187500e+0,1.160000000e+0,3.199218750e+0,
3.000000000e+0,1.200000000e+0,3.300000000e+0,
2.992187500e+0,1.201250000e+0,3.400000000e+0,
2.000000000e+0,1.400000000e+0,3.400000000e+0,
3.000000000e+0,1.196562500e+0,3.499218750e+0,
4.000000000e+0,1.160000000e+0,3.300000000e+0,
3.007812500e+0,1.319062500e+0,3.398437500e+0,
5.000000000e+0,1.240312500e+0,3.600000000e+0,
2.000000000e+0,1.240000000e+0,3.399218750e+0,
4.007812500e+0,1.200312500e+0,3.700000000e+0,
3.984375000e+0,1.160000000e+0,3.400000000e+0,
7.000000000e+0,1.241250000e+0,3.700000000e+0,
4.039062500e+0,1.319687500e+0,3.600000000e+0,
2.000000000e+0,1.360625000e+0,3.701562500e+0,
5.000000000e+0,1.319687500e+0,3.500000000e+0,
4.000000000e+0,1.320000000e+0,3.700000000e+0,
6.000000000e+0,1.279687500e+0,3.495312500e+0,
4.992187500e+0,1.280625000e+0,3.500781250e+0,
6.000000000e+0,1.279375000e+0,3.600000000e+0,
6.000000000e+0,1.239375000e+0,3.600000000e+0,
4.000000000e+0,1.320625000e+0,3.600000000e+0,
4.000000000e+0,1.280312500e+0,3.399218750e+0,
5.984375000e+0,1.200000000e+0,3.800781250e+0,
6.992187500e+0,1.281250000e+0,3.500000000e+0,
7.007812500e+0,1.400000000e+0,3.598437500e+0,
6.015625000e+0,1.321250000e+0,3.800000000e+0,
5.039062500e+0,1.241250000e+0,3.701562500e+0,
8.007812500e+0,1.279375000e+0,3.400781250e+0,
4.929687500e+0,1.400312500e+0,3.501562500e+0,
2.960937500e+0,1.158750000e+0,3.900000000e+0,
2.046875000e+0,1.321875000e+0,3.500000000e+0,
5.984375000e+0,1.360000000e+0,3.900000000e+0,
2.007812500e+0,1.320312500e+0,3.603125000e+0,
5.945312500e+0,1.279687500e+0,3.599218750e+0,
5.000000000e+0,1.359062500e+0,3.700000000e+0,
4.992187500e+0,1.358437500e+0,3.801562500e+0,
4.992187500e+0,1.281875000e+0,3.899218750e+0,
5.023437500e+0,1.480312500e+0,3.600000000e+0,
2.968750000e+0,1.359375000e+0,3.600000000e+0,
6.031250000e+0,1.321875000e+0,3.700781250e+0,
6.023437500e+0,1.200000000e+0,3.599218750e+0,
9.023437500e+0,1.320000000e+0,3.800781250e+0,
7.953125000e+0,1.280312500e+0,3.699218750e+0,
5.000000000e+0,1.400000000e+0,3.700000000e+0,
9.000000000e+0,1.320000000e+0,3.602343750e+0,
6.000000000e+0,1.439687500e+0,4.100781250e+0,
6.007812500e+0,1.248437500e+0,3.803906250e+0,
6.000000000e+0,1.198437500e+0,3.800000000e+0,
6.000000000e+0,1.400937500e+0,3.700000000e+0,
7.007812500e+0,1.399062500e+0,3.697656250e+0,
9.000000000e+0,1.360000000e+0,3.900000000e+0,
9.046875000e+0,1.401250000e+0,3.900000000e+0,
4.992187500e+0,1.482500000e+0,3.802343750e+0,
7.023437500e+0,1.280625000e+0,3.700000000e+0,
8.015625000e+0,1.401562500e+0,3.800000000e+0,
8.968750000e+0,1.398125000e+0,3.900781250e+0,
7.015625000e+0,1.320000000e+0,4.100781250e+0,
1.000000000e+1,1.401875000e+0,3.996875000e+0,
7.000000000e+0,1.399375000e+0,3.900000000e+0,
8.007812500e+0,1.396250000e+0,3.900000000e+0,
8.992187500e+0,1.480000000e+0,3.900781250e+0,
9.015625000e+0,1.360000000e+0,4.100781250e+0,
7.992187500e+0,1.400625000e+0,3.800000000e+0,
1.100781250e+1,1.200000000e+0,4.000000000e+0,
7.992187500e+0,1.360625000e+0,3.800781250e+0,
1.101562500e+1,1.399375000e+0,3.799218750e+0,
6.937500000e+0,1.475937500e+0,3.900781250e+0,
8.031250000e+0,1.560312500e+0,4.000000000e+0,
1.101562500e+1,1.400000000e+0,3.900781250e+0,
9.976562500e+0,1.520000000e+0,3.900000000e+0,
9.984375000e+0,1.398125000e+0,3.899218750e+0,
9.023437500e+0,1.399375000e+0,4.102343750e+0,
1.199218750e+1,1.517187500e+0,3.700781250e+0,
1.002343750e+1,1.479375000e+0,4.000000000e+0,
1.000000000e+1,1.360000000e+0,3.900781250e+0,
1.000000000e+1,1.480000000e+0,3.800000000e+0,
8.984375000e+0,1.357187500e+0,4.003125000e+0,
1.099218750e+1,1.320312500e+0,4.300000000e+0,
9.062500000e+0,1.399375000e+0,4.000000000e+0,
8.046875000e+0,1.477187500e+0,4.100000000e+0,
1.303125000e+1,1.520000000e+0,3.900000000e+0,
1.096093750e+1,1.440312500e+0,4.100000000e+0,
8.992187500e+0,1.440000000e+0,3.999218750e+0,
1.000000000e+1,1.480312500e+0,4.100000000e+0,
1.100000000e+1,1.520000000e+0,4.000000000e+0,
1.098437500e+1,1.481250000e+0,4.100000000e+0,
8.000000000e+0,1.439687500e+0,4.099218750e+0,
1.200000000e+1,1.480000000e+0,4.102343750e+0,
1.000000000e+1,1.440000000e+0,3.900000000e+0,
8.000000000e+0,1.479375000e+0,4.298437500e+0,
9.007812500e+0,1.400000000e+0,4.304687500e+0,
1.099218750e+1,1.480000000e+0,3.900000000e+0,
1.100000000e+1,1.519062500e+0,4.293750000e+0,
1.100000000e+1,1.559687500e+0,4.203125000e+0,
1.199218750e+1,1.600000000e+0,4.000000000e+0,
1.100000000e+1,1.518750000e+0,4.202343750e+0,
1.300000000e+1,1.520937500e+0,4.200000000e+0,
1.200000000e+1,1.559687500e+0,4.001562500e+0,
1.300781250e+1,1.480000000e+0,4.200000000e+0,
1.103125000e+1,1.560000000e+0,3.800000000e+0,
1.097656250e+1,1.440000000e+0,4.292187500e+0,
1.200000000e+1,1.440000000e+0,4.500000000e+0,
1.104687500e+1,1.441562500e+0,4.398437500e+0,
9.984375000e+0,1.680000000e+0,4.099218750e+0,
1.099218750e+1,1.482500000e+0,4.300000000e+0,
1.100781250e+1,1.476562500e+0,4.100781250e+0,
1.199218750e+1,1.520625000e+0,4.296093750e+0,
1.000000000e+1,1.399687500e+0,4.400000000e+0,
1.200000000e+1,1.519375000e+0,4.296875000e+0,
1.100000000e+1,1.440937500e+0,4.198437500e+0,
1.199218750e+1,1.720000000e+0,4.600000000e+0,
9.000000000e+0,1.561250000e+0,4.400000000e+0,
1.294531250e+1,1.599687500e+0,4.407812500e+0,
1.202343750e+1,1.520000000e+0,4.000000000e+0,
1.100000000e+1,1.600312500e+0,4.402343750e+0,
1.101562500e+1,1.558750000e+0,4.199218750e+0,
9.000000000e+0,1.559687500e+0,4.400000000e+0,
1.195312500e+1,1.520000000e+0,4.200781250e+0,
1.400000000e+1,1.559687500e+0,4.400000000e+0,
1.400781250e+1,1.560000000e+0,4.000000000e+0,
1.499218750e+1,1.560000000e+0,4.702343750e+0,
1.299218750e+1,1.559375000e+0,4.294531250e+0,
1.400000000e+1,1.519375000e+0,4.300000000e+0,
1.300781250e+1,1.520000000e+0,4.498437500e+0,
1.200000000e+1,1.640312500e+0,4.199218750e+0,
1.200781250e+1,1.562187500e+0,4.497656250e+0,
1.399218750e+1,1.559375000e+0,4.500000000e+0,
1.300000000e+1,1.600000000e+0,4.499218750e+0,
1.300000000e+1,1.558750000e+0,4.400781250e+0,
1.199218750e+1,1.520000000e+0,4.200781250e+0,
1.498437500e+1,1.600625000e+0,4.200781250e+0,
1.400000000e+1,1.600000000e+0,4.496875000e+0,
1.499218750e+1,1.560937500e+0,4.399218750e+0,
1.498437500e+1,1.479062500e+0,4.300000000e+0,
1.100000000e+1,1.524062500e+0,4.400000000e+0,
1.500781250e+1,1.760312500e+0,4.397656250e+0,
1.400000000e+1,1.636875000e+0,4.200000000e+0,
1.400000000e+1,1.600625000e+0,4.399218750e+0,
1.199218750e+1,1.641562500e+0,4.399218750e+0,
1.299218750e+1,1.559687500e+0,4.600000000e+0,
1.299218750e+1,1.600312500e+0,4.400000000e+0,
1.499218750e+1,1.559687500e+0,4.300000000e+0,
1.400781250e+1,1.560000000e+0,4.600781250e+0,
1.497656250e+1,1.642187500e+0,4.500000000e+0,
1.503125000e+1,1.720000000e+0,4.200000000e+0,
1.197656250e+1,1.606250000e+0,4.498437500e+0,
1.302343750e+1,1.480000000e+0,4.400000000e+0,
1.400000000e+1,1.601250000e+0,4.498437500e+0,
1.502343750e+1,1.640000000e+0,4.697656250e+0,
1.699218750e+1,1.599062500e+0,4.400000000e+0,
1.600781250e+1,1.560000000e+0,4.699218750e+0,
1.800000000e+1,1.599375000e+0,4.500000000e+0,
1.503906250e+1,1.600000000e+0,4.601562500e+0,
1.500000000e+1,1.640625000e+0,4.599218750e+0,
1.399218750e+1,1.679687500e+0,4.498437500e+0,
1.597656250e+1,1.600625000e+0,4.399218750e+0,
1.701562500e+1,1.638437500e+0,4.601562500e+0,
1.503125000e+1,1.520000000e+0,4.800000000e+0,
1.605468750e+1,1.714375000e+0,4.398437500e+0,
2.000000000e+1,1.718125000e+0,4.500000000e+0,
1.696875000e+1,1.559687500e+0,4.500000000e+0,
1.599218750e+1,1.680000000e+0,4.600000000e+0,
1.600000000e+1,1.678750000e+0,4.698437500e+0,
1.600000000e+1,1.640000000e+0,4.900000000e+0,
1.600000000e+1,1.800625000e+0,4.598437500e+0,
1.500000000e+1,1.600625000e+0,4.600000000e+0,
1.499218750e+1,1.758437500e+0,4.498437500e+0,
1.700000000e+1,1.720312500e+0,4.700000000e+0,
1.500000000e+1,1.638437500e+0,4.400000000e+0,
1.699218750e+1,1.520000000e+0,4.598437500e+0,
1.598437500e+1,1.759375000e+0,4.500000000e+0,
1.900000000e+1,1.643750000e+0,4.598437500e+0,
1.600000000e+1,1.680625000e+0,4.600000000e+0,
1.598437500e+1,1.800000000e+0,4.601562500e+0,
1.300781250e+1,1.637187500e+0,4.696093750e+0,
1.702343750e+1,1.682500000e+0,4.399218750e+0,
1.598437500e+1,1.719687500e+0,4.603125000e+0,
1.600000000e+1,1.638750000e+0,4.598437500e+0,
1.498437500e+1,1.595312500e+0,4.500000000e+0,
1.998437500e+1,1.759375000e+0,4.599218750e+0,
1.805468750e+1,1.719687500e+0,4.600000000e+0,
1.696093750e+1,1.759687500e+0,4.600000000e+0,
2.000000000e+1,1.680000000e+0,4.499218750e+0,
1.607812500e+1,1.720000000e+0,4.700000000e+0,
1.500000000e+1,1.760937500e+0,4.598437500e+0,
1.607031250e+1,1.641250000e+0,4.897656250e+0,
1.998437500e+1,1.680000000e+0,4.798437500e+0,
1.699218750e+1,1.679062500e+0,4.601562500e+0,
2.000000000e+1,1.640000000e+0,4.400000000e+0,
1.699218750e+1,1.799687500e+0,4.904687500e+0,
1.899218750e+1,1.598750000e+0,5.000781250e+0,
1.600000000e+1,1.715937500e+0,4.603906250e+0,
1.896093750e+1,1.680312500e+0,4.700781250e+0,
1.804687500e+1,1.639687500e+0,4.800000000e+0,
1.500000000e+1,1.640000000e+0,4.800000000e+0,
1.696875000e+1,1.680312500e+0,4.695312500e+0,
1.700000000e+1,1.719687500e+0,4.400000000e+0,
1.697656250e+1,1.680000000e+0,4.696093750e+0,
1.500781250e+1,1.679375000e+0,4.799218750e+0,
1.699218750e+1,1.639375000e+0,4.500000000e+0,
1.499218750e+1,1.521875000e+0,4.700000000e+0,
1.901562500e+1,1.840000000e+0,4.800000000e+0,
2.000000000e+1,1.556250000e+0,4.800000000e+0,
1.897656250e+1,1.600000000e+0,4.900000000e+0,
1.499218750e+1,1.719375000e+0,4.600781250e+0,
1.699218750e+1,1.719687500e+0,4.700000000e+0,
1.698437500e+1,1.760000000e+0,4.600000000e+0,
2.000000000e+1,1.640312500e+0,4.699218750e+0,
1.702343750e+1,1.639687500e+0,4.699218750e+0,
1.399218750e+1,1.560312500e+0,4.600000000e+0,
1.895312500e+1,1.679062500e+0,4.899218750e+0,
2.000000000e+1,1.681875000e+0,4.703125000e+0,
1.700000000e+1,1.680625000e+0,4.799218750e+0,
1.800781250e+1,1.760312500e+0,4.800000000e+0,
1.801562500e+1,1.719062500e+0,4.800781250e+0,
1.998437500e+1,1.679062500e+0,4.900000000e+0,
1.599218750e+1,1.639687500e+0,5.000000000e+0,
1.900000000e+1,1.640000000e+0,5.099218750e+0,
1.800000000e+1,1.680625000e+0,4.800000000e+0,
1.900000000e+1,1.799687500e+0,4.599218750e+0,
1.800000000e+1,1.760000000e+0,4.902343750e+0,
1.900781250e+1,1.638750000e+0,4.900000000e+0,
1.700000000e+1,1.600625000e+0,4.800000000e+0,
1.897656250e+1,1.799375000e+0,4.900000000e+0,
1.793750000e+1,1.723125000e+0,5.100000000e+0,
1.602343750e+1,1.719687500e+0,4.900781250e+0,
2.002343750e+1,1.800312500e+0,4.800000000e+0,
1.797656250e+1,1.599687500e+0,5.000000000e+0,
1.900000000e+1,1.801875000e+0,4.899218750e+0,
1.799218750e+1,1.760000000e+0,5.200000000e+0,
1.898437500e+1,1.640000000e+0,4.900781250e+0,
1.900000000e+1,1.759375000e+0,4.900781250e+0,
1.900000000e+1,1.761250000e+0,4.600000000e+0,
1.799218750e+1,1.640000000e+0,4.903125000e+0,
1.997656250e+1,1.720625000e+0,4.899218750e+0,
2.003906250e+1,1.680000000e+0,4.700000000e+0,
1.699218750e+1,1.760625000e+0,5.000000000e+0,
1.900781250e+1,1.840000000e+0,4.900781250e+0,
1.801562500e+1,1.760000000e+0,4.999218750e+0,
2.103125000e+1,1.720000000e+0,5.000000000e+0,
2.097656250e+1,1.800625000e+0,4.898437500e+0,
2.000000000e+1,1.759687500e+0,4.600781250e+0,
2.099218750e+1,1.720000000e+0,4.703125000e+0,
1.800000000e+1,1.800312500e+0,5.000781250e+0,
2.001562500e+1,1.802812500e+0,4.901562500e+0,
1.900000000e+1,1.720312500e+0,4.900000000e+0,
1.900000000e+1,1.761250000e+0,4.800000000e+0,
1.799218750e+1,1.799687500e+0,4.799218750e+0,
1.800000000e+1,1.640000000e+0,4.800000000e+0,
1.999218750e+1,1.680937500e+0,4.800000000e+0,
1.899218750e+1,1.759687500e+0,5.102343750e+0,
1.901562500e+1,1.760000000e+0,4.700000000e+0,
2.100781250e+1,1.719375000e+0,4.900781250e+0,
1.996875000e+1,1.639062500e+0,4.800781250e+0,
2.003125000e+1,1.681250000e+0,5.106250000e+0,
2.200000000e+1,1.840625000e+0,5.194531250e+0,
2.000000000e+1,1.799687500e+0,4.800781250e+0,
2.000000000e+1,1.843750000e+0,5.000000000e+0,
2.100781250e+1,1.720000000e+0,4.700000000e+0,
1.800781250e+1,1.920312500e+0,4.997656250e+0,
2.097656250e+1,1.720625000e+0,4.900000000e+0,
2.302343750e+1,1.720000000e+0,4.900000000e+0,
2.003125000e+1,1.680312500e+0,4.999218750e+0,
2.000000000e+1,1.800625000e+0,4.902343750e+0,
2.002343750e+1,1.678437500e+0,4.801562500e+0,
2.097656250e+1,1.919375000e+0,5.198437500e+0,
1.802343750e+1,1.840312500e+0,5.106250000e+0,
2.200000000e+1,1.840000000e+0,4.800000000e+0,
1.796875000e+1,1.760000000e+0,5.299218750e+0,
2.003125000e+1,1.800312500e+0,5.005468750e+0,
2.001562500e+1,1.679375000e+0,4.801562500e+0,
1.899218750e+1,1.800000000e+0,4.700000000e+0,
2.099218750e+1,1.680000000e+0,4.899218750e+0,
2.100781250e+1,1.720000000e+0,4.897656250e+0,
1.800000000e+1,1.720625000e+0,4.800000000e+0,
2.000000000e+1,1.800312500e+0,4.900000000e+0,
1.799218750e+1,1.800000000e+0,4.800000000e+0,
2.103125000e+1,1.757812500e+0,4.998437500e+0,
2.099218750e+1,1.840000000e+0,5.001562500e+0,
2.099218750e+1,1.800000000e+0,4.900000000e+0,
2.000000000e+1,1.839687500e+0,5.102343750e+0,
2.100000000e+1,1.759375000e+0,5.103125000e+0,
2.000000000e+1,1.759062500e+0,4.700000000e+0,
2.100000000e+1,1.801562500e+0,5.001562500e+0,
2.099218750e+1,1.678750000e+0,5.100000000e+0,
2.000000000e+1,1.879375000e+0,5.100000000e+0,
2.000000000e+1,1.720312500e+0,5.000000000e+0,
2.000000000e+1,1.761875000e+0,4.900000000e+0,
2.100000000e+1,1.840000000e+0,4.998437500e+0,
2.000000000e+1,1.760000000e+0,5.200000000e+0,
2.099218750e+1,1.757187500e+0,5.305468750e+0,
2.100000000e+1,1.840000000e+0,4.803125000e+0,
1.799218750e+1,1.760312500e+0,4.801562500e+0,
2.203906250e+1,1.760937500e+0,5.105468750e+0,
2.398437500e+1,1.842187500e+0,5.500000000e+0,
2.199218750e+1,1.919687500e+0,4.799218750e+0,
2.202343750e+1,1.800000000e+0,5.300000000e+0,
2.000000000e+1,1.879375000e+0,4.900000000e+0,
2.196875000e+1,1.960000000e+0,5.296875000e+0,
2.298437500e+1,1.840312500e+0,5.100000000e+0,
2.303906250e+1,1.840625000e+0,5.100000000e+0,
2.102343750e+1,1.880000000e+0,5.201562500e+0,
2.194531250e+1,1.840625000e+0,4.900000000e+0,
2.196875000e+1,1.800625000e+0,5.196093750e+0,
2.000781250e+1,1.760000000e+0,5.302343750e+0,
2.400000000e+1,1.720000000e+0,5.000781250e+0,
1.999218750e+1,1.720312500e+0,5.000000000e+0,
2.202343750e+1,1.760312500e+0,5.098437500e+0,
2.300781250e+1,1.760000000e+0,5.400000000e+0,
2.400000000e+1,1.719687500e+0,5.100000000e+0,
2.303906250e+1,1.836562500e+0,5.196875000e+0,
2.100000000e+1,1.840000000e+0,5.100000000e+0,
2.199218750e+1,1.841250000e+0,5.000000000e+0,
2.301562500e+1,1.916250000e+0,5.102343750e+0,
2.295312500e+1,1.677812500e+0,5.200000000e+0,
2.700781250e+1,1.842812500e+0,5.099218750e+0,
2.193750000e+1,1.880000000e+0,5.100000000e+0,
2.203906250e+1,1.800000000e+0,5.000000000e+0,
2.400000000e+1,1.880000000e+0,5.101562500e+0,
2.299218750e+1,1.879062500e+0,5.300781250e+0,
2.500781250e+1,1.839375000e+0,5.300000000e+0,
2.501562500e+1,1.840000000e+0,5.198437500e+0,
2.100000000e+1,1.920000000e+0,5.203125000e+0,
2.400000000e+1,1.842812500e+0,5.499218750e+0,
2.200781250e+1,1.838437500e+0,5.300000000e+0,
2.200000000e+1,1.959375000e+0,5.200000000e+0,
2.100000000e+1,1.799375000e+0,5.300781250e+0,
2.198437500e+1,1.920000000e+0,5.000000000e+0,
2.500000000e+1,1.839375000e+0,5.300781250e+0,
2.300000000e+1,1.840000000e+0,5.298437500e+0,
2.400000000e+1,1.800312500e+0,5.399218750e+0,
2.300000000e+1,1.840625000e+0,5.097656250e+0,
2.400000000e+1,1.920937500e+0,5.200781250e+0,
2.500781250e+1,1.919062500e+0,5.297656250e+0,
2.700781250e+1,1.880937500e+0,5.103125000e+0,
2.300000000e+1,2.001562500e+0,5.499218750e+0,
2.200781250e+1,1.966562500e+0,5.202343750e+0,
2.499218750e+1,1.760000000e+0,5.300000000e+0,
2.302343750e+1,1.960000000e+0,5.300000000e+0,
2.299218750e+1,1.759687500e+0,5.200000000e+0,
2.397656250e+1,1.920000000e+0,5.200000000e+0,
2.502343750e+1,1.958125000e+0,5.200000000e+0,
2.299218750e+1,1.840312500e+0,5.300000000e+0,
2.603906250e+1,1.879687500e+0,5.503125000e+0,
2.596093750e+1,1.800000000e+0,5.200781250e+0,
2.297656250e+1,1.801562500e+0,5.799218750e+0,
2.300000000e+1,1.919687500e+0,5.395312500e+0,
2.302343750e+1,1.720000000e+0,5.300000000e+0,
2.499218750e+1,1.961562500e+0,5.398437500e+0,
2.300781250e+1,1.882812500e+0,5.599218750e+0,
2.494531250e+1,1.840000000e+0,5.497656250e+0,
2.600000000e+1,1.880312500e+0,5.198437500e+0,
2.398437500e+1,1.879687500e+0,5.202343750e+0,
2.896875000e+1,1.841875000e+0,5.603125000e+0,
2.705468750e+1,1.960625000e+0,5.600000000e+0,
2.500000000e+1,1.880000000e+0,5.700000000e+0,
2.601562500e+1,1.955937500e+0,5.497656250e+0,
2.599218750e+1,1.999062500e+0,5.200000000e+0,
2.500000000e+1,1.839375000e+0,5.401562500e+0,
2.700781250e+1,1.880000000e+0,5.598437500e+0,
2.699218750e+1,1.840000000e+0,5.400000000e+0,
2.900000000e+1,1.920000000e+0,5.600000000e+0,
2.700000000e+1,1.880625000e+0,5.399218750e+0,
2.601562500e+1,1.878750000e+0,5.600000000e+0,
2.299218750e+1,1.960312500e+0,5.501562500e+0,
2.798437500e+1,1.840000000e+0,5.400000000e+0,
2.601562500e+1,1.920937500e+0,5.399218750e+0,
2.700000000e+1,1.960000000e+0,5.499218750e+0,
2.499218750e+1,1.919687500e+0,5.400781250e+0,
2.799218750e+1,2.000000000e+0,5.300000000e+0,
2.600000000e+1,1.919687500e+0,5.400000000e+0,
2.599218750e+1,1.960000000e+0,5.503906250e+0,
2.400000000e+1,1.918125000e+0,5.692968750e+0,
2.601562500e+1,1.921562500e+0,5.199218750e+0,
2.598437500e+1,1.959375000e+0,5.707031250e+0,
2.500000000e+1,1.839375000e+0,5.696875000e+0,
2.599218750e+1,1.915312500e+0,5.303906250e+0,
2.598437500e+1,1.960312500e+0,5.199218750e+0,
2.901562500e+1,1.879375000e+0,5.303125000e+0,
2.403906250e+1,1.880000000e+0,5.600000000e+0,
2.499218750e+1,1.919687500e+0,5.302343750e+0,
2.396875000e+1,1.960000000e+0,5.400000000e+0,
2.699218750e+1,1.880625000e+0,5.500781250e+0,
2.397656250e+1,1.879062500e+0,5.400000000e+0,
2.600000000e+1,1.839687500e+0,5.500000000e+0,
2.501562500e+1,1.801250000e+0,5.498437500e+0,
2.800000000e+1,2.040000000e+0,5.800000000e+0,
2.496875000e+1,1.919687500e+0,5.596875000e+0,
2.500000000e+1,1.960625000e+0,5.400781250e+0,
2.399218750e+1,1.960937500e+0,5.400781250e+0,
2.596875000e+1,1.960000000e+0,5.300000000e+0,
2.701562500e+1,1.960000000e+0,5.400000000e+0,
2.597656250e+1,1.919687500e+0,5.300000000e+0,
2.900781250e+1,1.879687500e+0,5.597656250e+0,
2.503125000e+1,1.880625000e+0,5.099218750e+0,
2.598437500e+1,1.920312500e+0,5.395312500e+0,
2.300781250e+1,1.839687500e+0,5.499218750e+0,
2.701562500e+1,1.920000000e+0,5.200000000e+0,
2.498437500e+1,1.839687500e+0,5.200000000e+0,
2.600000000e+1,1.920000000e+0,5.500000000e+0,
2.500000000e+1,1.877812500e+0,5.299218750e+0,
2.600000000e+1,1.760000000e+0,5.400000000e+0,
2.599218750e+1,1.874375000e+0,5.300000000e+0,
2.600000000e+1,1.960312500e+0,5.399218750e+0,
2.600781250e+1,1.800000000e+0,5.100000000e+0,
2.299218750e+1,1.959687500e+0,5.398437500e+0,
2.498437500e+1,1.878750000e+0,5.399218750e+0,
2.700000000e+1,1.840000000e+0,5.300000000e+0,
2.401562500e+1,1.839687500e+0,5.496875000e+0,
2.400000000e+1,1.803437500e+0,5.606250000e+0,
2.400000000e+1,1.760625000e+0,5.300000000e+0,
2.500000000e+1,1.880937500e+0,5.600000000e+0,
2.398437500e+1,1.878437500e+0,5.392187500e+0,
2.400000000e+1,1.801250000e+0,5.200781250e+0,
2.600781250e+1,1.920625000e+0,5.300000000e+0,
2.600000000e+1,1.920000000e+0,5.200781250e+0,
2.800000000e+1,1.919062500e+0,5.500000000e+0,
2.400000000e+1,1.839687500e+0,5.199218750e+0,
2.698437500e+1,1.960000000e+0,5.600781250e+0,
2.700781250e+1,1.839687500e+0,5.300000000e+0,
2.603906250e+1,1.960000000e+0,5.400000000e+0,
2.300781250e+1,1.882500000e+0,5.300000000e+0,
2.507031250e+1,1.677187500e+0,5.800781250e+0,
2.696875000e+1,1.959375000e+0,5.001562500e+0,
2.295312500e+1,1.840000000e+0,5.301562500e+0,
2.407031250e+1,1.920000000e+0,5.500000000e+0,
2.700781250e+1,1.839687500e+0,5.400000000e+0,
2.493750000e+1,1.920000000e+0,5.400000000e+0,
2.295312500e+1,1.880000000e+0,5.399218750e+0,
2.700000000e+1,1.879687500e+0,5.400781250e+0,
2.300000000e+1,1.920625000e+0,5.200000000e+0,
2.596093750e+1,1.840000000e+0,5.402343750e+0,
2.601562500e+1,1.962187500e+0,5.500000000e+0,
2.402343750e+1,1.959375000e+0,5.400000000e+0,
2.298437500e+1,1.839687500e+0,5.300000000e+0,
2.400781250e+1,1.879687500e+0,5.498437500e+0,
2.403125000e+1,1.840000000e+0,5.400000000e+0,
2.598437500e+1,1.880000000e+0,5.399218750e+0,
2.298437500e+1,1.840312500e+0,5.199218750e+0,
2.500781250e+1,1.920000000e+0,5.300000000e+0,
2.500000000e+1,1.840000000e+0,5.200000000e+0,
2.600000000e+1,1.880312500e+0,5.300000000e+0,
2.400781250e+1,1.917812500e+0,5.198437500e+0,
2.700000000e+1,1.921250000e+0,5.400000000e+0,
2.400000000e+1,1.800625000e+0,5.200000000e+0,
2.401562500e+1,2.000312500e+0,5.399218750e+0,
2.800000000e+1,1.880000000e+0,5.200000000e+0,
2.402343750e+1,1.881250000e+0,5.200000000e+0,
2.600000000e+1,2.000312500e+0,5.199218750e+0,
2.400000000e+1,1.880937500e+0,5.400000000e+0,
2.600781250e+1,1.839687500e+0,5.496875000e+0,
2.396875000e+1,1.801250000e+0,5.200000000e+0,
2.400000000e+1,1.920000000e+0,5.603125000e+0,
2.400000000e+1,1.838125000e+0,5.395312500e+0,
2.500000000e+1,1.881250000e+0,5.399218750e+0,
2.300781250e+1,1.958437500e+0,5.501562500e+0,
2.699218750e+1,1.920000000e+0,4.898437500e+0,
2.500781250e+1,1.800312500e+0,5.194531250e+0,
2.600000000e+1,1.919687500e+0,5.400000000e+0,
2.403906250e+1,1.840000000e+0,5.098437500e+0,
2.299218750e+1,1.920000000e+0,5.099218750e+0,
2.399218750e+1,1.879687500e+0,5.299218750e+0,
2.402343750e+1,1.958125000e+0,5.400781250e+0,
2.599218750e+1,1.920625000e+0,5.600000000e+0,
2.398437500e+1,1.800312500e+0,5.404687500e+0,
2.499218750e+1,1.840000000e+0,5.200000000e+0,
2.297656250e+1,1.879687500e+0,5.400000000e+0,
2.300000000e+1,1.879687500e+0,5.201562500e+0,
2.299218750e+1,1.960000000e+0,5.200781250e+0,
2.399218750e+1,1.879687500e+0,5.100000000e+0,
2.400000000e+1,1.880000000e+0,5.399218750e+0,
2.400000000e+1,1.839687500e+0,5.196093750e+0,
2.302343750e+1,1.799062500e+0,5.099218750e+0,
2.197656250e+1,1.800625000e+0,5.100000000e+0,
2.495312500e+1,1.919375000e+0,5.400000000e+0,
2.496093750e+1,1.920625000e+0,5.203125000e+0,
2.302343750e+1,1.920000000e+0,5.098437500e+0,
2.600000000e+1,1.919687500e+0,5.300000000e+0,
2.198437500e+1,1.959375000e+0,5.300781250e+0,
2.300000000e+1,1.799375000e+0,5.499218750e+0,
2.600000000e+1,1.878750000e+0,5.200000000e+0,
2.298437500e+1,1.881250000e+0,5.000000000e+0,
2.300000000e+1,1.800000000e+0,5.197656250e+0,
2.400000000e+1,1.839687500e+0,5.201562500e+0,
2.200000000e+1,1.800000000e+0,5.100000000e+0,
2.200000000e+1,1.841562500e+0,5.199218750e+0,
1.900000000e+1,1.919687500e+0,5.201562500e+0,
2.297656250e+1,1.800000000e+0,5.200000000e+0,
2.400000000e+1,1.801562500e+0,5.499218750e+0,
2.200000000e+1,1.759375000e+0,5.203125000e+0,
2.099218750e+1,1.960000000e+0,5.100000000e+0,
2.202343750e+1,1.757812500e+0,5.203906250e+0,
2.500000000e+1,1.842187500e+0,5.400000000e+0,
2.399218750e+1,1.839375000e+0,4.799218750e+0,
2.498437500e+1,1.720000000e+0,5.200000000e+0,
2.403125000e+1,1.919687500e+0,5.000000000e+0,
2.202343750e+1,1.800000000e+0,5.295312500e+0,
2.099218750e+1,1.879687500e+0,5.400000000e+0,
2.196875000e+1,1.839375000e+0,5.299218750e+0,
2.297656250e+1,1.840000000e+0,5.199218750e+0,
2.396093750e+1,1.839687500e+0,5.300000000e+0,
2.397656250e+1,1.840625000e+0,5.200000000e+0,
2.200000000e+1,1.800000000e+0,5.298437500e+0,
2.400000000e+1,1.800000000e+0,5.201562500e+0,
2.299218750e+1,1.760312500e+0,4.900000000e+0,
2.198437500e+1,1.799375000e+0,5.198437500e+0,
2.100000000e+1,1.720000000e+0,5.300000000e+0,
2.300000000e+1,1.838125000e+0,5.000000000e+0,
2.203906250e+1,1.960937500e+0,5.305468750e+0,
2.097656250e+1,1.840625000e+0,4.800000000e+0,
2.400000000e+1,1.760000000e+0,5.404687500e+0,
2.100781250e+1,1.760312500e+0,5.197656250e+0,
2.300000000e+1,1.800937500e+0,5.198437500e+0,
2.099218750e+1,1.840000000e+0,4.799218750e+0,
2.401562500e+1,1.800312500e+0,5.000000000e+0,
2.299218750e+1,1.759687500e+0,4.900000000e+0,
2.399218750e+1,1.760000000e+0,5.100781250e+0,
2.199218750e+1,1.721250000e+0,4.998437500e+0,
2.300000000e+1,1.839687500e+0,5.000000000e+0,
2.200000000e+1,1.760000000e+0,5.101562500e+0,
2.200000000e+1,1.880625000e+0,5.198437500e+0,
2.099218750e+1,1.802187500e+0,5.001562500e+0,
2.000000000e+1,1.799687500e+0,5.000000000e+0,
2.098437500e+1,1.759687500e+0,5.100000000e+0,
2.300000000e+1,1.760312500e+0,5.101562500e+0,
2.001562500e+1,1.759687500e+0,4.700000000e+0,
1.802343750e+1,1.680937500e+0,5.101562500e+0,
1.700000000e+1,1.919375000e+0,5.100781250e+0,
1.997656250e+1,1.842500000e+0,5.099218750e+0,
2.200781250e+1,1.719687500e+0,4.999218750e+0,
2.196875000e+1,1.761562500e+0,4.999218750e+0,
1.900000000e+1,1.800000000e+0,4.902343750e+0,
2.199218750e+1,1.758125000e+0,5.300781250e+0,
2.000000000e+1,1.679687500e+0,4.901562500e+0,
1.899218750e+1,1.717812500e+0,4.798437500e+0,
1.899218750e+1,1.760000000e+0,5.001562500e+0,
2.096875000e+1,1.720000000e+0,5.200000000e+0,
2.200781250e+1,1.800000000e+0,4.900000000e+0,
1.799218750e+1,1.760000000e+0,4.900781250e+0,
2.292968750e+1,1.798125000e+0,5.100000000e+0,
2.303906250e+1,1.640000000e+0,4.900000000e+0,
1.996875000e+1,1.797187500e+0,4.602343750e+0,
1.900781250e+1,1.720000000e+0,4.602343750e+0,
1.898437500e+1,1.720000000e+0,5.197656250e+0,
1.801562500e+1,1.720000000e+0,5.196093750e+0,
2.103906250e+1,1.759687500e+0,4.999218750e+0,
2.097656250e+1,1.679375000e+0,5.099218750e+0,
1.802343750e+1,1.678437500e+0,5.100000000e+0,
1.798437500e+1,1.720000000e+0,5.098437500e+0,
1.800000000e+1,1.681250000e+0,4.799218750e+0,
1.800000000e+1,1.839687500e+0,4.899218750e+0,
1.798437500e+1,1.597500000e+0,4.701562500e+0,
1.900781250e+1,1.723125000e+0,5.100000000e+0,
1.700781250e+1,1.680000000e+0,4.800000000e+0,
1.799218750e+1,1.677500000e+0,4.500000000e+0,
1.700781250e+1,1.800937500e+0,4.800000000e+0,
2.000000000e+1,1.799375000e+0,4.700000000e+0,
1.800000000e+1,1.640000000e+0,4.801562500e+0,
2.000000000e+1,1.800312500e+0,4.999218750e+0,
1.800000000e+1,1.640000000e+0,5.000781250e+0,
2.100000000e+1,1.678750000e+0,4.799218750e+0,
1.601562500e+1,1.760000000e+0,4.800000000e+0,
1.700000000e+1,1.720312500e+0,4.699218750e+0,
1.600000000e+1,1.759687500e+0,4.900000000e+0,
1.596875000e+1,1.799375000e+0,4.900781250e+0,
1.900000000e+1,1.680000000e+0,4.700000000e+0,
1.600781250e+1,1.719687500e+0,4.700781250e+0,
1.898437500e+1,1.762187500e+0,4.501562500e+0,
1.900000000e+1,1.639687500e+0,4.600000000e+0,
1.700781250e+1,1.680000000e+0,4.702343750e+0,
2.003125000e+1,1.639687500e+0,4.899218750e+0,
1.895312500e+1,1.722187500e+0,4.699218750e+0,
1.399218750e+1,1.719062500e+0,4.800000000e+0,
1.698437500e+1,1.640000000e+0,4.700000000e+0,
1.699218750e+1,1.718437500e+0,4.898437500e+0,
1.800000000e+1,1.680625000e+0,4.800000000e+0,
1.702343750e+1,1.680000000e+0,4.798437500e+0,
1.600000000e+1,1.720312500e+0,4.599218750e+0,
1.696875000e+1,1.760000000e+0,4.900781250e+0,
1.800781250e+1,1.720000000e+0,4.600000000e+0,
1.698437500e+1,1.601250000e+0,4.996093750e+0,
1.700000000e+1,1.560000000e+0,4.804687500e+0,
1.700781250e+1,1.600312500e+0,4.500000000e+0,
1.800000000e+1,1.640000000e+0,4.799218750e+0,
1.695312500e+1,1.600000000e+0,4.600000000e+0,
1.603125000e+1,1.560000000e+0,4.502343750e+0,
2.000781250e+1,1.640000000e+0,4.799218750e+0,
1.802343750e+1,1.563125000e+0,4.608593750e+0,
1.800781250e+1,1.599062500e+0,4.300781250e+0,
1.600781250e+1,1.760000000e+0,4.800000000e+0,
1.599218750e+1,1.638125000e+0,4.700000000e+0,
1.500781250e+1,1.601562500e+0,4.496875000e+0,
1.499218750e+1,1.760000000e+0,4.400000000e+0,
1.603906250e+1,1.600312500e+0,4.600000000e+0,
1.797656250e+1,1.599375000e+0,4.400000000e+0,
1.399218750e+1,1.559687500e+0,4.600000000e+0,
1.700781250e+1,1.561562500e+0,4.800000000e+0,
1.500000000e+1,1.760000000e+0,4.498437500e+0,
1.700000000e+1,1.557500000e+0,4.500000000e+0,
1.499218750e+1,1.560000000e+0,4.500000000e+0,
1.599218750e+1,1.559687500e+0,4.400000000e+0,
1.300000000e+1,1.599687500e+0,4.500781250e+0,
1.499218750e+1,1.600000000e+0,4.600781250e+0,
1.499218750e+1,1.679687500e+0,4.400781250e+0,
1.300781250e+1,1.679375000e+0,4.400000000e+0,
1.300000000e+1,1.640000000e+0,4.500000000e+0,
1.200000000e+1,1.640000000e+0,4.296875000e+0,
1.500000000e+1,1.525937500e+0,4.896875000e+0,
1.700000000e+1,1.481562500e+0,4.401562500e+0,
1.295312500e+1,1.640937500e+0,4.400000000e+0,
1.303125000e+1,1.597500000e+0,4.399218750e+0,
1.500781250e+1,1.482500000e+0,4.500000000e+0,
1.298437500e+1,1.640000000e+0,4.400000000e+0,
1.100000000e+1,1.597812500e+0,4.300000000e+0,
1.300000000e+1,1.840625000e+0,4.400000000e+0,
1.500000000e+1,1.561562500e+0,4.300781250e+0,
1.300781250e+1,1.400000000e+0,4.200000000e+0,
1.296875000e+1,1.600937500e+0,4.400000000e+0,
1.500000000e+1,1.560000000e+0,4.600000000e+0,
1.300781250e+1,1.599687500e+0,4.400000000e+0,
1.401562500e+1,1.523750000e+0,4.600000000e+0,
1.296093750e+1,1.439687500e+0,4.400781250e+0,
1.100781250e+1,1.599687500e+0,4.401562500e+0,
1.303125000e+1,1.477812500e+0,4.800000000e+0,
1.298437500e+1,1.440937500e+0,4.401562500e+0,
1.198437500e+1,1.520000000e+0,4.400000000e+0,
1.197656250e+1,1.440000000e+0,4.400000000e+0,
1.299218750e+1,1.480000000e+0,4.300000000e+0,
1.200781250e+1,1.440625000e+0,4.300000000e+0,
1.096875000e+1,1.480937500e+0,4.197656250e+0,
1.498437500e+1,1.601250000e+0,4.100781250e+0,
1.205468750e+1,1.559375000e+0,4.400000000e+0,
1.093750000e+1,1.440000000e+0,4.400000000e+0,
1.401562500e+1,1.598750000e+0,4.099218750e+0,
1.194531250e+1,1.480000000e+0,4.399218750e+0,
1.102343750e+1,1.440000000e+0,4.200781250e+0,
1.300000000e+1,1.440625000e+0,4.499218750e+0,
1.099218750e+1,1.520312500e+0,4.099218750e+0,
1.200000000e+1,1.520000000e+0,4.702343750e+0,
1.100000000e+1,1.520312500e+0,4.398437500e+0,
1.000000000e+1,1.598125000e+0,4.396093750e+0,
1.000000000e+1,1.560937500e+0,4.400000000e+0,
1.000000000e+1,1.480312500e+0,3.800000000e+0,
1.099218750e+1,1.520625000e+0,4.197656250e+0,
9.000000000e+0,1.440000000e+0,3.900000000e+0,
1.200000000e+1,1.360312500e+0,4.100000000e+0,
8.992187500e+0,1.478125000e+0,3.902343750e+0,
1.101562500e+1,1.480312500e+0,4.100000000e+0,
9.976562500e+0,1.479687500e+0,4.098437500e+0,
8.984375000e+0,1.481250000e+0,4.000000000e+0,
9.015625000e+0,1.560000000e+0,4.100000000e+0,
1.000000000e+1,1.478125000e+0,4.106250000e+0,
1.000000000e+1,1.439062500e+0,4.500000000e+0,