time,CH1
-0.5,2.46
-0.4999,2.46
-0.4998,2.2600000000000002
-0.4997,2.05
-0.4996,1.8800000000000001
-0.4995,1.78
-0.4994,1.68
-0.4993,1.58
-0.4992,1.53
-0.4991,1.49
-0.499,1.45
-0.4989,1.41
-0.4988,1.3900000000000001
-0.4987,1.37
-0.4986,1.33
-0.4985,1.32
-0.4984,1.33
-0.4983,1.3
-0.4982,1.29
-0.4981,1.29
-0.498,1.28
-0.4979,1.27
-0.4978,1.02
-0.4977,0.84
-0.4976,0.68
-0.4975,0.5700000000000001
-0.4974,0.47000000000000003
-0.4973,0.38
-0.4972,0.33
-0.4971,0.26
-0.497,0.23
-0.4969,0.19
-0.4968,0.17
-0.4967,0.14
-0.4966,0.12
-0.4965,0.13
-0.4964,0.1
-0.4963,0.1
-0.4962,0.08
-0.4961,0.08
-0.496,0.07
-0.4959,0.07
-0.4958,0.48
-0.4957,0.8300000000000001
-0.4956,1.1
-0.4955,1.34
-0.4954,1.52
-0.4953,1.6600000000000001
-0.4952,1.77
-0.4951,1.87
-0.495,1.94
-0.4949,2.02
-0.4948,2.08
-0.4947,2.12
-0.4946,2.15
-0.4945,2.17
-0.4944,2.2
-0.4943,2.24
-0.4942,2.24
-0.4941,2.25
-0.494,2.2600000000000002
-0.4939,2.27
-0.4938,1.8900000000000001
-0.4937,1.59
-0.4936,1.34
-0.4935,1.1400000000000001
-0.4934,0.99
-0.4933,0.8300000000000001
-0.49319999999999997,0.72
-0.4931,0.64
-0.493,0.58
-0.4929,0.52
-0.4928,0.48
-0.4927,0.44
-0.4926,0.4
-0.4925,0.37
-0.4924,0.34
-0.4923,0.31
-0.4922,0.32
-0.4921,0.3
-0.492,0.29
-0.4919,0.29
-0.4918,0.28
-0.4917,0.28
-0.4916,0.28
-0.4915,0.26
-0.4914,0.27
-0.4913,0.27
-0.4912,0.26
-0.4911,0.25
-0.491,0.25
-0.4909,0.24
-0.4908,0.25
-0.4907,0.26
-0.4906,0.26
-0.4905,0.26
-0.4904,0.24
-0.4903,0.25
-0.4902,0.25
-0.4901,0.26
-0.49,0.26
-0.4899,0.26
-0.4898,0.27
-0.4897,0.32
-0.4896,0.34
-0.4895,0.36
-0.4894,0.38
-0.4893,0.39
-0.4892,0.4
-0.4891,0.42
-0.489,0.41000000000000003
-0.4889,0.42
-0.4888,0.43
-0.4887,0.43
-0.4886,0.44
-0.4885,0.46
-0.4884,0.44
-0.4883,0.44
-0.4882,0.45
-0.4881,0.44
-0.488,0.45
-0.4879,0.43
-0.4878,0.67
-0.4877,0.92
-0.4876,1.12
-0.4875,1.27
-0.4874,1.41
-0.4873,1.51
-0.4872,1.6
-0.4871,1.6600000000000001
-0.487,1.72
-0.4869,1.78
-0.4868,1.8
-0.4867,1.84
-0.4866,1.87
-0.4865,1.8800000000000001
-0.4864,1.9000000000000001
-0.4863,1.92
-0.4862,1.9100000000000001
-0.4861,1.94
-0.486,1.94
-0.4859,1.94
-0.4858,2.11
-0.4857,2.31
-0.4856,2.46
-0.4855,2.58
-0.4854,2.67
-0.4853,2.77
-0.4852,2.84
-0.4851,2.89
-0.485,2.93
-0.4849,2.95
-0.4848,2.98
-0.4847,3.0100000000000002
-0.4846,3.0100000000000002
-0.4845,3.04
-0.4844,3.0700000000000003
-0.4843,3.0700000000000003
-0.4842,3.0700000000000003
-0.4841,3.09
-0.484,3.09
-0.4839,3.1
-0.4838,2.84
-0.4837,2.43
-0.4836,2.12
-0.4835,1.86
-0.4834,1.6600000000000001
-0.4833,1.48
-0.4832,1.37
-0.4831,1.24
-0.483,1.16
-0.4829,1.09
-0.4828,1.03
-0.4827,0.99
-0.4826,0.9400000000000001
-0.4825,0.9
-0.4824,0.86
-0.4823,0.8300000000000001
-0.4822,0.84
-0.4821,0.8200000000000001
-0.482,0.8
-0.4819,0.79
-0.4818,1.04
-0.4817,1.4000000000000001
-0.48160000000000003,1.69
-0.4815,1.92
-0.4814,2.11
-0.4813,2.2600000000000002
-0.4812,2.38
-0.48109999999999997,2.48
-0.481,2.5500000000000003
-0.4809,2.62
-0.4808,2.69
-0.4807,2.71
-0.4806,2.7600000000000002
-0.4805,2.7800000000000002
-0.4804,2.8000000000000003
-0.4803,2.83
-0.4802,2.84
-0.48009999999999997,2.87
-0.48,2.87
-0.4799,2.88
-0.4798,2.63
-0.4797,2.19
-0.4796,1.8800000000000001
-0.4795,1.58
-0.4794,1.37
-0.4793,1.2
-0.4792,1.06
-0.47909999999999997,0.9400000000000001
-0.479,0.86
-0.4789,0.78
-0.4788,0.71
-0.4787,0.65
-0.4786,0.61
-0.4785,0.58
-0.4784,0.53
-0.4783,0.53
-0.4782,0.5
-0.4781,0.5
-0.478,0.48
-0.4779,0.47000000000000003
-0.4778,0.67
-0.4777,1.05
-0.4776,1.33
-0.4775,1.55
-0.4774,1.73
-0.4773,1.8800000000000001
-0.4772,1.99
-0.4771,2.09
-0.477,2.17
-0.4769,2.24
-0.4768,2.3000000000000003
-0.4767,2.32
-0.4766,2.37
-0.4765,2.4
-0.4764,2.42
-0.4763,2.41
-0.4762,2.46
-0.4761,2.47
-0.476,2.48
-0.4759,2.49
-0.4758,2.49
-0.4757,2.47
-0.4756,2.46
-0.4755,2.46
-0.4754,2.43
-0.4753,2.44
-0.4752,2.43
-0.4751,2.43
-0.475,2.42
-0.4749,2.42
-0.4748,2.41
-0.4747,2.43
-0.4746,2.42
-0.4745,2.41
-0.4744,2.42
-0.4743,2.41
-0.4742,2.42
-0.4741,2.4
-0.474,2.42
-0.4739,2.4
-0.4738,2.36
-0.4737,2.17
-0.4736,2.02
-0.4735,1.9100000000000001
-0.4734,1.82
-0.4733,1.75
-0.4732,1.69
-0.4731,1.6300000000000001
-0.473,1.6
-0.4729,1.57
-0.4728,1.54
-0.4727,1.53
-0.4726,1.51
-0.4725,1.47
-0.4724,1.48
-0.4723,1.48
-0.4722,1.46
-0.4721,1.43
-0.472,1.44
-0.4719,1.44
-0.4718,1.43
-0.4717,1.3800000000000001
-0.4716,1.35
-0.4715,1.33
-0.4714,1.32
-0.4713,1.29
-0.4712,1.28
-0.4711,1.26
-0.471,1.25
-0.4709,1.26
-0.4708,1.26
-0.4707,1.26
-0.4706,1.23
-0.4705,1.23
-0.4704,1.23
-0.4703,1.23
-0.4702,1.22
-0.4701,1.24
-0.47,1.23
-0.4699,1.23
-0.4698,1.23
-0.4697,1.3
-0.4696,1.34
-0.4695,1.3800000000000001
-0.4694,1.4000000000000001
-0.4693,1.42
-0.4692,1.41
-0.4691,1.43
-0.469,1.46
-0.4689,1.46
-0.4688,1.48
-0.4687,1.48
-0.4686,1.48
-0.4685,1.49
-0.4684,1.49
-0.4683,1.48
-0.4682,1.49
-0.4681,1.5
-0.46799999999999997,1.49
-0.4679,1.5
-0.4678,1.52
-0.4677,1.75
-0.4676,1.9000000000000001
-0.4675,2.04
-0.4674,2.16
-0.4673,2.23
-0.4672,2.3000000000000003
-0.4671,2.35
-0.46699999999999997,2.39
-0.4669,2.44
-0.4668,2.46
-0.4667,2.47
-0.4666,2.5100000000000002
-0.4665,2.5300000000000002
-0.4664,2.54
-0.4663,2.5500000000000003
-0.4662,2.57
-0.4661,2.58
-0.46599999999999997,2.58
-0.4659,2.57
-0.4658,2.5300000000000002
-0.4657,2.33
-0.4656,2.14
-0.4655,1.99
-0.4654,1.8800000000000001
-0.4653,1.79
-0.4652,1.7
-0.4651,1.67
-0.46499999999999997,1.61
-0.4649,1.56
-0.4648,1.54
-0.4647,1.5
-0.4646,1.47
-0.4645,1.45
-0.4644,1.45
-0.4643,1.44
-0.4642,1.44
-0.4641,1.4000000000000001
-0.46399999999999997,1.42
-0.4639,1.41
-0.4638,1.3900000000000001
-0.4637,1.24
-0.4636,1.16
-0.4635,1.08
-0.4634,1.03
-0.4633,0.98
-0.4632,0.93
-0.4631,0.9
-0.46299999999999997,0.87
-0.4629,0.84
-0.4628,0.84
-0.4627,0.8200000000000001
-0.4626,0.8
-0.4625,0.8
-0.4624,0.8
-0.4623,0.78
-0.4622,0.78
-0.4621,0.76
-0.462,0.78
-0.4619,0.78
-0.4618,0.76
-0.4617,0.71
-0.4616,0.68
-0.4615,0.64
-0.4614,0.61
-0.4613,0.6
-0.4612,0.5700000000000001
-0.4611,0.58
-0.461,0.56
-0.4609,0.55
-0.4608,0.53
-0.4607,0.53
-0.4606,0.53
-0.4605,0.55
-0.4604,0.53
-0.4603,0.52
-0.4602,0.53
-0.4601,0.53
-0.46,0.53
-0.4599,0.51
-0.4598,0.5
-0.4597,0.43
-0.4596,0.37
-0.4595,0.33
-0.4594,0.3
-0.4593,0.27
-0.4592,0.23
-0.4591,0.23
-0.459,0.2
-0.4589,0.19
-0.4588,0.19
-0.4587,0.17
-0.4586,0.15
-0.4585,0.16
-0.4584,0.14
-0.4583,0.18
-0.4582,0.15
-0.4581,0.14
-0.458,0.14
-0.4579,0.14
-0.4578,0.13
-0.4577,0.35000000000000003
-0.4576,0.5
-0.4575,0.61
-0.45740000000000003,0.6900000000000001
-0.4573,0.76
-0.4572,0.8200000000000001
-0.4571,0.87
-0.457,0.9
-0.4569,0.92
-0.4568,0.97
-0.4567,0.98
-0.4566,1.01
-0.4565,1.01
-0.45640000000000003,1.04
-0.4563,1.06
-0.4562,1.06
-0.4561,1.04
-0.456,1.05
-0.45589999999999997,1.06
-0.4558,1.07
-0.4557,1.11
-0.4556,1.1500000000000001
-0.4555,1.17
-0.4554,1.21
-0.4553,1.22
-0.4552,1.24
-0.4551,1.25
-0.455,1.26
-0.45489999999999997,1.29
-0.4548,1.28
-0.4547,1.29
-0.4546,1.29
-0.4545,1.3
-0.4544,1.29
-0.4543,1.29
-0.4542,1.31
-0.4541,1.29
-0.454,1.31
-0.45389999999999997,1.31
-0.4538,1.31
-0.4537,1.33
-0.4536,1.37
-0.4535,1.37
-0.4534,1.41
-0.4533,1.42
-0.4532,1.44
-0.4531,1.43
-0.453,1.44
-0.45289999999999997,1.44
-0.4528,1.46
-0.4527,1.43
-0.4526,1.46
-0.4525,1.46
-0.4524,1.45
-0.4523,1.46
-0.4522,1.46
-0.4521,1.45
-0.452,1.47
-0.45189999999999997,1.47
-0.4518,1.46
-0.4517,1.57
-0.4516,1.69
-0.4515,1.77
-0.4514,1.84
-0.4513,1.8900000000000001
-0.4512,1.95
-0.4511,1.99
-0.451,2.02
-0.45089999999999997,2.05
-0.4508,2.04
-0.4507,2.08
-0.4506,2.09
-0.4505,2.1
-0.4504,2.1
-0.4503,2.11
-0.4502,2.14
-0.4501,2.14
-0.45,2.14
-0.44989999999999997,2.12
-0.4498,2.14
-0.4497,1.85
-0.4496,1.56
-0.4495,1.33
-0.4494,1.1400000000000001
-0.4493,1.01
-0.4492,0.9
-0.4491,0.8
-0.449,0.73
-0.4489,0.66
-0.4488,0.61
-0.4487,0.56
-0.4486,0.54
-0.4485,0.49
-0.4484,0.47000000000000003
-0.4483,0.48
-0.4482,0.45
-0.4481,0.45
-0.448,0.42
-0.4479,0.42
-0.4478,0.41000000000000003
-0.4477,0.44
-0.4476,0.5
-0.4475,0.56
-0.4474,0.56
-0.4473,0.6
-0.4472,0.6
-0.4471,0.62
-0.447,0.64
-0.4469,0.65
-0.4468,0.65
-0.4467,0.66
-0.4466,0.66
-0.4465,0.66
-0.4464,0.68
-0.4463,0.6900000000000001
-0.4462,0.6900000000000001
-0.4461,0.68
-0.446,0.68
-0.4459,0.6900000000000001
-0.4458,0.6900000000000001
-0.4457,0.81
-0.4456,0.91
-0.4455,0.97
-0.4454,1.05
-0.4453,1.11
-0.4452,1.16
-0.4451,1.18
-0.445,1.22
-0.4449,1.25
-0.4448,1.27
-0.4447,1.28
-0.4446,1.29
-0.4445,1.29
-0.4444,1.31
-0.44430000000000003,1.31
-0.4442,1.32
-0.4441,1.33
-0.444,1.33
-0.4439,1.33
-0.4438,1.32
-0.4437,1.3800000000000001
-0.4436,1.42
-0.4435,1.44
-0.4434,1.48
-0.4433,1.51
-0.4432,1.53
-0.4431,1.54
-0.443,1.57
-0.4429,1.59
-0.44279999999999997,1.57
-0.4427,1.6
-0.4426,1.61
-0.4425,1.59
-0.4424,1.62
-0.4423,1.59
-0.4422,1.61
-0.4421,1.61
-0.442,1.61
-0.4419,1.62
-0.44179999999999997,1.62
-0.4417,1.3900000000000001
-0.4416,1.12
-0.4415,0.91
-0.4414,0.75
-0.4413,0.58
-0.4412,0.51
-0.4411,0.4
-0.441,0.35000000000000003
-0.4409,0.27
-0.44079999999999997,0.22
-0.4407,0.21
-0.4406,0.17
-0.4405,0.13
-0.4404,0.11
-0.4403,0.08
-0.4402,0.07
-0.4401,0.08
-0.44,0.06
-0.4399,0.05
-0.43979999999999997,0.04
-0.4397,0.17
-0.4396,0.33
-0.4395,0.43
-0.4394,0.55
-0.4393,0.63
-0.4392,0.68
-0.4391,0.73
-0.439,0.79
-0.4389,0.8
-0.43879999999999997,0.84
-0.4387,0.86
-0.4386,0.87
-0.4385,0.91
-0.4384,0.92
-0.4383,0.93
-0.4382,0.93
-0.4381,0.93
-0.438,0.9500000000000001
-0.4379,0.93
-0.43779999999999997,0.93
-0.4377,0.88
-0.4376,0.8200000000000001
-0.4375,0.77
-0.4374,0.74
-0.4373,0.71
-0.4372,0.68
-0.4371,0.67
-0.437,0.63
-0.4369,0.62
-0.43679999999999997,0.61
-0.4367,0.6
-0.4366,0.6
-0.4365,0.58
-0.4364,0.58
-0.4363,0.59
-0.4362,0.5700000000000001
-0.4361,0.5700000000000001
-0.436,0.58
-0.4359,0.5700000000000001
-0.43579999999999997,0.58
-0.4357,0.7000000000000001
-0.4356,0.99
-0.4355,1.21
-0.4354,1.37
-0.4353,1.51
-0.43520000000000003,1.61
-0.4351,1.71
-0.435,1.79
-0.4349,1.84
-0.43479999999999996,1.8900000000000001
-0.4347,1.94
-0.4346,1.96
-0.4345,1.99
-0.4344,2.0
-0.4343,2.02
-0.43420000000000003,2.05
-0.4341,2.07
-0.434,2.06
-0.4339,2.09
-0.43379999999999996,2.08
-0.4337,2.15
-0.4336,2.35
-0.4335,2.49
-0.4334,2.6
-0.4333,2.69
-0.43320000000000003,2.7600000000000002
-0.4331,2.81
-0.433,2.87
-0.4329,2.9
-0.43279999999999996,2.95
-0.4327,2.96
-0.4326,2.98
-0.4325,3.0300000000000002
-0.4324,3.02
-0.4323,3.0300000000000002
-0.43220000000000003,3.0300000000000002
-0.4321,3.0700000000000003
-0.432,3.0500000000000003
-0.4319,3.0700000000000003
-0.4318,3.0700000000000003
-0.4317,2.9
-0.4316,2.37
-0.4315,1.97
-0.4314,1.6600000000000001
-0.4313,1.41
-0.4312,1.21
-0.4311,1.04
-0.431,0.88
-0.4309,0.78
-0.4308,0.68
-0.43069999999999997,0.63
-0.4306,0.56
-0.4305,0.51
-0.4304,0.46
-0.4303,0.44
-0.4302,0.4
-0.4301,0.39
-0.43,0.36
-0.4299,0.35000000000000003
-0.4298,0.32
-0.42969999999999997,0.48
-0.4296,0.88
-0.4295,1.21
-0.4294,1.46
-0.4293,1.67
-0.4292,1.83
-0.4291,1.96
-0.429,2.07
-0.4289,2.17
-0.4288,2.22
-0.42869999999999997,2.29
-0.4286,2.34
-0.4285,2.37
-0.4284,2.38
-0.4283,2.43
-0.4282,2.46
-0.4281,2.46
-0.428,2.5
-0.4279,2.5
-0.4278,2.5
-0.42769999999999997,2.5100000000000002
-0.4276,2.32
-0.4275,2.18
-0.4274,2.09
-0.4273,2.0100000000000002
-0.4272,1.94
-0.4271,1.8800000000000001
-0.427,1.84
-0.4269,1.79
-0.4268,1.76
-0.42669999999999997,1.73
-0.4266,1.72
-0.4265,1.7
-0.4264,1.71
-0.4263,1.68
-0.4262,1.68
-0.4261,1.67
-0.426,1.6600000000000001
-0.4259,1.6500000000000001
-0.4258,1.6500000000000001
-0.42569999999999997,1.69
-0.4256,1.9000000000000001
-0.4255,2.06
-0.4254,2.21
-0.4253,2.33
-0.4252,2.41
-0.4251,2.47
-0.425,2.54
-0.4249,2.58
-0.4248,2.62
-0.42469999999999997,2.65
-0.4246,2.68
-0.4245,2.7
-0.4244,2.73
-0.4243,2.7600000000000002
-0.4242,2.7600000000000002
-0.4241,2.77
-0.424,2.7800000000000002
-0.4239,2.7800000000000002
-0.4238,2.7800000000000002
-0.42369999999999997,2.7800000000000002
-0.4236,2.68
-0.4235,2.61
-0.4234,2.5500000000000003
-0.4233,2.5
-0.4232,2.46
-0.4231,2.42
-0.423,2.41
-0.4229,2.38
-0.4228,2.37
-0.42269999999999996,2.34
-0.4226,2.32
-0.4225,2.31
-0.4224,2.33
-0.4223,2.32
-0.4222,2.32
-0.42210000000000003,2.2800000000000002
-0.422,2.3000000000000003
-0.4219,2.3000000000000003
-0.4218,2.3000000000000003
-0.42169999999999996,2.3000000000000003
-0.4216,2.08
-0.4215,1.95
-0.4214,1.83
-0.4213,1.73
-0.4212,1.6600000000000001
-0.42110000000000003,1.59
-0.421,1.53
-0.4209,1.5
-0.4208,1.47
-0.42069999999999996,1.45
-0.4206,1.4000000000000001
-0.4205,1.4000000000000001
-0.4204,1.37
-0.4203,1.37
-0.4202,1.37
-0.42010000000000003,1.36
-0.42,1.33
-0.4199,1.35
-0.4198,1.33
-0.41969999999999996,1.33
-0.4196,1.6600000000000001
-0.4195,1.94
-0.4194,2.13
-0.4193,2.32
-0.4192,2.46
-0.41910000000000003,2.58
-0.419,2.66
-0.4189,2.74
-0.4188,2.7800000000000002
-0.4187,2.85
-0.41859999999999997,2.91
-0.4185,2.93
-0.4184,2.95
-0.4183,2.98
-0.4182,3.0
-0.4181,2.99
-0.418,3.0
-0.4179,3.0300000000000002
-0.4178,3.02
-0.4177,3.06
-0.41759999999999997,2.79
-0.4175,2.62
-0.4174,2.48
-0.4173,2.36
-0.4172,2.24
-0.4171,2.18
-0.417,2.1
-0.4169,2.05
-0.4168,2.02
-0.4167,1.99
-0.41659999999999997,1.96
-0.4165,1.92
-0.4164,1.9100000000000001
-0.4163,1.8900000000000001
-0.4162,1.8800000000000001
-0.4161,1.87
-0.416,1.85
-0.4159,1.87
-0.4158,1.86
-0.4157,1.84
-0.41559999999999997,1.9100000000000001
-0.4155,1.98
-0.4154,2.0300000000000002
-0.4153,2.06
-0.4152,2.1
-0.4151,2.12
-0.415,2.14
-0.4149,2.18
-0.4148,2.16
-0.4147,2.18
-0.41459999999999997,2.17
-0.4145,2.19
-0.4144,2.2
-0.4143,2.21
-0.4142,2.2
-0.4141,2.21
-0.414,2.22
-0.4139,2.24
-0.4138,2.21
-0.4137,2.23
-0.41359999999999997,1.94
-0.4135,1.7
-0.4134,1.5
-0.4133,1.36
-0.4132,1.23
-0.4131,1.12
-0.413,1.05
-0.4129,0.99
-0.4128,0.92
-0.4127,0.87
-0.41259999999999997,0.84
-0.4125,0.8200000000000001
-0.4124,0.78
-0.4123,0.77
-0.4122,0.75
-0.4121,0.75
-0.412,0.74
-0.4119,0.73
-0.4118,0.72
-0.4117,0.7000000000000001
-0.41159999999999997,0.8200000000000001
-0.4115,0.91
-0.4114,0.99
-0.4113,1.03
-0.4112,1.07
-0.4111,1.1
-0.411,1.1300000000000001
-0.4109,1.17
-0.4108,1.18
-0.4107,1.21
-0.41059999999999997,1.2
-0.4105,1.21
-0.4104,1.23
-0.4103,1.24
-0.4102,1.23
-0.4101,1.24
-0.41,1.25
-0.4099,1.25
-0.4098,1.25
-0.4097,1.26
-0.40959999999999996,1.1300000000000001
-0.4095,1.05
-0.4094,0.96
-0.4093,0.92
-0.4092,0.88
-0.4091,0.8300000000000001
-0.40900000000000003,0.8200000000000001
-0.4089,0.78
-0.4088,0.77
-0.4087,0.74
-0.40859999999999996,0.73
-0.4085,0.71
-0.4084,0.71
-0.4083,0.7000000000000001
-0.4082,0.71
-0.4081,0.71
-0.40800000000000003,0.6900000000000001
-0.4079,0.68
-0.4078,0.67
-0.4077,0.67
-0.40759999999999996,0.89
-0.4075,1.1300000000000001
-0.4074,1.28
-0.4073,1.42
-0.4072,1.53
-0.4071,1.6300000000000001
-0.40700000000000003,1.69
-0.4069,1.75
-0.4068,1.8
-0.4067,1.85
-0.40659999999999996,1.8800000000000001
-0.4065,1.9000000000000001
-0.4064,1.9100000000000001
-0.4063,1.94
-0.4062,1.95
-0.4061,1.98
-0.406,1.98
-0.4059,1.98
-0.4058,1.99
-0.4057,1.99
-0.4056,2.02
-0.40549999999999997,2.0300000000000002
-0.4054,2.05
-0.4053,2.06
-0.4052,2.08
-0.4051,2.08
-0.405,2.09
-0.4049,2.09
-0.4048,2.11
-0.4047,2.13
-0.4046,2.12
-0.40449999999999997,2.14
-0.4044,2.14
-0.4043,2.12
-0.4042,2.14
-0.4041,2.14
-0.404,2.14
-0.4039,2.12
-0.4038,2.14
-0.4037,2.14
-0.4036,2.12
-0.40349999999999997,2.12
-0.4034,2.12
-0.4033,2.11
-0.4032,2.1
-0.4031,2.14
-0.403,2.14
-0.4029,2.13
-0.4028,2.12
-0.4027,2.11
-0.4026,2.12
-0.40249999999999997,2.11
-0.4024,2.14
-0.4023,2.13
-0.4022,2.12
-0.4021,2.12
-0.402,2.1
-0.4019,2.12
-0.4018,2.11
-0.4017,2.11
-0.4016,2.14
-0.40149999999999997,2.17
-0.4014,2.21
-0.4013,2.22
-0.4012,2.23
-0.4011,2.2800000000000002
-0.401,2.27
-0.4009,2.3000000000000003
-0.4008,2.2800000000000002
-0.4007,2.3000000000000003
-0.4006,2.3000000000000003
-0.40049999999999997,2.31
-0.4004,2.3000000000000003
-0.4003,2.32
-0.4002,2.31
-0.4001,2.31
-0.4,2.3000000000000003
-0.3999,2.31
-0.3998,2.32
-0.3997,2.31
-0.3996,2.32
-0.39949999999999997,2.31
-0.3994,2.33
-0.3993,2.3000000000000003
-0.3992,2.3000000000000003
-0.3991,2.3000000000000003
-0.399,2.29
-0.3989,2.3000000000000003
-0.3988,2.3000000000000003
-0.3987,2.3000000000000003
-0.3986,2.2800000000000002
-0.39849999999999997,2.3000000000000003
-0.3984,2.3000000000000003
-0.3983,2.2800000000000002
-0.3982,2.2800000000000002
-0.3981,2.27
-0.398,2.3000000000000003
-0.3979,2.3000000000000003
-0.3978,2.3000000000000003
-0.3977,2.2800000000000002
-0.3976,2.3000000000000003
-0.39749999999999996,2.3000000000000003
-0.3974,2.2800000000000002
-0.3973,2.27
-0.3972,2.3000000000000003
-0.3971,2.3000000000000003
-0.397,2.2800000000000002
-0.3969,2.2800000000000002
-0.3968,2.2800000000000002
-0.3967,2.29
-0.3966,2.3000000000000003
-0.39649999999999996,2.27
-0.3964,2.2800000000000002
-0.3963,2.2800000000000002
-0.3962,2.3000000000000003
-0.3961,2.3000000000000003
-0.396,2.27
-0.39590000000000003,2.2800000000000002
-0.3958,2.2800000000000002
-0.3957,2.2800000000000002
-0.3956,2.07
-0.39549999999999996,1.6600000000000001
-0.3954,1.34
-0.3953,1.11
-0.3952,0.9
-0.3951,0.74
-0.395,0.61
-0.39490000000000003,0.51
-0.3948,0.42
-0.3947,0.33
-0.3946,0.27
-0.39449999999999996,0.23
-0.3944,0.18
-0.3943,0.16
-0.3942,0.14
-0.3941,0.1
-0.394,0.1
-0.39390000000000003,0.08
-0.3938,0.07
-0.3937,0.06
-0.3936,0.08
-0.39349999999999996,0.16
-0.39339999999999997,0.2
-0.3933,0.25
-0.3932,0.28
-0.3931,0.32
-0.393,0.34
-0.3929,0.36
-0.3928,0.37
-0.3927,0.39
-0.3926,0.38
-0.3925,0.39
-0.39239999999999997,0.41000000000000003
-0.3923,0.41000000000000003
-0.3922,0.39
-0.3921,0.42
-0.392,0.41000000000000003
-0.3919,0.41000000000000003
-0.3918,0.42
-0.3917,0.44
-0.3916,0.55
-0.3915,0.87
-0.39139999999999997,1.12
-0.3913,1.3
-0.3912,1.46
-0.3911,1.6
-0.391,1.71
-0.3909,1.79
-0.3908,1.86
-0.3907,1.92
-0.3906,1.96
-0.3905,2.0
-0.39039999999999997,2.02
-0.3903,2.05
-0.3902,2.08
-0.3901,2.08
-0.39,2.1
-0.3899,2.11
-0.3898,2.14
-0.3897,2.13
-0.3896,2.08
-0.3895,1.9000000000000001
-0.38939999999999997,1.74
-0.3893,1.6300000000000001
-0.3892,1.54
-0.3891,1.47
-0.389,1.42
-0.3889,1.37
-0.3888,1.32
-0.3887,1.29
-0.3886,1.27
-0.3885,1.24
-0.38839999999999997,1.22
-0.3883,1.22
-0.3882,1.2
-0.3881,1.2
-0.388,1.18
-0.3879,1.18
-0.3878,1.16
-0.3877,1.18
-0.3876,1.23
-0.3875,1.57
-0.38739999999999997,1.82
-0.3873,2.0300000000000002
-0.3872,2.2
-0.3871,2.32
-0.387,2.42
-0.3869,2.5
-0.3868,2.58
-0.3867,2.62
-0.3866,2.67
-0.3865,2.7
-0.38639999999999997,2.7600000000000002
-0.3863,2.77
-0.3862,2.8000000000000003
-0.3861,2.8000000000000003
-0.386,2.82
-0.3859,2.83
-0.3858,2.85
-0.3857,2.86
-0.3856,2.82
-0.3855,2.42
-0.38539999999999996,2.11
-0.3853,1.87
-0.3852,1.68
-0.3851,1.54
-0.385,1.4000000000000001
-0.3849,1.29
-0.3848,1.23
-0.3847,1.1400000000000001
-0.3846,1.1
-0.3845,1.04
-0.38439999999999996,1.02
-0.3843,0.97
-0.3842,0.9500000000000001
-0.3841,0.92
-0.384,0.92
-0.3839,0.89
-0.3838,0.89
-0.3837,0.87
-0.3836,0.91
-0.3835,1.23
-0.38339999999999996,1.44
-0.3833,1.6300000000000001
-0.3832,1.79
-0.3831,1.8900000000000001
-0.383,2.0
-0.3829,2.07
-0.3828,2.15
-0.3827,2.19
-0.3826,2.25
-0.3825,2.2800000000000002
-0.38239999999999996,2.3000000000000003
-0.3823,2.34
-0.3822,2.34
-0.3821,2.34
-0.382,2.36
-0.3819,2.39
-0.38180000000000003,2.37
-0.3817,2.39
-0.3816,2.41
-0.3815,2.34
-0.38139999999999996,2.27
-0.3813,2.25
-0.3812,2.21
-0.3811,2.17
-0.381,2.17
-0.3809,2.14
-0.3808,2.14
-0.3807,2.12
-0.3806,2.12
-0.3805,2.11
-0.38039999999999996,2.09
-0.38029999999999997,2.1
-0.3802,2.09
-0.3801,2.06
-0.38,2.08
-0.3799,2.07
-0.3798,2.07
-0.3797,2.08
-0.3796,2.08
-0.3795,2.2600000000000002
-0.3794,2.4
-0.37929999999999997,2.5300000000000002
-0.3792,2.62
-0.3791,2.69
-0.379,2.7600000000000002
-0.3789,2.82
-0.3788,2.86
-0.3787,2.89
-0.3786,2.91
-0.3785,2.94
-0.3784,2.95
-0.37829999999999997,2.96
-0.3782,2.98
-0.3781,2.97
-0.378,2.99
-0.3779,3.0
-0.3778,3.0100000000000002
-0.3777,3.02
-0.3776,3.02
-0.3775,2.97
-0.3774,2.92
-0.37729999999999997,2.86
-0.3772,2.85
-0.3771,2.82
-0.377,2.81
-0.3769,2.79
-0.3768,2.7800000000000002
-0.3767,2.77
-0.3766,2.77
-0.3765,2.7600000000000002
-0.3764,2.7600000000000002
-0.37629999999999997,2.74
-0.3762,2.72
-0.3761,2.7600000000000002
-0.376,2.73
-0.3759,2.75
-0.3758,2.73
-0.3757,2.7
-0.3756,2.72
-0.3755,2.5100000000000002
-0.3754,2.35
-0.37529999999999997,2.2
-0.3752,2.09
-0.3751,1.98
-0.375,1.9100000000000001
-0.3749,1.86
-0.3748,1.81
-0.37470000000000003,1.74
-0.3746,1.74
-0.3745,1.7
-0.37439999999999996,1.68
-0.37429999999999997,1.68
-0.3742,1.6400000000000001
-0.3741,1.6300000000000001
-0.374,1.62
-0.3739,1.62
-0.3738,1.61
-0.37370000000000003,1.61
-0.3736,1.59
-0.3735,1.68
-0.37339999999999995,1.8
-0.37329999999999997,1.8800000000000001
-0.3732,1.93
-0.3731,2.0
-0.373,2.04
-0.3729,2.07
-0.3728,2.08
-0.37270000000000003,2.11
-0.3726,2.13
-0.3725,2.16
-0.37239999999999995,2.16
-0.37229999999999996,2.17
-0.3722,2.18
-0.3721,2.18
-0.372,2.18
-0.3719,2.2
-0.3718,2.2
-0.37170000000000003,2.2
-0.3716,2.21
-0.3715,2.15
-0.37139999999999995,2.14
-0.37129999999999996,2.09
-0.3712,2.05
-0.3711,2.04
-0.371,2.0
-0.3709,2.0
-0.3708,1.98
-0.37070000000000003,1.98
-0.3706,1.97
-0.3705,1.96
-0.3704,1.98
-0.37029999999999996,1.94
-0.3702,1.96
-0.3701,1.94
-0.37,1.92
-0.3699,1.93
-0.3698,1.92
-0.36970000000000003,1.94
-0.3696,1.92
-0.3695,1.72
-0.3694,1.53
-0.36929999999999996,1.36
-0.3692,1.25
-0.3691,1.1400000000000001
-0.369,1.05
-0.3689,0.99
-0.3688,0.9400000000000001
-0.3687,0.89
-0.3686,0.86
-0.3685,0.8300000000000001
-0.3684,0.8
-0.36829999999999996,0.77
-0.36819999999999997,0.76
-0.3681,0.74
-0.368,0.74
-0.3679,0.74
-0.3678,0.73
-0.3677,0.72
-0.3676,0.71
-0.3675,0.87
-0.3674,1.07
-0.36729999999999996,1.22
-0.36719999999999997,1.3
-0.3671,1.42
-0.367,1.49
-0.3669,1.54
-0.3668,1.61
-0.3667,1.6300000000000001
-0.3666,1.68
-0.3665,1.69
-0.3664,1.73
-0.36629999999999996,1.74
-0.36619999999999997,1.76
-0.3661,1.77
-0.366,1.79
-0.3659,1.78
-0.3658,1.79
-0.3657,1.8
-0.3656,1.8
-0.3655,1.8800000000000001
-0.3654,2.0
-0.36529999999999996,2.1
-0.36519999999999997,2.17
-0.3651,2.23
-0.365,2.3000000000000003
-0.3649,2.34
-0.3648,2.36
-0.3647,2.4
-0.3646,2.4
-0.3645,2.43
-0.3644,2.46
-0.36429999999999996,2.46
-0.36419999999999997,2.46
-0.3641,2.47
-0.364,2.48
-0.3639,2.48
-0.3638,2.48
-0.3637,2.5
-0.36360000000000003,2.48
-0.3635,2.2600000000000002
-0.3634,1.95
-0.36329999999999996,1.71
-0.36319999999999997,1.51
-0.3631,1.34
-0.363,1.24
-0.3629,1.1300000000000001
-0.3628,1.06
-0.3627,0.98
-0.36260000000000003,0.93
-0.3625,0.88
-0.3624,0.84
-0.36229999999999996,0.8
-0.36219999999999997,0.79
-0.3621,0.78
-0.362,0.76
-0.3619,0.74
-0.3618,0.73
-0.3617,0.71
-0.36160000000000003,0.71
-0.3615,0.6900000000000001
-0.3614,0.65
-0.36129999999999995,0.64
-0.36119999999999997,0.62
-0.3611,0.6
-0.361,0.58
-0.3609,0.5700000000000001
-0.3608,0.56
-0.3607,0.55
-0.36060000000000003,0.55
-0.3605,0.53
-0.3604,0.53
-0.36029999999999995,0.53
-0.36019999999999996,0.53
-0.3601,0.52
-0.36,0.53
-0.3599,0.51
-0.3598,0.5
-0.3597,0.52
-0.35960000000000003,0.51
-0.3595,0.5
-0.3594,0.47000000000000003
-0.35929999999999995,0.48
-0.35919999999999996,0.47000000000000003
-0.3591,0.47000000000000003
-0.359,0.47000000000000003
-0.3589,0.46
-0.3588,0.45
-0.3587,0.46
-0.35860000000000003,0.45
-0.3585,0.45
-0.3584,0.44
-0.35829999999999995,0.45
-0.35819999999999996,0.44
-0.3581,0.45
-0.358,0.45
-0.3579,0.47000000000000003
-0.3578,0.44
-0.3577,0.46
-0.35760000000000003,0.44
-0.3575,0.48
-0.3574,0.6
-0.3573,0.67
-0.35719999999999996,0.73
-0.3571,0.78
-0.357,0.8300000000000001
-0.3569,0.85
-0.3568,0.88
-0.3567,0.9
-0.35660000000000003,0.91
-0.3565,0.9400000000000001
-0.3564,0.9500000000000001
-0.3563,0.9400000000000001
-0.35619999999999996,0.9500000000000001
-0.35609999999999997,0.96
-0.356,0.96
-0.3559,0.97
-0.3558,0.98
-0.3557,0.97
-0.3556,0.99
-0.3555,1.1
-0.3554,1.31
-0.3553,1.47
-0.35519999999999996,1.58
-0.35509999999999997,1.69
-0.355,1.77
-0.3549,1.85
-0.3548,1.8900000000000001
-0.3547,1.94
-0.3546,1.98
-0.3545,2.0100000000000002
-0.3544,2.04
-0.3543,2.06
-0.35419999999999996,2.07
-0.35409999999999997,2.07
-0.354,2.09
-0.3539,2.07
-0.3538,2.12
-0.3537,2.1
-0.3536,2.14
-0.3535,2.0300000000000002
-0.3534,1.81
-0.3533,1.6600000000000001
-0.35319999999999996,1.52
-0.35309999999999997,1.44
-0.353,1.34
-0.3529,1.28
-0.3528,1.22
-0.3527,1.18
-0.3526,1.1300000000000001
-0.3525,1.11
-0.3524,1.09
-0.3523,1.07
-0.35219999999999996,1.05
-0.35209999999999997,1.03
-0.352,1.02
-0.3519,1.01
-0.3518,1.01
-0.3517,1.01
-0.3516,1.01
-0.3515,0.9500000000000001
-0.3514,0.87
-0.3513,0.8300000000000001
-0.35119999999999996,0.77
-0.35109999999999997,0.73
-0.351,0.7000000000000001
-0.3509,0.66
-0.3508,0.64
-0.3507,0.63
-0.3506,0.63
-0.35050000000000003,0.61
-0.3504,0.59
-0.3503,0.58
-0.35019999999999996,0.5700000000000001
-0.35009999999999997,0.5700000000000001
-0.35,0.5700000000000001
-0.3499,0.58
-0.3498,0.56
-0.3497,0.56
-0.3496,0.54
-0.34950000000000003,0.56
-0.3494,0.56
-0.3493,0.54
-0.34919999999999995,0.54
-0.34909999999999997,0.53
-0.349,0.52
-0.3489,0.53
-0.3488,0.53
-0.3487,0.52
-0.3486,0.52
-0.34850000000000003,0.52
-0.3484,0.53
-0.3483,0.53
-0.34819999999999995,0.52
-0.34809999999999997,0.52
-0.348,0.53
-0.3479,0.53
-0.3478,0.54
-0.3477,0.52
-0.3476,0.52
-0.34750000000000003,0.6
-0.3474,0.86
-0.3473,1.05
-0.34719999999999995,1.22
-0.34709999999999996,1.33
-0.347,1.43
-0.3469,1.5
-0.3468,1.57
-0.3467,1.6300000000000001
-0.3466,1.68
-0.34650000000000003,1.71
-0.3464,1.73
-0.3463,1.76
-0.34619999999999995,1.8
-0.34609999999999996,1.8
-0.346,1.8
-0.3459,1.82
-0.3458,1.81
-0.3457,1.84
-0.3456,1.84
-0.34550000000000003,1.81
-0.3454,1.76
-0.3453,1.71
-0.34519999999999995,1.68
-0.34509999999999996,1.6600000000000001
-0.345,1.6300000000000001
-0.3449,1.6300000000000001
-0.3448,1.6
-0.3447,1.6
-0.3446,1.57
-0.34450000000000003,1.56
-0.3444,1.56
-0.3443,1.55
-0.3442,1.55
-0.34409999999999996,1.54
-0.344,1.55
-0.3439,1.53
-0.3438,1.54
-0.3437,1.52
-0.3436,1.53
-0.3435,1.53
-0.3434,1.69
-0.3433,1.79
-0.3432,1.9000000000000001
-0.34309999999999996,1.98
-0.34299999999999997,2.02
-0.3429,2.06
-0.3428,2.09
-0.3427,2.12
-0.3426,2.14
-0.3425,2.17
-0.3424,2.18
-0.3423,2.2
-0.3422,2.22
-0.34209999999999996,2.24
-0.34199999999999997,2.22
-0.3419,2.24
-0.3418,2.23
-0.3417,2.2600000000000002
-0.3416,2.2600000000000002
-0.3415,2.24
-0.3414,2.38
-0.3413,2.49
-0.3412,2.54
-0.34109999999999996,2.64
-0.34099999999999997,2.69
-0.3409,2.74
-0.3408,2.79
-0.3407,2.82
-0.3406,2.85
-0.3405,2.84
-0.3404,2.87
-0.3403,2.89
-0.3402,2.9
-0.34009999999999996,2.91
-0.33999999999999997,2.91
-0.3399,2.91
-0.3398,2.91
-0.3397,2.91
-0.3396,2.92
-0.3395,2.93
-0.3394,2.91
-0.3393,2.91
-0.3392,2.93
-0.33909999999999996,2.91
-0.33899999999999997,2.91
-0.3389,2.93
-0.3388,2.91
-0.3387,2.91
-0.3386,2.91
-0.3385,2.9
-0.3384,2.88
-0.3383,2.91
-0.3382,2.92
-0.33809999999999996,2.89
-0.33799999999999997,2.88
-0.3379,2.88
-0.3378,2.88
-0.3377,2.9
-0.3376,2.88
-0.3375,2.91
-0.33740000000000003,2.8000000000000003
-0.3373,2.7
-0.3372,2.63
-0.33709999999999996,2.56
-0.33699999999999997,2.52
-0.3369,2.47
-0.3368,2.43
-0.3367,2.42
-0.3366,2.4
-0.3365,2.38
-0.33640000000000003,2.37
-0.3363,2.36
-0.3362,2.34
-0.33609999999999995,2.34
-0.33599999999999997,2.35
-0.3359,2.33
-0.3358,2.31
-0.3357,2.31
-0.3356,2.32
-0.3355,2.3000000000000003
-0.33540000000000003,2.04
-0.3353,1.8
-0.3352,1.6300000000000001
-0.33509999999999995,1.47
-0.33499999999999996,1.33
-0.3349,1.24
-0.3348,1.16
-0.3347,1.1
-0.3346,1.05
-0.3345,1.0
-0.33440000000000003,0.9500000000000001
-0.3343,0.93
-0.3342,0.9
-0.33409999999999995,0.88
-0.33399999999999996,0.88
-0.3339,0.85
-0.3338,0.85
-0.3337,0.84
-0.3336,0.84
-0.3335,0.8200000000000001
-0.33340000000000003,1.09
-0.3333,1.3800000000000001
-0.3332,1.61
-0.33309999999999995,1.78
-0.33299999999999996,1.92
-0.3329,2.05
-0.3328,2.14
-0.3327,2.21
-0.3326,2.2800000000000002
-0.3325,2.33
-0.33240000000000003,2.37
-0.3323,2.42
-0.3322,2.43
-0.33209999999999995,2.46
-0.33199999999999996,2.48
-0.3319,2.49
-0.3318,2.5
-0.3317,2.5
-0.3316,2.5100000000000002
-0.3315,2.54
-0.33140000000000003,2.35
-0.3313,2.12
-0.3312,2.0
-0.3311,1.8800000000000001
-0.33099999999999996,1.77
-0.33089999999999997,1.68
-0.3308,1.62
-0.3307,1.56
-0.3306,1.51
-0.3305,1.48
-0.3304,1.46
-0.3303,1.43
-0.3302,1.42
-0.3301,1.3900000000000001
-0.32999999999999996,1.3900000000000001
-0.32989999999999997,1.3800000000000001
-0.3298,1.35
-0.3297,1.34
-0.3296,1.34
-0.3295,1.36
-0.3294,1.53
-0.3293,1.8
-0.3292,2.0100000000000002
-0.3291,2.17
-0.32899999999999996,2.3000000000000003
-0.32889999999999997,2.41
-0.3288,2.5
-0.3287,2.57
-0.3286,2.61
-0.3285,2.67
-0.3284,2.71
-0.3283,2.73
-0.3282,2.77
-0.3281,2.77
-0.32799999999999996,2.7800000000000002
-0.32789999999999997,2.82
-0.3278,2.81
-0.3277,2.83
-0.3276,2.84
-0.3275,2.84
-0.3274,2.7800000000000002
-0.3273,2.7
-0.3272,2.61
-0.3271,2.58
-0.32699999999999996,2.54
-0.32689999999999997,2.49
-0.3268,2.47
-0.3267,2.44
-0.3266,2.42
-0.3265,2.39
-0.3264,2.39
-0.3263,2.37
-0.3262,2.36
-0.3261,2.36
-0.32599999999999996,2.35
-0.32589999999999997,2.34
-0.3258,2.34
-0.3257,2.34
-0.3256,2.34
-0.3255,2.33
-0.3254,2.25
-0.3253,2.14
-0.3252,2.0300000000000002
-0.3251,1.98
-0.32499999999999996,1.9100000000000001
-0.32489999999999997,1.86
-0.3248,1.82
-0.3247,1.79
-0.3246,1.77
-0.3245,1.74
-0.3244,1.73
-0.32430000000000003,1.72
-0.3242,1.72
-0.3241,1.7
-0.32399999999999995,1.67
-0.32389999999999997,1.68
-0.3238,1.67
-0.3237,1.68
-0.3236,1.67
-0.3235,1.67
-0.3234,1.6
-0.32330000000000003,1.49
-0.3232,1.41
-0.3231,1.34
-0.32299999999999995,1.29
-0.32289999999999996,1.25
-0.3228,1.21
-0.3227,1.19
-0.3226,1.1500000000000001
-0.3225,1.1400000000000001
-0.3224,1.12
-0.32230000000000003,1.12
-0.3222,1.1
-0.3221,1.09
-0.32199999999999995,1.07
-0.32189999999999996,1.06
-0.3218,1.07
-0.3217,1.09
-0.3216,1.08
-0.3215,1.08
-0.3214,1.02
-0.32130000000000003,0.9400000000000001
-0.3212,0.88
-0.3211,0.8200000000000001
-0.32099999999999995,0.79
-0.32089999999999996,0.75
-0.3208,0.72
-0.3207,0.71
-0.3206,0.6900000000000001
-0.3205,0.68
-0.3204,0.66
-0.32030000000000003,0.66
-0.3202,0.65
-0.3201,0.65
-0.31999999999999995,0.62
-0.31989999999999996,0.62
-0.3198,0.61
-0.3197,0.63
-0.3196,0.62
-0.3195,0.61
-0.3194,0.67
-0.31930000000000003,0.79
-0.3192,0.85
-0.3191,0.92
-0.31899999999999995,0.96
-0.31889999999999996,1.02
-0.3188,1.05
-0.3187,1.1
-0.3186,1.11
-0.3185,1.12
-0.3184,1.1400000000000001
-0.3183,1.1500000000000001
-0.3182,1.17
-0.3181,1.16
-0.318,1.19
-0.31789999999999996,1.19
-0.31779999999999997,1.18
-0.3177,1.2
-0.3176,1.18
-0.3175,1.18
-0.3174,1.1400000000000001
-0.3173,0.98
-0.3172,0.86
-0.3171,0.76
-0.317,0.6900000000000001
-0.31689999999999996,0.62
-0.31679999999999997,0.5700000000000001
-0.3167,0.54
-0.3166,0.48
-0.3165,0.48
-0.3164,0.45
-0.3163,0.42
-0.3162,0.41000000000000003
-0.3161,0.4
-0.316,0.39
-0.31589999999999996,0.38
-0.31579999999999997,0.37
-0.3157,0.36
-0.3156,0.35000000000000003
-0.3155,0.37
-0.3154,0.37
-0.3153,0.38
-0.3152,0.38
-0.3151,0.36
-0.315,0.39
-0.31489999999999996,0.37
-0.31479999999999997,0.41000000000000003
-0.3147,0.38
-0.3146,0.38
-0.3145,0.39
-0.3144,0.39
-0.3143,0.38
-0.3142,0.38
-0.3141,0.37
-0.314,0.38
-0.31389999999999996,0.38
-0.31379999999999997,0.37
-0.3137,0.4
-0.3136,0.38
-0.3135,0.39
-0.3134,0.5
-0.3133,0.91
-0.3132,1.23
-0.3131,1.46
-0.313,1.6600000000000001
-0.31289999999999996,1.8
-0.31279999999999997,1.94
-0.3127,2.04
-0.3126,2.12
-0.3125,2.2
-0.3124,2.2600000000000002
-0.3123,2.31
-0.3122,2.34
-0.3121,2.36
-0.312,2.41
-0.31189999999999996,2.42
-0.31179999999999997,2.42
-0.3117,2.46
-0.3116,2.46
-0.3115,2.49
-0.3114,2.49
-0.3113,2.56
-0.31120000000000003,2.64
-0.3111,2.69
-0.311,2.72
-0.31089999999999995,2.7600000000000002
-0.31079999999999997,2.7800000000000002
-0.3107,2.81
-0.3106,2.81
-0.3105,2.83
-0.3104,2.85
-0.3103,2.86
-0.31020000000000003,2.87
-0.3101,2.87
-0.31,2.88
-0.30989999999999995,2.87
-0.30979999999999996,2.91
-0.3097,2.88
-0.3096,2.91
-0.3095,2.91
-0.3094,2.91
-0.3093,2.72
-0.30920000000000003,2.6
-0.3091,2.52
-0.309,2.43
-0.30889999999999995,2.38
-0.30879999999999996,2.32
-0.3087,2.3000000000000003
-0.3086,2.24
-0.3085,2.22
-0.3084,2.19
-0.3083,2.17
-0.30820000000000003,2.15
-0.3081,2.16
-0.308,2.14
-0.30789999999999995,2.14
-0.30779999999999996,2.11
-0.3077,2.11
-0.3076,2.11
-0.3075,2.1
-0.3074,2.04
-0.3073,1.77
-0.30720000000000003,1.57
-0.3071,1.37
-0.307,1.24
-0.30689999999999995,1.1300000000000001
-0.30679999999999996,1.0
-0.3067,0.9500000000000001
-0.3066,0.88
-0.3065,0.84
-0.3064,0.79
-0.3063,0.75
-0.3062,0.75
-0.3061,0.72
-0.306,0.71
-0.30589999999999995,0.6900000000000001
-0.30579999999999996,0.68
-0.30569999999999997,0.65
-0.3056,0.65
-0.3055,0.64
-0.3054,0.67
-0.3053,0.86
-0.3052,1.01
-0.3051,1.12
-0.305,1.23
-0.3049,1.31
-0.30479999999999996,1.36
-0.30469999999999997,1.41
-0.3046,1.44
-0.3045,1.48
-0.3044,1.51
-0.3043,1.53
-0.3042,1.54
-0.3041,1.56
-0.304,1.57
-0.3039,1.58
-0.30379999999999996,1.6
-0.30369999999999997,1.61
-0.3036,1.6
-0.3035,1.61
-0.3034,1.6300000000000001
-0.3033,1.6400000000000001
-0.3032,1.6600000000000001
-0.3031,1.6600000000000001
-0.303,1.6500000000000001
-0.3029,1.68
-0.30279999999999996,1.6600000000000001
-0.30269999999999997,1.68
-0.3026,1.69
-0.3025,1.68
-0.3024,1.69
-0.3023,1.68
-0.3022,1.67
-0.3021,1.69
-0.302,1.68
-0.3019,1.69
-0.30179999999999996,1.69
-0.30169999999999997,1.69
-0.3016,1.7
-0.3015,1.69
-0.3014,1.69
-0.3013,1.56
-0.3012,1.45
-0.3011,1.37
-0.301,1.3
-0.3009,1.25
-0.30079999999999996,1.18
-0.30069999999999997,1.16
-0.3006,1.11
-0.3005,1.1
-0.3004,1.09
-0.3003,1.07
-0.3002,1.06
-0.3001,1.03
-0.3,1.03
-0.2999,1.02
-0.29979999999999996,1.0
-0.29969999999999997,1.02
-0.2996,1.0
-0.2995,1.01
-0.2994,0.99
-0.2993,0.87
-0.2992,0.78
-0.2991,0.72
-0.299,0.66
-0.2989,0.61
-0.29879999999999995,0.56
-0.29869999999999997,0.53
-0.2986,0.51
-0.2985,0.48
-0.2984,0.47000000000000003
-0.2983,0.46
-0.2982,0.44
-0.29810000000000003,0.43
-0.298,0.42
-0.2979,0.41000000000000003
-0.29779999999999995,0.41000000000000003
-0.29769999999999996,0.38
-0.2976,0.4
-0.2975,0.39
-0.2974,0.39
-0.2973,0.63
-0.2972,0.86
-0.29710000000000003,1.05
-0.297,1.18
-0.2969,1.27
-0.29679999999999995,1.37
-0.29669999999999996,1.45
-0.2966,1.51
-0.2965,1.55
-0.2964,1.58
-0.2963,1.6300000000000001
-0.2962,1.6600000000000001
-0.29610000000000003,1.67
-0.296,1.7
-0.2959,1.71
-0.29579999999999995,1.73
-0.29569999999999996,1.73
-0.2956,1.74
-0.2955,1.75
-0.2954,1.75
-0.2953,1.9000000000000001
-0.2952,2.02
-0.29510000000000003,2.14
-0.295,2.24
-0.2949,2.3000000000000003
-0.29479999999999995,2.36
-0.29469999999999996,2.37
-0.2946,2.43
-0.2945,2.43
-0.2944,2.48
-0.2943,2.48
-0.2942,2.5100000000000002
-0.29410000000000003,2.52
-0.294,2.52
-0.2939,2.54
-0.29379999999999995,2.54
-0.29369999999999996,2.56
-0.29359999999999997,2.5500000000000003
-0.2935,2.56
-0.2934,2.54
-0.2933,2.32
-0.2932,2.0300000000000002
-0.2931,1.81
-0.293,1.67
-0.2929,1.53
-0.29279999999999995,1.41
-0.29269999999999996,1.32
-0.29259999999999997,1.23
-0.2925,1.18
-0.2924,1.1300000000000001
-0.2923,1.09
-0.2922,1.07
-0.2921,1.05
-0.292,1.02
-0.2919,1.01
-0.2918,1.0
-0.29169999999999996,0.98
-0.29159999999999997,0.96
-0.2915,0.9500000000000001
-0.2914,0.9500000000000001
-0.2913,1.02
-0.2912,1.11
-0.2911,1.18
-0.291,1.24
-0.2909,1.26
-0.2908,1.31
-0.29069999999999996,1.32
-0.29059999999999997,1.34
-0.2905,1.3800000000000001
-0.2904,1.3900000000000001
-0.2903,1.41
-0.2902,1.42
-0.2901,1.42
-0.29,1.43
-0.2899,1.42
-0.2898,1.43
-0.28969999999999996,1.44
-0.28959999999999997,1.44
-0.2895,1.45
-0.2894,1.43
-0.2893,1.31
-0.2892,1.1400000000000001
-0.2891,0.99
-0.289,0.88
-0.2889,0.8
-0.2888,0.72
-0.28869999999999996,0.67
-0.28859999999999997,0.61
-0.2885,0.6
-0.2884,0.55
-0.2883,0.53
-0.2882,0.49
-0.2881,0.48
-0.288,0.46
-0.2879,0.46
-0.2878,0.47000000000000003
-0.28769999999999996,0.43
-0.28759999999999997,0.44
-0.2875,0.43
-0.2874,0.42
-0.2873,0.58
-0.2872,0.75
-0.2871,0.9
-0.287,1.02
-0.2869,1.12
-0.2868,1.19
-0.28669999999999995,1.24
-0.28659999999999997,1.31
-0.2865,1.35
-0.2864,1.37
-0.2863,1.3900000000000001
-0.2862,1.42
-0.2861,1.44
-0.286,1.46
-0.2859,1.46
-0.2858,1.48
-0.28569999999999995,1.49
-0.28559999999999997,1.49
-0.2855,1.5
-0.2854,1.49
-0.2853,1.5
-0.2852,1.5
-0.2851,1.49
-0.28500000000000003,1.49
-0.2849,1.49
-0.2848,1.47
-0.28469999999999995,1.46
-0.28459999999999996,1.47
-0.2845,1.46
-0.2844,1.45
-0.2843,1.46
-0.2842,1.45
-0.2841,1.44
-0.28400000000000003,1.45
-0.2839,1.44
-0.2838,1.45
-0.28369999999999995,1.46
-0.28359999999999996,1.46
-0.2835,1.45
-0.2834,1.47
-0.2833,1.43
-0.2832,1.41
-0.2831,1.3800000000000001
-0.28300000000000003,1.37
-0.2829,1.36
-0.2828,1.34
-0.28269999999999995,1.32
-0.28259999999999996,1.33
-0.2825,1.3
-0.2824,1.3
-0.2823,1.31
-0.2822,1.29
-0.2821,1.28
-0.28200000000000003,1.3
-0.2819,1.29
-0.2818,1.28
-0.28169999999999995,1.31
-0.28159999999999996,1.28
-0.2815,1.3
-0.2814,1.29
-0.2813,1.42
-0.2812,1.68
-0.2811,1.87
-0.281,2.04
-0.2809,2.17
-0.2808,2.2600000000000002
-0.28069999999999995,2.34
-0.28059999999999996,2.42
-0.28049999999999997,2.49
-0.2804,2.52
-0.2803,2.54
-0.2802,2.56
-0.2801,2.6
-0.28,2.63
-0.2799,2.64
-0.2798,2.65
-0.27969999999999995,2.67
-0.27959999999999996,2.66
-0.27949999999999997,2.69
-0.2794,2.68
-0.2793,2.6
-0.2792,2.42
-0.2791,2.3000000000000003
-0.279,2.2
-0.2789,2.11
-0.2788,2.04
-0.27869999999999995,1.99
-0.27859999999999996,1.95
-0.27849999999999997,1.92
-0.2784,1.8900000000000001
-0.2783,1.85
-0.2782,1.84
-0.2781,1.82
-0.278,1.79
-0.2779,1.8
-0.2778,1.79
-0.2777,1.79
-0.27759999999999996,1.77
-0.27749999999999997,1.78
-0.2774,1.76
-0.2773,1.81
-0.2772,1.8800000000000001
-0.2771,1.94
-0.277,1.99
-0.2769,2.0300000000000002
-0.2768,2.05
-0.2767,2.08
-0.27659999999999996,2.11
-0.27649999999999997,2.11
-0.2764,2.12
-0.2763,2.14
-0.2762,2.15
-0.2761,2.15
-0.276,2.15
-0.2759,2.16
-0.2758,2.17
-0.2757,2.18
-0.27559999999999996,2.17
-0.27549999999999997,2.18
-0.2754,2.17
-0.2753,2.19
-0.2752,2.33
-0.2751,2.41
-0.275,2.5
-0.2749,2.56
-0.2748,2.58
-0.2747,2.64
-0.27459999999999996,2.66
-0.27449999999999997,2.67
-0.2744,2.69
-0.2743,2.71
-0.2742,2.72
-0.2741,2.74
-0.274,2.75
-0.2739,2.7600000000000002
-0.2738,2.7600000000000002
-0.2737,2.77
-0.27359999999999995,2.77
-0.27349999999999997,2.77
-0.2734,2.7800000000000002
-0.2733,2.69
-0.2732,2.33
-0.2731,2.04
-0.273,1.84
-0.2729,1.68
-0.2728,1.54
-0.2727,1.42
-0.27259999999999995,1.33
-0.27249999999999996,1.25
-0.2724,1.2
-0.2723,1.1300000000000001
-0.2722,1.11
-0.2721,1.07
-0.272,1.05
-0.27190000000000003,1.01
-0.2718,1.01
-0.2717,0.98
-0.27159999999999995,0.98
-0.27149999999999996,0.96
-0.2714,0.9500000000000001
-0.2713,0.97
-0.2712,1.01
-0.2711,1.07
-0.271,1.11
-0.27090000000000003,1.12
-0.2708,1.17
-0.2707,1.17
-0.27059999999999995,1.19
-0.27049999999999996,1.19
-0.2704,1.2
-0.2703,1.22
-0.2702,1.23
-0.2701,1.22
-0.27,1.23
-0.26990000000000003,1.23
-0.2698,1.25
-0.2697,1.24
-0.26959999999999995,1.24
-0.26949999999999996,1.25
-0.2694,1.24
-0.2693,1.24
-0.2692,1.28
-0.2691,1.28
-0.269,1.29
-0.26890000000000003,1.32
-0.2688,1.31
-0.2687,1.31
-0.26859999999999995,1.32
-0.26849999999999996,1.32
-0.26839999999999997,1.32
-0.2683,1.33
-0.2682,1.32
-0.2681,1.32
-0.268,1.34
-0.2679,1.35
-0.2678,1.34
-0.2677,1.33
-0.26759999999999995,1.34
-0.26749999999999996,1.35
-0.26739999999999997,1.34
-0.2673,1.35
-0.2672,1.48
-0.2671,1.57
-0.267,1.6600000000000001
-0.2669,1.72
-0.2668,1.77
-0.2667,1.81
-0.26659999999999995,1.85
-0.26649999999999996,1.87
-0.26639999999999997,1.8800000000000001
-0.2663,1.9100000000000001
-0.2662,1.93
-0.2661,1.93
-0.266,1.95
-0.2659,1.95
-0.2658,1.95
-0.2657,1.96
-0.26559999999999995,1.98
-0.26549999999999996,1.98
-0.26539999999999997,1.99
-0.2653,1.98
-0.2652,2.18
-0.2651,2.34
-0.265,2.46
-0.2649,2.56
-0.2648,2.62
-0.2647,2.68
-0.2646,2.73
-0.26449999999999996,2.7800000000000002
-0.26439999999999997,2.8000000000000003
-0.2643,2.83
-0.2642,2.85
-0.2641,2.88
-0.264,2.91
-0.2639,2.92
-0.2638,2.91
-0.2637,2.91
-0.2636,2.94
-0.26349999999999996,2.95
-0.26339999999999997,2.93
-0.2633,2.95
-0.2632,2.81
-0.2631,2.66
-0.263,2.6
-0.2629,2.52
-0.2628,2.46
-0.2627,2.39
-0.2626,2.36
-0.26249999999999996,2.33
-0.26239999999999997,2.32
-0.2623,2.3000000000000003
-0.2622,2.2800000000000002
-0.2621,2.25
-0.262,2.24
-0.2619,2.23
-0.2618,2.21
-0.2617,2.21
-0.2616,2.21
-0.26149999999999995,2.21
-0.26139999999999997,2.2
-0.2613,2.2
-0.2612,2.3000000000000003
-0.2611,2.38
-0.261,2.45
-0.2609,2.52
-0.2608,2.56
-0.2607,2.6
-0.2606,2.65
-0.26049999999999995,2.64
-0.26039999999999996,2.65
-0.2603,2.67
-0.2602,2.72
-0.2601,2.7
-0.26,2.72
-0.2599,2.74
-0.2598,2.73
-0.2597,2.74
-0.2596,2.73
-0.25949999999999995,2.74
-0.25939999999999996,2.74
-0.2593,2.75
-0.2592,2.61
-0.2591,2.49
-0.259,2.41
-0.2589,2.34
-0.25880000000000003,2.2800000000000002
-0.2587,2.22
-0.2586,2.21
-0.25849999999999995,2.17
-0.25839999999999996,2.14
-0.2583,2.12
-0.2582,2.09
-0.2581,2.1
-0.258,2.09
-0.2579,2.08
-0.25780000000000003,2.05
-0.2577,2.06
-0.2576,2.06
-0.25749999999999995,2.05
-0.25739999999999996,2.02
-0.2573,2.0300000000000002
-0.2572,1.87
-0.2571,1.72
-0.257,1.6
-0.2569,1.49
-0.25680000000000003,1.43
-0.2567,1.35
-0.2566,1.31
-0.25649999999999995,1.27
-0.25639999999999996,1.22
-0.2563,1.19
-0.2562,1.16
-0.2561,1.17
-0.256,1.1400000000000001
-0.2559,1.12
-0.2558,1.1300000000000001
-0.2557,1.1
-0.2556,1.09
-0.25549999999999995,1.1
-0.25539999999999996,1.1
-0.25529999999999997,1.09
-0.2552,1.09
-0.2551,1.1300000000000001
-0.255,1.1400000000000001
-0.2549,1.1500000000000001
-0.2548,1.16
-0.2547,1.1500000000000001
-0.2546,1.16
-0.25449999999999995,1.16
-0.25439999999999996,1.17
-0.25429999999999997,1.16
-0.2542,1.16
-0.2541,1.18
-0.254,1.18
-0.2539,1.17
-0.2538,1.18
-0.2537,1.19
-0.2536,1.18
-0.25349999999999995,1.17
-0.25339999999999996,1.17
-0.25329999999999997,1.17
-0.2532,1.31
-0.2531,1.45
-0.253,1.55
-0.2529,1.6400000000000001
-0.2528,1.71
-0.2527,1.76
-0.2526,1.81
-0.25249999999999995,1.85
-0.25239999999999996,1.8800000000000001
-0.25229999999999997,1.9100000000000001
-0.2522,1.92
-0.2521,1.95
-0.252,1.96
-0.2519,1.98
-0.2518,1.98
-0.2517,1.98
-0.2516,1.99
-0.2515,2.0100000000000002
-0.25139999999999996,2.0
-0.25129999999999997,2.0
-0.2512,2.12
-0.2511,2.19
-0.251,2.27
-0.2509,2.35
-0.2508,2.38
-0.2507,2.4
-0.2506,2.42
-0.2505,2.47
-0.25039999999999996,2.5
-0.25029999999999997,2.48
-0.2502,2.52
-0.2501,2.5300000000000002
-0.25,2.52
-0.2499,2.5500000000000003
-0.24979999999999997,2.56
-0.24969999999999998,2.5500000000000003
-0.2496,2.54
-0.2495,2.5500000000000003
-0.2494,2.5500000000000003
-0.24929999999999997,2.57
-0.24919999999999998,2.41
-0.2491,2.23
-0.249,2.09
-0.2489,1.98
-0.24879999999999997,1.9000000000000001
-0.24869999999999998,1.84
-0.2486,1.77
-0.2485,1.72
-0.2484,1.69
-0.24829999999999997,1.6600000000000001
-0.24819999999999998,1.6300000000000001
-0.2481,1.59
-0.248,1.58
-0.2479,1.57
-0.24779999999999996,1.57
-0.24769999999999998,1.55
-0.2476,1.54
-0.2475,1.54
-0.2474,1.53
-0.24729999999999996,1.53
-0.24719999999999998,1.76
-0.2471,2.0300000000000002
-0.247,2.2600000000000002
-0.2469,2.46
-0.24679999999999996,2.6
-0.24669999999999997,2.7
-0.24659999999999999,2.81
-0.2465,2.88
-0.2464,2.95
-0.24629999999999996,3.0100000000000002
-0.24619999999999997,3.0500000000000003
-0.24609999999999999,3.0700000000000003
-0.246,3.11
-0.2459,3.13
-0.24579999999999996,3.15
-0.24569999999999997,3.16
-0.24559999999999998,3.17
-0.2455,3.19
-0.2454,3.21
-0.24529999999999996,3.21
-0.24519999999999997,2.88
-0.24509999999999998,2.37
-0.245,1.98
-0.2449,1.68
-0.24479999999999996,1.42
-0.24469999999999997,1.23
-0.24459999999999998,1.06
-0.2445,0.9
-0.2444,0.8
-0.24429999999999996,0.7000000000000001
-0.24419999999999997,0.63
-0.24409999999999998,0.58
-0.244,0.53
-0.2439,0.47000000000000003
-0.24379999999999996,0.46
-0.24369999999999997,0.42
-0.24359999999999998,0.4
-0.2435,0.39
-0.2434,0.36
-0.24329999999999996,0.35000000000000003
-0.24319999999999997,0.55
-0.24309999999999998,0.8200000000000001
-0.243,1.02
-0.2429,1.19
-0.24279999999999996,1.32
-0.24269999999999997,1.45
-0.24259999999999998,1.54
-0.2425,1.61
-0.2424,1.67
-0.24230000000000002,1.73
-0.24219999999999997,1.78
-0.24209999999999998,1.8
-0.242,1.84
-0.2419,1.85
-0.24180000000000001,1.87
-0.24169999999999997,1.8800000000000001
-0.24159999999999998,1.9000000000000001
-0.2415,1.92
-0.2414,1.92
-0.24130000000000001,1.92
-0.24119999999999997,1.85
-0.24109999999999998,1.74
-0.241,1.6400000000000001
-0.2409,1.58
-0.24080000000000001,1.51
-0.24069999999999997,1.48
-0.24059999999999998,1.43
-0.2405,1.4000000000000001
-0.2404,1.3800000000000001
-0.2403,1.34
-0.24019999999999997,1.34
-0.24009999999999998,1.33
-0.24,1.32
-0.2399,1.31
-0.2398,1.3
-0.23969999999999997,1.28
-0.23959999999999998,1.28
-0.2395,1.28
-0.2394,1.28
-0.2393,1.28
-0.23919999999999997,1.19
-0.23909999999999998,1.04
-0.239,0.92
-0.2389,0.84
-0.2388,0.76
-0.23869999999999997,0.71
-0.23859999999999998,0.64
-0.2385,0.61
-0.2384,0.58
-0.2383,0.56
-0.23819999999999997,0.53
-0.23809999999999998,0.5
-0.238,0.5
-0.2379,0.5
-0.2378,0.48
-0.23769999999999997,0.47000000000000003
-0.23759999999999998,0.45
-0.2375,0.45
-0.2374,0.46
-0.2373,0.44
-0.23719999999999997,0.55
-0.23709999999999998,0.8200000000000001
-0.237,1.04
-0.2369,1.2
-0.2368,1.34
-0.23669999999999997,1.45
-0.23659999999999998,1.55
-0.2365,1.62
-0.2364,1.67
-0.2363,1.73
-0.23619999999999997,1.75
-0.23609999999999998,1.82
-0.236,1.81
-0.2359,1.84
-0.2358,1.86
-0.23569999999999997,1.8800000000000001
-0.23559999999999998,1.8900000000000001
-0.2355,1.9000000000000001
-0.2354,1.93
-0.2353,1.92
-0.23519999999999996,1.9000000000000001
-0.23509999999999998,1.86
-0.235,1.82
-0.2349,1.8
-0.2348,1.78
-0.23469999999999996,1.76
-0.23459999999999998,1.76
-0.2345,1.73
-0.2344,1.73
-0.2343,1.74
-0.23419999999999996,1.71
-0.23409999999999997,1.71
-0.23399999999999999,1.7
-0.2339,1.71
-0.2338,1.72
-0.23369999999999996,1.69
-0.23359999999999997,1.7
-0.23349999999999999,1.7
-0.2334,1.69
-0.2333,1.71
-0.23319999999999996,1.72
-0.23309999999999997,1.8
-0.23299999999999998,1.85
-0.2329,1.9100000000000001
-0.2328,1.93
-0.23269999999999996,1.98
-0.23259999999999997,2.0
-0.23249999999999998,2.02
-0.2324,2.04
-0.2323,2.05
-0.23219999999999996,2.07
-0.23209999999999997,2.08
-0.23199999999999998,2.06
-0.2319,2.08
-0.2318,2.08
-0.23169999999999996,2.11
-0.23159999999999997,2.1
-0.23149999999999998,2.11
-0.2314,2.11
-0.2313,2.09
-0.23119999999999996,2.08
-0.23109999999999997,2.0300000000000002
-0.23099999999999998,1.99
-0.2309,1.94
-0.2308,1.94
-0.23069999999999996,1.8900000000000001
-0.23059999999999997,1.8800000000000001
-0.23049999999999998,1.87
-0.2304,1.87
-0.2303,1.85
-0.23019999999999996,1.85
-0.23009999999999997,1.84
-0.22999999999999998,1.84
-0.2299,1.82
-0.2298,1.84
-0.22969999999999996,1.81
-0.22959999999999997,1.82
-0.22949999999999998,1.82
-0.2294,1.84
-0.2293,1.8
-0.22919999999999996,1.78
-0.22909999999999997,1.49
-0.22899999999999998,1.29
-0.2289,1.1300000000000001
-0.2288,0.99
-0.22870000000000001,0.86
-0.22859999999999997,0.78
-0.22849999999999998,0.71
-0.2284,0.65
-0.2283,0.6
-0.22820000000000001,0.56
-0.22809999999999997,0.53
-0.22799999999999998,0.5
-0.2279,0.47000000000000003
-0.2278,0.48
-0.2277,0.46
-0.22759999999999997,0.44
-0.22749999999999998,0.43
-0.2274,0.42
-0.2273,0.42
-0.2272,0.4
-0.22709999999999997,0.35000000000000003
-0.22699999999999998,0.33
-0.2269,0.29
-0.2268,0.28
-0.2267,0.26
-0.22659999999999997,0.25
-0.22649999999999998,0.23
-0.2264,0.24
-0.2263,0.23
-0.2262,0.21
-0.22609999999999997,0.22
-0.22599999999999998,0.22
-0.2259,0.21
-0.2258,0.19
-0.2257,0.21
-0.22559999999999997,0.2
-0.22549999999999998,0.2
-0.2254,0.21
-0.2253,0.19
-0.2252,0.21
-0.22509999999999997,0.4
-0.22499999999999998,0.53
-0.2249,0.67
-0.2248,0.75
-0.2247,0.8200000000000001
-0.22459999999999997,0.88
-0.22449999999999998,0.9400000000000001
-0.2244,1.0
-0.2243,1.02
-0.2242,1.04
-0.22409999999999997,1.06
-0.22399999999999998,1.1
-0.2239,1.09
-0.2238,1.1
-0.2237,1.12
-0.22359999999999997,1.11
-0.22349999999999998,1.1400000000000001
-0.2234,1.1400000000000001
-0.2233,1.1300000000000001
-0.2232,1.1500000000000001
-0.22309999999999997,1.43
-0.22299999999999998,1.6300000000000001
-0.2229,1.79
-0.2228,1.92
-0.2227,2.02
-0.22259999999999996,2.1
-0.22249999999999998,2.18
-0.2224,2.22
-0.2223,2.2600000000000002
-0.2222,2.3000000000000003
-0.22209999999999996,2.34
-0.22199999999999998,2.37
-0.2219,2.39
-0.2218,2.39
-0.2217,2.41
-0.22159999999999996,2.42
-0.22149999999999997,2.44
-0.22139999999999999,2.43
-0.2213,2.44
-0.2212,2.46
-0.22109999999999996,2.18
-0.22099999999999997,1.98
-0.22089999999999999,1.82
-0.2208,1.69
-0.2207,1.58
-0.22059999999999996,1.5
-0.22049999999999997,1.44
-0.22039999999999998,1.37
-0.2203,1.34
-0.2202,1.3
-0.22009999999999996,1.28
-0.21999999999999997,1.25
-0.21989999999999998,1.23
-0.2198,1.2
-0.2197,1.18
-0.21959999999999996,1.19
-0.21949999999999997,1.18
-0.21939999999999998,1.16
-0.2193,1.16
-0.2192,1.1500000000000001
-0.21909999999999996,1.45
-0.21899999999999997,1.68
-0.21889999999999998,1.86
-0.2188,1.99
-0.2187,2.12
-0.21859999999999996,2.19
-0.21849999999999997,2.3000000000000003
-0.21839999999999998,2.34
-0.2183,2.41
-0.2182,2.42
-0.21809999999999996,2.48
-0.21799999999999997,2.48
-0.21789999999999998,2.52
-0.2178,2.5500000000000003
-0.2177,2.56
-0.21759999999999996,2.56
-0.21749999999999997,2.57
-0.21739999999999998,2.58
-0.2173,2.6
-0.2172,2.6
-0.21709999999999996,2.41
-0.21699999999999997,2.2600000000000002
-0.21689999999999998,2.12
-0.2168,2.04
-0.2167,1.98
-0.21659999999999996,1.8900000000000001
-0.21649999999999997,1.85
-0.21639999999999998,1.8
-0.2163,1.77
-0.2162,1.74
-0.21609999999999996,1.74
-0.21599999999999997,1.71
-0.21589999999999998,1.7
-0.2158,1.68
-0.2157,1.69
-0.2156,1.6600000000000001
-0.21549999999999997,1.6600000000000001
-0.21539999999999998,1.6500000000000001
-0.2153,1.6500000000000001
-0.2152,1.6500000000000001
-0.2151,1.69
-0.21499999999999997,1.74
-0.21489999999999998,1.8
-0.2148,1.83
-0.2147,1.86
-0.2146,1.87
-0.21449999999999997,1.9000000000000001
-0.21439999999999998,1.9000000000000001
-0.2143,1.92
-0.2142,1.92
-0.2141,1.93
-0.21399999999999997,1.94
-0.21389999999999998,1.93
-0.2138,1.94
-0.2137,1.95
-0.2136,1.97
-0.21349999999999997,1.96
-0.21339999999999998,1.98
-0.2133,1.99
-0.2132,1.96
-0.2131,1.71
-0.21299999999999997,1.45
-0.21289999999999998,1.25
-0.2128,1.08
-0.2127,0.9500000000000001
-0.2126,0.84
-0.21249999999999997,0.73
-0.21239999999999998,0.67
-0.2123,0.61
-0.2122,0.55
-0.2121,0.52
-0.21199999999999997,0.48
-0.21189999999999998,0.44
-0.2118,0.43
-0.2117,0.42
-0.2116,0.4
-0.21149999999999997,0.4
-0.21139999999999998,0.38
-0.2113,0.37
-0.2112,0.37
-0.2111,0.31
-0.21099999999999997,0.26
-0.21089999999999998,0.2
-0.2108,0.19
-0.2107,0.17
-0.2106,0.13
-0.21049999999999996,0.11
-0.21039999999999998,0.13
-0.2103,0.1
-0.2102,0.09
-0.2101,0.07
-0.20999999999999996,0.07
-0.20989999999999998,0.06
-0.2098,0.05
-0.2097,0.07
-0.2096,0.05
-0.20949999999999996,0.06
-0.20939999999999998,0.04
-0.20929999999999999,0.05
-0.2092,0.04
-0.2091,0.12
-0.20899999999999996,0.19
-0.20889999999999997,0.25
-0.20879999999999999,0.31
-0.2087,0.35000000000000003
-0.2086,0.39
-0.20849999999999996,0.42
-0.20839999999999997,0.44
-0.20829999999999999,0.46
-0.2082,0.47000000000000003
-0.2081,0.48
-0.20799999999999996,0.5
-0.20789999999999997,0.5
-0.20779999999999998,0.51
-0.2077,0.51
-0.2076,0.53
-0.20749999999999996,0.52
-0.20739999999999997,0.53
-0.20729999999999998,0.54
-0.2072,0.53
-0.2071,0.64
-0.20699999999999996,0.78
-0.20689999999999997,0.87
-0.20679999999999998,0.98
-0.2067,1.03
-0.2066,1.1
-0.20649999999999996,1.1300000000000001
-0.20639999999999997,1.18
-0.20629999999999998,1.21
-0.2062,1.24
-0.2061,1.26
-0.20599999999999996,1.28
-0.20589999999999997,1.29
-0.20579999999999998,1.31
-0.2057,1.31
-0.2056,1.31
-0.20549999999999996,1.33
-0.20539999999999997,1.32
-0.20529999999999998,1.33
-0.2052,1.32
-0.2051,1.37
-0.20499999999999996,1.44
-0.20489999999999997,1.48
-0.20479999999999998,1.51
-0.2047,1.55
-0.2046,1.59
-0.20449999999999996,1.61
-0.20439999999999997,1.62
-0.20429999999999998,1.6500000000000001
-0.2042,1.6600000000000001
-0.2041,1.6600000000000001
-0.20399999999999996,1.67
-0.20389999999999997,1.68
-0.20379999999999998,1.67
-0.2037,1.68
-0.2036,1.69
-0.20349999999999996,1.7
-0.20339999999999997,1.7
-0.20329999999999998,1.71
-0.2032,1.67
-0.2031,1.6300000000000001
-0.20299999999999996,1.57
-0.20289999999999997,1.49
-0.20279999999999998,1.42
-0.2027,1.4000000000000001
-0.2026,1.36
-0.2025,1.32
-0.20239999999999997,1.32
-0.20229999999999998,1.29
-0.2022,1.27
-0.2021,1.26
-0.202,1.25
-0.20189999999999997,1.24
-0.20179999999999998,1.23
-0.2017,1.23
-0.2016,1.22
-0.2015,1.22
-0.20139999999999997,1.22
-0.20129999999999998,1.22
-0.2012,1.21
-0.2011,1.28
-0.201,1.41
-0.20089999999999997,1.53
-0.20079999999999998,1.6
-0.2007,1.68
-0.2006,1.74
-0.2005,1.78
-0.20039999999999997,1.81
-0.20029999999999998,1.85
-0.2002,1.8800000000000001
-0.2001,1.8900000000000001
-0.2,1.93
-0.19989999999999997,1.92
-0.19979999999999998,1.93
-0.1997,1.94
-0.1996,1.93
-0.1995,1.95
-0.19939999999999997,1.95
-0.19929999999999998,1.97
-0.1992,1.97
-0.1991,1.98
-0.199,2.04
-0.19889999999999997,2.07
-0.19879999999999998,2.09
-0.1987,2.11
-0.1986,2.14
-0.1985,2.14
-0.19839999999999997,2.17
-0.19829999999999998,2.17
-0.1982,2.19
-0.1981,2.21
-0.198,2.19
-0.19789999999999996,2.2
-0.19779999999999998,2.2
-0.1977,2.21
-0.1976,2.21
-0.1975,2.22
-0.19739999999999996,2.2
-0.19729999999999998,2.23
-0.1972,2.21
-0.1971,2.18
-0.197,2.08
-0.19689999999999996,2.02
-0.19679999999999997,1.93
-0.19669999999999999,1.9000000000000001
-0.1966,1.85
-0.1965,1.82
-0.19639999999999996,1.8
-0.19629999999999997,1.78
-0.19619999999999999,1.75
-0.1961,1.73
-0.196,1.73
-0.19589999999999996,1.72
-0.19579999999999997,1.68
-0.19569999999999999,1.71
-0.1956,1.7
-0.1955,1.71
-0.19539999999999996,1.69
-0.19529999999999997,1.69
-0.19519999999999998,1.71
-0.1951,1.6
-0.195,1.36
-0.19489999999999996,1.17
-0.19479999999999997,1.03
-0.19469999999999998,0.9
-0.1946,0.8
-0.1945,0.72
-0.19439999999999996,0.65
-0.19429999999999997,0.61
-0.19419999999999998,0.5700000000000001
-0.1941,0.51
-0.194,0.52
-0.19389999999999996,0.47000000000000003
-0.19379999999999997,0.46
-0.19369999999999998,0.45
-0.1936,0.43
-0.1935,0.42
-0.19339999999999996,0.41000000000000003
-0.19329999999999997,0.4
-0.19319999999999998,0.41000000000000003
-0.1931,0.46
-0.193,0.61
-0.19289999999999996,0.76
-0.19279999999999997,0.87
-0.19269999999999998,0.96
-0.1926,1.02
-0.1925,1.08
-0.19239999999999996,1.11
-0.19229999999999997,1.17
-0.19219999999999998,1.2
-0.1921,1.24
-0.192,1.23
-0.19189999999999996,1.26
-0.19179999999999997,1.27
-0.19169999999999998,1.27
-0.1916,1.29
-0.1915,1.31
-0.19139999999999996,1.31
-0.19129999999999997,1.31
-0.19119999999999998,1.31
-0.1911,1.29
-0.191,1.21
-0.19089999999999996,1.11
-0.19079999999999997,1.1
-0.19069999999999998,1.03
-0.1906,1.04
-0.1905,0.99
-0.19039999999999996,0.97
-0.19029999999999997,0.9500000000000001
-0.19019999999999998,0.93
-0.1901,0.91
-0.19,0.9
-0.18989999999999996,0.9
-0.18979999999999997,0.9
-0.18969999999999998,0.89
-0.1896,0.87
-0.1895,0.87
-0.1894,0.87
-0.18929999999999997,0.88
-0.18919999999999998,0.87
-0.1891,0.88
-0.189,0.99
-0.1889,1.07
-0.18879999999999997,1.1300000000000001
-0.18869999999999998,1.19
-0.1886,1.23
-0.1885,1.26
-0.1884,1.3
-0.18829999999999997,1.3
-0.18819999999999998,1.33
-0.1881,1.34
-0.188,1.34
-0.1879,1.35
-0.18779999999999997,1.37
-0.18769999999999998,1.37
-0.1876,1.3800000000000001
-0.1875,1.3900000000000001
-0.1874,1.3900000000000001
-0.18729999999999997,1.3900000000000001
-0.18719999999999998,1.3900000000000001
-0.1871,1.41
-0.187,1.54
-0.1869,1.61
-0.18679999999999997,1.7
-0.18669999999999998,1.76
-0.1866,1.8
-0.1865,1.84
-0.1864,1.86
-0.18629999999999997,1.8900000000000001
-0.18619999999999998,1.9000000000000001
-0.1861,1.92
-0.186,1.94
-0.1859,1.96
-0.18579999999999997,1.95
-0.18569999999999998,1.96
-0.1856,1.98
-0.1855,1.98
-0.1854,1.98
-0.18529999999999996,1.99
-0.18519999999999998,1.99
-0.1851,1.99
-0.185,1.69
-0.1849,1.43
-0.18479999999999996,1.27
-0.18469999999999998,1.12
-0.1846,1.01
-0.1845,0.89
-0.1844,0.8200000000000001
-0.18429999999999996,0.74
-0.18419999999999997,0.7000000000000001
-0.18409999999999999,0.66
-0.184,0.63
-0.1839,0.6
-0.18379999999999996,0.59
-0.18369999999999997,0.5700000000000001
-0.18359999999999999,0.54
-0.1835,0.53
-0.1834,0.51
-0.18329999999999996,0.51
-0.18319999999999997,0.51
-0.18309999999999998,0.5
-0.183,0.89
-0.1829,1.19
-0.18279999999999996,1.41
-0.18269999999999997,1.6
-0.18259999999999998,1.74
-0.1825,1.8800000000000001
-0.1824,1.99
-0.18229999999999996,2.06
-0.18219999999999997,2.14
-0.18209999999999998,2.18
-0.182,2.22
-0.1819,2.25
-0.18179999999999996,2.27
-0.18169999999999997,2.31
-0.18159999999999998,2.34
-0.1815,2.36
-0.1814,2.36
-0.18129999999999996,2.37
-0.18119999999999997,2.38
-0.18109999999999998,2.4
-0.181,2.42
-0.1809,2.46
-0.18079999999999996,2.48
-0.18069999999999997,2.5100000000000002
-0.18059999999999998,2.52
-0.1805,2.5300000000000002
-0.1804,2.56
-0.18029999999999996,2.57
-0.18019999999999997,2.57
-0.18009999999999998,2.59
-0.18,2.6
-0.1799,2.6
-0.17979999999999996,2.6
-0.17969999999999997,2.6
-0.17959999999999998,2.6
-0.1795,2.6
-0.1794,2.6
-0.17929999999999996,2.6
-0.17919999999999997,2.6
-0.17909999999999998,2.6
-0.179,2.2
-0.1789,1.85
-0.17879999999999996,1.57
-0.17869999999999997,1.34
-0.17859999999999998,1.17
-0.1785,1.03
-0.1784,0.89
-0.17829999999999996,0.8
-0.17819999999999997,0.73
-0.17809999999999998,0.66
-0.178,0.62
-0.1779,0.56
-0.17779999999999996,0.54
-0.17769999999999997,0.51
-0.17759999999999998,0.47000000000000003
-0.1775,0.45
-0.1774,0.44
-0.17729999999999996,0.44
-0.17719999999999997,0.43
-0.17709999999999998,0.41000000000000003
-0.177,0.47000000000000003
-0.1769,0.55
-0.17679999999999996,0.6
-0.17669999999999997,0.64
-0.17659999999999998,0.67
-0.1765,0.6900000000000001
-0.1764,0.72
-0.17629999999999996,0.75
-0.17619999999999997,0.76
-0.17609999999999998,0.78
-0.176,0.78
-0.1759,0.79
-0.1758,0.79
-0.17569999999999997,0.8
-0.17559999999999998,0.8
-0.1755,0.79
-0.1754,0.81
-0.1753,0.8200000000000001
-0.17519999999999997,0.79
-0.17509999999999998,0.81
-0.175,0.86
-0.1749,0.88
-0.1748,0.91
-0.17469999999999997,0.96
-0.17459999999999998,0.9400000000000001
-0.1745,0.96
-0.1744,0.97
-0.1743,0.98
-0.17419999999999997,1.0
-0.17409999999999998,1.0
-0.174,1.0
-0.1739,1.01
-0.1738,1.03
-0.17369999999999997,1.02
-0.17359999999999998,1.02
-0.1735,1.01
-0.1734,1.02
-0.1733,1.04
-0.17319999999999997,1.03
-0.17309999999999998,1.03
-0.173,1.3
-0.1729,1.6
-0.1728,1.8
-0.17269999999999996,1.98
-0.17259999999999998,2.12
-0.1725,2.24
-0.1724,2.34
-0.1723,2.42
-0.17219999999999996,2.48
-0.17209999999999998,2.5300000000000002
-0.172,2.57
-0.1719,2.59
-0.1718,2.62
-0.17169999999999996,2.65
-0.17159999999999997,2.66
-0.17149999999999999,2.67
-0.1714,2.67
-0.1713,2.67
-0.17119999999999996,2.71
-0.17109999999999997,2.71
-0.17099999999999999,2.38
-0.1709,2.0
-0.1708,1.7
-0.17069999999999996,1.48
-0.17059999999999997,1.27
-0.17049999999999998,1.11
-0.1704,0.99
-0.1703,0.88
-0.17019999999999996,0.8
-0.17009999999999997,0.72
-0.16999999999999998,0.68
-0.1699,0.62
-0.1698,0.6
-0.16969999999999996,0.6
-0.16959999999999997,0.53
-0.16949999999999998,0.51
-0.1694,0.5
-0.1693,0.47000000000000003
-0.16919999999999996,0.46
-0.16909999999999997,0.47000000000000003
-0.16899999999999998,0.46
-0.1689,0.47000000000000003
-0.1688,0.48
-0.16869999999999996,0.49
-0.16859999999999997,0.5
-0.16849999999999998,0.49
-0.1684,0.5
-0.1683,0.51
-0.16819999999999996,0.49
-0.16809999999999997,0.49
-0.16799999999999998,0.5
-0.1679,0.5
-0.1678,0.49
-0.16769999999999996,0.51
-0.16759999999999997,0.51
-0.16749999999999998,0.51
-0.1674,0.5
-0.1673,0.5
-0.16719999999999996,0.5
-0.16709999999999997,0.49
-0.16699999999999998,0.58
-0.1669,0.6900000000000001
-0.1668,0.77
-0.16669999999999996,0.8200000000000001
-0.16659999999999997,0.88
-0.16649999999999998,0.93
-0.1664,0.96
-0.1663,0.99
-0.16619999999999996,1.01
-0.16609999999999997,1.03
-0.16599999999999998,1.04
-0.1659,1.05
-0.1658,1.05
-0.16569999999999996,1.08
-0.16559999999999997,1.07
-0.16549999999999998,1.08
-0.1654,1.08
-0.1653,1.09
-0.16519999999999996,1.1
-0.16509999999999997,1.1
-0.16499999999999998,1.27
-0.1649,1.53
-0.1648,1.73
-0.16469999999999996,1.9000000000000001
-0.16459999999999997,2.02
-0.16449999999999998,2.14
-0.1644,2.2
-0.1643,2.3000000000000003
-0.16419999999999996,2.34
-0.16409999999999997,2.4
-0.16399999999999998,2.43
-0.1639,2.46
-0.1638,2.5
-0.16369999999999996,2.5100000000000002
-0.16359999999999997,2.52
-0.16349999999999998,2.5300000000000002
-0.1634,2.56
-0.1633,2.56
-0.16319999999999996,2.58
-0.16309999999999997,2.57
-0.16299999999999998,2.64
-0.1629,2.67
-0.1628,2.7
-0.1627,2.72
-0.16259999999999997,2.7600000000000002
-0.16249999999999998,2.77
-0.1624,2.7800000000000002
-0.1623,2.7800000000000002
-0.1622,2.79
-0.16209999999999997,2.8000000000000003
-0.16199999999999998,2.8000000000000003
-0.1619,2.81
-0.1618,2.84
-0.1617,2.82
-0.16159999999999997,2.83
-0.16149999999999998,2.83
-0.1614,2.81
-0.1613,2.85
-0.1612,2.84
-0.16109999999999997,2.83
-0.16099999999999998,2.74
-0.1609,2.62
-0.1608,2.54
-0.1607,2.46
-0.16059999999999997,2.39
-0.16049999999999998,2.34
-0.1604,2.3000000000000003
-0.1603,2.27
-0.1602,2.23
-0.16009999999999996,2.2
-0.15999999999999998,2.18
-0.1599,2.18
-0.1598,2.17
-0.1597,2.16
-0.15959999999999996,2.14
-0.15949999999999998,2.14
-0.1594,2.14
-0.1593,2.14
-0.1592,2.14
-0.15909999999999996,2.14
-0.15899999999999997,2.06
-0.15889999999999999,1.95
-0.1588,1.84
-0.1587,1.78
-0.15859999999999996,1.71
-0.15849999999999997,1.68
-0.15839999999999999,1.6300000000000001
-0.1583,1.59
-0.1582,1.55
-0.15809999999999996,1.55
-0.15799999999999997,1.53
-0.15789999999999998,1.51
-0.1578,1.51
-0.1577,1.48
-0.15759999999999996,1.48
-0.15749999999999997,1.47
-0.15739999999999998,1.48
-0.1573,1.46
-0.1572,1.45
-0.15709999999999996,1.45
-0.15699999999999997,1.49
-0.15689999999999998,1.56
-0.1568,1.6400000000000001
-0.1567,1.7
-0.15659999999999996,1.73
-0.15649999999999997,1.75
-0.15639999999999998,1.78
-0.1563,1.8
-0.1562,1.82
-0.15609999999999996,1.85
-0.15599999999999997,1.85
-0.15589999999999998,1.85
-0.1558,1.86
-0.1557,1.87
-0.15559999999999996,1.8800000000000001
-0.15549999999999997,1.8800000000000001
-0.15539999999999998,1.87
-0.1553,1.8900000000000001
-0.1552,1.9000000000000001
-0.15509999999999996,1.9000000000000001
-0.15499999999999997,1.9000000000000001
-0.15489999999999998,1.95
-0.1548,1.98
-0.1547,2.02
-0.15459999999999996,2.04
-0.15449999999999997,2.05
-0.15439999999999998,2.06
-0.1543,2.07
-0.1542,2.08
-0.15409999999999996,2.08
-0.15399999999999997,2.09
-0.15389999999999998,2.11
-0.1538,2.1
-0.1537,2.1
-0.15359999999999996,2.12
-0.15349999999999997,2.12
-0.15339999999999998,2.12
-0.1533,2.11
-0.1532,2.12
-0.15309999999999996,2.14
-0.15299999999999997,2.06
-0.15289999999999998,1.8
-0.1528,1.62
-0.1527,1.46
-0.15259999999999996,1.34
-0.15249999999999997,1.24
-0.15239999999999998,1.1400000000000001
-0.1523,1.09
-0.1522,1.02
-0.15209999999999996,0.98
-0.15199999999999997,0.9400000000000001
-0.15189999999999998,0.9
-0.1518,0.89
-0.1517,0.87
-0.15159999999999996,0.87
-0.15149999999999997,0.85
-0.15139999999999998,0.8300000000000001
-0.1513,0.8300000000000001
-0.1512,0.8200000000000001
-0.15109999999999996,0.81
-0.15099999999999997,0.93
-0.15089999999999998,1.34
-0.1508,1.6300000000000001
-0.1507,1.85
-0.15059999999999996,2.05
-0.15049999999999997,2.18
-0.15039999999999998,2.32
-0.1503,2.43
-0.1502,2.5
-0.15009999999999996,2.57
-0.14999999999999997,2.63
-0.14989999999999998,2.66
-0.1498,2.69
-0.1497,2.73
-0.1496,2.75
-0.14949999999999997,2.77
-0.14939999999999998,2.7800000000000002
-0.1493,2.8000000000000003
-0.1492,2.81
-0.1491,2.83
-0.14899999999999997,2.73
-0.14889999999999998,2.22
-0.1488,1.84
-0.1487,1.53
-0.1486,1.3
-0.14849999999999997,1.09
-0.14839999999999998,0.92
-0.1483,0.8
-0.1482,0.6900000000000001
-0.1481,0.6
-0.14799999999999996,0.52
-0.14789999999999998,0.46
-0.1478,0.41000000000000003
-0.1477,0.39
-0.1476,0.34
-0.14749999999999996,0.31
-0.14739999999999998,0.28
-0.1473,0.28
-0.1472,0.25
-0.1471,0.26
-0.14699999999999996,0.25
-0.14689999999999998,0.86
-0.14679999999999999,1.28
-0.1467,1.61
-0.1466,1.9000000000000001
-0.14649999999999996,2.1
-0.14639999999999997,2.31
-0.14629999999999999,2.44
-0.1462,2.56
-0.1461,2.66
-0.14599999999999996,2.74
-0.14589999999999997,2.81
-0.14579999999999999,2.84
-0.1457,2.91
-0.1456,2.94
-0.14549999999999996,2.96
-0.14539999999999997,2.98
-0.14529999999999998,3.0100000000000002
-0.1452,3.0300000000000002
-0.1451,3.0300000000000002
-0.14499999999999996,3.0500000000000003
-0.14489999999999997,3.0100000000000002
-0.14479999999999998,3.02
-0.1447,2.98
-0.1446,2.97
-0.14449999999999996,2.98
-0.14439999999999997,2.96
-0.14429999999999998,2.96
-0.1442,2.96
-0.1441,2.98
-0.14399999999999996,2.97
-0.14389999999999997,2.96
-0.14379999999999998,2.96
-0.1437,2.97
-0.1436,2.96
-0.14349999999999996,2.95
-0.14339999999999997,2.95
-0.14329999999999998,2.97
-0.1432,2.95
-0.1431,2.95
-0.14299999999999996,2.96
-0.14289999999999997,2.61
-0.14279999999999998,2.35
-0.1427,2.16
-0.1426,1.99
-0.14249999999999996,1.87
-0.14239999999999997,1.76
-0.14229999999999998,1.68
-0.1422,1.61
-0.1421,1.55
-0.14199999999999996,1.49
-0.14189999999999997,1.47
-0.14179999999999998,1.42
-0.1417,1.41
-0.1416,1.3900000000000001
-0.14149999999999996,1.36
-0.14139999999999997,1.36
-0.14129999999999998,1.33
-0.1412,1.34
-0.1411,1.32
-0.14099999999999996,1.3
-0.14089999999999997,1.09
-0.14079999999999998,0.89
-0.1407,0.73
-0.1406,0.61
-0.14049999999999996,0.51
-0.14039999999999997,0.43
-0.14029999999999998,0.37
-0.1402,0.31
-0.1401,0.27
-0.13999999999999996,0.23
-0.13989999999999997,0.2
-0.13979999999999998,0.18
-0.1397,0.16
-0.1396,0.13
-0.13949999999999996,0.12
-0.13939999999999997,0.11
-0.13929999999999998,0.1
-0.1392,0.1
-0.1391,0.08
-0.13899999999999996,0.1
-0.13889999999999997,0.52
-0.13879999999999998,0.92
-0.1387,1.24
-0.1386,1.49
-0.13849999999999996,1.7
-0.13839999999999997,1.86
-0.13829999999999998,2.02
-0.1382,2.11
-0.1381,2.2
-0.13799999999999996,2.2800000000000002
-0.13789999999999997,2.33
-0.13779999999999998,2.38
-0.1377,2.4
-0.1376,2.46
-0.13749999999999996,2.46
-0.13739999999999997,2.49
-0.13729999999999998,2.52
-0.1372,2.5300000000000002
-0.1371,2.5500000000000003
-0.13699999999999996,2.57
-0.13689999999999997,2.37
-0.13679999999999998,2.2
-0.1367,2.07
-0.1366,1.98
-0.1365,1.87
-0.13639999999999997,1.8
-0.13629999999999998,1.76
-0.1362,1.7
-0.1361,1.6500000000000001
-0.136,1.6300000000000001
-0.13589999999999997,1.6
-0.13579999999999998,1.57
-0.1357,1.56
-0.1356,1.54
-0.1355,1.53
-0.13539999999999996,1.53
-0.13529999999999998,1.53
-0.1352,1.53
-0.1351,1.5
-0.135,1.5
-0.13489999999999996,1.77
-0.13479999999999998,2.0100000000000002
-0.1347,2.2
-0.1346,2.37
-0.1345,2.49
-0.13439999999999996,2.59
-0.13429999999999997,2.68
-0.13419999999999999,2.7600000000000002
-0.1341,2.8000000000000003
-0.134,2.83
-0.13389999999999996,2.87
-0.13379999999999997,2.92
-0.13369999999999999,2.95
-0.1336,2.96
-0.1335,2.98
-0.13339999999999996,2.99
-0.13329999999999997,2.98
-0.13319999999999999,2.98
-0.1331,3.0100000000000002
-0.133,3.0300000000000002
-0.13289999999999996,2.98
-0.13279999999999997,2.94
-0.13269999999999998,2.91
-0.1326,2.88
-0.1325,2.87
-0.13239999999999996,2.87
-0.13229999999999997,2.83
-0.13219999999999998,2.86
-0.1321,2.84
-0.132,2.82
-0.13189999999999996,2.83
-0.13179999999999997,2.82
-0.13169999999999998,2.8000000000000003
-0.1316,2.8000000000000003
-0.1315,2.81
-0.13139999999999996,2.8000000000000003
-0.13129999999999997,2.8000000000000003
-0.13119999999999998,2.8000000000000003
-0.1311,2.8000000000000003
-0.131,2.8000000000000003
-0.13089999999999996,2.73
-0.13079999999999997,2.67
-0.13069999999999998,2.61
-0.1306,2.56
-0.1305,2.52
-0.13039999999999996,2.5
-0.13029999999999997,2.48
-0.13019999999999998,2.46
-0.1301,2.46
-0.13,2.42
-0.12989999999999996,2.42
-0.12979999999999997,2.41
-0.12969999999999998,2.4
-0.1296,2.39
-0.1295,2.4
-0.12939999999999996,2.37
-0.12929999999999997,2.38
-0.12919999999999998,2.37
-0.1291,2.38
-0.129,2.38
-0.12889999999999996,2.27
-0.12879999999999997,2.15
-0.12869999999999998,2.05
-0.1286,1.98
-0.1285,1.92
-0.12839999999999996,1.87
-0.12829999999999997,1.84
-0.12819999999999998,1.8
-0.1281,1.76
-0.128,1.75
-0.12789999999999996,1.72
-0.12779999999999997,1.71
-0.12769999999999998,1.71
-0.1276,1.68
-0.1275,1.68
-0.12739999999999996,1.68
-0.12729999999999997,1.68
-0.12719999999999998,1.67
-0.1271,1.68
-0.127,1.6600000000000001
-0.12689999999999996,1.8
-0.12679999999999997,2.0
-0.12669999999999998,2.17
-0.1266,2.3000000000000003
-0.1265,2.39
-0.12639999999999996,2.48
-0.12629999999999997,2.54
-0.12619999999999998,2.61
-0.1261,2.63
-0.126,2.66
-0.12589999999999996,2.72
-0.12579999999999997,2.71
-0.12569999999999998,2.75
-0.1256,2.7600000000000002
-0.1255,2.77
-0.12539999999999996,2.8000000000000003
-0.12529999999999997,2.8000000000000003
-0.12519999999999998,2.81
-0.1251,2.8000000000000003
-0.125,2.82
-0.12489999999999996,2.57
-0.12479999999999997,2.23
-0.12469999999999998,1.96
-0.12459999999999999,1.72
-0.1245,1.56
-0.12439999999999996,1.42
-0.12429999999999997,1.31
-0.12419999999999998,1.22
-0.12409999999999999,1.1300000000000001
-0.124,1.06
-0.12389999999999995,1.01
-0.12379999999999997,0.97
-0.12369999999999998,0.92
-0.12359999999999999,0.91
-0.1235,0.88
-0.12340000000000001,0.85
-0.12329999999999997,0.84
-0.12319999999999998,0.8300000000000001
-0.12309999999999999,0.8200000000000001
-0.123,0.81
-0.12290000000000001,0.77
-0.12279999999999996,0.74
-0.12269999999999998,0.68
-0.12259999999999999,0.66
-0.1225,0.64
-0.12240000000000001,0.59
-0.12229999999999996,0.58
-0.12219999999999998,0.5700000000000001
-0.12209999999999999,0.55
-0.122,0.55
-0.12190000000000001,0.55
-0.12179999999999996,0.52
-0.12169999999999997,0.54
-0.12159999999999999,0.52
-0.1215,0.53
-0.12140000000000001,0.51
-0.12129999999999996,0.51
-0.12119999999999997,0.51
-0.12109999999999999,0.51
-0.121,0.5
-0.12090000000000001,0.65
-0.12079999999999996,0.9
-0.12069999999999997,1.12
-0.12059999999999998,1.29
-0.1205,1.4000000000000001
-0.12040000000000001,1.51
-0.12029999999999996,1.6
-0.12019999999999997,1.69
-0.12009999999999998,1.73
-0.12,1.78
-0.1199,1.82
-0.11979999999999996,1.86
-0.11969999999999997,1.8800000000000001
-0.11959999999999998,1.9000000000000001
-0.1195,1.9100000000000001
-0.1194,1.93
-0.11929999999999996,1.94
-0.11919999999999997,1.96
-0.11909999999999998,1.96
-0.119,1.96
-0.1189,1.96
-0.11879999999999996,1.99
-0.11869999999999997,2.0
-0.11859999999999998,2.02
-0.1185,2.0100000000000002
-0.1184,2.0300000000000002
-0.11829999999999996,2.02
-0.11819999999999997,2.02
-0.11809999999999998,2.0300000000000002
-0.118,2.04
-0.1179,2.05
-0.11779999999999996,2.04
-0.11769999999999997,2.05
-0.11759999999999998,2.02
-0.1175,2.04
-0.1174,2.05
-0.11729999999999996,2.05
-0.11719999999999997,2.04
-0.11709999999999998,2.05
-0.11699999999999999,2.04
-0.1169,1.96
-0.11679999999999996,1.72
-0.11669999999999997,1.54
-0.11659999999999998,1.4000000000000001
-0.11649999999999999,1.28
-0.1164,1.19
-0.11629999999999996,1.1300000000000001
-0.11619999999999997,1.07
-0.11609999999999998,1.01
-0.11599999999999999,0.97
-0.1159,0.93
-0.11579999999999996,0.9
-0.11569999999999997,0.9
-0.11559999999999998,0.86
-0.11549999999999999,0.86
-0.1154,0.8200000000000001
-0.11529999999999996,0.84
-0.11519999999999997,0.81
-0.11509999999999998,0.8200000000000001
-0.11499999999999999,0.81
-0.1149,0.78
-0.11479999999999996,0.73
-0.11469999999999997,0.68
-0.11459999999999998,0.64
-0.11449999999999999,0.61
-0.1144,0.58
-0.11429999999999996,0.56
-0.11419999999999997,0.54
-0.11409999999999998,0.52
-0.11399999999999999,0.52
-0.1139,0.52
-0.11379999999999996,0.5
-0.11369999999999997,0.5
-0.11359999999999998,0.5
-0.11349999999999999,0.5
-0.1134,0.5
-0.11329999999999996,0.5
-0.11319999999999997,0.48
-0.11309999999999998,0.47000000000000003
-0.11299999999999999,0.47000000000000003
-0.1129,0.5
-0.11279999999999996,0.6
-0.11269999999999997,0.68
-0.11259999999999998,0.73
-0.11249999999999999,0.77
-0.1124,0.8200000000000001
-0.11229999999999996,0.84
-0.11219999999999997,0.88
-0.11209999999999998,0.89
-0.11199999999999999,0.9
-0.1119,0.92
-0.11179999999999995,0.9500000000000001
-0.11169999999999997,0.9500000000000001
-0.11159999999999998,0.96
-0.11149999999999999,0.97
-0.1114,0.98
-0.11129999999999995,0.97
-0.11119999999999997,0.99
-0.11109999999999998,0.96
-0.11099999999999999,0.99
-0.1109,1.02
-0.11079999999999995,1.32
-0.11069999999999997,1.52
-0.11059999999999998,1.71
-0.11049999999999999,1.84
-0.1104,1.96
-0.11029999999999995,2.04
-0.11019999999999996,2.11
-0.11009999999999998,2.18
-0.10999999999999999,2.23
-0.1099,2.2600000000000002
-0.10980000000000001,2.3000000000000003
-0.10969999999999996,2.31
-0.10959999999999998,2.34
-0.10949999999999999,2.36
-0.1094,2.38
-0.10930000000000001,2.39
-0.10919999999999996,2.39
-0.10909999999999997,2.4
-0.10899999999999999,2.42
-0.1089,2.39
-0.10880000000000001,1.98
-0.10869999999999996,1.69
-0.10859999999999997,1.47
-0.10849999999999999,1.29
-0.1084,1.1400000000000001
-0.10830000000000001,1.02
-0.10819999999999996,0.92
-0.10809999999999997,0.85
-0.10799999999999998,0.79
-0.1079,0.73
-0.1078,0.68
-0.10769999999999996,0.63
-0.10759999999999997,0.61
-0.10749999999999998,0.6
-0.1074,0.5700000000000001
-0.1073,0.56
-0.10719999999999996,0.54
-0.10709999999999997,0.52
-0.10699999999999998,0.52
-0.1069,0.52
-0.1068,0.42
-0.10669999999999996,0.35000000000000003
-0.10659999999999997,0.29
-0.10649999999999998,0.23
-0.1064,0.21
-0.1063,0.17
-0.10619999999999996,0.13
-0.10609999999999997,0.13
-0.10599999999999998,0.11
-0.1059,0.09
-0.1058,0.1
-0.10569999999999996,0.06
-0.10559999999999997,0.06
-0.10549999999999998,0.04
-0.1054,0.06
-0.1053,0.03
-0.10519999999999996,0.07
-0.10509999999999997,0.05
-0.10499999999999998,0.04
-0.1049,0.03
-0.1048,0.56
-0.10469999999999996,0.98
-0.10459999999999997,1.3
-0.10449999999999998,1.55
-0.10439999999999999,1.78
-0.1043,1.93
-0.10419999999999996,2.05
-0.10409999999999997,2.16
-0.10399999999999998,2.27
-0.10389999999999999,2.34
-0.1038,2.4
-0.10369999999999996,2.44
-0.10359999999999997,2.48
-0.10349999999999998,2.52
-0.10339999999999999,2.5500000000000003
-0.1033,2.56
-0.10319999999999996,2.58
-0.10309999999999997,2.6
-0.10299999999999998,2.62
-0.10289999999999999,2.63
-0.1028,2.19
-0.10269999999999996,1.82
-0.10259999999999997,1.5
-0.10249999999999998,1.28
-0.10239999999999999,1.1
-0.1023,0.93
-0.10219999999999996,0.81
-0.10209999999999997,0.7000000000000001
-0.10199999999999998,0.61
-0.10189999999999999,0.56
-0.1018,0.5
-0.10169999999999996,0.44
-0.10159999999999997,0.41000000000000003
-0.10149999999999998,0.39
-0.10139999999999999,0.35000000000000003
-0.1013,0.34
-0.10119999999999996,0.32
-0.10109999999999997,0.3
-0.10099999999999998,0.3
-0.10089999999999999,0.28
-0.1008,0.56
-0.10069999999999996,0.81
-0.10059999999999997,0.98
-0.10049999999999998,1.1400000000000001
-0.10039999999999999,1.24
-0.1003,1.35
-0.10019999999999996,1.43
-0.10009999999999997,1.48
-0.09999999999999998,1.54
-0.09989999999999999,1.57
-0.0998,1.61
-0.09969999999999996,1.6400000000000001
-0.09959999999999997,1.6600000000000001
-0.09949999999999998,1.69
-0.09939999999999999,1.7
-0.0993,1.71
-0.09919999999999995,1.72
-0.09909999999999997,1.74
-0.09899999999999998,1.72
-0.09889999999999999,1.74
-0.0988,1.94
-0.09869999999999995,2.14
-0.09859999999999997,2.3000000000000003
-0.09849999999999998,2.42
-0.09839999999999999,2.5
-0.0983,2.6
-0.09819999999999995,2.66
-0.09809999999999997,2.7
-0.09799999999999998,2.7600000000000002
-0.09789999999999999,2.7800000000000002
-0.0978,2.81
-0.09769999999999995,2.85
-0.09759999999999996,2.85
-0.09749999999999998,2.87
-0.09739999999999999,2.88
-0.0973,2.89
-0.09719999999999995,2.91
-0.09709999999999996,2.92
-0.09699999999999998,2.91
-0.09689999999999999,2.92
-0.0968,3.0
-0.09670000000000001,3.04
-0.09659999999999996,3.0700000000000003
-0.09649999999999997,3.08
-0.09639999999999999,3.11
-0.0963,3.11
-0.09620000000000001,3.15
-0.09609999999999996,3.14
-0.09599999999999997,3.16
-0.09589999999999999,3.17
-0.0958,3.16
-0.09570000000000001,3.19
-0.09559999999999996,3.21
-0.09549999999999997,3.18
-0.09539999999999998,3.19
-0.0953,3.21
-0.0952,3.21
-0.09509999999999996,3.2
-0.09499999999999997,3.22
-0.09489999999999998,3.2
-0.0948,2.81
-0.0947,2.43
-0.09459999999999996,2.11
-0.09449999999999997,1.86
-0.09439999999999998,1.6500000000000001
-0.0943,1.47
-0.0942,1.35
-0.09409999999999996,1.25
-0.09399999999999997,1.16
-0.09389999999999998,1.08
-0.0938,1.04
-0.0937,0.99
-0.09359999999999996,0.93
-0.09349999999999997,0.91
-0.09339999999999998,0.87
-0.0933,0.86
-0.0932,0.85
-0.09309999999999996,0.8200000000000001
-0.09299999999999997,0.81
-0.09289999999999998,0.8
-0.0928,0.84
-0.0927,0.88
-0.09259999999999996,0.93
-0.09249999999999997,0.96
-0.09239999999999998,1.0
-0.0923,1.01
-0.0922,1.02
-0.09209999999999996,1.02
-0.09199999999999997,1.04
-0.09189999999999998,1.06
-0.09179999999999999,1.06
-0.0917,1.08
-0.09159999999999996,1.08
-0.09149999999999997,1.08
-0.09139999999999998,1.08
-0.09129999999999999,1.08
-0.0912,1.08
-0.09109999999999996,1.08
-0.09099999999999997,1.08
-0.09089999999999998,1.09
-0.09079999999999999,1.24
-0.0907,1.44
-0.09059999999999996,1.59
-0.09049999999999997,1.72
-0.09039999999999998,1.81
-0.09029999999999999,1.9000000000000001
-0.0902,1.96
-0.09009999999999996,2.02
-0.08999999999999997,2.06
-0.08989999999999998,2.1
-0.08979999999999999,2.14
-0.0897,2.16
-0.08959999999999996,2.17
-0.08949999999999997,2.18
-0.08939999999999998,2.21
-0.08929999999999999,2.22
-0.0892,2.24
-0.08909999999999996,2.24
-0.08899999999999997,2.24
-0.08889999999999998,2.25
-0.08879999999999999,2.14
-0.0887,1.98
-0.08859999999999996,1.84
-0.08849999999999997,1.74
-0.08839999999999998,1.68
-0.08829999999999999,1.59
-0.0882,1.54
-0.08809999999999996,1.49
-0.08799999999999997,1.45
-0.08789999999999998,1.42
-0.08779999999999999,1.41
-0.0877,1.3900000000000001
-0.08759999999999996,1.37
-0.08749999999999997,1.36
-0.08739999999999998,1.35
-0.08729999999999999,1.34
-0.0872,1.34
-0.08709999999999996,1.33
-0.08699999999999997,1.32
-0.08689999999999998,1.33
-0.08679999999999999,1.48
-0.0867,1.72
-0.08659999999999995,1.92
-0.08649999999999997,2.08
-0.08639999999999998,2.17
-0.08629999999999999,2.31
-0.0862,2.39
-0.08609999999999995,2.45
-0.08599999999999997,2.5100000000000002
-0.08589999999999998,2.5500000000000003
-0.08579999999999999,2.58
-0.0857,2.6
-0.08559999999999995,2.62
-0.08549999999999996,2.66
-0.08539999999999998,2.69
-0.08529999999999999,2.68
-0.0852,2.69
-0.08509999999999995,2.71
-0.08499999999999996,2.71
-0.08489999999999998,2.7
-0.08479999999999999,2.46
-0.0847,2.05
-0.08459999999999995,1.72
-0.08449999999999996,1.48
-0.08439999999999998,1.25
-0.08429999999999999,1.11
-0.0842,0.96
-0.08409999999999995,0.85
-0.08399999999999996,0.76
-0.08389999999999997,0.68
-0.08379999999999999,0.63
-0.0837,0.58
-0.08360000000000001,0.55
-0.08349999999999996,0.52
-0.08339999999999997,0.49
-0.08329999999999999,0.46
-0.0832,0.45
-0.08310000000000001,0.43
-0.08299999999999996,0.41000000000000003
-0.08289999999999997,0.41000000000000003
-0.08279999999999998,0.49
-0.0827,0.67
-0.0826,0.81
-0.08249999999999996,0.92
-0.08239999999999997,1.0
-0.08229999999999998,1.07
-0.0822,1.1300000000000001
-0.0821,1.2
-0.08199999999999996,1.24
-0.08189999999999997,1.26
-0.08179999999999998,1.29
-0.0817,1.32
-0.0816,1.32
-0.08149999999999996,1.36
-0.08139999999999997,1.36
-0.08129999999999998,1.37
-0.0812,1.37
-0.0811,1.36
-0.08099999999999996,1.37
-0.08089999999999997,1.3800000000000001
-0.08079999999999998,1.53
-0.0807,1.78
-0.0806,1.99
-0.08049999999999996,2.14
-0.08039999999999997,2.3000000000000003
-0.08029999999999998,2.36
-0.0802,2.47
-0.0801,2.5500000000000003
-0.07999999999999996,2.6
-0.07989999999999997,2.64
-0.07979999999999998,2.67
-0.0797,2.71
-0.0796,2.72
-0.07949999999999996,2.7600000000000002
-0.07939999999999997,2.7600000000000002
-0.07929999999999998,2.7800000000000002
-0.07919999999999999,2.79
-0.0791,2.79
-0.07899999999999996,2.81
-0.07889999999999997,2.8000000000000003
-0.07879999999999998,2.64
-0.07869999999999999,2.21
-0.0786,1.8900000000000001
-0.07849999999999996,1.6300000000000001
-0.07839999999999997,1.44
-0.07829999999999998,1.24
-0.07819999999999999,1.1
-0.0781,0.97
-0.07799999999999996,0.89
-0.07789999999999997,0.81
-0.07779999999999998,0.75
-0.07769999999999999,0.72
-0.0776,0.66
-0.07749999999999996,0.63
-0.07739999999999997,0.6
-0.07729999999999998,0.5700000000000001
-0.07719999999999999,0.56
-0.0771,0.54
-0.07699999999999996,0.53
-0.07689999999999997,0.52
-0.07679999999999998,0.65
-0.07669999999999999,1.0
-0.0766,1.28
-0.07649999999999996,1.48
-0.07639999999999997,1.68
-0.07629999999999998,1.82
-0.07619999999999999,1.92
-0.0761,2.0300000000000002
-0.07599999999999996,2.11
-0.07589999999999997,2.17
-0.07579999999999998,2.21
-0.07569999999999999,2.2600000000000002
-0.0756,2.29
-0.07549999999999996,2.33
-0.07539999999999997,2.34
-0.07529999999999998,2.36
-0.07519999999999999,2.38
-0.0751,2.38
-0.07499999999999996,2.39
-0.07489999999999997,2.42
-0.07479999999999998,2.37
-0.07469999999999999,2.2
-0.0746,2.07
-0.07449999999999996,1.94
-0.07439999999999997,1.8800000000000001
-0.07429999999999998,1.82
-0.07419999999999999,1.78
-0.0741,1.72
-0.07399999999999995,1.69
-0.07389999999999997,1.6600000000000001
-0.07379999999999998,1.6400000000000001
-0.07369999999999999,1.62
-0.0736,1.58
-0.07349999999999995,1.58
-0.07339999999999997,1.56
-0.07329999999999998,1.56
-0.07319999999999999,1.55
-0.0731,1.55
-0.07299999999999995,1.54
-0.07289999999999996,1.53
-0.07279999999999998,1.43
-0.07269999999999999,1.18
-0.0726,0.96
-0.07249999999999995,0.79
-0.07239999999999996,0.66
-0.07229999999999998,0.56
-0.07219999999999999,0.48
-0.0721,0.38
-0.07199999999999995,0.35000000000000003
-0.07189999999999996,0.28
-0.07179999999999997,0.24
-0.07169999999999999,0.22
-0.0716,0.19
-0.07149999999999995,0.17
-0.07139999999999996,0.17
-0.07129999999999997,0.14
-0.07119999999999999,0.12
-0.0711,0.11
-0.07099999999999995,0.11
-0.07089999999999996,0.1
-0.07079999999999997,0.17
-0.07069999999999999,0.53
-0.0706,0.79
-0.07050000000000001,1.04
-0.07039999999999996,1.19
-0.07029999999999997,1.33
-0.07019999999999998,1.42
-0.0701,1.53
-0.07,1.62
-0.06989999999999996,1.68
-0.06979999999999997,1.74
-0.06969999999999998,1.76
-0.0696,1.81
-0.0695,1.84
-0.06939999999999996,1.85
-0.06929999999999997,1.87
-0.06919999999999998,1.8800000000000001
-0.0691,1.9000000000000001
-0.069,1.9100000000000001
-0.06889999999999996,1.9100000000000001
-0.06879999999999997,1.9000000000000001
-0.06869999999999998,1.82
-0.0686,1.75
-0.0685,1.7
-0.06839999999999996,1.6600000000000001
-0.06829999999999997,1.6300000000000001
-0.06819999999999998,1.61
-0.0681,1.58
-0.068,1.56
-0.06789999999999996,1.54
-0.06779999999999997,1.55
-0.06769999999999998,1.53
-0.0676,1.53
-0.0675,1.51
-0.06739999999999996,1.52
-0.06729999999999997,1.49
-0.06719999999999998,1.51
-0.06709999999999999,1.51
-0.067,1.49
-0.06689999999999996,1.49
-0.06679999999999997,1.49
-0.06669999999999998,1.24
-0.06659999999999999,1.07
-0.0665,0.93
-0.06639999999999996,0.8200000000000001
-0.06629999999999997,0.72
-0.06619999999999998,0.65
-0.06609999999999999,0.5700000000000001
-0.066,0.54
-0.06589999999999996,0.48
-0.06579999999999997,0.46
-0.06569999999999998,0.42
-0.06559999999999999,0.41000000000000003
-0.0655,0.38
-0.06539999999999996,0.37
-0.06529999999999997,0.35000000000000003
-0.06519999999999998,0.34
-0.06509999999999999,0.33
-0.065,0.33
-0.06489999999999996,0.32
-0.06479999999999997,0.29
-0.06469999999999998,0.23
-0.06459999999999999,0.2
-0.0645,0.17
-0.06439999999999996,0.15
-0.06429999999999997,0.12
-0.06419999999999998,0.11
-0.06409999999999999,0.1
-0.064,0.1
-0.06389999999999996,0.07
-0.06379999999999997,0.09
-0.06369999999999998,0.07
-0.06359999999999999,0.07
-0.0635,0.07
-0.06339999999999996,0.07
-0.06329999999999997,0.06
-0.06319999999999998,0.05
-0.06309999999999999,0.05
-0.063,0.04
-0.06289999999999996,0.05
-0.06279999999999997,0.05
-0.06269999999999998,0.24
-0.06259999999999999,0.38
-0.0625,0.5
-0.062399999999999956,0.58
-0.062299999999999967,0.66
-0.06219999999999998,0.71
-0.06209999999999999,0.77
-0.062,0.81
-0.061899999999999955,0.86
-0.061799999999999966,0.86
-0.06169999999999998,0.88
-0.06159999999999999,0.89
-0.0615,0.92
-0.061399999999999955,0.9400000000000001
-0.061299999999999966,0.9400000000000001
-0.06119999999999998,0.9500000000000001
-0.06109999999999999,0.96
-0.061,0.96
-0.060899999999999954,0.97
-0.060799999999999965,0.96
-0.060699999999999976,0.9
-0.06059999999999999,0.86
-0.0605,0.8
-0.060399999999999954,0.78
-0.060299999999999965,0.77
-0.060199999999999976,0.73
-0.06009999999999999,0.72
-0.06,0.7000000000000001
-0.05989999999999995,0.6900000000000001
-0.059799999999999964,0.67
-0.059699999999999975,0.68
-0.059599999999999986,0.66
-0.0595,0.67
-0.05939999999999995,0.66
-0.059299999999999964,0.64
-0.059199999999999975,0.64
-0.059099999999999986,0.65
-0.059,0.65
-0.05889999999999995,0.62
-0.05879999999999996,0.66
-0.058699999999999974,1.0
-0.058599999999999985,1.32
-0.058499999999999996,1.59
-0.05839999999999995,1.78
-0.05829999999999996,1.94
-0.058199999999999974,2.09
-0.058099999999999985,2.2
-0.057999999999999996,2.3000000000000003
-0.05789999999999995,2.37
-0.05779999999999996,2.44
-0.057699999999999974,2.48
-0.057599999999999985,2.5100000000000002
-0.057499999999999996,2.5500000000000003
-0.05739999999999995,2.57
-0.05729999999999996,2.6
-0.05719999999999997,2.6
-0.057099999999999984,2.63
-0.056999999999999995,2.64
-0.056900000000000006,2.64
-0.05679999999999996,2.65
-0.05669999999999997,2.36
-0.056599999999999984,2.1
-0.056499999999999995,1.8800000000000001
-0.056400000000000006,1.71
-0.05629999999999996,1.58
-0.05619999999999997,1.45
-0.05609999999999998,1.36
-0.055999999999999994,1.29
-0.055900000000000005,1.23
-0.05579999999999996,1.18
-0.05569999999999997,1.1400000000000001
-0.05559999999999998,1.11
-0.055499999999999994,1.08
-0.055400000000000005,1.07
-0.05529999999999996,1.03
-0.05519999999999997,1.03
-0.05509999999999998,1.01
-0.05499999999999999,1.01
-0.054900000000000004,1.01
-0.05479999999999996,0.99
-0.05469999999999997,1.1500000000000001
-0.05459999999999998,1.35
-0.05449999999999999,1.48
-0.054400000000000004,1.61
-0.05429999999999996,1.7
-0.05419999999999997,1.79
-0.05409999999999998,1.84
-0.05399999999999999,1.8900000000000001
-0.0539,1.94
-0.05379999999999996,1.98
-0.05369999999999997,2.0
-0.05359999999999998,2.02
-0.05349999999999999,2.04
-0.0534,2.05
-0.05329999999999996,2.07
-0.05319999999999997,2.08
-0.05309999999999998,2.09
-0.05299999999999999,2.08
-0.0529,2.1
-0.05279999999999996,2.11
-0.05269999999999997,2.06
-0.05259999999999998,2.02
-0.05249999999999999,1.98
-0.0524,1.94
-0.05229999999999996,1.93
-0.05219999999999997,1.9000000000000001
-0.05209999999999998,1.9000000000000001
-0.05199999999999999,1.87
-0.0519,1.86
-0.05179999999999996,1.83
-0.05169999999999997,1.85
-0.05159999999999998,1.85
-0.05149999999999999,1.84
-0.0514,1.84
-0.05129999999999996,1.84
-0.05119999999999997,1.82
-0.05109999999999998,1.84
-0.05099999999999999,1.83
-0.0509,1.84
-0.050799999999999956,1.83
-0.05069999999999997,1.72
-0.05059999999999998,1.53
-0.05049999999999999,1.4000000000000001
-0.0504,1.32
-0.050299999999999956,1.24
-0.05019999999999997,1.1500000000000001
-0.05009999999999998,1.1
-0.04999999999999999,1.06
-0.0499,1.03
-0.049799999999999955,1.0
-0.049699999999999966,0.97
-0.04959999999999998,0.9500000000000001
-0.04949999999999999,0.93
-0.0494,0.93
-0.049299999999999955,0.91
-0.049199999999999966,0.9
-0.04909999999999998,0.9
-0.04899999999999999,0.89
-0.0489,0.87
-0.048799999999999955,0.89
-0.048699999999999966,1.01
-0.04859999999999998,1.19
-0.04849999999999999,1.33
-0.0484,1.43
-0.048299999999999954,1.53
-0.048199999999999965,1.61
-0.048099999999999976,1.6600000000000001
-0.04799999999999999,1.71
-0.0479,1.74
-0.047799999999999954,1.79
-0.047699999999999965,1.81
-0.047599999999999976,1.84
-0.04749999999999999,1.84
-0.0474,1.85
-0.04729999999999995,1.8800000000000001
-0.047199999999999964,1.8800000000000001
-0.047099999999999975,1.8900000000000001
-0.046999999999999986,1.8900000000000001
-0.0469,1.9000000000000001
-0.04679999999999995,1.8900000000000001
-0.046699999999999964,2.02
-0.046599999999999975,2.22
-0.046499999999999986,2.35
-0.0464,2.47
-0.04629999999999995,2.5500000000000003
-0.04619999999999996,2.64
-0.046099999999999974,2.68
-0.045999999999999985,2.74
-0.045899999999999996,2.7800000000000002
-0.04579999999999995,2.83
-0.04569999999999996,2.85
-0.045599999999999974,2.86
-0.045499999999999985,2.87
-0.045399999999999996,2.91
-0.04529999999999995,2.91
-0.04519999999999996,2.93
-0.04509999999999997,2.93
-0.044999999999999984,2.94
-0.044899999999999995,2.94
-0.04479999999999995,2.95
-0.04469999999999996,2.82
-0.04459999999999997,2.67
-0.044499999999999984,2.5300000000000002
-0.044399999999999995,2.42
-0.04429999999999995,2.34
-0.04419999999999996,2.27
-0.04409999999999997,2.21
-0.043999999999999984,2.16
-0.043899999999999995,2.14
-0.043800000000000006,2.1
-0.04369999999999996,2.07
-0.04359999999999997,2.06
-0.04349999999999998,2.02
-0.043399999999999994,2.02
-0.043300000000000005,2.0100000000000002
-0.04319999999999996,1.99
-0.04309999999999997,1.99
-0.04299999999999998,2.0
-0.042899999999999994,2.0
-0.042800000000000005,1.98
-0.04269999999999996,1.99
-0.04259999999999997,1.99
-0.04249999999999998,2.0100000000000002
-0.04239999999999999,2.0300000000000002
-0.042300000000000004,2.02
-0.04219999999999996,2.05
-0.04209999999999997,2.05
-0.04199999999999998,2.05
-0.04189999999999999,2.05
-0.041800000000000004,2.06
-0.04169999999999996,2.05
-0.04159999999999997,2.04
-0.04149999999999998,2.07
-0.04139999999999999,2.05
-0.0413,2.05
-0.04119999999999996,2.08
-0.04109999999999997,2.07
-0.04099999999999998,2.07
-0.04089999999999999,2.06
-0.0408,2.07
-0.04069999999999996,2.05
-0.04059999999999997,1.98
-0.04049999999999998,1.92
-0.04039999999999999,1.8800000000000001
-0.0403,1.86
-0.04019999999999996,1.83
-0.04009999999999997,1.8
-0.03999999999999998,1.79
-0.03989999999999999,1.77
-0.0398,1.76
-0.03969999999999996,1.75
-0.03959999999999997,1.73
-0.03949999999999998,1.75
-0.03939999999999999,1.74
-0.0393,1.74
-0.03919999999999996,1.74
-0.03909999999999997,1.73
-0.03899999999999998,1.72
-0.03889999999999999,1.72
-0.0388,1.71
-0.03869999999999996,1.75
-0.03859999999999997,1.85
-0.03849999999999998,1.92
-0.03839999999999999,1.97
-0.0383,2.0100000000000002
-0.038199999999999956,2.07
-0.03809999999999997,2.08
-0.03799999999999998,2.11
-0.03789999999999999,2.14
-0.0378,2.16
-0.037699999999999956,2.18
-0.03759999999999997,2.17
-0.03749999999999998,2.18
-0.03739999999999999,2.2
-0.0373,2.21
-0.037199999999999955,2.2
-0.037099999999999966,2.24
-0.03699999999999998,2.22
-0.03689999999999999,2.21
-0.0368,2.22
-0.036699999999999955,2.25
-0.036599999999999966,2.29
-0.03649999999999998,2.31
-0.03639999999999999,2.32
-0.0363,2.36
-0.036199999999999954,2.36
-0.036099999999999965,2.37
-0.035999999999999976,2.38
-0.03589999999999999,2.39
-0.0358,2.41
-0.035699999999999954,2.38
-0.035599999999999965,2.42
-0.035499999999999976,2.41
-0.03539999999999999,2.42
-0.0353,2.41
-0.035199999999999954,2.43
-0.035099999999999965,2.43
-0.034999999999999976,2.42
-0.03489999999999999,2.42
-0.0348,2.43
-0.03469999999999995,2.47
-0.034599999999999964,2.5
-0.034499999999999975,2.56
-0.034399999999999986,2.6
-0.0343,2.64
-0.03419999999999995,2.66
-0.034099999999999964,2.67
-0.033999999999999975,2.69
-0.033899999999999986,2.72
-0.0338,2.7
-0.03369999999999995,2.74
-0.03359999999999996,2.72
-0.033499999999999974,2.7600000000000002
-0.033399999999999985,2.7600000000000002
-0.033299999999999996,2.72
-0.03319999999999995,2.7600000000000002
-0.03309999999999996,2.7600000000000002
-0.032999999999999974,2.73
-0.032899999999999985,2.7600000000000002
-0.032799999999999996,2.7600000000000002
-0.03269999999999995,2.74
-0.03259999999999996,2.64
-0.03249999999999997,2.54
-0.032399999999999984,2.5
-0.032299999999999995,2.46
-0.03219999999999995,2.4
-0.03209999999999996,2.36
-0.03199999999999997,2.34
-0.031899999999999984,2.33
-0.031799999999999995,2.32
-0.03169999999999995,2.3000000000000003
-0.03159999999999996,2.27
-0.03149999999999997,2.2800000000000002
-0.031399999999999983,2.24
-0.031299999999999994,2.2600000000000002
-0.03119999999999995,2.2600000000000002
-0.03109999999999996,2.2600000000000002
-0.030999999999999972,2.24
-0.030899999999999983,2.24
-0.030799999999999994,2.24
-0.030700000000000005,2.17
-0.03059999999999996,1.77
-0.03049999999999997,1.49
-0.030399999999999983,1.24
-0.030299999999999994,1.07
-0.030200000000000005,0.9
-0.03009999999999996,0.79
-0.02999999999999997,0.68
-0.029899999999999982,0.61
-0.029799999999999993,0.56
-0.029700000000000004,0.51
-0.02959999999999996,0.46
-0.02949999999999997,0.42
-0.02939999999999998,0.38
-0.029299999999999993,0.36
-0.029200000000000004,0.34
-0.02909999999999996,0.32
-0.02899999999999997,0.33
-0.02889999999999998,0.31
-0.028799999999999992,0.29
-0.028700000000000003,0.33
-0.02859999999999996,0.42
-0.02849999999999997,0.49
-0.02839999999999998,0.56
-0.028299999999999992,0.6
-0.028200000000000003,0.63
-0.02809999999999996,0.67
-0.02799999999999997,0.6900000000000001
-0.02789999999999998,0.72
-0.02779999999999999,0.72
-0.027700000000000002,0.73
-0.027599999999999958,0.75
-0.02749999999999997,0.75
-0.02739999999999998,0.77
-0.02729999999999999,0.75
-0.027200000000000002,0.77
-0.027099999999999957,0.78
-0.02699999999999997,0.77
-0.02689999999999998,0.77
-0.02679999999999999,0.8
-0.0267,0.78
-0.026599999999999957,1.0
-0.026499999999999968,1.16
-0.02639999999999998,1.3
-0.02629999999999999,1.3900000000000001
-0.0262,1.48
-0.026099999999999957,1.54
-0.025999999999999968,1.6
-0.02589999999999998,1.6400000000000001
-0.02579999999999999,1.68
-0.0257,1.72
-0.025599999999999956,1.72
-0.025499999999999967,1.75
-0.025399999999999978,1.77
-0.02529999999999999,1.78
-0.0252,1.8
-0.025099999999999956,1.8
-0.024999999999999967,1.81
-0.024899999999999978,1.82
-0.02479999999999999,1.84
-0.0247,1.84
-0.024599999999999955,2.05
-0.024499999999999966,2.22
-0.024399999999999977,2.37
-0.02429999999999999,2.47
-0.0242,2.56
-0.024099999999999955,2.62
-0.023999999999999966,2.67
-0.023899999999999977,2.73
-0.023799999999999988,2.7600000000000002
-0.0237,2.8000000000000003
-0.023599999999999954,2.81
-0.023499999999999965,2.84
-0.023399999999999976,2.85
-0.023299999999999987,2.86
-0.0232,2.88
-0.023099999999999954,2.89
-0.022999999999999965,2.91
-0.022899999999999976,2.93
-0.022799999999999987,2.91
-0.022699999999999998,2.92
-0.022599999999999953,2.69
-0.022499999999999964,2.48
-0.022399999999999975,2.34
-0.022299999999999986,2.21
-0.022199999999999998,2.11
-0.022099999999999953,2.02
-0.021999999999999964,1.98
-0.021899999999999975,1.9100000000000001
-0.021799999999999986,1.87
-0.021699999999999997,1.83
-0.021599999999999953,1.81
-0.021499999999999964,1.79
-0.021399999999999975,1.76
-0.021299999999999986,1.75
-0.021199999999999997,1.74
-0.021099999999999952,1.72
-0.020999999999999963,1.72
-0.020899999999999974,1.71
-0.020799999999999985,1.71
-0.020699999999999996,1.71
-0.02059999999999995,1.7
-0.020499999999999963,1.69
-0.020399999999999974,1.68
-0.020299999999999985,1.67
-0.020199999999999996,1.68
-0.02009999999999995,1.68
-0.019999999999999962,1.67
-0.019899999999999973,1.6600000000000001
-0.019799999999999984,1.6600000000000001
-0.019699999999999995,1.67
-0.01959999999999995,1.6500000000000001
-0.019499999999999962,1.6600000000000001
-0.019399999999999973,1.6600000000000001
-0.019299999999999984,1.68
-0.019199999999999995,1.6500000000000001
-0.01909999999999995,1.6600000000000001
-0.01899999999999996,1.6600000000000001
-0.018899999999999972,1.6600000000000001
-0.018799999999999983,1.6500000000000001
-0.018699999999999994,1.6400000000000001
-0.01859999999999995,1.56
-0.01849999999999996,1.47
-0.018399999999999972,1.41
-0.018299999999999983,1.34
-0.018199999999999994,1.3
-0.01809999999999995,1.26
-0.01799999999999996,1.23
-0.01789999999999997,1.21
-0.017799999999999983,1.18
-0.017699999999999994,1.18
-0.017600000000000005,1.16
-0.01749999999999996,1.1500000000000001
-0.01739999999999997,1.1300000000000001
-0.017299999999999982,1.1400000000000001
-0.017199999999999993,1.12
-0.017100000000000004,1.1
-0.01699999999999996,1.11
-0.01689999999999997,1.11
-0.01679999999999998,1.11
-0.016699999999999993,1.1
-0.016600000000000004,1.08
-0.01649999999999996,1.06
-0.01639999999999997,1.04
-0.01629999999999998,1.03
-0.016199999999999992,1.01
-0.016100000000000003,1.0
-0.01599999999999996,0.99
-0.01589999999999997,0.98
-0.01579999999999998,0.98
-0.015699999999999992,0.98
-0.015600000000000003,0.9500000000000001
-0.015499999999999958,0.97
-0.01539999999999997,0.97
-0.01529999999999998,0.97
-0.015199999999999991,0.97
-0.015100000000000002,0.9400000000000001
-0.014999999999999958,0.96
-0.014899999999999969,0.96
-0.01479999999999998,0.9400000000000001
-0.01469999999999999,0.96
-0.014600000000000002,0.9400000000000001
-0.014499999999999957,0.9
-0.014399999999999968,0.89
-0.01429999999999998,0.87
-0.01419999999999999,0.85
-0.014100000000000001,0.8300000000000001
-0.013999999999999957,0.8200000000000001
-0.013899999999999968,0.8
-0.013799999999999979,0.81
-0.01369999999999999,0.79
-0.013600000000000001,0.8
-0.013499999999999956,0.78
-0.013399999999999967,0.78
-0.013299999999999979,0.79
-0.01319999999999999,0.78
-0.0131,0.78
-0.012999999999999956,0.79
-0.012899999999999967,0.78
-0.012799999999999978,0.78
-0.012699999999999989,0.77
-0.0126,0.9
-0.012499999999999956,1.05
-0.012399999999999967,1.19
-0.012299999999999978,1.29
-0.012199999999999989,1.37
-0.0121,1.44
-0.011999999999999955,1.49
-0.011899999999999966,1.53
-0.011799999999999977,1.57
-0.011699999999999988,1.6
-0.0116,1.62
-0.011499999999999955,1.6400000000000001
-0.011399999999999966,1.68
-0.011299999999999977,1.67
-0.011199999999999988,1.68
-0.011099999999999999,1.69
-0.010999999999999954,1.69
-0.010899999999999965,1.71
-0.010799999999999976,1.71
-0.010699999999999987,1.71
-0.010599999999999998,1.6
-0.010499999999999954,1.44
-0.010399999999999965,1.33
-0.010299999999999976,1.26
-0.010199999999999987,1.18
-0.010099999999999998,1.11
-0.009999999999999953,1.08
-0.009899999999999964,1.01
-0.009799999999999975,1.0
-0.009699999999999986,0.96
-0.009599999999999997,0.9500000000000001
-0.009499999999999953,0.92
-0.009399999999999964,0.91
-0.009299999999999975,0.91
-0.009199999999999986,0.9
-0.009099999999999997,0.88
-0.008999999999999952,0.86
-0.008899999999999963,0.88
-0.008799999999999975,0.86
-0.008699999999999986,0.86
-0.008599999999999997,1.1
-0.008499999999999952,1.47
-0.008399999999999963,1.76
-0.008299999999999974,2.0
-0.008199999999999985,2.18
-0.008099999999999996,2.34
-0.007999999999999952,2.46
-0.007899999999999963,2.54
-0.007799999999999974,2.63
-0.007699999999999985,2.69
-0.007599999999999996,2.7600000000000002
-0.007499999999999951,2.7800000000000002
-0.007399999999999962,2.82
-0.007299999999999973,2.86
-0.007199999999999984,2.87
-0.007099999999999995,2.91
-0.006999999999999951,2.91
-0.006899999999999962,2.92
-0.006799999999999973,2.93
-0.006699999999999984,2.94
-0.006599999999999995,2.95
-0.00649999999999995,2.91
-0.006399999999999961,2.91
-0.006299999999999972,2.86
-0.006199999999999983,2.87
-0.006099999999999994,2.87
-0.00599999999999995,2.84
-0.005899999999999961,2.84
-0.005799999999999972,2.83
-0.005699999999999983,2.84
-0.005599999999999994,2.83
-0.005499999999999949,2.83
-0.00539999999999996,2.84
-0.005299999999999971,2.84
-0.005199999999999982,2.83
-0.005099999999999993,2.83
-0.004999999999999949,2.83
-0.00489999999999996,2.82
-0.004799999999999971,2.82
-0.004699999999999982,2.83
-0.004599999999999993,2.52
-0.004500000000000004,2.05
-0.0043999999999999595,1.68
-0.0042999999999999705,1.3800000000000001
-0.0041999999999999815,1.1300000000000001
-0.0040999999999999925,0.96
-0.0040000000000000036,0.78
-0.003899999999999959,0.66
-0.00379999999999997,0.54
-0.003699999999999981,0.46
-0.003599999999999992,0.39
-0.003500000000000003,0.33
-0.0033999999999999586,0.3
-0.0032999999999999696,0.25
-0.0031999999999999806,0.22
-0.0030999999999999917,0.17
-0.0030000000000000027,0.16
-0.002899999999999958,0.15
-0.002799999999999969,0.13
-0.00269999999999998,0.12
-0.002599999999999991,0.27
-0.0025000000000000022,0.46
-0.0023999999999999577,0.61
-0.0022999999999999687,0.74
-0.0021999999999999797,0.84
-0.0020999999999999908,0.93
-0.0020000000000000018,1.01
-0.0018999999999999573,1.05
-0.0017999999999999683,1.1
-0.0016999999999999793,1.1300000000000001
-0.0015999999999999903,1.16
-0.0015000000000000013,1.19
-0.0013999999999999568,1.2
-0.0012999999999999678,1.22
-0.0011999999999999789,1.23
-0.0010999999999999899,1.26
-0.0010000000000000009,1.26
-0.0008999999999999564,1.25
-0.0007999999999999674,1.26
-0.0006999999999999784,1.26
-0.0005999999999999894,1.34
-0.0005000000000000004,1.49
-0.00039999999999995595,1.61
-0.00029999999999996696,1.69
-0.00019999999999997797,1.78
-9.999999999998899e-05,1.84
0.0,1.8800000000000001
9.999999999998899e-05,1.92
0.00019999999999997797,1.96
0.000300000000000078,1.98
0.00040000000000006697,2.0100000000000002
0.000500000000000056,2.0100000000000002
0.0006000000000000449,2.02
0.0007000000000000339,2.05
0.0008000000000000229,2.05
0.0009000000000000119,2.08
0.0010000000000000009,2.07
0.0010999999999999899,2.07
0.0011999999999999789,2.06
0.0013000000000000789,2.08
0.0014000000000000679,2.14
0.0015000000000000568,2.24
0.0016000000000000458,2.34
0.0017000000000000348,2.4
0.0018000000000000238,2.47
0.0019000000000000128,2.52
0.0020000000000000018,2.56
0.0020999999999999908,2.6
0.0021999999999999797,2.61
0.0022999999999999687,2.64
0.0024000000000000687,2.64
0.0025000000000000577,2.66
0.0026000000000000467,2.67
0.0027000000000000357,2.66
0.0028000000000000247,2.69
0.0029000000000000137,2.69
0.0030000000000000027,2.69
0.0030999999999999917,2.7
0.0031999999999999806,2.71
0.0032999999999999696,2.72
0.0034000000000000696,2.72
0.0035000000000000586,2.7600000000000002
0.0036000000000000476,2.7800000000000002
0.0037000000000000366,2.8000000000000003
0.0038000000000000256,2.81
0.0039000000000000146,2.81
0.0040000000000000036,2.83
0.0040999999999999925,2.84
0.0041999999999999815,2.84
0.0042999999999999705,2.85
0.0044000000000000705,2.86
0.0045000000000000595,2.89
0.0046000000000000485,2.87
0.0047000000000000375,2.87
0.0048000000000000265,2.87
0.0049000000000000155,2.87
0.0050000000000000044,2.91
0.005099999999999993,2.89
0.005199999999999982,2.89
0.005299999999999971,2.89
0.005400000000000071,2.93
0.00550000000000006,2.96
0.005600000000000049,3.0
0.005700000000000038,3.0300000000000002
0.005800000000000027,3.0700000000000003
0.005900000000000016,3.08
0.006000000000000005,3.1
0.006099999999999994,3.11
0.006199999999999983,3.11
0.006299999999999972,3.12
0.006400000000000072,3.14
0.006500000000000061,3.16
0.00660000000000005,3.15
0.006700000000000039,3.15
0.006800000000000028,3.15
0.006900000000000017,3.15
0.007000000000000006,3.16
0.007099999999999995,3.17
0.007199999999999984,3.16
0.007299999999999973,3.17
0.007400000000000073,3.0700000000000003
0.007500000000000062,2.5300000000000002
0.007600000000000051,2.14
0.00770000000000004,1.8
0.007800000000000029,1.53
0.007900000000000018,1.31
0.008000000000000007,1.1400000000000001
0.008099999999999996,1.0
0.008199999999999985,0.89
0.008299999999999974,0.8
0.008400000000000074,0.73
0.008500000000000063,0.66
0.008600000000000052,0.59
0.008700000000000041,0.56
0.00880000000000003,0.53
0.008900000000000019,0.51
0.009000000000000008,0.47000000000000003
0.009099999999999997,0.45
0.009199999999999986,0.44
0.009299999999999975,0.43
0.009400000000000075,0.45
0.009500000000000064,0.58
0.009600000000000053,0.68
0.009700000000000042,0.74
0.009800000000000031,0.8
0.00990000000000002,0.84
0.010000000000000009,0.88
0.010099999999999998,0.91
0.010199999999999987,0.93
0.010299999999999976,0.96
0.010400000000000076,0.9500000000000001
0.010500000000000065,0.99
0.010600000000000054,0.98
0.010700000000000043,1.01
0.010800000000000032,1.01
0.01090000000000002,1.01
0.01100000000000001,1.03
0.011099999999999999,1.02
0.011199999999999988,1.01
0.011299999999999977,1.04
0.011400000000000077,1.02
0.011500000000000066,1.23
0.011600000000000055,1.3900000000000001
0.011700000000000044,1.51
0.011800000000000033,1.61
0.011900000000000022,1.7
0.01200000000000001,1.75
0.0121,1.8
0.012199999999999989,1.86
0.012299999999999978,1.8800000000000001
0.012400000000000078,1.92
0.012500000000000067,1.94
0.012600000000000056,1.95
0.012700000000000045,1.98
0.012800000000000034,1.99
0.012900000000000023,1.97
0.013000000000000012,1.99
0.0131,2.0100000000000002
0.01319999999999999,2.02
0.013299999999999979,2.0100000000000002
0.013400000000000079,2.0
0.013500000000000068,1.68
0.013600000000000056,1.48
0.013700000000000045,1.3
0.013800000000000034,1.1500000000000001
0.013900000000000023,1.05
0.014000000000000012,0.9500000000000001
0.014100000000000001,0.87
0.01419999999999999,0.8200000000000001
0.01429999999999998,0.76
0.01440000000000008,0.73
0.014500000000000068,0.68
0.014600000000000057,0.66
0.014700000000000046,0.64
0.014800000000000035,0.64
0.014900000000000024,0.6
0.015000000000000013,0.6
0.015100000000000002,0.59
0.015199999999999991,0.59
0.01529999999999998,0.5700000000000001
0.01539999999999997,0.5700000000000001
0.01550000000000007,1.08
0.015600000000000058,1.48
0.015700000000000047,1.8
0.015800000000000036,2.02
0.015900000000000025,2.24
0.016000000000000014,2.41
0.016100000000000003,2.54
0.016199999999999992,2.63
0.01629999999999998,2.74
0.01639999999999997,2.8000000000000003
0.01650000000000007,2.87
0.01660000000000006,2.92
0.016700000000000048,2.96
0.016800000000000037,2.99
0.016900000000000026,3.0100000000000002
0.017000000000000015,3.0300000000000002
0.017100000000000004,3.04
0.017199999999999993,3.0700000000000003
0.017299999999999982,3.0700000000000003
0.01739999999999997,3.1
0.01750000000000007,2.48
0.01760000000000006,2.0100000000000002
0.01770000000000005,1.6500000000000001
0.017800000000000038,1.34
0.017900000000000027,1.1
0.018000000000000016,0.9
0.018100000000000005,0.74
0.018199999999999994,0.61
0.018299999999999983,0.5
0.018399999999999972,0.43
0.018500000000000072,0.34
0.01860000000000006,0.29
0.01870000000000005,0.24
0.01880000000000004,0.19
0.018900000000000028,0.15
0.019000000000000017,0.14
0.019100000000000006,0.12
0.019199999999999995,0.1
0.019299999999999984,0.08
0.019399999999999973,0.08
0.019500000000000073,0.23
0.019600000000000062,0.35000000000000003
0.01970000000000005,0.44
0.01980000000000004,0.5
0.01990000000000003,0.56
0.020000000000000018,0.6
0.020100000000000007,0.64
0.020199999999999996,0.67
0.020299999999999985,0.6900000000000001
0.020399999999999974,0.71
0.020500000000000074,0.72
0.020600000000000063,0.73
0.02070000000000005,0.75
0.02080000000000004,0.76
0.02090000000000003,0.75
0.02100000000000002,0.77
0.021100000000000008,0.77
0.021199999999999997,0.79
0.021299999999999986,0.78
0.021399999999999975,0.78
0.021500000000000075,1.16
0.021600000000000064,1.47
0.021700000000000053,1.72
0.02180000000000004,1.95
0.02190000000000003,2.12
0.02200000000000002,2.24
0.02210000000000001,2.36
0.022199999999999998,2.46
0.022299999999999986,2.52
0.022399999999999975,2.6
0.022500000000000075,2.63
0.022600000000000064,2.68
0.022700000000000053,2.69
0.022800000000000042,2.72
0.02290000000000003,2.7600000000000002
0.02300000000000002,2.77
0.02310000000000001,2.8000000000000003
0.0232,2.8000000000000003
0.023299999999999987,2.8000000000000003
0.023399999999999976,2.82
0.023500000000000076,2.46
0.023600000000000065,2.08
0.023700000000000054,1.79
0.023800000000000043,1.56
0.023900000000000032,1.36
0.02400000000000002,1.21
0.02410000000000001,1.1
0.0242,0.97
0.02429999999999999,0.9
0.024399999999999977,0.8300000000000001
0.024500000000000077,0.77
0.024600000000000066,0.71
0.024700000000000055,0.68
0.024800000000000044,0.66
0.024900000000000033,0.63
0.025000000000000022,0.63
0.02510000000000001,0.6
0.0252,0.58
0.02529999999999999,0.5700000000000001
0.025399999999999978,0.5700000000000001
0.025500000000000078,0.54
0.025600000000000067,0.53
0.025700000000000056,0.52
0.025800000000000045,0.51
0.025900000000000034,0.51
0.026000000000000023,0.48
0.026100000000000012,0.47000000000000003
0.0262,0.47000000000000003
0.02629999999999999,0.48
0.02639999999999998,0.47000000000000003
0.02650000000000008,0.45
0.026600000000000068,0.45
0.026700000000000057,0.46
0.026800000000000046,0.44
0.026900000000000035,0.45
0.027000000000000024,0.45
0.027100000000000013,0.46
0.027200000000000002,0.44
0.02729999999999999,0.44
0.02739999999999998,0.47000000000000003
0.02750000000000008,0.4
0.02760000000000007,0.32
0.027700000000000058,0.27
0.027800000000000047,0.21
0.027900000000000036,0.2
0.028000000000000025,0.16
0.028100000000000014,0.14
0.028200000000000003,0.13
0.028299999999999992,0.12
0.02839999999999998,0.1
0.02850000000000008,0.09
0.02860000000000007,0.08
0.02870000000000006,0.07
0.028800000000000048,0.06
0.028900000000000037,0.06
0.029000000000000026,0.05
0.029100000000000015,0.05
0.029200000000000004,0.05
0.029299999999999993,0.05
0.02939999999999998,0.05
0.02949999999999997,0.5
0.02960000000000007,1.02
0.02970000000000006,1.42
0.02980000000000005,1.73
0.029900000000000038,2.0
0.030000000000000027,2.23
0.030100000000000016,2.4
0.030200000000000005,2.52
0.030299999999999994,2.65
0.030399999999999983,2.74
0.03049999999999997,2.81
0.03060000000000007,2.87
0.03070000000000006,2.91
0.03080000000000005,2.96
0.03090000000000004,2.98
0.031000000000000028,3.0300000000000002
0.031100000000000017,3.0700000000000003
0.031200000000000006,3.0700000000000003
0.031299999999999994,3.08
0.031399999999999983,3.11
0.03149999999999997,2.91
0.03160000000000007,2.58
0.03170000000000006,2.33
0.03180000000000005,2.1
0.03190000000000004,1.96
0.03200000000000003,1.82
0.03210000000000002,1.7
0.032200000000000006,1.61
0.032299999999999995,1.54
0.032399999999999984,1.48
0.03249999999999997,1.44
0.03260000000000007,1.4000000000000001
0.03270000000000006,1.36
0.03280000000000005,1.34
0.03290000000000004,1.3
0.03300000000000003,1.31
0.03310000000000002,1.27
0.03320000000000001,1.28
0.033299999999999996,1.26
0.033399999999999985,1.26
0.033499999999999974,1.17
0.033600000000000074,1.06
0.03370000000000006,0.98
0.03380000000000005,0.9
0.03390000000000004,0.88
0.03400000000000003,0.84
0.03410000000000002,0.81
0.03420000000000001,0.79
0.0343,0.73
0.034399999999999986,0.71
0.034499999999999975,0.71
0.034600000000000075,0.6900000000000001
0.034700000000000064,0.6900000000000001
0.03480000000000005,0.67
0.03490000000000004,0.65
0.03500000000000003,0.64
0.03510000000000002,0.64
0.03520000000000001,0.65
0.0353,0.64
0.03539999999999999,0.64
0.035499999999999976,0.72
0.035600000000000076,0.8200000000000001
0.035700000000000065,0.87
0.035800000000000054,0.9400000000000001
0.03590000000000004,0.97
0.03600000000000003,1.01
0.03610000000000002,1.07
0.03620000000000001,1.09
0.0363,1.11
0.03639999999999999,1.1
0.03649999999999998,1.12
0.03660000000000008,1.1300000000000001
0.036700000000000066,1.16
0.036800000000000055,1.1500000000000001
0.036900000000000044,1.16
0.03700000000000003,1.17
0.03710000000000002,1.18
0.03720000000000001,1.1500000000000001
0.0373,1.17
0.03739999999999999,1.16
0.03749999999999998,1.29
0.03760000000000008,1.54
0.03770000000000007,1.72
0.037800000000000056,1.84
0.037900000000000045,1.98
0.038000000000000034,2.08
0.03810000000000002,2.16
0.03820000000000001,2.24
0.0383,2.2800000000000002
0.03839999999999999,2.33
0.03849999999999998,2.37
0.03860000000000008,2.39
0.03870000000000007,2.41
0.03880000000000006,2.42
0.038900000000000046,2.44
0.039000000000000035,2.46
0.039100000000000024,2.46
0.03920000000000001,2.48
0.0393,2.48
0.03939999999999999,2.49
0.03949999999999998,2.39
0.03960000000000008,2.09
0.03970000000000007,1.87
0.03980000000000006,1.68
0.03990000000000005,1.56
0.040000000000000036,1.45
0.040100000000000025,1.35
0.040200000000000014,1.27
0.0403,1.21
0.04039999999999999,1.16
0.04049999999999998,1.11
0.04060000000000008,1.09
0.04070000000000007,1.05
0.04080000000000006,1.04
0.04090000000000005,1.02
0.041000000000000036,0.99
0.041100000000000025,0.97
0.041200000000000014,0.96
0.0413,0.96
0.04139999999999999,0.96
0.04149999999999998,0.96
0.04160000000000008,1.06
0.04170000000000007,1.1
0.04180000000000006,1.1400000000000001
0.04190000000000005,1.18
0.04200000000000004,1.21
0.042100000000000026,1.23
0.042200000000000015,1.25
0.042300000000000004,1.23
0.04239999999999999,1.26
0.04249999999999998,1.27
0.04259999999999997,1.28
0.04270000000000007,1.27
0.04280000000000006,1.29
0.04290000000000005,1.3
0.04300000000000004,1.31
0.04310000000000003,1.31
0.043200000000000016,1.32
0.043300000000000005,1.32
0.043399999999999994,1.31
0.04349999999999998,1.25
0.04359999999999997,1.1500000000000001
0.04370000000000007,1.07
0.04380000000000006,1.0
0.04390000000000005,0.96
0.04400000000000004,0.93
0.04410000000000003,0.88
0.04420000000000002,0.85
0.044300000000000006,0.8200000000000001
0.044399999999999995,0.8200000000000001
0.044499999999999984,0.8
0.04459999999999997,0.8200000000000001
0.04470000000000007,0.78
0.04480000000000006,0.77
0.04490000000000005,0.76
0.04500000000000004,0.75
0.04510000000000003,0.75
0.04520000000000002,0.75
0.04530000000000001,0.74
0.045399999999999996,0.75
0.045499999999999985,0.85
0.045599999999999974,1.11
0.045700000000000074,1.33
0.04580000000000006,1.49
0.04590000000000005,1.61
0.04600000000000004,1.73
0.04610000000000003,1.82
0.04620000000000002,1.8900000000000001
0.04630000000000001,1.94
0.0464,1.98
0.046499999999999986,2.0300000000000002
0.046599999999999975,2.04
0.046700000000000075,2.08
0.046800000000000064,2.11
0.04690000000000005,2.14
0.04700000000000004,2.14
0.04710000000000003,2.16
0.04720000000000002,2.16
0.04730000000000001,2.16
0.0474,2.18
0.04749999999999999,2.1
0.047599999999999976,1.78
0.047700000000000076,1.53
0.047800000000000065,1.35
0.047900000000000054,1.18
0.04800000000000004,1.06
0.04810000000000003,0.9500000000000001
0.04820000000000002,0.88
0.04830000000000001,0.81
0.0484,0.75
0.04849999999999999,0.6900000000000001
0.04859999999999998,0.66
0.04870000000000008,0.64
0.048800000000000066,0.63
0.048900000000000055,0.58
0.049000000000000044,0.56
0.04910000000000003,0.5700000000000001
0.04920000000000002,0.56
0.04930000000000001,0.55
0.0494,0.54
0.04949999999999999,0.52
0.04959999999999998,0.44
0.04970000000000008,0.36
0.049800000000000066,0.32
0.049900000000000055,0.28
0.050000000000000044,0.24
0.05010000000000003,0.22
0.05020000000000002,0.19
0.05030000000000001,0.17
0.0504,0.16
0.05049999999999999,0.15
0.05059999999999998,0.13
0.05070000000000008,0.13
0.05080000000000007,0.12
0.050900000000000056,0.11
0.051000000000000045,0.11
0.051100000000000034,0.13
0.05120000000000002,0.12
0.05130000000000001,0.11
0.0514,0.11
0.05149999999999999,0.1
0.05159999999999998,0.17
0.05170000000000008,0.19
0.05180000000000007,0.22
0.05190000000000006,0.26
0.052000000000000046,0.26
0.052100000000000035,0.3
0.052200000000000024,0.3
0.05230000000000001,0.32
0.0524,0.32
0.05249999999999999,0.31
0.05259999999999998,0.35000000000000003
0.05270000000000008,0.34
0.05280000000000007,0.35000000000000003
0.05290000000000006,0.35000000000000003
0.05300000000000005,0.34
0.053100000000000036,0.35000000000000003
0.053200000000000025,0.37
0.053300000000000014,0.36
0.0534,0.35000000000000003
0.05349999999999999,0.35000000000000003
0.05359999999999998,0.63
0.05370000000000008,0.8
0.05380000000000007,0.97
0.05390000000000006,1.09
0.05400000000000005,1.18
0.05410000000000004,1.26
0.054200000000000026,1.31
0.054300000000000015,1.37
0.054400000000000004,1.41
0.05449999999999999,1.44
0.05459999999999998,1.47
0.05470000000000008,1.52
0.05480000000000007,1.52
0.05490000000000006,1.54
0.05500000000000005,1.55
0.05510000000000004,1.56
0.05520000000000003,1.56
0.055300000000000016,1.57
0.055400000000000005,1.58
0.055499999999999994,1.58
0.05559999999999998,1.84
0.05569999999999997,2.04
0.05580000000000007,2.17
0.05590000000000006,2.3000000000000003
0.05600000000000005,2.42
0.05610000000000004,2.48
0.05620000000000003,2.54
0.05630000000000002,2.6
0.056400000000000006,2.65
0.056499999999999995,2.69
0.056599999999999984,2.7
0.05669999999999997,2.72
0.05680000000000007,2.7600000000000002
0.05690000000000006,2.77
0.05700000000000005,2.8000000000000003
0.05710000000000004,2.81
0.05720000000000003,2.8000000000000003
0.05730000000000002,2.81
0.05740000000000001,2.81
0.057499999999999996,2.82
0.057599999999999985,2.88
0.057699999999999974,2.93
0.057800000000000074,2.97
0.05790000000000006,2.98
0.05800000000000005,3.0100000000000002
0.05810000000000004,3.04
0.05820000000000003,3.0700000000000003
0.05830000000000002,3.06
0.05840000000000001,3.08
0.058499999999999996,3.08
0.058599999999999985,3.08
0.058699999999999974,3.1
0.058800000000000074,3.1
0.05890000000000006,3.11
0.05900000000000005,3.11
0.05910000000000004,3.11
0.05920000000000003,3.12
0.05930000000000002,3.13
0.05940000000000001,3.1
0.0595,3.11
0.059599999999999986,2.91
0.059699999999999975,2.66
0.059800000000000075,2.49
0.059900000000000064,2.35
0.06000000000000005,2.23
0.06010000000000004,2.14
0.06020000000000003,2.07
0.06030000000000002,2.0
0.06040000000000001,1.94
0.0605,1.8900000000000001
0.06059999999999999,1.86
0.060699999999999976,1.84
0.060800000000000076,1.82
0.060900000000000065,1.8
0.061000000000000054,1.79
0.06110000000000004,1.76
0.06120000000000003,1.76
0.06130000000000002,1.74
0.06140000000000001,1.74
0.0615,1.74
0.06159999999999999,1.75
0.06169999999999998,1.75
0.06180000000000008,1.74
0.061900000000000066,1.76
0.062000000000000055,1.75
0.062100000000000044,1.74
0.06220000000000003,1.78
0.06230000000000002,1.77
0.06240000000000001,1.76
0.0625,1.77
0.06259999999999999,1.76
0.06269999999999998,1.76
0.06280000000000008,1.76
0.06290000000000007,1.77
0.06300000000000006,1.78
0.06310000000000004,1.77
0.06320000000000003,1.75
0.06330000000000002,1.77
0.06340000000000001,1.78
0.0635,1.77
0.06359999999999999,1.74
0.06369999999999998,1.69
0.06380000000000008,1.68
0.06390000000000007,1.6400000000000001
0.06400000000000006,1.6300000000000001
0.06410000000000005,1.6
0.06420000000000003,1.58
0.06430000000000002,1.58
0.06440000000000001,1.56
0.0645,1.57
0.06459999999999999,1.54
0.06469999999999998,1.55
0.06480000000000008,1.54
0.06490000000000007,1.54
0.06500000000000006,1.51
0.06510000000000005,1.54
0.06520000000000004,1.54
0.06530000000000002,1.53
0.06540000000000001,1.53
0.0655,1.54
0.06559999999999999,1.36
0.06569999999999998,1.1500000000000001
0.06580000000000008,1.02
0.06590000000000007,0.91
0.06600000000000006,0.81
0.06610000000000005,0.75
0.06620000000000004,0.67
0.06630000000000003,0.63
0.06640000000000001,0.5700000000000001
0.0665,0.55
0.06659999999999999,0.52
0.06669999999999998,0.5
0.06680000000000008,0.48
0.06690000000000007,0.45
0.06700000000000006,0.47000000000000003
0.06710000000000005,0.45
0.06720000000000004,0.45
0.06730000000000003,0.41000000000000003
0.06740000000000002,0.43
0.0675,0.42
0.0676,0.5700000000000001
0.06769999999999998,0.72
0.06780000000000008,0.84
0.06790000000000007,0.9400000000000001
0.06800000000000006,1.01
0.06810000000000005,1.07
0.06820000000000004,1.11
0.06830000000000003,1.17
0.06840000000000002,1.2
0.0685,1.23
0.0686,1.25
0.06869999999999998,1.26
0.06879999999999997,1.29
0.06890000000000007,1.29
0.06900000000000006,1.3
0.06910000000000005,1.3
0.06920000000000004,1.32
0.06930000000000003,1.33
0.06940000000000002,1.33
0.0695,1.33
0.0696,1.48
0.06969999999999998,1.72
0.06979999999999997,1.8900000000000001
0.06990000000000007,2.04
0.07000000000000006,2.15
0.07010000000000005,2.2600000000000002
0.07020000000000004,2.33
0.07030000000000003,2.4
0.07040000000000002,2.46
0.07050000000000001,2.46
0.0706,2.5100000000000002
0.07069999999999999,2.5300000000000002
0.07079999999999997,2.56
0.07090000000000007,2.57
0.07100000000000006,2.6
0.07110000000000005,2.6
0.07120000000000004,2.62
0.07130000000000003,2.61
0.07140000000000002,2.63
0.07150000000000001,2.63
0.0716,2.6
0.07169999999999999,2.48
0.07179999999999997,2.4
0.07190000000000007,2.34
0.07200000000000006,2.29
0.07210000000000005,2.27
0.07220000000000004,2.23
0.07230000000000003,2.18
0.07240000000000002,2.17
0.07250000000000001,2.15
0.0726,2.14
0.07269999999999999,2.12
0.07279999999999998,2.11
0.07290000000000008,2.09
0.07300000000000006,2.09
0.07310000000000005,2.09
0.07320000000000004,2.06
0.07330000000000003,2.09
0.07340000000000002,2.09
0.07350000000000001,2.09
0.0736,2.08
0.07369999999999999,2.1
0.07379999999999998,2.1
0.07390000000000008,2.08
0.07400000000000007,2.09
0.07410000000000005,2.12
0.07420000000000004,2.12
0.07430000000000003,2.1
0.07440000000000002,2.1
0.07450000000000001,2.09
0.0746,2.12
0.07469999999999999,2.12
0.07479999999999998,2.14
0.07490000000000008,2.12
0.07500000000000007,2.12
0.07510000000000006,2.11
0.07520000000000004,2.14
0.07530000000000003,2.12
0.07540000000000002,2.12
0.07550000000000001,2.12
0.0756,1.9100000000000001
0.07569999999999999,1.55
0.07579999999999998,1.27
0.07590000000000008,1.04
0.07600000000000007,0.87
0.07610000000000006,0.7000000000000001
0.07620000000000005,0.58
0.07630000000000003,0.48
0.07640000000000002,0.41000000000000003
0.07650000000000001,0.34
0.0766,0.29
0.07669999999999999,0.25
0.07679999999999998,0.19
0.07690000000000008,0.17
0.07700000000000007,0.17
0.07710000000000006,0.13
0.07720000000000005,0.13
0.07730000000000004,0.1
0.07740000000000002,0.1
0.07750000000000001,0.09
0.0776,0.3
0.07769999999999999,0.7000000000000001
0.07779999999999998,1.02
0.07790000000000008,1.24
0.07800000000000007,1.43
0.07810000000000006,1.61
0.07820000000000005,1.73
0.07830000000000004,1.85
0.07840000000000003,1.93
0.07850000000000001,1.99
0.0786,2.05
0.07869999999999999,2.1
0.07879999999999998,2.14
0.07890000000000008,2.18
0.07900000000000007,2.19
0.07910000000000006,2.22
0.07920000000000005,2.23
0.07930000000000004,2.2600000000000002
0.07940000000000003,2.2600000000000002
0.07950000000000002,2.27
0.0796,2.16
0.0797,1.82
0.07979999999999998,1.55
0.07990000000000008,1.34
0.08000000000000007,1.18
0.08010000000000006,1.05
0.08020000000000005,0.9500000000000001
0.08030000000000004,0.81
0.08040000000000003,0.77
0.08050000000000002,0.74
0.0806,0.68
0.0807,0.64
0.08079999999999998,0.63
0.08090000000000008,0.6
0.08100000000000007,0.5700000000000001
0.08110000000000006,0.54
0.08120000000000005,0.53
0.08130000000000004,0.52
0.08140000000000003,0.51
0.08150000000000002,0.52
0.0816,0.47000000000000003
0.0817,0.39
0.08179999999999998,0.31
0.08189999999999997,0.26
0.08200000000000007,0.21
0.08210000000000006,0.19
0.08220000000000005,0.15
0.08230000000000004,0.15
0.08240000000000003,0.11
0.08250000000000002,0.11
0.0826,0.09
0.0827,0.07
0.08279999999999998,0.07
0.08289999999999997,0.06
0.08300000000000007,0.05
0.08310000000000006,0.04
0.08320000000000005,0.05
0.08330000000000004,0.03
0.08340000000000003,0.05
0.08350000000000002,0.05
0.08360000000000001,0.04
0.0837,0.07
0.08379999999999999,0.07
0.08389999999999997,0.06
0.08400000000000007,0.09
0.08410000000000006,0.09
0.08420000000000005,0.09
0.08430000000000004,0.1
0.08440000000000003,0.1
0.08450000000000002,0.1
0.08460000000000001,0.1
0.0847,0.1
0.08479999999999999,0.09
0.08489999999999998,0.11
0.08500000000000008,0.11
0.08510000000000006,0.1
0.08520000000000005,0.11
0.08530000000000004,0.09
0.08540000000000003,0.11
0.08550000000000002,0.1
0.08560000000000001,0.23
0.0857,0.84
0.08579999999999999,1.3
0.08589999999999998,1.68
0.08600000000000008,1.96
0.08610000000000007,2.2
0.08620000000000005,2.37
0.08630000000000004,2.5500000000000003
0.08640000000000003,2.66
0.08650000000000002,2.7600000000000002
0.08660000000000001,2.85
0.0867,2.91
0.08679999999999999,2.98
0.08689999999999998,3.02
0.08700000000000008,3.0700000000000003
0.08710000000000007,3.09
0.08720000000000006,3.1
0.08730000000000004,3.12
0.08740000000000003,3.15
0.08750000000000002,3.21
0.08760000000000001,3.15
0.0877,3.0
0.08779999999999999,2.89
0.08789999999999998,2.7800000000000002
0.08800000000000008,2.71
0.08810000000000007,2.64
0.08820000000000006,2.61
0.08830000000000005,2.57
0.08840000000000003,2.54
0.08850000000000002,2.5
0.08860000000000001,2.5
0.0887,2.48
0.08879999999999999,2.46
0.08889999999999998,2.46
0.08900000000000008,2.46
0.08910000000000007,2.44
0.08920000000000006,2.42
0.08930000000000005,2.43
0.08940000000000003,2.42
0.08950000000000002,2.41
0.08960000000000001,2.4
0.0897,2.17
0.08979999999999999,2.02
0.08989999999999998,1.8900000000000001
0.09000000000000008,1.77
0.09010000000000007,1.69
0.09020000000000006,1.6400000000000001
0.09030000000000005,1.57
0.09040000000000004,1.51
0.09050000000000002,1.49
0.09060000000000001,1.46
0.0907,1.45
0.09079999999999999,1.3900000000000001
0.09089999999999998,1.3900000000000001
0.09100000000000008,1.3800000000000001
0.09110000000000007,1.37
0.09120000000000006,1.37
0.09130000000000005,1.35
0.09140000000000004,1.35
0.09150000000000003,1.35
0.09160000000000001,1.34
0.0917,1.1300000000000001
0.09179999999999999,1.01
0.09189999999999998,0.9
0.09200000000000008,0.8300000000000001
0.09210000000000007,0.75
0.09220000000000006,0.71
0.09230000000000005,0.66
0.09240000000000004,0.63
0.09250000000000003,0.6
0.09260000000000002,0.58
0.0927,0.54
0.0928,0.54
0.09289999999999998,0.52
0.09300000000000008,0.51
0.09310000000000007,0.51
0.09320000000000006,0.49
0.09330000000000005,0.51
0.09340000000000004,0.5
0.09350000000000003,0.5
0.09360000000000002,0.48
0.0937,0.55
0.0938,0.5700000000000001
0.09389999999999998,0.63
0.09400000000000008,0.66
0.09410000000000007,0.68
0.09420000000000006,0.7000000000000001
0.09430000000000005,0.72
0.09440000000000004,0.74
0.09450000000000003,0.74
0.09460000000000002,0.75
0.0947,0.74
0.0948,0.76
0.09489999999999998,0.76
0.09499999999999997,0.77
0.09510000000000007,0.76
0.09520000000000006,0.76
0.09530000000000005,0.78
0.09540000000000004,0.78
0.09550000000000003,0.76
0.09560000000000002,0.78
0.09570000000000001,0.64
0.0958,0.52
0.09589999999999999,0.41000000000000003
0.09599999999999997,0.33
0.09610000000000007,0.29
0.09620000000000006,0.25
0.09630000000000005,0.19
0.09640000000000004,0.17
0.09650000000000003,0.13
0.09660000000000002,0.11
0.09670000000000001,0.1
0.0968,0.09
0.09689999999999999,0.07
0.09699999999999998,0.06
0.09710000000000008,0.06
0.09720000000000006,0.06
0.09730000000000005,0.03
0.09740000000000004,0.03
0.09750000000000003,0.03
0.09760000000000002,0.03
0.09770000000000001,0.07
0.0978,0.1
0.09789999999999999,0.14
0.09799999999999998,0.14
0.09810000000000008,0.17
0.09820000000000007,0.2
0.09830000000000005,0.2
0.09840000000000004,0.2
0.09850000000000003,0.21
0.09860000000000002,0.22
0.09870000000000001,0.21
0.0988,0.22
0.09889999999999999,0.23
0.09899999999999998,0.23
0.09910000000000008,0.23
0.09920000000000007,0.23
0.09930000000000005,0.25
0.09940000000000004,0.24
0.09950000000000003,0.24
0.09960000000000002,0.25
0.09970000000000001,0.34
0.0998,0.42
0.09989999999999999,0.48
0.09999999999999998,0.54
0.10010000000000008,0.59
0.10020000000000007,0.62
0.10030000000000006,0.64
0.10040000000000004,0.68
0.10050000000000003,0.7000000000000001
0.10060000000000002,0.71
0.10070000000000001,0.71
0.1008,0.75
0.10089999999999999,0.74
0.10099999999999998,0.74
0.10110000000000008,0.75
0.10120000000000007,0.75
0.10130000000000006,0.74
0.10140000000000005,0.77
0.10150000000000003,0.76
0.10160000000000002,0.77
0.10170000000000001,1.04
0.1018,1.32
0.10189999999999999,1.53
0.10199999999999998,1.68
0.10210000000000008,1.81
0.10220000000000007,1.92
0.10230000000000006,2.0300000000000002
0.10240000000000005,2.08
0.10250000000000004,2.15
0.10260000000000002,2.18
0.10270000000000001,2.23
0.1028,2.23
0.10289999999999999,2.27
0.10299999999999998,2.3000000000000003
0.10310000000000008,2.31
0.10320000000000007,2.34
0.10330000000000006,2.35
0.10340000000000005,2.37
0.10350000000000004,2.37
0.10360000000000003,2.39
0.10370000000000001,2.3000000000000003
0.1038,2.24
0.10389999999999999,2.17
0.10399999999999998,2.14
0.10410000000000008,2.08
0.10420000000000007,2.04
0.10430000000000006,2.0100000000000002
0.10440000000000005,2.0
0.10450000000000004,1.98
0.10460000000000003,1.96
0.10470000000000002,1.95
0.1048,1.94
0.1049,1.94
0.10499999999999998,1.94
0.10510000000000008,1.9100000000000001
0.10520000000000007,1.92
0.10530000000000006,1.9000000000000001
0.10540000000000005,1.9100000000000001
0.10550000000000004,1.92
0.10560000000000003,1.9000000000000001
0.10570000000000002,1.8900000000000001
0.1058,1.87
0.1059,1.85
0.10599999999999998,1.84
0.10610000000000008,1.84
0.10620000000000007,1.82
0.10630000000000006,1.81
0.10640000000000005,1.8
0.10650000000000004,1.8
0.10660000000000003,1.79
0.10670000000000002,1.78
0.1068,1.77
0.1069,1.78
0.10699999999999998,1.78
0.10710000000000008,1.79
0.10720000000000007,1.77
0.10730000000000006,1.79
0.10740000000000005,1.77
0.10750000000000004,1.78
0.10760000000000003,1.77
0.10770000000000002,1.9100000000000001
0.1078,2.14
0.1079,2.32
0.10799999999999998,2.44
0.10809999999999997,2.56
0.10820000000000007,2.67
0.10830000000000006,2.71
0.10840000000000005,2.77
0.10850000000000004,2.83
0.10860000000000003,2.87
0.10870000000000002,2.91
0.10880000000000001,2.93
0.1089,2.96
0.10899999999999999,2.96
0.10909999999999997,2.97
0.10920000000000007,3.0
0.10930000000000006,3.0100000000000002
0.10940000000000005,3.0100000000000002
0.10950000000000004,3.0100000000000002
0.10960000000000003,3.02
0.10970000000000002,2.93
0.10980000000000001,2.7600000000000002
0.1099,2.64
0.10999999999999999,2.5300000000000002
0.11009999999999998,2.45
0.11020000000000008,2.39
0.11030000000000006,2.33
0.11040000000000005,2.3000000000000003
0.11050000000000004,2.24
0.11060000000000003,2.21
0.11070000000000002,2.19
0.11080000000000001,2.19
0.1109,2.15
0.11099999999999999,2.16
0.11109999999999998,2.14
0.11120000000000008,2.14
0.11130000000000007,2.12
0.11140000000000005,2.12
0.11150000000000004,2.12
0.11160000000000003,2.11
0.11170000000000002,1.99
0.11180000000000001,1.82
0.1119,1.7
0.11199999999999999,1.59
0.11209999999999998,1.52
0.11220000000000008,1.44
0.11230000000000007,1.3900000000000001
0.11240000000000006,1.35
0.11250000000000004,1.31
0.11260000000000003,1.29
0.11270000000000002,1.26
0.11280000000000001,1.22
0.1129,1.23
0.11299999999999999,1.2
0.11309999999999998,1.19
0.11320000000000008,1.19
0.11330000000000007,1.17
0.11340000000000006,1.17
0.11350000000000005,1.16
0.11360000000000003,1.16
0.11370000000000002,1.28
0.11380000000000001,1.44
0.1139,1.57
0.11399999999999999,1.68
0.11409999999999998,1.74
0.11420000000000008,1.81
0.11430000000000007,1.84
0.11440000000000006,1.9100000000000001
0.11450000000000005,1.94
0.11460000000000004,1.96
0.11470000000000002,1.99
0.11480000000000001,2.02
0.1149,2.02
0.11499999999999999,2.0300000000000002
0.11509999999999998,2.05
0.11520000000000008,2.05
0.11530000000000007,2.08
0.11540000000000006,2.08
0.11550000000000005,2.08
0.11560000000000004,2.09
0.11570000000000003,1.94
0.11580000000000001,1.69
0.1159,1.5
0.11599999999999999,1.34
0.11609999999999998,1.23
0.11620000000000008,1.11
0.11630000000000007,1.04
0.11640000000000006,0.99
0.11650000000000005,0.93
0.11660000000000004,0.88
0.11670000000000003,0.8300000000000001
0.11680000000000001,0.79
0.1169,0.78
0.11699999999999999,0.76
0.11709999999999998,0.74
0.11720000000000008,0.73
0.11730000000000007,0.72
0.11740000000000006,0.71
0.11750000000000005,0.68
0.11760000000000004,0.7000000000000001
0.11770000000000003,0.89
0.11780000000000002,1.25
0.1179,1.56
0.118,1.79
0.11809999999999998,1.98
0.11820000000000008,2.14
0.11830000000000007,2.2600000000000002
0.11840000000000006,2.37
0.11850000000000005,2.43
0.11860000000000004,2.5100000000000002
0.11870000000000003,2.56
0.11880000000000002,2.6
0.1189,2.62
0.119,2.66
0.11909999999999998,2.68
0.11920000000000008,2.72
0.11930000000000007,2.73
0.11940000000000006,2.73
0.11950000000000005,2.7600000000000002
0.11960000000000004,2.7600000000000002
0.11970000000000003,2.7600000000000002
0.11980000000000002,2.65
0.1199,2.56
0.12,2.49
0.12009999999999998,2.44
0.12020000000000008,2.43
0.12030000000000007,2.38
0.12040000000000006,2.36
0.12050000000000005,2.35
0.12060000000000004,2.31
0.12070000000000003,2.3000000000000003
0.12080000000000002,2.3000000000000003
0.12090000000000001,2.3000000000000003
0.121,2.27
0.12109999999999999,2.27
0.12119999999999997,2.27
0.12130000000000007,2.2600000000000002
0.12140000000000006,2.2600000000000002
0.12150000000000005,2.2800000000000002
0.12160000000000004,2.25
0.12170000000000003,2.14
0.12180000000000002,1.77
0.12190000000000001,1.5
0.122,1.28
0.12209999999999999,1.12
0.12219999999999998,0.99
0.12230000000000008,0.86
0.12240000000000006,0.76
0.12250000000000005,0.6900000000000001
0.12260000000000004,0.64
0.12270000000000003,0.5700000000000001
0.12280000000000002,0.54
0.12290000000000001,0.49
0.123,0.47000000000000003
0.12309999999999999,0.44
0.12319999999999998,0.44
0.12330000000000008,0.42
0.12340000000000007,0.41000000000000003
0.12350000000000005,0.39
0.12360000000000004,0.37
0.12370000000000003,0.37
0.12380000000000002,0.39
0.12390000000000001,0.39
0.124,0.38
0.12409999999999999,0.4
0.12419999999999998,0.39
0.12430000000000008,0.39
0.12440000000000007,0.39
0.12450000000000006,0.39
0.12460000000000004,0.39
0.12470000000000003,0.4
0.12480000000000002,0.39
0.12490000000000001,0.39
0.125,0.39
0.1251,0.4
0.12519999999999998,0.4
0.12530000000000008,0.42
0.12540000000000007,0.41000000000000003
0.12550000000000006,0.39
0.12560000000000004,0.38
0.12570000000000003,0.38
0.12580000000000002,0.33
0.1259,0.29
0.126,0.26
0.1261,0.24
0.12619999999999998,0.22
0.12630000000000008,0.17
0.12640000000000007,0.17
0.12650000000000006,0.16
0.12660000000000005,0.17
0.12670000000000003,0.15
0.12680000000000002,0.14
0.1269,0.14
0.127,0.15
0.1271,0.13
0.12719999999999998,0.13
0.12730000000000008,0.13
0.12740000000000007,0.12
0.12750000000000006,0.13
0.12760000000000005,0.12
0.12770000000000004,0.18
0.12780000000000002,0.6900000000000001
0.1279,1.08
0.128,1.4000000000000001
0.1281,1.6300000000000001
0.12819999999999998,1.85
0.12830000000000008,2.0
0.12840000000000007,2.14
0.12850000000000006,2.24
0.12860000000000005,2.32
0.12870000000000004,2.4
0.12880000000000003,2.43
0.12890000000000001,2.5
0.129,2.52
0.1291,2.57
0.12919999999999998,2.6
0.12930000000000008,2.61
0.12940000000000007,2.62
0.12950000000000006,2.65
0.12960000000000005,2.65
0.12970000000000004,2.61
0.12980000000000003,2.09
0.12990000000000002,1.7
0.13,1.3900000000000001
0.1301,1.1400000000000001
0.13019999999999998,0.9400000000000001
0.13030000000000008,0.78
0.13040000000000007,0.64
0.13050000000000006,0.55
0.13060000000000005,0.46
0.13070000000000004,0.39
0.13080000000000003,0.34
0.13090000000000002,0.29
0.131,0.24
0.1311,0.21
0.13119999999999998,0.19
0.13130000000000008,0.17
0.13140000000000007,0.13
0.13150000000000006,0.13
0.13160000000000005,0.12
0.13170000000000004,0.09
0.13180000000000003,0.26
0.13190000000000002,0.34
0.132,0.45
0.1321,0.51
0.13219999999999998,0.55
0.13230000000000008,0.61
0.13240000000000007,0.65
0.13250000000000006,0.67
0.13260000000000005,0.7000000000000001
0.13270000000000004,0.73
0.13280000000000003,0.73
0.13290000000000002,0.75
0.133,0.76
0.1331,0.78
0.13319999999999999,0.78
0.13330000000000009,0.78
0.13340000000000007,0.8
0.13350000000000006,0.8
0.13360000000000005,0.81
0.13370000000000004,0.81
0.13380000000000003,0.97
0.13390000000000002,1.08
0.134,1.16
0.1341,1.23
0.13419999999999999,1.29
0.13429999999999997,1.32
0.13440000000000007,1.37
0.13450000000000006,1.4000000000000001
0.13460000000000005,1.42
0.13470000000000004,1.44
0.13480000000000003,1.46
0.13490000000000002,1.47
0.135,1.46
0.1351,1.48
0.1352,1.48
0.13529999999999998,1.49
0.13540000000000008,1.49
0.13550000000000006,1.5
0.13560000000000005,1.51
0.13570000000000004,1.51
0.13580000000000003,1.78
0.13590000000000002,2.06
0.136,2.2600000000000002
0.1361,2.42
0.1362,2.56
0.13629999999999998,2.67
0.13640000000000008,2.7800000000000002
0.13650000000000007,2.83
0.13660000000000005,2.88
0.13670000000000004,2.94
0.13680000000000003,2.98
0.13690000000000002,3.0
0.137,3.0700000000000003
0.1371,3.0700000000000003
0.1372,3.0700000000000003
0.13729999999999998,3.08
0.13740000000000008,3.11
0.13750000000000007,3.12
0.13760000000000006,3.13
0.13770000000000004,3.14
0.13780000000000003,2.67
0.13790000000000002,2.31
0.138,1.98
0.1381,1.75
0.1382,1.53
0.13829999999999998,1.3800000000000001
0.13840000000000008,1.25
0.13850000000000007,1.1400000000000001
0.13860000000000006,1.07
0.13870000000000005,0.98
0.13880000000000003,0.93
0.13890000000000002,0.89
0.139,0.84
0.1391,0.81
0.1392,0.78
0.13929999999999998,0.78
0.13940000000000008,0.76
0.13950000000000007,0.73
0.13960000000000006,0.71
0.13970000000000005,0.7000000000000001
0.13980000000000004,1.12
0.13990000000000002,1.54
0.14,1.85
0.1401,2.11
0.1402,2.31
0.14029999999999998,2.48
0.14040000000000008,2.62
0.14050000000000007,2.72
0.14060000000000006,2.81
0.14070000000000005,2.88
0.14080000000000004,2.95
0.14090000000000003,2.98
0.14100000000000001,3.0300000000000002
0.1411,3.0700000000000003
0.1412,3.09
0.14129999999999998,3.1
0.14140000000000008,3.14
0.14150000000000007,3.14
0.14160000000000006,3.16
0.14170000000000005,3.16
0.14180000000000004,3.11
0.14190000000000003,3.0700000000000003
0.14200000000000002,3.0300000000000002
0.1421,3.0
0.1422,2.95
0.14229999999999998,2.96
0.14240000000000008,2.93
0.14250000000000007,2.9
0.14260000000000006,2.93
0.14270000000000005,2.9
0.14280000000000004,2.88
0.14290000000000003,2.91
0.14300000000000002,2.89
0.1431,2.88
0.1432,2.88
0.14329999999999998,2.87
0.14340000000000008,2.87
0.14350000000000007,2.87
0.14360000000000006,2.87
0.14370000000000005,2.87
0.14380000000000004,2.77
0.14390000000000003,2.64
0.14400000000000002,2.52
0.1441,2.44
0.1442,2.37
0.14429999999999998,2.3000000000000003
0.14440000000000008,2.27
0.14450000000000007,2.24
0.14460000000000006,2.2
0.14470000000000005,2.18
0.14480000000000004,2.16
0.14490000000000003,2.13
0.14500000000000002,2.12
0.1451,2.12
0.1452,2.1
0.14529999999999998,2.1
0.14540000000000008,2.08
0.14550000000000007,2.07
0.14560000000000006,2.08
0.14570000000000005,2.08
0.14580000000000004,2.08
0.14590000000000003,2.11
0.14600000000000002,2.12
0.1461,2.14
0.1462,2.15
0.14629999999999999,2.16
0.14640000000000009,2.18
0.14650000000000007,2.17
0.14660000000000006,2.17
0.14670000000000005,2.19
0.14680000000000004,2.18
0.14690000000000003,2.19
0.14700000000000002,2.19
0.1471,2.18
0.1472,2.19
0.1473,2.19
0.1474000000000001,2.2
0.14750000000000008,2.19
0.14760000000000006,2.19
0.14770000000000005,2.19
0.14780000000000004,2.29
0.14790000000000003,2.43
0.14800000000000002,2.54
0.1481,2.62
0.1482,2.72
0.1483,2.7600000000000002
0.14839999999999998,2.81
0.14850000000000008,2.85
0.14860000000000007,2.89
0.14870000000000005,2.91
0.14880000000000004,2.94
0.14890000000000003,2.95
0.14900000000000002,2.97
0.1491,2.98
0.1492,2.97
0.1493,2.98
0.14939999999999998,3.0
0.14950000000000008,2.99
0.14960000000000007,2.99
0.14970000000000006,2.99
0.14980000000000004,2.92
0.14990000000000003,2.7600000000000002
0.15000000000000002,2.62
0.1501,2.5100000000000002
0.1502,2.4
0.1503,2.37
0.15039999999999998,2.3000000000000003
0.15050000000000008,2.2600000000000002
0.15060000000000007,2.22
0.15070000000000006,2.21
0.15080000000000005,2.17
0.15090000000000003,2.14
0.15100000000000002,2.15
0.1511,2.14
0.1512,2.12
0.1513,2.1
0.15139999999999998,2.1
0.15150000000000008,2.09
0.15160000000000007,2.08
0.15170000000000006,2.07
0.15180000000000005,1.96
0.15190000000000003,1.77
0.15200000000000002,1.6500000000000001
0.1521,1.53
0.1522,1.45
0.1523,1.41
0.15239999999999998,1.33
0.15250000000000008,1.29
0.15260000000000007,1.25
0.15270000000000006,1.21
0.15280000000000005,1.19
0.15290000000000004,1.18
0.15300000000000002,1.1500000000000001
0.1531,1.1400000000000001
0.1532,1.1400000000000001
0.1533,1.12
0.15339999999999998,1.1400000000000001
0.15350000000000008,1.12
0.15360000000000007,1.09
0.15370000000000006,1.11
0.15380000000000005,1.1500000000000001
0.15390000000000004,1.21
0.15400000000000003,1.27
0.15410000000000001,1.28
0.1542,1.32
0.1543,1.34
0.15439999999999998,1.3900000000000001
0.15450000000000008,1.4000000000000001
0.15460000000000007,1.4000000000000001
0.15470000000000006,1.42
0.15480000000000005,1.41
0.15490000000000004,1.41
0.15500000000000003,1.45
0.15510000000000002,1.43
0.1552,1.45
0.1553,1.44
0.15539999999999998,1.45
0.15550000000000008,1.45
0.15560000000000007,1.47
0.15570000000000006,1.45
0.15580000000000005,1.37
0.15590000000000004,1.2
0.15600000000000003,1.07
0.15610000000000002,0.96
0.1562,0.87
0.1563,0.8
0.15639999999999998,0.74
0.15650000000000008,0.7000000000000001
0.15660000000000007,0.67
0.15670000000000006,0.64
0.15680000000000005,0.62
0.15690000000000004,0.59
0.15700000000000003,0.58
0.15710000000000002,0.56
0.1572,0.53
0.1573,0.54
0.15739999999999998,0.53
0.15750000000000008,0.53
0.15760000000000007,0.53
0.15770000000000006,0.52
0.15780000000000005,0.54
0.15790000000000004,0.5700000000000001
0.15800000000000003,0.6
0.15810000000000002,0.63
0.1582,0.66
0.1583,0.67
0.15839999999999999,0.68
0.15850000000000009,0.6900000000000001
0.15860000000000007,0.7000000000000001
0.15870000000000006,0.71
0.15880000000000005,0.6900000000000001
0.15890000000000004,0.71
0.15900000000000003,0.71
0.15910000000000002,0.71
0.1592,0.74
0.1593,0.73
0.1594,0.73
0.1595000000000001,0.72
0.15960000000000008,0.73
0.15970000000000006,0.73
0.15980000000000005,0.89
0.15990000000000004,1.28
0.16000000000000003,1.58
0.16010000000000002,1.83
0.1602,2.04
0.1603,2.17
0.1604,2.3000000000000003
0.1605000000000001,2.41
0.16060000000000008,2.5
0.16070000000000007,2.57
0.16080000000000005,2.63
0.16090000000000004,2.67
0.16100000000000003,2.71
0.16110000000000002,2.75
0.1612,2.77
0.1613,2.77
0.1614,2.79
0.16149999999999998,2.8000000000000003
0.16160000000000008,2.81
0.16170000000000007,2.83
0.16180000000000005,2.7600000000000002
0.16190000000000004,2.5
0.16200000000000003,2.3000000000000003
0.16210000000000002,2.18
0.1622,2.06
0.1623,1.97
0.1624,1.9000000000000001
0.16249999999999998,1.83
0.16260000000000008,1.76
0.16270000000000007,1.74
0.16280000000000006,1.7
0.16290000000000004,1.69
0.16300000000000003,1.6600000000000001
0.16310000000000002,1.62
0.1632,1.6300000000000001
0.1633,1.62
0.1634,1.61
0.16349999999999998,1.59
0.16360000000000008,1.57
0.16370000000000007,1.57
0.16380000000000006,1.61
0.16390000000000005,1.8800000000000001
0.16400000000000003,2.07
0.16410000000000002,2.2
0.1642,2.34
0.1643,2.42
0.1644,2.52
0.16449999999999998,2.57
0.16460000000000008,2.61
0.16470000000000007,2.64
0.16480000000000006,2.69
0.16490000000000005,2.72
0.16500000000000004,2.7600000000000002
0.16510000000000002,2.7600000000000002
0.1652,2.77
0.1653,2.8000000000000003
0.1654,2.8000000000000003
0.16549999999999998,2.81
0.16560000000000008,2.83
0.16570000000000007,2.83
0.16580000000000006,2.82
0.16590000000000005,2.7600000000000002
0.16600000000000004,2.72
0.16610000000000003,2.69
0.16620000000000001,2.64
0.1663,2.62
0.1664,2.6
0.16649999999999998,2.6
0.16660000000000008,2.57
0.16670000000000007,2.56
0.16680000000000006,2.5500000000000003
0.16690000000000005,2.5500000000000003
0.16700000000000004,2.5500000000000003
0.16710000000000003,2.54
0.16720000000000002,2.52
0.1673,2.5300000000000002
0.1674,2.54
0.16749999999999998,2.52
0.16760000000000008,2.5300000000000002
0.16770000000000007,2.52
0.16780000000000006,2.49
0.16790000000000005,2.32
0.16800000000000004,2.19
0.16810000000000003,2.05
0.16820000000000002,1.99
0.1683,1.8900000000000001
0.1684,1.84
0.16849999999999998,1.8
0.16860000000000008,1.77
0.16870000000000007,1.73
0.16880000000000006,1.71
0.16890000000000005,1.69
0.16900000000000004,1.6500000000000001
0.16910000000000003,1.6600000000000001
0.16920000000000002,1.62
0.1693,1.6400000000000001
0.1694,1.61
0.16949999999999998,1.59
0.16960000000000008,1.61
0.16970000000000007,1.6
0.16980000000000006,1.6
0.16990000000000005,1.61
0.17000000000000004,1.59
0.17010000000000003,1.6
0.17020000000000002,1.59
0.1703,1.61
0.1704,1.61
0.17049999999999998,1.58
0.17060000000000008,1.6
0.17070000000000007,1.6
0.17080000000000006,1.59
0.17090000000000005,1.6
0.17100000000000004,1.59
0.17110000000000003,1.59
0.17120000000000002,1.6
0.1713,1.58
0.1714,1.6
0.17149999999999999,1.58
0.17160000000000009,1.6
0.17170000000000007,1.6
0.17180000000000006,1.59
0.17190000000000005,1.28
0.17200000000000004,1.07
0.17210000000000003,0.87
0.17220000000000002,0.73
0.1723,0.62
0.1724,0.5
0.1725,0.43
0.1726000000000001,0.38
0.17270000000000008,0.32
0.17280000000000006,0.27
0.17290000000000005,0.23
0.17300000000000004,0.2
0.17310000000000003,0.19
0.17320000000000002,0.17
0.1733,0.15
0.1734,0.14
0.1735,0.14
0.1736000000000001,0.13
0.17370000000000008,0.11
0.17380000000000007,0.11
0.17390000000000005,0.44
0.17400000000000004,0.68
0.17410000000000003,0.87
0.17420000000000002,1.02
0.1743,1.1500000000000001
0.1744,1.24
0.1745,1.33
0.17459999999999998,1.3800000000000001
0.17470000000000008,1.45
0.17480000000000007,1.49
0.17490000000000006,1.52
0.17500000000000004,1.56
0.17510000000000003,1.58
0.17520000000000002,1.61
0.1753,1.62
0.1754,1.6300000000000001
0.1755,1.6400000000000001
0.17559999999999998,1.6400000000000001
0.17570000000000008,1.6500000000000001
0.17580000000000007,1.6600000000000001
0.17590000000000006,1.73
0.17600000000000005,1.73
0.17610000000000003,1.74
0.17620000000000002,1.76
0.1763,1.8
0.1764,1.79
0.1765,1.81
0.17659999999999998,1.8
0.17670000000000008,1.83
0.17680000000000007,1.82
0.17690000000000006,1.82
0.17700000000000005,1.82
0.17710000000000004,1.82
0.17720000000000002,1.82
0.1773,1.84
0.1774,1.84
0.1775,1.85
0.17759999999999998,1.82
0.17770000000000008,1.84
0.17780000000000007,1.84
0.17790000000000006,2.05
0.17800000000000005,2.2600000000000002
0.17810000000000004,2.42
0.17820000000000003,2.54
0.17830000000000001,2.65
0.1784,2.72
0.1785,2.79
0.17859999999999998,2.84
0.17870000000000008,2.91
0.17880000000000007,2.93
0.17890000000000006,2.97
0.17900000000000005,2.98
0.17910000000000004,3.0100000000000002
0.17920000000000003,3.0100000000000002
0.17930000000000001,3.02
0.1794,3.0300000000000002
0.1795,3.0500000000000003
0.17959999999999998,3.0700000000000003
0.17970000000000008,3.08
0.17980000000000007,3.09
0.17990000000000006,2.84
0.18000000000000005,2.6
0.18010000000000004,2.38
0.18020000000000003,2.23
0.18030000000000002,2.11
0.1804,2.0100000000000002
0.1805,1.92
0.18059999999999998,1.84
0.18070000000000008,1.8
0.18080000000000007,1.75
0.18090000000000006,1.7
0.18100000000000005,1.68
0.18110000000000004,1.67
0.18120000000000003,1.6400000000000001
0.18130000000000002,1.62
0.1814,1.62
0.1815,1.61
0.18159999999999998,1.6
0.18170000000000008,1.58
0.18180000000000007,1.57
0.18190000000000006,1.58
0.18200000000000005,1.58
0.18210000000000004,1.56
0.18220000000000003,1.55
0.18230000000000002,1.56
0.1824,1.55
0.1825,1.55
0.18259999999999998,1.56
0.18270000000000008,1.56
0.18280000000000007,1.55
0.18290000000000006,1.54
0.18300000000000005,1.53
0.18310000000000004,1.56
0.18320000000000003,1.55
0.18330000000000002,1.55
0.1834,1.55
0.1835,1.55
0.18359999999999999,1.55
0.18370000000000009,1.56
0.18380000000000007,1.55
0.18390000000000006,1.43
0.18400000000000005,1.28
0.18410000000000004,1.16
0.18420000000000003,1.08
0.18430000000000002,1.02
0.1844,0.9500000000000001
0.1845,0.89
0.1846,0.85
0.1847000000000001,0.85
0.18480000000000008,0.81
0.18490000000000006,0.78
0.18500000000000005,0.78
0.18510000000000004,0.74
0.18520000000000003,0.74
0.18530000000000002,0.72
0.1854,0.73
0.1855,0.73
0.1856,0.7000000000000001
0.1857000000000001,0.71
0.18580000000000008,0.71
0.18590000000000007,0.88
0.18600000000000005,1.04
0.18610000000000004,1.19
0.18620000000000003,1.29
0.18630000000000002,1.37
0.1864,1.45
0.1865,1.5
0.1866,1.55
0.1867000000000001,1.58
0.18680000000000008,1.62
0.18690000000000007,1.6400000000000001
0.18700000000000006,1.6600000000000001
0.18710000000000004,1.6600000000000001
0.18720000000000003,1.69
0.18730000000000002,1.71
0.1874,1.72
0.1875,1.74
0.1876,1.73
0.18769999999999998,1.75
0.18780000000000008,1.75
0.18790000000000007,1.59
0.18800000000000006,1.41
0.18810000000000004,1.25
0.18820000000000003,1.1300000000000001
0.18830000000000002,1.02
0.1884,0.96
0.1885,0.89
0.1886,0.84
0.18869999999999998,0.8
0.18880000000000008,0.77
0.18890000000000007,0.74
0.18900000000000006,0.71
0.18910000000000005,0.6900000000000001
0.18920000000000003,0.68
0.18930000000000002,0.66
0.1894,0.67
0.1895,0.64
0.1896,0.65
0.18969999999999998,0.65
0.18980000000000008,0.62
0.18990000000000007,0.58
0.19000000000000006,0.48
0.19010000000000005,0.41000000000000003
0.19020000000000004,0.35000000000000003
0.19030000000000002,0.3
0.1904,0.29
0.1905,0.24
0.1906,0.23
0.19069999999999998,0.21
0.19080000000000008,0.19
0.19090000000000007,0.18
0.19100000000000006,0.17
0.19110000000000005,0.16
0.19120000000000004,0.15
0.19130000000000003,0.13
0.19140000000000001,0.15
0.1915,0.15
0.1916,0.14
0.19169999999999998,0.13
0.19180000000000008,0.13
0.19190000000000007,0.29
0.19200000000000006,0.54
0.19210000000000005,0.72
0.19220000000000004,0.87
0.19230000000000003,1.02
0.19240000000000002,1.11
0.1925,1.19
0.1926,1.25
0.19269999999999998,1.31
0.19280000000000008,1.35
0.19290000000000007,1.3900000000000001
0.19300000000000006,1.43
0.19310000000000005,1.45
0.19320000000000004,1.47
0.19330000000000003,1.48
0.19340000000000002,1.51
0.1935,1.5
0.1936,1.53
0.19369999999999998,1.51
0.19380000000000008,1.53
0.19390000000000007,1.62
0.19400000000000006,1.71
0.19410000000000005,1.8
0.19420000000000004,1.87
0.19430000000000003,1.92
0.19440000000000002,1.95
0.1945,1.99
0.1946,2.0300000000000002
0.19469999999999998,2.04
0.19480000000000008,2.07
0.19490000000000007,2.06
0.19500000000000006,2.06
0.19510000000000005,2.1
0.19520000000000004,2.09
0.19530000000000003,2.11
0.19540000000000002,2.11
0.1955,2.12
0.1956,2.14
0.19569999999999999,2.11
0.19580000000000009,2.13
0.19590000000000007,2.02
0.19600000000000006,1.8900000000000001
0.19610000000000005,1.76
0.19620000000000004,1.67
0.19630000000000003,1.6
0.19640000000000002,1.53
0.1965,1.49
0.1966,1.45
0.19669999999999999,1.42
0.19680000000000009,1.3900000000000001
0.19690000000000007,1.36
0.19700000000000006,1.34
0.19710000000000005,1.33
0.19720000000000004,1.33
0.19730000000000003,1.33
0.19740000000000002,1.32
0.1975,1.3
0.1976,1.3
0.1977,1.28
0.1978000000000001,1.29
0.19790000000000008,1.43
0.19800000000000006,1.73
0.19810000000000005,1.95
0.19820000000000004,2.15
0.19830000000000003,2.3000000000000003
0.19840000000000002,2.41
0.1985,2.5100000000000002
0.1986,2.56
0.1987,2.64
0.1988000000000001,2.69
0.19890000000000008,2.73
0.19900000000000007,2.7800000000000002
0.19910000000000005,2.8000000000000003
0.19920000000000004,2.81
0.19930000000000003,2.84
0.19940000000000002,2.86
0.1995,2.87
0.1996,2.88
0.1997,2.89
0.1998000000000001,2.91
0.19990000000000008,2.89
0.20000000000000007,2.87
0.20010000000000006,2.84
0.20020000000000004,2.82
0.20030000000000003,2.83
0.20040000000000002,2.8000000000000003
0.2005,2.82
0.2006,2.8000000000000003
0.2007,2.77
0.20079999999999998,2.79
0.20090000000000008,2.77
0.20100000000000007,2.77
0.20110000000000006,2.79
0.20120000000000005,2.7800000000000002
0.20130000000000003,2.7800000000000002
0.20140000000000002,2.77
0.2015,2.77
0.2016,2.7600000000000002
0.2017,2.7800000000000002
0.20179999999999998,2.7600000000000002
0.20190000000000008,2.57
0.20200000000000007,2.08
0.20210000000000006,1.71
0.20220000000000005,1.43
0.20230000000000004,1.18
0.20240000000000002,0.99
0.2025,0.8200000000000001
0.2026,0.7000000000000001
0.2027,0.58
0.20279999999999998,0.5
0.20290000000000008,0.46
0.20300000000000007,0.38
0.20310000000000006,0.35000000000000003
0.20320000000000005,0.3
0.20330000000000004,0.26
0.20340000000000003,0.25
0.20350000000000001,0.23
0.2036,0.21
0.2037,0.19
0.20379999999999998,0.18
0.20390000000000008,0.27
0.20400000000000007,0.54
0.20410000000000006,0.78
0.20420000000000005,0.98
0.20430000000000004,1.1
0.20440000000000003,1.24
0.20450000000000002,1.33
0.2046,1.4000000000000001
0.2047,1.47
0.20479999999999998,1.52
0.20490000000000008,1.57
0.20500000000000007,1.61
0.20510000000000006,1.62
0.20520000000000005,1.6600000000000001
0.20530000000000004,1.68
0.20540000000000003,1.68
0.20550000000000002,1.71
0.2056,1.71
0.2057,1.73
0.20579999999999998,1.74
0.20590000000000008,1.78
0.20600000000000007,1.95
0.20610000000000006,2.08
0.20620000000000005,2.18
0.20630000000000004,2.27
0.20640000000000003,2.33
0.20650000000000002,2.39
0.2066,2.42
0.2067,2.49
0.20679999999999998,2.5
0.20690000000000008,2.52
0.20700000000000007,2.54
0.20710000000000006,2.56
0.20720000000000005,2.58
0.20730000000000004,2.58
0.20740000000000003,2.6
0.20750000000000002,2.6
0.2076,2.61
0.2077,2.61
0.20779999999999998,2.63
0.20790000000000008,2.62
0.20800000000000007,2.6
0.20810000000000006,2.6
0.20820000000000005,2.59
0.20830000000000004,2.57
0.20840000000000003,2.5500000000000003
0.20850000000000002,2.57
0.2086,2.56
0.2087,2.56
0.20879999999999999,2.54
0.20890000000000009,2.56
0.20900000000000007,2.5500000000000003
0.20910000000000006,2.5500000000000003
0.20920000000000005,2.54
0.20930000000000004,2.54
0.20940000000000003,2.56
0.20950000000000002,2.56
0.2096,2.5500000000000003
0.2097,2.5300000000000002
0.2098,2.54
0.2099000000000001,2.5
0.21000000000000008,2.34
0.21010000000000006,2.23
0.21020000000000005,2.12
0.21030000000000004,2.04
0.21040000000000003,1.98
0.21050000000000002,1.92
0.2106,1.87
0.2107,1.84
0.2108,1.84
0.2109000000000001,1.78
0.21100000000000008,1.78
0.21110000000000007,1.75
0.21120000000000005,1.75
0.21130000000000004,1.72
0.21140000000000003,1.73
0.21150000000000002,1.71
0.2116,1.72
0.2117,1.71
0.2118,1.7
0.2119000000000001,1.72
0.21200000000000008,1.92
0.21210000000000007,2.08
0.21220000000000006,2.18
0.21230000000000004,2.27
0.21240000000000003,2.36
0.21250000000000002,2.42
0.2126,2.47
0.2127,2.52
0.2128,2.56
0.2129000000000001,2.57
0.21300000000000008,2.61
0.21310000000000007,2.63
0.21320000000000006,2.64
0.21330000000000005,2.64
0.21340000000000003,2.66
0.21350000000000002,2.66
0.2136,2.69
0.2137,2.68
0.2138,2.69
0.21389999999999998,2.7
0.21400000000000008,2.7
0.21410000000000007,2.67
0.21420000000000006,2.66
0.21430000000000005,2.66
0.21440000000000003,2.66
0.21450000000000002,2.64
0.2146,2.64
0.2147,2.64
0.2148,2.64
0.21489999999999998,2.64
0.21500000000000008,2.64
0.21510000000000007,2.64
0.21520000000000006,2.64
0.21530000000000005,2.64
0.21540000000000004,2.64
0.21550000000000002,2.64
0.2156,2.64
0.2157,2.64
0.2158,2.63
0.21589999999999998,2.63
0.21600000000000008,2.2
0.21610000000000007,1.86
0.21620000000000006,1.57
0.21630000000000005,1.37
0.21640000000000004,1.19
0.21650000000000003,1.05
0.21660000000000001,0.93
0.2167,0.81
0.2168,0.75
0.21689999999999998,0.67
0.21700000000000008,0.63
0.21710000000000007,0.5700000000000001
0.21720000000000006,0.55
0.21730000000000005,0.52
0.21740000000000004,0.48
0.21750000000000003,0.47000000000000003
0.21760000000000002,0.45
0.2177,0.44
0.2178,0.44
0.21789999999999998,0.42
0.21800000000000008,0.54
0.21810000000000007,0.61
0.21820000000000006,0.71
0.21830000000000005,0.74
0.21840000000000004,0.79
0.21850000000000003,0.81
0.21860000000000002,0.84
0.2187,0.86
0.2188,0.9
0.21889999999999998,0.9
0.21900000000000008,0.91
0.21910000000000007,0.92
0.21920000000000006,0.9500000000000001
0.21930000000000005,0.9400000000000001
0.21940000000000004,0.9500000000000001
0.21950000000000003,0.9500000000000001
0.21960000000000002,0.9500000000000001
0.2197,0.97
0.2198,0.97
0.21989999999999998,0.97
0.22000000000000008,0.96
0.22010000000000007,0.93
0.22020000000000006,0.91
0.22030000000000005,0.89
0.22040000000000004,0.88
0.22050000000000003,0.85
0.22060000000000002,0.87
0.2207,0.87
0.2208,0.86
0.22089999999999999,0.85
0.22100000000000009,0.86
0.22110000000000007,0.85
0.22120000000000006,0.85
0.22130000000000005,0.84
0.22140000000000004,0.8200000000000001
0.22150000000000003,0.85
0.22160000000000002,0.8300000000000001
0.2217,0.8200000000000001
0.2218,0.84
0.2219,0.8300000000000001
0.2220000000000001,0.78
0.22210000000000008,0.74
0.22220000000000006,0.6900000000000001
0.22230000000000005,0.65
0.22240000000000004,0.62
0.22250000000000003,0.62
0.22260000000000002,0.61
0.2227,0.59
0.2228,0.5700000000000001
0.2229,0.58
0.2230000000000001,0.56
0.22310000000000008,0.56
0.22320000000000007,0.54
0.22330000000000005,0.54
0.22340000000000004,0.55
0.22350000000000003,0.53
0.22360000000000002,0.54
0.2237,0.53
0.2238,0.53
0.2239,0.52
0.2240000000000001,0.78
0.22410000000000008,1.04
0.22420000000000007,1.23
0.22430000000000005,1.41
0.22440000000000004,1.54
0.22450000000000003,1.6400000000000001
0.22460000000000002,1.72
0.2247,1.78
0.2248,1.84
0.2249,1.87
0.2250000000000001,1.9000000000000001
0.22510000000000008,1.95
0.22520000000000007,1.96
0.22530000000000006,1.99
0.22540000000000004,2.0
0.22550000000000003,2.02
0.22560000000000002,2.0100000000000002
0.2257,2.05
0.2258,2.05
0.2259,2.05
0.2260000000000001,1.95
0.22610000000000008,1.84
0.22620000000000007,1.72
0.22630000000000006,1.6600000000000001
0.22640000000000005,1.62
0.22650000000000003,1.55
0.22660000000000002,1.55
0.2267,1.49
0.2268,1.46
0.2269,1.43
0.22699999999999998,1.43
0.22710000000000008,1.41
0.22720000000000007,1.42
0.22730000000000006,1.4000000000000001
0.22740000000000005,1.3800000000000001
0.22750000000000004,1.3800000000000001
0.22760000000000002,1.3900000000000001
0.2277,1.3800000000000001
0.2278,1.37
0.2279,1.37
0.22799999999999998,1.52
0.22810000000000008,1.68
0.22820000000000007,1.8
0.22830000000000006,1.9000000000000001
0.22840000000000005,1.98
0.22850000000000004,2.04
0.22860000000000003,2.09
0.22870000000000001,2.12
0.2288,2.16
0.2289,2.2
0.22899999999999998,2.22
0.22910000000000008,2.24
0.22920000000000007,2.25
0.22930000000000006,2.2800000000000002
0.22940000000000005,2.2800000000000002
0.22950000000000004,2.3000000000000003
0.22960000000000003,2.3000000000000003
0.22970000000000002,2.31
0.2298,2.3000000000000003
0.2299,2.32
0.22999999999999998,2.04
0.23010000000000008,1.7
0.23020000000000007,1.41
0.23030000000000006,1.21
0.23040000000000005,0.99
0.23050000000000004,0.86
0.23060000000000003,0.76
0.23070000000000002,0.64
0.2308,0.5700000000000001
0.2309,0.51
0.23099999999999998,0.46
0.23110000000000008,0.42
0.23120000000000007,0.38
0.23130000000000006,0.36
0.23140000000000005,0.31
0.23150000000000004,0.31
0.23160000000000003,0.27
0.23170000000000002,0.29
0.2318,0.26
0.2319,0.26
0.23199999999999998,0.33
0.23210000000000008,0.41000000000000003
0.23220000000000007,0.48
0.23230000000000006,0.52
0.23240000000000005,0.58
0.23250000000000004,0.62
0.23260000000000003,0.64
0.23270000000000002,0.68
0.2328,0.68
0.2329,0.7000000000000001
0.23299999999999998,0.71
0.23310000000000008,0.72
0.23320000000000007,0.72
0.23330000000000006,0.74
0.23340000000000005,0.74
0.23350000000000004,0.74
0.23360000000000003,0.76
0.23370000000000002,0.74
0.2338,0.75
0.2339,0.76
0.23399999999999999,0.79
0.23410000000000009,0.84
0.23420000000000007,0.89
0.23430000000000006,0.91
0.23440000000000005,0.92
0.23450000000000004,0.9400000000000001
0.23460000000000003,0.9500000000000001
0.23470000000000002,0.99
0.2348,0.98
0.2349,1.01
0.235,1.0
0.2351000000000001,1.01
0.23520000000000008,1.01
0.23530000000000006,1.01
0.23540000000000005,1.02
0.23550000000000004,1.03
0.23560000000000003,1.03
0.23570000000000002,1.02
0.2358,1.02
0.2359,1.03
0.236,1.1
0.2361000000000001,1.23
0.23620000000000008,1.35
0.23630000000000007,1.42
0.23640000000000005,1.48
0.23650000000000004,1.55
0.23660000000000003,1.6
0.23670000000000002,1.61
0.2368,1.6600000000000001
0.2369,1.68
0.237,1.69
0.2371000000000001,1.7
0.23720000000000008,1.72
0.23730000000000007,1.74
0.23740000000000006,1.74
0.23750000000000004,1.76
0.23760000000000003,1.75
0.23770000000000002,1.76
0.2378,1.77
0.2379,1.78
0.238,1.84
0.2381000000000001,1.98
0.23820000000000008,2.09
0.23830000000000007,2.16
0.23840000000000006,2.24
0.23850000000000005,2.27
0.23860000000000003,2.34
0.23870000000000002,2.37
0.2388,2.39
0.2389,2.42
0.239,2.43
0.2391000000000001,2.46
0.23920000000000008,2.46
0.23930000000000007,2.48
0.23940000000000006,2.49
0.23950000000000005,2.49
0.23960000000000004,2.49
0.23970000000000002,2.49
0.2398,2.5
0.2399,2.5100000000000002
0.24,2.37
0.24009999999999998,2.1
0.24020000000000008,1.8900000000000001
0.24030000000000007,1.71
0.24040000000000006,1.58
0.24050000000000005,1.47
0.24060000000000004,1.3800000000000001
0.24070000000000003,1.3
0.24080000000000001,1.24
0.2409,1.21
0.241,1.16
0.24109999999999998,1.12
0.24120000000000008,1.11
0.24130000000000007,1.08
0.24140000000000006,1.06
0.24150000000000005,1.04
0.24160000000000004,1.04
0.24170000000000003,1.04
0.24180000000000001,1.02
0.2419,1.01
0.242,1.09
0.24209999999999998,1.28
0.24220000000000008,1.41
0.24230000000000007,1.52
0.24240000000000006,1.61
0.24250000000000005,1.71
0.24260000000000004,1.77
0.24270000000000003,1.8
0.24280000000000002,1.84
0.2429,1.87
0.243,1.8800000000000001
0.24309999999999998,1.92
0.24320000000000008,1.94
0.24330000000000007,1.94
0.24340000000000006,1.98
0.24350000000000005,1.99
0.24360000000000004,1.99
0.24370000000000003,1.98
0.24380000000000002,2.0100000000000002
0.2439,1.98
0.244,1.98
0.24409999999999998,1.96
0.24420000000000008,1.93
0.24430000000000007,1.9100000000000001
0.24440000000000006,1.87
0.24450000000000005,1.86
0.24460000000000004,1.86
0.24470000000000003,1.85
0.24480000000000002,1.84
0.2449,1.84
0.245,1.84
0.24509999999999998,1.81
0.24520000000000008,1.8
0.24530000000000007,1.82
0.24540000000000006,1.8
0.24550000000000005,1.8
0.24560000000000004,1.79
0.24570000000000003,1.79
0.24580000000000002,1.8
0.2459,1.8
0.246,1.84
0.24609999999999999,1.99
0.24620000000000009,2.1
0.24630000000000007,2.21
0.24640000000000006,2.3000000000000003
0.24650000000000005,2.35
0.24660000000000004,2.39
0.24670000000000003,2.43
0.24680000000000002,2.47
0.2469,2.48
0.247,2.5
0.2471,2.54
0.2472000000000001,2.56
0.24730000000000008,2.5500000000000003
0.24740000000000006,2.56
0.24750000000000005,2.58
0.24760000000000004,2.57
0.24770000000000003,2.57
0.24780000000000002,2.59
0.2479,2.6
0.248,2.54
0.2481,2.3000000000000003
0.2482000000000001,2.11
0.24830000000000008,1.95
0.24840000000000007,1.84
0.24850000000000005,1.74
0.24860000000000004,1.68
0.24870000000000003,1.59
0.24880000000000002,1.54
0.2489,1.53
0.249,1.48
0.2491,1.44
0.2492000000000001,1.43
0.24930000000000008,1.41
0.24940000000000007,1.4000000000000001
0.24950000000000006,1.3800000000000001
0.24960000000000004,1.36
0.24970000000000003,1.36
0.24980000000000002,1.35
0.2499,1.34
0.25,1.34
0.2501,1.43
0.2502000000000001,1.46
0.2503000000000001,1.53
0.25040000000000007,1.55
0.25050000000000006,1.59
0.25060000000000004,1.62
0.25070000000000003,1.6300000000000001
0.2508,1.6500000000000001
0.2509,1.68
0.251,1.68
0.2511,1.68
0.2512000000000001,1.68
0.2513000000000001,1.68
0.25140000000000007,1.69
0.25150000000000006,1.71
0.25160000000000005,1.71
0.25170000000000003,1.72
0.2518,1.72
0.2519,1.72
0.252,1.71
0.2521,1.56
0.2522000000000001,1.44
0.2523000000000001,1.33
0.25240000000000007,1.26
0.25250000000000006,1.2
0.25260000000000005,1.1400000000000001
0.25270000000000004,1.1
0.2528,1.08
0.2529,1.03
0.253,1.02
0.2531,1.0
0.2532,0.99
0.2533000000000001,0.97
0.25340000000000007,0.96
0.25350000000000006,0.9400000000000001
0.25360000000000005,0.9400000000000001
0.25370000000000004,0.9400000000000001
0.2538,0.92
0.2539,0.91
0.254,0.93
0.2541,0.9500000000000001
0.2542,1.0
0.2543000000000001,1.01
0.25440000000000007,1.03
0.25450000000000006,1.03
0.25460000000000005,1.05
0.25470000000000004,1.05
0.2548,1.06
0.2549,1.08
0.255,1.08
0.2551,1.07
0.2552,1.09
0.2553000000000001,1.09
0.25540000000000007,1.08
0.25550000000000006,1.09
0.25560000000000005,1.11
0.25570000000000004,1.08
0.2558,1.11
0.2559,1.1
0.256,1.1
0.2561,1.1500000000000001
0.2562,1.19
0.2563000000000001,1.23
0.2564000000000001,1.26
0.25650000000000006,1.29
0.25660000000000005,1.3
0.25670000000000004,1.31
0.25680000000000003,1.33
0.2569,1.33
0.257,1.35
0.2571,1.37
0.2572,1.37
0.2573000000000001,1.3800000000000001
0.2574000000000001,1.36
0.25750000000000006,1.35
0.25760000000000005,1.36
0.25770000000000004,1.37
0.25780000000000003,1.36
0.2579,1.37
0.258,1.37
0.2581,1.3800000000000001
0.2582,1.4000000000000001
0.2583000000000001,1.3800000000000001
0.2584000000000001,1.3900000000000001
0.25850000000000006,1.3900000000000001
0.25860000000000005,1.41
0.25870000000000004,1.4000000000000001
0.25880000000000003,1.41
0.2589,1.41
0.259,1.41
0.2591,1.41
0.2592,1.41
0.2593000000000001,1.41
0.2594000000000001,1.41
0.25950000000000006,1.41
0.25960000000000005,1.41
0.25970000000000004,1.41
0.25980000000000003,1.41
0.2599,1.43
0.26,1.43
0.2601,1.3
0.2602,1.21
0.2603000000000001,1.1300000000000001
0.2604000000000001,1.07
0.26050000000000006,0.99
0.26060000000000005,0.96
0.26070000000000004,0.9400000000000001
0.26080000000000003,0.9
0.2609,0.88
0.261,0.84
0.2611,0.85
0.2612,0.8300000000000001
0.2613000000000001,0.8200000000000001
0.2614000000000001,0.8200000000000001
0.26150000000000007,0.79
0.26160000000000005,0.79
0.26170000000000004,0.8
0.26180000000000003,0.79
0.2619,0.79
0.262,0.77
0.2621,0.67
0.2622,0.5700000000000001
0.2623000000000001,0.51
0.2624000000000001,0.42
0.26250000000000007,0.4
0.26260000000000006,0.33
0.26270000000000004,0.29
0.26280000000000003,0.27
0.2629,0.24
0.263,0.22
0.2631,0.21
0.2632,0.21
0.2633000000000001,0.17
0.2634000000000001,0.17
0.26350000000000007,0.16
0.26360000000000006,0.15
0.26370000000000005,0.15
0.26380000000000003,0.16
0.2639,0.15
0.264,0.14
0.2641,0.39
0.2642,0.64
0.2643000000000001,0.8300000000000001
0.2644000000000001,1.01
0.26450000000000007,1.1400000000000001
0.26460000000000006,1.24
0.26470000000000005,1.33
0.26480000000000004,1.4000000000000001
0.2649,1.46
0.265,1.49
0.2651,1.53
0.2652,1.58
0.2653000000000001,1.6
0.2654000000000001,1.61
0.26550000000000007,1.6500000000000001
0.26560000000000006,1.6400000000000001
0.26570000000000005,1.68
0.26580000000000004,1.68
0.2659,1.67
0.266,1.69
0.2661,1.8
0.2662,1.92
0.2663000000000001,2.0
0.2664000000000001,2.06
0.26650000000000007,2.12
0.26660000000000006,2.15
0.26670000000000005,2.19
0.26680000000000004,2.21
0.2669,2.24
0.267,2.2800000000000002
0.2671,2.3000000000000003
0.2672,2.3000000000000003
0.2673,2.31
0.2674000000000001,2.31
0.26750000000000007,2.33
0.26760000000000006,2.33
0.26770000000000005,2.33
0.26780000000000004,2.34
0.2679,2.34
0.268,2.34
0.2681,2.18
0.2682,1.96
0.2683,1.8
0.2684000000000001,1.67
0.26850000000000007,1.56
0.26860000000000006,1.48
0.26870000000000005,1.42
0.26880000000000004,1.36
0.26890000000000003,1.3
0.269,1.28
0.2691,1.25
0.2692,1.21
0.2693,1.21
0.2694000000000001,1.18
0.2695000000000001,1.17
0.26960000000000006,1.1400000000000001
0.26970000000000005,1.1400000000000001
0.26980000000000004,1.1500000000000001
0.26990000000000003,1.12
0.27,1.11
0.2701,1.31
0.2702,1.52
0.2703,1.71
0.2704000000000001,1.86
0.2705000000000001,1.97
0.27060000000000006,2.05
0.27070000000000005,2.14
0.27080000000000004,2.21
0.27090000000000003,2.24
0.271,2.3000000000000003
0.2711,2.33
0.2712,2.36
0.2713,2.37
0.2714000000000001,2.38
0.2715000000000001,2.39
0.27160000000000006,2.42
0.27170000000000005,2.43
0.27180000000000004,2.46
0.27190000000000003,2.44
0.272,2.45
0.2721,2.46
0.2722,2.48
0.2723,2.48
0.2724000000000001,2.49
0.2725000000000001,2.52
0.27260000000000006,2.5100000000000002
0.27270000000000005,2.5300000000000002
0.27280000000000004,2.5300000000000002
0.27290000000000003,2.5300000000000002
0.273,2.5500000000000003
0.2731,2.54
0.2732,2.5500000000000003
0.2733,2.54
0.2734000000000001,2.56
0.2735000000000001,2.56
0.27360000000000007,2.5500000000000003
0.27370000000000005,2.56
0.27380000000000004,2.56
0.27390000000000003,2.56
0.274,2.56
0.2741,2.57
0.2742,2.58
0.2743,2.64
0.2744000000000001,2.63
0.2745000000000001,2.66
0.27460000000000007,2.65
0.27470000000000006,2.66
0.27480000000000004,2.68
0.27490000000000003,2.67
0.275,2.69
0.2751,2.69
0.2752,2.69
0.2753,2.68
0.2754000000000001,2.7
0.2755000000000001,2.7
0.27560000000000007,2.71
0.27570000000000006,2.71
0.27580000000000005,2.7
0.27590000000000003,2.71
0.276,2.72
0.2761,2.6
0.2762,2.46
0.2763,2.34
0.2764000000000001,2.2600000000000002
0.2765000000000001,2.18
0.27660000000000007,2.11
0.27670000000000006,2.08
0.27680000000000005,2.02
0.27690000000000003,2.0
0.277,1.98
0.2771,1.94
0.2772,1.93
0.2773,1.9100000000000001
0.2774000000000001,1.9100000000000001
0.2775000000000001,1.9000000000000001
0.27760000000000007,1.8800000000000001
0.27770000000000006,1.87
0.27780000000000005,1.86
0.27790000000000004,1.86
0.278,1.85
0.2781,1.94
0.2782,2.19
0.2783,2.37
0.2784000000000001,2.5100000000000002
0.2785000000000001,2.63
0.27860000000000007,2.73
0.27870000000000006,2.8000000000000003
0.27880000000000005,2.86
0.27890000000000004,2.91
0.279,2.97
0.2791,2.98
0.2792,3.02
0.2793,3.04
0.2794000000000001,3.04
0.2795000000000001,3.08
0.27960000000000007,3.08
0.27970000000000006,3.11
0.27980000000000005,3.1
0.27990000000000004,3.09
0.28,3.11
0.2801,2.94
0.2802,2.59
0.2803,2.3000000000000003
0.2804,2.05
0.2805000000000001,1.86
0.28060000000000007,1.72
0.28070000000000006,1.6
0.28080000000000005,1.49
0.28090000000000004,1.42
0.281,1.33
0.2811,1.28
0.2812,1.26
0.2813,1.19
0.2814,1.18
0.2815000000000001,1.16
0.2816000000000001,1.1300000000000001
0.28170000000000006,1.1300000000000001
0.28180000000000005,1.07
0.28190000000000004,1.09
0.28200000000000003,1.07
0.2821,1.19
0.2822,1.59
0.2823,1.87
0.2824,2.14
0.2825000000000001,2.31
0.2826000000000001,2.46
0.28270000000000006,2.6
0.28280000000000005,2.68
0.28290000000000004,2.7600000000000002
0.28300000000000003,2.82
0.2831,2.91
0.2832,2.94
0.2833,2.97
0.2834,3.0
0.2835000000000001,3.02
0.2836000000000001,3.0500000000000003
0.28370000000000006,3.0700000000000003
0.28380000000000005,3.0700000000000003
0.28390000000000004,3.08
0.28400000000000003,3.09
0.2841,3.09
0.2842,3.0300000000000002
0.2843,3.02
0.2844,2.97
0.2845000000000001,2.96
0.2846000000000001,2.93
0.28470000000000006,2.91
0.28480000000000005,2.91
0.28490000000000004,2.89
0.28500000000000003,2.89
0.2851,2.87
0.2852,2.86
0.2853,2.87
0.2854,2.87
0.2855000000000001,2.85
0.2856000000000001,2.86
0.28570000000000007,2.85
0.28580000000000005,2.85
0.28590000000000004,2.86
0.28600000000000003,2.84
0.2861,2.85
0.2862,2.87
0.2863,2.91
0.2864,2.91
0.2865000000000001,2.91
0.2866000000000001,2.93
0.28670000000000007,2.94
0.28680000000000005,2.94
0.28690000000000004,2.93
0.28700000000000003,2.95
0.2871,2.94
0.2872,2.93
0.2873,2.95
0.2874,2.94
0.2875000000000001,2.95
0.2876000000000001,2.94
0.28770000000000007,2.95
0.28780000000000006,2.95
0.28790000000000004,2.96
0.28800000000000003,2.96
0.2881,2.87
0.2882,2.46
0.2883,2.1
0.2884,1.85
0.2885000000000001,1.6300000000000001
0.2886000000000001,1.45
0.28870000000000007,1.33
0.28880000000000006,1.21
0.28890000000000005,1.1300000000000001
0.28900000000000003,1.04
0.2891,0.97
0.2892,0.92
0.2893,0.86
0.2894,0.85
0.2895000000000001,0.8200000000000001
0.2896000000000001,0.8
0.28970000000000007,0.78
0.28980000000000006,0.76
0.28990000000000005,0.76
0.29000000000000004,0.74
0.2901,0.73
0.2902,0.72
0.2903,0.6900000000000001
0.2904,0.68
0.2905000000000001,0.66
0.2906000000000001,0.65
0.29070000000000007,0.63
0.29080000000000006,0.64
0.29090000000000005,0.63
0.29100000000000004,0.62
0.2911,0.63
0.2912,0.62
0.2913,0.63
0.2914,0.61
0.2915000000000001,0.62
0.2916000000000001,0.61
0.29170000000000007,0.61
0.29180000000000006,0.61
0.29190000000000005,0.61
0.29200000000000004,0.61
0.2921,0.6
0.2922,0.92
0.2923,1.1400000000000001
0.2924,1.32
0.2925000000000001,1.45
0.2926000000000001,1.57
0.29270000000000007,1.6600000000000001
0.29280000000000006,1.73
0.29290000000000005,1.81
0.29300000000000004,1.84
0.2931,1.8800000000000001
0.2932,1.9100000000000001
0.2933,1.95
0.2934,1.97
0.2935,1.99
0.2936000000000001,2.0100000000000002
0.29370000000000007,2.02
0.29380000000000006,2.02
0.29390000000000005,2.0300000000000002
0.29400000000000004,2.0300000000000002
0.29410000000000003,2.04
0.2942,2.09
0.2943,2.14
0.2944,2.16
0.2945,2.18
0.2946000000000001,2.2
0.2947000000000001,2.22
0.29480000000000006,2.24
0.29490000000000005,2.25
0.29500000000000004,2.25
0.29510000000000003,2.2600000000000002
0.2952,2.2800000000000002
0.2953,2.2800000000000002
0.2954,2.2800000000000002
0.2955,2.2800000000000002
0.2956000000000001,2.27
0.2957000000000001,2.3000000000000003
0.29580000000000006,2.3000000000000003
0.29590000000000005,2.29
0.29600000000000004,2.3000000000000003
0.29610000000000003,2.3000000000000003
0.2962,2.27
0.2963,2.22
0.2964,2.2
0.2965,2.19
0.2966000000000001,2.17
0.2967000000000001,2.17
0.29680000000000006,2.16
0.29690000000000005,2.15
0.29700000000000004,2.12
0.29710000000000003,2.14
0.2972,2.12
0.2973,2.13
0.2974,2.11
0.2975,2.14
0.2976000000000001,2.12
0.2977000000000001,2.1
0.29780000000000006,2.11
0.29790000000000005,2.09
0.29800000000000004,2.12
0.29810000000000003,2.1
0.2982,2.08
0.2983,2.08
0.2984,2.06
0.2985,2.04
0.2986000000000001,2.0300000000000002
0.2987000000000001,2.02
0.29880000000000007,2.02
0.29890000000000005,2.0100000000000002
0.29900000000000004,1.99
0.29910000000000003,2.0100000000000002
0.2992,2.0
0.2993,1.98
0.2994,1.99
0.2995,2.0100000000000002
0.2996000000000001,1.99
0.2997000000000001,1.97
0.29980000000000007,1.99
0.29990000000000006,1.99
0.30000000000000004,1.98
0.30010000000000003,1.98
0.3002,1.83
0.3003,1.68
0.3004,1.54
0.3005,1.44
0.3006000000000001,1.36
0.3007000000000001,1.3
0.30080000000000007,1.23
0.30090000000000006,1.19
0.30100000000000005,1.1500000000000001
0.30110000000000003,1.1300000000000001
0.3012,1.11
0.3013,1.08
0.3014,1.07
0.3015,1.06
0.3016000000000001,1.06
0.3017000000000001,1.02
0.30180000000000007,1.03
0.30190000000000006,1.03
0.30200000000000005,1.04
0.30210000000000004,1.02
0.3022,1.36
0.3023,1.73
0.3024,1.99
0.3025,2.23
0.3026000000000001,2.39
0.3027000000000001,2.5500000000000003
0.30280000000000007,2.66
0.30290000000000006,2.7600000000000002
0.30300000000000005,2.85
0.30310000000000004,2.91
0.3032,2.96
0.3033,3.0
0.3034,3.0500000000000003
0.3035,3.0700000000000003
0.3036000000000001,3.08
0.3037000000000001,3.11
0.30380000000000007,3.12
0.30390000000000006,3.12
0.30400000000000005,3.15
0.30410000000000004,3.16
0.3042,3.13
0.3043,3.11
0.3044,3.0700000000000003
0.3045,3.0700000000000003
0.3046000000000001,3.04
0.3047000000000001,3.0300000000000002
0.30480000000000007,3.0100000000000002
0.30490000000000006,3.0
0.30500000000000005,2.99
0.30510000000000004,3.0
0.3052,2.99
0.3053,2.98
0.3054,2.98
0.3055,2.98
0.3056000000000001,2.97
0.3057000000000001,2.98
0.30580000000000007,2.96
0.30590000000000006,2.98
0.30600000000000005,2.95
0.30610000000000004,2.96
0.3062,2.6
0.3063,2.11
0.3064,1.77
0.3065,1.47
0.3066,1.24
0.3067000000000001,1.03
0.3068000000000001,0.89
0.30690000000000006,0.77
0.30700000000000005,0.66
0.30710000000000004,0.59
0.30720000000000003,0.51
0.3073,0.45
0.3074,0.4
0.3075,0.39
0.3076,0.33
0.3077000000000001,0.32
0.3078000000000001,0.29
0.30790000000000006,0.29
0.30800000000000005,0.26
0.30810000000000004,0.26
0.30820000000000003,0.21
0.3083,0.17
0.3084,0.15
0.3085,0.11
0.3086,0.11
0.3087000000000001,0.09
0.3088000000000001,0.1
0.30890000000000006,0.07
0.30900000000000005,0.06
0.30910000000000004,0.04
0.30920000000000003,0.03
0.3093,0.04
0.3094,0.03
0.3095,0.03
0.3096,0.02
0.3097000000000001,0.01
0.3098000000000001,0.03
0.30990000000000006,0.01
0.31000000000000005,0.02
0.31010000000000004,0.0
0.31020000000000003,0.27
0.3103,0.67
0.3104,0.99
0.3105,1.23
0.3106,1.42
0.3107000000000001,1.58
0.3108000000000001,1.71
0.31090000000000007,1.82
0.31100000000000005,1.9000000000000001
0.31110000000000004,1.98
0.31120000000000003,2.05
0.3113,2.09
0.3114,2.14
0.3115,2.16
0.3116,2.17
0.3117000000000001,2.2
0.3118000000000001,2.21
0.31190000000000007,2.24
0.31200000000000006,2.25
0.31210000000000004,2.2600000000000002
0.31220000000000003,2.12
0.3123,1.8800000000000001
0.3124,1.71
0.3125,1.54
0.3126,1.45
0.3127000000000001,1.37
0.3128000000000001,1.27
0.31290000000000007,1.2
0.31300000000000006,1.17
0.31310000000000004,1.12
0.31320000000000003,1.08
0.3133,1.05
0.3134,1.04
0.3135,1.03
0.3136,1.01
0.3137000000000001,0.99
0.3138000000000001,0.96
0.31390000000000007,0.99
0.31400000000000006,0.96
0.31410000000000005,0.96
0.31420000000000003,0.99
0.3143,1.01
0.3144,1.01
0.3145,1.04
0.3146,1.06
0.3147000000000001,1.08
0.3148000000000001,1.08
0.31490000000000007,1.09
0.31500000000000006,1.11
0.31510000000000005,1.1
0.31520000000000004,1.12
0.3153,1.11
0.3154,1.1300000000000001
0.3155,1.12
0.3156,1.12
0.3157000000000001,1.12
0.3158000000000001,1.1300000000000001
0.31590000000000007,1.1300000000000001
0.31600000000000006,1.11
0.31610000000000005,1.12
0.31620000000000004,1.08
0.3163,0.97
0.3164,0.91
0.3165,0.8300000000000001
0.3166,0.79
0.3167000000000001,0.74
0.3168000000000001,0.72
0.31690000000000007,0.6900000000000001
0.31700000000000006,0.64
0.31710000000000005,0.65
0.31720000000000004,0.64
0.3173,0.61
0.3174,0.6
0.3175,0.59
0.3176,0.6
0.3177000000000001,0.5700000000000001
0.3178000000000001,0.58
0.31790000000000007,0.58
0.31800000000000006,0.5700000000000001
0.31810000000000005,0.56
0.31820000000000004,0.63
0.3183,0.73
0.3184,0.8200000000000001
0.3185,0.9
0.3186,0.97
0.3187000000000001,1.03
0.3188000000000001,1.05
0.3189000000000001,1.09
0.31900000000000006,1.11
0.31910000000000005,1.1300000000000001
0.31920000000000004,1.17
0.31930000000000003,1.18
0.3194,1.18
0.3195,1.18
0.3196,1.2
0.3197,1.2
0.3198000000000001,1.21
0.3199000000000001,1.21
0.32000000000000006,1.22
0.32010000000000005,1.22
0.32020000000000004,1.1500000000000001
0.32030000000000003,0.9500000000000001
0.3204,0.8
0.3205,0.67
0.3206,0.5700000000000001
0.3207,0.49
0.3208000000000001,0.43
0.3209000000000001,0.38
0.32100000000000006,0.34
0.32110000000000005,0.3
0.32120000000000004,0.28
0.32130000000000003,0.25
0.3214,0.23
0.3215,0.2
0.3216,0.2
0.3217,0.18
0.3218000000000001,0.17
0.3219000000000001,0.17
0.32200000000000006,0.16
0.32210000000000005,0.17
0.32220000000000004,0.16
0.32230000000000003,0.16
0.3224,0.16
0.3225,0.15
0.3226,0.14
0.3227,0.14
0.3228000000000001,0.14
0.3229000000000001,0.13
0.32300000000000006,0.13
0.32310000000000005,0.13
0.32320000000000004,0.13
0.32330000000000003,0.15
0.3234,0.14
0.3235,0.13
0.3236,0.12
0.3237,0.13
0.3238000000000001,0.12
0.3239000000000001,0.13
0.32400000000000007,0.13
0.32410000000000005,0.12
0.32420000000000004,0.23
0.32430000000000003,0.6
0.3244,0.9
0.3245,1.1500000000000001
0.3246,1.35
0.3247,1.51
0.3248000000000001,1.62
0.3249000000000001,1.71
0.32500000000000007,1.79
0.32510000000000006,1.8800000000000001
0.32520000000000004,1.92
0.32530000000000003,1.97
0.3254,2.0100000000000002
0.3255,2.04
0.3256,2.05
0.3257,2.06
0.3258000000000001,2.1
0.3259000000000001,2.1
0.32600000000000007,2.14
0.32610000000000006,2.14
0.32620000000000005,2.14
0.32630000000000003,2.15
0.3264,2.12
0.3265,2.14
0.3266,2.12
0.3267,2.11
0.3268000000000001,2.11
0.3269000000000001,2.11
0.32700000000000007,2.14
0.32710000000000006,2.12
0.32720000000000005,2.1
0.32730000000000004,2.12
0.3274,2.1
0.3275,2.12
0.3276,2.11
0.3277,2.11
0.3278000000000001,2.12
0.3279000000000001,2.08
0.32800000000000007,2.1
0.32810000000000006,2.12
0.32820000000000005,2.15
0.32830000000000004,2.3000000000000003
0.3284,2.4
0.3285,2.49
0.3286,2.56
0.3287,2.61
0.3288000000000001,2.64
0.3289000000000001,2.68
0.32900000000000007,2.72
0.32910000000000006,2.72
0.32920000000000005,2.74
0.32930000000000004,2.7800000000000002
0.3294,2.7600000000000002
0.3295,2.79
0.3296,2.81
0.3297,2.81
0.3298000000000001,2.81
0.3299000000000001,2.82
0.33000000000000007,2.82
0.33010000000000006,2.82
0.33020000000000005,2.83
0.33030000000000004,2.47
0.3304,2.23
0.3305,2.0300000000000002
0.3306,1.86
0.3307,1.74
0.3308000000000001,1.6300000000000001
0.3309000000000001,1.55
0.33100000000000007,1.48
0.33110000000000006,1.43
0.33120000000000005,1.3900000000000001
0.33130000000000004,1.34
0.33140000000000003,1.29
0.3315,1.27
0.3316,1.29
0.3317,1.25
0.3318000000000001,1.24
0.3319000000000001,1.23
0.3320000000000001,1.23
0.33210000000000006,1.21
0.33220000000000005,1.21
0.33230000000000004,1.46
0.33240000000000003,1.6600000000000001
0.3325,1.82
0.3326,1.94
0.3327,2.04
0.3328,2.14
0.3329000000000001,2.19
0.3330000000000001,2.2
0.33310000000000006,2.3000000000000003
0.33320000000000005,2.34
0.33330000000000004,2.36
0.33340000000000003,2.38
0.3335,2.39
0.3336,2.4
0.3337,2.42
0.3338,2.43
0.3339000000000001,2.43
0.3340000000000001,2.46
0.33410000000000006,2.46
0.33420000000000005,2.46
0.33430000000000004,2.08
0.33440000000000003,1.77
0.3345,1.53
0.3346,1.33
0.3347,1.17
0.3348,1.03
0.3349000000000001,0.93
0.3350000000000001,0.86
0.33510000000000006,0.78
0.33520000000000005,0.71
0.33530000000000004,0.68
0.33540000000000003,0.63
0.3355,0.6
0.3356,0.5700000000000001
0.3357,0.56
0.3358,0.55
0.3359000000000001,0.52
0.3360000000000001,0.51
0.33610000000000007,0.51
0.33620000000000005,0.5
0.33630000000000004,0.79
0.33640000000000003,1.0
0.3365,1.25
0.3366,1.41
0.3367,1.53
0.3368,1.6500000000000001
0.3369000000000001,1.72
0.3370000000000001,1.78
0.33710000000000007,1.84
0.33720000000000006,1.8800000000000001
0.33730000000000004,1.9100000000000001
0.33740000000000003,1.95
0.3375,1.98
0.3376,2.0
0.3377,2.0100000000000002
0.3378,2.02
0.3379000000000001,2.04
0.3380000000000001,2.04
0.33810000000000007,2.05
0.33820000000000006,2.05
0.33830000000000005,2.05
0.33840000000000003,2.08
0.3385,2.08
0.3386,2.08
0.3387,2.08
0.3388,2.09
0.3389000000000001,2.08
0.3390000000000001,2.1
0.33910000000000007,2.09
0.33920000000000006,2.09
0.33930000000000005,2.09
0.33940000000000003,2.1
0.3395,2.1
0.3396,2.09
0.3397,2.1
0.3398,2.09
0.3399000000000001,2.1
0.3400000000000001,2.1
0.34010000000000007,2.08
0.34020000000000006,2.09
0.34030000000000005,2.3000000000000003
0.34040000000000004,2.46
0.3405,2.56
0.3406,2.63
0.3407,2.75
0.3408,2.79
0.3409000000000001,2.87
0.3410000000000001,2.91
0.34110000000000007,2.94
0.34120000000000006,2.95
0.34130000000000005,2.97
0.34140000000000004,3.0
0.3415,3.02
0.3416,3.0300000000000002
0.3417,3.04
0.3418,3.0700000000000003
0.3419000000000001,3.0700000000000003
0.3420000000000001,3.0500000000000003
0.34210000000000007,3.0700000000000003
0.34220000000000006,3.08
0.34230000000000005,3.0700000000000003
0.34240000000000004,3.0700000000000003
0.3425,3.0300000000000002
0.3426,3.0300000000000002
0.3427,3.02
0.3428,3.0100000000000002
0.3429000000000001,3.0
0.3430000000000001,3.0100000000000002
0.34310000000000007,3.0100000000000002
0.34320000000000006,2.99
0.34330000000000005,2.99
0.34340000000000004,2.99
0.3435,2.98
0.3436,2.99
0.3437,3.0
0.3438,3.0100000000000002
0.3439000000000001,3.0
0.3440000000000001,2.98
0.3441000000000001,2.99
0.34420000000000006,2.99
0.34430000000000005,2.64
0.34440000000000004,2.3000000000000003
0.34450000000000003,2.0300000000000002
0.3446,1.82
0.3447,1.6300000000000001
0.3448,1.48
0.3449000000000001,1.37
0.3450000000000001,1.27
0.3451000000000001,1.19
0.34520000000000006,1.11
0.34530000000000005,1.07
0.34540000000000004,1.04
0.34550000000000003,1.0
0.3456,0.9500000000000001
0.3457,0.9500000000000001
0.3458,0.92
0.3459,0.91
0.3460000000000001,0.89
0.3461000000000001,0.88
0.34620000000000006,0.88
0.34630000000000005,0.97
0.34640000000000004,1.08
0.34650000000000003,1.17
0.3466,1.26
0.3467,1.3
0.3468,1.35
0.3469,1.4000000000000001
0.3470000000000001,1.41
0.3471000000000001,1.45
0.34720000000000006,1.47
0.34730000000000005,1.49
0.34740000000000004,1.5
0.34750000000000003,1.5
0.3476,1.51
0.3477,1.53
0.3478,1.53
0.3479,1.53
0.3480000000000001,1.54
0.3481000000000001,1.53
0.34820000000000007,1.53
0.34830000000000005,1.6300000000000001
0.34840000000000004,1.69
0.34850000000000003,1.75
0.3486,1.81
0.3487,1.85
0.3488,1.8800000000000001
0.3489,1.9000000000000001
0.3490000000000001,1.94
0.3491000000000001,1.95
0.34920000000000007,1.94
0.34930000000000005,1.98
0.34940000000000004,1.99
0.34950000000000003,1.99
0.3496,1.99
0.3497,1.99
0.3498,1.98
0.3499,2.0100000000000002
0.3500000000000001,2.0100000000000002
0.3501000000000001,2.02
0.35020000000000007,2.02
0.35030000000000006,2.16
0.35040000000000004,2.34
0.35050000000000003,2.54
0.3506,2.65
0.3507,2.75
0.3508,2.83
0.3509,2.91
0.3510000000000001,2.96
0.3511000000000001,2.99
0.35120000000000007,2.99
0.35130000000000006,3.0700000000000003
0.35140000000000005,3.08
0.35150000000000003,3.1
0.3516,3.11
0.3517,3.13
0.3518,3.14
0.3519,3.15
0.3520000000000001,3.17
0.3521000000000001,3.17
0.35220000000000007,3.17
0.35230000000000006,3.12
0.35240000000000005,3.0700000000000003
0.35250000000000004,3.02
0.3526,3.0100000000000002
0.3527,2.98
0.3528,2.95
0.3529,2.95
0.3530000000000001,2.93
0.3531000000000001,2.92
0.35320000000000007,2.91
0.35330000000000006,2.91
0.35340000000000005,2.9
0.35350000000000004,2.89
0.3536,2.89
0.3537,2.89
0.3538,2.87
0.3539,2.88
0.3540000000000001,2.87
0.3541000000000001,2.89
0.35420000000000007,2.86
0.35430000000000006,2.71
0.35440000000000005,2.39
0.35450000000000004,2.12
0.3546,1.93
0.3547,1.78
0.3548,1.6400000000000001
0.3549,1.54
0.3550000000000001,1.45
0.3551000000000001,1.3800000000000001
0.35520000000000007,1.33
0.35530000000000006,1.26
0.35540000000000005,1.23
0.35550000000000004,1.2
0.3556,1.17
0.3557,1.17
0.3558,1.1400000000000001
0.3559,1.1300000000000001
0.3560000000000001,1.12
0.3561000000000001,1.11
0.35620000000000007,1.11
0.35630000000000006,0.99
0.35640000000000005,0.81
0.35650000000000004,0.66
0.35660000000000003,0.54
0.3567,0.46
0.3568,0.38
0.3569,0.31
0.3570000000000001,0.26
0.3571000000000001,0.22
0.3572000000000001,0.2
0.35730000000000006,0.15
0.35740000000000005,0.13
0.35750000000000004,0.11
0.35760000000000003,0.09
0.3577,0.09
0.3578,0.08
0.3579,0.06
0.3580000000000001,0.06
0.3581000000000001,0.05
0.3582000000000001,0.06
0.35830000000000006,0.21
0.35840000000000005,0.59
0.35850000000000004,0.91
0.35860000000000003,1.1500000000000001
0.3587,1.35
0.3588,1.5
0.3589,1.6300000000000001
0.359,1.74
0.3591000000000001,1.82
0.3592000000000001,1.9000000000000001
0.35930000000000006,1.93
0.35940000000000005,1.98
0.35950000000000004,2.02
0.35960000000000003,2.06
0.3597,2.09
0.3598,2.1
0.3599,2.11
0.36,2.13
0.3601000000000001,2.16
0.3602000000000001,2.14
0.36030000000000006,2.02
0.36040000000000005,1.72
0.36050000000000004,1.45
0.36060000000000003,1.27
0.3607,1.1
0.3608,0.99
0.3609,0.88
0.361,0.79
0.3611000000000001,0.73
0.3612000000000001,0.67
0.36130000000000007,0.62
0.36140000000000005,0.59
0.36150000000000004,0.5700000000000001
0.36160000000000003,0.53
0.3617,0.46
0.3618,0.51
0.3619,0.49
0.362,0.48
0.3621000000000001,0.47000000000000003
0.3622000000000001,0.45
0.36230000000000007,0.49
0.36240000000000006,0.71
0.36250000000000004,0.85
0.36260000000000003,0.96
0.3627,1.06
0.3628,1.1400000000000001
0.3629,1.2
0.363,1.27
0.3631000000000001,1.3
0.3632000000000001,1.34
0.36330000000000007,1.35
0.36340000000000006,1.3900000000000001
0.36350000000000005,1.4000000000000001
0.36360000000000003,1.42
0.3637,1.44
0.3638,1.45
0.3639,1.45
0.364,1.46
0.3641000000000001,1.46
0.3642000000000001,1.49
0.36430000000000007,1.54
0.36440000000000006,1.72
0.36450000000000005,1.8800000000000001
0.36460000000000004,1.98
0.3647,2.07
0.3648,2.15
0.3649,2.23
0.365,2.2600000000000002
0.3651000000000001,2.31
0.3652000000000001,2.35
0.36530000000000007,2.36
0.36540000000000006,2.4
0.36550000000000005,2.42
0.36560000000000004,2.43
0.3657,2.43
0.3658,2.44
0.3659,2.46
0.366,2.48
0.3661000000000001,2.47
0.3662000000000001,2.49
0.36630000000000007,2.48
0.36640000000000006,2.56
0.36650000000000005,2.63
0.36660000000000004,2.66
0.3667,2.72
0.3668,2.72
0.3669,2.7600000000000002
0.367,2.77
0.3671000000000001,2.79
0.3672000000000001,2.8000000000000003
0.36730000000000007,2.82
0.36740000000000006,2.81
0.36750000000000005,2.82
0.36760000000000004,2.84
0.3677,2.85
0.3678,2.85
0.3679,2.87
0.368,2.85
0.3681000000000001,2.87
0.3682000000000001,2.85
0.36830000000000007,2.82
0.36840000000000006,2.63
0.36850000000000005,2.47
0.36860000000000004,2.36
0.3687,2.27
0.3688,2.18
0.3689,2.14
0.369,2.06
0.3691000000000001,2.02
0.3692000000000001,1.99
0.3693000000000001,1.96
0.36940000000000006,1.95
0.36950000000000005,1.92
0.36960000000000004,1.92
0.36970000000000003,1.9100000000000001
0.3698,1.9000000000000001
0.3699,1.87
0.37,1.8900000000000001
0.3701000000000001,1.8800000000000001
0.3702000000000001,1.87
0.3703000000000001,1.87
0.37040000000000006,1.76
0.37050000000000005,1.7
0.37060000000000004,1.6500000000000001
0.37070000000000003,1.6
0.3708,1.56
0.3709,1.54
0.371,1.51
0.3711000000000001,1.49
0.3712000000000001,1.48
0.3713000000000001,1.47
0.37140000000000006,1.45
0.37150000000000005,1.44
0.37160000000000004,1.44
0.37170000000000003,1.43
0.3718,1.43
0.3719,1.43
0.372,1.41
0.3721,1.42
0.3722000000000001,1.41
0.3723000000000001,1.42
0.37240000000000006,1.35
0.37250000000000005,1.29
0.37260000000000004,1.25
0.37270000000000003,1.25
0.3728,1.23
0.3729,1.2
0.373,1.18
0.3731,1.16
0.3732000000000001,1.16
0.3733000000000001,1.1400000000000001
0.37340000000000007,1.1400000000000001
0.37350000000000005,1.1300000000000001
0.37360000000000004,1.1300000000000001
0.37370000000000003,1.1400000000000001
0.3738,1.1300000000000001
0.3739,1.12
0.374,1.11
0.3741,1.12
0.3742000000000001,1.1
0.3743000000000001,1.1
0.37440000000000007,1.2
0.37450000000000006,1.27
0.37460000000000004,1.32
0.37470000000000003,1.36
0.3748,1.3900000000000001
0.3749,1.44
0.375,1.45
0.3751,1.47
0.3752000000000001,1.46
0.3753000000000001,1.51
0.37540000000000007,1.51
0.37550000000000006,1.53
0.37560000000000004,1.53
0.37570000000000003,1.53
0.3758,1.54
0.3759,1.55
0.376,1.55
0.3761,1.55
0.3762000000000001,1.54
0.3763000000000001,1.54
0.37640000000000007,1.8900000000000001
0.37650000000000006,2.12
0.37660000000000005,2.33
0.37670000000000003,2.46
0.3768,2.6
0.3769,2.69
0.377,2.7800000000000002
0.3771,2.84
0.3772000000000001,2.91
0.3773000000000001,2.95
0.37740000000000007,2.97
0.37750000000000006,3.02
0.37760000000000005,3.0300000000000002
0.37770000000000004,3.0700000000000003
0.3778,3.08
0.3779,3.09
0.378,3.1
0.3781,3.11
0.3782000000000001,3.11
0.3783000000000001,3.13
0.37840000000000007,2.74
0.37850000000000006,2.38
0.37860000000000005,2.1
0.37870000000000004,1.9000000000000001
0.3788,1.73
0.3789,1.57
0.379,1.46
0.3791,1.37
0.3792000000000001,1.28
0.3793000000000001,1.24
0.37940000000000007,1.17
0.37950000000000006,1.1400000000000001
0.37960000000000005,1.11
0.37970000000000004,1.07
0.3798,1.04
0.3799,1.04
0.38,0.99
0.3801,0.99
0.3802000000000001,1.0
0.3803000000000001,0.99
0.38040000000000007,1.24
0.38050000000000006,1.53
0.38060000000000005,1.75
0.38070000000000004,1.92
0.3808,2.06
0.3809,2.16
0.381,2.27
0.3811,2.34
0.3812000000000001,2.41
0.3813000000000001,2.46
0.3814000000000001,2.5100000000000002
0.38150000000000006,2.5300000000000002
0.38160000000000005,2.56
0.38170000000000004,2.58
0.38180000000000003,2.6
0.3819,2.62
0.382,2.64
0.3821,2.64
0.3822000000000001,2.65
0.3823000000000001,2.65
0.3824000000000001,2.36
0.38250000000000006,2.04
0.38260000000000005,1.81
0.38270000000000004,1.6300000000000001
0.38280000000000003,1.47
0.3829,1.33
0.383,1.24
0.3831,1.1400000000000001
0.3832000000000001,1.07
0.3833000000000001,1.03
0.3834000000000001,0.99
0.38350000000000006,0.9500000000000001
0.38360000000000005,0.92
0.38370000000000004,0.89
0.38380000000000003,0.87
0.3839,0.84
0.384,0.84
0.3841,0.8300000000000001
0.3842000000000001,0.8300000000000001
0.3843000000000001,0.81
0.3844000000000001,0.71
0.38450000000000006,0.59
0.38460000000000005,0.48
0.38470000000000004,0.39
0.38480000000000003,0.35000000000000003
0.3849,0.29
0.385,0.24
0.3851,0.21
0.3852000000000001,0.19
0.3853000000000001,0.17
0.3854000000000001,0.14
0.38550000000000006,0.13
0.38560000000000005,0.12
0.38570000000000004,0.1
0.38580000000000003,0.11
0.3859,0.1
0.386,0.1
0.3861,0.07
0.3862,0.08
0.3863000000000001,0.09
0.3864000000000001,0.23
0.38650000000000007,0.44
0.38660000000000005,0.59
0.38670000000000004,0.71
0.38680000000000003,0.8200000000000001
0.3869,0.88
0.387,0.93
0.3871,1.02
0.3872,1.05
0.3873000000000001,1.09
0.3874000000000001,1.11
0.38750000000000007,1.1400000000000001
0.38760000000000006,1.1500000000000001
0.38770000000000004,1.19
0.38780000000000003,1.2
0.3879,1.21
0.388,1.21
0.3881,1.23
0.3882,1.23
0.3883000000000001,1.23
0.3884000000000001,1.11
0.38850000000000007,0.9
0.38860000000000006,0.76
0.38870000000000005,0.64
0.38880000000000003,0.51
0.3889,0.46
0.389,0.38
0.3891,0.32
0.3892,0.27
0.3893000000000001,0.24
0.3894000000000001,0.22
0.38950000000000007,0.19
0.38960000000000006,0.17
0.38970000000000005,0.16
0.38980000000000004,0.14
0.3899,0.14
0.39,0.12
0.3901,0.12
0.3902,0.1
0.3903000000000001,0.11
0.3904000000000001,0.25
0.39050000000000007,0.46
0.39060000000000006,0.62
0.39070000000000005,0.76
0.39080000000000004,0.85
0.3909,0.9400000000000001
0.391,1.03
0.3911,1.09
0.3912,1.1300000000000001
0.3913000000000001,1.16
0.3914000000000001,1.2
0.39150000000000007,1.22
0.39160000000000006,1.24
0.39170000000000005,1.27
0.39180000000000004,1.27
0.3919,1.28
0.392,1.3
0.3921,1.32
0.3922,1.32
0.3923000000000001,1.32
0.3924000000000001,1.29
0.39250000000000007,1.23
0.39260000000000006,1.2
0.39270000000000005,1.16
0.39280000000000004,1.1400000000000001
0.3929,1.1500000000000001
0.393,1.09
0.3931,1.1
0.3932,1.08
0.3933000000000001,1.07
0.3934000000000001,1.07
0.39350000000000007,1.05
0.39360000000000006,1.06
0.39370000000000005,1.05
0.39380000000000004,1.03
0.39390000000000003,1.05
0.394,1.03
0.3941,1.03
0.3942,1.05
0.3943000000000001,1.04
0.3944000000000001,1.1300000000000001
0.3945000000000001,1.23
0.39460000000000006,1.34
0.39470000000000005,1.43
0.39480000000000004,1.5
0.39490000000000003,1.55
0.395,1.58
0.3951,1.6300000000000001
0.3952,1.6600000000000001
0.3953000000000001,1.69
0.3954000000000001,1.72
0.3955000000000001,1.71
0.39560000000000006,1.74
0.39570000000000005,1.75
0.39580000000000004,1.75
0.39590000000000003,1.76
0.396,1.77
0.3961,1.75
0.3962,1.77
0.3963000000000001,1.79
0.3964000000000001,1.86
0.3965000000000001,2.09
0.39660000000000006,2.24
0.39670000000000005,2.37
0.39680000000000004,2.47
0.39690000000000003,2.56
0.397,2.61
0.3971,2.67
0.3972,2.71
0.3973000000000001,2.7600000000000002
0.3974000000000001,2.79
0.3975000000000001,2.81
0.39760000000000006,2.85
0.39770000000000005,2.86
0.39780000000000004,2.88
0.39790000000000003,2.91
0.398,2.88
0.3981,2.91
0.3982,2.91
0.3983000000000001,2.91
0.3984000000000001,2.81
0.3985000000000001,2.57
0.39860000000000007,2.42
0.39870000000000005,2.25
0.39880000000000004,2.14
0.39890000000000003,2.0300000000000002
0.399,1.95
0.3991,1.8900000000000001
0.3992,1.83
0.3993,1.81
0.3994000000000001,1.75
0.3995000000000001,1.73
0.39960000000000007,1.72
0.39970000000000006,1.7
0.39980000000000004,1.6600000000000001
0.39990000000000003,1.6500000000000001
0.4,1.68
0.4001,1.6400000000000001
0.4002,1.6400000000000001
0.4003,1.6400000000000001
0.4004000000000001,1.57
0.4005000000000001,1.42
0.40060000000000007,1.29
0.40070000000000006,1.1500000000000001
0.40080000000000005,1.08
0.40090000000000003,1.02
0.401,0.96
0.4011,0.9
0.4012,0.86
0.4013,0.8200000000000001
0.4014000000000001,0.8
0.4015000000000001,0.78
0.40160000000000007,0.77
0.40170000000000006,0.75
0.40180000000000005,0.73
0.40190000000000003,0.73
0.402,0.71
0.4021,0.72
0.4022,0.71
0.4023,0.7000000000000001
0.4024000000000001,0.79
0.4025000000000001,1.1500000000000001
0.40260000000000007,1.41
0.40270000000000006,1.62
0.40280000000000005,1.8
0.40290000000000004,1.93
0.403,2.06
0.4031,2.14
0.4032,2.23
0.4033,2.3000000000000003
0.4034000000000001,2.35
0.4035000000000001,2.38
0.40360000000000007,2.41
0.40370000000000006,2.46
0.40380000000000005,2.47
0.40390000000000004,2.5
0.404,2.5
0.4041,2.5
0.4042,2.54
0.4043,2.52
0.4044000000000001,2.54
0.4045000000000001,2.49
0.40460000000000007,2.46
0.40470000000000006,2.46
0.40480000000000005,2.43
0.40490000000000004,2.4
0.405,2.39
0.4051,2.39
0.4052,2.37
0.4053,2.37
0.4054000000000001,2.37
0.4055000000000001,2.37
0.40560000000000007,2.37
0.40570000000000006,2.35
0.40580000000000005,2.37
0.40590000000000004,2.34
0.406,2.36
0.4061,2.36
0.4062,2.36
0.4063,2.37
0.4064000000000001,2.36
0.4065000000000001,2.47
0.4066000000000001,2.5300000000000002
0.40670000000000006,2.61
0.40680000000000005,2.62
0.40690000000000004,2.68
0.40700000000000003,2.73
0.4071,2.73
0.4072,2.7600000000000002
0.4073,2.7800000000000002
0.4074000000000001,2.8000000000000003
0.4075000000000001,2.8000000000000003
0.4076000000000001,2.82
0.40770000000000006,2.82
0.40780000000000005,2.84
0.40790000000000004,2.83
0.40800000000000003,2.84
0.4081,2.84
0.4082,2.84
0.4083,2.85
0.4084000000000001,2.85
0.4085000000000001,2.48
0.4086000000000001,2.2
0.40870000000000006,2.0
0.40880000000000005,1.82
0.40890000000000004,1.68
0.40900000000000003,1.58
0.4091,1.47
0.4092,1.4000000000000001
0.4093,1.35
0.4094000000000001,1.29
0.4095000000000001,1.25
0.4096000000000001,1.23
0.40970000000000006,1.18
0.40980000000000005,1.16
0.40990000000000004,1.1400000000000001
0.41000000000000003,1.12
0.4101,1.12
0.4102,1.1
0.4103,1.09
0.4104000000000001,1.09
0.4105000000000001,1.46
0.4106000000000001,1.73
0.41070000000000007,1.96
0.41080000000000005,2.14
0.41090000000000004,2.29
0.41100000000000003,2.39
0.4111,2.5
0.4112,2.58
0.4113,2.64
0.4114000000000001,2.67
0.4115000000000001,2.73
0.4116000000000001,2.7600000000000002
0.41170000000000007,2.77
0.41180000000000005,2.81
0.41190000000000004,2.8000000000000003
0.41200000000000003,2.84
0.4121,2.85
0.4122,2.85
0.4123,2.87
0.4124,2.89
0.4125000000000001,2.5300000000000002
0.4126000000000001,2.2600000000000002
0.41270000000000007,2.05
0.41280000000000006,1.8800000000000001
0.41290000000000004,1.75
0.41300000000000003,1.62
0.4131,1.53
0.4132,1.47
0.4133,1.3900000000000001
0.4134,1.33
0.4135000000000001,1.29
0.4136000000000001,1.26
0.41370000000000007,1.24
0.41380000000000006,1.21
0.41390000000000005,1.19
0.41400000000000003,1.18
0.4141,1.17
0.4142,1.16
0.4143,1.1500000000000001
0.4144,1.1500000000000001
0.4145000000000001,1.24
0.4146000000000001,1.34
0.41470000000000007,1.42
0.41480000000000006,1.46
0.41490000000000005,1.53
0.41500000000000004,1.54
0.4151,1.58
0.4152,1.61
0.4153,1.62
0.4154,1.6300000000000001
0.4155000000000001,1.6600000000000001
0.4156000000000001,1.6600000000000001
0.41570000000000007,1.6600000000000001
0.41580000000000006,1.68
0.41590000000000005,1.68
0.41600000000000004,1.69
0.4161,1.7
0.4162,1.69
0.4163,1.7
0.4164,1.71
0.4165000000000001,1.56
0.4166000000000001,1.44
0.41670000000000007,1.32
0.41680000000000006,1.23
0.41690000000000005,1.18
0.41700000000000004,1.12
0.4171,1.08
0.4172,1.05
0.4173,1.02
0.4174,0.99
0.4175000000000001,0.97
0.4176000000000001,0.98
0.41770000000000007,0.9400000000000001
0.41780000000000006,0.93
0.41790000000000005,0.92
0.41800000000000004,0.92
0.4181,0.9
0.4182,0.91
0.4183,0.9
0.4184,0.91
0.4185000000000001,1.08
0.4186000000000001,1.31
0.41870000000000007,1.46
0.41880000000000006,1.58
0.41890000000000005,1.68
0.41900000000000004,1.77
0.41910000000000003,1.85
0.4192,1.8900000000000001
0.4193,1.95
0.4194,1.97
0.4195000000000001,2.0
0.4196000000000001,2.0300000000000002
0.4197000000000001,2.04
0.41980000000000006,2.07
0.41990000000000005,2.07
0.42000000000000004,2.09
0.42010000000000003,2.09
0.4202,2.1
0.4203,2.12
0.4204,2.13
0.4205000000000001,2.09
0.4206000000000001,2.1
0.4207000000000001,2.09
0.42080000000000006,2.07
0.42090000000000005,2.05
0.42100000000000004,2.05
0.42110000000000003,2.05
0.4212,2.04
0.4213,2.04
0.4214,2.04
0.4215000000000001,2.04
0.4216000000000001,2.02
0.4217000000000001,2.04
0.42180000000000006,2.0300000000000002
0.42190000000000005,2.02
0.42200000000000004,2.02
0.42210000000000003,2.0100000000000002
0.4222,2.0300000000000002
0.4223,2.04
0.4224,2.02
0.4225000000000001,2.14
0.4226000000000001,2.2600000000000002
0.4227000000000001,2.36
0.42280000000000006,2.42
0.42290000000000005,2.5
0.42300000000000004,2.54
0.42310000000000003,2.57
0.4232,2.62
0.4233,2.64
0.4234,2.66
0.4235000000000001,2.69
0.4236000000000001,2.69
0.4237000000000001,2.69
0.42380000000000007,2.69
0.42390000000000005,2.72
0.42400000000000004,2.73
0.42410000000000003,2.73
0.4242,2.74
0.4243,2.74
0.4244,2.73
0.4245000000000001,2.66
0.4246000000000001,2.54
0.4247000000000001,2.46
0.42480000000000007,2.39
0.42490000000000006,2.33
0.42500000000000004,2.27
0.42510000000000003,2.23
0.4252,2.21
0.4253,2.18
0.4254,2.16
0.4255,2.15
0.4256000000000001,2.14
0.4257000000000001,2.14
0.42580000000000007,2.11
0.42590000000000006,2.1
0.42600000000000005,2.1
0.42610000000000003,2.09
0.4262,2.08
0.4263,2.08
0.4264,2.08
0.4265,2.0300000000000002
0.4266000000000001,1.95
0.4267000000000001,1.8900000000000001
0.42680000000000007,1.86
0.42690000000000006,1.8
0.42700000000000005,1.78
0.42710000000000004,1.76
0.4272,1.73
0.4273,1.72
0.4274,1.68
0.4275,1.7
0.4276000000000001,1.6600000000000001
0.4277000000000001,1.68
0.42780000000000007,1.67
0.42790000000000006,1.6600000000000001
0.42800000000000005,1.6500000000000001
0.42810000000000004,1.6500000000000001
0.4282,1.6400000000000001
0.4283,1.6500000000000001
0.4284,1.6400000000000001
0.4285,1.51
0.4286000000000001,1.32
0.4287000000000001,1.1500000000000001
0.42880000000000007,1.04
0.42890000000000006,0.93
0.42900000000000005,0.85
0.42910000000000004,0.78
0.4292,0.74
0.4293,0.68
0.4294,0.66
0.4295,0.63
0.4296000000000001,0.6
0.4297000000000001,0.5700000000000001
0.42980000000000007,0.56
0.42990000000000006,0.56
0.43000000000000005,0.56
0.43010000000000004,0.54
0.4302,0.52
0.4303,0.52
0.4304,0.51
0.4305,0.59
0.4306000000000001,0.71
0.4307000000000001,0.78
0.43080000000000007,0.86
0.43090000000000006,0.91
0.43100000000000005,0.97
0.43110000000000004,1.0
0.4312,1.04
0.4313,1.06
0.4314,1.08
0.4315,1.1
0.4316000000000001,1.1
0.4317000000000001,1.11
0.4318000000000001,1.12
0.43190000000000006,1.1400000000000001
0.43200000000000005,1.1400000000000001
0.43210000000000004,1.1400000000000001
0.43220000000000003,1.16
0.4323,1.16
0.4324,1.16
0.4325,1.1500000000000001
0.4326000000000001,1.08
0.4327000000000001,1.06
0.4328000000000001,1.04
0.43290000000000006,1.03
0.43300000000000005,1.02
0.43310000000000004,0.99
0.43320000000000003,0.99
0.4333,0.96
0.4334,0.96
0.4335,0.96
0.4336000000000001,0.96
0.4337000000000001,0.9400000000000001
0.4338000000000001,0.9400000000000001
0.43390000000000006,0.9500000000000001
0.43400000000000005,0.9400000000000001
0.43410000000000004,0.96
0.43420000000000003,0.9400000000000001
0.4343,0.9400000000000001
0.4344,0.9500000000000001
0.4345,1.05
0.4346000000000001,1.29
0.4347000000000001,1.47
0.4348000000000001,1.6300000000000001
0.43490000000000006,1.77
0.43500000000000005,1.86
0.43510000000000004,1.94
0.43520000000000003,2.0
0.4353,2.06
0.4354,2.1
0.4355,2.14
0.4356000000000001,2.17
0.4357000000000001,2.2
0.4358000000000001,2.2
0.43590000000000007,2.23
0.43600000000000005,2.23
0.43610000000000004,2.24
0.43620000000000003,2.2600000000000002
0.4363,2.25
0.4364,2.27
0.4365,2.1
0.4366000000000001,1.74
0.4367000000000001,1.45
0.4368000000000001,1.22
0.43690000000000007,1.03
0.43700000000000006,0.9
0.43710000000000004,0.78
0.43720000000000003,0.67
0.4373,0.6
0.4374,0.53
0.4375,0.48
0.4376000000000001,0.43
0.4377000000000001,0.38
0.4378000000000001,0.36
0.43790000000000007,0.33
0.43800000000000006,0.31
0.43810000000000004,0.3
0.43820000000000003,0.3
0.4383,0.27
0.4384,0.27
0.4385,0.44
0.4386,0.8200000000000001
0.4387000000000001,1.1400000000000001
0.4388000000000001,1.3900000000000001
0.43890000000000007,1.58
0.43900000000000006,1.74
0.43910000000000005,1.87
0.43920000000000003,1.97
0.4393,2.06
0.4394,2.12
0.4395,2.18
0.4396,2.24
0.4397000000000001,2.27
0.4398000000000001,2.3000000000000003
0.43990000000000007,2.33
0.44000000000000006,2.32
0.44010000000000005,2.38
0.44020000000000004,2.39
0.4403,2.37
0.4404,2.4
0.4405,2.4
0.4406,2.33
0.4407000000000001,2.27
0.4408000000000001,2.24
0.44090000000000007,2.21
0.44100000000000006,2.17
0.44110000000000005,2.17
0.44120000000000004,2.14
0.4413,2.14
0.4414,2.11
0.4415,2.11
0.4416,2.09
0.4417000000000001,2.1
0.4418000000000001,2.08
0.44190000000000007,2.08
0.44200000000000006,2.08
0.44210000000000005,2.1
0.44220000000000004,2.07
0.4423,2.07
0.4424,2.08
0.4425,2.06
0.4426,2.08
0.4427000000000001,2.11
0.4428000000000001,2.11
0.44290000000000007,2.11
0.44300000000000006,2.14
0.44310000000000005,2.15
0.44320000000000004,2.14
0.4433,2.15
0.4434,2.15
0.4435,2.14
0.4436,2.15
0.4437000000000001,2.16
0.4438000000000001,2.15
0.4439000000000001,2.15
0.44400000000000006,2.14
0.44410000000000005,2.16
0.44420000000000004,2.15
0.44430000000000003,2.15
0.4444,2.16
0.4445,2.14
0.4446,1.99
0.4447000000000001,1.9000000000000001
0.4448000000000001,1.81
0.4449000000000001,1.74
0.44500000000000006,1.7
0.44510000000000005,1.62
0.44520000000000004,1.62
0.44530000000000003,1.58
0.4454,1.56
0.4455,1.55
0.4456,1.51
0.4457000000000001,1.49
0.4458000000000001,1.5
0.4459000000000001,1.49
0.44600000000000006,1.48
0.44610000000000005,1.51
0.44620000000000004,1.48
0.44630000000000003,1.47
0.4464,1.46
0.4465,1.46
0.4466,1.59
0.4467000000000001,1.68
0.4468000000000001,1.75
0.4469000000000001,1.8
0.44700000000000006,1.86
0.44710000000000005,1.9000000000000001
0.44720000000000004,1.92
0.44730000000000003,1.96
0.4474,1.98
0.4475,1.98
0.4476,2.0
0.4477000000000001,2.02
0.4478000000000001,2.0300000000000002
0.4479000000000001,2.0300000000000002
0.44800000000000006,2.04
0.44810000000000005,2.04
0.44820000000000004,2.0300000000000002
0.44830000000000003,2.05
0.4484,2.04
0.4485,2.04
0.4486,1.8900000000000001
0.4487000000000001,1.75
0.4488000000000001,1.68
0.4489000000000001,1.59
0.44900000000000007,1.51
0.44910000000000005,1.47
0.44920000000000004,1.43
0.44930000000000003,1.3900000000000001
0.4494,1.36
0.4495,1.33
0.4496,1.3
0.4497000000000001,1.29
0.4498000000000001,1.28
0.4499000000000001,1.29
0.45000000000000007,1.26
0.45010000000000006,1.26
0.45020000000000004,1.25
0.45030000000000003,1.25
0.4504,1.26
0.4505,1.25
0.4506,1.42
0.4507000000000001,1.59
0.4508000000000001,1.72
0.4509000000000001,1.82
0.45100000000000007,1.9100000000000001
0.45110000000000006,1.96
0.45120000000000005,2.0100000000000002
0.45130000000000003,2.06
0.4514,2.11
0.4515,2.14
0.4516,2.16
0.4517,2.17
0.4518000000000001,2.17
0.4519000000000001,2.2
0.45200000000000007,2.23
0.45210000000000006,2.23
0.45220000000000005,2.23
0.45230000000000004,2.22
0.4524,2.25
0.4525,2.25
0.4526,1.86
0.4527,1.55
0.4528000000000001,1.3
0.4529000000000001,1.09
0.45300000000000007,0.92
0.45310000000000006,0.79
0.45320000000000005,0.68
0.45330000000000004,0.59
0.4534,0.53
0.4535,0.47000000000000003
0.4536,0.42
0.4537,0.37
0.4538000000000001,0.36
0.4539000000000001,0.33
0.45400000000000007,0.31
0.45410000000000006,0.27
0.45420000000000005,0.28
0.45430000000000004,0.25
0.4544,0.25
0.4545,0.24
0.4546,0.72
0.4547,1.1500000000000001
0.4548000000000001,1.46
0.4549000000000001,1.74
0.45500000000000007,1.99
0.45510000000000006,2.14
0.45520000000000005,2.27
0.45530000000000004,2.41
0.4554,2.5
0.4555,2.56
0.4556,2.62
0.4557,2.68
0.4558000000000001,2.72
0.4559000000000001,2.7600000000000002
0.45600000000000007,2.7800000000000002
0.45610000000000006,2.8000000000000003
0.45620000000000005,2.82
0.45630000000000004,2.85
0.45640000000000003,2.86
0.4565,2.86
0.4566,2.86
0.4567,2.86
0.4568000000000001,2.86
0.4569000000000001,2.86
0.4570000000000001,2.85
0.45710000000000006,2.85
0.45720000000000005,2.84
0.45730000000000004,2.84
0.45740000000000003,2.85
0.4575,2.85
0.4576,2.84
0.4577,2.84
0.4578000000000001,2.87
0.4579000000000001,2.85
0.4580000000000001,2.85
0.45810000000000006,2.84
0.45820000000000005,2.84
0.45830000000000004,2.85
0.45840000000000003,2.86
0.4585,2.84
0.4586,2.64
0.4587,2.39
0.4588000000000001,2.2
0.4589000000000001,2.06
0.4590000000000001,1.95
0.45910000000000006,1.86
0.45920000000000005,1.78
0.45930000000000004,1.7
0.45940000000000003,1.6500000000000001
0.4595,1.61
0.4596,1.59
0.4597,1.54
0.4598000000000001,1.53
0.4599000000000001,1.5
0.4600000000000001,1.49
0.46010000000000006,1.46
0.46020000000000005,1.45
0.46030000000000004,1.46
0.46040000000000003,1.44
0.4605,1.44
0.4606,1.49
0.4607,1.57
0.4608000000000001,1.6400000000000001
0.4609000000000001,1.6600000000000001
0.4610000000000001,1.7
0.46110000000000007,1.72
0.46120000000000005,1.75
0.46130000000000004,1.76
0.46140000000000003,1.77
0.4615,1.8
0.4616,1.82
0.4617,1.8
0.4618000000000001,1.81
0.4619000000000001,1.82
0.4620000000000001,1.84
0.46210000000000007,1.84
0.46220000000000006,1.85
0.46230000000000004,1.83
0.46240000000000003,1.84
0.4625,1.84
0.4626,1.82
0.4627,1.81
0.4628000000000001,1.8
0.4629000000000001,1.8
0.4630000000000001,1.79
0.46310000000000007,1.79
0.46320000000000006,1.76
0.46330000000000005,1.77
0.46340000000000003,1.77
0.4635,1.77
0.4636,1.75
0.4637,1.77
0.4638000000000001,1.78
0.4639000000000001,1.75
0.4640000000000001,1.77
0.46410000000000007,1.78
0.46420000000000006,1.77
0.46430000000000005,1.77
0.46440000000000003,1.77
0.4645,1.76
0.4646,1.59
0.4647,1.37
0.4648,1.18
0.4649000000000001,1.03
0.4650000000000001,0.93
0.46510000000000007,0.8200000000000001
0.46520000000000006,0.74
0.46530000000000005,0.68
0.46540000000000004,0.61
0.4655,0.58
0.4656,0.53
0.4657,0.52
0.4658,0.49
0.4659000000000001,0.49
0.4660000000000001,0.45
0.46610000000000007,0.47000000000000003
0.46620000000000006,0.44
0.46630000000000005,0.44
0.46640000000000004,0.43
0.4665,0.42
0.4666,0.68
0.4667,1.1
0.4668,1.3900000000000001
0.4669000000000001,1.67
0.4670000000000001,1.84
0.46710000000000007,2.0100000000000002
0.46720000000000006,2.14
0.46730000000000005,2.24
0.46740000000000004,2.32
0.4675,2.39
0.4676,2.46
0.4677,2.5100000000000002
0.4678,2.54
0.4679000000000001,2.58
0.4680000000000001,2.59
0.46810000000000007,2.62
0.46820000000000006,2.62
0.46830000000000005,2.65
0.46840000000000004,2.67
0.4685,2.67
0.4686,2.6
0.4687,2.47
0.4688,2.37
0.4689000000000001,2.2800000000000002
0.4690000000000001,2.25
0.4691000000000001,2.17
0.46920000000000006,2.11
0.46930000000000005,2.1
0.46940000000000004,2.05
0.46950000000000003,2.04
0.4696,2.0300000000000002
0.4697,2.02
0.4698,1.99
0.4699000000000001,1.98
0.4700000000000001,1.97
0.4701000000000001,1.98
0.47020000000000006,1.98
0.47030000000000005,1.96
0.47040000000000004,1.97
0.47050000000000003,1.95
0.4706,1.9000000000000001
0.4707,1.82
0.4708,1.75
0.4709000000000001,1.7
0.4710000000000001,1.6500000000000001
0.4711000000000001,1.6
0.47120000000000006,1.59
0.47130000000000005,1.57
0.47140000000000004,1.55
0.47150000000000003,1.53
0.4716,1.52
0.4717,1.49
0.4718,1.51
0.4719000000000001,1.49
0.4720000000000001,1.49
0.4721000000000001,1.49
0.47220000000000006,1.49
0.47230000000000005,1.48
0.47240000000000004,1.48
0.47250000000000003,1.47
0.4726,1.6
0.4727,1.9100000000000001
0.4728,2.17
0.4729000000000001,2.34
0.4730000000000001,2.5100000000000002
0.4731000000000001,2.64
0.47320000000000007,2.7600000000000002
0.47330000000000005,2.8000000000000003
0.47340000000000004,2.89
0.47350000000000003,2.97
0.4736,2.98
0.4737,3.02
0.4738,3.0700000000000003
0.4739000000000001,3.08
0.4740000000000001,3.11
0.4741000000000001,3.1
0.47420000000000007,3.13
0.47430000000000005,3.12
0.47440000000000004,3.14
0.47450000000000003,3.16
0.4746,3.0
0.4747,2.6
0.4748,2.2800000000000002
0.4749000000000001,2.0100000000000002
0.4750000000000001,1.84
0.4751000000000001,1.68
0.47520000000000007,1.53
0.47530000000000006,1.42
0.47540000000000004,1.32
0.47550000000000003,1.26
0.4756,1.19
0.4757,1.1400000000000001
0.4758,1.11
0.4759000000000001,1.07
0.4760000000000001,1.06
0.4761000000000001,1.01
0.47620000000000007,1.01
0.47630000000000006,0.97
0.47640000000000005,0.98
0.47650000000000003,0.96
0.4766,0.89
0.4767,0.72
0.4768,0.6
0.4769000000000001,0.52
0.4770000000000001,0.44
0.4771000000000001,0.37
0.47720000000000007,0.33
0.47730000000000006,0.29
0.47740000000000005,0.24
0.47750000000000004,0.23
0.4776,0.2
0.4777,0.19
0.4778,0.17
0.4779,0.14
0.4780000000000001,0.13
0.4781000000000001,0.14
0.47820000000000007,0.13
0.47830000000000006,0.13
0.47840000000000005,0.12
0.47850000000000004,0.13
0.4786,0.2
0.4787,0.37
0.4788,0.49
0.4789,0.6
0.4790000000000001,0.71
0.4791000000000001,0.76
0.47920000000000007,0.8200000000000001
0.47930000000000006,0.86
0.47940000000000005,0.91
0.47950000000000004,0.9400000000000001
0.4796,0.96
0.4797,0.97
0.4798,1.0
0.4799,1.01
0.4800000000000001,1.03
0.4801000000000001,1.02
0.48020000000000007,1.04
0.48030000000000006,1.05
0.48040000000000005,1.05
0.48050000000000004,1.06
0.4806,1.06
0.4807,1.05
0.4808,1.03
0.4809,1.0
0.4810000000000001,1.0
0.4811000000000001,0.98
0.48120000000000007,0.97
0.48130000000000006,0.97
0.48140000000000005,0.96
0.48150000000000004,0.96
0.48160000000000003,0.9500000000000001
0.4817,0.9500000000000001
0.4818,0.96
0.4819,0.9500000000000001
0.4820000000000001,0.9500000000000001
0.4821000000000001,0.9500000000000001
0.4822000000000001,0.9500000000000001
0.48230000000000006,0.9400000000000001
0.48240000000000005,0.9500000000000001
0.48250000000000004,0.9400000000000001
0.48260000000000003,0.93
0.4827,0.91
0.4828,0.92
0.4829,0.93
0.4830000000000001,0.91
0.4831000000000001,0.9
0.4832000000000001,0.91
0.48330000000000006,0.91
0.48340000000000005,0.89
0.48350000000000004,0.9
0.48360000000000003,0.89
0.4837,0.89
0.4838,0.92
0.4839,0.91
0.4840000000000001,0.9
0.4841000000000001,0.9
0.4842000000000001,0.9
0.48430000000000006,0.9
0.48440000000000005,0.9
0.48450000000000004,0.88
0.48460000000000003,0.89
0.4847,1.2
0.4848,1.45
0.4849,1.61
0.4850000000000001,1.77
0.4851000000000001,1.8900000000000001
0.4852000000000001,1.98
0.48530000000000006,2.06
0.48540000000000005,2.1
0.48550000000000004,2.17
0.48560000000000003,2.21
0.4857,2.24
0.4858,2.27
0.4859,2.31
0.4860000000000001,2.31
0.4861000000000001,2.33
0.4862000000000001,2.34
0.48630000000000007,2.34
0.48640000000000005,2.37
0.48650000000000004,2.37
0.48660000000000003,2.37
0.4867,2.54
0.4868,2.66
0.4869,2.7600000000000002
0.4870000000000001,2.82
0.4871000000000001,2.88
0.4872000000000001,2.93
0.48730000000000007,2.97
0.48740000000000006,3.0
0.48750000000000004,3.02
0.48760000000000003,3.04
0.4877,3.0700000000000003
0.4878,3.08
0.4879,3.1
0.4880000000000001,3.1
0.4881000000000001,3.1
0.4882000000000001,3.11
0.48830000000000007,3.12
0.48840000000000006,3.13
0.48850000000000005,3.12
0.48860000000000003,3.15
0.4887,2.98
0.4888,2.87
0.4889,2.8000000000000003
0.4890000000000001,2.71
0.4891000000000001,2.66
0.4892000000000001,2.61
0.48930000000000007,2.57
0.48940000000000006,2.5500000000000003
0.48950000000000005,2.52
0.48960000000000004,2.49
0.4897,2.47
0.4898,2.45
0.4899,2.46
0.4900000000000001,2.46
0.4901000000000001,2.44
0.4902000000000001,2.43
0.49030000000000007,2.43
0.49040000000000006,2.41
0.49050000000000005,2.42
0.49060000000000004,2.42
0.4907,2.48
0.4908,2.52
0.4909,2.56
0.491,2.6
0.4911000000000001,2.62
0.4912000000000001,2.64
0.49130000000000007,2.66
0.49140000000000006,2.65
0.49150000000000005,2.66
0.49160000000000004,2.69
0.4917,2.72
0.4918,2.7
0.4919,2.7
0.492,2.69
0.4921000000000001,2.72
0.4922000000000001,2.7
0.49230000000000007,2.73
0.49240000000000006,2.72
0.49250000000000005,2.72
0.49260000000000004,2.72
0.4927,2.43
0.4928,2.15
0.4929,1.93
0.493,1.75
0.4931000000000001,1.61
0.4932000000000001,1.49
0.49330000000000007,1.41
0.49340000000000006,1.33
0.49350000000000005,1.26
0.49360000000000004,1.22
0.4937,1.17
0.4938,1.1300000000000001
0.4939,1.12
0.494,1.09
0.4941000000000001,1.08
0.4942000000000001,1.05
0.4943000000000001,1.03
0.49440000000000006,1.03
0.49450000000000005,1.03
0.49460000000000004,1.0
0.49470000000000003,1.07
0.4948,1.12
0.4949,1.1300000000000001
0.495,1.18
0.4951000000000001,1.2
0.4952000000000001,1.21
0.4953000000000001,1.23
0.49540000000000006,1.23
0.49550000000000005,1.25
0.49560000000000004,1.25
0.49570000000000003,1.27
0.4958,1.27
0.4959,1.28
0.496,1.29
0.4961000000000001,1.28
0.4962000000000001,1.28
0.4963000000000001,1.29
0.49640000000000006,1.27
0.49650000000000005,1.28
0.49660000000000004,1.28
0.49670000000000003,1.54
0.4968,1.77
0.4969,1.98
0.497,2.12
0.4971000000000001,2.2600000000000002
0.4972000000000001,2.35
0.4973000000000001,2.43
0.49740000000000006,2.5100000000000002
0.49750000000000005,2.56
0.49760000000000004,2.63
0.49770000000000003,2.63
0.4978,2.66
0.4979,2.68
0.498,2.72
0.4981000000000001,2.73
0.4982000000000001,2.75
0.4983000000000001,2.7600000000000002
0.49840000000000007,2.77
0.49850000000000005,2.77
0.49860000000000004,2.7800000000000002
0.49870000000000003,2.67
0.4988,2.5
0.4989,2.39
0.499,2.3000000000000003
0.4991000000000001,2.23
0.4992000000000001,2.16
0.4993000000000001,2.14
0.49940000000000007,2.08
0.49950000000000006,2.04
0.49960000000000004,2.0100000000000002
0.49970000000000003,1.97
0.4998,1.98
0.4999,1.98
