time,CH1
-0.5,1.67
-0.4999,1.71
-0.4998,1.73
-0.4997,1.9000000000000001
-0.4996,2.11
-0.4995,2.2800000000000002
-0.4994,2.41
-0.4993,2.5100000000000002
-0.4992,2.59
-0.4991,2.63
-0.499,2.69
-0.4989,2.7
-0.4988,2.73
-0.4987,2.62
-0.4986,2.43
-0.4985,2.31
-0.4984,2.21
-0.4983,2.11
-0.4982,2.17
-0.4981,2.27
-0.498,2.34
-0.4979,2.41
-0.4978,2.44
-0.4977,2.29
-0.4976,1.96
-0.4975,1.72
-0.4974,1.54
-0.4973,1.3800000000000001
-0.4972,1.22
-0.4971,1.07
-0.497,0.9400000000000001
-0.4969,0.85
-0.4968,0.76
-0.4967,0.8300000000000001
-0.4966,1.16
-0.4965,1.42
-0.4964,1.59
-0.4963,1.76
-0.4962,1.82
-0.4961,1.69
-0.496,1.58
-0.4959,1.49
-0.4958,1.41
-0.4957,1.46
-0.4956,1.71
-0.4955,1.9000000000000001
-0.4954,2.04
-0.4953,2.16
-0.4952,2.19
-0.4951,1.8800000000000001
-0.495,1.6600000000000001
-0.4949,1.49
-0.4948,1.34
-0.4947,1.26
-0.4946,1.37
-0.4945,1.43
-0.4944,1.48
-0.4943,1.52
-0.4942,1.56
-0.4941,1.7
-0.494,1.8
-0.4939,1.8800000000000001
-0.4938,1.95
-0.4937,1.98
-0.4936,2.18
-0.4935,2.29
-0.4934,2.4
-0.4933,2.47
-0.49319999999999997,2.5500000000000003
-0.4931,2.09
-0.493,1.73
-0.4929,1.43
-0.4928,1.21
-0.4927,1.0
-0.4926,1.16
-0.4925,1.26
-0.4924,1.3800000000000001
-0.4923,1.43
-0.4922,1.48
-0.4921,1.4000000000000001
-0.492,1.3
-0.4919,1.22
-0.4918,1.18
-0.4917,1.12
-0.4916,1.21
-0.4915,1.29
-0.4914,1.36
-0.4913,1.42
-0.4912,1.46
-0.4911,1.36
-0.491,1.23
-0.4909,1.1400000000000001
-0.4908,1.05
-0.4907,1.0
-0.4906,1.1
-0.4905,1.25
-0.4904,1.35
-0.4903,1.44
-0.4902,1.52
-0.4901,1.35
-0.49,1.11
-0.4899,0.93
-0.4898,0.78
-0.4897,0.68
-0.4896,0.73
-0.4895,0.86
-0.4894,0.97
-0.4893,1.03
-0.4892,1.09
-0.4891,1.11
-0.489,1.05
-0.4889,1.05
-0.4888,1.01
-0.4887,1.0
-0.4886,1.21
-0.4885,1.52
-0.4884,1.75
-0.4883,1.95
-0.4882,2.08
-0.4881,2.23
-0.488,2.37
-0.4879,2.49
-0.4878,2.6
-0.4877,2.68
-0.4876,2.5300000000000002
-0.4875,2.18
-0.4874,1.92
-0.4873,1.72
-0.4872,1.54
-0.4871,1.42
-0.487,1.3
-0.4869,1.23
-0.4868,1.16
-0.4867,1.09
-0.4866,0.99
-0.4865,0.84
-0.4864,0.71
-0.4863,0.6
-0.4862,0.52
-0.4861,0.6
-0.486,1.04
-0.4859,1.3800000000000001
-0.4858,1.6400000000000001
-0.4857,1.84
-0.4856,1.97
-0.4855,2.02
-0.4854,2.08
-0.4853,2.11
-0.4852,2.14
-0.4851,2.17
-0.485,2.2
-0.4849,2.23
-0.4848,2.25
-0.4847,2.2800000000000002
-0.4846,2.31
-0.4845,2.41
-0.4844,2.5
-0.4843,2.57
-0.4842,2.61
-0.4841,2.65
-0.484,2.31
-0.4839,2.1
-0.4838,1.9100000000000001
-0.4837,1.77
-0.4836,1.67
-0.4835,1.49
-0.4834,1.3800000000000001
-0.4833,1.27
-0.4832,1.18
-0.4831,1.12
-0.483,1.04
-0.4829,0.98
-0.4828,0.9400000000000001
-0.4827,0.87
-0.4826,0.8200000000000001
-0.4825,0.78
-0.4824,0.73
-0.4823,0.68
-0.4822,0.65
-0.4821,0.62
-0.482,0.97
-0.4819,1.28
-0.4818,1.52
-0.4817,1.7
-0.48160000000000003,1.87
-0.4815,1.7
-0.4814,1.54
-0.4813,1.42
-0.4812,1.32
-0.48109999999999997,1.24
-0.481,1.29
-0.4809,1.3800000000000001
-0.4808,1.44
-0.4807,1.51
-0.4806,1.54
-0.4805,1.77
-0.4804,1.99
-0.4803,2.17
-0.4802,2.29
-0.48009999999999997,2.42
-0.48,2.52
-0.4799,2.58
-0.4798,2.64
-0.4797,2.71
-0.4796,2.74
-0.4795,2.5300000000000002
-0.4794,2.34
-0.4793,2.15
-0.4792,2.0300000000000002
-0.47909999999999997,1.9100000000000001
-0.479,1.82
-0.4789,1.69
-0.4788,1.59
-0.4787,1.53
-0.4786,1.47
-0.4785,1.43
-0.4784,1.43
-0.4783,1.43
-0.4782,1.42
-0.4781,1.3900000000000001
-0.478,1.57
-0.4779,1.9100000000000001
-0.4778,2.17
-0.4777,2.35
-0.4776,2.5300000000000002
-0.4775,2.57
-0.4774,2.57
-0.4773,2.5500000000000003
-0.4772,2.57
-0.4771,2.57
-0.477,2.42
-0.4769,2.04
-0.4768,1.77
-0.4767,1.57
-0.4766,1.3900000000000001
-0.4765,1.42
-0.4764,1.73
-0.4763,1.97
-0.4762,2.15
-0.4761,2.29
-0.476,2.29
-0.4759,2.0300000000000002
-0.4758,1.83
-0.4757,1.6600000000000001
-0.4756,1.53
-0.4755,1.41
-0.4754,1.24
-0.4753,1.1400000000000001
-0.4752,1.02
-0.4751,0.93
-0.475,0.87
-0.4749,0.87
-0.4748,0.87
-0.4747,0.85
-0.4746,0.85
-0.4745,0.87
-0.4744,1.2
-0.4743,1.42
-0.4742,1.61
-0.4741,1.74
-0.474,1.86
-0.4739,1.5
-0.4738,1.23
-0.4737,1.0
-0.4736,0.84
-0.4735,0.72
-0.4734,1.04
-0.4733,1.28
-0.4732,1.46
-0.4731,1.6
-0.473,1.73
-0.4729,1.67
-0.4728,1.6500000000000001
-0.4727,1.6
-0.4726,1.58
-0.4725,1.55
-0.4724,1.6300000000000001
-0.4723,1.68
-0.4722,1.73
-0.4721,1.77
-0.472,1.8
-0.4719,1.59
-0.4718,1.43
-0.4717,1.27
-0.4716,1.16
-0.4715,1.07
-0.4714,0.92
-0.4713,0.77
-0.4712,0.65
-0.4711,0.56
-0.471,0.47000000000000003
-0.4709,0.47000000000000003
-0.4708,0.47000000000000003
-0.4707,0.49
-0.4706,0.48
-0.4705,0.49
-0.4704,0.44
-0.4703,0.38
-0.4702,0.35000000000000003
-0.4701,0.33
-0.47,0.28
-0.4699,0.38
-0.4698,0.56
-0.4697,0.66
-0.4696,0.78
-0.4695,0.84
-0.4694,1.05
-0.4693,1.29
-0.4692,1.48
-0.4691,1.62
-0.469,1.74
-0.4689,1.6300000000000001
-0.4688,1.3900000000000001
-0.4687,1.19
-0.4686,1.04
-0.4685,0.93
-0.4684,0.84
-0.4683,0.78
-0.4682,0.74
-0.4681,0.6900000000000001
-0.46799999999999997,0.66
-0.4679,0.86
-0.4678,1.25
-0.4677,1.53
-0.4676,1.77
-0.4675,1.96
-0.4674,2.04
-0.4673,2.11
-0.4672,2.17
-0.4671,2.21
-0.46699999999999997,2.2600000000000002
-0.4669,2.25
-0.4668,2.14
-0.4667,2.09
-0.4666,2.02
-0.4665,1.99
-0.4664,1.95
-0.4663,1.9000000000000001
-0.4662,1.86
-0.4661,1.84
-0.46599999999999997,1.81
-0.4659,1.8800000000000001
-0.4658,2.12
-0.4657,2.27
-0.4656,2.43
-0.4655,2.5300000000000002
-0.4654,2.5300000000000002
-0.4653,2.33
-0.4652,2.16
-0.4651,2.05
-0.46499999999999997,1.95
-0.4649,1.87
-0.4648,1.83
-0.4647,1.82
-0.4646,1.81
-0.4645,1.8
-0.4644,1.77
-0.4643,1.71
-0.4642,1.6400000000000001
-0.4641,1.62
-0.46399999999999997,1.59
-0.4639,1.59
-0.4638,1.3800000000000001
-0.4637,1.23
-0.4636,1.12
-0.4635,1.03
-0.4634,0.9500000000000001
-0.4633,0.8300000000000001
-0.4632,0.75
-0.4631,0.65
-0.46299999999999997,0.59
-0.4629,0.54
-0.4628,0.68
-0.4627,0.77
-0.4626,0.85
-0.4625,0.9
-0.4624,0.96
-0.4623,1.01
-0.4622,1.07
-0.4621,1.08
-0.462,1.11
-0.4619,1.1400000000000001
-0.4618,1.02
-0.4617,0.88
-0.4616,0.79
-0.4615,0.73
-0.4614,0.64
-0.4613,0.73
-0.4612,0.8200000000000001
-0.4611,0.89
-0.461,0.96
-0.4609,1.01
-0.4608,1.35
-0.4607,1.7
-0.4606,2.0100000000000002
-0.4605,2.21
-0.4604,2.4
-0.4603,2.44
-0.4602,2.47
-0.4601,2.49
-0.46,2.5100000000000002
-0.4599,2.5300000000000002
-0.4598,2.31
-0.4597,2.04
-0.4596,1.82
-0.4595,1.6400000000000001
-0.4594,1.51
-0.4593,1.6600000000000001
-0.4592,1.9100000000000001
-0.4591,2.11
-0.459,2.2600000000000002
-0.4589,2.38
-0.4588,2.48
-0.4587,2.6
-0.4586,2.68
-0.4585,2.74
-0.4584,2.8000000000000003
-0.4583,2.6
-0.4582,2.16
-0.4581,1.83
-0.458,1.59
-0.4579,1.3900000000000001
-0.4578,1.18
-0.4577,1.05
-0.4576,0.9500000000000001
-0.4575,0.8300000000000001
-0.45740000000000003,0.75
-0.4573,0.6900000000000001
-0.4572,0.7000000000000001
-0.4571,0.7000000000000001
-0.457,0.7000000000000001
-0.4569,0.71
-0.4568,0.87
-0.4567,1.29
-0.4566,1.62
-0.4565,1.86
-0.45640000000000003,2.05
-0.4563,2.11
-0.4562,1.95
-0.4561,1.82
-0.456,1.71
-0.45589999999999997,1.61
-0.4558,1.67
-0.4557,1.93
-0.4556,2.13
-0.4555,2.29
-0.4554,2.42
-0.4553,2.42
-0.4552,2.0300000000000002
-0.4551,1.74
-0.455,1.5
-0.45489999999999997,1.31
-0.4548,1.23
-0.4547,1.52
-0.4546,1.77
-0.4545,1.96
-0.4544,2.09
-0.4543,2.21
-0.4542,2.12
-0.4541,2.07
-0.454,2.0300000000000002
-0.45389999999999997,1.98
-0.4538,1.96
-0.4537,1.87
-0.4536,1.8
-0.4535,1.71
-0.4534,1.71
-0.4533,1.67
-0.4532,1.44
-0.4531,1.23
-0.453,1.08
-0.45289999999999997,0.9400000000000001
-0.4528,0.85
-0.4527,1.21
-0.4526,1.49
-0.4525,1.72
-0.4524,1.8900000000000001
-0.4523,2.05
-0.4522,1.8
-0.4521,1.56
-0.452,1.35
-0.45189999999999997,1.18
-0.4518,1.08
-0.4517,1.27
-0.4516,1.47
-0.4515,1.62
-0.4514,1.75
-0.4513,1.85
-0.4512,1.61
-0.4511,1.36
-0.451,1.1400000000000001
-0.45089999999999997,0.98
-0.4508,0.85
-0.4507,1.0
-0.4506,1.18
-0.4505,1.33
-0.4504,1.46
-0.4503,1.55
-0.4502,1.42
-0.4501,1.22
-0.45,1.08
-0.44989999999999997,0.9500000000000001
-0.4498,0.86
-0.4497,0.73
-0.4496,0.61
-0.4495,0.53
-0.4494,0.46
-0.4493,0.4
-0.4492,0.49
-0.4491,0.68
-0.449,0.8200000000000001
-0.4489,0.9400000000000001
-0.4488,1.04
-0.4487,1.03
-0.4486,0.96
-0.4485,0.92
-0.4484,0.89
-0.4483,0.86
-0.4482,0.86
-0.4481,0.88
-0.448,0.9
-0.4479,0.9
-0.4478,0.91
-0.4477,0.96
-0.4476,1.01
-0.4475,1.06
-0.4474,1.09
-0.4473,1.1300000000000001
-0.4472,1.1500000000000001
-0.4471,1.1400000000000001
-0.447,1.12
-0.4469,1.1400000000000001
-0.4468,1.12
-0.4467,1.09
-0.4466,0.98
-0.4465,0.88
-0.4464,0.8200000000000001
-0.4463,0.77
-0.4462,0.87
-0.4461,1.34
-0.446,1.68
-0.4459,1.98
-0.4458,2.2
-0.4457,2.23
-0.4456,1.87
-0.4455,1.61
-0.4454,1.4000000000000001
-0.4453,1.24
-0.4452,1.1500000000000001
-0.4451,1.4000000000000001
-0.445,1.59
-0.4449,1.72
-0.4448,1.83
-0.4447,1.86
-0.4446,1.57
-0.4445,1.33
-0.4444,1.1500000000000001
-0.44430000000000003,1.0
-0.4442,0.89
-0.4441,0.91
-0.444,0.93
-0.4439,0.92
-0.4438,0.9400000000000001
-0.4437,0.92
-0.4436,1.04
-0.4435,1.1
-0.4434,1.1400000000000001
-0.4433,1.2
-0.4432,1.23
-0.4431,1.19
-0.443,1.16
-0.4429,1.16
-0.44279999999999997,1.1400000000000001
-0.4427,1.11
-0.4426,0.96
-0.4425,0.81
-0.4424,0.7000000000000001
-0.4423,0.61
-0.4422,0.53
-0.4421,0.75
-0.442,0.96
-0.4419,1.11
-0.44179999999999997,1.24
-0.4417,1.36
-0.4416,1.26
-0.4415,1.18
-0.4414,1.12
-0.4413,1.05
-0.4412,1.02
-0.4411,1.21
-0.441,1.4000000000000001
-0.4409,1.57
-0.44079999999999997,1.69
-0.4407,1.8
-0.4406,1.78
-0.4405,1.72
-0.4404,1.6600000000000001
-0.4403,1.6300000000000001
-0.4402,1.61
-0.4401,1.6400000000000001
-0.44,1.68
-0.4399,1.71
-0.43979999999999997,1.73
-0.4397,1.74
-0.4396,1.95
-0.4395,2.2
-0.4394,2.38
-0.4393,2.5300000000000002
-0.4392,2.65
-0.4391,2.5300000000000002
-0.439,2.29
-0.4389,2.11
-0.43879999999999997,1.96
-0.4387,1.86
-0.4386,1.81
-0.4385,1.87
-0.4384,1.8900000000000001
-0.4383,1.9000000000000001
-0.4382,1.92
-0.4381,1.98
-0.438,2.08
-0.4379,2.12
-0.43779999999999997,2.2
-0.4377,2.25
-0.4376,2.25
-0.4375,2.21
-0.4374,2.2
-0.4373,2.19
-0.4372,2.18
-0.4371,2.11
-0.437,2.0100000000000002
-0.4369,1.9100000000000001
-0.43679999999999997,1.82
-0.4367,1.75
-0.4366,1.71
-0.4365,1.71
-0.4364,1.68
-0.4363,1.67
-0.4362,1.68
-0.4361,1.6500000000000001
-0.436,1.71
-0.4359,1.77
-0.43579999999999997,1.78
-0.4357,1.81
-0.4356,1.76
-0.4355,1.52
-0.4354,1.36
-0.4353,1.2
-0.43520000000000003,1.09
-0.4351,1.03
-0.435,1.08
-0.4349,1.11
-0.43479999999999996,1.1300000000000001
-0.4347,1.1500000000000001
-0.4346,1.19
-0.4345,1.46
-0.4344,1.69
-0.4343,1.83
-0.43420000000000003,1.96
-0.4341,2.07
-0.434,2.0
-0.4339,1.96
-0.43379999999999996,1.93
-0.4337,1.93
-0.4336,1.92
-0.4335,2.0300000000000002
-0.4334,2.12
-0.4333,2.17
-0.43320000000000003,2.22
-0.4331,2.2600000000000002
-0.433,2.19
-0.4329,2.11
-0.43279999999999996,2.04
-0.4327,2.0100000000000002
-0.4326,1.95
-0.4325,2.0
-0.4324,2.05
-0.4323,2.09
-0.43220000000000003,2.11
-0.4321,2.13
-0.432,2.15
-0.4319,2.17
-0.4318,2.18
-0.4317,2.19
-0.4316,2.2
-0.4315,2.2
-0.4314,2.2
-0.4313,2.19
-0.4312,2.18
-0.4311,2.18
-0.431,2.25
-0.4309,2.33
-0.4308,2.39
-0.43069999999999997,2.43
-0.4306,2.49
-0.4305,2.57
-0.4304,2.6
-0.4303,2.65
-0.4302,2.68
-0.4301,2.73
-0.43,2.54
-0.4299,2.31
-0.4298,2.11
-0.42969999999999997,1.99
-0.4296,1.8800000000000001
-0.4295,1.82
-0.4294,1.8
-0.4293,1.8
-0.4292,1.77
-0.4291,1.76
-0.429,1.6600000000000001
-0.4289,1.48
-0.4288,1.33
-0.42869999999999997,1.22
-0.4286,1.11
-0.4285,1.23
-0.4284,1.41
-0.4283,1.57
-0.4282,1.68
-0.4281,1.77
-0.428,1.74
-0.4279,1.59
-0.4278,1.47
-0.42769999999999997,1.3800000000000001
-0.4276,1.3
-0.4275,1.33
-0.4274,1.4000000000000001
-0.4273,1.45
-0.4272,1.5
-0.4271,1.54
-0.427,1.59
-0.4269,1.69
-0.4268,1.77
-0.42669999999999997,1.84
-0.4266,1.9000000000000001
-0.4265,1.82
-0.4264,1.55
-0.4263,1.34
-0.4262,1.17
-0.4261,1.04
-0.426,1.09
-0.4259,1.48
-0.4258,1.78
-0.42569999999999997,2.04
-0.4256,2.2
-0.4255,2.21
-0.4254,1.97
-0.4253,1.77
-0.4252,1.6
-0.4251,1.47
-0.425,1.41
-0.4249,1.58
-0.4248,1.71
-0.42469999999999997,1.8
-0.4246,1.87
-0.4245,1.98
-0.4244,2.19
-0.4243,2.33
-0.4242,2.47
-0.4241,2.56
-0.424,2.64
-0.4239,2.63
-0.4238,2.63
-0.42369999999999997,2.64
-0.4236,2.65
-0.4235,2.67
-0.4234,2.35
-0.4233,2.17
-0.4232,2.0
-0.4231,1.8900000000000001
-0.423,1.76
-0.4229,1.87
-0.4228,1.94
-0.42269999999999996,2.02
-0.4226,2.11
-0.4225,2.13
-0.4224,2.34
-0.4223,2.49
-0.4222,2.62
-0.42210000000000003,2.72
-0.422,2.7800000000000002
-0.4219,2.5100000000000002
-0.4218,2.2600000000000002
-0.42169999999999996,2.06
-0.4216,1.9100000000000001
-0.4215,1.8
-0.4214,1.8900000000000001
-0.4213,2.0
-0.4212,2.11
-0.42110000000000003,2.16
-0.421,2.22
-0.4209,2.13
-0.4208,2.0300000000000002
-0.42069999999999996,1.95
-0.4206,1.8800000000000001
-0.4205,1.82
-0.4204,1.67
-0.4203,1.47
-0.4202,1.31
-0.42010000000000003,1.2
-0.42,1.09
-0.4199,0.97
-0.4198,0.87
-0.41969999999999996,0.75
-0.4196,0.68
-0.4195,0.6
-0.4194,0.56
-0.4193,0.51
-0.4192,0.48
-0.41910000000000003,0.44
-0.419,0.44
-0.4189,0.51
-0.4188,0.62
-0.4187,0.75
-0.41859999999999997,0.8300000000000001
-0.4185,0.9
-0.4184,0.88
-0.4183,0.81
-0.4182,0.75
-0.4181,0.71
-0.418,0.66
-0.4179,0.76
-0.4178,1.01
-0.4177,1.19
-0.41759999999999997,1.35
-0.4175,1.45
-0.4174,1.53
-0.4173,1.58
-0.4172,1.67
-0.4171,1.7
-0.417,1.75
-0.4169,1.8800000000000001
-0.4168,2.11
-0.4167,2.29
-0.41659999999999997,2.44
-0.4165,2.5500000000000003
-0.4164,2.62
-0.4163,2.7
-0.4162,2.73
-0.4161,2.8000000000000003
-0.416,2.83
-0.4159,2.75
-0.4158,2.41
-0.4157,2.13
-0.41559999999999997,1.95
-0.4155,1.76
-0.4154,1.6400000000000001
-0.4153,1.55
-0.4152,1.46
-0.4151,1.3900000000000001
-0.415,1.36
-0.4149,1.29
-0.4148,1.1300000000000001
-0.4147,1.01
-0.41459999999999997,0.91
-0.4145,0.8300000000000001
-0.4144,0.81
-0.4143,1.23
-0.4142,1.52
-0.4141,1.8
-0.414,1.98
-0.4139,2.14
-0.4138,2.05
-0.4137,1.98
-0.41359999999999997,1.95
-0.4135,1.9100000000000001
-0.4134,1.9000000000000001
-0.4133,1.49
-0.4132,1.22
-0.4131,0.99
-0.413,0.81
-0.4129,0.68
-0.4128,0.84
-0.4127,1.01
-0.41259999999999997,1.1300000000000001
-0.4125,1.23
-0.4124,1.3
-0.4123,1.24
-0.4122,1.1500000000000001
-0.4121,1.09
-0.412,1.04
-0.4119,1.0
-0.4118,1.19
-0.4117,1.37
-0.41159999999999997,1.5
-0.4115,1.6
-0.4114,1.71
-0.4113,1.94
-0.4112,2.16
-0.4111,2.34
-0.411,2.48
-0.4109,2.57
-0.4108,2.47
-0.4107,2.34
-0.41059999999999997,2.22
-0.4105,2.17
-0.4104,2.09
-0.4103,1.96
-0.4102,1.8
-0.4101,1.7
-0.41,1.58
-0.4099,1.53
-0.4098,1.44
-0.4097,1.37
-0.40959999999999996,1.31
-0.4095,1.27
-0.4094,1.23
-0.4093,1.37
-0.4092,1.6400000000000001
-0.4091,1.85
-0.40900000000000003,1.99
-0.4089,2.12
-0.4088,2.07
-0.4087,1.94
-0.40859999999999996,1.83
-0.4085,1.73
-0.4084,1.68
-0.4083,1.5
-0.4082,1.23
-0.4081,1.01
-0.40800000000000003,0.8200000000000001
-0.4079,0.71
-0.4078,0.68
-0.4077,0.73
-0.40759999999999996,0.78
-0.4075,0.8200000000000001
-0.4074,0.84
-0.4073,0.84
-0.4072,0.84
-0.4071,0.84
-0.40700000000000003,0.85
-0.4069,0.8300000000000001
-0.4068,0.99
-0.4067,1.3900000000000001
-0.40659999999999996,1.72
-0.4065,1.98
-0.4064,2.17
-0.4063,2.25
-0.4062,2.18
-0.4061,2.11
-0.406,2.06
-0.4059,2.0100000000000002
-0.4058,2.0100000000000002
-0.4057,2.19
-0.4056,2.3000000000000003
-0.40549999999999997,2.39
-0.4054,2.47
-0.4053,2.5500000000000003
-0.4052,2.64
-0.4051,2.69
-0.405,2.77
-0.4049,2.81
-0.4048,2.79
-0.4047,2.39
-0.4046,2.08
-0.40449999999999997,1.83
-0.4044,1.6400000000000001
-0.4043,1.49
-0.4042,1.54
-0.4041,1.56
-0.404,1.56
-0.4039,1.58
-0.4038,1.59
-0.4037,1.41
-0.4036,1.23
-0.40349999999999997,1.12
-0.4034,1.01
-0.4033,0.9400000000000001
-0.4032,1.3
-0.4031,1.57
-0.403,1.8
-0.4029,1.97
-0.4028,2.11
-0.4027,1.86
-0.4026,1.6400000000000001
-0.40249999999999997,1.47
-0.4024,1.35
-0.4023,1.22
-0.4022,1.32
-0.4021,1.41
-0.402,1.49
-0.4019,1.54
-0.4018,1.53
-0.4017,1.41
-0.4016,1.21
-0.40149999999999997,1.08
-0.4014,0.96
-0.4013,0.87
-0.4012,1.12
-0.4011,1.42
-0.401,1.62
-0.4009,1.84
-0.4008,2.0
-0.4007,1.96
-0.4006,1.9000000000000001
-0.40049999999999997,1.87
-0.4004,1.81
-0.4003,1.81
-0.4002,1.96
-0.4001,2.13
-0.4,2.3000000000000003
-0.3999,2.41
-0.3998,2.5100000000000002
-0.3997,2.29
-0.3996,1.97
-0.39949999999999997,1.73
-0.3994,1.51
-0.3993,1.37
-0.3992,1.44
-0.3991,1.6400000000000001
-0.399,1.79
-0.3989,1.9100000000000001
-0.3988,1.99
-0.3987,2.16
-0.3986,2.33
-0.39849999999999997,2.5
-0.3984,2.6
-0.3983,2.69
-0.3982,2.66
-0.3981,2.57
-0.398,2.5
-0.3979,2.45
-0.3978,2.38
-0.3977,2.41
-0.3976,2.5
-0.39749999999999996,2.57
-0.3974,2.63
-0.3973,2.64
-0.3972,2.62
-0.3971,2.5100000000000002
-0.397,2.39
-0.3969,2.32
-0.3968,2.25
-0.3967,2.19
-0.3966,2.08
-0.39649999999999996,1.99
-0.3964,1.93
-0.3963,1.87
-0.3962,1.8900000000000001
-0.3961,2.07
-0.396,2.2
-0.39590000000000003,2.31
-0.3958,2.41
-0.3957,2.36
-0.3956,1.9100000000000001
-0.39549999999999996,1.57
-0.3954,1.31
-0.3953,1.09
-0.3952,0.97
-0.3951,1.2
-0.395,1.37
-0.39490000000000003,1.5
-0.3948,1.61
-0.3947,1.67
-0.3946,1.5
-0.39449999999999996,1.3900000000000001
-0.3944,1.3
-0.3943,1.21
-0.3942,1.1500000000000001
-0.3941,1.35
-0.394,1.5
-0.39390000000000003,1.6
-0.3938,1.7
-0.3937,1.76
-0.3936,2.07
-0.39349999999999996,2.25
-0.39339999999999997,2.41
-0.3933,2.5300000000000002
-0.3932,2.63
-0.3931,2.37
-0.393,2.13
-0.3929,1.96
-0.3928,1.83
-0.3927,1.71
-0.3926,1.98
-0.3925,2.2
-0.39239999999999997,2.38
-0.3923,2.5100000000000002
-0.3922,2.62
-0.3921,2.44
-0.392,2.2600000000000002
-0.3919,2.12
-0.3918,2.02
-0.3917,1.93
-0.3916,1.83
-0.3915,1.76
-0.39139999999999997,1.71
-0.3913,1.6600000000000001
-0.3912,1.6300000000000001
-0.3911,1.71
-0.391,1.8
-0.3909,1.86
-0.3908,1.9000000000000001
-0.3907,1.97
-0.3906,2.19
-0.3905,2.38
-0.39039999999999997,2.5300000000000002
-0.3903,2.67
-0.3902,2.7600000000000002
-0.3901,2.57
-0.39,2.2600000000000002
-0.3899,2.0300000000000002
-0.3898,1.87
-0.3897,1.72
-0.3896,1.61
-0.3895,1.46
-0.38939999999999997,1.36
-0.3893,1.28
-0.3892,1.22
-0.3891,1.31
-0.389,1.49
-0.3889,1.62
-0.3888,1.76
-0.3887,1.83
-0.3886,1.67
-0.3885,1.34
-0.38839999999999997,1.1
-0.3883,0.87
-0.3882,0.74
-0.3881,0.6900000000000001
-0.388,0.8
-0.3879,0.9
-0.3878,0.9500000000000001
-0.3877,1.01
-0.3876,1.03
-0.3875,0.98
-0.38739999999999997,0.96
-0.3873,0.92
-0.3872,0.9
-0.3871,0.93
-0.387,1.02
-0.3869,1.11
-0.3868,1.18
-0.3867,1.22
-0.3866,1.31
-0.3865,1.5
-0.38639999999999997,1.62
-0.3863,1.75
-0.3862,1.82
-0.3861,1.84
-0.386,1.78
-0.3859,1.73
-0.3858,1.72
-0.3857,1.6500000000000001
-0.3856,1.58
-0.3855,1.4000000000000001
-0.38539999999999996,1.24
-0.3853,1.1300000000000001
-0.3852,1.02
-0.3851,0.99
-0.385,1.18
-0.3849,1.32
-0.3848,1.43
-0.3847,1.51
-0.3846,1.62
-0.3845,1.8900000000000001
-0.38439999999999996,2.13
-0.3843,2.31
-0.3842,2.44
-0.3841,2.5500000000000003
-0.384,2.4
-0.3839,2.29
-0.3838,2.2
-0.3837,2.14
-0.3836,2.1
-0.3835,2.22
-0.38339999999999996,2.31
-0.3833,2.36
-0.3832,2.45
-0.3831,2.48
-0.383,2.22
-0.3829,1.99
-0.3828,1.84
-0.3827,1.71
-0.3826,1.6
-0.3825,1.84
-0.38239999999999996,2.09
-0.3823,2.27
-0.3822,2.39
-0.3821,2.5100000000000002
-0.382,2.13
-0.3819,1.75
-0.38180000000000003,1.44
-0.3817,1.21
-0.3816,0.99
-0.3815,1.1
-0.38139999999999996,1.23
-0.3813,1.34
-0.3812,1.3900000000000001
-0.3811,1.44
-0.381,1.62
-0.3809,1.81
-0.3808,1.96
-0.3807,2.07
-0.3806,2.16
-0.3805,2.0300000000000002
-0.38039999999999996,1.87
-0.38029999999999997,1.77
-0.3802,1.67
-0.3801,1.59
-0.38,1.78
-0.3799,2.06
-0.3798,2.27
-0.3797,2.45
-0.3796,2.58
-0.3795,2.32
-0.3794,1.93
-0.37929999999999997,1.61
-0.3792,1.3800000000000001
-0.3791,1.18
-0.379,1.03
-0.3789,0.92
-0.3788,0.84
-0.3787,0.75
-0.3786,0.6900000000000001
-0.3785,0.78
-0.3784,0.9500000000000001
-0.37829999999999997,1.09
-0.3782,1.19
-0.3781,1.28
-0.378,1.3800000000000001
-0.3779,1.48
-0.3778,1.56
-0.3777,1.6400000000000001
-0.3776,1.7
-0.3775,1.61
-0.3774,1.42
-0.37729999999999997,1.28
-0.3772,1.1500000000000001
-0.3771,1.07
-0.377,0.97
-0.3769,0.9400000000000001
-0.3768,0.87
-0.3767,0.85
-0.3766,0.8200000000000001
-0.3765,0.78
-0.3764,0.72
-0.37629999999999997,0.66
-0.3762,0.6
-0.3761,0.5700000000000001
-0.376,0.68
-0.3759,1.1300000000000001
-0.3758,1.49
-0.3757,1.76
-0.3756,1.99
-0.3755,2.06
-0.3754,1.75
-0.37529999999999997,1.53
-0.3752,1.36
-0.3751,1.21
-0.375,1.18
-0.3749,1.54
-0.3748,1.81
-0.37470000000000003,2.02
-0.3746,2.18
-0.3745,2.33
-0.37439999999999996,2.35
-0.37429999999999997,2.36
-0.3742,2.38
-0.3741,2.4
-0.374,2.42
-0.3739,2.18
-0.3738,1.99
-0.37370000000000003,1.82
-0.3736,1.72
-0.3735,1.6300000000000001
-0.37339999999999995,1.51
-0.37329999999999997,1.44
-0.3732,1.36
-0.3731,1.3
-0.373,1.27
-0.3729,1.54
-0.3728,1.75
-0.37270000000000003,1.92
-0.3726,2.05
-0.3725,2.17
-0.37239999999999995,1.98
-0.37229999999999996,1.8
-0.3722,1.6500000000000001
-0.3721,1.56
-0.372,1.47
-0.3719,1.3900000000000001
-0.3718,1.33
-0.37170000000000003,1.25
-0.3716,1.21
-0.3715,1.19
-0.37139999999999995,1.32
-0.37129999999999996,1.46
-0.3712,1.56
-0.3711,1.6600000000000001
-0.371,1.69
-0.3709,1.67
-0.3708,1.6400000000000001
-0.37070000000000003,1.6
-0.3706,1.56
-0.3705,1.52
-0.3704,1.77
-0.37029999999999996,2.0300000000000002
-0.3702,2.23
-0.3701,2.41
-0.37,2.54
-0.3699,2.2800000000000002
-0.3698,1.92
-0.36970000000000003,1.6400000000000001
-0.3696,1.41
-0.3695,1.23
-0.3694,1.43
-0.36929999999999996,1.74
-0.3692,2.0
-0.3691,2.2
-0.369,2.36
-0.3689,2.44
-0.3688,2.54
-0.3687,2.56
-0.3686,2.61
-0.3685,2.63
-0.3684,2.6
-0.36829999999999996,2.52
-0.36819999999999997,2.47
-0.3681,2.42
-0.368,2.37
-0.3679,2.38
-0.3678,2.42
-0.3677,2.46
-0.3676,2.46
-0.3675,2.49
-0.3674,2.57
-0.36729999999999996,2.68
-0.36719999999999997,2.77
-0.3671,2.86
-0.367,2.91
-0.3669,2.87
-0.3668,2.71
-0.3667,2.57
-0.3666,2.49
-0.3665,2.39
-0.3664,2.36
-0.36629999999999996,2.33
-0.36619999999999997,2.33
-0.3661,2.34
-0.366,2.35
-0.3659,2.36
-0.3658,2.48
-0.3657,2.57
-0.3656,2.63
-0.3655,2.67
-0.3654,2.63
-0.36529999999999996,2.2800000000000002
-0.36519999999999997,2.02
-0.3651,1.79
-0.365,1.61
-0.3649,1.47
-0.3648,1.3800000000000001
-0.3647,1.27
-0.3646,1.2
-0.3645,1.1500000000000001
-0.3644,1.12
-0.36429999999999996,1.29
-0.36419999999999997,1.4000000000000001
-0.3641,1.5
-0.364,1.57
-0.3639,1.6400000000000001
-0.3638,1.6400000000000001
-0.3637,1.6600000000000001
-0.36360000000000003,1.68
-0.3635,1.68
-0.3634,1.69
-0.36329999999999996,1.53
-0.36319999999999997,1.43
-0.3631,1.34
-0.363,1.26
-0.3629,1.2
-0.3628,1.27
-0.3627,1.34
-0.36260000000000003,1.36
-0.3625,1.42
-0.3624,1.44
-0.36229999999999996,1.48
-0.36219999999999997,1.5
-0.3621,1.52
-0.362,1.54
-0.3619,1.56
-0.3618,1.58
-0.3617,1.62
-0.36160000000000003,1.6400000000000001
-0.3615,1.6400000000000001
-0.3614,1.6500000000000001
-0.36129999999999995,1.6500000000000001
-0.36119999999999997,1.6600000000000001
-0.3611,1.6400000000000001
-0.361,1.6600000000000001
-0.3609,1.67
-0.3608,1.6400000000000001
-0.3607,1.61
-0.36060000000000003,1.59
-0.3605,1.55
-0.3604,1.56
-0.36029999999999995,1.54
-0.36019999999999996,1.52
-0.3601,1.51
-0.36,1.5
-0.3599,1.5
-0.3598,1.7
-0.3597,1.97
-0.35960000000000003,2.18
-0.3595,2.34
-0.3594,2.48
-0.35929999999999995,2.52
-0.35919999999999996,2.5300000000000002
-0.3591,2.5300000000000002
-0.359,2.54
-0.3589,2.5300000000000002
-0.3588,2.34
-0.3587,2.05
-0.35860000000000003,1.82
-0.3585,1.6300000000000001
-0.3584,1.48
-0.35829999999999995,1.35
-0.35819999999999996,1.23
-0.3581,1.1400000000000001
-0.358,1.05
-0.3579,1.0
-0.3578,1.17
-0.3577,1.54
-0.35760000000000003,1.84
-0.3575,2.09
-0.3574,2.25
-0.3573,2.27
-0.35719999999999996,2.02
-0.3571,1.84
-0.357,1.69
-0.3569,1.57
-0.3568,1.51
-0.3567,1.55
-0.35660000000000003,1.55
-0.3565,1.57
-0.3564,1.57
-0.3563,1.47
-0.35619999999999996,1.21
-0.35609999999999997,1.03
-0.356,0.85
-0.3559,0.73
-0.3558,0.66
-0.3557,0.65
-0.3556,0.64
-0.3555,0.64
-0.3554,0.63
-0.3553,0.65
-0.35519999999999996,0.8200000000000001
-0.35509999999999997,0.9400000000000001
-0.355,1.05
-0.3549,1.1
-0.3548,1.22
-0.3547,1.6
-0.3546,1.87
-0.3545,2.08
-0.3544,2.2800000000000002
-0.3543,2.4
-0.35419999999999996,2.45
-0.35409999999999997,2.47
-0.354,2.5300000000000002
-0.3539,2.5300000000000002
-0.3538,2.57
-0.3537,2.31
-0.3536,2.11
-0.3535,2.0
-0.3534,1.8900000000000001
-0.3533,1.8
-0.35319999999999996,1.8800000000000001
-0.35309999999999997,1.95
-0.353,2.0100000000000002
-0.3529,2.07
-0.3528,2.1
-0.3527,1.97
-0.3526,1.87
-0.3525,1.78
-0.3524,1.71
-0.3523,1.6500000000000001
-0.35219999999999996,1.86
-0.35209999999999997,2.08
-0.352,2.25
-0.3519,2.35
-0.3518,2.47
-0.3517,2.2800000000000002
-0.3516,2.07
-0.3515,1.9100000000000001
-0.3514,1.77
-0.3513,1.68
-0.35119999999999996,1.84
-0.35109999999999997,2.07
-0.351,2.25
-0.3509,2.38
-0.3508,2.48
-0.3507,2.23
-0.3506,1.93
-0.35050000000000003,1.69
-0.3504,1.51
-0.3503,1.37
-0.35019999999999996,1.1400000000000001
-0.35009999999999997,0.9400000000000001
-0.35,0.77
-0.3499,0.65
-0.3498,0.54
-0.3497,0.65
-0.3496,0.79
-0.34950000000000003,0.91
-0.3494,1.01
-0.3493,1.06
-0.34919999999999995,1.1500000000000001
-0.34909999999999997,1.23
-0.349,1.32
-0.3489,1.37
-0.3488,1.41
-0.3487,1.31
-0.3486,1.1
-0.34850000000000003,0.96
-0.3484,0.8200000000000001
-0.3483,0.74
-0.34819999999999995,0.87
-0.34809999999999997,1.21
-0.348,1.47
-0.3479,1.72
-0.3478,1.8800000000000001
-0.3477,2.04
-0.3476,2.2
-0.34750000000000003,2.32
-0.3474,2.42
-0.3473,2.5300000000000002
-0.34719999999999995,2.34
-0.34709999999999996,1.8900000000000001
-0.347,1.54
-0.3469,1.24
-0.3468,1.03
-0.3467,0.9400000000000001
-0.3466,1.05
-0.34650000000000003,1.09
-0.3464,1.1400000000000001
-0.3463,1.19
-0.34619999999999995,1.12
-0.34609999999999996,0.91
-0.346,0.74
-0.3459,0.6
-0.3458,0.5
-0.3457,0.5
-0.3456,0.6900000000000001
-0.34550000000000003,0.85
-0.3454,0.96
-0.3453,1.04
-0.34519999999999995,1.1400000000000001
-0.34509999999999996,1.24
-0.345,1.35
-0.3449,1.42
-0.3448,1.5
-0.3447,1.49
-0.3446,1.23
-0.34450000000000003,1.05
-0.3444,0.89
-0.3443,0.77
-0.3442,0.71
-0.34409999999999996,0.76
-0.344,0.79
-0.3439,0.8300000000000001
-0.3438,0.86
-0.3437,0.85
-0.3436,0.79
-0.3435,0.73
-0.3434,0.68
-0.3433,0.62
-0.3432,0.59
-0.34309999999999996,1.04
-0.34299999999999997,1.41
-0.3429,1.71
-0.3428,1.97
-0.3427,2.13
-0.3426,1.78
-0.3425,1.48
-0.3424,1.26
-0.3423,1.07
-0.3422,0.92
-0.34209999999999996,0.9400000000000001
-0.34199999999999997,0.93
-0.3419,0.9400000000000001
-0.3418,0.93
-0.3417,0.9400000000000001
-0.3416,1.09
-0.3415,1.26
-0.3414,1.3900000000000001
-0.3413,1.46
-0.3412,1.56
-0.34109999999999996,1.47
-0.34099999999999997,1.3800000000000001
-0.3409,1.29
-0.3408,1.21
-0.3407,1.16
-0.3406,1.06
-0.3405,0.96
-0.3404,0.87
-0.3403,0.8200000000000001
-0.3402,0.77
-0.34009999999999996,0.77
-0.33999999999999997,0.76
-0.3399,0.77
-0.3398,0.79
-0.3397,0.8
-0.3396,0.8300000000000001
-0.3395,0.87
-0.3394,0.93
-0.3393,0.96
-0.3392,0.98
-0.33909999999999996,1.2
-0.33899999999999997,1.5
-0.3389,1.73
-0.3388,1.9100000000000001
-0.3387,2.07
-0.3386,2.15
-0.3385,2.17
-0.3384,2.19
-0.3383,2.19
-0.3382,2.23
-0.33809999999999996,2.16
-0.33799999999999997,2.09
-0.3379,2.0
-0.3378,1.94
-0.3377,1.9000000000000001
-0.3376,1.98
-0.3375,2.22
-0.33740000000000003,2.42
-0.3373,2.57
-0.3372,2.67
-0.33709999999999996,2.75
-0.33699999999999997,2.8000000000000003
-0.3369,2.83
-0.3368,2.87
-0.3367,2.89
-0.3366,2.91
-0.3365,2.89
-0.33640000000000003,2.89
-0.3363,2.89
-0.3362,2.89
-0.33609999999999995,2.85
-0.33599999999999997,2.68
-0.3359,2.54
-0.3358,2.41
-0.3357,2.32
-0.3356,2.2
-0.3355,1.84
-0.33540000000000003,1.59
-0.3353,1.3800000000000001
-0.3352,1.2
-0.33509999999999995,1.06
-0.33499999999999996,1.01
-0.3349,0.97
-0.3348,0.9400000000000001
-0.3347,0.89
-0.3346,0.93
-0.3345,1.22
-0.33440000000000003,1.49
-0.3343,1.68
-0.3342,1.83
-0.33409999999999995,1.94
-0.33399999999999996,1.8900000000000001
-0.3339,1.86
-0.3338,1.84
-0.3337,1.84
-0.3336,1.82
-0.3335,2.09
-0.33340000000000003,2.27
-0.3333,2.41
-0.3332,2.54
-0.33309999999999995,2.64
-0.33299999999999996,2.31
-0.3329,2.06
-0.3328,1.85
-0.3327,1.68
-0.3326,1.55
-0.3325,1.6600000000000001
-0.33240000000000003,1.75
-0.3323,1.81
-0.3322,1.86
-0.33209999999999995,1.9100000000000001
-0.33199999999999996,1.6
-0.3319,1.31
-0.3318,1.08
-0.3317,0.91
-0.3316,0.77
-0.3315,1.16
-0.33140000000000003,1.5
-0.3313,1.77
-0.3312,1.98
-0.3311,2.15
-0.33099999999999996,2.12
-0.33089999999999997,2.05
-0.3308,1.97
-0.3307,1.9100000000000001
-0.3306,1.8800000000000001
-0.3305,1.68
-0.3304,1.47
-0.3303,1.3
-0.3302,1.16
-0.3301,1.07
-0.32999999999999996,1.01
-0.32989999999999997,1.02
-0.3298,1.0
-0.3297,1.01
-0.3296,1.01
-0.3295,0.87
-0.3294,0.78
-0.3293,0.65
-0.3292,0.5700000000000001
-0.3291,0.51
-0.32899999999999996,0.47000000000000003
-0.32889999999999997,0.43
-0.3288,0.42
-0.3287,0.4
-0.3286,0.39
-0.3285,0.66
-0.3284,1.07
-0.3283,1.3900000000000001
-0.3282,1.6400000000000001
-0.3281,1.84
-0.32799999999999996,1.99
-0.32789999999999997,2.06
-0.3278,2.14
-0.3277,2.17
-0.3276,2.2
-0.3275,2.32
-0.3274,2.48
-0.3273,2.6
-0.3272,2.7
-0.3271,2.8000000000000003
-0.32699999999999996,2.7800000000000002
-0.32689999999999997,2.62
-0.3268,2.52
-0.3267,2.44
-0.3266,2.36
-0.3265,2.36
-0.3264,2.47
-0.3263,2.54
-0.3262,2.6
-0.3261,2.65
-0.32599999999999996,2.69
-0.32589999999999997,2.7600000000000002
-0.3258,2.77
-0.3257,2.81
-0.3256,2.84
-0.3255,2.88
-0.3254,2.94
-0.3253,2.99
-0.3252,3.0300000000000002
-0.3251,3.06
-0.32499999999999996,3.0700000000000003
-0.32489999999999997,2.99
-0.3248,2.9
-0.3247,2.88
-0.3246,2.8000000000000003
-0.3245,2.79
-0.3244,2.64
-0.32430000000000003,2.52
-0.3242,2.41
-0.3241,2.36
-0.32399999999999995,2.29
-0.32389999999999997,2.0100000000000002
-0.3238,1.82
-0.3237,1.6500000000000001
-0.3236,1.53
-0.3235,1.42
-0.3234,1.54
-0.32330000000000003,1.62
-0.3232,1.69
-0.3231,1.73
-0.32299999999999995,1.78
-0.32289999999999996,1.9100000000000001
-0.3228,2.02
-0.3227,2.09
-0.3226,2.17
-0.3225,2.23
-0.3224,1.79
-0.32230000000000003,1.45
-0.3222,1.18
-0.3221,0.96
-0.32199999999999995,0.78
-0.32189999999999996,1.12
-0.3218,1.43
-0.3217,1.68
-0.3216,1.87
-0.3215,2.0
-0.3214,1.75
-0.32130000000000003,1.48
-0.3212,1.28
-0.3211,1.1300000000000001
-0.32099999999999995,0.99
-0.32089999999999996,0.9400000000000001
-0.3208,0.92
-0.3207,0.89
-0.3206,0.87
-0.3205,0.85
-0.3204,1.08
-0.32030000000000003,1.32
-0.3202,1.51
-0.3201,1.6500000000000001
-0.31999999999999995,1.76
-0.31989999999999996,1.8
-0.3198,1.74
-0.3197,1.72
-0.3196,1.71
-0.3195,1.7
-0.3194,1.79
-0.31930000000000003,1.93
-0.3192,2.05
-0.3191,2.14
-0.31899999999999995,2.21
-0.31889999999999996,2.32
-0.3188,2.46
-0.3187,2.57
-0.3186,2.64
-0.3185,2.71
-0.3184,2.43
-0.3183,1.97
-0.3182,1.6400000000000001
-0.3181,1.36
-0.318,1.11
-0.31789999999999996,0.9500000000000001
-0.31779999999999997,0.78
-0.3177,0.63
-0.3176,0.52
-0.3175,0.44
-0.3174,0.4
-0.3173,0.32
-0.3172,0.3
-0.3171,0.29
-0.317,0.26
-0.31689999999999996,0.36
-0.31679999999999997,0.5
-0.3167,0.62
-0.3166,0.72
-0.3165,0.79
-0.3164,0.9400000000000001
-0.3163,1.16
-0.3162,1.34
-0.3161,1.48
-0.316,1.61
-0.31589999999999996,1.67
-0.31579999999999997,1.67
-0.3157,1.67
-0.3156,1.6500000000000001
-0.3155,1.6500000000000001
-0.3154,1.71
-0.3153,1.9100000000000001
-0.3152,2.06
-0.3151,2.2
-0.315,2.29
-0.31489999999999996,2.2800000000000002
-0.31479999999999997,1.82
-0.3147,1.49
-0.3146,1.22
-0.3145,1.0
-0.3144,0.93
-0.3143,1.1
-0.3142,1.27
-0.3141,1.3800000000000001
-0.314,1.46
-0.31389999999999996,1.54
-0.31379999999999997,1.34
-0.3137,1.19
-0.3136,1.09
-0.3135,0.99
-0.3134,0.91
-0.3133,1.27
-0.3132,1.54
-0.3131,1.76
-0.313,1.95
-0.31289999999999996,2.06
-0.31279999999999997,1.69
-0.3127,1.4000000000000001
-0.3126,1.16
-0.3125,0.97
-0.3124,0.8300000000000001
-0.3123,0.91
-0.3122,0.98
-0.3121,1.03
-0.312,1.07
-0.31189999999999996,1.09
-0.31179999999999997,1.28
-0.3117,1.46
-0.3116,1.6
-0.3115,1.71
-0.3114,1.8
-0.3113,2.0100000000000002
-0.31120000000000003,2.2
-0.3111,2.37
-0.311,2.49
-0.31089999999999995,2.6
-0.31079999999999997,2.41
-0.3107,2.21
-0.3106,2.02
-0.3105,1.9100000000000001
-0.3104,1.77
-0.3103,1.6
-0.31020000000000003,1.43
-0.3101,1.29
-0.31,1.1500000000000001
-0.30989999999999995,1.07
-0.30979999999999996,0.92
-0.3097,0.81
-0.3096,0.73
-0.3095,0.65
-0.3094,0.6
-0.3093,0.54
-0.30920000000000003,0.48
-0.3091,0.44
-0.309,0.4
-0.30889999999999995,0.38
-0.30879999999999996,0.43
-0.3087,0.47000000000000003
-0.3086,0.51
-0.3085,0.53
-0.3084,0.56
-0.3083,0.5
-0.30820000000000003,0.41000000000000003
-0.3081,0.35000000000000003
-0.308,0.3
-0.30789999999999995,0.26
-0.30779999999999996,0.5
-0.3077,0.9
-0.3076,1.2
-0.3075,1.45
-0.3074,1.6400000000000001
-0.3073,1.69
-0.30720000000000003,1.51
-0.3071,1.3800000000000001
-0.307,1.27
-0.30689999999999995,1.18
-0.30679999999999996,1.03
-0.3067,0.88
-0.3066,0.75
-0.3065,0.67
-0.3064,0.58
-0.3063,0.65
-0.3062,0.98
-0.3061,1.25
-0.306,1.47
-0.30589999999999995,1.62
-0.30579999999999996,1.62
-0.30569999999999997,1.33
-0.3056,1.08
-0.3055,0.93
-0.3054,0.8
-0.3053,0.76
-0.3052,1.19
-0.3051,1.51
-0.305,1.77
-0.3049,1.97
-0.30479999999999996,2.09
-0.30469999999999997,1.8800000000000001
-0.3046,1.72
-0.3045,1.58
-0.3044,1.49
-0.3043,1.4000000000000001
-0.3042,1.19
-0.3041,1.07
-0.304,0.98
-0.3039,0.88
-0.30379999999999996,0.81
-0.30369999999999997,0.73
-0.3036,0.66
-0.3035,0.6
-0.3034,0.55
-0.3033,0.51
-0.3032,0.41000000000000003
-0.3031,0.35000000000000003
-0.303,0.29
-0.3029,0.24
-0.30279999999999996,0.2
-0.30269999999999997,0.46
-0.3026,0.63
-0.3025,0.78
-0.3024,0.88
-0.3023,0.99
-0.3022,1.31
-0.3021,1.59
-0.302,1.82
-0.3019,2.02
-0.30179999999999996,2.16
-0.30169999999999997,1.86
-0.3016,1.6
-0.3015,1.3900000000000001
-0.3014,1.21
-0.3013,1.07
-0.3012,1.1300000000000001
-0.3011,1.25
-0.301,1.31
-0.3009,1.37
-0.30079999999999996,1.4000000000000001
-0.30069999999999997,1.67
-0.3006,1.98
-0.3005,2.2
-0.3004,2.39
-0.3003,2.5300000000000002
-0.3002,2.29
-0.3001,1.94
-0.3,1.67
-0.2999,1.45
-0.29979999999999996,1.29
-0.29969999999999997,1.42
-0.2996,1.58
-0.2995,1.73
-0.2994,1.85
-0.2993,1.95
-0.2992,1.93
-0.2991,1.83
-0.299,1.77
-0.2989,1.71
-0.29879999999999995,1.69
-0.29869999999999997,1.68
-0.2986,1.7
-0.2985,1.72
-0.2984,1.71
-0.2983,1.73
-0.2982,1.56
-0.29810000000000003,1.3
-0.298,1.08
-0.2979,0.92
-0.29779999999999995,0.77
-0.29769999999999996,0.97
-0.2976,1.36
-0.2975,1.68
-0.2974,1.9100000000000001
-0.2973,2.12
-0.2972,2.2600000000000002
-0.29710000000000003,2.33
-0.297,2.39
-0.2969,2.47
-0.29679999999999995,2.52
-0.29669999999999996,2.47
-0.2966,2.29
-0.2965,2.15
-0.2964,2.04
-0.2963,1.95
-0.2962,1.79
-0.29610000000000003,1.51
-0.296,1.29
-0.2959,1.12
-0.29579999999999995,0.96
-0.29569999999999996,0.98
-0.2956,1.27
-0.2955,1.48
-0.2954,1.6300000000000001
-0.2953,1.78
-0.2952,1.86
-0.29510000000000003,1.77
-0.295,1.71
-0.2949,1.67
-0.29479999999999995,1.6400000000000001
-0.29469999999999996,1.53
-0.2946,1.26
-0.2945,1.03
-0.2944,0.87
-0.2943,0.73
-0.2942,0.65
-0.29410000000000003,0.93
-0.294,1.16
-0.2939,1.31
-0.29379999999999995,1.45
-0.29369999999999996,1.55
-0.29359999999999997,1.8
-0.2935,1.96
-0.2934,2.1
-0.2933,2.22
-0.2932,2.31
-0.2931,2.46
-0.293,2.57
-0.2929,2.67
-0.29279999999999995,2.73
-0.29269999999999996,2.79
-0.29259999999999997,2.46
-0.2925,2.19
-0.2924,1.97
-0.2923,1.79
-0.2922,1.6400000000000001
-0.2921,1.81
-0.292,1.99
-0.2919,2.12
-0.2918,2.22
-0.29169999999999996,2.31
-0.29159999999999997,2.27
-0.2915,2.22
-0.2914,2.18
-0.2913,2.15
-0.2912,2.1
-0.2911,2.27
-0.291,2.43
-0.2909,2.58
-0.2908,2.69
-0.29069999999999996,2.7800000000000002
-0.29059999999999997,2.62
-0.2905,2.43
-0.2904,2.29
-0.2903,2.17
-0.2902,2.07
-0.2901,1.93
-0.29,1.75
-0.2899,1.61
-0.2898,1.51
-0.28969999999999996,1.4000000000000001
-0.28959999999999997,1.6300000000000001
-0.2895,1.95
-0.2894,2.17
-0.2893,2.41
-0.2892,2.5500000000000003
-0.2891,2.66
-0.289,2.7600000000000002
-0.2889,2.82
-0.2888,2.87
-0.28869999999999996,2.89
-0.28859999999999997,2.61
-0.2885,2.18
-0.2884,1.82
-0.2883,1.56
-0.2882,1.35
-0.2881,1.24
-0.288,1.23
-0.2879,1.21
-0.2878,1.21
-0.28769999999999996,1.18
-0.28759999999999997,1.26
-0.2875,1.44
-0.2874,1.61
-0.2873,1.71
-0.2872,1.8
-0.2871,1.82
-0.287,1.76
-0.2869,1.72
-0.2868,1.7
-0.28669999999999995,1.6600000000000001
-0.28659999999999997,1.6400000000000001
-0.2865,1.6400000000000001
-0.2864,1.6400000000000001
-0.2863,1.62
-0.2862,1.6400000000000001
-0.2861,1.54
-0.286,1.35
-0.2859,1.2
-0.2858,1.06
-0.28569999999999995,0.97
-0.28559999999999997,1.0
-0.2855,1.27
-0.2854,1.49
-0.2853,1.6500000000000001
-0.2852,1.75
-0.2851,1.84
-0.28500000000000003,1.59
-0.2849,1.43
-0.2848,1.31
-0.28469999999999995,1.2
-0.28459999999999996,1.07
-0.2845,1.0
-0.2844,0.93
-0.2843,0.86
-0.2842,0.8200000000000001
-0.2841,0.8
-0.28400000000000003,1.01
-0.2839,1.1400000000000001
-0.2838,1.26
-0.28369999999999995,1.36
-0.28359999999999996,1.42
-0.2835,1.42
-0.2834,1.42
-0.2833,1.45
-0.2832,1.43
-0.2831,1.46
-0.28300000000000003,1.74
-0.2829,1.99
-0.2828,2.19
-0.28269999999999995,2.35
-0.28259999999999996,2.47
-0.2825,1.99
-0.2824,1.6300000000000001
-0.2823,1.35
-0.2822,1.11
-0.2821,0.92
-0.28200000000000003,1.12
-0.2819,1.27
-0.2818,1.42
-0.28169999999999995,1.52
-0.28159999999999996,1.59
-0.2815,1.53
-0.2814,1.46
-0.2813,1.42
-0.2812,1.3800000000000001
-0.2811,1.36
-0.281,1.59
-0.2809,1.87
-0.2808,2.11
-0.28069999999999995,2.29
-0.28059999999999996,2.41
-0.28049999999999997,2.38
-0.2804,2.2600000000000002
-0.2803,2.2
-0.2802,2.14
-0.2801,2.11
-0.28,1.95
-0.2799,1.77
-0.2798,1.62
-0.27969999999999995,1.51
-0.27959999999999996,1.4000000000000001
-0.27949999999999997,1.34
-0.2794,1.26
-0.2793,1.2
-0.2792,1.17
-0.2791,1.1300000000000001
-0.279,1.31
-0.2789,1.6
-0.2788,1.82
-0.27869999999999995,2.0100000000000002
-0.27859999999999996,2.15
-0.27849999999999997,2.25
-0.2784,2.31
-0.2783,2.36
-0.2782,2.41
-0.2781,2.43
-0.278,2.48
-0.2779,2.54
-0.2778,2.58
-0.2777,2.62
-0.27759999999999996,2.64
-0.27749999999999997,2.44
-0.2774,2.06
-0.2773,1.76
-0.2772,1.54
-0.2771,1.34
-0.277,1.3800000000000001
-0.2769,1.71
-0.2768,1.96
-0.2767,2.15
-0.27659999999999996,2.3000000000000003
-0.27649999999999997,2.39
-0.2764,2.37
-0.2763,2.35
-0.2762,2.35
-0.2761,2.35
-0.276,2.35
-0.2759,2.41
-0.2758,2.45
-0.2757,2.47
-0.27559999999999996,2.49
-0.27549999999999997,2.5300000000000002
-0.2754,2.64
-0.2753,2.73
-0.2752,2.79
-0.2751,2.84
-0.275,2.89
-0.2749,2.94
-0.2748,2.97
-0.2747,2.98
-0.27459999999999996,3.0300000000000002
-0.27449999999999997,3.0
-0.2744,2.87
-0.2743,2.77
-0.2742,2.69
-0.2741,2.64
-0.274,2.57
-0.2739,2.59
-0.2738,2.59
-0.2737,2.58
-0.27359999999999995,2.57
-0.27349999999999997,2.57
-0.2734,2.73
-0.2733,2.8000000000000003
-0.2732,2.88
-0.2731,2.96
-0.273,2.99
-0.2729,2.93
-0.2728,2.87
-0.2727,2.81
-0.27259999999999995,2.77
-0.27249999999999996,2.75
-0.2724,2.6
-0.2723,2.46
-0.2722,2.37
-0.2721,2.29
-0.272,2.21
-0.27190000000000003,1.93
-0.2718,1.6600000000000001
-0.2717,1.44
-0.27159999999999995,1.27
-0.27149999999999996,1.1400000000000001
-0.2714,1.1
-0.2713,1.05
-0.2712,1.02
-0.2711,0.97
-0.271,0.9500000000000001
-0.27090000000000003,1.18
-0.2708,1.42
-0.2707,1.62
-0.27059999999999995,1.76
-0.27049999999999996,1.9100000000000001
-0.2704,1.8
-0.2703,1.6500000000000001
-0.2702,1.53
-0.2701,1.42
-0.27,1.36
-0.26990000000000003,1.53
-0.2698,1.82
-0.2697,2.0300000000000002
-0.26959999999999995,2.2
-0.26949999999999996,2.34
-0.2694,2.25
-0.2693,2.11
-0.2692,2.02
-0.2691,1.92
-0.269,1.85
-0.26890000000000003,1.78
-0.2688,1.69
-0.2687,1.6300000000000001
-0.26859999999999995,1.57
-0.26849999999999996,1.54
-0.26839999999999997,1.57
-0.2683,1.61
-0.2682,1.67
-0.2681,1.7
-0.268,1.74
-0.2679,1.73
-0.2678,1.7
-0.2677,1.67
-0.26759999999999995,1.6400000000000001
-0.26749999999999996,1.62
-0.26739999999999997,1.69
-0.2673,1.8
-0.2672,1.92
-0.2671,1.99
-0.267,2.07
-0.2669,2.15
-0.2668,2.34
-0.2667,2.46
-0.26659999999999995,2.57
-0.26649999999999996,2.65
-0.26639999999999997,2.61
-0.2663,2.2800000000000002
-0.2662,2.05
-0.2661,1.8900000000000001
-0.266,1.75
-0.2659,1.68
-0.2658,1.85
-0.2657,1.98
-0.26559999999999995,2.08
-0.26549999999999996,2.16
-0.26539999999999997,2.24
-0.2653,2.34
-0.2652,2.4
-0.2651,2.47
-0.265,2.5
-0.2649,2.5500000000000003
-0.2648,2.44
-0.2647,2.39
-0.2646,2.36
-0.26449999999999996,2.3000000000000003
-0.26439999999999997,2.29
-0.2643,2.2800000000000002
-0.2642,2.29
-0.2641,2.3000000000000003
-0.264,2.29
-0.2639,2.25
-0.2638,1.81
-0.2637,1.52
-0.2636,1.26
-0.26349999999999996,1.06
-0.26339999999999997,0.96
-0.2633,1.12
-0.2632,1.25
-0.2631,1.34
-0.263,1.43
-0.2629,1.48
-0.2628,1.51
-0.2627,1.54
-0.2626,1.57
-0.26249999999999996,1.58
-0.26239999999999997,1.58
-0.2623,1.49
-0.2622,1.3900000000000001
-0.2621,1.3
-0.262,1.24
-0.2619,1.19
-0.2618,1.36
-0.2617,1.54
-0.2616,1.7
-0.26149999999999995,1.8
-0.26139999999999997,1.8800000000000001
-0.2613,1.59
-0.2612,1.28
-0.2611,1.09
-0.261,0.91
-0.2609,0.75
-0.2608,0.92
-0.2607,1.07
-0.2606,1.2
-0.26049999999999995,1.28
-0.26039999999999996,1.3800000000000001
-0.2603,1.47
-0.2602,1.55
-0.2601,1.6300000000000001
-0.26,1.7
-0.2599,1.76
-0.2598,1.52
-0.2597,1.26
-0.2596,1.05
-0.25949999999999995,0.91
-0.25939999999999996,0.77
-0.2593,0.73
-0.2592,0.74
-0.2591,0.72
-0.259,0.72
-0.2589,0.72
-0.25880000000000003,0.97
-0.2587,1.3
-0.2586,1.57
-0.25849999999999995,1.78
-0.25839999999999996,1.95
-0.2583,1.9000000000000001
-0.2582,1.69
-0.2581,1.52
-0.258,1.4000000000000001
-0.2579,1.29
-0.25780000000000003,1.3800000000000001
-0.2577,1.61
-0.2576,1.78
-0.25749999999999995,1.93
-0.25739999999999996,2.04
-0.2573,2.14
-0.2572,2.2800000000000002
-0.2571,2.39
-0.257,2.48
-0.2569,2.57
-0.25680000000000003,2.54
-0.2567,2.37
-0.2566,2.25
-0.25649999999999995,2.16
-0.25639999999999996,2.11
-0.2563,2.09
-0.2562,2.2800000000000002
-0.2561,2.43
-0.256,2.57
-0.2559,2.64
-0.2558,2.62
-0.2557,2.38
-0.2556,2.18
-0.25549999999999995,2.02
-0.25539999999999996,1.9100000000000001
-0.25529999999999997,1.8
-0.2552,1.86
-0.2551,1.8800000000000001
-0.255,1.9000000000000001
-0.2549,1.9100000000000001
-0.2548,1.9100000000000001
-0.2547,1.8
-0.2546,1.71
-0.25449999999999995,1.6600000000000001
-0.25439999999999996,1.61
-0.25429999999999997,1.56
-0.2542,1.55
-0.2541,1.52
-0.254,1.51
-0.2539,1.5
-0.2538,1.44
-0.2537,1.25
-0.2536,1.1400000000000001
-0.25349999999999995,1.02
-0.25339999999999996,0.9400000000000001
-0.25329999999999997,0.85
-0.2532,0.84
-0.2531,0.8200000000000001
-0.253,0.79
-0.2529,0.78
-0.2528,0.77
-0.2527,0.91
-0.2526,1.02
-0.25249999999999995,1.1
-0.25239999999999996,1.16
-0.25229999999999997,1.2
-0.2522,1.21
-0.2521,1.24
-0.252,1.26
-0.2519,1.26
-0.2518,1.28
-0.2517,1.03
-0.2516,0.8300000000000001
-0.2515,0.7000000000000001
-0.25139999999999996,0.5700000000000001
-0.25129999999999997,0.47000000000000003
-0.2512,0.84
-0.2511,1.21
-0.251,1.5
-0.2509,1.73
-0.2508,1.93
-0.2507,1.94
-0.2506,1.9000000000000001
-0.2505,1.85
-0.25039999999999996,1.86
-0.25029999999999997,1.83
-0.2502,1.62
-0.2501,1.42
-0.25,1.24
-0.2499,1.11
-0.24979999999999997,1.0
-0.24969999999999998,1.19
-0.2496,1.42
-0.2495,1.6
-0.2494,1.74
-0.24929999999999997,1.82
-0.24919999999999998,1.7
-0.2491,1.5
-0.249,1.35
-0.2489,1.2
-0.24879999999999997,1.1
-0.24869999999999998,1.03
-0.2486,0.98
-0.2485,0.93
-0.2484,0.9
-0.24829999999999997,0.87
-0.24819999999999998,0.91
-0.2481,0.9400000000000001
-0.248,0.9500000000000001
-0.2479,0.98
-0.24779999999999996,0.98
-0.24769999999999998,1.0
-0.2476,0.99
-0.2475,0.98
-0.2474,0.98
-0.24729999999999996,0.97
-0.24719999999999998,1.0
-0.2471,1.04
-0.247,1.09
-0.2469,1.12
-0.24679999999999996,1.1400000000000001
-0.24669999999999997,1.22
-0.24659999999999999,1.4000000000000001
-0.2465,1.53
-0.2464,1.6500000000000001
-0.24629999999999996,1.75
-0.24619999999999997,1.78
-0.24609999999999999,1.76
-0.246,1.75
-0.2459,1.72
-0.24579999999999996,1.73
-0.24569999999999997,1.8
-0.24559999999999998,2.07
-0.2455,2.3000000000000003
-0.2454,2.48
-0.24529999999999996,2.62
-0.24519999999999997,2.69
-0.24509999999999998,2.52
-0.245,2.36
-0.2449,2.2800000000000002
-0.24479999999999996,2.17
-0.24469999999999997,2.1
-0.24459999999999998,1.99
-0.2445,1.9000000000000001
-0.2444,1.84
-0.24429999999999996,1.76
-0.24419999999999997,1.72
-0.24409999999999998,1.9100000000000001
-0.244,2.05
-0.2439,2.15
-0.24379999999999996,2.23
-0.24369999999999997,2.27
-0.24359999999999998,1.83
-0.2435,1.53
-0.2434,1.27
-0.24329999999999996,1.08
-0.24319999999999997,0.9
-0.24309999999999998,0.77
-0.243,0.6900000000000001
-0.2429,0.6
-0.24279999999999996,0.53
-0.24269999999999997,0.47000000000000003
-0.24259999999999998,0.8300000000000001
-0.2425,1.09
-0.2424,1.29
-0.24230000000000002,1.44
-0.24219999999999997,1.57
-0.24209999999999998,1.61
-0.242,1.6300000000000001
-0.2419,1.62
-0.24180000000000001,1.6400000000000001
-0.24169999999999997,1.6500000000000001
-0.24159999999999998,1.6300000000000001
-0.2415,1.61
-0.2414,1.6
-0.24130000000000001,1.59
-0.24119999999999997,1.56
-0.24109999999999998,1.3
-0.241,1.06
-0.2409,0.89
-0.24080000000000001,0.71
-0.24069999999999997,0.59
-0.24059999999999998,0.5
-0.2405,0.42
-0.2404,0.35000000000000003
-0.2403,0.3
-0.24019999999999997,0.26
-0.24009999999999998,0.44
-0.24,0.65
-0.2399,0.81
-0.2398,0.92
-0.23969999999999997,1.01
-0.23959999999999998,1.18
-0.2395,1.3800000000000001
-0.2394,1.54
-0.2393,1.6500000000000001
-0.23919999999999997,1.74
-0.23909999999999998,1.7
-0.239,1.6
-0.2389,1.48
-0.2388,1.42
-0.23869999999999997,1.37
-0.23859999999999998,1.54
-0.2385,1.86
-0.2384,2.08
-0.2383,2.2600000000000002
-0.23819999999999997,2.41
-0.23809999999999998,2.5
-0.238,2.5300000000000002
-0.2379,2.58
-0.2378,2.62
-0.23769999999999997,2.65
-0.23759999999999998,2.37
-0.2375,1.95
-0.2374,1.6400000000000001
-0.2373,1.37
-0.23719999999999997,1.16
-0.23709999999999998,1.2
-0.237,1.44
-0.2369,1.6300000000000001
-0.2368,1.78
-0.23669999999999997,1.9000000000000001
-0.23659999999999998,2.0300000000000002
-0.2365,2.17
-0.2364,2.3000000000000003
-0.2363,2.39
-0.23619999999999997,2.45
-0.23609999999999998,2.48
-0.236,2.32
-0.2359,2.25
-0.2358,2.15
-0.23569999999999997,2.1
-0.23559999999999998,2.0300000000000002
-0.2355,1.97
-0.2354,1.9000000000000001
-0.2353,1.85
-0.23519999999999996,1.81
-0.23509999999999998,1.8
-0.235,1.7
-0.2349,1.6
-0.2348,1.54
-0.23469999999999996,1.51
-0.23459999999999998,1.45
-0.2345,1.3800000000000001
-0.2344,1.32
-0.2343,1.26
-0.23419999999999996,1.22
-0.23409999999999997,1.1400000000000001
-0.23399999999999999,1.02
-0.2339,0.92
-0.2338,0.84
-0.23369999999999996,0.78
-0.23359999999999997,0.72
-0.23349999999999999,0.7000000000000001
-0.2334,0.67
-0.2333,0.64
-0.23319999999999996,0.63
-0.23309999999999997,0.63
-0.23299999999999998,1.02
-0.2329,1.34
-0.2328,1.55
-0.23269999999999996,1.75
-0.23259999999999997,1.9100000000000001
-0.23249999999999998,1.92
-0.2324,1.8900000000000001
-0.2323,1.8900000000000001
-0.23219999999999996,1.9000000000000001
-0.23209999999999997,1.8900000000000001
-0.23199999999999998,1.56
-0.2319,1.29
-0.2318,1.05
-0.23169999999999996,0.91
-0.23159999999999997,0.75
-0.23149999999999998,1.07
-0.2314,1.35
-0.2313,1.57
-0.23119999999999996,1.74
-0.23109999999999997,1.8900000000000001
-0.23099999999999998,1.8800000000000001
-0.2309,1.86
-0.2308,1.82
-0.23069999999999996,1.8
-0.23059999999999997,1.8
-0.23049999999999998,1.8
-0.2304,1.78
-0.2303,1.76
-0.23019999999999996,1.75
-0.23009999999999997,1.77
-0.22999999999999998,1.9000000000000001
-0.2299,2.11
-0.2298,2.2600000000000002
-0.22969999999999996,2.38
-0.22959999999999997,2.49
-0.22949999999999998,2.47
-0.2294,2.42
-0.2293,2.38
-0.22919999999999996,2.34
-0.22909999999999997,2.32
-0.22899999999999998,2.31
-0.2289,2.35
-0.2288,2.36
-0.22870000000000001,2.37
-0.22859999999999997,2.39
-0.22849999999999998,2.37
-0.2284,2.32
-0.2283,2.29
-0.22820000000000001,2.2800000000000002
-0.22809999999999997,2.2600000000000002
-0.22799999999999998,2.29
-0.2279,2.33
-0.2278,2.37
-0.2277,2.41
-0.22759999999999997,2.4
-0.22749999999999998,2.37
-0.2274,2.27
-0.2273,2.17
-0.2272,2.12
-0.22709999999999997,2.06
-0.22699999999999998,2.0
-0.2269,1.92
-0.2268,1.84
-0.2267,1.8
-0.22659999999999997,1.74
-0.22649999999999998,1.83
-0.2264,2.08
-0.2263,2.2800000000000002
-0.2262,2.45
-0.22609999999999997,2.56
-0.22599999999999998,2.66
-0.2259,2.65
-0.2258,2.66
-0.2257,2.67
-0.22559999999999997,2.65
-0.22549999999999998,2.63
-0.2254,2.49
-0.2253,2.38
-0.2252,2.32
-0.22509999999999997,2.2600000000000002
-0.22499999999999998,2.13
-0.2249,1.8800000000000001
-0.2248,1.71
-0.2247,1.56
-0.22459999999999997,1.45
-0.22449999999999998,1.41
-0.2244,1.62
-0.2243,1.8
-0.2242,1.92
-0.22409999999999997,2.0100000000000002
-0.22399999999999998,2.09
-0.2239,2.0300000000000002
-0.2238,1.98
-0.2237,1.93
-0.22359999999999997,1.93
-0.22349999999999998,1.8800000000000001
-0.2234,1.73
-0.2233,1.6300000000000001
-0.2232,1.52
-0.22309999999999997,1.45
-0.22299999999999998,1.42
-0.2229,1.59
-0.2228,1.74
-0.2227,1.8800000000000001
-0.22259999999999996,1.96
-0.22249999999999998,2.04
-0.2224,2.17
-0.2223,2.27
-0.2222,2.35
-0.22209999999999996,2.39
-0.22199999999999998,2.44
-0.2219,2.52
-0.2218,2.57
-0.2217,2.61
-0.22159999999999996,2.66
-0.22149999999999997,2.69
-0.22139999999999999,2.73
-0.2213,2.73
-0.2212,2.74
-0.22109999999999996,2.75
-0.22099999999999997,2.75
-0.22089999999999999,2.73
-0.2208,2.77
-0.2207,2.7600000000000002
-0.22059999999999996,2.77
-0.22049999999999997,2.77
-0.22039999999999998,2.6
-0.2203,2.41
-0.2202,2.25
-0.22009999999999996,2.14
-0.21999999999999997,2.0300000000000002
-0.21989999999999998,2.0
-0.2198,1.98
-0.2197,1.98
-0.21959999999999996,1.97
-0.21949999999999997,1.94
-0.21939999999999998,1.97
-0.2193,1.98
-0.2192,2.0
-0.21909999999999996,2.0
-0.21899999999999997,2.02
-0.21889999999999998,1.83
-0.2188,1.58
-0.2187,1.4000000000000001
-0.21859999999999996,1.26
-0.21849999999999997,1.1300000000000001
-0.21839999999999998,1.05
-0.2183,1.01
-0.2182,0.98
-0.21809999999999996,0.9500000000000001
-0.21799999999999997,0.91
-0.21789999999999998,1.11
-0.2178,1.3800000000000001
-0.2177,1.6300000000000001
-0.21759999999999996,1.8
-0.21749999999999997,1.97
-0.21739999999999998,1.97
-0.2173,1.86
-0.2172,1.76
-0.21709999999999996,1.7
-0.21699999999999997,1.6500000000000001
-0.21689999999999998,1.6300000000000001
-0.2168,1.6500000000000001
-0.2167,1.68
-0.21659999999999996,1.68
-0.21649999999999997,1.68
-0.21639999999999998,1.67
-0.2163,1.57
-0.2162,1.5
-0.21609999999999996,1.44
-0.21599999999999997,1.41
-0.21589999999999998,1.41
-0.2158,1.53
-0.2157,1.6300000000000001
-0.2156,1.74
-0.21549999999999997,1.77
-0.21539999999999998,1.71
-0.2153,1.3900000000000001
-0.2152,1.1500000000000001
-0.2151,0.97
-0.21499999999999997,0.79
-0.21489999999999998,0.79
-0.2148,0.92
-0.2147,1.03
-0.2146,1.12
-0.21449999999999997,1.18
-0.21439999999999998,1.2
-0.2143,1.16
-0.2142,1.1400000000000001
-0.2141,1.11
-0.21399999999999997,1.11
-0.21389999999999998,1.1
-0.2138,1.02
-0.2137,0.97
-0.2136,0.9500000000000001
-0.21349999999999997,0.91
-0.21339999999999998,0.91
-0.2133,1.25
-0.2132,1.47
-0.2131,1.6500000000000001
-0.21299999999999997,1.8
-0.21289999999999998,1.9100000000000001
-0.2128,1.99
-0.2127,2.04
-0.2126,2.07
-0.21249999999999997,2.13
-0.21239999999999998,2.16
-0.2123,1.95
-0.2122,1.75
-0.2121,1.57
-0.21199999999999997,1.48
-0.21189999999999998,1.3800000000000001
-0.2118,1.51
-0.2117,1.6
-0.2116,1.7
-0.21149999999999997,1.75
-0.21139999999999998,1.82
-0.2113,1.86
-0.2112,1.92
-0.2111,1.96
-0.21099999999999997,2.0100000000000002
-0.21089999999999998,2.02
-0.2108,2.0300000000000002
-0.2107,2.04
-0.2106,2.05
-0.21049999999999996,2.06
-0.21039999999999998,2.06
-0.2103,2.11
-0.2102,2.16
-0.2101,2.22
-0.20999999999999996,2.25
-0.20989999999999998,2.29
-0.2098,2.16
-0.2097,2.0
-0.2096,1.85
-0.20949999999999996,1.75
-0.20939999999999998,1.67
-0.20929999999999999,1.6500000000000001
-0.2092,1.67
-0.2091,1.69
-0.20899999999999996,1.72
-0.20889999999999997,1.72
-0.20879999999999999,1.51
-0.2087,1.26
-0.2086,1.04
-0.20849999999999996,0.87
-0.20839999999999997,0.75
-0.20829999999999999,0.61
-0.2082,0.52
-0.2081,0.42
-0.20799999999999996,0.35000000000000003
-0.20789999999999997,0.3
-0.20779999999999998,0.55
-0.2077,0.9500000000000001
-0.2076,1.3
-0.20749999999999996,1.55
-0.20739999999999997,1.76
-0.20729999999999998,1.9000000000000001
-0.2072,1.95
-0.2071,1.99
-0.20699999999999996,2.02
-0.20689999999999997,2.07
-0.20679999999999998,2.15
-0.2067,2.32
-0.2066,2.45
-0.20649999999999996,2.57
-0.20639999999999997,2.64
-0.20629999999999998,2.63
-0.2062,2.37
-0.2061,2.18
-0.20599999999999996,2.0300000000000002
-0.20589999999999997,1.9100000000000001
-0.20579999999999998,1.75
-0.2057,1.6
-0.2056,1.48
-0.20549999999999996,1.36
-0.20539999999999997,1.26
-0.20529999999999998,1.29
-0.2052,1.57
-0.2051,1.79
-0.20499999999999996,1.96
-0.20489999999999997,2.1
-0.20479999999999998,2.18
-0.2047,1.99
-0.2046,1.86
-0.20449999999999996,1.75
-0.20439999999999997,1.67
-0.20429999999999998,1.55
-0.2042,1.44
-0.2041,1.34
-0.20399999999999996,1.26
-0.20389999999999997,1.17
-0.20379999999999998,1.17
-0.2037,1.3900000000000001
-0.2036,1.54
-0.20349999999999996,1.6300000000000001
-0.20339999999999997,1.74
-0.20329999999999998,1.82
-0.2032,1.74
-0.2031,1.6500000000000001
-0.20299999999999996,1.6
-0.20289999999999997,1.55
-0.20279999999999998,1.51
-0.2027,1.41
-0.2026,1.34
-0.2025,1.28
-0.20239999999999997,1.23
-0.20229999999999998,1.18
-0.2022,1.45
-0.2021,1.67
-0.202,1.8800000000000001
-0.20189999999999997,2.0300000000000002
-0.20179999999999998,2.14
-0.2017,2.08
-0.2016,2.0100000000000002
-0.2015,1.93
-0.20139999999999997,1.8900000000000001
-0.20129999999999998,1.84
-0.2012,1.71
-0.2011,1.6300000000000001
-0.201,1.56
-0.20089999999999997,1.49
-0.20079999999999998,1.45
-0.2007,1.6300000000000001
-0.2006,1.8
-0.2005,1.95
-0.20039999999999997,2.04
-0.20029999999999998,2.15
-0.2002,2.27
-0.2001,2.39
-0.2,2.5100000000000002
-0.19989999999999997,2.59
-0.19979999999999998,2.66
-0.1997,2.2800000000000002
-0.1996,1.83
-0.1995,1.5
-0.19939999999999997,1.22
-0.19929999999999998,0.99
-0.1992,1.08
-0.1991,1.23
-0.199,1.34
-0.19889999999999997,1.41
-0.19879999999999998,1.49
-0.1987,1.45
-0.1986,1.3800000000000001
-0.1985,1.35
-0.19839999999999997,1.31
-0.19829999999999998,1.27
-0.1982,1.18
-0.1981,1.07
-0.198,0.96
-0.19789999999999996,0.87
-0.19779999999999998,0.8200000000000001
-0.1977,0.97
-0.1976,1.21
-0.1975,1.43
-0.19739999999999996,1.58
-0.19729999999999998,1.72
-0.1972,1.71
-0.1971,1.56
-0.197,1.45
-0.19689999999999996,1.35
-0.19679999999999997,1.29
-0.19669999999999999,1.27
-0.1966,1.4000000000000001
-0.1965,1.44
-0.19639999999999996,1.48
-0.19629999999999997,1.51
-0.19619999999999999,1.57
-0.1961,1.6600000000000001
-0.196,1.73
-0.19589999999999996,1.79
-0.19579999999999997,1.86
-0.19569999999999999,1.76
-0.1956,1.48
-0.1955,1.27
-0.19539999999999996,1.09
-0.19529999999999997,0.9500000000000001
-0.19519999999999998,0.93
-0.1951,1.28
-0.195,1.52
-0.19489999999999996,1.73
-0.19479999999999997,1.9000000000000001
-0.19469999999999998,1.8900000000000001
-0.1946,1.54
-0.1945,1.28
-0.19439999999999996,1.07
-0.19429999999999997,0.91
-0.19419999999999998,0.81
-0.1941,0.96
-0.194,1.05
-0.19389999999999996,1.12
-0.19379999999999997,1.17
-0.19369999999999998,1.18
-0.1936,1.1400000000000001
-0.1935,1.11
-0.19339999999999996,1.08
-0.19329999999999997,1.07
-0.19319999999999998,1.04
-0.1931,0.96
-0.193,0.9
-0.19289999999999996,0.85
-0.19279999999999997,0.8200000000000001
-0.19269999999999998,0.77
-0.1926,0.77
-0.1925,0.78
-0.19239999999999996,0.77
-0.19229999999999997,0.76
-0.19219999999999998,0.76
-0.1921,1.07
-0.192,1.32
-0.19189999999999996,1.5
-0.19179999999999997,1.67
-0.19169999999999998,1.77
-0.1916,1.44
-0.1915,1.17
-0.19139999999999996,0.96
-0.19129999999999997,0.78
-0.19119999999999998,0.65
-0.1911,0.9500000000000001
-0.191,1.23
-0.19089999999999996,1.46
-0.19079999999999997,1.6500000000000001
-0.19069999999999998,1.78
-0.1906,1.93
-0.1905,2.02
-0.19039999999999996,2.12
-0.19029999999999997,2.19
-0.19019999999999998,2.25
-0.1901,1.96
-0.19,1.6600000000000001
-0.18989999999999996,1.41
-0.18979999999999997,1.22
-0.18969999999999998,1.06
-0.1896,0.98
-0.1895,0.89
-0.1894,0.8300000000000001
-0.18929999999999997,0.78
-0.18919999999999998,0.72
-0.1891,0.79
-0.189,0.84
-0.1889,0.91
-0.18879999999999997,0.96
-0.18869999999999998,1.0
-0.1886,0.96
-0.1885,0.88
-0.1884,0.84
-0.18829999999999997,0.81
-0.18819999999999998,0.77
-0.1881,0.86
-0.188,0.9500000000000001
-0.1879,1.03
-0.18779999999999997,1.1
-0.18769999999999998,1.12
-0.1876,1.25
-0.1875,1.3800000000000001
-0.1874,1.51
-0.18729999999999997,1.59
-0.18719999999999998,1.6600000000000001
-0.1871,1.58
-0.187,1.3800000000000001
-0.1869,1.22
-0.18679999999999997,1.08
-0.18669999999999998,1.01
-0.1866,0.93
-0.1865,0.8200000000000001
-0.1864,0.78
-0.18629999999999997,0.74
-0.18619999999999998,0.6900000000000001
-0.1861,0.8300000000000001
-0.186,1.26
-0.1859,1.62
-0.18579999999999997,1.86
-0.18569999999999998,2.06
-0.1856,2.19
-0.1855,2.12
-0.1854,2.08
-0.18529999999999996,2.0300000000000002
-0.18519999999999998,2.02
-0.1851,1.98
-0.185,1.8900000000000001
-0.1849,1.81
-0.18479999999999996,1.76
-0.18469999999999998,1.72
-0.1846,1.69
-0.1845,1.6300000000000001
-0.1844,1.6500000000000001
-0.18429999999999996,1.62
-0.18419999999999997,1.61
-0.18409999999999999,1.58
-0.184,1.44
-0.1839,1.34
-0.18379999999999996,1.26
-0.18369999999999997,1.2
-0.18359999999999999,1.1300000000000001
-0.1835,1.04
-0.1834,0.96
-0.18329999999999996,0.91
-0.18319999999999997,0.86
-0.18309999999999998,0.81
-0.183,1.01
-0.1829,1.1300000000000001
-0.18279999999999996,1.21
-0.18269999999999997,1.29
-0.18259999999999998,1.3800000000000001
-0.1825,1.22
-0.1824,1.1500000000000001
-0.18229999999999996,1.06
-0.18219999999999997,1.01
-0.18209999999999998,0.96
-0.182,0.87
-0.1819,0.8
-0.18179999999999996,0.74
-0.18169999999999997,0.6900000000000001
-0.18159999999999998,0.64
-0.1815,1.05
-0.1814,1.3900000000000001
-0.18129999999999996,1.6500000000000001
-0.18119999999999997,1.87
-0.18109999999999998,2.05
-0.181,2.0300000000000002
-0.1809,1.93
-0.18079999999999996,1.8800000000000001
-0.18069999999999997,1.84
-0.18059999999999998,1.81
-0.1805,1.62
-0.1804,1.46
-0.18029999999999996,1.34
-0.18019999999999997,1.24
-0.18009999999999998,1.17
-0.18,1.11
-0.1799,1.07
-0.17979999999999996,1.01
-0.17969999999999997,0.98
-0.17959999999999998,0.96
-0.1795,1.12
-0.1794,1.29
-0.17929999999999996,1.42
-0.17919999999999997,1.53
-0.17909999999999998,1.61
-0.179,1.71
-0.1789,1.83
-0.17879999999999996,1.9100000000000001
-0.17869999999999997,1.98
-0.17859999999999998,2.0300000000000002
-0.1785,2.0100000000000002
-0.1784,1.9100000000000001
-0.17829999999999996,1.81
-0.17819999999999997,1.76
-0.17809999999999998,1.71
-0.178,1.8
-0.1779,2.02
-0.17779999999999996,2.2
-0.17769999999999997,2.34
-0.17759999999999998,2.43
-0.1775,2.42
-0.1774,2.29
-0.17729999999999996,2.19
-0.17719999999999997,2.11
-0.17709999999999998,2.0300000000000002
-0.177,1.83
-0.1769,1.52
-0.17679999999999996,1.3
-0.17669999999999997,1.09
-0.17659999999999998,0.93
-0.1765,0.85
-0.1764,0.86
-0.17629999999999996,0.85
-0.17619999999999997,0.85
-0.17609999999999998,0.84
-0.176,0.91
-0.1759,1.09
-0.1758,1.2
-0.17569999999999997,1.28
-0.17559999999999998,1.3900000000000001
-0.1755,1.51
-0.1754,1.82
-0.1753,2.09
-0.17519999999999997,2.2600000000000002
-0.17509999999999998,2.45
-0.175,2.52
-0.1749,2.29
-0.1748,2.14
-0.17469999999999997,2.0100000000000002
-0.17459999999999998,1.9100000000000001
-0.1745,1.87
-0.1744,2.07
-0.1743,2.21
-0.17419999999999997,2.31
-0.17409999999999998,2.42
-0.174,2.45
-0.1739,2.08
-0.1738,1.85
-0.17369999999999997,1.62
-0.17359999999999998,1.47
-0.1735,1.32
-0.1734,1.12
-0.1733,0.9500000000000001
-0.17319999999999997,0.8200000000000001
-0.17309999999999998,0.71
-0.173,0.62
-0.1729,1.09
-0.1728,1.45
-0.17269999999999996,1.73
-0.17259999999999998,1.93
-0.1725,2.12
-0.1724,1.75
-0.1723,1.5
-0.17219999999999996,1.31
-0.17209999999999998,1.1300000000000001
-0.172,1.02
-0.1719,1.0
-0.1718,0.99
-0.17169999999999996,0.98
-0.17159999999999997,0.96
-0.17149999999999999,0.96
-0.1714,1.32
-0.1713,1.6400000000000001
-0.17119999999999996,1.86
-0.17109999999999997,2.06
-0.17099999999999999,2.22
-0.1709,2.2
-0.1708,2.13
-0.17069999999999996,2.11
-0.17059999999999997,2.07
-0.17049999999999998,2.05
-0.1704,1.8800000000000001
-0.1703,1.73
-0.17019999999999996,1.62
-0.17009999999999997,1.54
-0.16999999999999998,1.45
-0.1699,1.6600000000000001
-0.1698,1.94
-0.16969999999999996,2.17
-0.16959999999999997,2.32
-0.16949999999999998,2.45
-0.1694,2.21
-0.1693,1.8900000000000001
-0.16919999999999996,1.6400000000000001
-0.16909999999999997,1.45
-0.16899999999999998,1.3
-0.1689,1.4000000000000001
-0.1688,1.61
-0.16869999999999996,1.75
-0.16859999999999997,1.8800000000000001
-0.16849999999999998,1.95
-0.1684,1.72
-0.1683,1.41
-0.16819999999999996,1.1400000000000001
-0.16809999999999997,0.96
-0.16799999999999998,0.81
-0.1679,0.75
-0.1678,0.74
-0.16769999999999996,0.73
-0.16759999999999997,0.73
-0.16749999999999998,0.71
-0.1674,0.79
-0.1673,0.88
-0.16719999999999996,0.96
-0.16709999999999997,1.01
-0.16699999999999998,1.06
-0.1669,1.24
-0.1668,1.62
-0.16669999999999996,1.9000000000000001
-0.16659999999999997,2.14
-0.16649999999999998,2.33
-0.1664,2.45
-0.1663,2.52
-0.16619999999999996,2.58
-0.16609999999999997,2.62
-0.16599999999999998,2.64
-0.1659,2.5500000000000003
-0.1658,2.23
-0.16569999999999996,1.99
-0.16559999999999997,1.8
-0.16549999999999998,1.6300000000000001
-0.1654,1.61
-0.1653,1.74
-0.16519999999999996,1.87
-0.16509999999999997,1.95
-0.16499999999999998,2.0100000000000002
-0.1649,2.07
-0.1648,2.0300000000000002
-0.16469999999999996,2.0
-0.16459999999999997,1.98
-0.16449999999999998,2.0
-0.1644,1.8900000000000001
-0.1643,1.56
-0.16419999999999996,1.31
-0.16409999999999997,1.1
-0.16399999999999998,0.93
-0.1639,0.87
-0.1638,1.27
-0.16369999999999996,1.59
-0.16359999999999997,1.83
-0.16349999999999998,2.0100000000000002
-0.1634,2.11
-0.1633,1.78
-0.16319999999999996,1.53
-0.16309999999999997,1.35
-0.16299999999999998,1.19
-0.1629,1.09
-0.1628,1.2
-0.1627,1.3
-0.16259999999999997,1.35
-0.16249999999999998,1.3800000000000001
-0.1624,1.43
-0.1623,1.6600000000000001
-0.1622,1.8800000000000001
-0.16209999999999997,2.05
-0.16199999999999998,2.19
-0.1619,2.31
-0.1618,2.2
-0.1617,2.09
-0.16159999999999997,2.02
-0.16149999999999998,1.95
-0.1614,1.9000000000000001
-0.1613,2.08
-0.1612,2.29
-0.16109999999999997,2.46
-0.16099999999999998,2.62
-0.1609,2.71
-0.1608,2.41
-0.1607,2.09
-0.16059999999999997,1.85
-0.16049999999999998,1.6400000000000001
-0.1604,1.48
-0.1603,1.26
-0.1602,1.08
-0.16009999999999996,0.87
-0.15999999999999998,0.75
-0.1599,0.63
-0.1598,0.92
-0.1597,1.24
-0.15959999999999996,1.49
-0.15949999999999998,1.69
-0.1594,1.84
-0.1593,1.96
-0.1592,2.02
-0.15909999999999996,2.04
-0.15899999999999997,2.08
-0.15889999999999999,2.11
-0.1588,2.07
-0.1587,2.0
-0.15859999999999996,1.92
-0.15849999999999997,1.8800000000000001
-0.15839999999999999,1.84
-0.1583,1.84
-0.1582,1.8800000000000001
-0.15809999999999996,1.92
-0.15799999999999997,1.93
-0.15789999999999998,1.96
-0.1578,1.74
-0.1577,1.42
-0.15759999999999996,1.1500000000000001
-0.15749999999999997,0.9400000000000001
-0.15739999999999998,0.79
-0.1573,0.91
-0.1572,1.32
-0.15709999999999996,1.6300000000000001
-0.15699999999999997,1.87
-0.15689999999999998,2.06
-0.1568,2.24
-0.1567,2.41
-0.15659999999999996,2.57
-0.15649999999999997,2.64
-0.15639999999999998,2.7600000000000002
-0.1563,2.64
-0.1562,2.17
-0.15609999999999996,1.8
-0.15599999999999997,1.51
-0.15589999999999998,1.26
-0.1558,1.21
-0.1557,1.3
-0.15559999999999996,1.34
-0.15549999999999997,1.3800000000000001
-0.15539999999999998,1.41
-0.1553,1.46
-0.1552,1.56
-0.15509999999999996,1.6400000000000001
-0.15499999999999997,1.71
-0.15489999999999998,1.76
-0.1548,1.81
-0.1547,1.8900000000000001
-0.15459999999999996,1.94
-0.15449999999999997,1.98
-0.15439999999999998,2.0300000000000002
-0.1543,2.07
-0.1542,2.16
-0.15409999999999996,2.21
-0.15399999999999997,2.2800000000000002
-0.15389999999999998,2.29
-0.1538,2.33
-0.1537,2.31
-0.15359999999999996,2.29
-0.15349999999999997,2.27
-0.15339999999999998,2.25
-0.1533,2.25
-0.1532,2.0300000000000002
-0.15309999999999996,1.8900000000000001
-0.15299999999999997,1.76
-0.15289999999999998,1.68
-0.1528,1.6
-0.1527,1.82
-0.15259999999999996,1.96
-0.15249999999999997,2.1
-0.15239999999999998,2.21
-0.1523,2.2800000000000002
-0.1522,2.08
-0.15209999999999996,1.9100000000000001
-0.15199999999999997,1.8
-0.15189999999999998,1.7
-0.1518,1.62
-0.1517,1.42
-0.15159999999999996,1.26
-0.15149999999999997,1.12
-0.15139999999999998,1.02
-0.1513,0.92
-0.1512,1.25
-0.15109999999999996,1.58
-0.15099999999999997,1.84
-0.15089999999999998,2.05
-0.1508,2.19
-0.1507,2.3000000000000003
-0.15059999999999996,2.37
-0.15049999999999997,2.45
-0.15039999999999998,2.5100000000000002
-0.1503,2.57
-0.1502,2.54
-0.15009999999999996,2.54
-0.14999999999999997,2.52
-0.14989999999999998,2.5300000000000002
-0.1498,2.5
-0.1497,2.44
-0.1496,2.35
-0.14949999999999997,2.27
-0.14939999999999998,2.25
-0.1493,2.21
-0.1492,2.16
-0.1491,2.11
-0.14899999999999997,2.07
-0.14889999999999998,2.02
-0.1488,1.99
-0.1487,2.09
-0.1486,2.25
-0.14849999999999997,2.39
-0.14839999999999998,2.49
-0.1483,2.59
-0.1482,2.35
-0.1481,1.95
-0.14799999999999996,1.6400000000000001
-0.14789999999999998,1.3800000000000001
-0.1478,1.2
-0.1477,1.1400000000000001
-0.1476,1.2
-0.14749999999999996,1.23
-0.14739999999999998,1.28
-0.1473,1.3
-0.1472,1.33
-0.1471,1.35
-0.14699999999999996,1.37
-0.14689999999999998,1.37
-0.14679999999999999,1.41
-0.1467,1.46
-0.1466,1.54
-0.14649999999999996,1.56
-0.14639999999999997,1.56
-0.14629999999999999,1.61
-0.1462,1.6400000000000001
-0.1461,1.67
-0.14599999999999996,1.7
-0.14589999999999997,1.75
-0.14579999999999999,1.75
-0.1457,1.59
-0.1456,1.3
-0.14549999999999996,1.08
-0.14539999999999997,0.89
-0.14529999999999998,0.75
-0.1452,0.7000000000000001
-0.1451,0.8200000000000001
-0.14499999999999996,0.91
-0.14489999999999997,0.99
-0.14479999999999998,1.07
-0.1447,1.11
-0.1446,1.1
-0.14449999999999996,1.11
-0.14439999999999997,1.1400000000000001
-0.14429999999999998,1.1400000000000001
-0.1442,1.11
-0.1441,0.9400000000000001
-0.14399999999999996,0.79
-0.14389999999999997,0.68
-0.14379999999999998,0.59
-0.1437,0.58
-0.1436,0.8300000000000001
-0.14349999999999996,1.03
-0.14339999999999997,1.18
-0.14329999999999998,1.32
-0.1432,1.4000000000000001
-0.1431,1.31
-0.14299999999999996,1.26
-0.14289999999999997,1.21
-0.14279999999999998,1.19
-0.1427,1.1400000000000001
-0.1426,1.26
-0.14249999999999996,1.3
-0.14239999999999997,1.35
-0.14229999999999998,1.3900000000000001
-0.1422,1.43
-0.1421,1.27
-0.14199999999999996,1.1300000000000001
-0.14189999999999997,1.04
-0.14179999999999998,0.96
-0.1417,0.9
-0.1416,1.17
-0.14149999999999996,1.4000000000000001
-0.14139999999999997,1.57
-0.14129999999999998,1.72
-0.1412,1.82
-0.1411,2.0300000000000002
-0.14099999999999996,2.23
-0.14089999999999997,2.39
-0.14079999999999998,2.5300000000000002
-0.1407,2.63
-0.1406,2.31
-0.14049999999999996,1.99
-0.14039999999999997,1.73
-0.14029999999999998,1.53
-0.1402,1.3800000000000001
-0.1401,1.59
-0.13999999999999996,1.8800000000000001
-0.13989999999999997,2.09
-0.13979999999999998,2.27
-0.1397,2.39
-0.1396,2.45
-0.13949999999999996,2.46
-0.13939999999999997,2.44
-0.13929999999999998,2.48
-0.1392,2.5
-0.1391,2.41
-0.13899999999999996,2.2600000000000002
-0.13889999999999997,2.15
-0.13879999999999998,2.05
-0.1387,1.99
-0.1386,2.0
-0.13849999999999996,2.06
-0.13839999999999997,2.12
-0.13829999999999998,2.18
-0.1382,2.22
-0.1381,2.19
-0.13799999999999996,2.14
-0.13789999999999997,2.09
-0.13779999999999998,2.05
-0.1377,2.02
-0.1376,1.9100000000000001
-0.13749999999999996,1.81
-0.13739999999999997,1.71
-0.13729999999999998,1.6400000000000001
-0.1372,1.58
-0.1371,1.47
-0.13699999999999996,1.27
-0.13689999999999997,1.1400000000000001
-0.13679999999999998,1.02
-0.1367,0.92
-0.1366,1.07
-0.1365,1.42
-0.13639999999999997,1.71
-0.13629999999999998,1.9100000000000001
-0.1362,2.09
-0.1361,2.02
-0.136,1.6400000000000001
-0.13589999999999997,1.34
-0.13579999999999998,1.08
-0.1357,0.9
-0.1356,0.8
-0.1355,0.84
-0.13539999999999996,0.85
-0.13529999999999998,0.87
-0.1352,0.89
-0.1351,0.9
-0.135,0.84
-0.13489999999999996,0.8
-0.13479999999999998,0.75
-0.1347,0.73
-0.1346,0.81
-0.1345,1.21
-0.13439999999999996,1.5
-0.13429999999999997,1.75
-0.13419999999999999,1.95
-0.1341,2.05
-0.134,1.74
-0.13389999999999996,1.54
-0.13379999999999997,1.37
-0.13369999999999999,1.23
-0.1336,1.12
-0.1335,0.9500000000000001
-0.13339999999999996,0.81
-0.13329999999999997,0.68
-0.13319999999999999,0.6
-0.1331,0.54
-0.133,0.58
-0.13289999999999996,0.59
-0.13279999999999997,0.59
-0.13269999999999998,0.63
-0.1326,0.64
-0.1325,1.08
-0.13239999999999996,1.37
-0.13229999999999997,1.6300000000000001
-0.13219999999999998,1.84
-0.1321,2.0100000000000002
-0.132,1.8900000000000001
-0.13189999999999996,1.81
-0.13179999999999997,1.73
-0.13169999999999998,1.69
-0.1316,1.6400000000000001
-0.1315,1.3800000000000001
-0.13139999999999996,1.17
-0.13129999999999997,1.01
-0.13119999999999998,0.88
-0.1311,0.76
-0.131,1.06
-0.13089999999999996,1.33
-0.13079999999999997,1.57
-0.13069999999999998,1.72
-0.1306,1.86
-0.1305,1.9000000000000001
-0.13039999999999996,1.9000000000000001
-0.13029999999999997,1.9100000000000001
-0.13019999999999998,1.93
-0.1301,1.92
-0.13,1.6300000000000001
-0.12989999999999996,1.3800000000000001
-0.12979999999999997,1.1300000000000001
-0.12969999999999998,0.97
-0.1296,0.84
-0.1295,1.06
-0.12939999999999996,1.33
-0.12929999999999997,1.53
-0.12919999999999998,1.7
-0.1291,1.83
-0.129,1.8
-0.12889999999999996,1.74
-0.12879999999999997,1.7
-0.12869999999999998,1.6600000000000001
-0.1286,1.61
-0.1285,1.69
-0.12839999999999996,1.8
-0.12829999999999997,1.87
-0.12819999999999998,1.92
-0.1281,1.95
-0.128,1.85
-0.12789999999999996,1.6500000000000001
-0.12779999999999997,1.53
-0.12769999999999998,1.3800000000000001
-0.1276,1.27
-0.1275,1.35
-0.12739999999999996,1.45
-0.12729999999999997,1.56
-0.12719999999999998,1.6400000000000001
-0.1271,1.69
-0.127,1.6
-0.12689999999999996,1.37
-0.12679999999999997,1.2
-0.12669999999999998,1.08
-0.1266,0.97
-0.1265,1.09
-0.12639999999999996,1.36
-0.12629999999999997,1.56
-0.12619999999999998,1.73
-0.1261,1.86
-0.126,1.9100000000000001
-0.12589999999999996,1.82
-0.12579999999999997,1.79
-0.12569999999999998,1.74
-0.1256,1.72
-0.1255,1.69
-0.12539999999999996,1.67
-0.12529999999999997,1.6400000000000001
-0.12519999999999998,1.6
-0.1251,1.59
-0.125,1.6400000000000001
-0.12489999999999996,1.93
-0.12479999999999997,2.13
-0.12469999999999998,2.31
-0.12459999999999999,2.45
-0.1245,2.45
-0.12439999999999996,2.16
-0.12429999999999997,1.9100000000000001
-0.12419999999999998,1.74
-0.12409999999999999,1.58
-0.124,1.51
-0.12389999999999995,1.6
-0.12379999999999997,1.6600000000000001
-0.12369999999999998,1.71
-0.12359999999999999,1.75
-0.1235,1.71
-0.12340000000000001,1.49
-0.12329999999999997,1.35
-0.12319999999999998,1.22
-0.12309999999999999,1.12
-0.123,1.03
-0.12290000000000001,1.44
-0.12279999999999996,1.78
-0.12269999999999998,2.02
-0.12259999999999999,2.21
-0.1225,2.36
-0.12240000000000001,2.15
-0.12229999999999996,1.99
-0.12219999999999998,1.87
-0.12209999999999999,1.76
-0.122,1.68
-0.12190000000000001,1.5
-0.12179999999999996,1.34
-0.12169999999999997,1.22
-0.12159999999999999,1.1
-0.1215,1.03
-0.12140000000000001,1.35
-0.12129999999999996,1.6400000000000001
-0.12119999999999997,1.86
-0.12109999999999999,2.0100000000000002
-0.121,2.17
-0.12090000000000001,1.99
-0.12079999999999996,1.82
-0.12069999999999997,1.69
-0.12059999999999998,1.59
-0.1205,1.51
-0.12040000000000001,1.6400000000000001
-0.12029999999999996,1.79
-0.12019999999999997,1.9000000000000001
-0.12009999999999998,1.96
-0.12,2.04
-0.1199,2.15
-0.11979999999999996,2.2800000000000002
-0.11969999999999997,2.41
-0.11959999999999998,2.5
-0.1195,2.57
-0.1194,2.39
-0.11929999999999996,2.21
-0.11919999999999997,2.08
-0.11909999999999998,1.96
-0.119,1.87
-0.1189,1.98
-0.11879999999999996,2.16
-0.11869999999999997,2.2800000000000002
-0.11859999999999998,2.41
-0.1185,2.48
-0.1184,2.41
-0.11829999999999996,2.2800000000000002
-0.11819999999999997,2.19
-0.11809999999999998,2.08
-0.118,2.02
-0.1179,1.87
-0.11779999999999996,1.68
-0.11769999999999997,1.53
-0.11759999999999998,1.3900000000000001
-0.1175,1.31
-0.1174,1.31
-0.11729999999999996,1.3800000000000001
-0.11719999999999997,1.44
-0.11709999999999998,1.5
-0.11699999999999999,1.52
-0.1169,1.6300000000000001
-0.11679999999999996,1.81
-0.11669999999999997,1.93
-0.11659999999999998,2.0300000000000002
-0.11649999999999999,2.11
-0.1164,2.21
-0.11629999999999996,2.31
-0.11619999999999997,2.42
-0.11609999999999998,2.46
-0.11599999999999999,2.54
-0.1159,2.48
-0.11579999999999996,2.18
-0.11569999999999997,1.98
-0.11559999999999998,1.83
-0.11549999999999999,1.68
-0.1154,1.54
-0.11529999999999996,1.3800000000000001
-0.11519999999999997,1.2
-0.11509999999999998,1.08
-0.11499999999999999,0.99
-0.1149,0.89
-0.11479999999999996,0.75
-0.11469999999999997,0.65
-0.11459999999999998,0.56
-0.11449999999999999,0.5
-0.1144,0.5700000000000001
-0.11429999999999996,0.9400000000000001
-0.11419999999999997,1.22
-0.11409999999999998,1.47
-0.11399999999999999,1.6400000000000001
-0.1139,1.72
-0.11379999999999996,1.5
-0.11369999999999997,1.34
-0.11359999999999998,1.21
-0.11349999999999999,1.1
-0.1134,1.04
-0.11329999999999996,1.03
-0.11319999999999997,1.02
-0.11309999999999998,1.03
-0.11299999999999999,1.02
-0.1129,1.02
-0.11279999999999996,1.3
-0.11269999999999997,1.49
-0.11259999999999998,1.6300000000000001
-0.11249999999999999,1.74
-0.1124,1.84
-0.11229999999999996,2.06
-0.11219999999999997,2.25
-0.11209999999999998,2.42
-0.11199999999999999,2.54
-0.1119,2.64
-0.11179999999999995,2.25
-0.11169999999999997,1.8800000000000001
-0.11159999999999998,1.6
-0.11149999999999999,1.3900000000000001
-0.1114,1.21
-0.11129999999999995,1.21
-0.11119999999999997,1.2
-0.11109999999999998,1.19
-0.11099999999999999,1.22
-0.1109,1.2
-0.11079999999999995,1.36
-0.11069999999999997,1.49
-0.11059999999999998,1.58
-0.11049999999999999,1.67
-0.1104,1.72
-0.11029999999999995,1.7
-0.11019999999999996,1.7
-0.11009999999999998,1.71
-0.10999999999999999,1.71
-0.1099,1.72
-0.10980000000000001,1.58
-0.10969999999999996,1.41
-0.10959999999999998,1.28
-0.10949999999999999,1.17
-0.1094,1.08
-0.10930000000000001,1.12
-0.10919999999999996,1.17
-0.10909999999999997,1.21
-0.10899999999999999,1.24
-0.1089,1.26
-0.10880000000000001,1.5
-0.10869999999999996,1.78
-0.10859999999999997,2.02
-0.10849999999999999,2.18
-0.1084,2.32
-0.10830000000000001,2.47
-0.10819999999999996,2.61
-0.10809999999999997,2.73
-0.10799999999999998,2.81
-0.1079,2.89
-0.1078,2.94
-0.10769999999999996,2.96
-0.10759999999999997,2.99
-0.10749999999999998,3.0300000000000002
-0.1074,3.0300000000000002
-0.1073,3.0300000000000002
-0.10719999999999996,3.04
-0.10709999999999997,3.0300000000000002
-0.10699999999999998,3.0300000000000002
-0.1069,3.04
-0.1068,3.04
-0.10669999999999996,3.08
-0.10659999999999997,3.1
-0.10649999999999998,3.1
-0.1064,3.09
-0.1063,3.06
-0.10619999999999996,2.92
-0.10609999999999997,2.8000000000000003
-0.10599999999999998,2.73
-0.1059,2.64
-0.1058,2.49
-0.10569999999999996,2.25
-0.10559999999999997,2.02
-0.10549999999999998,1.87
-0.1054,1.73
-0.1053,1.58
-0.10519999999999996,1.4000000000000001
-0.10509999999999997,1.26
-0.10499999999999998,1.16
-0.1049,1.08
-0.1048,1.09
-0.10469999999999996,1.33
-0.10459999999999997,1.53
-0.10449999999999998,1.68
-0.10439999999999999,1.8
-0.1043,1.8900000000000001
-0.10419999999999996,1.95
-0.10409999999999997,1.99
-0.10399999999999998,2.0100000000000002
-0.10389999999999999,2.06
-0.1038,2.02
-0.10369999999999996,1.94
-0.10359999999999997,1.85
-0.10349999999999998,1.81
-0.10339999999999999,1.77
-0.1033,1.75
-0.10319999999999996,1.52
-0.10309999999999997,1.36
-0.10299999999999998,1.23
-0.10289999999999999,1.1300000000000001
-0.1028,1.06
-0.10269999999999996,1.34
-0.10259999999999997,1.53
-0.10249999999999998,1.68
-0.10239999999999999,1.8
-0.1023,1.8900000000000001
-0.10219999999999996,1.69
-0.10209999999999997,1.54
-0.10199999999999998,1.41
-0.10189999999999999,1.31
-0.1018,1.23
-0.10169999999999996,1.46
-0.10159999999999997,1.6600000000000001
-0.10149999999999998,1.8
-0.10139999999999999,1.92
-0.1013,2.02
-0.10119999999999996,2.13
-0.10109999999999997,2.25
-0.10099999999999998,2.34
-0.10089999999999999,2.42
-0.1008,2.47
-0.10069999999999996,2.48
-0.10059999999999997,2.47
-0.10049999999999998,2.47
-0.10039999999999999,2.46
-0.1003,2.47
-0.10019999999999996,2.34
-0.10009999999999997,2.23
-0.09999999999999998,2.15
-0.09989999999999999,2.07
-0.0998,2.02
-0.09969999999999996,2.15
-0.09959999999999997,2.32
-0.09949999999999998,2.45
-0.09939999999999999,2.56
-0.0993,2.63
-0.09919999999999995,2.41
-0.09909999999999997,2.08
-0.09899999999999998,1.85
-0.09889999999999999,1.62
-0.0988,1.51
-0.09869999999999995,1.67
-0.09859999999999997,1.93
-0.09849999999999998,2.16
-0.09839999999999999,2.29
-0.0983,2.46
-0.09819999999999995,2.37
-0.09809999999999997,2.13
-0.09799999999999998,1.95
-0.09789999999999999,1.8
-0.0978,1.68
-0.09769999999999995,1.49
-0.09759999999999996,1.25
-0.09749999999999998,1.05
-0.09739999999999999,0.87
-0.0973,0.75
-0.09719999999999995,0.92
-0.09709999999999996,1.33
-0.09699999999999998,1.6500000000000001
-0.09689999999999999,1.9000000000000001
-0.0968,2.11
-0.09670000000000001,2.16
-0.09659999999999996,2.09
-0.09649999999999997,2.0100000000000002
-0.09639999999999999,1.98
-0.0963,1.93
-0.09620000000000001,1.96
-0.09609999999999996,1.99
-0.09599999999999997,2.0
-0.09589999999999999,2.0300000000000002
-0.0958,2.04
-0.09570000000000001,2.06
-0.09559999999999996,2.11
-0.09549999999999997,2.12
-0.09539999999999998,2.12
-0.0953,2.16
-0.0952,2.05
-0.09509999999999996,1.6500000000000001
-0.09499999999999997,1.37
-0.09489999999999998,1.12
-0.0948,0.91
-0.0947,0.79
-0.09459999999999996,0.8200000000000001
-0.09449999999999997,0.8200000000000001
-0.09439999999999998,0.8200000000000001
-0.0943,0.8300000000000001
-0.0942,0.89
-0.09409999999999996,1.28
-0.09399999999999997,1.56
-0.09389999999999998,1.79
-0.0938,1.98
-0.0937,2.13
-0.09359999999999996,2.22
-0.09349999999999997,2.31
-0.09339999999999998,2.39
-0.0933,2.44
-0.0932,2.48
-0.09309999999999996,2.43
-0.09299999999999997,2.37
-0.09289999999999998,2.33
-0.0928,2.31
-0.0927,2.29
-0.09259999999999996,2.05
-0.09249999999999997,1.8900000000000001
-0.09239999999999998,1.71
-0.0923,1.6600000000000001
-0.0922,1.57
-0.09209999999999996,1.3800000000000001
-0.09199999999999997,1.21
-0.09189999999999998,1.07
-0.09179999999999999,0.96
-0.0917,0.9
-0.09159999999999996,0.74
-0.09149999999999997,0.62
-0.09139999999999998,0.51
-0.09129999999999999,0.43
-0.0912,0.36
-0.09109999999999996,0.51
-0.09099999999999997,0.66
-0.09089999999999998,0.78
-0.09079999999999999,0.87
-0.0907,0.9500000000000001
-0.09059999999999996,0.91
-0.09049999999999997,0.88
-0.09039999999999998,0.86
-0.09029999999999999,0.85
-0.0902,0.8300000000000001
-0.09009999999999996,1.1500000000000001
-0.08999999999999997,1.52
-0.08989999999999998,1.81
-0.08979999999999999,2.05
-0.0897,2.23
-0.08959999999999996,2.39
-0.08949999999999997,2.5300000000000002
-0.08939999999999998,2.62
-0.08929999999999999,2.71
-0.0892,2.79
-0.08909999999999996,2.47
-0.08899999999999997,2.02
-0.08889999999999998,1.68
-0.08879999999999999,1.41
-0.0887,1.2
-0.08859999999999996,1.36
-0.08849999999999997,1.6500000000000001
-0.08839999999999998,1.8800000000000001
-0.08829999999999999,2.06
-0.0882,2.19
-0.08809999999999996,2.22
-0.08799999999999997,2.22
-0.08789999999999998,2.21
-0.08779999999999999,2.19
-0.0877,2.18
-0.08759999999999996,2.25
-0.08749999999999997,2.29
-0.08739999999999998,2.39
-0.08729999999999999,2.43
-0.0872,2.48
-0.08709999999999996,2.5
-0.08699999999999997,2.54
-0.08689999999999998,2.57
-0.08679999999999999,2.61
-0.0867,2.61
-0.08659999999999995,2.5500000000000003
-0.08649999999999997,2.39
-0.08639999999999998,2.2800000000000002
-0.08629999999999999,2.2
-0.0862,2.12
-0.08609999999999995,1.99
-0.08599999999999997,1.76
-0.08589999999999998,1.59
-0.08579999999999999,1.45
-0.0857,1.35
-0.08559999999999995,1.24
-0.08549999999999996,1.1400000000000001
-0.08539999999999998,1.09
-0.08529999999999999,1.03
-0.0852,0.98
-0.08509999999999995,1.06
-0.08499999999999996,1.4000000000000001
-0.08489999999999998,1.6600000000000001
-0.08479999999999999,1.86
-0.0847,2.04
-0.08459999999999995,2.06
-0.08449999999999996,1.7
-0.08439999999999998,1.44
-0.08429999999999999,1.27
-0.0842,1.08
-0.08409999999999995,0.97
-0.08399999999999996,1.1300000000000001
-0.08389999999999997,1.22
-0.08379999999999999,1.32
-0.0837,1.3900000000000001
-0.08360000000000001,1.42
-0.08349999999999996,1.4000000000000001
-0.08339999999999997,1.37
-0.08329999999999999,1.37
-0.0832,1.37
-0.08310000000000001,1.36
-0.08299999999999996,1.12
-0.08289999999999997,0.9500000000000001
-0.08279999999999998,0.81
-0.0827,0.7000000000000001
-0.0826,0.59
-0.08249999999999996,0.9400000000000001
-0.08239999999999997,1.16
-0.08229999999999998,1.35
-0.0822,1.46
-0.0821,1.58
-0.08199999999999996,1.3800000000000001
-0.08189999999999997,1.23
-0.08179999999999998,1.12
-0.0817,1.02
-0.0816,0.9500000000000001
-0.08149999999999996,1.36
-0.08139999999999997,1.7
-0.08129999999999998,1.97
-0.0812,2.16
-0.0811,2.34
-0.08099999999999996,2.04
-0.08089999999999997,1.75
-0.08079999999999998,1.51
-0.0807,1.33
-0.0806,1.18
-0.08049999999999996,1.17
-0.08039999999999997,1.17
-0.08029999999999998,1.16
-0.0802,1.1500000000000001
-0.0801,1.16
-0.07999999999999996,1.33
-0.07989999999999997,1.5
-0.07979999999999998,1.6300000000000001
-0.0797,1.73
-0.0796,1.81
-0.07949999999999996,1.72
-0.07939999999999997,1.6400000000000001
-0.07929999999999998,1.59
-0.07919999999999999,1.52
-0.0791,1.49
-0.07899999999999996,1.48
-0.07889999999999997,1.46
-0.07879999999999998,1.46
-0.07869999999999999,1.46
-0.0786,1.45
-0.07849999999999996,1.62
-0.07839999999999997,1.8
-0.07829999999999998,1.94
-0.07819999999999999,2.05
-0.0781,2.16
-0.07799999999999996,2.14
-0.07789999999999997,2.1
-0.07779999999999998,2.07
-0.07769999999999999,2.05
-0.0776,2.0300000000000002
-0.07749999999999996,1.98
-0.07739999999999997,1.93
-0.07729999999999998,1.8900000000000001
-0.07719999999999999,1.86
-0.0771,1.83
-0.07699999999999996,1.71
-0.07689999999999997,1.52
-0.07679999999999998,1.37
-0.07669999999999999,1.23
-0.0766,1.16
-0.07649999999999996,1.04
-0.07639999999999997,0.9400000000000001
-0.07629999999999998,0.88
-0.07619999999999999,0.81
-0.0761,0.77
-0.07599999999999996,0.86
-0.07589999999999997,1.1400000000000001
-0.07579999999999998,1.3800000000000001
-0.07569999999999999,1.54
-0.0756,1.68
-0.07549999999999996,1.76
-0.07539999999999997,1.8900000000000001
-0.07529999999999998,1.95
-0.07519999999999999,2.0300000000000002
-0.0751,2.07
-0.07499999999999996,1.99
-0.07489999999999997,1.71
-0.07479999999999998,1.47
-0.07469999999999999,1.31
-0.0746,1.1500000000000001
-0.07449999999999996,1.01
-0.07439999999999997,0.87
-0.07429999999999998,0.71
-0.07419999999999999,0.61
-0.0741,0.52
-0.07399999999999995,0.52
-0.07389999999999997,0.9
-0.07379999999999998,1.18
-0.07369999999999999,1.42
-0.0736,1.59
-0.07349999999999995,1.67
-0.07339999999999997,1.5
-0.07329999999999998,1.3800000000000001
-0.07319999999999999,1.27
-0.0731,1.18
-0.07299999999999995,1.12
-0.07289999999999996,1.26
-0.07279999999999998,1.37
-0.07269999999999999,1.44
-0.0726,1.51
-0.07249999999999995,1.54
-0.07239999999999996,1.45
-0.07229999999999998,1.36
-0.07219999999999999,1.31
-0.0721,1.29
-0.07199999999999995,1.25
-0.07189999999999996,1.1300000000000001
-0.07179999999999997,1.03
-0.07169999999999999,0.96
-0.0716,0.9
-0.07149999999999995,0.85
-0.07139999999999996,0.9500000000000001
-0.07129999999999997,1.02
-0.07119999999999999,1.09
-0.0711,1.1500000000000001
-0.07099999999999995,1.18
-0.07089999999999996,1.1300000000000001
-0.07079999999999997,1.1
-0.07069999999999999,1.07
-0.0706,1.02
-0.07050000000000001,1.01
-0.07039999999999996,1.09
-0.07029999999999997,1.1400000000000001
-0.07019999999999998,1.22
-0.0701,1.26
-0.07,1.31
-0.06989999999999996,1.3800000000000001
-0.06979999999999997,1.45
-0.06969999999999998,1.5
-0.0696,1.51
-0.0695,1.55
-0.06939999999999996,1.3900000000000001
-0.06929999999999997,1.18
-0.06919999999999998,1.02
-0.0691,0.89
-0.069,0.8
-0.06889999999999996,0.79
-0.06879999999999997,0.81
-0.06869999999999998,0.84
-0.0686,0.86
-0.0685,0.86
-0.06839999999999996,0.8300000000000001
-0.06829999999999997,0.75
-0.06819999999999998,0.66
-0.0681,0.64
-0.068,0.6
-0.06789999999999996,0.7000000000000001
-0.06779999999999997,0.87
-0.06769999999999998,1.01
-0.0676,1.12
-0.0675,1.21
-0.06739999999999996,1.08
-0.06729999999999997,0.87
-0.06719999999999998,0.71
-0.06709999999999999,0.6
-0.067,0.49
-0.06689999999999996,0.56
-0.06679999999999997,0.81
-0.06669999999999998,1.03
-0.06659999999999999,1.19
-0.0665,1.29
-0.06639999999999996,1.26
-0.06629999999999997,1.0
-0.06619999999999998,0.8300000000000001
-0.06609999999999999,0.68
-0.066,0.55
-0.06589999999999996,0.52
-0.06579999999999997,0.59
-0.06569999999999998,0.64
-0.06559999999999999,0.7000000000000001
-0.0655,0.75
-0.06539999999999996,0.81
-0.06529999999999997,0.97
-0.06519999999999998,1.09
-0.06509999999999999,1.2
-0.065,1.28
-0.06489999999999996,1.28
-0.06479999999999997,1.1
-0.06469999999999998,0.96
-0.06459999999999999,0.86
-0.0645,0.76
-0.06439999999999996,0.71
-0.06429999999999997,0.76
-0.06419999999999998,0.84
-0.06409999999999999,0.88
-0.064,0.89
-0.06389999999999996,0.9500000000000001
-0.06379999999999997,1.1500000000000001
-0.06369999999999998,1.29
-0.06359999999999999,1.41
-0.0635,1.5
-0.06339999999999996,1.57
-0.06329999999999997,1.47
-0.06319999999999998,1.42
-0.06309999999999999,1.36
-0.063,1.31
-0.06289999999999996,1.27
-0.06279999999999997,1.1400000000000001
-0.06269999999999998,1.03
-0.06259999999999999,0.9500000000000001
-0.0625,0.9
-0.062399999999999956,0.8200000000000001
-0.062299999999999967,0.7000000000000001
-0.06219999999999998,0.62
-0.06209999999999999,0.53
-0.062,0.47000000000000003
-0.061899999999999955,0.43
-0.061799999999999966,0.64
-0.06169999999999998,0.8
-0.06159999999999999,0.92
-0.0615,1.03
-0.061399999999999955,1.12
-0.061299999999999966,1.09
-0.06119999999999998,1.07
-0.06109999999999999,1.05
-0.061,1.04
-0.060899999999999954,1.02
-0.060799999999999965,0.88
-0.060699999999999976,0.76
-0.06059999999999999,0.66
-0.0605,0.5700000000000001
-0.060399999999999954,0.51
-0.060299999999999965,0.7000000000000001
-0.060199999999999976,0.91
-0.06009999999999999,1.08
-0.06,1.22
-0.05989999999999995,1.34
-0.059799999999999964,1.47
-0.059699999999999975,1.56
-0.059599999999999986,1.67
-0.0595,1.74
-0.05939999999999995,1.8
-0.059299999999999964,1.98
-0.059199999999999975,2.21
-0.059099999999999986,2.41
-0.059,2.54
-0.05889999999999995,2.66
-0.05879999999999996,2.35
-0.058699999999999974,1.93
-0.058599999999999985,1.6
-0.058499999999999996,1.34
-0.05839999999999995,1.12
-0.05829999999999996,1.05
-0.058199999999999974,1.06
-0.058099999999999985,1.09
-0.057999999999999996,1.09
-0.05789999999999995,1.1
-0.05779999999999996,0.97
-0.057699999999999974,0.8200000000000001
-0.057599999999999985,0.68
-0.057499999999999996,0.59
-0.05739999999999995,0.51
-0.05729999999999996,0.66
-0.05719999999999997,1.0
-0.057099999999999984,1.27
-0.056999999999999995,1.48
-0.056900000000000006,1.6500000000000001
-0.05679999999999996,1.61
-0.05669999999999997,1.3900000000000001
-0.056599999999999984,1.23
-0.056499999999999995,1.1300000000000001
-0.056400000000000006,1.01
-0.05629999999999996,1.01
-0.05619999999999997,1.18
-0.05609999999999998,1.3
-0.055999999999999994,1.37
-0.055900000000000005,1.44
-0.05579999999999996,1.47
-0.05569999999999997,1.4000000000000001
-0.05559999999999998,1.3900000000000001
-0.055499999999999994,1.36
-0.055400000000000005,1.34
-0.05529999999999996,1.31
-0.05519999999999997,1.24
-0.05509999999999998,1.19
-0.05499999999999999,1.17
-0.054900000000000004,1.1400000000000001
-0.05479999999999996,1.09
-0.05469999999999997,1.04
-0.05459999999999998,0.98
-0.05449999999999999,0.93
-0.054400000000000004,0.9
-0.05429999999999996,0.9
-0.05419999999999997,1.08
-0.05409999999999998,1.23
-0.05399999999999999,1.3800000000000001
-0.0539,1.45
-0.05379999999999996,1.56
-0.05369999999999997,1.86
-0.05359999999999998,2.09
-0.05349999999999999,2.27
-0.0534,2.41
-0.05329999999999996,2.5300000000000002
-0.05319999999999997,2.3000000000000003
-0.05309999999999998,2.11
-0.05299999999999999,1.99
-0.0529,1.9000000000000001
-0.05279999999999996,1.81
-0.05269999999999997,2.04
-0.05259999999999998,2.2
-0.05249999999999999,2.33
-0.0524,2.41
-0.05229999999999996,2.5
-0.05219999999999997,2.35
-0.05209999999999998,2.22
-0.05199999999999999,2.12
-0.0519,2.0300000000000002
-0.05179999999999996,1.98
-0.05169999999999997,1.75
-0.05159999999999998,1.57
-0.05149999999999999,1.43
-0.0514,1.32
-0.05129999999999996,1.21
-0.05119999999999997,1.54
-0.05109999999999998,1.83
-0.05099999999999999,2.05
-0.0509,2.2600000000000002
-0.050799999999999956,2.41
-0.05069999999999997,2.5300000000000002
-0.05059999999999998,2.62
-0.05049999999999999,2.7
-0.0504,2.7600000000000002
-0.050299999999999956,2.83
-0.05019999999999997,2.7
-0.05009999999999998,2.5500000000000003
-0.04999999999999999,2.43
-0.0499,2.33
-0.049799999999999955,2.25
-0.049699999999999966,2.37
-0.04959999999999998,2.5300000000000002
-0.04949999999999999,2.65
-0.0494,2.77
-0.049299999999999955,2.83
-0.049199999999999966,2.73
-0.04909999999999998,2.5500000000000003
-0.04899999999999999,2.41
-0.0489,2.31
-0.048799999999999955,2.23
-0.048699999999999966,2.0300000000000002
-0.04859999999999998,1.8
-0.04849999999999999,1.6400000000000001
-0.0484,1.48
-0.048299999999999954,1.3800000000000001
-0.048199999999999965,1.3900000000000001
-0.048099999999999976,1.48
-0.04799999999999999,1.54
-0.0479,1.58
-0.047799999999999954,1.6400000000000001
-0.047699999999999965,1.68
-0.047599999999999976,1.67
-0.04749999999999999,1.7
-0.0474,1.7
-0.04729999999999995,1.72
-0.047199999999999964,1.59
-0.047099999999999975,1.31
-0.046999999999999986,1.08
-0.0469,0.91
-0.04679999999999995,0.77
-0.046699999999999964,0.81
-0.046599999999999975,1.0
-0.046499999999999986,1.1500000000000001
-0.0464,1.25
-0.04629999999999995,1.33
-0.04619999999999996,1.3
-0.046099999999999974,1.09
-0.045999999999999985,0.89
-0.045899999999999996,0.77
-0.04579999999999995,0.65
-0.04569999999999996,0.79
-0.045599999999999974,1.26
-0.045499999999999985,1.62
-0.045399999999999996,1.87
-0.04529999999999995,2.12
-0.04519999999999996,2.29
-0.04509999999999997,2.41
-0.044999999999999984,2.52
-0.044899999999999995,2.6
-0.04479999999999995,2.65
-0.04469999999999996,2.58
-0.04459999999999997,2.15
-0.044499999999999984,1.84
-0.044399999999999995,1.6
-0.04429999999999995,1.3800000000000001
-0.04419999999999996,1.24
-0.04409999999999997,1.1300000000000001
-0.043999999999999984,1.03
-0.043899999999999995,0.98
-0.043800000000000006,0.93
-0.04369999999999996,0.84
-0.04359999999999997,0.71
-0.04349999999999998,0.59
-0.043399999999999994,0.52
-0.043300000000000005,0.43
-0.04319999999999996,0.37
-0.04309999999999997,0.89
-0.04299999999999998,1.26
-0.042899999999999994,1.53
-0.042800000000000005,1.76
-0.04269999999999996,1.95
-0.04259999999999997,1.58
-0.04249999999999998,1.32
-0.04239999999999999,1.1300000000000001
-0.042300000000000004,0.96
-0.04219999999999996,0.84
-0.04209999999999997,1.16
-0.04199999999999998,1.37
-0.04189999999999999,1.57
-0.041800000000000004,1.71
-0.04169999999999996,1.83
-0.04159999999999997,1.56
-0.04149999999999998,1.35
-0.04139999999999999,1.19
-0.0413,1.07
-0.04119999999999996,0.98
-0.04109999999999997,0.9
-0.04099999999999998,0.8200000000000001
-0.04089999999999999,0.77
-0.0408,0.72
-0.04069999999999996,0.66
-0.04059999999999997,1.06
-0.04049999999999998,1.46
-0.04039999999999999,1.77
-0.0403,2.02
-0.04019999999999996,2.19
-0.04009999999999997,2.29
-0.03999999999999998,2.34
-0.03989999999999999,2.39
-0.0398,2.43
-0.03969999999999996,2.45
-0.03959999999999997,2.5
-0.03949999999999998,2.56
-0.03939999999999999,2.6
-0.0393,2.66
-0.03919999999999996,2.68
-0.03909999999999997,2.35
-0.03899999999999998,1.9100000000000001
-0.03889999999999999,1.59
-0.0388,1.33
-0.03869999999999996,1.11
-0.03859999999999997,0.9400000000000001
-0.03849999999999998,0.81
-0.03839999999999999,0.6900000000000001
-0.0383,0.6
-0.038199999999999956,0.52
-0.03809999999999997,0.51
-0.03799999999999998,0.56
-0.03789999999999999,0.58
-0.0378,0.6
-0.037699999999999956,0.63
-0.03759999999999997,0.63
-0.03749999999999998,0.62
-0.03739999999999999,0.62
-0.0373,0.63
-0.037199999999999955,0.62
-0.037099999999999966,0.62
-0.03699999999999998,0.6
-0.03689999999999999,0.58
-0.0368,0.5700000000000001
-0.036699999999999955,0.5700000000000001
-0.036599999999999966,0.59
-0.03649999999999998,0.64
-0.03639999999999999,0.7000000000000001
-0.0363,0.75
-0.036199999999999954,0.77
-0.036099999999999965,0.8
-0.035999999999999976,0.9
-0.03589999999999999,0.97
-0.0358,1.03
-0.035699999999999954,1.05
-0.035599999999999965,1.17
-0.035499999999999976,1.37
-0.03539999999999999,1.53
-0.0353,1.6500000000000001
-0.035199999999999954,1.75
-0.035099999999999965,1.79
-0.034999999999999976,1.71
-0.03489999999999999,1.67
-0.0348,1.6400000000000001
-0.03469999999999995,1.6
-0.034599999999999964,1.58
-0.034499999999999975,1.62
-0.034399999999999986,1.6500000000000001
-0.0343,1.6600000000000001
-0.03419999999999995,1.69
-0.034099999999999964,1.69
-0.033999999999999975,1.69
-0.033899999999999986,1.69
-0.0338,1.69
-0.03369999999999995,1.71
-0.03359999999999996,1.68
-0.033499999999999974,1.37
-0.033399999999999985,1.1
-0.033299999999999996,0.92
-0.03319999999999995,0.78
-0.03309999999999996,0.63
-0.032999999999999974,0.74
-0.032899999999999985,0.79
-0.032799999999999996,0.8200000000000001
-0.03269999999999995,0.85
-0.03259999999999996,0.87
-0.03249999999999997,1.07
-0.032399999999999984,1.24
-0.032299999999999995,1.37
-0.03219999999999995,1.5
-0.03209999999999996,1.57
-0.03199999999999997,1.33
-0.031899999999999984,1.11
-0.031799999999999995,0.96
-0.03169999999999995,0.8300000000000001
-0.03159999999999996,0.73
-0.03149999999999997,0.73
-0.031399999999999983,0.74
-0.031299999999999994,0.71
-0.03119999999999995,0.72
-0.03109999999999996,0.7000000000000001
-0.030999999999999972,0.9
-0.030899999999999983,1.09
-0.030799999999999994,1.22
-0.030700000000000005,1.34
-0.03059999999999996,1.43
-0.03049999999999997,1.44
-0.030399999999999983,1.44
-0.030299999999999994,1.44
-0.030200000000000005,1.44
-0.03009999999999996,1.43
-0.02999999999999997,1.68
-0.029899999999999982,1.93
-0.029799999999999993,2.13
-0.029700000000000004,2.29
-0.02959999999999996,2.4
-0.02949999999999997,2.27
-0.02939999999999998,2.11
-0.029299999999999993,1.98
-0.029200000000000004,1.87
-0.02909999999999996,1.78
-0.02899999999999997,1.92
-0.02889999999999998,2.09
-0.028799999999999992,2.23
-0.028700000000000003,2.32
-0.02859999999999996,2.42
-0.02849999999999997,2.2600000000000002
-0.02839999999999998,2.06
-0.028299999999999992,1.9000000000000001
-0.028200000000000003,1.77
-0.02809999999999996,1.62
-0.02799999999999997,1.48
-0.02789999999999998,1.27
-0.02779999999999999,1.1
-0.027700000000000002,0.97
-0.027599999999999958,0.85
-0.02749999999999997,0.77
-0.02739999999999998,0.66
-0.02729999999999999,0.61
-0.027200000000000002,0.53
-0.027099999999999957,0.48
-0.02699999999999997,0.52
-0.02689999999999998,0.58
-0.02679999999999999,0.68
-0.0267,0.72
-0.026599999999999957,0.78
-0.026499999999999968,0.86
-0.02639999999999998,1.0
-0.02629999999999999,1.1
-0.0262,1.18
-0.026099999999999957,1.23
-0.025999999999999968,1.27
-0.02589999999999998,1.25
-0.02579999999999999,1.26
-0.0257,1.24
-0.025599999999999956,1.25
-0.025499999999999967,1.37
-0.025399999999999978,1.55
-0.02529999999999999,1.72
-0.0252,1.84
-0.025099999999999956,1.94
-0.024999999999999967,1.96
-0.024899999999999978,1.9000000000000001
-0.02479999999999999,1.86
-0.0247,1.82
-0.024599999999999955,1.8
-0.024499999999999966,1.73
-0.024399999999999977,1.58
-0.02429999999999999,1.45
-0.0242,1.35
-0.024099999999999955,1.26
-0.023999999999999966,1.19
-0.023899999999999977,1.1400000000000001
-0.023799999999999988,1.11
-0.0237,1.08
-0.023599999999999954,1.04
-0.023499999999999965,1.09
-0.023399999999999976,1.45
-0.023299999999999987,1.72
-0.0232,1.95
-0.023099999999999954,2.12
-0.022999999999999965,2.25
-0.022899999999999976,2.25
-0.022799999999999987,2.23
-0.022699999999999998,2.25
-0.022599999999999953,2.2600000000000002
-0.022499999999999964,2.27
-0.022399999999999975,2.37
-0.022299999999999986,2.45
-0.022199999999999998,2.49
-0.022099999999999953,2.56
-0.021999999999999964,2.57
-0.021899999999999975,2.58
-0.021799999999999986,2.62
-0.021699999999999997,2.61
-0.021599999999999953,2.64
-0.021499999999999964,2.65
-0.021399999999999975,2.65
-0.021299999999999986,2.61
-0.021199999999999997,2.64
-0.021099999999999952,2.61
-0.020999999999999963,2.62
-0.020899999999999974,2.66
-0.020799999999999985,2.7
-0.020699999999999996,2.7600000000000002
-0.02059999999999995,2.77
-0.020499999999999963,2.7800000000000002
-0.020399999999999974,2.37
-0.020299999999999985,1.99
-0.020199999999999996,1.68
-0.02009999999999995,1.45
-0.019999999999999962,1.25
-0.019899999999999973,1.12
-0.019799999999999984,1.02
-0.019699999999999995,0.9500000000000001
-0.01959999999999995,0.89
-0.019499999999999962,0.84
-0.019399999999999973,1.07
-0.019299999999999984,1.31
-0.019199999999999995,1.5
-0.01909999999999995,1.6600000000000001
-0.01899999999999996,1.78
-0.018899999999999972,1.95
-0.018799999999999983,2.07
-0.018699999999999994,2.18
-0.01859999999999995,2.27
-0.01849999999999996,2.34
-0.018399999999999972,2.45
-0.018299999999999983,2.5300000000000002
-0.018199999999999994,2.61
-0.01809999999999995,2.69
-0.01799999999999996,2.75
-0.01789999999999997,2.68
-0.017799999999999983,2.54
-0.017699999999999994,2.44
-0.017600000000000005,2.36
-0.01749999999999996,2.29
-0.01739999999999997,2.18
-0.017299999999999982,2.0300000000000002
-0.017199999999999993,1.94
-0.017100000000000004,1.83
-0.01699999999999996,1.75
-0.01689999999999997,1.61
-0.01679999999999998,1.34
-0.016699999999999993,1.16
-0.016600000000000004,1.0
-0.01649999999999996,0.87
-0.01639999999999997,0.9
-0.01629999999999998,1.06
-0.016199999999999992,1.1500000000000001
-0.016100000000000003,1.28
-0.01599999999999996,1.35
-0.01589999999999997,1.5
-0.01579999999999998,1.7
-0.015699999999999992,1.87
-0.015600000000000003,2.0
-0.015499999999999958,2.11
-0.01539999999999997,2.19
-0.01529999999999998,2.32
-0.015199999999999991,2.43
-0.015100000000000002,2.5
-0.014999999999999958,2.58
-0.014899999999999969,2.5500000000000003
-0.01479999999999998,2.35
-0.01469999999999999,2.21
-0.014600000000000002,2.09
-0.014499999999999957,1.99
-0.014399999999999968,1.94
-0.01429999999999998,1.95
-0.01419999999999999,1.98
-0.014100000000000001,1.99
-0.013999999999999957,1.99
-0.013899999999999968,2.04
-0.013799999999999979,2.23
-0.01369999999999999,2.36
-0.013600000000000001,2.45
-0.013499999999999956,2.5300000000000002
-0.013399999999999967,2.5300000000000002
-0.013299999999999979,2.09
-0.01319999999999999,1.7
-0.0131,1.47
-0.012999999999999956,1.26
-0.012899999999999967,1.07
-0.012799999999999978,1.16
-0.012699999999999989,1.22
-0.0126,1.26
-0.012499999999999956,1.29
-0.012399999999999967,1.3
-0.012299999999999978,1.41
-0.012199999999999989,1.49
-0.0121,1.54
-0.011999999999999955,1.59
-0.011899999999999966,1.6400000000000001
-0.011799999999999977,1.78
-0.011699999999999988,1.8900000000000001
-0.0116,1.99
-0.011499999999999955,2.06
-0.011399999999999966,2.11
-0.011299999999999977,2.31
-0.011199999999999988,2.45
-0.011099999999999999,2.59
-0.010999999999999954,2.69
-0.010899999999999965,2.79
-0.010799999999999976,2.52
-0.010699999999999987,2.25
-0.010599999999999998,2.04
-0.010499999999999954,1.87
-0.010399999999999965,1.73
-0.010299999999999976,1.76
-0.010199999999999987,1.83
-0.010099999999999998,1.86
-0.009999999999999953,1.9100000000000001
-0.009899999999999964,1.9100000000000001
-0.009799999999999975,1.75
-0.009699999999999986,1.54
-0.009599999999999997,1.4000000000000001
-0.009499999999999953,1.27
-0.009399999999999964,1.18
-0.009299999999999975,1.29
-0.009199999999999986,1.5
-0.009099999999999997,1.6400000000000001
-0.008999999999999952,1.73
-0.008899999999999963,1.84
-0.008799999999999975,1.6600000000000001
-0.008699999999999986,1.42
-0.008599999999999997,1.21
-0.008499999999999952,1.08
-0.008399999999999963,0.97
-0.008299999999999974,0.84
-0.008199999999999985,0.75
-0.008099999999999996,0.67
-0.007999999999999952,0.59
-0.007899999999999963,0.56
-0.007799999999999974,0.52
-0.007699999999999985,0.5
-0.007599999999999996,0.44
-0.007499999999999951,0.45
-0.007399999999999962,0.42
-0.007299999999999973,0.46
-0.007199999999999984,0.54
-0.007099999999999995,0.59
-0.006999999999999951,0.63
-0.006899999999999962,0.67
-0.006799999999999973,0.92
-0.006699999999999984,1.31
-0.006599999999999995,1.59
-0.00649999999999995,1.82
-0.006399999999999961,2.0100000000000002
-0.006299999999999972,2.0100000000000002
-0.006199999999999983,1.82
-0.006099999999999994,1.71
-0.00599999999999995,1.6
-0.005899999999999961,1.5
-0.005799999999999972,1.58
-0.005699999999999983,1.93
-0.005599999999999994,2.19
-0.005499999999999949,2.37
-0.00539999999999996,2.54
-0.005299999999999971,2.5100000000000002
-0.005199999999999982,2.07
-0.005099999999999993,1.74
-0.004999999999999949,1.46
-0.00489999999999996,1.26
-0.004799999999999971,1.08
-0.004699999999999982,0.89
-0.004599999999999993,0.77
-0.004500000000000004,0.68
-0.0043999999999999595,0.5700000000000001
-0.0042999999999999705,0.59
-0.0041999999999999815,1.11
-0.0040999999999999925,1.49
-0.0040000000000000036,1.8
-0.003899999999999959,2.04
-0.00379999999999997,2.23
-0.003699999999999981,2.29
-0.003599999999999992,2.32
-0.003500000000000003,2.39
-0.0033999999999999586,2.42
-0.0032999999999999696,2.45
-0.0031999999999999806,2.18
-0.0030999999999999917,1.99
-0.0030000000000000027,1.8800000000000001
-0.002899999999999958,1.77
-0.002799999999999969,1.6600000000000001
-0.00269999999999998,1.53
-0.002599999999999991,1.43
-0.0025000000000000022,1.33
-0.0023999999999999577,1.28
-0.0022999999999999687,1.22
-0.0021999999999999797,1.53
-0.0020999999999999908,1.76
-0.0020000000000000018,1.96
-0.0018999999999999573,2.11
-0.0017999999999999683,2.23
-0.0016999999999999793,1.99
-0.0015999999999999903,1.78
-0.0015000000000000013,1.6400000000000001
-0.0013999999999999568,1.53
-0.0012999999999999678,1.42
-0.0011999999999999789,1.53
-0.0010999999999999899,1.61
-0.0010000000000000009,1.67
-0.0008999999999999564,1.73
-0.0007999999999999674,1.77
-0.0006999999999999784,1.84
-0.0005999999999999894,1.86
-0.0005000000000000004,1.9000000000000001
-0.00039999999999995595,1.9100000000000001
-0.00029999999999996696,1.93
-0.00019999999999997797,2.09
-9.999999999998899e-05,2.25
0.0,2.39
9.999999999998899e-05,2.48
0.00019999999999997797,2.57
0.000300000000000078,2.41
0.00040000000000006697,2.21
0.000500000000000056,2.06
0.0006000000000000449,1.95
0.0007000000000000339,1.84
0.0008000000000000229,1.75
0.0009000000000000119,1.68
0.0010000000000000009,1.61
0.0010999999999999899,1.57
0.0011999999999999789,1.52
0.0013000000000000789,1.72
0.0014000000000000679,1.95
0.0015000000000000568,2.12
0.0016000000000000458,2.25
0.0017000000000000348,2.37
0.0018000000000000238,2.29
0.0019000000000000128,2.12
0.0020000000000000018,1.99
0.0020999999999999908,1.8800000000000001
0.0021999999999999797,1.8
0.0022999999999999687,1.72
0.0024000000000000687,1.6400000000000001
0.0025000000000000577,1.57
0.0026000000000000467,1.56
0.0027000000000000357,1.51
0.0028000000000000247,1.6500000000000001
0.0029000000000000137,1.92
0.0030000000000000027,2.12
0.0030999999999999917,2.27
0.0031999999999999806,2.42
0.0032999999999999696,2.45
0.0034000000000000696,2.37
0.0035000000000000586,2.35
0.0036000000000000476,2.32
0.0037000000000000366,2.31
0.0038000000000000256,2.2600000000000002
0.0039000000000000146,2.15
0.0040000000000000036,2.06
0.0040999999999999925,1.99
0.0041999999999999815,1.95
0.0042999999999999705,2.0
0.0044000000000000705,2.18
0.0045000000000000595,2.3000000000000003
0.0046000000000000485,2.39
0.0047000000000000375,2.5
0.0048000000000000265,2.41
0.0049000000000000155,1.95
0.0050000000000000044,1.61
0.005099999999999993,1.35
0.005199999999999982,1.1300000000000001
0.005299999999999971,0.9500000000000001
0.005400000000000071,0.8300000000000001
0.00550000000000006,0.7000000000000001
0.005600000000000049,0.6
0.005700000000000038,0.53
0.005800000000000027,0.47000000000000003
0.005900000000000016,0.51
0.006000000000000005,0.52
0.006099999999999994,0.52
0.006199999999999983,0.54
0.006299999999999972,0.59
0.006400000000000072,0.96
0.006500000000000061,1.23
0.00660000000000005,1.47
0.006700000000000039,1.62
0.006800000000000028,1.74
0.006900000000000017,1.6
0.007000000000000006,1.49
0.007099999999999995,1.3900000000000001
0.007199999999999984,1.32
0.007299999999999973,1.26
0.007400000000000073,1.36
0.007500000000000062,1.41
0.007600000000000051,1.47
0.00770000000000004,1.52
0.007800000000000029,1.56
0.007900000000000018,1.72
0.008000000000000007,1.84
0.008099999999999996,1.95
0.008199999999999985,2.0300000000000002
0.008299999999999974,2.1
0.008400000000000074,1.84
0.008500000000000063,1.6300000000000001
0.008600000000000052,1.44
0.008700000000000041,1.32
0.00880000000000003,1.23
0.008900000000000019,1.22
0.009000000000000008,1.23
0.009099999999999997,1.24
0.009199999999999986,1.25
0.009299999999999975,1.26
0.009400000000000075,1.3800000000000001
0.009500000000000064,1.53
0.009600000000000053,1.6400000000000001
0.009700000000000042,1.69
0.009800000000000031,1.75
0.00990000000000002,1.56
0.010000000000000009,1.3
0.010099999999999998,1.11
0.010199999999999987,0.9500000000000001
0.010299999999999976,0.8300000000000001
0.010400000000000076,0.91
0.010500000000000065,1.02
0.010600000000000054,1.11
0.010700000000000043,1.18
0.010800000000000032,1.24
0.01090000000000002,1.2
0.01100000000000001,1.1400000000000001
0.011099999999999999,1.07
0.011199999999999988,1.04
0.011299999999999977,1.0
0.011400000000000077,1.23
0.011500000000000066,1.52
0.011600000000000055,1.74
0.011700000000000044,1.9100000000000001
0.011800000000000033,2.05
0.011900000000000022,1.97
0.01200000000000001,1.76
0.0121,1.6400000000000001
0.012199999999999989,1.52
0.012299999999999978,1.44
0.012400000000000078,1.4000000000000001
0.012500000000000067,1.44
0.012600000000000056,1.47
0.012700000000000045,1.49
0.012800000000000034,1.5
0.012900000000000023,1.6500000000000001
0.013000000000000012,1.84
0.0131,1.99
0.01319999999999999,2.13
0.013299999999999979,2.23
0.013400000000000079,2.08
0.013500000000000068,1.79
0.013600000000000056,1.56
0.013700000000000045,1.4000000000000001
0.013800000000000034,1.23
0.013900000000000023,1.1500000000000001
0.014000000000000012,1.1300000000000001
0.014100000000000001,1.1
0.01419999999999999,1.08
0.01429999999999998,1.08
0.01440000000000008,1.1400000000000001
0.014500000000000068,1.34
0.014600000000000057,1.49
0.014700000000000046,1.62
0.014800000000000035,1.69
0.014900000000000024,1.72
0.015000000000000013,1.5
0.015100000000000002,1.33
0.015199999999999991,1.21
0.01529999999999998,1.1
0.01539999999999997,1.1
0.01550000000000007,1.43
0.015600000000000058,1.6600000000000001
0.015700000000000047,1.82
0.015800000000000036,1.99
0.015900000000000025,2.0300000000000002
0.016000000000000014,1.69
0.016100000000000003,1.42
0.016199999999999992,1.2
0.01629999999999998,1.04
0.01639999999999997,0.98
0.01650000000000007,1.23
0.01660000000000006,1.46
0.016700000000000048,1.61
0.016800000000000037,1.75
0.016900000000000026,1.85
0.017000000000000015,1.62
0.017100000000000004,1.46
0.017199999999999993,1.32
0.017299999999999982,1.22
0.01739999999999997,1.1400000000000001
0.01750000000000007,1.17
0.01760000000000006,1.17
0.01770000000000005,1.18
0.017800000000000038,1.18
0.017900000000000027,1.2
0.018000000000000016,1.58
0.018100000000000005,1.9000000000000001
0.018199999999999994,2.14
0.018299999999999983,2.34
0.018399999999999972,2.5
0.018500000000000072,2.0300000000000002
0.01860000000000006,1.6500000000000001
0.01870000000000005,1.37
0.01880000000000004,1.09
0.018900000000000028,0.9
0.019000000000000017,1.17
0.019100000000000006,1.4000000000000001
0.019199999999999995,1.62
0.019299999999999984,1.78
0.019399999999999973,1.9100000000000001
0.019500000000000073,1.82
0.019600000000000062,1.74
0.01970000000000005,1.68
0.01980000000000004,1.62
0.01990000000000003,1.58
0.020000000000000018,1.34
0.020100000000000007,1.1
0.020199999999999996,0.9
0.020299999999999985,0.75
0.020399999999999974,0.62
0.020500000000000074,0.87
0.020600000000000063,1.18
0.02070000000000005,1.42
0.02080000000000004,1.59
0.02090000000000003,1.75
0.02100000000000002,1.84
0.021100000000000008,1.93
0.021199999999999997,1.99
0.021299999999999986,2.05
0.021399999999999975,2.08
0.021500000000000075,2.0100000000000002
0.021600000000000064,1.8900000000000001
0.021700000000000053,1.79
0.02180000000000004,1.73
0.02190000000000003,1.6500000000000001
0.02200000000000002,1.82
0.02210000000000001,2.05
0.022199999999999998,2.25
0.022299999999999986,2.38
0.022399999999999975,2.5300000000000002
0.022500000000000075,2.2600000000000002
0.022600000000000064,1.87
0.022700000000000053,1.57
0.022800000000000042,1.31
0.02290000000000003,1.1300000000000001
0.02300000000000002,1.02
0.02310000000000001,0.96
0.0232,0.91
0.023299999999999987,0.87
0.023399999999999976,0.84
0.023500000000000076,0.91
0.023600000000000065,1.07
0.023700000000000054,1.17
0.023800000000000043,1.29
0.023900000000000032,1.36
0.02400000000000002,1.31
0.02410000000000001,1.05
0.0242,0.86
0.02429999999999999,0.71
0.024399999999999977,0.58
0.024500000000000077,0.6
0.024600000000000066,0.8200000000000001
0.024700000000000055,0.98
0.024800000000000044,1.1
0.024900000000000033,1.22
0.025000000000000022,1.25
0.02510000000000001,1.1500000000000001
0.0252,1.12
0.02529999999999999,1.05
0.025399999999999978,1.01
0.025500000000000078,1.03
0.025600000000000067,1.21
0.025700000000000056,1.37
0.025800000000000045,1.5
0.025900000000000034,1.58
0.026000000000000023,1.62
0.026100000000000012,1.43
0.0262,1.28
0.02629999999999999,1.18
0.02639999999999998,1.1
0.02650000000000008,1.01
0.026600000000000068,0.87
0.026700000000000057,0.75
0.026800000000000046,0.67
0.026900000000000035,0.6
0.027000000000000024,0.54
0.027100000000000013,0.64
0.027200000000000002,0.6900000000000001
0.02729999999999999,0.75
0.02739999999999998,0.78
0.02750000000000008,0.81
0.02760000000000007,0.73
0.027700000000000058,0.68
0.027800000000000047,0.64
0.027900000000000036,0.59
0.028000000000000025,0.56
0.028100000000000014,0.9
0.028200000000000003,1.16
0.028299999999999992,1.3800000000000001
0.02839999999999998,1.54
0.02850000000000008,1.68
0.02860000000000007,1.92
0.02870000000000006,2.11
0.028800000000000048,2.27
0.028900000000000037,2.41
0.029000000000000026,2.52
0.029100000000000015,2.16
0.029200000000000004,1.84
0.029299999999999993,1.59
0.02939999999999998,1.3900000000000001
0.02949999999999997,1.22
0.02960000000000007,1.44
0.02970000000000006,1.6600000000000001
0.02980000000000005,1.82
0.029900000000000038,1.97
0.030000000000000027,2.08
0.030100000000000016,2.02
0.030200000000000005,1.93
0.030299999999999994,1.84
0.030399999999999983,1.78
0.03049999999999997,1.73
0.03060000000000007,1.6600000000000001
0.03070000000000006,1.59
0.03080000000000005,1.54
0.03090000000000004,1.5
0.031000000000000028,1.45
0.031100000000000017,1.35
0.031200000000000006,1.26
0.031299999999999994,1.1500000000000001
0.031399999999999983,1.08
0.03149999999999997,1.03
0.03160000000000007,1.27
0.03170000000000006,1.57
0.03180000000000005,1.8
0.03190000000000004,2.0
0.03200000000000003,2.14
0.03210000000000002,2.27
0.032200000000000006,2.36
0.032299999999999995,2.45
0.032399999999999984,2.52
0.03249999999999997,2.56
0.03260000000000007,2.34
0.03270000000000006,1.97
0.03280000000000005,1.73
0.03290000000000004,1.51
0.03300000000000003,1.34
0.03310000000000002,1.27
0.03320000000000001,1.26
0.033299999999999996,1.25
0.033399999999999985,1.26
0.033499999999999974,1.23
0.033600000000000074,1.16
0.03370000000000006,0.99
0.03380000000000005,0.87
0.03390000000000004,0.75
0.03400000000000003,0.68
0.03410000000000002,0.6
0.03420000000000001,0.51
0.0343,0.44
0.034399999999999986,0.39
0.034499999999999975,0.33
0.034600000000000075,0.37
0.034700000000000064,0.54
0.03480000000000005,0.71
0.03490000000000004,0.79
0.03500000000000003,0.88
0.03510000000000002,0.9500000000000001
0.03520000000000001,0.92
0.0353,0.89
0.03539999999999999,0.91
0.035499999999999976,0.9
0.035600000000000076,0.9
0.035700000000000065,0.87
0.035800000000000054,0.84
0.03590000000000004,0.8300000000000001
0.03600000000000003,0.8200000000000001
0.03610000000000002,0.84
0.03620000000000001,1.1500000000000001
0.0363,1.3900000000000001
0.03639999999999999,1.57
0.03649999999999998,1.71
0.03660000000000008,1.87
0.036700000000000066,2.1
0.036800000000000055,2.29
0.036900000000000044,2.44
0.03700000000000003,2.56
0.03710000000000002,2.64
0.03720000000000001,2.36
0.0373,2.15
0.03739999999999999,1.98
0.03749999999999998,1.84
0.03760000000000008,1.73
0.03770000000000007,1.76
0.037800000000000056,1.77
0.037900000000000045,1.78
0.038000000000000034,1.8
0.03810000000000002,1.8
0.03820000000000001,2.07
0.0383,2.25
0.03839999999999999,2.41
0.03849999999999998,2.5300000000000002
0.03860000000000008,2.62
0.03870000000000007,2.18
0.03880000000000006,1.75
0.038900000000000046,1.45
0.039000000000000035,1.19
0.039100000000000024,0.98
0.03920000000000001,0.97
0.0393,1.02
0.03939999999999999,1.02
0.03949999999999998,1.04
0.03960000000000008,1.03
0.03970000000000007,0.98
0.03980000000000006,0.9400000000000001
0.03990000000000005,0.89
0.040000000000000036,0.84
0.040100000000000025,0.84
0.040200000000000014,0.78
0.0403,0.74
0.04039999999999999,0.72
0.04049999999999998,0.66
0.04060000000000008,0.64
0.04070000000000007,0.87
0.04080000000000006,1.17
0.04090000000000005,1.4000000000000001
0.041000000000000036,1.58
0.041100000000000025,1.74
0.041200000000000014,1.7
0.0413,1.6300000000000001
0.04139999999999999,1.57
0.04149999999999998,1.5
0.04160000000000008,1.48
0.04170000000000007,1.6600000000000001
0.04180000000000006,1.94
0.04190000000000005,2.13
0.04200000000000004,2.32
0.042100000000000026,2.43
0.042200000000000015,2.43
0.042300000000000004,2.37
0.04239999999999999,2.3000000000000003
0.04249999999999998,2.2800000000000002
0.04259999999999997,2.24
0.04270000000000007,2.32
0.04280000000000006,2.43
0.04290000000000005,2.5300000000000002
0.04300000000000004,2.59
0.04310000000000003,2.64
0.043200000000000016,2.4
0.043300000000000005,1.95
0.043399999999999994,1.57
0.04349999999999998,1.31
0.04359999999999997,1.09
0.04370000000000007,1.07
0.04380000000000006,1.33
0.04390000000000005,1.53
0.04400000000000004,1.7
0.04410000000000003,1.8
0.04420000000000002,1.85
0.044300000000000006,1.82
0.044399999999999995,1.78
0.044499999999999984,1.77
0.04459999999999997,1.74
0.04470000000000007,1.68
0.04480000000000006,1.4000000000000001
0.04490000000000005,1.22
0.04500000000000004,1.04
0.04510000000000003,0.91
0.04520000000000002,0.91
0.04530000000000001,1.16
0.045399999999999996,1.37
0.045499999999999985,1.53
0.045599999999999974,1.67
0.045700000000000074,1.75
0.04580000000000006,1.68
0.04590000000000005,1.62
0.04600000000000004,1.57
0.04610000000000003,1.54
0.04620000000000002,1.55
0.04630000000000001,1.71
0.0464,1.83
0.046499999999999986,1.94
0.046599999999999975,1.99
0.046700000000000075,2.06
0.046800000000000064,2.22
0.04690000000000005,2.33
0.04700000000000004,2.41
0.04710000000000003,2.5
0.04720000000000002,2.5500000000000003
0.04730000000000001,2.08
0.0474,1.73
0.04749999999999999,1.46
0.047599999999999976,1.23
0.047700000000000076,1.05
0.047800000000000065,1.01
0.047900000000000054,0.97
0.04800000000000004,0.9500000000000001
0.04810000000000003,0.91
0.04820000000000002,0.89
0.04830000000000001,0.98
0.0484,1.07
0.04849999999999999,1.1
0.04859999999999998,1.17
0.04870000000000008,1.2
0.048800000000000066,1.1500000000000001
0.048900000000000055,1.12
0.049000000000000044,1.08
0.04910000000000003,1.06
0.04920000000000002,1.04
0.04930000000000001,1.08
0.0494,1.1400000000000001
0.04949999999999999,1.17
0.04959999999999998,1.19
0.04970000000000008,1.22
0.049800000000000066,1.37
0.049900000000000055,1.52
0.050000000000000044,1.6500000000000001
0.05010000000000003,1.72
0.05020000000000002,1.8
0.05030000000000001,1.57
0.0504,1.33
0.05049999999999999,1.17
0.05059999999999998,0.99
0.05070000000000008,0.88
0.05080000000000007,0.88
0.050900000000000056,0.9500000000000001
0.051000000000000045,1.0
0.051100000000000034,1.01
0.05120000000000002,1.06
0.05130000000000001,1.37
0.0514,1.72
0.05149999999999999,1.99
0.05159999999999998,2.19
0.05170000000000008,2.39
0.05180000000000007,2.31
0.05190000000000006,2.14
0.052000000000000046,1.97
0.052100000000000035,1.8900000000000001
0.052200000000000024,1.8
0.05230000000000001,1.68
0.0524,1.57
0.05249999999999999,1.48
0.05259999999999998,1.42
0.05270000000000008,1.36
0.05280000000000007,1.35
0.05290000000000006,1.4000000000000001
0.05300000000000005,1.4000000000000001
0.053100000000000036,1.42
0.053200000000000025,1.45
0.053300000000000014,1.52
0.0534,1.6600000000000001
0.05349999999999999,1.76
0.05359999999999998,1.84
0.05370000000000008,1.92
0.05380000000000007,1.93
0.05390000000000006,1.9100000000000001
0.05400000000000005,1.86
0.05410000000000004,1.83
0.054200000000000026,1.8
0.054300000000000015,1.76
0.054400000000000004,1.68
0.05449999999999999,1.61
0.05459999999999998,1.56
0.05470000000000008,1.51
0.05480000000000007,1.42
0.05490000000000006,1.1500000000000001
0.05500000000000005,0.93
0.05510000000000004,0.75
0.05520000000000003,0.62
0.055300000000000016,0.67
0.055400000000000005,1.1400000000000001
0.055499999999999994,1.5
0.05559999999999998,1.77
0.05569999999999997,1.99
0.05580000000000007,2.16
0.05590000000000006,2.32
0.05600000000000005,2.45
0.05610000000000004,2.57
0.05620000000000003,2.66
0.05630000000000002,2.73
0.056400000000000006,2.77
0.056499999999999995,2.81
0.056599999999999984,2.82
0.05669999999999997,2.85
0.05680000000000007,2.87
0.05690000000000006,2.62
0.05700000000000005,2.44
0.05710000000000004,2.31
0.05720000000000003,2.21
0.05730000000000002,2.12
0.05740000000000001,2.37
0.057499999999999996,2.5300000000000002
0.057599999999999985,2.64
0.057699999999999974,2.74
0.057800000000000074,2.8000000000000003
0.05790000000000006,2.42
0.05800000000000005,2.12
0.05810000000000004,1.87
0.05820000000000003,1.69
0.05830000000000002,1.53
0.05840000000000001,1.86
0.058499999999999996,2.11
0.058599999999999985,2.33
0.058699999999999974,2.5
0.058800000000000074,2.64
0.05890000000000006,2.18
0.05900000000000005,1.75
0.05910000000000004,1.42
0.05920000000000003,1.16
0.05930000000000002,0.9500000000000001
0.05940000000000001,0.8300000000000001
0.0595,0.75
0.059599999999999986,0.68
0.059699999999999975,0.62
0.059800000000000075,0.5700000000000001
0.059900000000000064,0.5
0.06000000000000005,0.44
0.06010000000000004,0.39
0.06020000000000003,0.36
0.06030000000000002,0.33
0.06040000000000001,0.36
0.0605,0.4
0.06059999999999999,0.4
0.060699999999999976,0.44
0.060800000000000076,0.44
0.060900000000000065,0.61
0.061000000000000054,0.81
0.06110000000000004,0.96
0.06120000000000003,1.09
0.06130000000000002,1.19
0.06140000000000001,1.37
0.0615,1.55
0.06159999999999999,1.74
0.06169999999999998,1.86
0.06180000000000008,1.95
0.061900000000000066,1.92
0.062000000000000055,1.84
0.062100000000000044,1.77
0.06220000000000003,1.69
0.06230000000000002,1.68
0.06240000000000001,1.69
0.0625,1.77
0.06259999999999999,1.82
0.06269999999999998,1.86
0.06280000000000008,1.9000000000000001
0.06290000000000007,1.76
0.06300000000000006,1.46
0.06310000000000004,1.26
0.06320000000000003,1.08
0.06330000000000002,0.93
0.06340000000000001,0.9
0.0635,0.98
0.06359999999999999,1.04
0.06369999999999998,1.09
0.06380000000000008,1.12
0.06390000000000007,1.22
0.06400000000000006,1.4000000000000001
0.06410000000000005,1.56
0.06420000000000003,1.69
0.06430000000000002,1.77
0.06440000000000001,1.8
0.0645,1.74
0.06459999999999999,1.7
0.06469999999999998,1.71
0.06480000000000008,1.6500000000000001
0.06490000000000007,1.62
0.06500000000000006,1.56
0.06510000000000005,1.48
0.06520000000000004,1.44
0.06530000000000002,1.42
0.06540000000000001,1.41
0.0655,1.46
0.06559999999999999,1.51
0.06569999999999998,1.54
0.06580000000000008,1.55
0.06590000000000007,1.57
0.06600000000000006,1.4000000000000001
0.06610000000000005,1.3
0.06620000000000004,1.19
0.06630000000000003,1.12
0.06640000000000001,1.07
0.0665,1.1
0.06659999999999999,1.1
0.06669999999999998,1.1300000000000001
0.06680000000000008,1.1300000000000001
0.06690000000000007,1.12
0.06700000000000006,1.53
0.06710000000000005,1.83
0.06720000000000004,2.0300000000000002
0.06730000000000003,2.22
0.06740000000000002,2.35
0.0675,1.95
0.0676,1.68
0.06769999999999998,1.45
0.06780000000000008,1.29
0.06790000000000007,1.1400000000000001
0.06800000000000006,1.04
0.06810000000000005,0.9500000000000001
0.06820000000000004,0.87
0.06830000000000003,0.8200000000000001
0.06840000000000002,0.76
0.0685,0.88
0.0686,1.0
0.06869999999999998,1.08
0.06879999999999997,1.1500000000000001
0.06890000000000007,1.2
0.06900000000000006,1.37
0.06910000000000005,1.54
0.06920000000000004,1.6500000000000001
0.06930000000000003,1.74
0.06940000000000002,1.83
0.0695,1.6400000000000001
0.0696,1.45
0.06969999999999998,1.32
0.06979999999999997,1.17
0.06990000000000007,1.09
0.07000000000000006,1.12
0.07010000000000005,1.18
0.07020000000000004,1.2
0.07030000000000003,1.22
0.07040000000000002,1.26
0.07050000000000001,1.47
0.0706,1.6600000000000001
0.07069999999999999,1.84
0.07079999999999997,1.99
0.07090000000000007,2.09
0.07100000000000006,1.8800000000000001
0.07110000000000005,1.58
0.07120000000000004,1.32
0.07130000000000003,1.1300000000000001
0.07140000000000002,0.98
0.07150000000000001,1.04
0.0716,1.19
0.07169999999999999,1.3
0.07179999999999997,1.4000000000000001
0.07190000000000007,1.48
0.07200000000000006,1.44
0.07210000000000005,1.34
0.07220000000000004,1.29
0.07230000000000003,1.22
0.07240000000000002,1.18
0.07250000000000001,1.19
0.0726,1.22
0.07269999999999999,1.22
0.07279999999999998,1.23
0.07290000000000008,1.25
0.07300000000000006,1.28
0.07310000000000005,1.34
0.07320000000000004,1.36
0.07330000000000003,1.3900000000000001
0.07340000000000002,1.41
0.07350000000000001,1.48
0.0736,1.6
0.07369999999999999,1.71
0.07379999999999998,1.78
0.07390000000000008,1.86
0.07400000000000007,1.9100000000000001
0.07410000000000005,2.02
0.07420000000000004,2.08
0.07430000000000003,2.13
0.07440000000000002,2.18
0.07450000000000001,2.14
0.0746,2.0300000000000002
0.07469999999999999,1.96
0.07479999999999998,1.8800000000000001
0.07490000000000008,1.83
0.07500000000000007,1.81
0.07510000000000006,1.94
0.07520000000000004,2.0300000000000002
0.07530000000000003,2.11
0.07540000000000002,2.15
0.07550000000000001,2.08
0.0756,1.67
0.07569999999999999,1.3800000000000001
0.07579999999999998,1.12
0.07590000000000008,0.9500000000000001
0.07600000000000007,0.81
0.07610000000000006,0.9
0.07620000000000005,0.97
0.07630000000000003,1.0
0.07640000000000002,1.04
0.07650000000000001,1.1400000000000001
0.0766,1.56
0.07669999999999999,1.85
0.07679999999999998,2.08
0.07690000000000008,2.2800000000000002
0.07700000000000007,2.43
0.07710000000000006,2.54
0.07720000000000005,2.66
0.07730000000000004,2.74
0.07740000000000002,2.8000000000000003
0.07750000000000001,2.85
0.0776,2.74
0.07769999999999999,2.65
0.07779999999999998,2.6
0.07790000000000008,2.5500000000000003
0.07800000000000007,2.52
0.07810000000000006,2.17
0.07820000000000005,1.8800000000000001
0.07830000000000004,1.67
0.07840000000000003,1.5
0.07850000000000001,1.35
0.0786,1.72
0.07869999999999999,2.0100000000000002
0.07879999999999998,2.24
0.07890000000000008,2.42
0.07900000000000007,2.57
0.07910000000000006,2.49
0.07920000000000005,2.43
0.07930000000000004,2.4
0.07940000000000003,2.36
0.07950000000000002,2.36
0.0796,2.06
0.0797,1.78
0.07979999999999998,1.56
0.07990000000000008,1.3800000000000001
0.08000000000000007,1.23
0.08010000000000006,1.1
0.08020000000000005,1.02
0.08030000000000004,0.9400000000000001
0.08040000000000003,0.89
0.08050000000000002,0.8300000000000001
0.0806,0.77
0.0807,0.74
0.08079999999999998,0.6900000000000001
0.08090000000000008,0.66
0.08100000000000007,0.65
0.08110000000000006,0.85
0.08120000000000005,1.1400000000000001
0.08130000000000004,1.36
0.08140000000000003,1.54
0.08150000000000002,1.69
0.0816,1.69
0.0817,1.6300000000000001
0.08179999999999998,1.62
0.08189999999999997,1.57
0.08200000000000007,1.55
0.08210000000000006,1.56
0.08220000000000005,1.56
0.08230000000000004,1.58
0.08240000000000003,1.6
0.08250000000000002,1.59
0.0826,1.69
0.0827,1.8
0.08279999999999998,1.8900000000000001
0.08289999999999997,1.97
0.08300000000000007,2.02
0.08310000000000006,1.92
0.08320000000000005,1.6400000000000001
0.08330000000000004,1.44
0.08340000000000003,1.29
0.08350000000000002,1.1400000000000001
0.08360000000000001,1.3
0.0837,1.68
0.08379999999999999,1.97
0.08389999999999997,2.2
0.08400000000000007,2.39
0.08410000000000006,2.36
0.08420000000000005,2.06
0.08430000000000004,1.85
0.08440000000000003,1.68
0.08450000000000002,1.54
0.08460000000000001,1.5
0.0847,1.6
0.08479999999999999,1.67
0.08489999999999998,1.72
0.08500000000000008,1.77
0.08510000000000006,1.77
0.08520000000000005,1.6600000000000001
0.08530000000000004,1.58
0.08540000000000003,1.5
0.08550000000000002,1.45
0.08560000000000001,1.44
0.0857,1.56
0.08579999999999999,1.67
0.08589999999999998,1.72
0.08600000000000008,1.81
0.08610000000000007,1.81
0.08620000000000005,1.68
0.08630000000000004,1.57
0.08640000000000003,1.48
0.08650000000000002,1.43
0.08660000000000001,1.3900000000000001
0.0867,1.58
0.08679999999999999,1.73
0.08689999999999998,1.85
0.08700000000000008,1.93
0.08710000000000007,2.0
0.08720000000000006,2.27
0.08730000000000004,2.44
0.08740000000000003,2.6
0.08750000000000002,2.73
0.08760000000000001,2.81
0.0877,2.38
0.08779999999999999,2.02
0.08789999999999998,1.76
0.08800000000000008,1.53
0.08810000000000007,1.35
0.08820000000000006,1.21
0.08830000000000005,1.1300000000000001
0.08840000000000003,1.07
0.08850000000000002,0.99
0.08860000000000001,0.9500000000000001
0.0887,0.92
0.08879999999999999,0.92
0.08889999999999998,0.91
0.08900000000000008,0.91
0.08910000000000007,0.89
0.08920000000000006,1.26
0.08930000000000005,1.59
0.08940000000000003,1.8800000000000001
0.08950000000000002,2.09
0.08960000000000001,2.2600000000000002
0.0897,2.31
0.08979999999999999,2.34
0.08989999999999998,2.35
0.09000000000000008,2.37
0.09010000000000007,2.41
0.09020000000000006,2.04
0.09030000000000005,1.68
0.09040000000000004,1.41
0.09050000000000002,1.17
0.09060000000000001,0.98
0.0907,0.89
0.09079999999999999,0.85
0.09089999999999998,0.8
0.09100000000000008,0.77
0.09110000000000007,0.75
0.09120000000000006,0.85
0.09130000000000005,1.03
0.09140000000000004,1.16
0.09150000000000003,1.27
0.09160000000000001,1.34
0.0917,1.26
0.09179999999999999,1.07
0.09189999999999998,0.92
0.09200000000000008,0.81
0.09210000000000007,0.71
0.09220000000000006,0.86
0.09230000000000005,1.11
0.09240000000000004,1.33
0.09250000000000003,1.47
0.09260000000000002,1.62
0.0927,1.58
0.0928,1.4000000000000001
0.09289999999999998,1.27
0.09300000000000008,1.16
0.09310000000000007,1.07
0.09320000000000006,1.1300000000000001
0.09330000000000005,1.32
0.09340000000000004,1.47
0.09350000000000003,1.59
0.09360000000000002,1.68
0.0937,1.6500000000000001
0.0938,1.42
0.09389999999999998,1.26
0.09400000000000008,1.1
0.09410000000000007,1.0
0.09420000000000006,0.9
0.09430000000000005,0.76
0.09440000000000004,0.68
0.09450000000000003,0.58
0.09460000000000002,0.52
0.0947,0.58
0.0948,0.96
0.09489999999999998,1.26
0.09499999999999997,1.5
0.09510000000000007,1.68
0.09520000000000006,1.87
0.09530000000000005,2.11
0.09540000000000004,2.29
0.09550000000000003,2.45
0.09560000000000002,2.57
0.09570000000000001,2.66
0.0958,2.62
0.09589999999999999,2.6
0.09599999999999997,2.6
0.09610000000000007,2.58
0.09620000000000006,2.63
0.09630000000000005,2.74
0.09640000000000004,2.84
0.09650000000000003,2.9
0.09660000000000002,2.94
0.09670000000000001,3.0100000000000002
0.0968,2.42
0.09689999999999999,2.0
0.09699999999999998,1.6600000000000001
0.09710000000000008,1.4000000000000001
0.09720000000000006,1.2
0.09730000000000005,1.22
0.09740000000000004,1.23
0.09750000000000003,1.26
0.09760000000000002,1.26
0.09770000000000001,1.26
0.0978,1.35
0.09789999999999999,1.41
0.09799999999999998,1.47
0.09810000000000008,1.53
0.09820000000000007,1.57
0.09830000000000005,1.6500000000000001
0.09840000000000004,1.72
0.09850000000000003,1.8
0.09860000000000002,1.84
0.09870000000000001,1.8800000000000001
0.0988,1.97
0.09889999999999999,2.06
0.09899999999999998,2.14
0.09910000000000008,2.2
0.09920000000000007,2.25
0.09930000000000005,2.06
0.09940000000000004,1.8900000000000001
0.09950000000000003,1.75
0.09960000000000002,1.6400000000000001
0.09970000000000001,1.54
0.0998,1.51
0.09989999999999999,1.49
0.09999999999999998,1.48
0.10010000000000008,1.49
0.10020000000000007,1.45
0.10030000000000006,1.45
0.10040000000000004,1.44
0.10050000000000003,1.44
0.10060000000000002,1.44
0.10070000000000001,1.44
0.1008,1.41
0.10089999999999999,1.35
0.10099999999999998,1.31
0.10110000000000008,1.25
0.10120000000000007,1.28
0.10130000000000006,1.37
0.10140000000000005,1.54
0.10150000000000003,1.67
0.10160000000000002,1.78
0.10170000000000001,1.85
0.1018,1.95
0.10189999999999999,2.08
0.10199999999999998,2.15
0.10210000000000008,2.22
0.10220000000000007,2.29
0.10230000000000006,2.2
0.10240000000000005,2.05
0.10250000000000004,1.93
0.10260000000000002,1.83
0.10270000000000001,1.77
0.1028,1.59
0.10289999999999999,1.29
0.10299999999999998,1.05
0.10310000000000008,0.87
0.10320000000000007,0.74
0.10330000000000006,0.62
0.10340000000000005,0.58
0.10350000000000004,0.51
0.10360000000000003,0.46
0.10370000000000001,0.42
0.1038,0.38
0.10389999999999999,0.33
0.10399999999999998,0.29
0.10410000000000008,0.26
0.10420000000000007,0.22
0.10430000000000006,0.37
0.10440000000000005,0.8
0.10450000000000004,1.1400000000000001
0.10460000000000003,1.4000000000000001
0.10470000000000002,1.6
0.1048,1.74
0.1049,1.75
0.10499999999999998,1.75
0.10510000000000008,1.77
0.10520000000000007,1.78
0.10530000000000006,1.75
0.10540000000000005,1.58
0.10550000000000004,1.45
0.10560000000000003,1.35
0.10570000000000002,1.27
0.1058,1.18
0.1059,1.05
0.10599999999999998,0.93
0.10610000000000008,0.86
0.10620000000000007,0.79
0.10630000000000006,0.74
0.10640000000000005,0.87
0.10650000000000004,0.93
0.10660000000000003,0.99
0.10670000000000002,1.04
0.1068,1.09
0.1069,1.37
0.10699999999999998,1.59
0.10710000000000008,1.75
0.10720000000000007,1.8900000000000001
0.10730000000000006,2.02
0.10740000000000005,2.21
0.10750000000000004,2.36
0.10760000000000003,2.46
0.10770000000000002,2.57
0.1078,2.64
0.1079,2.43
0.10799999999999998,2.25
0.10809999999999997,2.12
0.10820000000000007,1.99
0.10830000000000006,1.92
0.10840000000000005,2.0100000000000002
0.10850000000000004,2.08
0.10860000000000003,2.14
0.10870000000000002,2.19
0.10880000000000001,2.2600000000000002
0.1089,1.97
0.10899999999999999,1.68
0.10909999999999997,1.48
0.10920000000000007,1.31
0.10930000000000006,1.1500000000000001
0.10940000000000005,1.07
0.10950000000000004,1.0
0.10960000000000003,0.93
0.10970000000000002,0.88
0.10980000000000001,0.85
0.1099,1.0
0.10999999999999999,1.18
0.11009999999999998,1.32
0.11020000000000008,1.45
0.11030000000000006,1.53
0.11040000000000005,1.51
0.11050000000000004,1.46
0.11060000000000003,1.44
0.11070000000000002,1.43
0.11080000000000001,1.41
0.1109,1.33
0.11099999999999999,1.18
0.11109999999999998,1.09
0.11120000000000008,1.01
0.11130000000000007,0.9500000000000001
0.11140000000000005,1.16
0.11150000000000004,1.46
0.11160000000000003,1.67
0.11170000000000002,1.84
0.11180000000000001,2.02
0.1119,2.14
0.11199999999999999,2.29
0.11209999999999998,2.39
0.11220000000000008,2.46
0.11230000000000007,2.54
0.11240000000000006,2.5100000000000002
0.11250000000000004,2.4
0.11260000000000003,2.37
0.11270000000000002,2.31
0.11280000000000001,2.2800000000000002
0.1129,2.12
0.11299999999999999,1.85
0.11309999999999998,1.67
0.11320000000000008,1.51
0.11330000000000007,1.3900000000000001
0.11340000000000006,1.32
0.11350000000000005,1.35
0.11360000000000003,1.36
0.11370000000000002,1.3800000000000001
0.11380000000000001,1.37
0.1139,1.45
0.11399999999999999,1.6
0.11409999999999998,1.69
0.11420000000000008,1.79
0.11430000000000007,1.86
0.11440000000000006,1.86
0.11450000000000005,1.7
0.11460000000000004,1.58
0.11470000000000002,1.5
0.11480000000000001,1.43
0.1149,1.44
0.11499999999999999,1.69
0.11509999999999998,1.8900000000000001
0.11520000000000008,2.04
0.11530000000000007,2.16
0.11540000000000006,2.2600000000000002
0.11550000000000005,2.37
0.11560000000000004,2.46
0.11570000000000003,2.5300000000000002
0.11580000000000001,2.58
0.1159,2.59
0.11599999999999999,2.2600000000000002
0.11609999999999998,2.0100000000000002
0.11620000000000008,1.85
0.11630000000000007,1.69
0.11640000000000006,1.54
0.11650000000000005,1.26
0.11660000000000004,1.08
0.11670000000000003,0.91
0.11680000000000001,0.75
0.1169,0.66
0.11699999999999999,0.63
0.11709999999999998,0.62
0.11720000000000008,0.59
0.11730000000000007,0.5700000000000001
0.11740000000000006,0.58
0.11750000000000005,0.59
0.11760000000000004,0.61
0.11770000000000003,0.6
0.11780000000000002,0.6
0.1179,0.63
0.118,0.8300000000000001
0.11809999999999998,0.99
0.11820000000000008,1.1300000000000001
0.11830000000000007,1.23
0.11840000000000006,1.32
0.11850000000000005,1.57
0.11860000000000004,1.8
0.11870000000000003,1.98
0.11880000000000002,2.11
0.1189,2.22
0.119,2.27
0.11909999999999998,2.32
0.11920000000000008,2.34
0.11930000000000007,2.35
0.11940000000000006,2.37
0.11950000000000005,2.14
0.11960000000000004,1.9100000000000001
0.11970000000000003,1.74
0.11980000000000002,1.62
0.1199,1.52
0.12,1.6
0.12009999999999998,1.73
0.12020000000000008,1.83
0.12030000000000007,1.9000000000000001
0.12040000000000006,1.9100000000000001
0.12050000000000005,1.87
0.12060000000000004,1.78
0.12070000000000003,1.74
0.12080000000000002,1.68
0.12090000000000001,1.6400000000000001
0.121,1.76
0.12109999999999999,1.96
0.12119999999999997,2.09
0.12130000000000007,2.2
0.12140000000000006,2.31
0.12150000000000005,2.31
0.12160000000000004,2.31
0.12170000000000003,2.31
0.12180000000000002,2.31
0.12190000000000001,2.33
0.122,2.17
0.12209999999999999,1.8800000000000001
0.12219999999999998,1.71
0.12230000000000008,1.54
0.12240000000000006,1.4000000000000001
0.12250000000000005,1.37
0.12260000000000004,1.41
0.12270000000000003,1.43
0.12280000000000002,1.47
0.12290000000000001,1.49
0.123,1.56
0.12309999999999999,1.6600000000000001
0.12319999999999998,1.76
0.12330000000000008,1.82
0.12340000000000007,1.87
0.12350000000000005,1.94
0.12360000000000004,1.98
0.12370000000000003,2.0100000000000002
0.12380000000000002,2.05
0.12390000000000001,2.1
0.124,1.96
0.12409999999999999,1.67
0.12419999999999998,1.4000000000000001
0.12430000000000008,1.19
0.12440000000000007,1.04
0.12450000000000006,0.91
0.12460000000000004,0.81
0.12470000000000003,0.77
0.12480000000000002,0.6900000000000001
0.12490000000000001,0.66
0.125,0.56
0.1251,0.47000000000000003
0.12519999999999998,0.38
0.12530000000000008,0.32
0.12540000000000007,0.26
0.12550000000000006,0.35000000000000003
0.12560000000000004,0.67
0.12570000000000003,0.9
0.12580000000000002,1.11
0.1259,1.28
0.126,1.42
0.1261,1.55
0.12619999999999998,1.69
0.12630000000000008,1.79
0.12640000000000007,1.86
0.12650000000000006,1.93
0.12660000000000005,1.94
0.12670000000000003,1.96
0.12680000000000002,1.99
0.1269,2.0100000000000002
0.127,2.02
0.1271,2.0300000000000002
0.12719999999999998,2.04
0.12730000000000008,2.06
0.12740000000000007,2.04
0.12750000000000006,2.06
0.12760000000000005,2.17
0.12770000000000004,2.2600000000000002
0.12780000000000002,2.34
0.1279,2.41
0.128,2.43
0.1281,2.23
0.12819999999999998,2.08
0.12830000000000008,1.93
0.12840000000000007,1.85
0.12850000000000006,1.74
0.12860000000000005,1.99
0.12870000000000004,2.2
0.12880000000000003,2.36
0.12890000000000001,2.5
0.129,2.61
0.1291,2.27
0.12919999999999998,1.95
0.12930000000000008,1.68
0.12940000000000007,1.48
0.12950000000000006,1.33
0.12960000000000005,1.5
0.12970000000000004,1.7
0.12980000000000003,1.84
0.12990000000000002,1.93
0.13,2.02
0.1301,1.9100000000000001
0.13019999999999998,1.76
0.13030000000000008,1.6300000000000001
0.13040000000000007,1.53
0.13050000000000006,1.45
0.13060000000000005,1.6300000000000001
0.13070000000000004,1.83
0.13080000000000003,1.98
0.13090000000000002,2.12
0.131,2.21
0.1311,2.33
0.13119999999999998,2.42
0.13130000000000008,2.5300000000000002
0.13140000000000007,2.59
0.13150000000000006,2.65
0.13160000000000005,2.44
0.13170000000000004,2.14
0.13180000000000003,1.8900000000000001
0.13190000000000002,1.72
0.132,1.58
0.1321,1.45
0.13219999999999998,1.31
0.13230000000000008,1.21
0.13240000000000007,1.1300000000000001
0.13250000000000006,1.07
0.13260000000000005,1.03
0.13270000000000004,0.99
0.13280000000000003,0.98
0.13290000000000002,0.9400000000000001
0.133,0.91
0.1331,0.9500000000000001
0.13319999999999999,1.03
0.13330000000000009,1.09
0.13340000000000007,1.1400000000000001
0.13350000000000006,1.21
0.13360000000000005,1.34
0.13370000000000004,1.6
0.13380000000000003,1.8
0.13390000000000002,1.97
0.134,2.11
0.1341,2.19
0.13419999999999999,2.23
0.13429999999999997,2.2600000000000002
0.13440000000000007,2.2800000000000002
0.13450000000000006,2.31
0.13460000000000005,2.34
0.13470000000000004,2.33
0.13480000000000003,2.32
0.13490000000000002,2.33
0.135,2.32
0.1351,2.23
0.1352,1.9000000000000001
0.13529999999999998,1.6400000000000001
0.13540000000000008,1.44
0.13550000000000006,1.26
0.13560000000000005,1.1500000000000001
0.13570000000000004,1.1500000000000001
0.13580000000000003,1.1400000000000001
0.13590000000000002,1.1300000000000001
0.136,1.1400000000000001
0.1361,1.08
0.1362,0.89
0.13629999999999998,0.72
0.13640000000000008,0.61
0.13650000000000007,0.53
0.13660000000000005,0.55
0.13670000000000004,1.01
0.13680000000000003,1.37
0.13690000000000002,1.62
0.137,1.84
0.1371,1.99
0.1372,1.57
0.13729999999999998,1.3
0.13740000000000008,1.07
0.13750000000000007,0.87
0.13760000000000006,0.73
0.13770000000000004,0.8200000000000001
0.13780000000000003,0.9
0.13790000000000002,0.9400000000000001
0.138,0.96
0.1381,1.01
0.1382,0.87
0.13829999999999998,0.76
0.13840000000000008,0.68
0.13850000000000007,0.64
0.13860000000000006,0.58
0.13870000000000005,0.73
0.13880000000000003,0.92
0.13890000000000002,1.06
0.139,1.19
0.1391,1.27
0.1392,1.59
0.13929999999999998,1.86
0.13940000000000008,2.09
0.13950000000000007,2.2600000000000002
0.13960000000000006,2.38
0.13970000000000005,2.35
0.13980000000000004,2.3000000000000003
0.13990000000000002,2.22
0.14,2.17
0.1401,2.15
0.1402,2.19
0.14029999999999998,2.2600000000000002
0.14040000000000008,2.31
0.14050000000000007,2.34
0.14060000000000006,2.37
0.14070000000000005,2.12
0.14080000000000004,1.8
0.14090000000000003,1.53
0.14100000000000001,1.32
0.1411,1.1400000000000001
0.1412,1.35
0.14129999999999998,1.6600000000000001
0.14140000000000008,1.9000000000000001
0.14150000000000007,2.08
0.14160000000000006,2.24
0.14170000000000005,2.13
0.14180000000000004,1.87
0.14190000000000003,1.68
0.14200000000000002,1.51
0.1421,1.3800000000000001
0.1422,1.25
0.14229999999999998,1.1300000000000001
0.14240000000000008,1.02
0.14250000000000007,0.92
0.14260000000000006,0.87
0.14270000000000005,0.8200000000000001
0.14280000000000004,0.77
0.14290000000000003,0.73
0.14300000000000002,0.7000000000000001
0.1431,0.66
0.1432,0.8
0.14329999999999998,1.08
0.14340000000000008,1.33
0.14350000000000007,1.5
0.14360000000000006,1.6400000000000001
0.14370000000000005,1.6400000000000001
0.14380000000000004,1.3900000000000001
0.14390000000000003,1.24
0.14400000000000002,1.1400000000000001
0.1441,1.01
0.1442,1.05
0.14429999999999998,1.33
0.14440000000000008,1.52
0.14450000000000007,1.69
0.14460000000000006,1.82
0.14470000000000005,1.99
0.14480000000000004,2.16
0.14490000000000003,2.3000000000000003
0.14500000000000002,2.45
0.1451,2.56
0.1452,2.64
0.14529999999999998,2.64
0.14540000000000008,2.64
0.14550000000000007,2.64
0.14560000000000006,2.66
0.14570000000000005,2.59
0.14580000000000004,2.17
0.14590000000000003,1.86
0.14600000000000002,1.61
0.1461,1.3800000000000001
0.1462,1.25
0.14629999999999999,1.42
0.14640000000000009,1.53
0.14650000000000007,1.62
0.14660000000000006,1.71
0.14670000000000005,1.76
0.14680000000000004,1.93
0.14690000000000003,2.06
0.14700000000000002,2.18
0.1471,2.25
0.1472,2.33
0.1473,2.3000000000000003
0.1474000000000001,2.2800000000000002
0.14750000000000008,2.27
0.14760000000000006,2.27
0.14770000000000005,2.27
0.14780000000000004,1.98
0.14790000000000003,1.74
0.14800000000000002,1.54
0.1481,1.3900000000000001
0.1482,1.27
0.1483,1.45
0.14839999999999998,1.61
0.14850000000000008,1.72
0.14860000000000007,1.8
0.14870000000000005,1.8800000000000001
0.14880000000000004,1.56
0.14890000000000003,1.26
0.14900000000000002,1.01
0.1491,0.8300000000000001
0.1492,0.6900000000000001
0.1493,0.89
0.14939999999999998,1.06
0.14950000000000008,1.19
0.14960000000000007,1.3
0.14970000000000006,1.3800000000000001
0.14980000000000004,1.6300000000000001
0.14990000000000003,1.8800000000000001
0.15000000000000002,2.07
0.1501,2.24
0.1502,2.36
0.1503,2.2800000000000002
0.15039999999999998,2.16
0.15050000000000008,2.09
0.15060000000000007,2.0
0.15070000000000006,1.95
0.15080000000000005,1.77
0.15090000000000003,1.58
0.15100000000000002,1.44
0.1511,1.31
0.1512,1.18
0.1513,1.29
0.15139999999999998,1.48
0.15150000000000008,1.61
0.15160000000000007,1.71
0.15170000000000006,1.8
0.15180000000000005,1.77
0.15190000000000003,1.72
0.15200000000000002,1.6600000000000001
0.1521,1.59
0.1522,1.56
0.1523,1.5
0.15239999999999998,1.43
0.15250000000000008,1.36
0.15260000000000007,1.3
0.15270000000000006,1.27
0.15280000000000005,1.4000000000000001
0.15290000000000004,1.76
0.15300000000000002,2.04
0.1531,2.2600000000000002
0.1532,2.42
0.1533,2.46
0.15339999999999998,2.32
0.15350000000000008,2.23
0.15360000000000007,2.16
0.15370000000000006,2.1
0.15380000000000005,1.96
0.15390000000000004,1.67
0.15400000000000003,1.45
0.15410000000000001,1.26
0.1542,1.11
0.1543,1.03
0.15439999999999998,1.02
0.15450000000000008,1.02
0.15460000000000007,1.02
0.15470000000000006,1.01
0.15480000000000005,1.0
0.15490000000000004,0.96
0.15500000000000003,0.9400000000000001
0.15510000000000002,0.91
0.1552,0.89
0.1553,0.91
0.15539999999999998,1.02
0.15550000000000008,1.09
0.15560000000000007,1.16
0.15570000000000006,1.21
0.15580000000000005,1.28
0.15590000000000004,1.5
0.15600000000000003,1.6600000000000001
0.15610000000000002,1.81
0.1562,1.9000000000000001
0.1563,1.93
0.15639999999999998,1.6500000000000001
0.15650000000000008,1.43
0.15660000000000007,1.26
0.15670000000000006,1.11
0.15680000000000005,1.01
0.15690000000000004,1.33
0.15700000000000003,1.58
0.15710000000000002,1.76
0.1572,1.9100000000000001
0.1573,2.02
0.15739999999999998,2.21
0.15750000000000008,2.37
0.15760000000000007,2.47
0.15770000000000006,2.57
0.15780000000000005,2.64
0.15790000000000004,2.71
0.15800000000000003,2.7600000000000002
0.15810000000000002,2.8000000000000003
0.1582,2.84
0.1583,2.88
0.15839999999999999,2.84
0.15850000000000009,2.81
0.15860000000000007,2.81
0.15870000000000006,2.79
0.15880000000000005,2.77
0.15890000000000004,2.54
0.15900000000000003,2.31
0.15910000000000002,2.14
0.1592,2.0
0.1593,1.9000000000000001
0.1594,1.68
0.1595000000000001,1.47
0.15960000000000008,1.3
0.15970000000000006,1.19
0.15980000000000005,1.08
0.15990000000000004,1.25
0.16000000000000003,1.45
0.16010000000000002,1.6
0.1602,1.74
0.1603,1.83
0.1604,1.8
0.1605000000000001,1.75
0.16060000000000008,1.72
0.16070000000000007,1.69
0.16080000000000005,1.68
0.16090000000000004,1.85
0.16100000000000003,2.09
0.16110000000000002,2.2800000000000002
0.1612,2.43
0.1613,2.57
0.1614,2.48
0.16149999999999998,2.37
0.16160000000000008,2.2800000000000002
0.16170000000000007,2.21
0.16180000000000005,2.15
0.16190000000000004,2.0
0.16200000000000003,1.8
0.16210000000000002,1.6400000000000001
0.1622,1.53
0.1623,1.42
0.1624,1.28
0.16249999999999998,1.1
0.16260000000000008,0.99
0.16270000000000007,0.87
0.16280000000000006,0.81
0.16290000000000004,0.86
0.16300000000000003,1.07
0.16310000000000002,1.23
0.1632,1.35
0.1633,1.46
0.1634,1.56
0.16349999999999998,1.6400000000000001
0.16360000000000008,1.7
0.16370000000000007,1.76
0.16380000000000006,1.81
0.16390000000000005,1.82
0.16400000000000003,1.8
0.16410000000000002,1.77
0.1642,1.74
0.1643,1.74
0.1644,1.81
0.16449999999999998,2.06
0.16460000000000008,2.2600000000000002
0.16470000000000007,2.41
0.16480000000000006,2.52
0.16490000000000005,2.43
0.16500000000000004,1.96
0.16510000000000002,1.6
0.1652,1.3
0.1653,1.08
0.1654,1.04
0.16549999999999998,1.3900000000000001
0.16560000000000008,1.6500000000000001
0.16570000000000007,1.86
0.16580000000000006,2.0100000000000002
0.16590000000000005,2.09
0.16600000000000004,1.78
0.16610000000000003,1.55
0.16620000000000001,1.37
0.1663,1.22
0.1664,1.19
0.16649999999999998,1.54
0.16660000000000008,1.81
0.16670000000000007,2.04
0.16680000000000006,2.21
0.16690000000000005,2.36
0.16700000000000004,2.22
0.16710000000000003,2.15
0.16720000000000002,2.09
0.1673,2.04
0.1674,2.0
0.16749999999999998,2.24
0.16760000000000008,2.39
0.16770000000000007,2.54
0.16780000000000006,2.63
0.16790000000000005,2.71
0.16800000000000004,2.5100000000000002
0.16810000000000003,2.33
0.16820000000000002,2.22
0.1683,2.11
0.1684,2.0
0.16849999999999998,1.68
0.16860000000000008,1.44
0.16870000000000007,1.24
0.16880000000000006,1.09
0.16890000000000005,0.96
0.16900000000000004,0.76
0.16910000000000003,0.64
0.16920000000000002,0.53
0.1693,0.44
0.1694,0.37
0.16949999999999998,0.51
0.16960000000000008,0.65
0.16970000000000007,0.74
0.16980000000000006,0.8200000000000001
0.16990000000000005,0.89
0.17000000000000004,0.75
0.17010000000000003,0.61
0.17020000000000002,0.48
0.1703,0.4
0.1704,0.32
0.17049999999999998,0.27
0.17060000000000008,0.23
0.17070000000000007,0.2
0.17080000000000006,0.18
0.17090000000000005,0.14
0.17100000000000004,0.5700000000000001
0.17110000000000003,1.04
0.17120000000000002,1.42
0.1713,1.73
0.1714,1.98
0.17149999999999999,2.06
0.17160000000000009,2.06
0.17170000000000007,2.08
0.17180000000000006,2.11
0.17190000000000005,2.09
0.17200000000000004,1.93
0.17210000000000003,1.67
0.17220000000000002,1.47
0.1723,1.32
0.1724,1.17
0.1725,1.24
0.1726000000000001,1.41
0.17270000000000008,1.56
0.17280000000000006,1.67
0.17290000000000005,1.75
0.17300000000000004,1.92
0.17310000000000003,2.15
0.17320000000000002,2.33
0.1733,2.5
0.1734,2.62
0.1735,2.47
0.1736000000000001,2.08
0.17370000000000008,1.79
0.17380000000000007,1.55
0.17390000000000005,1.36
0.17400000000000004,1.34
0.17410000000000003,1.58
0.17420000000000002,1.78
0.1743,1.92
0.1744,2.04
0.1745,2.09
0.17459999999999998,2.07
0.17470000000000008,2.0300000000000002
0.17480000000000007,2.0100000000000002
0.17490000000000006,2.0
0.17500000000000004,2.0300000000000002
0.17510000000000003,2.18
0.17520000000000002,2.31
0.1753,2.41
0.1754,2.48
0.1755,2.39
0.17559999999999998,1.96
0.17570000000000008,1.6500000000000001
0.17580000000000007,1.3800000000000001
0.17590000000000006,1.17
0.17600000000000005,1.1
0.17610000000000003,1.5
0.17620000000000002,1.77
0.1763,2.0
0.1764,2.17
0.1765,2.2800000000000002
0.17659999999999998,2.23
0.17670000000000008,2.19
0.17680000000000007,2.17
0.17690000000000006,2.15
0.17700000000000005,2.11
0.17710000000000004,2.07
0.17720000000000002,2.04
0.1773,2.02
0.1774,1.99
0.1775,1.97
0.17759999999999998,1.78
0.17770000000000008,1.6400000000000001
0.17780000000000007,1.54
0.17790000000000006,1.45
0.17800000000000005,1.3800000000000001
0.17810000000000004,1.59
0.17820000000000003,1.78
0.17830000000000001,1.93
0.1784,2.02
0.1785,2.12
0.17859999999999998,1.74
0.17870000000000008,1.47
0.17880000000000007,1.22
0.17890000000000006,1.07
0.17900000000000005,0.9
0.17910000000000004,1.26
0.17920000000000003,1.58
0.17930000000000001,1.82
0.1794,2.0100000000000002
0.1795,2.17
0.17959999999999998,2.23
0.17970000000000008,2.3000000000000003
0.17980000000000007,2.35
0.17990000000000006,2.39
0.18000000000000005,2.41
0.18010000000000004,2.11
0.18020000000000003,1.79
0.18030000000000002,1.55
0.1804,1.33
0.1805,1.16
0.18059999999999998,1.04
0.18070000000000008,0.9
0.18080000000000007,0.81
0.18090000000000006,0.74
0.18100000000000005,0.65
0.18110000000000004,0.9
0.18120000000000003,1.21
0.18130000000000002,1.44
0.1814,1.6400000000000001
0.1815,1.76
0.18159999999999998,1.82
0.18170000000000008,1.85
0.18180000000000007,1.86
0.18190000000000006,1.8900000000000001
0.18200000000000005,1.8800000000000001
0.18210000000000004,1.96
0.18220000000000003,2.05
0.18230000000000002,2.1
0.1824,2.15
0.1825,2.2
0.18259999999999998,1.98
0.18270000000000008,1.6500000000000001
0.18280000000000007,1.43
0.18290000000000006,1.22
0.18300000000000005,1.06
0.18310000000000004,1.21
0.18320000000000003,1.6
0.18330000000000002,1.87
0.1834,2.08
0.1835,2.2800000000000002
0.18359999999999999,2.39
0.18370000000000009,2.47
0.18380000000000007,2.54
0.18390000000000006,2.57
0.18400000000000005,2.62
0.18410000000000004,2.45
0.18420000000000003,2.02
0.18430000000000002,1.71
0.1844,1.45
0.1845,1.25
0.1846,1.16
0.1847000000000001,1.11
0.18480000000000008,1.09
0.18490000000000006,1.06
0.18500000000000005,1.03
0.18510000000000004,1.05
0.18520000000000003,1.1
0.18530000000000002,1.16
0.1854,1.19
0.1855,1.22
0.1856,1.29
0.1857000000000001,1.5
0.18580000000000008,1.67
0.18590000000000007,1.77
0.18600000000000005,1.8800000000000001
0.18610000000000004,1.95
0.18620000000000003,2.0300000000000002
0.18630000000000002,2.07
0.1864,2.11
0.1865,2.15
0.1866,2.07
0.1867000000000001,1.67
0.18680000000000008,1.34
0.18690000000000007,1.1
0.18700000000000006,0.89
0.18710000000000004,0.77
0.18720000000000003,0.89
0.18730000000000002,0.97
0.1874,1.01
0.1875,1.07
0.1876,1.09
0.18769999999999998,1.4000000000000001
0.18780000000000008,1.6500000000000001
0.18790000000000007,1.86
0.18800000000000006,2.02
0.18810000000000004,2.16
0.18820000000000003,1.87
0.18830000000000002,1.6400000000000001
0.1884,1.47
0.1885,1.34
0.1886,1.21
0.18869999999999998,1.33
0.18880000000000008,1.45
0.18890000000000007,1.53
0.18900000000000006,1.61
0.18910000000000005,1.67
0.18920000000000003,1.56
0.18930000000000002,1.43
0.1894,1.32
0.1895,1.26
0.1896,1.2
0.18969999999999998,1.28
0.18980000000000008,1.43
0.18990000000000007,1.52
0.19000000000000006,1.6
0.19010000000000005,1.67
0.19020000000000004,1.61
0.19030000000000002,1.56
0.1904,1.51
0.1905,1.47
0.1906,1.44
0.19069999999999998,1.42
0.19080000000000008,1.4000000000000001
0.19090000000000007,1.36
0.19100000000000006,1.37
0.19110000000000005,1.35
0.19120000000000004,1.58
0.19130000000000003,1.86
0.19140000000000001,2.11
0.1915,2.2600000000000002
0.1916,2.42
0.19169999999999998,2.41
0.19180000000000008,2.33
0.19190000000000007,2.25
0.19200000000000006,2.22
0.19210000000000005,2.17
0.19220000000000004,2.23
0.19230000000000003,2.41
0.19240000000000002,2.5
0.1925,2.58
0.1926,2.65
0.19269999999999998,2.58
0.19280000000000008,2.38
0.19290000000000007,2.22
0.19300000000000006,2.09
0.19310000000000005,1.98
0.19320000000000004,1.95
0.19330000000000003,2.0
0.19340000000000002,2.05
0.1935,2.09
0.1936,2.09
0.19369999999999998,2.0100000000000002
0.19380000000000008,1.85
0.19390000000000007,1.73
0.19400000000000006,1.62
0.19410000000000005,1.51
0.19420000000000004,1.36
0.19430000000000003,1.1500000000000001
0.19440000000000002,0.98
0.1945,0.85
0.1946,0.75
0.19469999999999998,0.72
0.19480000000000008,0.78
0.19490000000000007,0.8
0.19500000000000006,0.8300000000000001
0.19510000000000005,0.87
0.19520000000000004,0.99
0.19530000000000003,1.43
0.19540000000000002,1.76
0.1955,2.04
0.1956,2.25
0.19569999999999999,2.31
0.19580000000000009,1.8800000000000001
0.19590000000000007,1.53
0.19600000000000006,1.26
0.19610000000000005,1.05
0.19620000000000004,0.91
0.19630000000000003,0.84
0.19640000000000002,0.81
0.1965,0.75
0.1966,0.72
0.19669999999999999,0.6900000000000001
0.19680000000000009,0.67
0.19690000000000007,0.65
0.19700000000000006,0.63
0.19710000000000005,0.64
0.19720000000000004,0.62
0.19730000000000003,0.8
0.19740000000000002,0.91
0.1975,1.0
0.1976,1.1
0.1977,1.1500000000000001
0.1978000000000001,0.9400000000000001
0.19790000000000008,0.8
0.19800000000000006,0.68
0.19810000000000005,0.56
0.19820000000000004,0.51
0.19830000000000003,0.48
0.19840000000000002,0.46
0.1985,0.44
0.1986,0.41000000000000003
0.1987,0.41000000000000003
0.1988000000000001,0.56
0.19890000000000008,0.68
0.19900000000000007,0.79
0.19910000000000005,0.86
0.19920000000000004,0.93
0.19930000000000003,1.1
0.19940000000000002,1.24
0.1995,1.37
0.1996,1.45
0.1997,1.53
0.1998000000000001,1.54
0.19990000000000008,1.52
0.20000000000000007,1.53
0.20010000000000006,1.53
0.20020000000000004,1.52
0.20030000000000003,1.5
0.20040000000000002,1.5
0.2005,1.45
0.2006,1.46
0.2007,1.43
0.20079999999999998,1.24
0.20090000000000008,1.04
0.20100000000000007,0.85
0.20110000000000006,0.73
0.20120000000000005,0.64
0.20130000000000003,0.9500000000000001
0.20140000000000002,1.36
0.2015,1.68
0.2016,1.94
0.2017,2.14
0.20179999999999998,2.14
0.20190000000000008,1.96
0.20200000000000007,1.86
0.20210000000000006,1.8
0.20220000000000005,1.7
0.20230000000000004,1.82
0.20240000000000002,2.06
0.2025,2.23
0.2026,2.36
0.2027,2.46
0.20279999999999998,2.47
0.20290000000000008,2.38
0.20300000000000007,2.3000000000000003
0.20310000000000006,2.25
0.20320000000000005,2.17
0.20330000000000004,2.2
0.20340000000000003,2.32
0.20350000000000001,2.36
0.2036,2.44
0.2037,2.48
0.20379999999999998,2.5300000000000002
0.20390000000000008,2.6
0.20400000000000007,2.64
0.20410000000000006,2.69
0.20420000000000005,2.71
0.20430000000000004,2.61
0.20440000000000003,2.27
0.20450000000000002,2.02
0.2046,1.78
0.2047,1.6400000000000001
0.20479999999999998,1.42
0.20490000000000008,1.19
0.20500000000000007,1.0
0.20510000000000006,0.84
0.20520000000000005,0.72
0.20530000000000004,0.63
0.20540000000000003,0.55
0.20550000000000002,0.5
0.2056,0.45
0.2057,0.41000000000000003
0.20579999999999998,0.44
0.20590000000000008,0.49
0.20600000000000007,0.53
0.20610000000000006,0.56
0.20620000000000005,0.59
0.20630000000000004,0.64
0.20640000000000003,0.98
0.20650000000000002,1.25
0.2066,1.44
0.2067,1.61
0.20679999999999998,1.73
0.20690000000000008,1.56
0.20700000000000007,1.42
0.20710000000000006,1.32
0.20720000000000005,1.26
0.20730000000000004,1.1500000000000001
0.20740000000000003,1.04
0.20750000000000002,0.93
0.2076,0.87
0.2077,0.79
0.20779999999999998,0.73
0.20790000000000008,0.72
0.20800000000000007,0.7000000000000001
0.20810000000000006,0.68
0.20820000000000005,0.67
0.20830000000000004,0.65
0.20840000000000003,0.8300000000000001
0.20850000000000002,1.0
0.2086,1.1
0.2087,1.21
0.20879999999999999,1.27
0.20890000000000009,1.42
0.20900000000000007,1.55
0.20910000000000006,1.62
0.20920000000000005,1.71
0.20930000000000004,1.78
0.20940000000000003,1.68
0.20950000000000002,1.55
0.2096,1.5
0.2097,1.43
0.2098,1.3800000000000001
0.2099000000000001,1.36
0.21000000000000008,1.36
0.21010000000000006,1.36
0.21020000000000005,1.34
0.21030000000000004,1.35
0.21040000000000003,1.42
0.21050000000000002,1.51
0.2106,1.56
0.2107,1.6
0.2108,1.6400000000000001
0.2109000000000001,1.45
0.21100000000000008,1.24
0.21110000000000007,1.09
0.21120000000000005,0.96
0.21130000000000004,0.86
0.21140000000000003,1.03
0.21150000000000002,1.27
0.2116,1.48
0.2117,1.62
0.2118,1.73
0.2119000000000001,1.9000000000000001
0.21200000000000008,2.08
0.21210000000000007,2.23
0.21220000000000006,2.35
0.21230000000000004,2.44
0.21240000000000003,2.52
0.21250000000000002,2.5500000000000003
0.2126,2.6
0.2127,2.62
0.2128,2.64
0.2129000000000001,2.67
0.21300000000000008,2.7
0.21310000000000007,2.72
0.21320000000000006,2.73
0.21330000000000005,2.77
0.21340000000000003,2.5
0.21350000000000002,2.06
0.2136,1.71
0.2137,1.45
0.2138,1.23
0.21389999999999998,1.1500000000000001
0.21400000000000008,1.22
0.21410000000000007,1.24
0.21420000000000006,1.25
0.21430000000000005,1.28
0.21440000000000003,1.19
0.21450000000000002,1.07
0.2146,0.96
0.2147,0.89
0.2148,0.8300000000000001
0.21489999999999998,0.73
0.21500000000000008,0.59
0.21510000000000007,0.48
0.21520000000000006,0.38
0.21530000000000005,0.33
0.21540000000000004,0.42
0.21550000000000002,0.8
0.2156,1.06
0.2157,1.32
0.2158,1.49
0.21589999999999998,1.67
0.21600000000000008,1.98
0.21610000000000007,2.19
0.21620000000000006,2.39
0.21630000000000005,2.57
0.21640000000000004,2.63
0.21650000000000003,2.29
0.21660000000000001,2.06
0.2167,1.86
0.2168,1.74
0.21689999999999998,1.59
0.21700000000000008,1.9100000000000001
0.21710000000000007,2.13
0.21720000000000006,2.32
0.21730000000000005,2.46
0.21740000000000004,2.57
0.21750000000000003,2.42
0.21760000000000002,2.32
0.2177,2.2600000000000002
0.2178,2.19
0.21789999999999998,2.13
0.21800000000000008,2.19
0.21810000000000007,2.25
0.21820000000000006,2.2600000000000002
0.21830000000000005,2.31
0.21840000000000004,2.33
0.21850000000000003,1.99
0.21860000000000002,1.72
0.2187,1.5
0.2188,1.34
0.21889999999999998,1.22
0.21900000000000008,1.42
0.21910000000000007,1.6400000000000001
0.21920000000000006,1.79
0.21930000000000005,1.9100000000000001
0.21940000000000004,2.0
0.21950000000000003,1.69
0.21960000000000002,1.42
0.2197,1.2
0.2198,1.04
0.21989999999999998,0.9
0.22000000000000008,1.0
0.22010000000000007,1.08
0.22020000000000006,1.16
0.22030000000000005,1.19
0.22040000000000004,1.24
0.22050000000000003,1.5
0.22060000000000002,1.76
0.2207,1.99
0.2208,2.15
0.22089999999999999,2.29
0.22100000000000009,2.45
0.22110000000000007,2.59
0.22120000000000006,2.69
0.22130000000000005,2.7800000000000002
0.22140000000000004,2.86
0.22150000000000003,2.71
0.22160000000000002,2.48
0.2217,2.31
0.2218,2.17
0.2219,2.05
0.2220000000000001,2.13
0.22210000000000008,2.3000000000000003
0.22220000000000006,2.41
0.22230000000000005,2.5100000000000002
0.22240000000000004,2.6
0.22250000000000003,2.33
0.22260000000000002,1.93
0.2227,1.58
0.2228,1.33
0.2229,1.12
0.2230000000000001,1.08
0.22310000000000008,1.11
0.22320000000000007,1.1500000000000001
0.22330000000000005,1.1500000000000001
0.22340000000000004,1.16
0.22350000000000003,1.35
0.22360000000000002,1.7
0.2237,1.99
0.2238,2.21
0.2239,2.38
0.2240000000000001,2.4
0.22410000000000008,2.18
0.22420000000000007,2.02
0.22430000000000005,1.8800000000000001
0.22440000000000004,1.76
0.22450000000000003,1.57
0.22460000000000002,1.29
0.2247,1.07
0.2248,0.87
0.2249,0.73
0.2250000000000001,0.65
0.22510000000000008,0.58
0.22520000000000007,0.53
0.22530000000000006,0.48
0.22540000000000004,0.46
0.22550000000000003,0.4
0.22560000000000002,0.33
0.2257,0.28
0.2258,0.22
0.2259,0.19
0.2260000000000001,0.24
0.22610000000000008,0.7000000000000001
0.22620000000000007,1.03
0.22630000000000006,1.3
0.22640000000000005,1.49
0.22650000000000003,1.6400000000000001
0.22660000000000002,1.61
0.2267,1.58
0.2268,1.55
0.2269,1.53
0.22699999999999998,1.52
0.22710000000000008,1.56
0.22720000000000007,1.59
0.22730000000000006,1.62
0.22740000000000005,1.6400000000000001
0.22750000000000004,1.6600000000000001
0.22760000000000002,1.52
0.2277,1.44
0.2278,1.35
0.2279,1.31
0.22799999999999998,1.25
0.22810000000000008,1.36
0.22820000000000007,1.44
0.22830000000000006,1.53
0.22840000000000005,1.58
0.22850000000000004,1.6400000000000001
0.22860000000000003,1.6600000000000001
0.22870000000000001,1.69
0.2288,1.72
0.2289,1.75
0.22899999999999998,1.76
0.22910000000000008,1.9100000000000001
0.22920000000000007,2.06
0.22930000000000006,2.16
0.22940000000000005,2.2600000000000002
0.22950000000000004,2.33
0.22960000000000003,2.19
0.22970000000000002,2.04
0.2298,1.93
0.2299,1.86
0.22999999999999998,1.78
0.23010000000000008,1.8800000000000001
0.23020000000000007,2.0100000000000002
0.23030000000000006,2.12
0.23040000000000005,2.19
0.23050000000000004,2.24
0.23060000000000003,2.02
0.23070000000000002,1.73
0.2308,1.54
0.2309,1.4000000000000001
0.23099999999999998,1.24
0.23110000000000008,1.26
0.23120000000000007,1.3
0.23130000000000006,1.31
0.23140000000000005,1.34
0.23150000000000004,1.36
0.23160000000000003,1.42
0.23170000000000002,1.54
0.2318,1.59
0.2319,1.6300000000000001
0.23199999999999998,1.67
0.23210000000000008,1.84
0.23220000000000007,2.1
0.23230000000000006,2.27
0.23240000000000005,2.41
0.23250000000000004,2.5300000000000002
0.23260000000000003,2.37
0.23270000000000002,2.0300000000000002
0.2328,1.81
0.2329,1.62
0.23299999999999998,1.46
0.23310000000000008,1.56
0.23320000000000007,1.8
0.23330000000000006,2.0
0.23340000000000005,2.17
0.23350000000000004,2.27
0.23360000000000003,2.3000000000000003
0.23370000000000002,2.25
0.2338,2.21
0.2339,2.15
0.23399999999999999,2.16
0.23410000000000009,2.07
0.23420000000000007,1.92
0.23430000000000006,1.76
0.23440000000000005,1.6500000000000001
0.23450000000000004,1.57
0.23460000000000003,1.6400000000000001
0.23470000000000002,1.93
0.2348,2.16
0.2349,2.35
0.235,2.48
0.2351000000000001,2.6
0.23520000000000008,2.64
0.23530000000000006,2.7
0.23540000000000005,2.73
0.23550000000000004,2.7800000000000002
0.23560000000000003,2.74
0.23570000000000002,2.5300000000000002
0.2358,2.35
0.2359,2.21
0.236,2.11
0.2361000000000001,2.05
0.23620000000000008,2.16
0.23630000000000007,2.25
0.23640000000000005,2.32
0.23650000000000004,2.36
0.23660000000000003,2.39
0.23670000000000002,2.43
0.2368,2.46
0.2369,2.49
0.237,2.5
0.2371000000000001,2.47
0.23720000000000008,2.07
0.23730000000000007,1.77
0.23740000000000006,1.53
0.23750000000000004,1.33
0.23760000000000003,1.18
0.23770000000000002,1.23
0.2378,1.27
0.2379,1.28
0.238,1.3
0.2381000000000001,1.29
0.23820000000000008,1.41
0.23830000000000007,1.51
0.23840000000000006,1.58
0.23850000000000005,1.6400000000000001
0.23860000000000003,1.67
0.23870000000000002,1.5
0.2388,1.32
0.2389,1.18
0.239,1.08
0.2391000000000001,0.98
0.23920000000000008,1.29
0.23930000000000007,1.6
0.23940000000000006,1.82
0.23950000000000005,1.98
0.23960000000000004,2.15
0.23970000000000002,2.29
0.2398,2.44
0.2399,2.5300000000000002
0.24,2.63
0.24009999999999998,2.68
0.24020000000000008,2.32
0.24030000000000007,1.9100000000000001
0.24040000000000006,1.6
0.24050000000000005,1.37
0.24060000000000004,1.16
0.24070000000000003,1.26
0.24080000000000001,1.3900000000000001
0.2409,1.5
0.241,1.57
0.24109999999999998,1.6300000000000001
0.24120000000000008,1.46
0.24130000000000007,1.26
0.24140000000000006,1.1
0.24150000000000005,0.96
0.24160000000000004,0.87
0.24170000000000003,0.86
0.24180000000000001,0.9
0.2419,0.9
0.242,0.91
0.24209999999999998,0.92
0.24220000000000008,0.78
0.24230000000000007,0.64
0.24240000000000006,0.53
0.24250000000000005,0.42
0.24260000000000004,0.37
0.24270000000000003,0.61
0.24280000000000002,1.05
0.2429,1.42
0.243,1.71
0.24309999999999998,1.95
0.24320000000000008,1.85
0.24330000000000007,1.49
0.24340000000000006,1.21
0.24350000000000005,1.01
0.24360000000000004,0.86
0.24370000000000003,0.93
0.24380000000000002,1.17
0.2439,1.3800000000000001
0.244,1.53
0.24409999999999998,1.6500000000000001
0.24420000000000008,1.83
0.24430000000000007,2.08
0.24440000000000006,2.3000000000000003
0.24450000000000005,2.45
0.24460000000000004,2.57
0.24470000000000003,2.65
0.24480000000000002,2.66
0.2449,2.66
0.245,2.65
0.24509999999999998,2.66
0.24520000000000008,2.61
0.24530000000000007,2.37
0.24540000000000006,2.2
0.24550000000000005,2.05
0.24560000000000004,1.95
0.24570000000000003,1.8
0.24580000000000002,1.5
0.2459,1.23
0.246,1.04
0.24609999999999999,0.89
0.24620000000000009,0.81
0.24630000000000007,0.85
0.24640000000000006,0.85
0.24650000000000005,0.87
0.24660000000000004,0.88
0.24670000000000003,0.91
0.24680000000000002,1.34
0.2469,1.6500000000000001
0.247,1.8900000000000001
0.2471,2.08
0.2472000000000001,2.22
0.24730000000000008,1.84
0.24740000000000006,1.57
0.24750000000000005,1.37
0.24760000000000004,1.19
0.24770000000000003,1.07
0.24780000000000002,1.18
0.2479,1.24
0.248,1.29
0.2481,1.34
0.2482000000000001,1.35
0.24830000000000008,1.69
0.24840000000000007,1.98
0.24850000000000005,2.2
0.24860000000000004,2.38
0.24870000000000003,2.5300000000000002
0.24880000000000002,2.29
0.2489,2.05
0.249,1.86
0.2491,1.69
0.2492000000000001,1.59
0.24930000000000008,1.28
0.24940000000000007,1.04
0.24950000000000006,0.8300000000000001
0.24960000000000004,0.6900000000000001
0.24970000000000003,0.56
0.24980000000000002,0.8
0.2499,1.01
0.25,1.2
0.2501,1.34
0.2502000000000001,1.45
0.2503000000000001,1.45
0.25040000000000007,1.43
0.25050000000000006,1.4000000000000001
0.25060000000000004,1.41
0.25070000000000003,1.4000000000000001
0.2508,1.45
0.2509,1.54
0.251,1.6
0.2511,1.6600000000000001
0.2512000000000001,1.68
0.2513000000000001,1.52
0.25140000000000007,1.29
0.25150000000000006,1.1400000000000001
0.25160000000000005,1.02
0.25170000000000003,0.93
0.2518,1.1400000000000001
0.2519,1.49
0.252,1.73
0.2521,1.95
0.2522000000000001,2.11
0.2523000000000001,1.8900000000000001
0.25240000000000007,1.51
0.25250000000000006,1.24
0.25260000000000005,1.01
0.25270000000000004,0.8200000000000001
0.2528,0.96
0.2529,1.29
0.253,1.56
0.2531,1.74
0.2532,1.9100000000000001
0.2533000000000001,1.8
0.25340000000000007,1.54
0.25350000000000006,1.34
0.25360000000000005,1.18
0.25370000000000004,1.05
0.2538,1.06
0.2539,1.17
0.254,1.26
0.2541,1.35
0.2542,1.42
0.2543000000000001,1.32
0.25440000000000007,1.07
0.25450000000000006,0.88
0.25460000000000005,0.73
0.25470000000000004,0.6
0.2548,0.56
0.2549,0.59
0.255,0.61
0.2551,0.61
0.2552,0.62
0.2553000000000001,0.6
0.25540000000000007,0.47000000000000003
0.25550000000000006,0.41000000000000003
0.25560000000000005,0.34
0.25570000000000004,0.28
0.2558,0.35000000000000003
0.2559,0.63
0.256,0.85
0.2561,1.01
0.2562,1.1500000000000001
0.2563000000000001,1.22
0.2564000000000001,1.12
0.25650000000000006,1.1
0.25660000000000005,1.03
0.25670000000000004,1.0
0.25680000000000003,1.0
0.2569,1.35
0.257,1.62
0.2571,1.84
0.2572,2.0100000000000002
0.2573000000000001,2.14
0.2574000000000001,1.92
0.25750000000000006,1.74
0.25760000000000005,1.62
0.25770000000000004,1.53
0.25780000000000003,1.44
0.2579,1.23
0.258,1.04
0.2581,0.9
0.2582,0.8
0.2583000000000001,0.71
0.2584000000000001,0.84
0.25850000000000006,0.89
0.25860000000000005,0.93
0.25870000000000004,0.97
0.25880000000000003,1.01
0.2589,1.36
0.259,1.7
0.2591,1.98
0.2592,2.19
0.2593000000000001,2.33
0.2594000000000001,2.37
0.25950000000000006,2.4
0.25960000000000005,2.41
0.25970000000000004,2.41
0.25980000000000003,2.42
0.2599,2.1
0.26,1.77
0.2601,1.51
0.2602,1.32
0.2603000000000001,1.1500000000000001
0.2604000000000001,1.37
0.26050000000000006,1.59
0.26060000000000005,1.76
0.26070000000000004,1.9100000000000001
0.26080000000000003,2.0300000000000002
0.2609,1.8900000000000001
0.261,1.69
0.2611,1.59
0.2612,1.46
0.2613000000000001,1.3800000000000001
0.2614000000000001,1.1400000000000001
0.26150000000000007,0.9400000000000001
0.26160000000000005,0.77
0.26170000000000004,0.62
0.26180000000000003,0.52
0.2619,0.53
0.262,0.58
0.2621,0.63
0.2622,0.66
0.2623000000000001,0.67
0.2624000000000001,0.96
0.26250000000000007,1.41
0.26260000000000006,1.71
0.26270000000000004,1.98
0.26280000000000003,2.18
0.2629,2.18
0.263,1.96
0.2631,1.79
0.2632,1.67
0.2633000000000001,1.57
0.2634000000000001,1.6
0.26350000000000007,1.73
0.26360000000000006,1.84
0.26370000000000005,1.93
0.26380000000000003,2.0
0.2639,2.05
0.264,2.0300000000000002
0.2641,2.02
0.2642,2.0300000000000002
0.2643000000000001,2.05
0.2644000000000001,2.11
0.26450000000000007,2.31
0.26460000000000006,2.47
0.26470000000000005,2.57
0.26480000000000004,2.66
0.2649,2.61
0.265,2.29
0.2651,2.04
0.2652,1.84
0.2653000000000001,1.68
0.2654000000000001,1.67
0.26550000000000007,1.9100000000000001
0.26560000000000006,2.09
0.26570000000000005,2.23
0.26580000000000004,2.34
0.2659,2.37
0.266,2.08
0.2661,1.86
0.2662,1.68
0.2663000000000001,1.53
0.2664000000000001,1.49
0.26650000000000007,1.53
0.26660000000000006,1.54
0.26670000000000005,1.56
0.26680000000000004,1.57
0.2669,1.56
0.267,1.42
0.2671,1.3
0.2672,1.22
0.2673,1.1500000000000001
0.2674000000000001,1.07
0.26750000000000007,0.9500000000000001
0.26760000000000006,0.84
0.26770000000000005,0.76
0.26780000000000004,0.6900000000000001
0.2679,0.65
0.268,0.9
0.2681,1.1
0.2682,1.26
0.2683,1.3800000000000001
0.2684000000000001,1.46
0.26850000000000007,1.69
0.26860000000000006,1.86
0.26870000000000005,2.02
0.26880000000000004,2.15
0.26890000000000003,2.21
0.269,2.36
0.2691,2.47
0.2692,2.5300000000000002
0.2693,2.62
0.2694000000000001,2.67
0.2695000000000001,2.44
0.26960000000000006,2.22
0.26970000000000005,2.04
0.26980000000000004,1.9000000000000001
0.26990000000000003,1.81
0.27,1.59
0.2701,1.42
0.2702,1.31
0.2703,1.21
0.2704000000000001,1.12
0.2705000000000001,0.9400000000000001
0.27060000000000006,0.77
0.27070000000000005,0.64
0.27080000000000004,0.56
0.27090000000000003,0.47000000000000003
0.271,0.71
0.2711,0.96
0.2712,1.17
0.2713,1.35
0.2714000000000001,1.46
0.2715000000000001,1.3800000000000001
0.27160000000000006,1.26
0.27170000000000005,1.1400000000000001
0.27180000000000004,1.06
0.27190000000000003,1.0
0.272,1.01
0.2721,1.03
0.2722,1.04
0.2723,1.05
0.2724000000000001,1.06
0.2725000000000001,0.96
0.27260000000000006,0.87
0.27270000000000005,0.8200000000000001
0.27280000000000004,0.74
0.27290000000000003,0.7000000000000001
0.273,0.65
0.2731,0.59
0.2732,0.58
0.2733,0.56
0.2734000000000001,0.52
0.2735000000000001,0.7000000000000001
0.27360000000000007,1.01
0.27370000000000005,1.22
0.27380000000000004,1.4000000000000001
0.27390000000000003,1.54
0.274,1.6600000000000001
0.2741,1.75
0.2742,1.8
0.2743,1.87
0.2744000000000001,1.94
0.2745000000000001,1.86
0.27460000000000007,1.67
0.27470000000000006,1.55
0.27480000000000004,1.42
0.27490000000000003,1.35
0.275,1.35
0.2751,1.42
0.2752,1.49
0.2753,1.53
0.2754000000000001,1.57
0.2755000000000001,1.56
0.27560000000000007,1.52
0.27570000000000006,1.48
0.27580000000000005,1.45
0.27590000000000003,1.42
0.276,1.4000000000000001
0.2761,1.49
0.2762,1.51
0.2763,1.53
0.2764000000000001,1.57
0.2765000000000001,1.54
0.27660000000000007,1.42
0.27670000000000006,1.32
0.27680000000000005,1.26
0.27690000000000003,1.2
0.277,1.18
0.2771,1.46
0.2772,1.6600000000000001
0.2773,1.81
0.2774000000000001,1.96
0.2775000000000001,2.06
0.27760000000000007,2.02
0.27770000000000006,2.0100000000000002
0.27780000000000005,2.0
0.27790000000000004,1.99
0.278,1.98
0.2781,1.6
0.2782,1.29
0.2783,1.05
0.2784000000000001,0.89
0.2785000000000001,0.73
0.27860000000000007,1.12
0.27870000000000006,1.41
0.27880000000000005,1.6500000000000001
0.27890000000000004,1.84
0.279,1.97
0.2791,2.16
0.2792,2.36
0.2793,2.49
0.2794000000000001,2.6
0.2795000000000001,2.69
0.27960000000000007,2.64
0.27970000000000006,2.59
0.27980000000000005,2.59
0.27990000000000004,2.56
0.28,2.52
0.2801,2.35
0.2802,2.14
0.2803,2.0100000000000002
0.2804,1.8800000000000001
0.2805000000000001,1.78
0.28060000000000007,1.96
0.28070000000000006,2.17
0.28080000000000005,2.32
0.28090000000000004,2.47
0.281,2.57
0.2811,2.5300000000000002
0.2812,2.42
0.2813,2.32
0.2814,2.2600000000000002
0.2815000000000001,2.2
0.2816000000000001,2.0100000000000002
0.28170000000000006,1.84
0.28180000000000005,1.7
0.28190000000000004,1.59
0.28200000000000003,1.51
0.2821,1.6300000000000001
0.2822,1.82
0.2823,1.96
0.2824,2.05
0.2825000000000001,2.15
0.2826000000000001,2.18
0.28270000000000006,2.18
0.28280000000000005,2.18
0.28290000000000004,2.18
0.28300000000000003,2.18
0.2831,1.98
0.2832,1.7
0.2833,1.46
0.2834,1.27
0.2835000000000001,1.12
0.2836000000000001,0.98
0.28370000000000006,0.8200000000000001
0.28380000000000005,0.71
0.28390000000000004,0.61
0.28400000000000003,0.54
0.2841,0.6
0.2842,0.79
0.2843,0.9400000000000001
0.2844,1.04
0.2845000000000001,1.12
0.2846000000000001,1.26
0.28470000000000006,1.41
0.28480000000000005,1.56
0.28490000000000004,1.6400000000000001
0.28500000000000003,1.76
0.2851,1.7
0.2852,1.5
0.2853,1.35
0.2854,1.21
0.2855000000000001,1.1
0.2856000000000001,1.02
0.28570000000000007,0.93
0.28580000000000005,0.85
0.28590000000000004,0.77
0.28600000000000003,0.71
0.2861,0.78
0.2862,1.1
0.2863,1.36
0.2864,1.57
0.2865000000000001,1.74
0.2866000000000001,1.8
0.28670000000000007,1.61
0.28680000000000005,1.5
0.28690000000000004,1.4000000000000001
0.28700000000000003,1.33
0.2871,1.3
0.2872,1.28
0.2873,1.27
0.2874,1.27
0.2875000000000001,1.26
0.2876000000000001,1.26
0.28770000000000007,1.56
0.28780000000000006,1.83
0.28790000000000004,2.0300000000000002
0.28800000000000003,2.18
0.2881,2.32
0.2882,2.41
0.2883,2.49
0.2884,2.57
0.2885000000000001,2.61
0.2886000000000001,2.66
0.28870000000000007,2.25
0.28880000000000006,1.93
0.28890000000000005,1.67
0.28900000000000003,1.46
0.2891,1.29
0.2892,1.31
0.2893,1.35
0.2894,1.34
0.2895000000000001,1.35
0.2896000000000001,1.35
0.28970000000000007,1.35
0.28980000000000006,1.35
0.28990000000000005,1.36
0.29000000000000004,1.36
0.2901,1.33
0.2902,1.36
0.2903,1.34
0.2904,1.33
0.2905000000000001,1.33
0.2906000000000001,1.31
0.29070000000000007,1.53
0.29080000000000006,1.81
0.29090000000000005,2.04
0.29100000000000004,2.2
0.2911,2.34
0.2912,2.2600000000000002
0.2913,2.09
0.2914,1.96
0.2915000000000001,1.87
0.2916000000000001,1.76
0.29170000000000007,1.59
0.29180000000000006,1.4000000000000001
0.29190000000000005,1.24
0.29200000000000004,1.11
0.2921,1.01
0.2922,0.96
0.2923,0.9
0.2924,0.87
0.2925000000000001,0.85
0.2926000000000001,0.8
0.29270000000000007,0.93
0.29280000000000006,1.12
0.29290000000000005,1.24
0.29300000000000004,1.37
0.2931,1.47
0.2932,1.3800000000000001
0.2933,1.24
0.2934,1.11
0.2935,1.03
0.2936000000000001,0.96
0.29370000000000007,0.87
0.29380000000000006,0.79
0.29390000000000005,0.71
0.29400000000000004,0.65
0.29410000000000003,0.6
0.2942,0.6
0.2943,0.63
0.2944,0.6900000000000001
0.2945,0.7000000000000001
0.2946000000000001,0.71
0.2947000000000001,0.85
0.29480000000000006,1.19
0.29490000000000005,1.46
0.29500000000000004,1.6500000000000001
0.29510000000000003,1.81
0.2952,1.92
0.2953,1.93
0.2954,1.94
0.2955,1.96
0.2956000000000001,1.96
0.2957000000000001,1.85
0.29580000000000006,1.5
0.29590000000000005,1.21
0.29600000000000004,0.99
0.29610000000000003,0.81
0.2962,0.68
0.2963,0.62
0.2964,0.55
0.2965,0.49
0.2966000000000001,0.44
0.2967000000000001,0.44
0.29680000000000006,0.51
0.29690000000000005,0.56
0.29700000000000004,0.6
0.29710000000000003,0.62
0.2972,0.65
0.2973,0.7000000000000001
0.2974,0.7000000000000001
0.2975,0.72
0.2976000000000001,0.72
0.2977000000000001,0.75
0.29780000000000006,0.99
0.29790000000000005,1.17
0.29800000000000004,1.32
0.29810000000000003,1.44
0.2982,1.51
0.2983,1.48
0.2984,1.45
0.2985,1.44
0.2986000000000001,1.41
0.2987000000000001,1.4000000000000001
0.29880000000000007,1.41
0.29890000000000005,1.42
0.29900000000000004,1.41
0.29910000000000003,1.43
0.2992,1.43
0.2993,1.26
0.2994,1.17
0.2995,1.08
0.2996000000000001,1.02
0.2997000000000001,0.9500000000000001
0.29980000000000007,1.19
0.29990000000000006,1.46
0.30000000000000004,1.6300000000000001
0.30010000000000003,1.78
0.3002,1.9100000000000001
0.3003,2.11
0.3004,2.27
0.3005,2.38
0.3006000000000001,2.47
0.3007000000000001,2.57
0.30080000000000007,2.52
0.30090000000000006,2.44
0.30100000000000005,2.38
0.30110000000000003,2.33
0.3012,2.29
0.3013,2.39
0.3014,2.57
0.3015,2.69
0.3016000000000001,2.77
0.3017000000000001,2.85
0.30180000000000007,2.73
0.30190000000000006,2.49
0.30200000000000005,2.34
0.30210000000000004,2.2
0.3022,2.06
0.3023,1.78
0.3024,1.46
0.3025,1.23
0.3026000000000001,1.02
0.3027000000000001,0.85
0.30280000000000007,0.92
0.30290000000000006,1.1
0.30300000000000005,1.25
0.30310000000000004,1.35
0.3032,1.45
0.3033,1.56
0.3034,1.71
0.3035,1.82
0.3036000000000001,1.93
0.3037000000000001,1.99
0.30380000000000007,2.02
0.30390000000000006,1.97
0.30400000000000005,1.93
0.30410000000000004,1.8900000000000001
0.3042,1.87
0.3043,1.8900000000000001
0.3044,1.99
0.3045,2.08
0.3046000000000001,2.13
0.3047000000000001,2.2
0.30480000000000007,2.27
0.30490000000000006,2.43
0.30500000000000005,2.54
0.30510000000000004,2.64
0.3052,2.73
0.3053,2.64
0.3054,2.31
0.3055,2.05
0.3056000000000001,1.85
0.3057000000000001,1.69
0.30580000000000007,1.5
0.30590000000000006,1.33
0.30600000000000005,1.16
0.30610000000000004,1.05
0.3062,0.9400000000000001
0.3063,0.84
0.3064,0.6900000000000001
0.3065,0.56
0.3066,0.47000000000000003
0.3067000000000001,0.38
0.3068000000000001,0.4
0.30690000000000006,0.77
0.30700000000000005,1.04
0.30710000000000004,1.26
0.30720000000000003,1.43
0.3073,1.54
0.3074,1.47
0.3075,1.4000000000000001
0.3076,1.3800000000000001
0.3077000000000001,1.35
0.3078000000000001,1.33
0.30790000000000006,1.69
0.30800000000000005,1.97
0.30810000000000004,2.2
0.30820000000000003,2.39
0.3083,2.5100000000000002
0.3084,2.09
0.3085,1.73
0.3086,1.49
0.3087000000000001,1.29
0.3088000000000001,1.11
0.30890000000000006,1.1300000000000001
0.30900000000000005,1.1
0.30910000000000004,1.12
0.30920000000000003,1.1300000000000001
0.3093,1.11
0.3094,1.31
0.3095,1.47
0.3096,1.59
0.3097000000000001,1.68
0.3098000000000001,1.79
0.30990000000000006,1.6500000000000001
0.31000000000000005,1.54
0.31010000000000004,1.45
0.31020000000000003,1.3900000000000001
0.3103,1.32
0.3104,1.3900000000000001
0.3105,1.45
0.3106,1.5
0.3107000000000001,1.52
0.3108000000000001,1.54
0.31090000000000007,1.7
0.31100000000000005,1.8800000000000001
0.31110000000000004,2.0100000000000002
0.31120000000000003,2.12
0.3113,2.21
0.3114,2.17
0.3115,2.11
0.3116,2.04
0.3117000000000001,1.97
0.3118000000000001,1.95
0.31190000000000007,1.77
0.31200000000000006,1.62
0.31210000000000004,1.48
0.31220000000000003,1.36
0.3123,1.28
0.3124,1.1
0.3125,0.89
0.3126,0.72
0.3127000000000001,0.59
0.3128000000000001,0.49
0.31290000000000007,0.51
0.31300000000000006,0.62
0.31310000000000004,0.7000000000000001
0.31320000000000003,0.75
0.3133,0.8
0.3134,1.06
0.3135,1.44
0.3136,1.72
0.3137000000000001,1.95
0.3138000000000001,2.12
0.31390000000000007,2.05
0.31400000000000006,1.73
0.31410000000000005,1.47
0.31420000000000003,1.28
0.3143,1.12
0.3144,1.17
0.3145,1.44
0.3146,1.62
0.3147000000000001,1.79
0.3148000000000001,1.9100000000000001
0.31490000000000007,2.04
0.31500000000000006,2.09
0.31510000000000005,2.17
0.31520000000000004,2.25
0.3153,2.27
0.3154,2.23
0.3155,2.05
0.3156,1.9000000000000001
0.3157000000000001,1.78
0.3158000000000001,1.68
0.31590000000000007,1.6600000000000001
0.31600000000000006,1.72
0.31610000000000005,1.75
0.31620000000000004,1.8
0.3163,1.82
0.3164,1.87
0.3165,2.05
0.3166,2.15
0.3167000000000001,2.25
0.3168000000000001,2.35
0.31690000000000007,2.42
0.31700000000000006,2.35
0.31710000000000005,2.3000000000000003
0.31720000000000004,2.29
0.3173,2.25
0.3174,2.25
0.3175,2.23
0.3176,2.18
0.3177000000000001,2.17
0.3178000000000001,2.17
0.31790000000000007,2.15
0.31800000000000006,1.9000000000000001
0.31810000000000005,1.74
0.31820000000000004,1.58
0.3183,1.46
0.3184,1.36
0.3185,1.6400000000000001
0.3186,1.86
0.3187000000000001,2.04
0.3188000000000001,2.14
0.3189000000000001,2.24
0.31900000000000006,2.09
0.31910000000000005,1.9100000000000001
0.31920000000000004,1.8
0.31930000000000003,1.7
0.3194,1.6400000000000001
0.3195,1.53
0.3196,1.46
0.3197,1.41
0.3198000000000001,1.35
0.3199000000000001,1.31
0.32000000000000006,1.51
0.32010000000000005,1.69
0.32020000000000004,1.82
0.32030000000000003,1.92
0.3204,2.0300000000000002
0.3205,1.99
0.3206,1.93
0.3207,1.9000000000000001
0.3208000000000001,1.87
0.3209000000000001,1.84
0.32100000000000006,1.69
0.32110000000000005,1.57
0.32120000000000004,1.47
0.32130000000000003,1.4000000000000001
0.3214,1.35
0.3215,1.1300000000000001
0.3216,0.96
0.3217,0.79
0.3218000000000001,0.67
0.3219000000000001,0.5700000000000001
0.32200000000000006,0.8
0.32210000000000005,1.19
0.32220000000000004,1.45
0.32230000000000003,1.68
0.3224,1.85
0.3225,1.87
0.3226,1.82
0.3227,1.8
0.3228000000000001,1.78
0.3229000000000001,1.78
0.32300000000000006,1.75
0.32310000000000005,1.73
0.32320000000000004,1.71
0.32330000000000003,1.71
0.3234,1.69
0.3235,1.83
0.3236,2.06
0.3237,2.25
0.3238000000000001,2.41
0.3239000000000001,2.5300000000000002
0.32400000000000007,2.41
0.32410000000000005,2.06
0.32420000000000004,1.81
0.32430000000000003,1.58
0.3244,1.4000000000000001
0.3245,1.4000000000000001
0.3246,1.54
0.3247,1.62
0.3248000000000001,1.72
0.3249000000000001,1.78
0.32500000000000007,1.68
0.32510000000000006,1.3800000000000001
0.32520000000000004,1.16
0.32530000000000003,0.97
0.3254,0.8200000000000001
0.3255,0.77
0.3256,0.86
0.3257,0.92
0.3258000000000001,0.96
0.3259000000000001,1.0
0.32600000000000007,1.1
0.32610000000000006,1.41
0.32620000000000005,1.62
0.32630000000000003,1.8
0.3264,1.95
0.3265,1.95
0.3266,1.67
0.3267,1.43
0.3268000000000001,1.25
0.3269000000000001,1.11
0.32700000000000007,1.07
0.32710000000000006,1.32
0.32720000000000005,1.53
0.32730000000000004,1.68
0.3274,1.8
0.3275,1.86
0.3276,1.73
0.3277,1.61
0.3278000000000001,1.54
0.3279000000000001,1.47
0.32800000000000007,1.41
0.32810000000000006,1.42
0.32820000000000005,1.42
0.32830000000000004,1.41
0.3284,1.3900000000000001
0.3285,1.43
0.3286,1.48
0.3287,1.53
0.3288000000000001,1.57
0.3289000000000001,1.57
0.32900000000000007,1.6
0.32910000000000006,1.81
0.32920000000000005,1.96
0.32930000000000004,2.12
0.3294,2.23
0.3295,2.31
0.3296,2.43
0.3297,2.52
0.3298000000000001,2.62
0.3299000000000001,2.66
0.33000000000000007,2.73
0.33010000000000006,2.74
0.33020000000000005,2.7
0.33030000000000004,2.68
0.3304,2.69
0.3305,2.69
0.3306,2.61
0.3307,2.5300000000000002
0.3308000000000001,2.48
0.3309000000000001,2.43
0.33100000000000007,2.39
0.33110000000000006,2.05
0.33120000000000005,1.69
0.33130000000000004,1.41
0.33140000000000003,1.18
0.3315,1.02
0.3316,1.05
0.3317,1.1400000000000001
0.3318000000000001,1.23
0.3319000000000001,1.26
0.3320000000000001,1.3
0.33210000000000006,1.4000000000000001
0.33220000000000005,1.48
0.33230000000000004,1.53
0.33240000000000003,1.58
0.3325,1.59
0.3326,1.68
0.3327,1.76
0.3328,1.8
0.3329000000000001,1.85
0.3330000000000001,1.8900000000000001
0.33310000000000006,1.76
0.33320000000000005,1.54
0.33330000000000004,1.4000000000000001
0.33340000000000003,1.26
0.3335,1.1500000000000001
0.3336,1.27
0.3337,1.46
0.3338,1.6400000000000001
0.3339000000000001,1.76
0.3340000000000001,1.87
0.33410000000000006,1.84
0.33420000000000005,1.68
0.33430000000000004,1.58
0.33440000000000003,1.48
0.3345,1.41
0.3346,1.45
0.3347,1.56
0.3348,1.6400000000000001
0.3349000000000001,1.71
0.3350000000000001,1.75
0.33510000000000006,1.74
0.33520000000000005,1.67
0.33530000000000004,1.62
0.33540000000000003,1.58
0.3355,1.55
0.3356,1.5
0.3357,1.43
0.3358,1.36
0.3359000000000001,1.32
0.3360000000000001,1.28
0.33610000000000007,1.22
0.33620000000000005,1.1
0.33630000000000004,1.0
0.33640000000000003,0.93
0.3365,0.87
0.3366,0.91
0.3367,1.25
0.3368,1.53
0.3369000000000001,1.74
0.3370000000000001,1.9100000000000001
0.33710000000000007,2.0100000000000002
0.33720000000000006,1.8
0.33730000000000004,1.67
0.33740000000000003,1.54
0.3375,1.47
0.3376,1.41
0.3377,1.49
0.3378,1.54
0.3379000000000001,1.57
0.3380000000000001,1.61
0.33810000000000007,1.6400000000000001
0.33820000000000006,1.7
0.33830000000000005,1.79
0.33840000000000003,1.82
0.3385,1.8800000000000001
0.3386,1.92
0.3387,1.62
0.3388,1.4000000000000001
0.3389000000000001,1.21
0.3390000000000001,1.07
0.33910000000000007,0.93
0.33920000000000006,1.27
0.33930000000000005,1.54
0.33940000000000003,1.75
0.3395,1.9100000000000001
0.3396,2.05
0.3397,2.07
0.3398,2.09
0.3399000000000001,2.07
0.3400000000000001,2.07
0.34010000000000007,2.07
0.34020000000000006,2.16
0.34030000000000005,2.29
0.34040000000000004,2.37
0.3405,2.45
0.3406,2.49
0.3407,2.46
0.3408,2.41
0.3409000000000001,2.36
0.3410000000000001,2.31
0.34110000000000007,2.2800000000000002
0.34120000000000006,2.34
0.34130000000000005,2.44
0.34140000000000004,2.52
0.3415,2.5500000000000003
0.3416,2.61
0.3417,2.59
0.3418,2.5
0.3419000000000001,2.44
0.3420000000000001,2.41
0.34210000000000007,2.36
0.34220000000000006,2.41
0.34230000000000005,2.5100000000000002
0.34240000000000004,2.58
0.3425,2.66
0.3426,2.7
0.3427,2.5500000000000003
0.3428,2.27
0.3429000000000001,2.0300000000000002
0.3430000000000001,1.86
0.34310000000000007,1.7
0.34320000000000006,1.6
0.34330000000000005,1.51
0.34340000000000004,1.44
0.3435,1.3900000000000001
0.3436,1.34
0.3437,1.24
0.3438,1.08
0.3439000000000001,0.9400000000000001
0.3440000000000001,0.85
0.3441000000000001,0.74
0.34420000000000006,0.79
0.34430000000000005,0.92
0.34440000000000004,1.0
0.34450000000000003,1.07
0.3446,1.1500000000000001
0.3447,1.32
0.3448,1.67
0.3449000000000001,1.95
0.3450000000000001,2.14
0.3451000000000001,2.35
0.34520000000000006,2.45
0.34530000000000005,2.43
0.34540000000000004,2.41
0.34550000000000003,2.39
0.3456,2.37
0.3457,2.29
0.3458,1.98
0.3459,1.74
0.3460000000000001,1.57
0.3461000000000001,1.41
0.34620000000000006,1.3900000000000001
0.34630000000000005,1.62
0.34640000000000004,1.82
0.34650000000000003,1.95
0.3466,2.06
0.3467,2.13
0.3468,1.9100000000000001
0.3469,1.74
0.3470000000000001,1.62
0.3471000000000001,1.51
0.34720000000000006,1.43
0.34730000000000005,1.26
0.34740000000000004,1.1500000000000001
0.34750000000000003,1.04
0.3476,0.96
0.3477,0.9
0.3478,0.77
0.3479,0.6900000000000001
0.3480000000000001,0.6
0.3481000000000001,0.53
0.34820000000000007,0.5
0.34830000000000005,0.48
0.34840000000000004,0.47000000000000003
0.34850000000000003,0.48
0.3486,0.45
0.3487,0.45
0.3488,0.51
0.3489,0.55
0.3490000000000001,0.6
0.3491000000000001,0.61
0.34920000000000007,0.64
0.34930000000000005,0.89
0.34940000000000004,1.09
0.34950000000000003,1.22
0.3496,1.3800000000000001
0.3497,1.48
0.3498,1.69
0.3499,1.9100000000000001
0.3500000000000001,2.07
0.3501000000000001,2.22
0.35020000000000007,2.32
0.35030000000000006,2.05
0.35040000000000004,1.74
0.35050000000000003,1.52
0.3506,1.32
0.3507,1.2
0.3508,1.32
0.3509,1.46
0.3510000000000001,1.58
0.3511000000000001,1.6500000000000001
0.35120000000000007,1.71
0.35130000000000006,1.56
0.35140000000000005,1.37
0.35150000000000003,1.24
0.3516,1.12
0.3517,1.03
0.3518,0.9500000000000001
0.3519,0.89
0.3520000000000001,0.81
0.3521000000000001,0.77
0.35220000000000007,0.72
0.35230000000000006,0.91
0.35240000000000005,1.11
0.35250000000000004,1.28
0.3526,1.4000000000000001
0.3527,1.49
0.3528,1.44
0.3529,1.31
0.3530000000000001,1.21
0.3531000000000001,1.12
0.35320000000000007,1.05
0.35330000000000006,0.99
0.35340000000000005,0.93
0.35350000000000004,0.88
0.3536,0.85
0.3537,0.81
0.3538,0.8200000000000001
0.3539,0.85
0.3540000000000001,0.85
0.3541000000000001,0.88
0.35420000000000007,0.89
0.35430000000000006,0.87
0.35440000000000005,0.84
0.35450000000000004,0.81
0.3546,0.8
0.3547,0.79
0.3548,0.81
0.3549,0.9
0.3550000000000001,0.98
0.3551000000000001,1.02
0.35520000000000007,1.06
0.35530000000000006,1.1
0.35540000000000005,1.17
0.35550000000000004,1.2
0.3556,1.23
0.3557,1.27
0.3558,1.35
0.3559,1.62
0.3560000000000001,1.8
0.3561000000000001,1.97
0.35620000000000007,2.1
0.35630000000000006,2.15
0.35640000000000005,2.02
0.35650000000000004,1.95
0.35660000000000003,1.8900000000000001
0.3567,1.83
0.3568,1.81
0.3569,1.8800000000000001
0.3570000000000001,1.95
0.3571000000000001,1.99
0.3572000000000001,2.02
0.35730000000000006,2.0300000000000002
0.35740000000000005,2.0300000000000002
0.35750000000000004,2.02
0.35760000000000003,2.04
0.3577,2.02
0.3578,2.0300000000000002
0.3579,1.68
0.3580000000000001,1.41
0.3581000000000001,1.21
0.3582000000000001,1.06
0.35830000000000006,0.9400000000000001
0.35840000000000005,1.35
0.35850000000000004,1.6400000000000001
0.35860000000000003,1.8800000000000001
0.3587,2.05
0.3588,2.22
0.3589,2.35
0.359,2.48
0.3591000000000001,2.5500000000000003
0.3592000000000001,2.63
0.35930000000000006,2.71
0.35940000000000005,2.48
0.35950000000000004,2.27
0.35960000000000003,2.12
0.3597,2.0100000000000002
0.3598,1.9000000000000001
0.3599,1.69
0.36,1.5
0.3601000000000001,1.35
0.3602000000000001,1.23
0.36030000000000006,1.11
0.36040000000000005,1.09
0.36050000000000004,1.09
0.36060000000000003,1.07
0.3607,1.06
0.3608,1.05
0.3609,1.27
0.361,1.5
0.3611000000000001,1.6600000000000001
0.3612000000000001,1.82
0.36130000000000007,1.9100000000000001
0.36140000000000005,1.67
0.36150000000000004,1.36
0.36160000000000003,1.11
0.3617,0.93
0.3618,0.8
0.3619,0.85
0.362,0.97
0.3621000000000001,1.08
0.3622000000000001,1.1400000000000001
0.36230000000000007,1.2
0.36240000000000006,1.33
0.36250000000000004,1.44
0.36260000000000003,1.49
0.3627,1.59
0.3628,1.6400000000000001
0.3629,1.47
0.363,1.24
0.3631000000000001,1.06
0.3632000000000001,0.92
0.36330000000000007,0.8
0.36340000000000006,0.85
0.36350000000000005,0.98
0.36360000000000003,1.07
0.3637,1.1500000000000001
0.3638,1.22
0.3639,1.3900000000000001
0.364,1.6500000000000001
0.3641000000000001,1.87
0.3642000000000001,2.02
0.36430000000000007,2.16
0.36440000000000006,2.16
0.36450000000000005,2.04
0.36460000000000004,1.95
0.3647,1.86
0.3648,1.77
0.3649,1.68
0.365,1.3900000000000001
0.3651000000000001,1.18
0.3652000000000001,1.01
0.36530000000000007,0.88
0.36540000000000006,0.91
0.36550000000000005,1.19
0.36560000000000004,1.41
0.3657,1.59
0.3658,1.72
0.3659,1.83
0.366,2.08
0.3661000000000001,2.2800000000000002
0.3662000000000001,2.42
0.36630000000000007,2.56
0.36640000000000006,2.52
0.36650000000000005,2.14
0.36660000000000004,1.84
0.3667,1.61
0.3668,1.42
0.3669,1.33
0.367,1.6500000000000001
0.3671000000000001,1.9100000000000001
0.3672000000000001,2.11
0.36730000000000007,2.2600000000000002
0.36740000000000006,2.34
0.36750000000000005,1.98
0.36760000000000004,1.7
0.3677,1.48
0.3678,1.31
0.3679,1.16
0.368,1.43
0.3681000000000001,1.59
0.3682000000000001,1.71
0.36830000000000007,1.82
0.36840000000000006,1.8800000000000001
0.36850000000000005,2.0300000000000002
0.36860000000000004,2.15
0.3687,2.24
0.3688,2.3000000000000003
0.3689,2.36
0.369,2.16
0.3691000000000001,2.0100000000000002
0.3692000000000001,1.92
0.3693000000000001,1.82
0.36940000000000006,1.73
0.36950000000000005,1.6500000000000001
0.36960000000000004,1.59
0.36970000000000003,1.53
0.3698,1.47
0.3699,1.43
0.37,1.47
0.3701000000000001,1.49
0.3702000000000001,1.53
0.3703000000000001,1.53
0.37040000000000006,1.55
0.37050000000000005,1.55
0.37060000000000004,1.56
0.37070000000000003,1.56
0.3708,1.56
0.3709,1.57
0.371,1.36
0.3711000000000001,1.1300000000000001
0.3712000000000001,0.9400000000000001
0.3713000000000001,0.81
0.37140000000000006,0.68
0.37150000000000005,0.88
0.37160000000000004,1.11
0.37170000000000003,1.31
0.3718,1.46
0.3719,1.58
0.372,1.72
0.3721,1.87
0.3722000000000001,1.99
0.3723000000000001,2.07
0.37240000000000006,2.15
0.37250000000000005,2.0
0.37260000000000004,1.8
0.37270000000000003,1.6500000000000001
0.3728,1.52
0.3729,1.41
0.373,1.46
0.3731,1.55
0.3732000000000001,1.62
0.3733000000000001,1.6600000000000001
0.37340000000000007,1.7
0.37350000000000005,1.82
0.37360000000000004,2.02
0.37370000000000003,2.17
0.3738,2.29
0.3739,2.37
0.374,2.29
0.3741,2.05
0.3742000000000001,1.84
0.3743000000000001,1.67
0.37440000000000007,1.54
0.37450000000000006,1.6
0.37460000000000004,1.83
0.37470000000000003,1.99
0.3748,2.12
0.3749,2.2
0.375,2.25
0.3751,2.16
0.3752000000000001,2.11
0.3753000000000001,2.06
0.37540000000000007,2.0100000000000002
0.37550000000000006,2.02
0.37560000000000004,2.12
0.37570000000000003,2.19
0.3758,2.25
0.3759,2.2800000000000002
0.376,2.2600000000000002
0.3761,2.08
0.3762000000000001,1.96
0.3763000000000001,1.85
0.37640000000000007,1.77
0.37650000000000006,1.67
0.37660000000000005,1.46
0.37670000000000003,1.29
0.3768,1.17
0.3769,1.05
0.377,0.9500000000000001
0.3771,0.9400000000000001
0.3772000000000001,0.91
0.3773000000000001,0.88
0.37740000000000007,0.86
0.37750000000000006,0.85
0.37760000000000005,0.73
0.37770000000000004,0.65
0.3778,0.59
0.3779,0.53
0.378,0.48
0.3781,0.9500000000000001
0.3782000000000001,1.29
0.3783000000000001,1.52
0.37840000000000007,1.75
0.37850000000000006,1.8900000000000001
0.37860000000000005,2.13
0.37870000000000004,2.3000000000000003
0.3788,2.47
0.3789,2.6
0.379,2.68
0.3791,2.6
0.3792000000000001,2.48
0.3793000000000001,2.41
0.37940000000000007,2.33
0.37950000000000006,2.29
0.37960000000000005,2.2600000000000002
0.37970000000000004,2.22
0.3798,2.2
0.3799,2.2
0.38,2.19
0.3801,1.9100000000000001
0.3802000000000001,1.68
0.3803000000000001,1.51
0.38040000000000007,1.37
0.38050000000000006,1.26
0.38060000000000005,1.17
0.38070000000000004,1.12
0.3808,1.08
0.3809,1.06
0.381,1.02
0.3811,0.92
0.3812000000000001,0.84
0.3813000000000001,0.77
0.3814000000000001,0.71
0.38150000000000006,0.67
0.38160000000000005,0.6900000000000001
0.38170000000000004,0.71
0.38180000000000003,0.72
0.3819,0.74
0.382,0.73
0.3821,1.05
0.3822000000000001,1.43
0.3823000000000001,1.74
0.3824000000000001,1.96
0.38250000000000006,2.15
0.38260000000000005,2.2
0.38270000000000004,2.12
0.38280000000000003,2.07
0.3829,2.04
0.383,2.02
0.3831,1.84
0.3832000000000001,1.62
0.3833000000000001,1.5
0.3834000000000001,1.36
0.38350000000000006,1.26
0.38360000000000005,1.4000000000000001
0.38370000000000004,1.6600000000000001
0.38380000000000003,1.84
0.3839,2.0100000000000002
0.384,2.11
0.3841,2.02
0.3842000000000001,1.71
0.3843000000000001,1.47
0.3844000000000001,1.27
0.38450000000000006,1.1300000000000001
0.38460000000000005,1.21
0.38470000000000004,1.44
0.38480000000000003,1.61
0.3849,1.74
0.385,1.86
0.3851,1.77
0.3852000000000001,1.46
0.3853000000000001,1.2
0.3854000000000001,1.02
0.38550000000000006,0.85
0.38560000000000005,0.8300000000000001
0.38570000000000004,1.02
0.38580000000000003,1.17
0.3859,1.26
0.386,1.34
0.3861,1.48
0.3862,1.8
0.3863000000000001,2.05
0.3864000000000001,2.23
0.38650000000000007,2.41
0.38660000000000005,2.52
0.38670000000000004,2.43
0.38680000000000003,2.37
0.3869,2.33
0.387,2.29
0.3871,2.21
0.3872,1.86
0.3873000000000001,1.61
0.3874000000000001,1.4000000000000001
0.38750000000000007,1.23
0.38760000000000006,1.11
0.38770000000000004,1.01
0.38780000000000003,0.96
0.3879,0.92
0.388,0.88
0.3881,0.8300000000000001
0.3882,1.1
0.3883000000000001,1.29
0.3884000000000001,1.44
0.38850000000000007,1.55
0.38860000000000006,1.6600000000000001
0.38870000000000005,1.93
0.38880000000000003,2.17
0.3889,2.37
0.389,2.5300000000000002
0.3891,2.66
0.3892,2.69
0.3893000000000001,2.71
0.3894000000000001,2.73
0.38950000000000007,2.75
0.38960000000000006,2.74
0.38970000000000005,2.75
0.38980000000000004,2.79
0.3899,2.79
0.39,2.8000000000000003
0.3901,2.81
0.3902,2.35
0.3903000000000001,1.95
0.3904000000000001,1.6
0.39050000000000007,1.32
0.39060000000000006,1.1
0.39070000000000005,1.19
0.39080000000000004,1.31
0.3909,1.41
0.391,1.47
0.3911,1.54
0.3912,1.68
0.3913000000000001,1.8
0.3914000000000001,1.9000000000000001
0.39150000000000007,1.98
0.39160000000000006,2.05
0.39170000000000005,2.17
0.39180000000000004,2.34
0.3919,2.48
0.392,2.58
0.3921,2.67
0.3922,2.7600000000000002
0.3923000000000001,2.85
0.3924000000000001,2.91
0.39250000000000007,2.97
0.39260000000000006,3.0100000000000002
0.39270000000000005,2.77
0.39280000000000004,2.37
0.3929,2.05
0.393,1.82
0.3931,1.59
0.3932,1.69
0.3933000000000001,1.9100000000000001
0.3934000000000001,2.07
0.39350000000000007,2.21
0.39360000000000006,2.32
0.39370000000000005,2.2600000000000002
0.39380000000000004,2.05
0.39390000000000003,1.8800000000000001
0.394,1.75
0.3941,1.6600000000000001
0.3942,1.51
0.3943000000000001,1.35
0.3944000000000001,1.22
0.3945000000000001,1.1400000000000001
0.39460000000000006,1.05
0.39470000000000005,0.97
0.39480000000000004,0.87
0.39490000000000003,0.81
0.395,0.75
0.3951,0.7000000000000001
0.3952,0.8300000000000001
0.3953000000000001,1.23
0.3954000000000001,1.53
0.3955000000000001,1.77
0.39560000000000006,1.97
0.39570000000000005,2.13
0.39580000000000004,2.32
0.39590000000000003,2.48
0.396,2.61
0.3961,2.72
0.3962,2.74
0.3963000000000001,2.54
0.3964000000000001,2.41
0.3965000000000001,2.29
0.39660000000000006,2.19
0.39670000000000005,2.16
0.39680000000000004,2.23
0.39690000000000003,2.29
0.397,2.34
0.3971,2.39
0.3972,2.41
0.3973000000000001,2.5300000000000002
0.3974000000000001,2.57
0.3975000000000001,2.62
0.39760000000000006,2.67
0.39770000000000005,2.7
0.39780000000000004,2.5300000000000002
0.39790000000000003,2.37
0.398,2.2600000000000002
0.3981,2.18
0.3982,2.1
0.3983000000000001,2.2600000000000002
0.3984000000000001,2.38
0.3985000000000001,2.48
0.39860000000000007,2.57
0.39870000000000005,2.61
0.39880000000000004,2.36
0.39890000000000003,2.19
0.399,2.02
0.3991,1.9100000000000001
0.3992,1.82
0.3993,1.59
0.3994000000000001,1.45
0.3995000000000001,1.3
0.39960000000000007,1.16
0.39970000000000006,1.08
0.39980000000000004,1.18
0.39990000000000003,1.29
0.4,1.3800000000000001
0.4001,1.45
0.4002,1.52
0.4003,1.33
0.4004000000000001,1.19
0.4005000000000001,1.09
0.40060000000000007,0.98
0.40070000000000006,0.9
0.40080000000000005,0.91
0.40090000000000003,0.92
0.401,0.9400000000000001
0.4011,0.9500000000000001
0.4012,0.9500000000000001
0.4013,1.2
0.4014000000000001,1.44
0.4015000000000001,1.61
0.40160000000000007,1.77
0.40170000000000006,1.9000000000000001
0.40180000000000005,1.85
0.40190000000000003,1.77
0.402,1.72
0.4021,1.69
0.4022,1.6500000000000001
0.4023,1.47
0.4024000000000001,1.26
0.4025000000000001,1.11
0.40260000000000007,0.99
0.40270000000000006,0.87
0.40280000000000005,0.85
0.40290000000000004,0.88
0.403,0.9
0.4031,0.9400000000000001
0.4032,0.93
0.4033,0.84
0.4034000000000001,0.7000000000000001
0.4035000000000001,0.6
0.40360000000000007,0.5
0.40370000000000006,0.42
0.40380000000000005,0.46
0.40390000000000004,0.58
0.404,0.66
0.4041,0.74
0.4042,0.79
0.4043,0.88
0.4044000000000001,1.0
0.4045000000000001,1.07
0.40460000000000007,1.1400000000000001
0.40470000000000006,1.2
0.40480000000000005,1.36
0.40490000000000004,1.6600000000000001
0.405,1.8900000000000001
0.4051,2.07
0.4052,2.24
0.4053,2.2600000000000002
0.4054000000000001,2.14
0.4055000000000001,2.04
0.40560000000000007,1.98
0.40570000000000006,1.9100000000000001
0.40580000000000005,1.9000000000000001
0.40590000000000004,1.9100000000000001
0.406,1.8900000000000001
0.4061,1.9100000000000001
0.4062,1.9100000000000001
0.4063,1.86
0.4064000000000001,1.67
0.4065000000000001,1.5
0.4066000000000001,1.35
0.40670000000000006,1.26
0.40680000000000005,1.24
0.40690000000000004,1.54
0.40700000000000003,1.77
0.4071,1.92
0.4072,2.06
0.4073,2.15
0.4074000000000001,2.04
0.4075000000000001,1.96
0.4076000000000001,1.93
0.40770000000000006,1.8800000000000001
0.40780000000000005,1.82
0.40790000000000004,1.92
0.40800000000000003,1.95
0.4081,1.98
0.4082,1.98
0.4083,1.99
0.4084000000000001,1.87
0.4085000000000001,1.8
0.4086000000000001,1.74
0.40870000000000006,1.68
0.40880000000000005,1.6500000000000001
0.40890000000000004,1.8
0.40900000000000003,1.8900000000000001
0.4091,1.98
0.4092,2.06
0.4093,2.11
0.4094000000000001,1.7
0.4095000000000001,1.3900000000000001
0.4096000000000001,1.1400000000000001
0.40970000000000006,0.9500000000000001
0.40980000000000005,0.79
0.40990000000000004,0.96
0.41000000000000003,1.1500000000000001
0.4101,1.29
0.4102,1.4000000000000001
0.4103,1.48
0.4104000000000001,1.3
0.4105000000000001,1.1300000000000001
0.4106000000000001,1.01
0.41070000000000007,0.9400000000000001
0.41080000000000005,0.8300000000000001
0.41090000000000004,1.0
0.41100000000000003,1.17
0.4111,1.31
0.4112,1.41
0.4113,1.52
0.4114000000000001,1.78
0.4115000000000001,2.05
0.4116000000000001,2.2600000000000002
0.41170000000000007,2.44
0.41180000000000005,2.57
0.41190000000000004,2.33
0.41200000000000003,1.95
0.4121,1.67
0.4122,1.42
0.4123,1.25
0.4124,1.08
0.4125000000000001,0.9400000000000001
0.4126000000000001,0.81
0.41270000000000007,0.72
0.41280000000000006,0.63
0.41290000000000004,0.87
0.41300000000000003,1.26
0.4131,1.57
0.4132,1.8
0.4133,2.0
0.4134,1.95
0.4135000000000001,1.74
0.4136000000000001,1.59
0.41370000000000007,1.47
0.41380000000000006,1.3800000000000001
0.41390000000000005,1.44
0.41400000000000003,1.6
0.4141,1.72
0.4142,1.83
0.4143,1.93
0.4144,1.77
0.4145000000000001,1.47
0.4146000000000001,1.25
0.41470000000000007,1.06
0.41480000000000006,0.91
0.41490000000000005,0.91
0.41500000000000004,1.11
0.4151,1.27
0.4152,1.4000000000000001
0.4153,1.49
0.4154,1.46
0.4155000000000001,1.22
0.4156000000000001,1.05
0.41570000000000007,0.91
0.41580000000000006,0.79
0.41590000000000005,0.8200000000000001
0.41600000000000004,1.09
0.4161,1.32
0.4162,1.48
0.4163,1.62
0.4164,1.73
0.4165000000000001,1.9100000000000001
0.4166000000000001,2.0300000000000002
0.41670000000000007,2.15
0.41680000000000006,2.23
0.41690000000000005,2.3000000000000003
0.41700000000000004,2.22
0.4171,2.19
0.4172,2.15
0.4173,2.13
0.4174,2.08
0.4175000000000001,1.8
0.4176000000000001,1.59
0.41770000000000007,1.41
0.41780000000000006,1.29
0.41790000000000005,1.16
0.41800000000000004,1.11
0.4181,1.06
0.4182,1.03
0.4183,0.97
0.4184,0.96
0.4185000000000001,0.8300000000000001
0.4186000000000001,0.71
0.41870000000000007,0.66
0.41880000000000006,0.5700000000000001
0.41890000000000005,0.54
0.41900000000000004,0.64
0.41910000000000003,0.75
0.4192,0.8
0.4193,0.84
0.4194,0.87
0.4195000000000001,0.86
0.4196000000000001,0.85
0.4197000000000001,0.84
0.41980000000000006,0.8200000000000001
0.41990000000000005,0.81
0.42000000000000004,1.05
0.42010000000000003,1.27
0.4202,1.41
0.4203,1.56
0.4204,1.67
0.4205000000000001,1.46
0.4206000000000001,1.28
0.4207000000000001,1.1500000000000001
0.42080000000000006,1.04
0.42090000000000005,0.96
0.42100000000000004,1.23
0.42110000000000003,1.57
0.4212,1.81
0.4213,1.99
0.4214,2.15
0.4215000000000001,1.87
0.4216000000000001,1.5
0.4217000000000001,1.26
0.42180000000000006,1.04
0.42190000000000005,0.87
0.42200000000000004,1.04
0.42210000000000003,1.27
0.4222,1.48
0.4223,1.6300000000000001
0.4224,1.76
0.4225000000000001,1.96
0.4226000000000001,2.18
0.4227000000000001,2.38
0.42280000000000006,2.54
0.42290000000000005,2.66
0.42300000000000004,2.45
0.42310000000000003,2.08
0.4232,1.78
0.4233,1.54
0.4234,1.34
0.4235000000000001,1.48
0.4236000000000001,1.81
0.4237000000000001,2.07
0.42380000000000007,2.29
0.42390000000000005,2.44
0.42400000000000004,2.41
0.42410000000000003,2.16
0.4242,2.0
0.4243,1.86
0.4244,1.74
0.4245000000000001,1.79
0.4246000000000001,1.97
0.4247000000000001,2.12
0.42480000000000007,2.21
0.42490000000000006,2.3000000000000003
0.42500000000000004,2.41
0.42510000000000003,2.5500000000000003
0.4252,2.69
0.4253,2.7800000000000002
0.4254,2.87
0.4255,2.74
0.4256000000000001,2.32
0.4257000000000001,1.98
0.42580000000000007,1.7
0.42590000000000006,1.51
0.42600000000000005,1.3900000000000001
0.42610000000000003,1.53
0.4262,1.61
0.4263,1.68
0.4264,1.73
0.4265,1.83
0.4266000000000001,1.98
0.4267000000000001,2.09
0.42680000000000007,2.19
0.42690000000000006,2.2600000000000002
0.42700000000000005,2.2600000000000002
0.42710000000000004,1.85
0.4272,1.56
0.4273,1.3
0.4274,1.12
0.4275,0.99
0.4276000000000001,1.1
0.4277000000000001,1.19
0.42780000000000007,1.25
0.42790000000000006,1.29
0.42800000000000005,1.33
0.42810000000000004,1.23
0.4282,1.1300000000000001
0.4283,1.09
0.4284,1.02
0.4285,0.96
0.4286000000000001,1.41
0.4287000000000001,1.72
0.42880000000000007,1.97
0.42890000000000006,2.17
0.42900000000000005,2.35
0.42910000000000004,2.49
0.4292,2.61
0.4293,2.68
0.4294,2.77
0.4295,2.85
0.4296000000000001,2.84
0.4297000000000001,2.87
0.42980000000000007,2.87
0.42990000000000006,2.87
0.43000000000000005,2.89
0.43010000000000004,2.62
0.4302,2.37
0.4303,2.18
0.4304,2.07
0.4305,1.95
0.4306000000000001,2.1
0.4307000000000001,2.2600000000000002
0.43080000000000007,2.37
0.43090000000000006,2.46
0.43100000000000005,2.57
0.43110000000000004,2.58
0.4312,2.58
0.4313,2.57
0.4314,2.57
0.4315,2.56
0.4316000000000001,2.66
0.4317000000000001,2.77
0.4318000000000001,2.85
0.43190000000000006,2.93
0.43200000000000005,2.99
0.43210000000000004,2.84
0.43220000000000003,2.63
0.4323,2.45
0.4324,2.32
0.4325,2.22
0.4326000000000001,2.07
0.4327000000000001,1.98
0.4328000000000001,1.87
0.43290000000000006,1.8
0.43300000000000005,1.73
0.43310000000000004,1.83
0.43320000000000003,2.0
0.4333,2.13
0.4334,2.24
0.4335,2.32
0.4336000000000001,2.12
0.4337000000000001,1.79
0.4338000000000001,1.54
0.43390000000000006,1.33
0.43400000000000005,1.16
0.43410000000000004,1.05
0.43420000000000003,0.93
0.4343,0.84
0.4344,0.78
0.4345,0.71
0.4346000000000001,0.8200000000000001
0.4347000000000001,1.06
0.4348000000000001,1.23
0.43490000000000006,1.37
0.43500000000000005,1.48
0.43510000000000004,1.6400000000000001
0.43520000000000003,1.93
0.4353,2.15
0.4354,2.3000000000000003
0.4355,2.44
0.4356000000000001,2.49
0.4357000000000001,2.37
0.4358000000000001,2.31
0.43590000000000007,2.2600000000000002
0.43600000000000005,2.22
0.43610000000000004,2.12
0.43620000000000003,1.87
0.4363,1.69
0.4364,1.57
0.4365,1.44
0.4366000000000001,1.4000000000000001
0.4367000000000001,1.54
0.4368000000000001,1.6400000000000001
0.43690000000000007,1.71
0.43700000000000006,1.8
0.43710000000000004,1.81
0.43720000000000003,1.72
0.4373,1.6500000000000001
0.4374,1.62
0.4375,1.56
0.4376000000000001,1.53
0.4377000000000001,1.49
0.4378000000000001,1.48
0.43790000000000007,1.46
0.43800000000000006,1.47
0.43810000000000004,1.43
0.43820000000000003,1.52
0.4383,1.55
0.4384,1.59
0.4385,1.6300000000000001
0.4386,1.6500000000000001
0.4387000000000001,1.62
0.4388000000000001,1.61
0.43890000000000007,1.6
0.43900000000000006,1.59
0.43910000000000005,1.57
0.43920000000000003,1.85
0.4393,2.07
0.4394,2.2800000000000002
0.4395,2.41
0.4396,2.52
0.4397000000000001,2.5300000000000002
0.4398000000000001,2.52
0.43990000000000007,2.5300000000000002
0.44000000000000006,2.5300000000000002
0.44010000000000005,2.52
0.44020000000000004,2.5100000000000002
0.4403,2.52
0.4404,2.5100000000000002
0.4405,2.5
0.4406,2.5
0.4407000000000001,2.31
0.4408000000000001,2.12
0.44090000000000007,1.98
0.44100000000000006,1.8800000000000001
0.44110000000000005,1.78
0.44120000000000004,1.74
0.4413,1.73
0.4414,1.7
0.4415,1.7
0.4416,1.67
0.4417000000000001,1.82
0.4418000000000001,1.93
0.44190000000000007,2.06
0.44200000000000006,2.15
0.44210000000000005,2.22
0.44220000000000004,2.15
0.4423,2.12
0.4424,2.0300000000000002
0.4425,2.0100000000000002
0.4426,1.98
0.4427000000000001,2.09
0.4428000000000001,2.32
0.44290000000000007,2.46
0.44300000000000006,2.61
0.44310000000000005,2.7
0.44320000000000004,2.74
0.4433,2.7
0.4434,2.69
0.4435,2.66
0.4436,2.66
0.4437000000000001,2.39
0.4438000000000001,1.93
0.4439000000000001,1.57
0.44400000000000006,1.28
0.44410000000000005,1.03
0.44420000000000004,1.1300000000000001
0.44430000000000003,1.5
0.4444,1.77
0.4445,1.98
0.4446,2.14
0.4447000000000001,2.12
0.4448000000000001,1.78
0.4449000000000001,1.53
0.44500000000000006,1.34
0.44510000000000005,1.18
0.44520000000000004,1.02
0.44530000000000003,0.88
0.4454,0.75
0.4455,0.68
0.4456,0.58
0.4457000000000001,0.63
0.4458000000000001,0.9400000000000001
0.4459000000000001,1.18
0.44600000000000006,1.3800000000000001
0.44610000000000005,1.53
0.44620000000000004,1.6
0.44630000000000003,1.42
0.4464,1.3
0.4465,1.19
0.4466,1.12
0.4467000000000001,1.1300000000000001
0.4468000000000001,1.5
0.4469000000000001,1.71
0.44700000000000006,1.94
0.44710000000000005,2.07
0.44720000000000004,2.17
0.44730000000000003,2.08
0.4474,1.98
0.4475,1.95
0.4476,1.9000000000000001
0.4477000000000001,1.87
0.4478000000000001,2.0100000000000002
0.4479000000000001,2.12
0.44800000000000006,2.18
0.44810000000000005,2.27
0.44820000000000004,2.32
0.44830000000000003,2.07
0.4484,1.9100000000000001
0.4485,1.77
0.4486,1.68
0.4487000000000001,1.6
0.4488000000000001,1.8800000000000001
0.4489000000000001,2.11
0.44900000000000007,2.2600000000000002
0.44910000000000005,2.38
0.44920000000000004,2.52
0.44930000000000003,2.11
0.4494,1.75
0.4495,1.49
0.4496,1.27
0.4497000000000001,1.1
0.4498000000000001,1.03
0.4499000000000001,1.0
0.45000000000000007,0.96
0.45010000000000006,0.9400000000000001
0.45020000000000004,0.91
0.45030000000000003,1.09
0.4504,1.25
0.4505,1.37
0.4506,1.47
0.4507000000000001,1.55
0.4508000000000001,1.34
0.4509000000000001,1.1
0.45100000000000007,0.92
0.45110000000000006,0.75
0.45120000000000005,0.64
0.45130000000000003,0.89
0.4514,1.18
0.4515,1.4000000000000001
0.4516,1.57
0.4517,1.68
0.4518000000000001,1.6
0.4519000000000001,1.47
0.45200000000000007,1.37
0.45210000000000006,1.29
0.45220000000000005,1.22
0.45230000000000004,1.3900000000000001
0.4524,1.6300000000000001
0.4525,1.82
0.4526,1.96
0.4527,2.08
0.4528000000000001,2.0300000000000002
0.4529000000000001,2.0100000000000002
0.45300000000000007,1.96
0.45310000000000006,1.92
0.45320000000000005,1.9000000000000001
0.45330000000000004,1.8800000000000001
0.4534,1.8800000000000001
0.4535,1.8800000000000001
0.4536,1.86
0.4537,1.86
0.4538000000000001,1.76
0.4539000000000001,1.56
0.45400000000000007,1.41
0.45410000000000006,1.28
0.45420000000000005,1.18
0.45430000000000004,1.09
0.4544,1.01
0.4545,0.9400000000000001
0.4546,0.9
0.4547,0.87
0.4548000000000001,0.77
0.4549000000000001,0.68
0.45500000000000007,0.5700000000000001
0.45510000000000006,0.49
0.45520000000000005,0.43
0.45530000000000004,0.46
0.4554,0.6
0.4555,0.67
0.4556,0.75
0.4557,0.84
0.4558000000000001,0.89
0.4559000000000001,0.9500000000000001
0.45600000000000007,1.02
0.45610000000000006,1.08
0.45620000000000005,1.1
0.45630000000000004,1.12
0.45640000000000003,1.05
0.4565,0.99
0.4566,0.9500000000000001
0.4567,0.91
0.4568000000000001,0.89
0.4569000000000001,0.73
0.4570000000000001,0.61
0.45710000000000006,0.54
0.45720000000000005,0.46
0.45730000000000004,0.48
0.45740000000000003,0.85
0.4575,1.1500000000000001
0.4576,1.3900000000000001
0.4577,1.56
0.4578000000000001,1.73
0.4579000000000001,1.5
0.4580000000000001,1.41
0.45810000000000006,1.31
0.45820000000000005,1.22
0.45830000000000004,1.19
0.45840000000000003,1.46
0.4585,1.6500000000000001
0.4586,1.82
0.4587,1.95
0.4588000000000001,2.05
0.4589000000000001,1.71
0.4590000000000001,1.45
0.45910000000000006,1.24
0.45920000000000005,1.08
0.45930000000000004,0.9500000000000001
0.45940000000000003,0.87
0.4595,0.81
0.4596,0.78
0.4597,0.74
0.4598000000000001,0.7000000000000001
0.4599000000000001,0.9
0.4600000000000001,1.12
0.46010000000000006,1.27
0.46020000000000005,1.3900000000000001
0.46030000000000004,1.49
0.46040000000000003,1.32
0.4605,1.11
0.4606,0.96
0.4607,0.84
0.4608000000000001,0.77
0.4609000000000001,0.9500000000000001
0.4610000000000001,1.17
0.46110000000000007,1.34
0.46120000000000005,1.45
0.46130000000000004,1.59
0.46140000000000003,1.75
0.4615,1.8900000000000001
0.4616,1.99
0.4617,2.11
0.4618000000000001,2.16
0.4619000000000001,1.97
0.4620000000000001,1.73
0.46210000000000007,1.52
0.46220000000000006,1.37
0.46230000000000004,1.24
0.46240000000000003,1.19
0.4625,1.1500000000000001
0.4626,1.1
0.4627,1.09
0.4628000000000001,1.06
0.4629000000000001,1.1500000000000001
0.4630000000000001,1.33
0.46310000000000007,1.47
0.46320000000000006,1.56
0.46330000000000005,1.6400000000000001
0.46340000000000003,1.57
0.4635,1.3800000000000001
0.4636,1.23
0.4637,1.11
0.4638000000000001,1.02
0.4639000000000001,0.91
0.4640000000000001,0.75
0.46410000000000007,0.64
0.46420000000000006,0.54
0.46430000000000005,0.46
0.46440000000000003,0.52
0.4645,0.71
0.4646,0.84
0.4647,0.9500000000000001
0.4648,1.04
0.4649000000000001,1.09
0.4650000000000001,1.1500000000000001
0.46510000000000007,1.21
0.46520000000000006,1.23
0.46530000000000005,1.26
0.46540000000000004,1.3800000000000001
0.4655,1.59
0.4656,1.76
0.4657,1.9100000000000001
0.4658,2.0100000000000002
0.4659000000000001,1.99
0.4660000000000001,1.76
0.46610000000000007,1.58
0.46620000000000006,1.44
0.46630000000000005,1.32
0.46640000000000004,1.24
0.4665,1.16
0.4666,1.09
0.4667,1.05
0.4668,1.02
0.4669000000000001,0.97
0.4670000000000001,1.04
0.46710000000000007,1.07
0.46720000000000006,1.1
0.46730000000000005,1.12
0.46740000000000004,1.1400000000000001
0.4675,1.24
0.4676,1.31
0.4677,1.36
0.4678,1.3800000000000001
0.4679000000000001,1.43
0.4680000000000001,1.52
0.46810000000000007,1.59
0.46820000000000006,1.68
0.46830000000000005,1.71
0.46840000000000004,1.75
0.4685,1.52
0.4686,1.34
0.4687,1.21
0.4688,1.1
0.4689000000000001,0.99
0.4690000000000001,1.1400000000000001
0.4691000000000001,1.26
0.46920000000000006,1.33
0.46930000000000005,1.4000000000000001
0.46940000000000004,1.46
0.46950000000000003,1.77
0.4696,2.02
0.4697,2.22
0.4698,2.37
0.4699000000000001,2.52
0.4700000000000001,2.34
0.4701000000000001,2.17
0.47020000000000006,2.04
0.47030000000000005,1.95
0.47040000000000004,1.87
0.47050000000000003,1.8
0.4706,1.74
0.4707,1.69
0.4708,1.6400000000000001
0.4709000000000001,1.62
0.4710000000000001,1.47
0.4711000000000001,1.3
0.47120000000000006,1.19
0.47130000000000005,1.08
0.47140000000000004,1.01
0.47150000000000003,1.03
0.4716,1.09
0.4717,1.1300000000000001
0.4718,1.1500000000000001
0.4719000000000001,1.18
0.4720000000000001,1.1
0.4721000000000001,0.9500000000000001
0.47220000000000006,0.84
0.47230000000000005,0.75
0.47240000000000004,0.68
0.47250000000000003,0.68
0.4726,0.71
0.4727,0.74
0.4728,0.75
0.4729000000000001,0.76
0.4730000000000001,1.0
0.4731000000000001,1.33
0.47320000000000007,1.57
0.47330000000000005,1.75
0.47340000000000004,1.93
0.47350000000000003,1.8
0.4736,1.62
0.4737,1.47
0.4738,1.35
0.4739000000000001,1.25
0.4740000000000001,1.16
0.4741000000000001,1.06
0.47420000000000007,0.96
0.47430000000000005,0.91
0.47440000000000004,0.86
0.47450000000000003,0.99
0.4746,1.27
0.4747,1.44
0.4748,1.59
0.4749000000000001,1.74
0.4750000000000001,1.74
0.4751000000000001,1.59
0.47520000000000007,1.47
0.47530000000000006,1.37
0.47540000000000004,1.3
0.47550000000000003,1.17
0.4756,0.9400000000000001
0.4757,0.77
0.4758,0.65
0.4759000000000001,0.54
0.4760000000000001,0.53
0.4761000000000001,0.75
0.47620000000000007,0.93
0.47630000000000006,1.06
0.47640000000000005,1.17
0.47650000000000003,1.24
0.4766,1.25
0.4767,1.24
0.4768,1.22
0.4769000000000001,1.24
0.4770000000000001,1.22
0.4771000000000001,1.1
0.47720000000000007,1.02
0.47730000000000006,0.96
0.47740000000000005,0.91
0.47750000000000004,0.86
0.4776,0.8200000000000001
0.4777,0.79
0.4778,0.77
0.4779,0.77
0.4780000000000001,0.75
0.4781000000000001,0.9500000000000001
0.47820000000000007,1.1
0.47830000000000006,1.22
0.47840000000000005,1.32
0.47850000000000004,1.3900000000000001
0.4786,1.44
0.4787,1.44
0.4788,1.44
0.4789,1.46
0.4790000000000001,1.44
0.4791000000000001,1.2
0.47920000000000007,0.98
0.47930000000000006,0.8200000000000001
0.47940000000000005,0.68
0.47950000000000004,0.5700000000000001
0.4796,1.05
0.4797,1.47
0.4798,1.77
0.4799,2.0
0.4800000000000001,2.23
0.4801000000000001,1.95
0.48020000000000007,1.67
0.48030000000000006,1.46
0.48040000000000005,1.28
0.48050000000000004,1.1400000000000001
0.4806,1.43
0.4807,1.7
0.4808,1.9000000000000001
0.4809,2.06
0.4810000000000001,2.2
0.4811000000000001,2.15
0.48120000000000007,2.07
0.48130000000000006,2.02
0.48140000000000005,1.99
0.48150000000000004,1.95
0.48160000000000003,1.72
0.4817,1.5
0.4818,1.31
0.4819,1.17
0.4820000000000001,1.06
0.4821000000000001,1.29
0.4822000000000001,1.6400000000000001
0.48230000000000006,1.8800000000000001
0.48240000000000005,2.09
0.48250000000000004,2.2600000000000002
0.48260000000000003,1.99
0.4827,1.6
0.4828,1.32
0.4829,1.09
0.4830000000000001,0.9
0.4831000000000001,0.8300000000000001
0.4832000000000001,0.88
0.48330000000000006,0.89
0.48340000000000005,0.91
0.48350000000000004,0.91
0.48360000000000003,0.99
0.4837,1.1300000000000001
0.4838,1.22
0.4839,1.31
0.4840000000000001,1.37
0.4841000000000001,1.33
0.4842000000000001,1.19
0.48430000000000006,1.09
0.48440000000000005,1.02
0.48450000000000004,0.9500000000000001
0.48460000000000003,1.12
0.4847,1.51
0.4848,1.78
0.4849,2.0300000000000002
0.4850000000000001,2.21
0.4851000000000001,2.15
0.4852000000000001,1.74
0.48530000000000006,1.46
0.48540000000000005,1.23
0.48550000000000004,1.03
0.48560000000000003,1.06
0.4857,1.33
0.4858,1.55
0.4859,1.71
0.4860000000000001,1.83
0.4861000000000001,1.95
0.4862000000000001,2.02
0.48630000000000007,2.08
0.48640000000000005,2.14
0.48650000000000004,2.18
0.48660000000000003,2.22
0.4867,2.27
0.4868,2.31
0.4869,2.35
0.4870000000000001,2.37
0.4871000000000001,2.37
0.4872000000000001,2.25
0.48730000000000007,2.16
0.48740000000000006,2.08
0.48750000000000004,2.04
0.48760000000000003,1.98
0.4877,2.24
0.4878,2.41
0.4879,2.5300000000000002
0.4880000000000001,2.65
0.4881000000000001,2.72
0.4882000000000001,2.8000000000000003
0.48830000000000007,2.81
0.48840000000000006,2.85
0.48850000000000005,2.88
0.48860000000000003,2.91
0.4887,2.46
0.4888,2.11
0.4889,1.84
0.4890000000000001,1.59
0.4891000000000001,1.42
0.4892000000000001,1.32
0.48930000000000007,1.24
0.48940000000000006,1.17
0.48950000000000005,1.12
0.48960000000000004,1.07
0.4897,1.3
0.4898,1.51
0.4899,1.68
0.4900000000000001,1.8
0.4901000000000001,1.9100000000000001
0.4902000000000001,1.61
0.49030000000000007,1.29
0.49040000000000006,1.06
0.49050000000000005,0.88
0.49060000000000004,0.74
0.4907,0.66
0.4908,0.62
0.4909,0.5700000000000001
0.491,0.56
0.4911000000000001,0.53
0.4912000000000001,0.58
0.49130000000000007,0.65
0.49140000000000006,0.65
0.49150000000000005,0.68
0.49160000000000004,0.71
0.4917,0.81
0.4918,0.93
0.4919,1.02
0.492,1.1
0.4921000000000001,1.1500000000000001
0.4922000000000001,1.11
0.49230000000000007,1.06
0.49240000000000006,1.02
0.49250000000000005,0.98
0.49260000000000004,0.96
0.4927,1.08
0.4928,1.3
0.4929,1.46
0.493,1.6
0.4931000000000001,1.68
0.4932000000000001,1.73
0.49330000000000007,1.72
0.49340000000000006,1.73
0.49350000000000005,1.74
0.49360000000000004,1.73
0.4937,1.61
0.4938,1.4000000000000001
0.4939,1.23
0.494,1.1
0.4941000000000001,0.98
0.4942000000000001,0.91
0.4943000000000001,0.89
0.49440000000000006,0.85
0.49450000000000005,0.8300000000000001
0.49460000000000004,0.81
0.49470000000000003,0.8200000000000001
0.4948,0.85
0.4949,0.89
0.495,0.92
0.4951000000000001,0.93
0.4952000000000001,1.11
0.4953000000000001,1.53
0.49540000000000006,1.85
0.49550000000000005,2.11
0.49560000000000004,2.32
0.49570000000000003,2.46
0.4958,2.5100000000000002
0.4959,2.56
0.496,2.6
0.4961000000000001,2.62
0.4962000000000001,2.5500000000000003
0.4963000000000001,2.22
0.49640000000000006,2.02
0.49650000000000005,1.84
0.49660000000000004,1.6600000000000001
0.49670000000000003,1.61
0.4968,1.78
0.4969,1.9000000000000001
0.497,2.02
0.4971000000000001,2.1
0.4972000000000001,2.11
0.4973000000000001,1.87
0.49740000000000006,1.7
0.49750000000000005,1.53
0.49760000000000004,1.42
0.49770000000000003,1.34
0.4978,1.58
0.4979,1.76
0.498,1.8900000000000001
0.4981000000000001,2.0
0.4982000000000001,2.05
0.4983000000000001,2.3000000000000003
0.49840000000000007,2.49
0.49850000000000005,2.61
0.49860000000000004,2.72
0.49870000000000003,2.8000000000000003
0.4988,2.85
0.4989,2.87
0.499,2.89
0.4991000000000001,2.93
0.4992000000000001,2.93
0.4993000000000001,2.42
0.49940000000000007,2.02
0.49950000000000006,1.69
0.49960000000000004,1.45
0.49970000000000003,1.22
0.4998,1.18
0.4999,1.1400000000000001
